PRESS OH H2 H2O H O CH C CH2 CH3 CH4 C2 C2H2 C2H C2H3 C2H4 C2H5 C2H6 CO CO2 CH2OH H2CO HCO CH3O CH3OH CH3CO O2 H2CCO HCCO CH3O2 HO2 CH3OOH N NH CN HCN NH2 N2 NH3 NO N2H2 N2H N2H3 N2H4 HNO H2CN HNCO NO2 N2O C4H2 CH2NH2 CH2NH CH3NH2 CH3CHO O3 NO3 HNO3 HNO2 NCO N2O5 S SH S2 SO H2S CS COS CS2 NS HS2 SO2 S4 S8 HCS S3 H2O2 SO3 HSO3 HSO H2SO4 HC3N CH3CN CH2CN C2H3CN CH3SH CH3S C3H3 C3H2 C3H4 C6H5 C6H6 C4H3 C4H5 S2O O_1 CH2_1 N_2D He H2O_l_s H2SO4_l Ar
1.000000e+00 2.652311e-13 7.992626e-08 8.893120e-03 1.081322e-20 4.366707e-17 1.685080e-42 7.878642e-32 1.607326e-25 4.564105e-15 2.875271e-07 3.760591e-28 6.675192e-25 2.549637e-33 2.734436e-28 1.197744e-11 1.054973e-16 3.076138e-14 5.658373e-08 3.979025e-04 4.721855e-26 1.322299e-10 3.911298e-22 9.723065e-19 2.421551e-13 1.273967e-20 1.989255e-01 1.984316e-22 1.000804e-21 3.239875e-12 1.309612e-11 2.305567e-10 9.084412e-28 1.357080e-23 8.696958e-29 6.874397e-11 5.545910e-14 7.824121e-01 4.718706e-09 1.559429e-11 6.487462e-14 5.525699e-23 4.330933e-14 1.107615e-09 4.900833e-17 1.191106e-22 2.270562e-14 6.431700e-11 1.839306e-06 1.347870e-30 1.624973e-15 6.879125e-13 1.746349e-08 9.006528e-19 1.605196e-08 9.273714e-15 4.364401e-10 1.142836e-13 1.774048e-20 4.333479e-16 9.552315e-27 6.429780e-16 8.816663e-15 1.346364e-17 4.127434e-14 3.673186e-28 1.958246e-10 4.248179e-21 3.154337e-25 2.030624e-17 1.543967e-10 2.250098e-18 3.140191e-16 4.420372e-33 1.127582e-18 6.952969e-10 3.607882e-17 5.451097e-22 5.519085e-10 2.292006e-10 2.335682e-19 2.631508e-11 2.002431e-11 1.667526e-19 7.362025e-17 1.334102e-23 0.000000e+00 1.041337e-27 8.724138e-23 1.449227e-29 5.503471e-20 2.223190e-28 4.381858e-32 7.730974e-34 5.777442e-22 2.890803e-26 6.853688e-44 0.000000e+00 0.000000e+00 6.577724e-18 9.369161e-03
8.682540e-01 2.930622e-13 8.016476e-08 6.516537e-03 1.031214e-20 5.415260e-17 2.257315e-42 1.298684e-41 1.825075e-25 4.782534e-15 2.821484e-07 0.000000e+00 1.195245e-25 0.000000e+00 2.343269e-28 1.200460e-11 1.061949e-16 3.176759e-14 4.521330e-08 4.005198e-04 4.772345e-26 1.008565e-10 3.441180e-22 1.014871e-18 2.678331e-13 1.497121e-20 1.994021e-01 1.989074e-22 1.003212e-21 3.878249e-12 1.280137e-11 2.378680e-10 9.337810e-31 1.318642e-23 6.402725e-29 7.098038e-11 4.621464e-14 7.842869e-01 3.479305e-09 1.213518e-11 5.097667e-14 4.614655e-23 3.684993e-14 1.109729e-09 4.711306e-17 1.254349e-22 2.251065e-14 3.853315e-11 1.843280e-06 1.350929e-30 9.319629e-16 6.895631e-13 1.750534e-08 8.755287e-19 1.638135e-08 1.120271e-14 1.405263e-09 7.685037e-14 2.294757e-20 7.118267e-16 1.805353e-26 8.954916e-16 8.696519e-15 3.130351e-17 5.860971e-15 4.184672e-28 1.946898e-10 4.264951e-21 3.275469e-25 2.097930e-17 6.197120e-11 1.846108e-18 3.147695e-16 4.342285e-33 1.116077e-18 6.155209e-10 2.981494e-17 2.512204e-22 5.432064e-10 3.370101e-10 2.341279e-19 2.457979e-11 1.979394e-11 1.671513e-19 9.203542e-17 2.896240e-23 0.000000e+00 1.043843e-27 8.745121e-23 1.991948e-28 5.516653e-20 2.228521e-28 4.391220e-32 7.719678e-34 7.702147e-22 4.478349e-26 3.958140e-44 0.000000e+00 1.905640e-05 7.526174e-16 9.391611e-03
7.538651e-01 3.902803e-13 8.032732e-08 5.197510e-03 1.177694e-20 7.226724e-17 5.524529e-42 1.477166e-52 2.982713e-25 5.975951e-15 2.770470e-07 0.000000e+00 0.000000e+00 0.000000e+00 2.465048e-28 1.201702e-11 1.166986e-16 3.355834e-14 3.564350e-08 4.010681e-04 6.753793e-26 8.829436e-11 3.992968e-22 1.388400e-18 3.282913e-13 2.005233e-20 1.996669e-01 1.991720e-22 1.004563e-21 3.799242e-12 1.216973e-11 1.863484e-10 1.994446e-30 1.639177e-23 4.888909e-29 7.319946e-11 4.103041e-14 7.853282e-01 2.519839e-09 1.516778e-11 3.528315e-14 6.379131e-23 3.120555e-14 1.110239e-09 4.534798e-17 1.429361e-22 2.214568e-14 3.778019e-11 1.845195e-06 1.352474e-30 4.771934e-16 6.904835e-13 1.752859e-08 9.612334e-19 1.763457e-08 1.719781e-14 2.104308e-09 9.979243e-14 2.344810e-20 2.282322e-15 3.237055e-26 1.237292e-15 8.314606e-15 5.650805e-17 7.796301e-15 5.269510e-28 1.934181e-10 4.285093e-21 3.466038e-25 1.808054e-17 2.278990e-11 1.417463e-18 3.151843e-16 4.399723e-33 1.090507e-18 4.678836e-10 1.994643e-17 1.273661e-22 5.321673e-10 3.978235e-10 2.344386e-19 2.297381e-11 1.932900e-11 1.673718e-19 1.159502e-16 7.491666e-23 0.000000e+00 1.045251e-27 8.756880e-23 2.190415e-27 5.523965e-20 2.231488e-28 4.395941e-32 7.693519e-34 1.044912e-21 9.176537e-26 3.594494e-44 0.000000e+00 9.476087e-06 3.780142e-14 9.404079e-03
6.545464e-01 5.072151e-13 8.048686e-08 4.022940e-03 1.323892e-20 9.824458e-17 2.099280e-41 1.425101e-54 4.635370e-25 7.273798e-15 2.728332e-07 0.000000e+00 0.000000e+00 0.000000e+00 2.560042e-28 1.202460e-11 1.263198e-16 3.558337e-14 2.819042e-08 4.015552e-04 1.000445e-25 7.735917e-11 4.519522e-22 1.776379e-18 4.023593e-13 2.571580e-20 1.999026e-01 1.994082e-22 1.005780e-21 3.378849e-12 1.114651e-11 1.263169e-10 3.833233e-30 1.900826e-23 3.687907e-29 7.532559e-11 3.487060e-14 7.862554e-01 1.832215e-09 1.957769e-11 2.358527e-14 8.639919e-23 2.551617e-14 1.110261e-09 4.405173e-17 1.638453e-22 2.163462e-14 3.881031e-11 1.846760e-06 1.353780e-30 2.424242e-16 6.913064e-13 1.754926e-08 1.101976e-18 1.932131e-08 2.353017e-14 2.583273e-09 1.339514e-13 2.130525e-20 6.560488e-15 5.582471e-26 1.695313e-15 7.857665e-15 9.536574e-17 1.060653e-14 6.782912e-28 1.922967e-10 4.312899e-21 3.701591e-25 1.587527e-17 8.134827e-12 1.062057e-18 3.155529e-16 4.524863e-33 1.056323e-18 3.266344e-10 1.320435e-17 6.096613e-23 5.197528e-10 4.332259e-10 2.347153e-19 2.162374e-11 1.868469e-11 1.675676e-19 1.446196e-16 1.848574e-22 0.000000e+00 1.046518e-27 8.767463e-23 1.747912e-26 5.530468e-20 2.234135e-28 4.400076e-32 7.664001e-34 1.412833e-21 1.842565e-25 3.052185e-44 0.000000e+00 8.108862e-06 9.091876e-13 9.415182e-03
5.683125e-01 6.294811e-13 8.064583e-08 3.018248e-03 1.434915e-20 1.311663e-16 4.364311e-40 2.127844e-54 6.456040e-25 8.321045e-15 2.695646e-07 0.000000e+00 0.000000e+00 0.000000e+00 2.506260e-28 1.202586e-11 1.303151e-16 3.710835e-14 2.258743e-08 4.019709e-04 1.397312e-25 6.627610e-11 4.801420e-22 2.129927e-18 4.699374e-13 3.224037e-20 2.001043e-01 1.996106e-22 1.006836e-21 2.734797e-12 9.638229e-12 7.656269e-11 6.666023e-30 2.057627e-23 2.644667e-29 7.729168e-11 2.884940e-14 7.870486e-01 1.358966e-09 2.583195e-11 1.580710e-14 1.182833e-22 2.015307e-14 1.109835e-09 4.368723e-17 1.822869e-22 2.096120e-14 4.020590e-11 1.847933e-06 1.354827e-30 1.238084e-16 6.920143e-13 1.756691e-08 1.225959e-18 2.099445e-08 2.906111e-14 2.896504e-09 1.782050e-13 1.737481e-20 1.803091e-14 9.356005e-26 2.309794e-15 7.472061e-15 1.574325e-16 1.426613e-14 8.546465e-28 1.913559e-10 4.348712e-21 3.966864e-25 1.433907e-17 3.094322e-12 8.116843e-19 3.158674e-16 4.581312e-33 1.018180e-18 2.114031e-10 8.177214e-18 2.976785e-23 5.060605e-10 4.479756e-10 2.349519e-19 2.054974e-11 1.790512e-11 1.677346e-19 1.763673e-16 4.395514e-22 4.901771e-22 1.047619e-27 8.776764e-23 1.042244e-25 5.536016e-20 2.236405e-28 4.403502e-32 7.631897e-34 1.859673e-21 3.420765e-25 2.216677e-44 0.000000e+00 6.822292e-06 1.084479e-11 9.424678e-03
4.934396e-01 7.369097e-13 8.080586e-08 2.167686e-03 1.497898e-20 1.702598e-16 1.608406e-38 4.130249e-54 7.930228e-25 8.907788e-15 2.671985e-07 9.726626e-52 6.390125e-27 1.333191e-34 2.303329e-28 1.202009e-11 1.274787e-16 3.756149e-14 1.849698e-08 4.023219e-04 1.747640e-25 5.565101e-11 4.758126e-22 2.387523e-18 5.128463e-13 3.905895e-20 2.002750e-01 1.997826e-22 1.007748e-21 1.975027e-12 7.653643e-12 4.078505e-11 1.022162e-29 2.070597e-23 1.811541e-29 7.905581e-11 2.346005e-14 7.877200e-01 1.044573e-09 3.561219e-11 1.081307e-14 1.674847e-22 1.554154e-14 1.109017e-09 4.513173e-17 1.964193e-22 2.011908e-14 4.224120e-11 1.848739e-06 1.355645e-30 6.551722e-17 6.926183e-13 1.758180e-08 1.282208e-18 2.227043e-08 3.260662e-14 3.092574e-09 2.366025e-13 1.252975e-20 4.616361e-14 1.534171e-25 3.130242e-15 7.267653e-15 2.576503e-16 1.886197e-14 1.046618e-27 1.906044e-10 4.393229e-21 4.246492e-25 1.359211e-17 1.565087e-12 6.515706e-19 3.161331e-16 4.450205e-33 9.802761e-19 1.237436e-10 4.792661e-18 1.823817e-23 4.911732e-10 4.151036e-10 2.351521e-19 1.974363e-11 1.704221e-11 1.678757e-19 2.113750e-16 9.835797e-22 1.606367e-23 1.048570e-27 8.784400e-23 4.755557e-25 5.540672e-20 2.238333e-28 4.406052e-32 7.597672e-34 2.357330e-21 5.851103e-25 1.385620e-44 0.000000e+00 5.734415e-06 6.232081e-11 9.432717e-03
4.284310e-01 8.060157e-13 8.095879e-08 1.483555e-03 1.484668e-20 2.090415e-16 5.184881e-37 6.144492e-53 8.135800e-25 8.559289e-15 2.656302e-07 9.544095e-51 1.577955e-26 2.274280e-33 1.894628e-28 1.200683e-11 1.166201e-16 3.668151e-14 1.561639e-08 4.026037e-04 1.875258e-25 4.474657e-11 4.270260e-22 2.476718e-18 5.111438e-13 4.766522e-20 2.004123e-01 1.999217e-22 1.008503e-21 1.197761e-12 5.243020e-12 1.800035e-11 1.418567e-29 1.924935e-23 1.083915e-29 8.057943e-11 1.863502e-14 7.882601e-01 8.454175e-10 5.302770e-11 7.554672e-15 2.619160e-22 1.171520e-14 1.107810e-09 4.934446e-17 2.062733e-22 1.912731e-14 4.520982e-11 1.849154e-06 1.356225e-30 3.457280e-17 6.931100e-13 1.759374e-08 1.224775e-18 2.278922e-08 3.348699e-14 3.208179e-09 3.200497e-13 7.345344e-21 1.228378e-13 2.476888e-25 4.239693e-15 7.305841e-15 4.261321e-16 2.420552e-14 1.199358e-27 1.900294e-10 4.446916e-21 4.507246e-25 1.330824e-17 1.366618e-12 5.686360e-19 3.163461e-16 4.028169e-33 9.460846e-19 6.240136e-11 2.449273e-18 1.819466e-23 4.752885e-10 3.094406e-10 2.353131e-19 1.918317e-11 1.615539e-11 1.679887e-19 2.427489e-16 2.157603e-21 1.084662e-23 1.049360e-27 8.790654e-23 1.708490e-24 5.544312e-20 2.239893e-28 4.406869e-32 7.561606e-34 2.836618e-21 8.771733e-25 6.589732e-45 0.000000e+00 4.575857e-06 1.816060e-10 9.439183e-03
3.719869e-01 8.025711e-13 8.108957e-08 9.865676e-04 1.395438e-20 2.468334e-16 1.372519e-35 1.771082e-51 6.938262e-25 7.510652e-15 2.646894e-07 2.001715e-51 6.162175e-27 9.020674e-34 1.427834e-28 1.198617e-11 1.029450e-16 3.496023e-14 1.370412e-08 4.028081e-04 1.671009e-25 3.461223e-11 3.431630e-22 2.323455e-18 4.627554e-13 5.462412e-20 2.005121e-01 2.000238e-22 1.009081e-21 5.972565e-13 2.946352e-12 6.561869e-12 1.511003e-29 1.520024e-23 6.031553e-30 8.184555e-11 1.375556e-14 7.886524e-01 7.275968e-10 8.702566e-11 5.443050e-15 4.182294e-22 8.707858e-15 1.106196e-09 5.903753e-17 2.178467e-22 1.803646e-14 5.073782e-11 1.849136e-06 1.356541e-30 1.873199e-17 6.934753e-13 1.760237e-08 1.089560e-18 2.231746e-08 3.017903e-14 3.267520e-09 4.380204e-13 3.628305e-21 2.541202e-13 3.942471e-25 5.712632e-15 7.639903e-15 6.971077e-16 2.944004e-14 1.327785e-27 1.895959e-10 4.510193e-21 4.688542e-25 1.430345e-17 1.912623e-12 5.366333e-19 3.164998e-16 3.347174e-33 9.175761e-19 2.685502e-11 2.215570e-18 2.642768e-23 4.587040e-10 2.058066e-10 2.354299e-19 1.882942e-11 1.529809e-11 1.680703e-19 2.755268e-16 4.234536e-21 1.589817e-22 1.049965e-27 8.795387e-23 4.922947e-24 5.546707e-20 2.241037e-28 4.406291e-32 7.523747e-34 3.240073e-21 1.124998e-24 2.444085e-45 0.000000e+00 3.287526e-06 2.950670e-10 9.443879e-03
3.229791e-01 6.598771e-13 8.119325e-08 6.202035e-04 1.099049e-20 2.699466e-16 2.948913e-34 3.877404e-50 3.687599e-25 5.016079e-15 2.641767e-07 0.000000e+00 1.581448e-27 0.000000e+00 8.157661e-29 1.195798e-11 8.602118e-17 3.294833e-14 1.248338e-08 4.029586e-04 1.080319e-25 2.329189e-11 2.103499e-22 1.763550e-18 3.681407e-13 5.860129e-20 2.005856e-01 2.001003e-22 1.009542e-21 1.969570e-13 1.106781e-12 2.000894e-12 9.385239e-30 7.731587e-24 2.372301e-30 8.290917e-11 7.559780e-15 7.889417e-01 6.621408e-10 1.675097e-10 4.164087e-15 6.389415e-22 6.266099e-15 1.104118e-09 8.146455e-17 2.333675e-22 1.686804e-14 6.165180e-11 1.848735e-06 1.356654e-30 8.403909e-18 6.937547e-13 1.760868e-08 8.834564e-19 2.087634e-08 2.148108e-14 3.270943e-09 5.841285e-13 1.143553e-21 3.871504e-13 6.220162e-25 7.726819e-15 8.260191e-15 1.121521e-15 3.265290e-14 1.334956e-27 1.892511e-10 4.587366e-21 4.725742e-25 1.739641e-17 3.327497e-12 5.593015e-19 3.166120e-16 2.418061e-33 8.943639e-19 1.015902e-11 3.836014e-18 4.017968e-23 4.410262e-10 1.384781e-10 2.355159e-19 1.862491e-11 1.447919e-11 1.681299e-19 2.889292e-16 7.602040e-21 1.473693e-21 1.050450e-27 8.798945e-23 1.215665e-23 5.547966e-20 2.241896e-28 4.404129e-32 7.482489e-34 3.472441e-21 9.511641e-25 3.759937e-46 0.000000e+00 2.267521e-06 3.696893e-10 9.447341e-03
2.804279e-01 4.549148e-13 8.125966e-08 3.810749e-04 7.549477e-21 2.891750e-16 5.009385e-33 6.062245e-49 1.380755e-25 2.815967e-15 2.638886e-07 0.000000e+00 1.207183e-26 1.302103e-45 3.926703e-29 1.192122e-11 7.189770e-17 3.146120e-14 1.173934e-08 4.030570e-04 5.642226e-26 1.385791e-11 1.054082e-22 1.117685e-18 2.813975e-13 5.410861e-20 2.006336e-01 2.001521e-22 1.009896e-21 5.161664e-14 3.230494e-13 6.810477e-13 3.273852e-30 2.672430e-24 7.864646e-31 8.381131e-11 2.978342e-15 7.891304e-01 6.272995e-10 3.385423e-10 3.960823e-15 7.334415e-22 4.919488e-15 1.101423e-09 1.304857e-16 2.512984e-22 1.569375e-14 7.910634e-11 1.847889e-06 1.356554e-30 3.299843e-18 6.939525e-13 1.761274e-08 6.954709e-19 1.888914e-08 1.168585e-14 3.200950e-09 6.884736e-13 2.867015e-22 3.414510e-13 9.671952e-25 1.034789e-14 9.056686e-15 1.678514e-15 3.408944e-14 1.323747e-27 1.889275e-10 4.684183e-21 4.624853e-25 2.493953e-17 5.944268e-12 5.986899e-19 3.166836e-16 1.556172e-33 8.751377e-19 4.056992e-12 7.509413e-18 5.247927e-23 4.220599e-10 1.009277e-10 2.355718e-19 1.851176e-11 1.371570e-11 1.681680e-19 2.971227e-16 1.120192e-20 0.000000e+00 1.050824e-27 8.801040e-23 2.634851e-23 5.547808e-20 2.242479e-28 4.405324e-32 7.435510e-34 3.580838e-21 5.795704e-25 3.318314e-47 0.000000e+00 1.308887e-06 4.124951e-10 9.449599e-03
2.434827e-01 2.831465e-13 8.129828e-08 2.081810e-04 4.693472e-21 2.948821e-16 7.296621e-32 7.665348e-48 4.024266e-26 1.369638e-15 2.636251e-07 1.297843e-59 5.342353e-26 1.240887e-46 1.632333e-29 1.185943e-11 5.873355e-17 3.029032e-14 1.114429e-08 4.031284e-04 2.606849e-26 7.044726e-12 4.593374e-23 6.330345e-19 2.104033e-13 4.779052e-20 2.006683e-01 2.001936e-22 1.010256e-21 1.152034e-14 8.047006e-14 2.550096e-13 1.189387e-30 1.041095e-24 2.180929e-31 8.481687e-11 8.900641e-16 7.892669e-01 6.026145e-10 7.016277e-10 5.797747e-15 6.881335e-22 4.853937e-15 1.096822e-09 2.348755e-16 2.669161e-22 1.425461e-14 1.010400e-10 1.846120e-06 1.356149e-30 1.061485e-18 6.941267e-13 1.761557e-08 5.121891e-19 1.634100e-08 5.094780e-15 3.023312e-09 7.499966e-13 6.273163e-23 2.041434e-13 1.462727e-24 1.355668e-14 1.002200e-14 2.347098e-15 3.565770e-14 1.253753e-27 1.884561e-10 4.847905e-21 4.402913e-25 3.711637e-17 1.082397e-11 6.634209e-19 3.167321e-16 8.473547e-34 8.534007e-19 1.552966e-12 1.579825e-17 6.367093e-23 3.956382e-10 7.591259e-11 2.356118e-19 1.842558e-11 1.281333e-11 1.681940e-19 2.874502e-16 1.551081e-20 0.000000e+00 1.051208e-27 8.802320e-23 5.977083e-23 5.545314e-20 2.242945e-28 4.406305e-32 7.362755e-34 3.495641e-21 3.090486e-25 2.613783e-48 0.000000e+00 5.939582e-07 4.413143e-10 9.451230e-03
2.114048e-01 1.677504e-13 8.129936e-08 8.246341e-05 2.750798e-21 2.785962e-16 1.095453e-30 9.499418e-47 1.040005e-26 6.220821e-16 2.631498e-07 1.820782e-57 2.919268e-25 4.297139e-45 6.275859e-30 1.170931e-11 4.618920e-17 2.900796e-14 1.042533e-08 4.031811e-04 1.050971e-26 3.093349e-12 1.858315e-23 3.396150e-19 1.438758e-13 4.099707e-20 2.006935e-01 2.002359e-22 1.010832e-21 2.234730e-15 1.737384e-14 8.457843e-14 7.441512e-31 7.097663e-25 5.539120e-32 8.644540e-11 2.106752e-16 7.893662e-01 5.746686e-10 1.565656e-09 1.663421e-14 5.685827e-22 7.549477e-15 1.085428e-09 4.835752e-16 2.794664e-22 1.190535e-14 1.270722e-10 1.841325e-06 1.354888e-30 2.722214e-19 6.943499e-13 1.761733e-08 3.321313e-19 1.285381e-08 1.702748e-15 2.654036e-09 8.352233e-13 1.083298e-23 7.985032e-14 2.016728e-24 1.625409e-14 1.120793e-14 2.895770e-15 4.094628e-14 1.179203e-27 1.873598e-10 5.256648e-21 3.960092e-25 5.181672e-17 2.112904e-11 7.568699e-19 3.167581e-16 4.631079e-34 8.134606e-19 4.133666e-13 4.709509e-17 7.915558e-23 3.444215e-10 5.618712e-11 2.356395e-19 1.831401e-11 1.130451e-11 1.682088e-19 2.498624e-16 1.947606e-20 0.000000e+00 1.051831e-27 8.802963e-23 1.693700e-22 5.534770e-20 2.243425e-28 4.407339e-32 7.194860e-34 3.082825e-21 2.013132e-25 3.194749e-49 0.000000e+00 1.644881e-07 4.610663e-10 9.452409e-03
1.835531e-01 1.277558e-13 8.123341e-08 2.888675e-05 2.063273e-21 2.773513e-16 1.336807e-29 1.153597e-45 4.335187e-27 3.558783e-16 2.623818e-07 1.331046e-55 1.402160e-24 1.061299e-43 2.988172e-30 1.143447e-11 3.579734e-17 2.779926e-14 9.699623e-09 4.032040e-04 5.352768e-27 1.602666e-12 1.001767e-23 2.330098e-19 9.644338e-14 4.471959e-20 2.007043e-01 2.002794e-22 1.011714e-21 6.629013e-16 5.971511e-15 2.638776e-14 2.190013e-30 6.600272e-25 1.717572e-32 8.852717e-11 7.203265e-17 7.894085e-01 5.456913e-10 2.885586e-09 5.769977e-14 5.920346e-22 1.494556e-14 1.064276e-09 8.555122e-16 2.854006e-22 9.253294e-15 1.410598e-10 1.832173e-06 1.352513e-30 7.386190e-20 6.946464e-13 1.761755e-08 2.250519e-19 1.085089e-08 7.537452e-16 2.295387e-09 9.847496e-13 2.695692e-24 3.324768e-14 2.559064e-24 1.799560e-14 1.165873e-14 3.457350e-15 5.018436e-14 1.423148e-27 1.853765e-10 6.031883e-21 3.374406e-25 5.095181e-17 3.440032e-11 7.539472e-19 3.167515e-16 1.302103e-33 7.449178e-19 8.472077e-14 1.706417e-16 1.060579e-22 2.746983e-10 4.646189e-11 2.356486e-19 1.817881e-11 9.353525e-12 1.682075e-19 1.952774e-16 3.032428e-20 0.000000e+00 1.052794e-27 8.802790e-23 4.468513e-22 5.506785e-20 2.243920e-28 4.408305e-32 6.897082e-34 2.899308e-21 2.390442e-25 6.276910e-50 0.000000e+00 3.029052e-08 4.590556e-10 9.452900e-03
1.593707e-01 8.606454e-14 8.102869e-08 9.790340e-06 1.379587e-21 4.258784e-16 1.144403e-28 1.089914e-44 1.408349e-27 1.775643e-16 2.608507e-07 5.625750e-54 7.850015e-24 2.548928e-42 1.240502e-30 1.084733e-11 2.714916e-17 2.638774e-14 8.880311e-09 4.032105e-04 2.236332e-27 7.521906e-13 4.986573e-24 1.425236e-19 5.979830e-14 4.220853e-20 2.007080e-01 2.003559e-22 1.013521e-21 1.815228e-16 2.097813e-15 7.175236e-15 2.068968e-29 5.423808e-25 4.900479e-33 9.178041e-11 2.244241e-17 7.894238e-01 5.071574e-10 4.990773e-09 2.483393e-13 5.881928e-22 3.077211e-14 1.018678e-09 1.406977e-15 2.907195e-22 6.082691e-15 2.262990e-10 1.812288e-06 1.347623e-30 2.095871e-20 6.952347e-13 1.761651e-08 2.285751e-19 1.402162e-08 3.424953e-16 2.223517e-09 9.651050e-13 5.754779e-25 2.050025e-14 2.615272e-24 1.606588e-14 1.063838e-14 2.253947e-15 5.835638e-14 3.694987e-27 1.811590e-10 7.740450e-21 2.472353e-25 4.527693e-17 5.153343e-11 5.748014e-19 3.167102e-16 1.689479e-32 5.958250e-19 1.109210e-14 5.187511e-16 1.151550e-22 1.765122e-10 4.102160e-11 2.356452e-19 1.796545e-11 6.295062e-12 1.681912e-19 1.223308e-16 3.286732e-20 0.000000e+00 1.054770e-27 8.801823e-23 1.251946e-21 5.425198e-20 2.244792e-28 4.409482e-32 6.275187e-34 4.171464e-21 2.263618e-25 9.965840e-51 0.000000e+00 2.856050e-09 4.230190e-10 9.453046e-03
1.383743e-01 5.629795e-14 8.071549e-08 4.367372e-06 9.322851e-22 1.028676e-15 6.043718e-28 8.941417e-44 4.545477e-28 8.436466e-17 2.588356e-07 1.500006e-52 3.153307e-23 3.759402e-41 5.027593e-31 1.005481e-11 2.042614e-17 2.513445e-14 8.261930e-09 4.032070e-04 9.804730e-28 3.572530e-13 2.670732e-24 8.787323e-20 3.998772e-14 3.747108e-20 2.007089e-01 2.004587e-22 1.015970e-21 5.684968e-17 1.002095e-15 2.364187e-15 1.530113e-28 4.273073e-25 1.425981e-33 9.490191e-11 8.468897e-18 7.894283e-01 4.685366e-10 7.124522e-09 8.260725e-13 7.389523e-22 5.679713e-14 9.566198e-10 1.800109e-15 3.046375e-22 3.796573e-15 4.880271e-10 1.785102e-06 1.341324e-30 7.793288e-21 6.960436e-13 1.761496e-08 3.655383e-19 2.916136e-08 2.413741e-16 2.727224e-09 7.588155e-13 1.956493e-25 2.735586e-14 2.375646e-24 1.274332e-14 8.276985e-15 9.532541e-16 5.731871e-14 1.457145e-26 1.754421e-10 1.010678e-20 1.581019e-25 3.723956e-17 6.353977e-11 3.156098e-19 3.166515e-16 2.324401e-31 3.974374e-19 1.391821e-15 9.536196e-16 9.923246e-23 9.842431e-11 3.615526e-11 2.356354e-19 1.772220e-11 3.391164e-12 1.681689e-19 6.846553e-17 2.952374e-20 5.898411e-23 1.057451e-27 8.800499e-23 2.732104e-21 5.275558e-20 2.245965e-28 4.410096e-32 5.455860e-34 9.678729e-21 1.524814e-25 1.578432e-51 0.000000e+00 6.325049e-10 3.632296e-10 9.453050e-03
1.201440e-01 4.053174e-14 8.027638e-08 2.794593e-06 7.266756e-22 3.005428e-15 2.295284e-27 7.604865e-43 2.711242e-28 4.958110e-17 2.561692e-07 2.709031e-51 9.555539e-23 3.709463e-40 2.607982e-31 9.010989e-12 1.532010e-17 2.381625e-14 7.753703e-09 4.031967e-04 4.961898e-28 2.276335e-13 1.971737e-24 6.919979e-20 2.804735e-14 3.213391e-20 2.007090e-01 2.005988e-22 1.019258e-21 2.370258e-17 7.151071e-16 8.896587e-16 8.152883e-28 3.096672e-25 6.487975e-34 9.733012e-11 4.691724e-18 7.894299e-01 4.246194e-10 9.117017e-09 2.212524e-12 1.189630e-21 9.698486e-14 8.739534e-10 1.873524e-15 3.360176e-22 2.252620e-15 1.160429e-09 1.748561e-06 1.333279e-30 4.440767e-21 6.971505e-13 1.761306e-08 6.951296e-19 6.934791e-08 3.084584e-16 3.949117e-09 5.932239e-13 1.566888e-25 7.270910e-14 1.790283e-24 8.317557e-15 5.176112e-15 3.039114e-16 4.618708e-14 6.295144e-26 1.677937e-10 1.330833e-20 7.949162e-26 2.645091e-17 6.533812e-11 1.055955e-19 3.165762e-16 2.782161e-30 1.824076e-19 2.020561e-16 1.100214e-15 7.536523e-23 4.617261e-11 3.094958e-11 2.356207e-19 1.742363e-11 1.228488e-12 1.681416e-19 3.621021e-17 1.893400e-20 1.864549e-21 1.061052e-27 8.798598e-23 5.242888e-21 5.022225e-20 2.247554e-28 4.409531e-32 4.420616e-34 2.618125e-20 1.077180e-25 4.178859e-52 0.000000e+00 2.037158e-10 2.933919e-10 9.452998e-03
1.043155e-01 3.593479e-14 7.970297e-08 2.804368e-06 7.175153e-22 8.159987e-15 6.858810e-27 5.588984e-42 3.468149e-28 3.981650e-17 2.527822e-07 3.559190e-50 2.188382e-22 2.494752e-39 1.649214e-31 7.727139e-12 1.040461e-17 2.235708e-14 7.313213e-09 4.031805e-04 3.171147e-28 2.210450e-13 2.062300e-24 8.090480e-20 2.018201e-14 2.750003e-20 2.007085e-01 2.007812e-22 1.023471e-21 1.444095e-17 7.794552e-16 3.512589e-16 3.508704e-27 2.138482e-25 4.228553e-34 9.862335e-11 4.372135e-18 7.894303e-01 3.736140e-10 1.074038e-08 4.739704e-12 2.335541e-21 1.543678e-13 7.701610e-10 1.672277e-15 3.914931e-22 1.293230e-15 2.398589e-09 1.701777e-06 1.323387e-30 3.713396e-21 6.985938e-13 1.761089e-08 1.110388e-18 1.505916e-07 6.446455e-16 6.025542e-09 5.278326e-13 2.018665e-25 2.713868e-13 1.120306e-24 4.467713e-15 2.400017e-15 9.416911e-17 3.186283e-14 2.533869e-25 1.580474e-10 1.742833e-20 2.948331e-26 1.358835e-17 5.673863e-11 1.889903e-20 3.164851e-16 2.342963e-29 4.615256e-20 5.932193e-17 8.339080e-16 5.836973e-23 1.790478e-11 2.311122e-11 2.356009e-19 1.705925e-11 2.590015e-13 1.681107e-19 1.771716e-17 1.170194e-20 0.000000e+00 1.065667e-27 8.795638e-23 9.099375e-21 4.633645e-20 2.249618e-28 4.407091e-32 3.248000e-34 6.533337e-20 9.975600e-26 1.630838e-52 0.000000e+00 9.013834e-11 2.268565e-10 9.452910e-03
9.057237e-02 3.719710e-14 7.900388e-08 2.812504e-06 9.155177e-22 2.045846e-14 1.867955e-26 3.740114e-41 6.559709e-28 4.229419e-17 2.487236e-07 3.581710e-49 4.048386e-22 1.261550e-38 1.519327e-31 6.289928e-12 6.639980e-18 2.077468e-14 6.936097e-09 4.031601e-04 2.430702e-28 2.877052e-13 2.975991e-24 1.181582e-19 1.495726e-14 2.254619e-20 2.007079e-01 2.010048e-22 1.028558e-21 1.198569e-17 1.174001e-15 1.424979e-16 1.280240e-26 1.418750e-25 5.129098e-34 9.923007e-11 6.058767e-18 7.894310e-01 3.167695e-10 1.177332e-08 8.399085e-12 3.966667e-21 2.321335e-13 6.498640e-10 1.341741e-15 4.812108e-22 7.455556e-16 4.301179e-09 1.645412e-06 1.311840e-30 4.879668e-21 7.003644e-13 1.760860e-08 1.517786e-18 2.770874e-07 1.686154e-15 8.947479e-09 5.156253e-13 3.029643e-25 1.067433e-12 5.897293e-25 1.944394e-15 7.787987e-16 3.041993e-17 1.983393e-14 9.693989e-25 1.463901e-10 2.249406e-20 8.899135e-27 5.782184e-18 4.369136e-11 1.526228e-21 3.163817e-16 1.208294e-28 5.726620e-21 4.081719e-17 6.361179e-16 4.424593e-23 5.877426e-12 1.800222e-11 2.355766e-19 1.663313e-11 3.092211e-14 1.680777e-19 8.115831e-18 4.807185e-21 0.000000e+00 1.071238e-27 8.791130e-23 1.432693e-20 4.107350e-20 2.252708e-28 4.402360e-32 2.116482e-34 1.421213e-19 1.636162e-25 1.384556e-52 0.000000e+00 3.090894e-14 1.729772e-10 9.452800e-03
7.863982e-02 4.320680e-14 7.817283e-08 2.821733e-06 1.387935e-21 4.506682e-14 4.697451e-26 2.083374e-40 1.252666e-27 4.909037e-17 2.439700e-07 2.910483e-48 6.273506e-22 4.983609e-38 1.511827e-31 4.798928e-12 4.234970e-18 1.907369e-14 6.609872e-09 4.031364e-04 2.164393e-28 3.942446e-13 4.736225e-24 1.800205e-19 1.147937e-14 1.766863e-20 2.007072e-01 2.012724e-22 1.034565e-21 1.109647e-17 1.973222e-15 5.768232e-17 4.164120e-26 9.771195e-26 7.659132e-34 9.969432e-11 9.355898e-18 7.894318e-01 2.554111e-10 1.253712e-08 1.263811e-11 6.420319e-21 3.280619e-13 5.178232e-10 1.069783e-15 6.112202e-22 4.456639e-16 6.609686e-09 1.579077e-06 1.298577e-30 7.019367e-21 7.024852e-13 1.760622e-08 1.816241e-18 4.415084e-07 3.993949e-15 1.259694e-08 5.497322e-13 4.801693e-25 3.261410e-12 2.932120e-25 7.052585e-16 1.710477e-16 1.293757e-17 1.126059e-14 3.465394e-24 1.328364e-10 2.891672e-20 2.891875e-27 1.880862e-18 3.132420e-11 5.490451e-23 3.162663e-16 3.779651e-28 3.590253e-22 4.458955e-17 5.015852e-16 3.449385e-23 1.615963e-12 1.467059e-11 2.355473e-19 1.614222e-11 2.747179e-15 1.680434e-19 3.168108e-18 1.736783e-21 2.867779e-25 1.077801e-27 8.784162e-23 2.090755e-20 3.445172e-20 2.256092e-28 4.395163e-32 1.190439e-34 2.704923e-19 3.299271e-25 1.554503e-52 0.000000e+00 1.048804e-17 1.318025e-10 9.452668e-03
6.827934e-02 5.364798e-14 7.722984e-08 2.831897e-06 2.290693e-21 9.094372e-14 1.102685e-25 1.005870e-39 2.339109e-27 5.907592e-17 2.386521e-07 1.974140e-47 8.317963e-22 1.588093e-37 1.588095e-31 3.414780e-12 2.862446e-18 1.731788e-14 6.334451e-09 4.031111e-04 2.181355e-28 5.293060e-13 7.506959e-24 2.647387e-19 9.331420e-15 1.312464e-20 2.007063e-01 2.015782e-22 1.041338e-21 1.066294e-17 3.412386e-15 2.411333e-17 1.232623e-25 7.522871e-26 1.397954e-33 1.001781e-10 1.418288e-17 7.894328e-01 1.939780e-10 1.318360e-08 1.631355e-11 9.240171e-21 4.356191e-13 3.857158e-10 8.543354e-16 7.805886e-22 2.931571e-16 9.179215e-09 1.504555e-06 1.283956e-30 1.009378e-20 7.049120e-13 1.760385e-08 2.095941e-18 6.283061e-07 8.472177e-15 1.667093e-08 6.191854e-13 8.151950e-25 8.013605e-12 1.888108e-25 2.171064e-16 2.620550e-17 9.146583e-18 5.840187e-15 1.203517e-23 1.179081e-10 3.759295e-20 1.099740e-27 4.975600e-19 2.220759e-11 1.014154e-24 3.161427e-16 7.981647e-28 1.276245e-23 6.189439e-17 4.120894e-16 2.782506e-23 3.811155e-13 1.265730e-11 2.355137e-19 1.559954e-11 5.958222e-16 1.680090e-19 1.042968e-18 5.055353e-22 0.000000e+00 1.085146e-27 8.774226e-23 2.825420e-20 2.706034e-20 2.259920e-28 4.385825e-32 5.743833e-35 4.661561e-19 7.071524e-25 2.468895e-52 0.000000e+00 3.709618e-21 1.023516e-10 9.452518e-03
5.928381e-02 6.923897e-14 7.616579e-08 2.843177e-06 3.812381e-21 1.716574e-13 2.431023e-25 4.274884e-39 4.185960e-27 7.166243e-17 2.327379e-07 1.149039e-46 9.643451e-22 4.181498e-37 1.591115e-31 2.231755e-12 2.019141e-18 1.551565e-14 6.097801e-09 4.030848e-04 2.454555e-28 6.873998e-13 1.153907e-23 3.776593e-19 8.144550e-15 9.381268e-21 2.007052e-01 2.019259e-22 1.048914e-21 1.027446e-17 5.772584e-15 1.108496e-17 3.377552e-25 6.975297e-26 2.596842e-33 1.007084e-10 1.940577e-17 7.894339e-01 1.357975e-10 1.393044e-08 1.817501e-11 1.213949e-20 5.376725e-13 2.625935e-10 7.005678e-16 9.856893e-22 2.219356e-16 1.193571e-08 1.421426e-06 1.267867e-30 1.286561e-20 7.076741e-13 1.760150e-08 2.359224e-18 8.335649e-07 1.585638e-14 2.095159e-08 7.267810e-13 1.474135e-24 1.621822e-11 2.109595e-25 5.711596e-17 2.856068e-18 9.888695e-18 2.693687e-15 1.018925e-23 1.017618e-10 1.227711e-20 4.086755e-28 1.054306e-19 1.629488e-11 0.000000e+00 3.160103e-16 1.329312e-27 2.450958e-25 9.972505e-17 3.612646e-16 2.396233e-23 7.667746e-14 1.158912e-11 2.354752e-19 1.500142e-11 3.591109e-16 1.679748e-19 2.834275e-19 1.288211e-22 0.000000e+00 1.093217e-27 8.760495e-23 3.571583e-20 1.955172e-20 2.264182e-28 4.374602e-32 2.323112e-35 7.555074e-19 1.502508e-24 4.888732e-52 0.000000e+00 1.373001e-24 8.181978e-11 9.452350e-03
5.147341e-02 9.189947e-14 7.502675e-08 2.855168e-06 6.206391e-21 3.071253e-13 5.064173e-25 1.626031e-38 7.372114e-27 8.758176e-17 2.265007e-07 5.840103e-46 1.002907e-21 9.368839e-37 1.497299e-31 1.348351e-12 1.480736e-18 1.376412e-14 5.898865e-09 4.030594e-04 3.080621e-28 8.668117e-13 1.724821e-23 5.263663e-19 7.706746e-15 6.710630e-21 2.007041e-01 2.023011e-22 1.056914e-21 9.908703e-18 9.463472e-15 6.441183e-18 8.663568e-25 7.916396e-26 4.980847e-33 1.012626e-10 2.347281e-17 7.894351e-01 8.706883e-11 1.484438e-08 1.744880e-11 1.442618e-20 6.153691e-13 1.624870e-10 5.925021e-16 1.209910e-21 1.985883e-16 1.476857e-08 1.333696e-06 1.251020e-30 1.405988e-20 7.106576e-13 1.759927e-08 2.614720e-18 1.048948e-06 2.646838e-14 2.501478e-08 8.820554e-13 2.809066e-24 2.775228e-11 3.320537e-25 1.403078e-17 2.451715e-19 1.315837e-17 1.109152e-15 2.224632e-23 8.548542e-11 1.063549e-20 1.477961e-28 1.936356e-20 1.298141e-11 4.803881e-27 3.158748e-16 1.890425e-27 4.501259e-26 1.743365e-16 3.512846e-16 2.292919e-23 1.434132e-14 1.122106e-11 2.354333e-19 1.437499e-11 2.657813e-16 1.679422e-19 6.694446e-20 3.061756e-23 3.956109e-24 1.101443e-27 8.742984e-23 4.217730e-20 1.304484e-20 2.268625e-28 4.362408e-32 8.031769e-36 1.171563e-18 3.099120e-24 1.174432e-51 0.000000e+00 5.587484e-28 6.846144e-11 9.452172e-03
4.469200e-02 1.254876e-13 7.381144e-08 2.867963e-06 9.912713e-21 5.357722e-13 1.001259e-24 5.734749e-38 1.312153e-26 1.081575e-16 2.199458e-07 2.624927e-45 9.869786e-22 1.895143e-36 1.343611e-31 7.449906e-13 1.118189e-18 1.207274e-14 5.725557e-09 4.030349e-04 4.268676e-28 1.078449e-12 2.554722e-23 7.227847e-19 7.824321e-15 4.823870e-21 2.007028e-01 2.027048e-22 1.065273e-21 9.584773e-18 1.548215e-14 4.954185e-18 2.082258e-24 1.019665e-25 9.675301e-33 1.018404e-10 2.452559e-17 7.894364e-01 4.999966e-11 1.588851e-08 1.435988e-11 1.501535e-20 6.458316e-13 8.941676e-11 5.044491e-16 1.447776e-21 2.038939e-16 1.780533e-08 1.241794e-06 1.233384e-30 1.315336e-20 7.138716e-13 1.759717e-08 2.900601e-18 1.274527e-06 4.193168e-14 2.867168e-08 1.102766e-12 5.490290e-24 4.345939e-11 5.635471e-25 4.007003e-18 1.882427e-20 1.899434e-17 3.981395e-16 1.850755e-23 6.951467e-11 3.559131e-21 6.245367e-29 3.738277e-21 1.129497e-11 0.000000e+00 3.157359e-16 2.433382e-27 6.622287e-27 3.246625e-16 3.796418e-16 2.435618e-23 3.117582e-15 1.128747e-11 2.353877e-19 1.372026e-11 2.089975e-16 1.679112e-19 1.520140e-20 7.119176e-24 4.489014e-23 1.109523e-27 8.721323e-23 4.708404e-20 8.095571e-21 2.273156e-28 4.349640e-32 2.348498e-36 1.775965e-18 6.191773e-24 3.404954e-51 0.000000e+00 2.508688e-31 6.012816e-11 9.451981e-03
3.880401e-02 1.759819e-13 7.253326e-08 2.881498e-06 1.564000e-20 9.083165e-13 1.885777e-24 1.868354e-37 2.337154e-26 1.347895e-16 2.131589e-07 1.056144e-44 1.005922e-21 3.792520e-36 1.103401e-31 3.754132e-13 8.650935e-19 1.047150e-14 5.569281e-09 4.030119e-04 6.412499e-28 1.326699e-12 3.752684e-23 9.897032e-19 8.383032e-15 3.631884e-21 2.007015e-01 2.031334e-22 1.073793e-21 9.289237e-18 2.497603e-14 4.600434e-18 4.738556e-24 1.377170e-25 1.691192e-32 1.024342e-10 2.157985e-17 7.894378e-01 2.523335e-11 1.718396e-08 1.009774e-11 1.386485e-20 6.124256e-13 4.296199e-11 4.392663e-16 1.698924e-21 2.287504e-16 2.096219e-08 1.147465e-06 1.215130e-30 9.992510e-21 7.172865e-13 1.759521e-08 3.202634e-18 1.508555e-06 6.168827e-14 3.170839e-08 1.424724e-12 1.070247e-23 6.123494e-11 9.480494e-25 1.980428e-18 2.595413e-21 2.844969e-17 1.230960e-16 0.000000e+00 5.452779e-11 0.000000e+00 4.233919e-29 1.092849e-21 1.048410e-11 3.293603e-26 3.155948e-16 2.939323e-27 4.352755e-26 6.219585e-16 4.469249e-16 2.825556e-23 1.164948e-15 1.157929e-11 2.353389e-19 1.304553e-11 1.722211e-16 1.678820e-19 4.579464e-21 2.362354e-24 0.000000e+00 1.116976e-27 8.695556e-23 5.035885e-20 4.782231e-21 2.277248e-28 4.336775e-32 5.826370e-37 2.648064e-18 1.188373e-23 1.005962e-50 0.000000e+00 1.255698e-34 5.524746e-11 9.451782e-03
3.369173e-02 2.539169e-13 7.120001e-08 2.895748e-06 2.514871e-20 1.511085e-12 3.395399e-24 5.707646e-37 4.157447e-26 1.701799e-16 2.061927e-07 3.842256e-44 1.130559e-21 8.027756e-36 8.463097e-32 1.719797e-13 6.853666e-19 8.978811e-15 5.422309e-09 4.029904e-04 1.029310e-27 1.623564e-12 5.512064e-23 1.354729e-18 9.325903e-15 2.879305e-21 2.007001e-01 2.035851e-22 1.082257e-21 9.057072e-18 4.029610e-14 4.610784e-18 1.023887e-23 1.865927e-25 3.688880e-32 1.030390e-10 1.570718e-17 7.894392e-01 1.094614e-11 1.872727e-08 6.050946e-12 1.114790e-20 5.119387e-13 1.761127e-11 3.880082e-16 1.981092e-21 2.691770e-16 2.425306e-08 1.052184e-06 1.196331e-30 6.152763e-21 7.208878e-13 1.759337e-08 3.546081e-18 1.746080e-06 8.630197e-14 3.399340e-08 1.899547e-12 2.049088e-23 7.963139e-11 1.542197e-24 1.566662e-18 9.810326e-22 4.262808e-17 3.280317e-17 2.123607e-23 4.108799e-11 6.842264e-22 4.076701e-29 4.901362e-22 9.992520e-12 4.220875e-26 3.154519e-16 3.471799e-27 4.313294e-26 1.214554e-15 5.514888e-16 3.439303e-23 6.934218e-16 1.194858e-11 2.352868e-19 1.235603e-11 1.480385e-16 1.678546e-19 2.364987e-21 1.395051e-24 3.072791e-24 1.123196e-27 8.665853e-23 5.231612e-20 2.790548e-21 2.281664e-28 4.324140e-32 1.228888e-37 3.906655e-18 2.200158e-23 3.014958e-50 0.000000e+00 7.049015e-38 5.265285e-11 9.451573e-03
2.925298e-02 3.743285e-13 6.980234e-08 2.910843e-06 4.194583e-20 2.462664e-12 5.859265e-24 1.632764e-36 7.282202e-26 2.171708e-16 1.990113e-07 1.277893e-43 1.324972e-21 1.702287e-35 5.573170e-32 7.093100e-14 5.506073e-19 7.594642e-15 5.277250e-09 4.029700e-04 1.734769e-27 1.975545e-12 8.088550e-23 1.862683e-18 1.065970e-14 2.438571e-21 2.006986e-01 2.040640e-22 1.090409e-21 8.868039e-18 6.420409e-14 4.687022e-18 2.116389e-23 2.535539e-25 8.457549e-32 1.036572e-10 9.104470e-18 7.894408e-01 3.934140e-12 2.062524e-08 3.058964e-12 7.750650e-21 3.556472e-13 5.904154e-12 3.527722e-16 2.331411e-21 3.238689e-16 2.759952e-08 9.563926e-07 1.176806e-30 3.011362e-21 7.247083e-13 1.759165e-08 3.899177e-18 1.985208e-06 1.135580e-13 3.548532e-08 2.602331e-12 3.808557e-23 9.468657e-11 2.383258e-24 1.393486e-18 0.000000e+00 6.206973e-17 7.860720e-18 1.510669e-22 2.950132e-11 2.104123e-21 4.282680e-29 2.347237e-22 9.445156e-12 0.000000e+00 3.153057e-16 3.929844e-27 0.000000e+00 2.355756e-15 6.867360e-16 4.237467e-23 4.602104e-16 1.231964e-11 2.352309e-19 1.164865e-11 1.312737e-16 1.678286e-19 1.613101e-21 1.150618e-24 0.000000e+00 1.127251e-27 8.632100e-23 5.342586e-20 1.649839e-21 2.285780e-28 4.311823e-32 2.187001e-38 5.719599e-18 3.922630e-23 8.692139e-50 0.000000e+00 4.395579e-41 5.143689e-11 9.451355e-03
2.539902e-02 5.614818e-13 6.835700e-08 2.926595e-06 7.344894e-20 3.941291e-12 9.721144e-24 4.400394e-36 1.250926e-25 2.808009e-16 1.917138e-07 3.921403e-43 1.442972e-21 3.231395e-35 3.619969e-32 2.651650e-14 4.476539e-19 6.344554e-15 5.131395e-09 4.029509e-04 3.033612e-27 2.390899e-12 1.187710e-22 2.571916e-18 1.242368e-14 2.175500e-21 2.006971e-01 2.045658e-22 1.097616e-21 8.760536e-18 1.010438e-13 4.736338e-18 4.199499e-23 3.537831e-25 1.403947e-31 1.042790e-10 4.144246e-18 7.894424e-01 1.149615e-12 2.288934e-08 1.287334e-12 4.565147e-21 1.844387e-13 1.570800e-12 3.315729e-16 2.798689e-21 3.919589e-16 3.086714e-08 8.624656e-07 1.156731e-30 1.303168e-21 7.287113e-13 1.759004e-08 4.256329e-18 2.218411e-06 1.414098e-13 3.617453e-08 3.636784e-12 6.836754e-23 1.032967e-10 3.463328e-24 1.218459e-18 1.921949e-23 8.633760e-17 2.108860e-18 6.229983e-23 2.014048e-11 3.954041e-22 4.444094e-29 1.026637e-22 8.656288e-12 0.000000e+00 3.151574e-16 3.763023e-27 0.000000e+00 4.474074e-15 8.403543e-16 5.143382e-23 2.976686e-16 1.269998e-11 2.351716e-19 1.093390e-11 1.194475e-16 1.678041e-19 1.146522e-21 1.029732e-24 0.000000e+00 1.127567e-27 8.594983e-23 5.403900e-20 1.008979e-21 2.295244e-28 4.300082e-32 3.326117e-39 8.319410e-18 6.771058e-23 2.485652e-49 0.000000e+00 3.073283e-44 5.092305e-11 9.451130e-03
2.205280e-02 8.510585e-13 6.684187e-08 2.943200e-06 1.347296e-19 6.219889e-12 1.553647e-23 1.124756e-35 2.104642e-25 3.674029e-16 1.842014e-07 1.119425e-42 1.351553e-21 5.094833e-35 1.895602e-32 8.898622e-15 3.645784e-19 5.218236e-15 4.979848e-09 4.029326e-04 5.461849e-27 2.875789e-12 1.745793e-22 3.559548e-18 1.475163e-14 1.989116e-21 2.006955e-01 2.050997e-22 1.103290e-21 8.725764e-18 1.566721e-13 4.735306e-18 8.019567e-23 5.147404e-25 2.437107e-31 1.049112e-10 1.472491e-18 7.894442e-01 2.707720e-13 2.555706e-08 4.253668e-13 2.139123e-21 6.095594e-14 3.252522e-13 3.212422e-16 3.464800e-21 4.748829e-16 3.398852e-08 7.702867e-07 1.135724e-30 7.093942e-22 7.329700e-13 1.758851e-08 4.584264e-18 2.440273e-06 1.681914e-13 3.613882e-08 5.139779e-12 1.184992e-22 1.043539e-10 4.675029e-24 1.001912e-18 0.000000e+00 1.129075e-16 8.746220e-19 1.299818e-23 1.291604e-11 4.366430e-23 4.338217e-29 3.887211e-23 7.570454e-12 0.000000e+00 3.150041e-16 3.284690e-27 0.000000e+00 8.251320e-15 9.875247e-16 6.006901e-23 1.794918e-16 1.321178e-11 2.351078e-19 1.020331e-11 1.102979e-16 1.677806e-19 7.854053e-22 9.103612e-25 0.000000e+00 1.122350e-27 8.554107e-23 5.438417e-20 6.383867e-22 2.302393e-28 4.288803e-32 4.265450e-40 1.204464e-17 1.137548e-22 7.208657e-49 0.000000e+00 2.367191e-47 5.051295e-11 9.450892e-03
1.914743e-02 1.297363e-12 6.527012e-08 2.960454e-06 2.579435e-19 9.687677e-12 2.398212e-23 2.736848e-35 3.482193e-25 4.868572e-16 1.765526e-07 2.990177e-42 1.072823e-21 6.586759e-35 1.040632e-32 2.739224e-15 2.967627e-19 4.233080e-15 4.822221e-09 4.029151e-04 1.005865e-26 3.431274e-12 2.566513e-22 4.929761e-18 1.781347e-14 1.840761e-21 2.006938e-01 2.056632e-22 1.106784e-21 8.788752e-18 2.387540e-13 4.692856e-18 1.478648e-22 7.730352e-25 4.369428e-31 1.055450e-10 4.279633e-19 7.894460e-01 5.367153e-14 2.864149e-08 1.077864e-13 7.765084e-22 1.301589e-14 5.483401e-14 3.187554e-16 4.444009e-21 5.734946e-16 3.676932e-08 6.819817e-07 1.113879e-30 6.766488e-22 7.374634e-13 1.758706e-08 4.864591e-18 2.641810e-06 1.914253e-13 3.546691e-08 7.291546e-12 1.984029e-22 9.760830e-11 5.833192e-24 7.642947e-19 4.049996e-23 1.382337e-16 5.255321e-19 0.000000e+00 7.751649e-12 2.873866e-26 3.893493e-29 1.258136e-23 6.272405e-12 1.186635e-26 3.148465e-16 3.341181e-27 0.000000e+00 1.465333e-14 1.101703e-15 6.671220e-23 9.944912e-17 1.412630e-11 2.350395e-19 9.466144e-12 1.028179e-16 1.677582e-19 5.104467e-22 7.769599e-25 1.296927e-25 1.110379e-27 8.510197e-23 5.458146e-20 4.177440e-22 2.310497e-28 4.278119e-32 4.656433e-41 1.734675e-17 1.874167e-22 2.097783e-48 0.000000e+00 2.021121e-50 4.961267e-11 9.450643e-03
1.662484e-02 1.987838e-12 6.362961e-08 2.978424e-06 5.194578e-19 1.499053e-11 3.581877e-23 6.409422e-35 5.731911e-25 6.550594e-16 1.687186e-07 7.503105e-42 7.498315e-22 7.275426e-35 5.152253e-33 8.133168e-16 2.413643e-19 3.385985e-15 4.656280e-09 4.028980e-04 1.896869e-26 4.064244e-12 3.786649e-22 6.805833e-18 2.191130e-14 1.689036e-21 2.006921e-01 2.062637e-22 1.107891e-21 8.968595e-18 3.606947e-13 4.631430e-18 2.633891e-22 1.175012e-24 8.102782e-31 1.061820e-10 1.038876e-19 7.894479e-01 9.099235e-15 3.210887e-08 2.098103e-14 2.158750e-22 2.028030e-15 7.667518e-15 3.184269e-16 5.953719e-21 6.917388e-16 3.915175e-08 5.980638e-07 1.090913e-30 9.122175e-22 7.422478e-13 1.758567e-08 5.109951e-18 2.809623e-06 2.124580e-13 3.425332e-08 1.032561e-11 3.226413e-22 8.600135e-11 6.689625e-24 5.354609e-19 7.593887e-24 1.573614e-16 3.397906e-19 0.000000e+00 4.303429e-12 0.000000e+00 3.135812e-29 3.432580e-24 4.892764e-12 2.693046e-27 3.146825e-16 3.402162e-27 0.000000e+00 2.521610e-14 1.154225e-15 6.953077e-23 5.023395e-17 1.596520e-11 2.349658e-19 8.719671e-12 9.647662e-17 1.677364e-19 3.117339e-22 6.121140e-25 0.000000e+00 1.091407e-27 8.463199e-23 5.469317e-20 2.841359e-22 2.317707e-28 4.267951e-32 4.288320e-42 2.483416e-17 3.068430e-22 6.321326e-48 0.000000e+00 1.896637e-53 4.751228e-11 9.450378e-03
1.443458e-02 3.039819e-12 6.193730e-08 2.996865e-06 1.093854e-18 2.294369e-11 5.187120e-23 1.438959e-34 9.446595e-25 8.917968e-16 1.607889e-07 1.774569e-41 5.274975e-22 7.848632e-35 3.009386e-33 2.781719e-16 1.960232e-19 2.687564e-15 4.483285e-09 4.028813e-04 3.630937e-26 4.754732e-12 5.573533e-22 9.360379e-18 2.740933e-14 1.580870e-21 2.006903e-01 2.068983e-22 1.106681e-21 9.257784e-18 5.331615e-13 4.550874e-18 4.567932e-22 1.790956e-24 1.476101e-30 1.068115e-10 2.153666e-20 7.894499e-01 1.349636e-15 3.604733e-08 3.241444e-15 4.770530e-23 2.532054e-16 9.082191e-16 3.211536e-16 8.347305e-21 8.330455e-16 4.088391e-08 5.203517e-07 1.066927e-30 1.365448e-21 7.473005e-13 1.758434e-08 5.300023e-18 2.938381e-06 2.267576e-13 3.259534e-08 1.451450e-11 5.098200e-22 7.051140e-11 7.056202e-24 3.401896e-19 0.000000e+00 1.671920e-16 2.065460e-19 0.000000e+00 2.204117e-12 0.000000e+00 2.257461e-29 0.000000e+00 3.595851e-12 2.547941e-31 3.145128e-16 3.401162e-27 4.022020e-29 4.150147e-14 1.133358e-15 6.797242e-23 2.276577e-17 1.949543e-11 2.348870e-19 7.974927e-12 9.049038e-17 1.677153e-19 1.769748e-22 4.504770e-25 5.060879e-25 1.066329e-27 8.413952e-23 5.475745e-20 1.992719e-22 2.325167e-28 4.258386e-32 3.365033e-43 3.527189e-17 5.027681e-22 1.865120e-47 0.000000e+00 1.969381e-56 4.330984e-11 9.450101e-03
1.253288e-02 4.695140e-12 6.018873e-08 3.015802e-06 2.473866e-18 3.519549e-11 7.295214e-23 3.165205e-34 1.608886e-24 1.246351e-15 1.527447e-07 3.960861e-41 4.462023e-22 9.926675e-35 6.572731e-33 1.353959e-16 1.628980e-19 2.133375e-15 4.302839e-09 4.028646e-04 7.150591e-26 5.542696e-12 8.317718e-22 1.277832e-17 3.490570e-14 1.427963e-21 2.006885e-01 2.075737e-22 1.103255e-21 9.749496e-18 7.954333e-13 4.497547e-18 7.720971e-22 2.706319e-24 2.963025e-30 1.074317e-10 3.895384e-21 7.894520e-01 1.772202e-16 4.029887e-08 4.005575e-16 8.209005e-24 2.603764e-17 9.210817e-17 3.195490e-16 1.231757e-20 1.006700e-15 4.208427e-08 4.492479e-07 1.041682e-30 2.296291e-21 7.526709e-13 1.758305e-08 5.604341e-18 2.995482e-06 2.429890e-13 3.053206e-08 2.025362e-11 7.910799e-22 5.584228e-11 6.868589e-24 1.992439e-19 1.612291e-23 1.655903e-16 1.181768e-19 1.900295e-32 1.033825e-12 0.000000e+00 1.457259e-29 5.564462e-24 2.491601e-12 1.286895e-26 3.143358e-16 3.341057e-27 6.583687e-27 6.724453e-14 1.042755e-15 6.185484e-23 9.491988e-18 2.607969e-11 2.348021e-19 7.232894e-12 8.598137e-17 1.676947e-19 9.513665e-23 2.886110e-25 1.887824e-23 1.035677e-27 8.362605e-23 5.478826e-20 1.487833e-22 2.332837e-28 4.249354e-32 2.233851e-44 4.944721e-17 8.511422e-22 6.222169e-47 0.000000e+00 2.262042e-59 3.554679e-11 9.449803e-03
1.088173e-02 7.207685e-12 5.837370e-08 3.035281e-06 5.822088e-18 5.348889e-11 9.966930e-23 6.710618e-34 2.825045e-24 1.764372e-15 1.445482e-07 8.378263e-41 4.733255e-22 1.531295e-34 0.000000e+00 9.119804e-17 1.382299e-19 1.721214e-15 4.116368e-09 4.028477e-04 1.421688e-25 6.371106e-12 1.238330e-21 1.732836e-17 4.514214e-14 1.307088e-21 2.006867e-01 2.082992e-22 1.097182e-21 1.037965e-17 1.160062e-12 4.435532e-18 1.313579e-21 4.073527e-24 5.919602e-30 1.080400e-10 6.168262e-22 7.894542e-01 2.076469e-17 4.508299e-08 3.994342e-17 1.133459e-24 2.247688e-18 8.048462e-18 3.191298e-16 1.903487e-20 1.220326e-15 4.247884e-08 3.847438e-07 1.014831e-30 4.057599e-21 7.584332e-13 1.758179e-08 6.001019e-18 2.996704e-06 2.520265e-13 2.814466e-08 2.781996e-11 1.201399e-21 4.150245e-11 6.168530e-24 1.040124e-19 0.000000e+00 1.534571e-16 6.070234e-20 6.678668e-32 4.399837e-13 3.508446e-34 8.519232e-30 1.151832e-25 1.629254e-12 0.000000e+00 3.141492e-16 3.225568e-27 0.000000e+00 1.040963e-13 8.988996e-16 5.249092e-23 3.494358e-18 3.660130e-11 2.347100e-19 6.494267e-12 8.118350e-17 1.676743e-19 4.679128e-23 1.672079e-25 0.000000e+00 9.991005e-28 8.309036e-23 5.480304e-20 1.148751e-22 2.339308e-28 4.240760e-32 1.247087e-45 6.838941e-17 1.485318e-21 2.058924e-46 0.000000e+00 2.846886e-62 2.351564e-11 9.449486e-03
9.448103e-03 1.111275e-11 5.649285e-08 3.055264e-06 1.445655e-17 8.132115e-11 1.324595e-22 1.394230e-33 5.283845e-24 2.571169e-15 1.362081e-07 1.683404e-40 5.472845e-22 2.515253e-34 3.088282e-33 6.881500e-17 1.249954e-19 1.451538e-15 3.927574e-09 4.028303e-04 2.884454e-25 7.301327e-12 1.871042e-21 2.340345e-17 5.927101e-14 1.149349e-21 2.006848e-01 2.090823e-22 1.087272e-21 1.130070e-17 1.697641e-12 4.420232e-18 2.419679e-21 6.076361e-24 1.283987e-29 1.086300e-10 9.150649e-23 7.894566e-01 2.203247e-18 5.024060e-08 3.225521e-18 1.238703e-25 1.649947e-19 6.157837e-19 3.162771e-16 3.069652e-20 1.486022e-15 4.219267e-08 3.269898e-07 9.861237e-31 7.855586e-21 7.646438e-13 1.758054e-08 6.823871e-18 2.923873e-06 2.609608e-13 2.547422e-08 3.757627e-11 1.799654e-21 2.967653e-11 5.163805e-24 4.922237e-20 2.681400e-24 1.338607e-16 2.863869e-20 6.114525e-32 1.694366e-13 1.183765e-34 4.885123e-30 1.358099e-23 1.011577e-12 6.106048e-32 3.139513e-16 3.058802e-27 0.000000e+00 1.580385e-13 7.412249e-16 4.156669e-23 1.162861e-18 4.903182e-11 2.346096e-19 5.764614e-12 7.703961e-17 1.676539e-19 2.149720e-23 8.389140e-26 0.000000e+00 9.555113e-28 8.253663e-23 5.480527e-20 9.383733e-23 2.348942e-28 4.232559e-32 5.836450e-47 9.297194e-17 2.760624e-21 7.557936e-46 0.000000e+00 3.930650e-65 1.043341e-11 9.449141e-03
8.203354e-03 1.695929e-11 5.452459e-08 3.075887e-06 3.654146e-17 1.227624e-10 1.712009e-22 2.805868e-33 1.036983e-23 3.798556e-15 1.276438e-07 3.229130e-40 6.240006e-22 3.974764e-34 4.041923e-33 5.252981e-17 1.224475e-19 1.326742e-15 3.740164e-09 4.028118e-04 5.860149e-25 8.262466e-12 2.820567e-21 3.143092e-17 7.869473e-14 1.012854e-21 2.006828e-01 2.099418e-22 1.071035e-21 1.246985e-17 2.438873e-12 4.435075e-18 5.669564e-21 9.021068e-24 2.762011e-29 1.091991e-10 2.433017e-23 7.894591e-01 2.116678e-19 5.587110e-08 2.103908e-19 1.150952e-26 1.035896e-20 4.130150e-20 3.136586e-16 5.120230e-20 1.813188e-15 4.107319e-08 2.752428e-07 9.549029e-31 1.567259e-20 7.714498e-13 1.757928e-08 8.364678e-18 2.808160e-06 2.627675e-13 2.261800e-08 4.947935e-11 2.652044e-21 2.004148e-11 4.035180e-24 2.036921e-20 1.488111e-24 1.102948e-16 1.188900e-20 5.682131e-32 5.826278e-14 2.691504e-35 3.136623e-30 1.785610e-24 5.968129e-13 4.898549e-27 3.137376e-16 2.842600e-27 6.469702e-28 2.314422e-13 6.068925e-16 3.078268e-23 3.351618e-19 5.680287e-11 2.344986e-19 5.043306e-12 7.188839e-17 1.676331e-19 8.850462e-24 3.730772e-26 0.000000e+00 9.027559e-28 8.195700e-23 5.480167e-20 7.856454e-23 2.358034e-28 4.224610e-32 2.258387e-48 1.246950e-16 5.382952e-21 2.740230e-45 0.000000e+00 5.856924e-68 2.797110e-12 9.448766e-03
7.122595e-03 2.564347e-11 5.252209e-08 3.096555e-06 9.347881e-17 1.847134e-10 2.158361e-22 5.514901e-33 2.134600e-23 5.699191e-15 1.190927e-07 5.932388e-40 6.777797e-22 5.852789e-34 7.790610e-33 3.962041e-17 1.336834e-19 1.355657e-15 3.564479e-09 4.027924e-04 1.185587e-24 9.259752e-12 4.251576e-21 4.206021e-17 1.049661e-13 8.987504e-22 2.006807e-01 2.108674e-22 1.045389e-21 1.400919e-17 3.476434e-12 4.529237e-18 1.798986e-20 1.328813e-23 5.903760e-29 1.097234e-10 4.059380e-23 7.894618e-01 1.904536e-20 6.178087e-08 1.147450e-20 2.548308e-27 5.852903e-22 2.560426e-21 3.099017e-16 8.725372e-20 2.200927e-15 3.917264e-08 2.303676e-07 9.215871e-31 3.199604e-20 7.787670e-13 1.757802e-08 1.139440e-17 2.664630e-06 2.590809e-13 1.970585e-08 6.333026e-11 3.842608e-21 1.287446e-11 3.013886e-24 7.496991e-21 1.027888e-24 8.775546e-17 4.427791e-21 5.429273e-32 1.819402e-14 5.745438e-36 2.433156e-30 0.000000e+00 3.413266e-13 2.447333e-27 3.135111e-16 2.586610e-27 3.597288e-27 3.319207e-13 5.536465e-16 2.177507e-23 8.501903e-20 5.941281e-11 2.343783e-19 4.356387e-12 6.590448e-17 1.676120e-19 3.311249e-24 1.493915e-26 2.881924e-25 8.405508e-28 8.136722e-23 5.479446e-20 6.712661e-23 2.367680e-28 4.217058e-32 7.368781e-50 1.656354e-16 1.100949e-20 9.807876e-45 0.000000e+00 9.603821e-71 4.193689e-13 9.448363e-03
6.184222e-03 3.814109e-11 5.049474e-08 3.117169e-06 2.379478e-16 2.770064e-10 2.657915e-22 1.060390e-32 4.487878e-23 8.571445e-15 1.105845e-07 1.048085e-39 7.029543e-22 8.062329e-34 0.000000e+00 2.957946e-17 1.603473e-19 1.544658e-15 3.406161e-09 4.027717e-04 2.353905e-24 1.021253e-11 6.329808e-21 5.564863e-17 1.396519e-13 8.153182e-22 2.006784e-01 2.118717e-22 1.005919e-21 1.586501e-17 4.901437e-12 4.700828e-18 6.613660e-20 1.942009e-23 1.213930e-28 1.101939e-10 1.138382e-22 7.894648e-01 1.615753e-21 6.787131e-08 5.647491e-22 4.767952e-27 3.865195e-23 1.834544e-22 3.029220e-16 1.514646e-19 2.646362e-15 3.656684e-08 1.915861e-07 8.857677e-31 6.530871e-20 7.866940e-13 1.757675e-08 1.702637e-17 2.511648e-06 2.489526e-13 1.680171e-08 7.841466e-11 5.466035e-21 7.862299e-12 2.174346e-24 2.424223e-21 7.014479e-24 6.813296e-17 1.460892e-21 5.318213e-32 5.150654e-15 1.153234e-36 1.928368e-30 3.715472e-25 1.908518e-13 2.433390e-26 3.132689e-16 2.295868e-27 1.357878e-26 4.681085e-13 6.384505e-16 1.482427e-23 1.870029e-20 5.994520e-11 2.342471e-19 3.711135e-12 5.862882e-17 1.675906e-19 1.100529e-24 5.378871e-27 0.000000e+00 7.678134e-28 8.076415e-23 5.478522e-20 5.770931e-23 2.377502e-28 4.209832e-32 2.011875e-51 2.187712e-16 2.299935e-20 3.322589e-44 0.000000e+00 1.717195e-73 3.438798e-14 9.447931e-03
5.369475e-03 5.549817e-11 4.852198e-08 3.137022e-06 5.959747e-16 4.145142e-10 3.210128e-22 2.008105e-32 9.370200e-23 1.276380e-14 1.024119e-07 1.785072e-39 7.055438e-22 1.055204e-33 1.216487e-32 2.214084e-17 2.016554e-19 1.891214e-15 3.275799e-09 4.027498e-04 4.503775e-24 1.104501e-11 9.218637e-21 7.218102e-17 1.830297e-13 7.628031e-22 2.006759e-01 2.129382e-22 9.492314e-22 1.793527e-17 6.852781e-12 4.955175e-18 2.394519e-19 2.804783e-23 2.352188e-28 1.105895e-10 3.180110e-22 7.894679e-01 1.361800e-22 7.394543e-08 1.519126e-22 1.246237e-26 3.739194e-23 2.437103e-22 2.903273e-16 2.659638e-19 3.123367e-15 3.339774e-08 1.590668e-07 8.481125e-31 1.314226e-19 7.950943e-13 1.757549e-08 2.666995e-17 2.364032e-06 2.331406e-13 1.398819e-08 9.356644e-11 7.596403e-21 4.586092e-12 1.556154e-24 7.002587e-22 7.010775e-24 5.299343e-17 4.349532e-22 5.321876e-32 1.354664e-15 2.217408e-37 1.347845e-30 5.633907e-24 1.069715e-13 3.250137e-26 3.130152e-16 1.985190e-27 3.170234e-26 6.550683e-13 9.397018e-16 9.946281e-24 3.623127e-21 6.005260e-11 2.341075e-19 3.132007e-12 5.037807e-17 1.675691e-19 3.266136e-25 1.772507e-27 1.839492e-26 6.865393e-28 8.019907e-23 5.477504e-20 4.955493e-23 2.392663e-28 4.203071e-32 4.689663e-53 2.882733e-16 4.772689e-20 1.033770e-43 0.000000e+00 3.413541e-76 1.634075e-15 9.447476e-03
4.662069e-03 7.861695e-11 4.665246e-08 3.155821e-06 1.462848e-15 6.207250e-10 3.814421e-22 3.780440e-32 1.903253e-22 1.866593e-14 9.469591e-08 2.936960e-39 6.901120e-22 1.326164e-33 9.528891e-32 1.666229e-17 2.532247e-19 2.376057e-15 3.183626e-09 4.027266e-04 8.172945e-24 1.174827e-11 1.309846e-20 9.074213e-17 2.336533e-13 7.160025e-22 2.006733e-01 2.140678e-22 8.723364e-22 1.999949e-17 9.560252e-12 5.283487e-18 7.955547e-19 4.002527e-23 4.385629e-28 1.109034e-10 8.684743e-22 7.894712e-01 1.938284e-23 7.980896e-08 7.366120e-23 3.197643e-26 2.086327e-23 1.773480e-22 2.697870e-16 4.736734e-19 3.598731e-15 2.990494e-08 1.320187e-07 8.086409e-31 2.646185e-19 8.039778e-13 1.757423e-08 4.174654e-17 2.220412e-06 2.140645e-13 1.126649e-08 1.067894e-10 1.029417e-20 2.564542e-12 1.128605e-24 1.827508e-22 1.648538e-24 4.209957e-17 1.185425e-22 5.391423e-32 3.349619e-16 4.071756e-38 7.806032e-31 0.000000e+00 6.127522e-14 1.308422e-26 3.127497e-16 1.665320e-27 2.117912e-26 9.202699e-13 1.631581e-15 6.637390e-24 6.281099e-22 6.008716e-11 2.339595e-19 2.626250e-12 4.178132e-17 1.675476e-19 8.671372e-26 5.228731e-28 2.344907e-23 5.984967e-28 7.963634e-23 5.476360e-20 4.288440e-23 2.406297e-28 4.196759e-32 9.377966e-55 3.782187e-16 9.638316e-20 3.046555e-43 0.000000e+00 7.554489e-79 4.547968e-17 9.446999e-03
4.047860e-03 1.069352e-10 4.494540e-08 3.173207e-06 3.449701e-15 9.286667e-10 4.474169e-22 7.082796e-32 3.583646e-22 2.605455e-14 8.756715e-08 4.676212e-39 6.592647e-22 1.605812e-33 8.808021e-32 1.259217e-17 2.987220e-19 2.930677e-15 3.142500e-09 4.027020e-04 1.356402e-23 1.220906e-11 1.780881e-20 1.082285e-16 2.841375e-13 6.753038e-22 2.006705e-01 2.152582e-22 7.743213e-22 2.141643e-17 1.322411e-11 5.607339e-18 2.398843e-18 5.626914e-23 7.575157e-28 1.111319e-10 2.236760e-21 7.894747e-01 2.457746e-23 8.525354e-08 0.000000e+00 7.799590e-26 0.000000e+00 0.000000e+00 2.397822e-16 8.526336e-19 4.014518e-15 2.626211e-08 1.097065e-07 7.675003e-31 5.229960e-19 8.133303e-13 1.757298e-08 6.148775e-17 2.095857e-06 1.913026e-13 8.717299e-09 1.155252e-10 1.351763e-20 1.375978e-12 8.514608e-25 4.297574e-23 0.000000e+00 3.502759e-17 2.952985e-23 5.395124e-32 7.892216e-17 7.056813e-39 3.700718e-31 2.031459e-25 3.681271e-14 0.000000e+00 3.124729e-16 1.349158e-27 4.471456e-27 1.298410e-12 2.878911e-15 4.487093e-24 9.732705e-23 6.009715e-11 2.338038e-19 2.198342e-12 3.306429e-17 1.675259e-19 2.008868e-26 1.370428e-28 4.486299e-26 5.067869e-28 7.903510e-23 5.475151e-20 3.705137e-23 2.420730e-28 4.190891e-32 1.757580e-56 4.950123e-16 1.805153e-19 8.088157e-43 0.000000e+00 1.864843e-81 7.863883e-19 9.446500e-03
3.514571e-03 1.385094e-10 4.346187e-08 3.188861e-06 7.759420e-15 1.390457e-09 5.200497e-22 1.326011e-31 6.072635e-22 3.407961e-14 8.113551e-08 7.211531e-39 6.006680e-22 1.834387e-33 6.125801e-32 9.336095e-18 3.167464e-19 3.418350e-15 3.170006e-09 4.026758e-04 2.001368e-23 1.244321e-11 2.306585e-20 1.201924e-16 3.225843e-13 6.223891e-22 2.006675e-01 2.165053e-22 6.577205e-22 2.152053e-17 1.814387e-11 5.825077e-18 6.579693e-18 7.815371e-23 1.222613e-27 1.112769e-10 5.434912e-21 7.894783e-01 5.992662e-23 9.004967e-08 2.085477e-25 1.793098e-25 0.000000e+00 1.162714e-23 2.020038e-16 1.547118e-18 4.310359e-15 2.266674e-08 9.145888e-08 7.249719e-31 1.025036e-18 8.231145e-13 1.757173e-08 8.164169e-17 1.990761e-06 1.666713e-13 6.418430e-09 1.173542e-10 1.714573e-20 7.092162e-13 6.956610e-25 9.215179e-24 3.669064e-24 3.168692e-17 6.807803e-24 5.214429e-32 1.802131e-17 1.142592e-39 1.454102e-31 0.000000e+00 2.411183e-14 3.902270e-26 3.121860e-16 1.050948e-27 4.204953e-26 1.846676e-12 5.047702e-15 3.156807e-24 1.371241e-23 6.009382e-11 2.336413e-19 1.847907e-12 2.493312e-17 1.675042e-19 4.028733e-27 3.119532e-29 6.103112e-24 4.156168e-28 7.845578e-23 5.473863e-20 3.219064e-23 2.433812e-28 4.185469e-32 1.672220e-56 6.456918e-16 3.044247e-19 1.969593e-42 0.000000e+00 5.161234e-84 8.764207e-21 9.445982e-03
3.051540e-03 1.694847e-10 4.222995e-08 3.202805e-06 1.649388e-14 2.083676e-09 6.002515e-22 2.473368e-31 8.947627e-22 4.074738e-14 7.535602e-08 1.078268e-38 4.919053e-22 1.866066e-33 5.251507e-32 6.589919e-18 2.907352e-19 3.661849e-15 3.288028e-09 4.026477e-04 2.550067e-23 1.243107e-11 2.825172e-20 1.215911e-16 3.347563e-13 5.509276e-22 2.006644e-01 2.178271e-22 5.268785e-22 1.971269e-17 2.455502e-11 5.772580e-18 1.658344e-17 1.078596e-22 1.828252e-27 1.113466e-10 1.230820e-20 7.894821e-01 1.353394e-22 9.400038e-08 1.035102e-22 3.832821e-25 2.698245e-23 3.406733e-22 1.611630e-16 2.820126e-18 4.442243e-15 1.924211e-08 7.637099e-08 6.805972e-31 1.989346e-18 8.334748e-13 1.757048e-08 9.432198e-17 1.908669e-06 1.416199e-13 4.462032e-09 1.112426e-10 2.097915e-20 3.519622e-13 6.439849e-25 1.785367e-24 0.000000e+00 3.254080e-17 1.436947e-24 4.719113e-32 3.980847e-18 1.668632e-40 4.739544e-32 6.507099e-24 1.799376e-14 0.000000e+00 3.118848e-16 7.793844e-28 0.000000e+00 2.638236e-12 8.618993e-15 2.397470e-24 1.746826e-24 6.008183e-11 2.334701e-19 1.564135e-12 1.781773e-17 1.674821e-19 6.747081e-28 5.971530e-30 6.113836e-26 3.280791e-28 7.782825e-23 5.472477e-20 2.813468e-23 2.448033e-28 4.180397e-32 0.000000e+00 8.400326e-16 4.466261e-19 4.386024e-42 0.000000e+00 1.580550e-86 6.423629e-23 9.445437e-03
2.649512e-03 1.963370e-10 4.129953e-08 3.214822e-06 3.323115e-14 3.128858e-09 6.903661e-22 4.594072e-31 1.135097e-21 4.403176e-14 7.029032e-08 1.563728e-38 2.169311e-22 1.486156e-33 1.187220e-31 4.391308e-18 2.272199e-19 3.535559e-15 3.520181e-09 4.026179e-04 2.781441e-23 1.223004e-11 3.297470e-20 1.109237e-16 3.140109e-13 4.633537e-22 2.006610e-01 2.192102e-22 3.945321e-22 1.614866e-17 3.274674e-11 5.334168e-18 3.876053e-17 1.496714e-22 2.561107e-27 1.113501e-10 2.606880e-20 7.894861e-01 2.740314e-22 9.697528e-08 0.000000e+00 7.609972e-25 0.000000e+00 0.000000e+00 1.246529e-16 5.107217e-18 4.398720e-15 1.607957e-08 6.405075e-08 6.350544e-31 3.844085e-18 8.443062e-13 1.756922e-08 9.339786e-17 1.849042e-06 1.185587e-13 2.930411e-09 9.859189e-11 2.481560e-20 1.697586e-13 7.079790e-25 3.205684e-25 9.241005e-25 3.965432e-17 2.836029e-25 3.948766e-32 8.669542e-19 2.203291e-41 1.325063e-32 0.000000e+00 1.601079e-14 3.043103e-26 3.115726e-16 5.480130e-28 0.000000e+00 3.766863e-12 1.447627e-14 2.057502e-24 2.071439e-25 6.006295e-11 2.332926e-19 1.340912e-12 1.216611e-17 1.674598e-19 9.475944e-29 9.669958e-31 1.175558e-23 2.493358e-28 7.719220e-23 5.471011e-20 2.485937e-23 2.462229e-28 4.175709e-32 0.000000e+00 1.090638e-15 5.644739e-19 9.168946e-42 0.000000e+00 5.422485e-89 3.192812e-25 9.444871e-03
2.300449e-03 2.173809e-10 4.068147e-08 3.225118e-06 6.394414e-14 4.706004e-09 7.919246e-22 8.481518e-31 1.244857e-21 4.281470e-14 6.582891e-08 2.200710e-38 2.911776e-22 1.667676e-33 0.000000e+00 2.824006e-18 1.519586e-19 3.068497e-15 3.895443e-09 4.025859e-04 2.620293e-23 1.184614e-11 3.704159e-20 9.131214e-17 2.660216e-13 3.711661e-22 2.006575e-01 2.206734e-22 2.759615e-22 1.170003e-17 4.296719e-11 4.503648e-18 8.497600e-17 2.106175e-22 3.362619e-27 1.112984e-10 5.145833e-20 7.894903e-01 5.012184e-22 9.892621e-08 1.535615e-23 1.406153e-24 3.746080e-24 6.831433e-23 9.775192e-17 9.140393e-18 4.207542e-15 1.321963e-08 5.385752e-08 5.879707e-31 7.346416e-18 8.557694e-13 1.756794e-08 7.969657e-17 1.814411e-06 9.877163e-14 1.830031e-09 8.268686e-11 2.852545e-20 8.060148e-14 9.221186e-25 5.411075e-26 0.000000e+00 5.704683e-17 5.270142e-26 3.004507e-32 1.846808e-19 2.565139e-42 3.263628e-33 0.000000e+00 1.692734e-14 0.000000e+00 3.112450e-16 3.602614e-28 0.000000e+00 5.341497e-12 2.344355e-14 2.012399e-24 2.327431e-26 6.003737e-11 2.331069e-19 1.164579e-12 8.005767e-18 1.674370e-19 1.114790e-29 1.349380e-31 0.000000e+00 1.810098e-28 7.642507e-23 5.469455e-20 2.213020e-23 2.476001e-28 4.171321e-32 0.000000e+00 1.415908e-15 6.170381e-19 1.809216e-41 0.000000e+00 2.057121e-91 1.100032e-27 9.444276e-03
1.997374e-03 2.340672e-10 4.040291e-08 3.233546e-06 1.194103e-13 7.084944e-09 9.090044e-22 1.563797e-30 1.221336e-21 3.813857e-14 6.204059e-08 3.008692e-38 3.034686e-22 2.815672e-33 0.000000e+00 1.831909e-18 9.050298e-20 2.447464e-15 4.428246e-09 4.025528e-04 2.215543e-23 1.135588e-11 4.093776e-20 6.931803e-17 2.076347e-13 2.875101e-22 2.006538e-01 2.221705e-22 1.751815e-22 7.565646e-18 5.553744e-11 3.456987e-18 1.763132e-16 3.026628e-22 4.207993e-27 1.112048e-10 9.535273e-20 7.894947e-01 8.414943e-22 9.996891e-08 3.783300e-24 2.440518e-24 8.713902e-25 1.467580e-23 8.175772e-17 1.594490e-17 3.930644e-15 1.069239e-08 4.569060e-08 5.412058e-31 1.385632e-17 8.674964e-13 1.756668e-08 6.085977e-17 1.802611e-06 8.256684e-14 1.106391e-09 6.689662e-11 3.217581e-20 3.808486e-14 1.347131e-24 1.050535e-26 1.051266e-25 9.133335e-17 1.097830e-26 2.107781e-32 3.980137e-20 2.758432e-43 8.784779e-34 0.000000e+00 2.010682e-14 3.079052e-27 3.109128e-16 2.223646e-28 8.214239e-28 7.445547e-12 3.650033e-14 2.159283e-24 3.114878e-27 6.000523e-11 2.329195e-19 1.029815e-12 5.194678e-18 1.674145e-19 1.345240e-30 1.994298e-32 0.000000e+00 1.266419e-28 7.563606e-23 5.467871e-20 1.988160e-23 2.489668e-28 4.167349e-32 2.870819e-57 1.838555e-15 6.037143e-19 3.449467e-41 0.000000e+00 8.920299e-94 2.818849e-30 9.443673e-03
1.734228e-03 2.489060e-10 4.045700e-08 3.240508e-06 2.194214e-13 1.066288e-08 1.043426e-21 2.884484e-30 1.114364e-21 3.188602e-14 5.875568e-08 3.995750e-38 1.254766e-22 1.059812e-33 1.069141e-31 1.223340e-18 5.000410e-20 1.836135e-15 5.156169e-09 4.025180e-04 1.750816e-23 1.079153e-11 4.525375e-20 4.983344e-17 1.526308e-13 2.199582e-22 2.006500e-01 2.237372e-22 1.071594e-22 4.442074e-18 7.061652e-11 2.415006e-18 3.483982e-16 4.446693e-22 5.115327e-27 1.110776e-10 1.672400e-19 7.894991e-01 1.327961e-21 1.001848e-07 2.263507e-24 4.008877e-24 5.725369e-25 1.217696e-23 7.408514e-17 2.715139e-17 3.618959e-15 8.500536e-09 3.899967e-08 4.941211e-31 2.580604e-17 8.797514e-13 1.756542e-08 4.318155e-17 1.809031e-06 6.919342e-14 6.535726e-10 5.303311e-11 3.591586e-20 1.785525e-14 2.080646e-24 4.818561e-27 3.703158e-27 1.527311e-16 4.971357e-27 1.355537e-32 8.567829e-21 2.691194e-44 5.363277e-34 0.000000e+00 2.526228e-14 1.634986e-27 3.105691e-16 1.265490e-28 0.000000e+00 1.010067e-11 5.500515e-14 2.428298e-24 1.115848e-27 5.996511e-11 2.327271e-19 9.240417e-13 3.369941e-18 1.673916e-19 3.454648e-31 6.271829e-33 1.897185e-26 8.490580e-29 7.505952e-23 5.466219e-20 1.806818e-23 2.504578e-28 4.163672e-32 0.000000e+00 2.385084e-15 5.495271e-19 6.492814e-41 0.000000e+00 4.327738e-96 5.423868e-33 9.443048e-03
1.505751e-03 2.646741e-10 4.085487e-08 3.246226e-06 4.002294e-13 1.599076e-08 1.197683e-21 5.330530e-30 9.822072e-22 2.570188e-14 5.588027e-08 5.151344e-38 7.318476e-23 1.078693e-33 3.182266e-31 8.449380e-19 2.662352e-20 1.325076e-15 6.126577e-09 4.024811e-04 1.350551e-23 1.017482e-11 5.058956e-20 3.496451e-17 1.081631e-13 1.703032e-22 2.006459e-01 2.253905e-22 5.913223e-23 2.429247e-18 8.805630e-11 1.550616e-18 6.597417e-16 6.631517e-22 6.104339e-27 1.109229e-10 2.782480e-19 7.895039e-01 1.996903e-21 9.966964e-08 0.000000e+00 6.258558e-24 0.000000e+00 0.000000e+00 7.164451e-17 4.500790e-17 3.308892e-15 6.636011e-09 3.346147e-08 4.467163e-31 4.723220e-17 8.926829e-13 1.756413e-08 2.943645e-17 1.828354e-06 5.769444e-14 3.810400e-10 4.177208e-11 3.994053e-20 8.249097e-15 3.264201e-24 6.402305e-27 2.212942e-26 2.553094e-16 6.576180e-27 7.900556e-33 1.828150e-21 2.344669e-45 9.003782e-34 0.000000e+00 3.223429e-14 9.315449e-28 3.102102e-16 6.509725e-29 6.997867e-28 1.319528e-11 7.994767e-14 2.784420e-24 1.176847e-27 5.991598e-11 2.325283e-19 8.396267e-13 2.214915e-18 1.673681e-19 2.466440e-31 5.644356e-33 2.635963e-23 5.404738e-29 7.423713e-23 5.464482e-20 1.664137e-23 2.520390e-28 4.160236e-32 0.000000e+00 3.083989e-15 4.833438e-19 1.209597e-40 0.000000e+00 2.326544e-98 8.032947e-36 9.442395e-03
1.307374e-03 2.833194e-10 4.160204e-08 3.250742e-06 7.259537e-13 2.377504e-08 1.376138e-21 9.864959e-30 8.619112e-22 2.046628e-14 5.340523e-08 6.447644e-38 5.377133e-23 6.580973e-34 0.000000e+00 6.033286e-19 1.417520e-20 9.429401e-16 7.380100e-09 4.024426e-04 1.066887e-23 9.531781e-12 5.747278e-20 2.455754e-17 7.567228e-14 1.361879e-22 2.006417e-01 2.271044e-22 3.258471e-23 1.273462e-18 1.072478e-10 9.326903e-19 1.202773e-15 9.942674e-22 7.212718e-27 1.107490e-10 4.399458e-19 7.895087e-01 2.879160e-21 9.856707e-08 2.078714e-23 9.307227e-24 4.914495e-24 2.026251e-22 7.218232e-17 7.186043e-17 3.024908e-15 5.087568e-09 2.894428e-08 4.002750e-31 8.460277e-17 9.061286e-13 1.756284e-08 1.989965e-17 1.850690e-06 4.739420e-14 2.211693e-10 3.295455e-11 4.450184e-20 3.721415e-15 5.068685e-24 1.078683e-26 0.000000e+00 4.147738e-16 1.120307e-26 4.161971e-33 3.920810e-22 1.853998e-46 1.852043e-33 0.000000e+00 4.068548e-14 0.000000e+00 3.098416e-16 3.005860e-29 0.000000e+00 1.642758e-11 1.124192e-13 3.191096e-24 1.564904e-27 5.985729e-11 2.323267e-19 7.728611e-13 1.493309e-18 1.673443e-19 2.210321e-31 6.617242e-33 0.000000e+00 3.282058e-29 7.280202e-23 5.462685e-20 1.559321e-23 2.535360e-28 4.157069e-32 0.000000e+00 3.955276e-15 4.233706e-19 2.229459e-40 0.000000e+00 1.407291e-100 9.595096e-39 9.441724e-03
1.135133e-03 3.055122e-10 4.271150e-08 3.254182e-06 1.303021e-12 3.482930e-08 1.582750e-21 1.819869e-29 7.651540e-22 1.635165e-14 5.127385e-08 7.828673e-38 2.014459e-23 0.000000e+00 0.000000e+00 4.446109e-19 7.709620e-21 6.710328e-16 8.991585e-09 4.024023e-04 9.054026e-24 8.867398e-12 6.611430e-20 1.751308e-17 5.298385e-14 1.139015e-22 2.006375e-01 2.288990e-22 1.853920e-23 6.566872e-19 1.272261e-10 5.360729e-19 2.118259e-15 1.481940e-21 8.460801e-27 1.105603e-10 6.623808e-19 7.895137e-01 3.994403e-21 9.696036e-08 1.033453e-23 1.320609e-23 2.421733e-24 1.454674e-22 7.427115e-17 1.097658e-16 2.771221e-15 3.834314e-09 2.524439e-08 3.552675e-31 1.476412e-16 9.201865e-13 1.756154e-08 1.354629e-17 1.864130e-06 3.799344e-14 1.279097e-10 2.607682e-11 4.977302e-20 1.624165e-15 7.722088e-24 1.805261e-26 0.000000e+00 6.494395e-16 1.860812e-26 1.948412e-33 8.436328e-23 1.315571e-47 3.711990e-33 0.000000e+00 5.033491e-14 0.000000e+00 3.094617e-16 1.226624e-29 0.000000e+00 1.941039e-11 1.535320e-13 3.623152e-24 2.135671e-27 5.978803e-11 2.321218e-19 7.196495e-13 1.038732e-18 1.673203e-19 1.977311e-31 7.836054e-33 0.000000e+00 1.895371e-29 7.159942e-23 5.460821e-20 1.490762e-23 2.551385e-28 4.154134e-32 0.000000e+00 5.000702e-15 3.752319e-19 4.033652e-40 0.000000e+00 9.538547e-103 9.463495e-42 9.441033e-03
9.855837e-04 3.307840e-10 4.419031e-08 3.256615e-06 2.294955e-12 4.996502e-08 1.822536e-21 3.325748e-29 6.912554e-22 1.322212e-14 4.945466e-08 9.222750e-38 3.103314e-23 5.430279e-34 5.477226e-31 3.387531e-19 4.352013e-21 4.837822e-16 1.104559e-08 4.023604e-04 8.703730e-24 8.190376e-12 7.643777e-20 1.274943e-17 3.753552e-14 1.001165e-22 2.006331e-01 2.307849e-22 1.114566e-23 3.404428e-19 1.469220e-10 3.015624e-19 3.613823e-15 2.173222e-21 1.045793e-26 1.103614e-10 9.520964e-19 7.895189e-01 5.322332e-21 9.494296e-08 1.745959e-24 1.792429e-23 3.838388e-25 2.363761e-23 7.704043e-17 1.589802e-16 2.546096e-15 2.848520e-09 2.222482e-08 3.125840e-31 2.498144e-16 9.348737e-13 1.756024e-08 9.381819e-18 1.857125e-06 2.953457e-14 7.381123e-11 2.064970e-11 5.589425e-20 6.833052e-16 1.149145e-23 2.915484e-26 1.134548e-25 9.783997e-16 2.913683e-26 8.038115e-34 1.836053e-23 8.453330e-49 7.107842e-33 5.072571e-32 6.073734e-14 1.481936e-33 3.090717e-16 4.405528e-30 2.510902e-26 2.178539e-11 2.036931e-13 4.040830e-24 2.921954e-27 5.970822e-11 2.319149e-19 6.773593e-13 7.472205e-19 1.672959e-19 1.742832e-31 9.130989e-33 2.861832e-24 1.050187e-29 7.051391e-23 5.458897e-20 1.454677e-23 2.568560e-28 4.151417e-32 0.000000e+00 6.194729e-15 3.384930e-19 7.081817e-40 0.000000e+00 7.264702e-105 7.924123e-45 9.440322e-03
8.557371e-04 3.580993e-10 4.608411e-08 3.258145e-06 3.928807e-12 6.982200e-08 2.099562e-21 5.989368e-29 6.334114e-22 1.082780e-14 4.788106e-08 1.052883e-37 2.372222e-23 4.939748e-34 0.000000e+00 2.677966e-19 2.553198e-21 3.546654e-16 1.370144e-08 4.023156e-04 9.713370e-24 7.506143e-12 8.778603e-20 9.484037e-18 2.699625e-14 9.332527e-23 2.006285e-01 2.328012e-22 9.712269e-24 1.803490e-19 1.654933e-10 1.693012e-19 6.010006e-15 3.082951e-21 1.131507e-26 1.101514e-10 1.300868e-18 7.895242e-01 6.769884e-21 9.253426e-08 1.548467e-23 2.333214e-23 3.611840e-24 3.141156e-22 7.983830e-17 2.179392e-16 2.340948e-15 2.091917e-09 1.971246e-08 2.721881e-31 4.045849e-16 9.505887e-13 1.755892e-08 6.595105e-18 1.826751e-06 2.217947e-14 4.256471e-11 1.634928e-11 6.286936e-20 2.783852e-16 1.673195e-23 4.538113e-26 8.915895e-26 1.426084e-15 4.311770e-26 2.865118e-34 4.022815e-24 4.900766e-50 1.313482e-32 6.233999e-32 7.157918e-14 1.396337e-33 3.086630e-16 1.377603e-30 1.955593e-26 2.340739e-11 2.562819e-13 4.430627e-24 3.982528e-27 5.962481e-11 2.317017e-19 6.431396e-13 5.539937e-19 1.672706e-19 1.528436e-31 1.061065e-32 0.000000e+00 5.581680e-30 6.899240e-23 5.456879e-20 1.439925e-23 2.586101e-28 4.148842e-32 0.000000e+00 7.498373e-15 3.097342e-19 1.158607e-39 0.000000e+00 6.079146e-107 5.793808e-48 9.439579e-03
7.429971e-04 3.860700e-10 4.853195e-08 3.258838e-06 6.517236e-12 9.499289e-08 2.416670e-21 1.058606e-28 5.869483e-22 8.973913e-15 4.646111e-08 1.158807e-37 1.927759e-23 4.763957e-34 2.252299e-31 2.186576e-19 1.542003e-21 2.624768e-16 1.728867e-08 4.022654e-04 1.233319e-23 6.829420e-12 9.959286e-20 7.165483e-18 1.960293e-14 9.098488e-23 2.006234e-01 2.351107e-22 2.131292e-23 9.817330e-20 1.824964e-10 9.550402e-20 9.738947e-15 4.232490e-21 1.229441e-26 1.099213e-10 1.706777e-18 7.895302e-01 8.271041e-21 8.964497e-08 0.000000e+00 2.927625e-23 0.000000e+00 0.000000e+00 8.212893e-17 2.846087e-16 2.144390e-15 1.522154e-09 1.751989e-08 2.330600e-31 6.302344e-16 9.683247e-13 1.755750e-08 4.654949e-18 1.770469e-06 1.611772e-14 2.436506e-11 1.285861e-11 7.065671e-20 1.097032e-16 2.398971e-23 6.856257e-26 0.000000e+00 2.029665e-15 6.099007e-26 8.876047e-35 8.602398e-25 2.669848e-51 2.359140e-32 2.525525e-32 8.280397e-14 1.250454e-33 3.082124e-16 3.622941e-31 0.000000e+00 2.427490e-11 3.089501e-13 4.772205e-24 5.420193e-27 5.953862e-11 2.314712e-19 6.141596e-13 4.211261e-19 1.672431e-19 1.344059e-31 1.228482e-32 5.653771e-25 2.802598e-30 6.827105e-23 5.454657e-20 1.444233e-23 2.605738e-28 4.146267e-32 0.000000e+00 8.855419e-15 2.865963e-19 1.778040e-39 0.000000e+00 5.309671e-109 3.648893e-51 9.438760e-03
6.451103e-04 4.138188e-10 5.164636e-08 3.258639e-06 1.044260e-11 1.257376e-07 2.778792e-21 1.839359e-28 5.468586e-22 7.495361e-15 4.517136e-08 1.227321e-37 1.660164e-23 4.852145e-34 8.313574e-31 1.848327e-19 9.544054e-22 1.963958e-16 2.217741e-08 4.022081e-04 1.678866e-23 6.178958e-12 1.107861e-19 5.497570e-18 1.438956e-14 9.312730e-23 2.006178e-01 2.377712e-22 1.051409e-22 5.518702e-20 1.977632e-10 5.487697e-20 1.549789e-14 5.548417e-21 1.298383e-26 1.096683e-10 2.137361e-18 7.895368e-01 9.652705e-21 8.628157e-08 8.528720e-25 3.552420e-23 1.980815e-25 1.905096e-23 8.358060e-17 3.545274e-16 1.953646e-15 1.099728e-09 1.558383e-08 1.957813e-31 9.332197e-16 9.886716e-13 1.755598e-08 3.287936e-18 1.696703e-06 1.135594e-14 1.393089e-11 1.006798e-11 7.919944e-20 4.229034e-17 3.380946e-23 1.002538e-25 7.482609e-26 2.820401e-15 8.266976e-26 2.928708e-35 1.796860e-25 2.172991e-52 4.140773e-32 1.111546e-31 9.383354e-14 1.011220e-33 3.077086e-16 8.016283e-32 1.627851e-26 2.453133e-11 3.469536e-13 5.056155e-24 7.273067e-27 5.946447e-11 2.312186e-19 5.894039e-13 3.265413e-19 1.672127e-19 1.184288e-31 1.436362e-32 4.446888e-23 1.334866e-30 6.705219e-23 5.452190e-20 1.455137e-23 2.627275e-28 4.143645e-32 1.432015e-56 1.023098e-14 2.665902e-19 2.454086e-39 0.000000e+00 4.758035e-111 2.093442e-54 9.437847e-03
5.601196e-04 4.404454e-10 5.561798e-08 3.257443e-06 1.626975e-11 1.628067e-07 3.191402e-21 3.140104e-28 5.139360e-22 6.319059e-15 4.397715e-08 1.245593e-37 1.486866e-23 5.130232e-34 0.000000e+00 1.600285e-19 6.035758e-22 1.481059e-16 2.897874e-08 4.021409e-04 2.369266e-23 5.570481e-12 1.216113e-19 4.246920e-18 1.063482e-14 9.678153e-23 2.006113e-01 2.409138e-22 0.000000e+00 3.184787e-20 2.113773e-10 3.204708e-20 2.404095e-14 7.095858e-21 1.350152e-26 1.093844e-10 2.611873e-18 7.895445e-01 1.091877e-20 8.239241e-08 5.212107e-24 4.190916e-23 1.199583e-24 1.590090e-22 8.402888e-17 4.246369e-16 1.765917e-15 7.899193e-10 1.383474e-08 1.605304e-31 1.344195e-15 1.012622e-12 1.755430e-08 2.321936e-18 1.604479e-06 7.805966e-15 7.902551e-12 7.779042e-12 8.858184e-20 1.585659e-17 4.693340e-23 1.424249e-25 0.000000e+00 3.832999e-15 1.078872e-25 1.846843e-35 3.619516e-26 6.740225e-53 7.039608e-32 3.556399e-32 1.041696e-13 8.231153e-34 3.071308e-16 1.534004e-32 0.000000e+00 2.426543e-11 3.769840e-13 5.221756e-24 9.656906e-27 5.939430e-11 2.309349e-19 5.678281e-13 2.576397e-19 1.671782e-19 1.040964e-31 1.653386e-32 1.880392e-25 6.026949e-31 6.325910e-23 5.449374e-20 1.477124e-23 2.651140e-28 4.140897e-32 2.731199e-57 1.156995e-14 2.500547e-19 3.243570e-39 0.000000e+00 4.263017e-113 1.656569e-56 9.436800e-03
4.863261e-04 4.666216e-10 6.057202e-08 3.255125e-06 2.453121e-11 2.057941e-07 3.660929e-21 5.332147e-28 4.811661e-22 5.313753e-15 4.288100e-08 1.211101e-37 1.419409e-23 5.753289e-34 4.387583e-31 1.436297e-19 3.864468e-22 1.130325e-16 3.835593e-08 4.020623e-04 3.232070e-23 5.010579e-12 1.297166e-19 3.339485e-18 7.922562e-15 1.066355e-22 2.006038e-01 2.446670e-22 0.000000e+00 1.896404e-20 2.236504e-10 1.920656e-20 3.720535e-14 8.488458e-21 1.292732e-26 1.090682e-10 3.005903e-18 7.895533e-01 1.168833e-20 7.803065e-08 4.010299e-25 4.801890e-23 8.671940e-26 9.884067e-24 8.330541e-17 4.910942e-16 1.582782e-15 5.641993e-10 1.226298e-08 1.284697e-31 1.804010e-15 1.040636e-12 1.755247e-08 1.630837e-18 1.516755e-06 5.236523e-15 4.525514e-12 6.030037e-12 9.860355e-20 5.917546e-18 6.376683e-23 1.944467e-25 0.000000e+00 5.061621e-15 1.354557e-25 2.092382e-35 7.160382e-27 6.269667e-53 1.175459e-31 0.000000e+00 1.128986e-13 5.599828e-34 3.064704e-16 3.214833e-33 0.000000e+00 2.382473e-11 3.601997e-13 5.346043e-24 1.231501e-26 5.936804e-11 2.306181e-19 5.491951e-13 2.052928e-19 1.671393e-19 9.084566e-32 1.970645e-32 0.000000e+00 2.646736e-31 5.879048e-23 5.446200e-20 1.484648e-23 2.678230e-28 4.138015e-32 0.000000e+00 1.292856e-14 2.335414e-19 3.583232e-39 0.000000e+00 3.809389e-115 3.344274e-53 9.435613e-03
4.222546e-04 4.916964e-10 6.663754e-08 3.251570e-06 3.625594e-11 2.561840e-07 4.197335e-21 8.975144e-28 4.542688e-22 4.492986e-15 4.188023e-08 1.129044e-37 1.397374e-23 6.643178e-34 1.343309e-30 1.312848e-19 2.528541e-22 8.755920e-17 5.117193e-08 4.019705e-04 4.364550e-23 4.505858e-12 1.368816e-19 2.638685e-18 5.945597e-15 1.174812e-22 2.005953e-01 2.491733e-22 1.094175e-23 1.151693e-20 2.347604e-10 1.177136e-20 5.639643e-14 9.949688e-21 1.218564e-26 1.087171e-10 3.393859e-18 7.895633e-01 1.220040e-20 7.326317e-08 0.000000e+00 5.380098e-23 0.000000e+00 0.000000e+00 8.159291e-17 5.533270e-16 1.407901e-15 4.011991e-10 1.085836e-08 1.003638e-31 2.365122e-15 1.073105e-12 1.755050e-08 1.152640e-18 1.422651e-06 3.454679e-15 2.590249e-12 4.619620e-12 1.096765e-19 2.165958e-18 8.509203e-23 2.571396e-25 6.396372e-26 6.508068e-15 1.640616e-25 2.746044e-35 1.422205e-27 7.727824e-53 1.891388e-31 2.080477e-31 1.195382e-13 4.007480e-34 3.057187e-16 1.252144e-33 1.359702e-26 2.315875e-11 3.299592e-13 5.332105e-24 1.534367e-26 5.935230e-11 2.302663e-19 5.332248e-13 1.655514e-19 1.670954e-19 7.826531e-32 2.306283e-32 3.989153e-25 1.189659e-31 5.489089e-23 5.442611e-20 1.494993e-23 2.709238e-28 4.134991e-32 6.999269e-58 1.424393e-14 2.197912e-19 3.801091e-39 0.000000e+00 3.406572e-117 6.903521e-50 9.434261e-03
3.666242e-04 5.165031e-10 7.395416e-08 3.246658e-06 5.240898e-11 3.138089e-07 4.809146e-21 1.512636e-27 4.291531e-22 3.788050e-15 4.096828e-08 1.009925e-37 1.525862e-23 8.476718e-34 0.000000e+00 1.231158e-19 1.679059e-22 6.900794e-17 6.851814e-08 4.018631e-04 5.636170e-23 4.054311e-12 1.414650e-19 2.111265e-18 4.490382e-15 1.314451e-22 2.005856e-01 2.545568e-22 0.000000e+00 7.148334e-21 2.450448e-10 7.384208e-21 8.503871e-14 1.110968e-20 1.081160e-26 1.083275e-10 3.669271e-18 7.895746e-01 1.225132e-20 6.815963e-08 3.943231e-24 5.890055e-23 8.722270e-25 6.802469e-23 7.884889e-17 6.110473e-16 1.243032e-15 2.839129e-10 9.607475e-09 7.659932e-32 2.943140e-15 1.110311e-12 1.754838e-08 8.170309e-19 1.336031e-06 2.242232e-15 1.494953e-12 3.538118e-12 1.217985e-19 7.871779e-19 1.113644e-22 3.279822e-25 0.000000e+00 8.134614e-15 1.922019e-25 3.471740e-35 3.075796e-28 9.520946e-53 2.967872e-31 8.299482e-32 1.238467e-13 2.751167e-34 3.048655e-16 8.861951e-34 0.000000e+00 2.248489e-11 2.741970e-13 5.265136e-24 1.835870e-26 5.935883e-11 2.298771e-19 5.196190e-13 1.344000e-19 1.670460e-19 6.655544e-32 2.754810e-32 1.557134e-25 6.016134e-32 5.011384e-23 5.438576e-20 1.494314e-23 2.744836e-28 4.131814e-32 0.000000e+00 1.557986e-14 2.067744e-19 3.530725e-39 0.000000e+00 3.043616e-119 1.325386e-46 9.432736e-03
3.183230e-04 5.411510e-10 8.265900e-08 3.240276e-06 7.459012e-11 3.799691e-07 5.507336e-21 2.552392e-27 4.080221e-22 3.193691e-15 4.013665e-08 8.683974e-38 5.584139e-23 6.798629e-33 1.931436e-31 1.175080e-19 1.135458e-22 5.542793e-17 9.172954e-08 4.017377e-04 7.050068e-23 3.653686e-12 1.443329e-19 1.703002e-18 3.410379e-15 1.431979e-22 2.005745e-01 2.609462e-22 0.000000e+00 4.509144e-21 2.547228e-10 4.727407e-21 1.266901e-13 1.203257e-20 9.265381e-27 1.078948e-10 3.855911e-18 7.895875e-01 1.198177e-20 6.281003e-08 1.001419e-26 6.317061e-23 0.000000e+00 2.946536e-23 7.525442e-17 6.652934e-16 1.090369e-15 1.999948e-10 8.498433e-09 5.718257e-32 3.538309e-15 1.152323e-12 1.754613e-08 5.839830e-19 1.253925e-06 1.436683e-15 8.674695e-13 2.695807e-12 1.353553e-19 2.829973e-19 1.434483e-22 4.058258e-25 5.601073e-26 9.914464e-15 2.186580e-25 4.222480e-35 9.695753e-29 1.138144e-52 4.516208e-31 2.408741e-31 1.259888e-13 1.973239e-34 3.039012e-16 7.439486e-34 1.149990e-26 2.180937e-11 2.123812e-13 5.135411e-24 2.127251e-26 5.936777e-11 2.294494e-19 5.080929e-13 1.098394e-19 1.669906e-19 5.584534e-32 3.306248e-32 7.483040e-24 3.711773e-32 4.281036e-23 5.434045e-20 1.488867e-23 2.783745e-28 4.128473e-32 3.953770e-58 1.692783e-14 1.955048e-19 3.024494e-39 0.000000e+00 2.721106e-121 2.122826e-43 9.431016e-03
2.763852e-04 5.660395e-10 9.290199e-08 3.232305e-06 1.047873e-10 4.556247e-07 6.302801e-21 4.321610e-27 3.908886e-22 2.691066e-15 3.937427e-08 7.192907e-38 1.652194e-23 1.244260e-33 0.000000e+00 1.139268e-19 7.814674e-23 4.540657e-17 1.224428e-07 4.015915e-04 8.531541e-23 3.300428e-12 1.455650e-19 1.385260e-18 2.602791e-15 1.457213e-22 2.005620e-01 2.685688e-22 4.934594e-24 2.885636e-21 2.640132e-10 3.082242e-21 1.865735e-13 1.264779e-20 7.463144e-27 1.074132e-10 3.938622e-18 7.896021e-01 1.144976e-20 5.730967e-08 8.530347e-24 6.642618e-23 1.792361e-24 2.475315e-22 7.093801e-17 7.170825e-16 9.510814e-16 1.402366e-10 7.517997e-09 4.180460e-32 4.110301e-15 1.199017e-12 1.754373e-08 4.215533e-19 1.177919e-06 9.101369e-16 5.061615e-13 2.045097e-12 1.507475e-19 1.008961e-19 1.823295e-22 4.887429e-25 1.189537e-25 1.181550e-14 2.425566e-25 4.938150e-35 6.381511e-29 1.316746e-52 6.677440e-31 3.996548e-31 1.263584e-13 1.458980e-34 3.028147e-16 6.439154e-34 2.491655e-26 2.117636e-11 1.537071e-13 4.974613e-24 2.389805e-26 5.936862e-11 2.289812e-19 4.983617e-13 9.023140e-20 1.669287e-19 4.633416e-32 4.011140e-32 0.000000e+00 2.879880e-32 3.387701e-23 5.428968e-20 1.478978e-23 2.827303e-28 4.124955e-32 3.802439e-58 1.830846e-14 1.859211e-19 2.385309e-39 0.000000e+00 2.435072e-123 2.650525e-40 9.429081e-03
2.399726e-04 5.916310e-10 1.048355e-07 3.222624e-06 1.455387e-10 5.416926e-07 7.206827e-21 7.356214e-27 3.776300e-22 2.265166e-15 3.866957e-08 5.756765e-38 1.839984e-23 1.607259e-33 0.000000e+00 1.121033e-19 5.461867e-23 3.794188e-17 1.625972e-07 4.014212e-04 9.963205e-23 2.991630e-12 1.451923e-19 1.137927e-18 1.995495e-15 1.341832e-22 2.005478e-01 2.775345e-22 5.315710e-25 1.872633e-21 2.731218e-10 2.043707e-21 2.719520e-13 1.287318e-20 7.542461e-27 1.068760e-10 3.903028e-18 7.896186e-01 1.071673e-20 5.176462e-08 1.130605e-23 6.855875e-23 2.319559e-24 3.340334e-22 6.604007e-17 7.672368e-16 8.257518e-16 9.790768e-11 6.653772e-09 2.997323e-32 4.603621e-15 1.250009e-12 1.754120e-08 3.074475e-19 1.109437e-06 5.707647e-16 2.973831e-13 1.547375e-12 1.684284e-19 3.577557e-20 2.291542e-22 5.744513e-25 1.298544e-25 1.380409e-14 2.633404e-25 5.544220e-35 6.684168e-29 1.474961e-52 9.619743e-31 4.433218e-31 1.254379e-13 1.072684e-34 3.015945e-16 5.636772e-34 2.690714e-26 2.061990e-11 1.040584e-13 4.816099e-24 2.603141e-26 5.935438e-11 2.284713e-19 4.901653e-13 7.439259e-20 1.668596e-19 3.813358e-32 4.967771e-32 0.000000e+00 2.676599e-32 2.698715e-23 5.423292e-20 1.464876e-23 2.875282e-28 4.121242e-32 6.538572e-59 1.975055e-14 1.778847e-19 1.714440e-39 0.000000e+00 2.181512e-125 2.403380e-37 9.426912e-03
2.083571e-04 6.177348e-10 1.186408e-07 3.211089e-06 2.013419e-10 6.416178e-07 8.231700e-21 1.247830e-26 3.709433e-22 1.915627e-15 3.800966e-08 4.478558e-38 2.056549e-23 2.082612e-33 3.133604e-30 1.106553e-19 3.900029e-23 3.230911e-17 2.145538e-07 4.012228e-04 1.153970e-22 2.718719e-12 1.449132e-19 9.355108e-19 1.536029e-15 1.102791e-22 2.005319e-01 2.882500e-22 4.480435e-25 1.223626e-21 2.821218e-10 1.371845e-21 3.875689e-13 1.307198e-20 1.971526e-27 1.062747e-10 3.842718e-18 7.896371e-01 1.000727e-20 4.627876e-08 0.000000e+00 6.952887e-23 0.000000e+00 0.000000e+00 6.085333e-17 8.166257e-16 7.144975e-16 6.808895e-11 5.892865e-09 2.108476e-32 5.114856e-15 1.304801e-12 1.753851e-08 2.280579e-19 1.041858e-06 3.552289e-16 1.743776e-13 1.156529e-12 1.893223e-19 1.237300e-20 2.861037e-22 6.648859e-25 0.000000e+00 1.588948e-14 2.809283e-25 6.222957e-35 7.835502e-29 1.644622e-52 1.339408e-30 0.000000e+00 1.236502e-13 8.190128e-35 3.002271e-16 5.003829e-34 0.000000e+00 2.005191e-11 6.891140e-14 4.620285e-24 2.799542e-26 5.931833e-11 2.279190e-19 4.832553e-13 6.168895e-20 1.667824e-19 3.110722e-32 6.075377e-32 7.064633e-23 2.741875e-32 2.607014e-23 5.416941e-20 1.456125e-23 2.929939e-28 4.117314e-32 0.000000e+00 2.120274e-14 1.725517e-19 1.230921e-39 0.000000e+00 1.960503e-127 1.461304e-34 9.424470e-03
1.809069e-04 6.454360e-10 1.345087e-07 3.197544e-06 2.761614e-10 7.549939e-07 9.387213e-21 2.121677e-26 3.680546e-22 1.618708e-15 3.738270e-08 3.416762e-38 2.349953e-23 2.751344e-33 0.000000e+00 1.105837e-19 2.831586e-23 2.800776e-17 2.810552e-07 4.009919e-04 1.287098e-22 2.483512e-12 1.433163e-19 7.780912e-19 1.186923e-15 8.197293e-23 2.005139e-01 3.007195e-22 3.946652e-25 8.103807e-22 2.912959e-10 9.332860e-22 5.475926e-13 1.282987e-20 0.000000e+00 1.056002e-10 3.661552e-18 7.896579e-01 9.192436e-21 4.094728e-08 1.099589e-23 6.927459e-23 2.118166e-24 3.330865e-22 5.538547e-17 8.651587e-16 6.164224e-16 4.718924e-11 5.223447e-09 1.456930e-32 5.465282e-15 1.362514e-12 1.753566e-08 1.710481e-19 9.831437e-07 2.193451e-16 1.030339e-13 8.639460e-13 2.138346e-19 4.406675e-21 3.541118e-22 7.544875e-25 0.000000e+00 1.800351e-14 2.949697e-25 6.682424e-35 9.247767e-29 1.773447e-52 1.824732e-30 0.000000e+00 1.213673e-13 5.882777e-35 2.986977e-16 4.487357e-34 0.000000e+00 1.959908e-11 4.326988e-14 4.468966e-24 2.923379e-26 5.926432e-11 2.273200e-19 4.774214e-13 5.122866e-20 1.666963e-19 2.530388e-32 7.687202e-32 0.000000e+00 3.046303e-32 1.041429e-23 5.409854e-20 1.444312e-23 2.988035e-28 4.113144e-32 0.000000e+00 2.276485e-14 1.684723e-19 7.972513e-40 0.000000e+00 1.764037e-129 5.950166e-32 9.421745e-03
1.570732e-04 6.742993e-10 1.526535e-07 3.181813e-06 3.789625e-10 8.877360e-07 1.068524e-20 3.552885e-26 3.722528e-22 1.375510e-15 3.677718e-08 2.612165e-38 2.667180e-23 3.610869e-33 2.937061e-30 1.102028e-19 2.090413e-23 2.467556e-17 3.653318e-07 4.007231e-04 1.433492e-22 2.273755e-12 1.424511e-19 6.454867e-19 9.203783e-16 5.726761e-23 2.004938e-01 3.154211e-22 7.659150e-25 5.382583e-22 3.006421e-10 6.407596e-22 7.555545e-13 1.267214e-20 1.908155e-26 1.048418e-10 3.483114e-18 7.896812e-01 8.475106e-21 3.586299e-08 0.000000e+00 6.775878e-23 0.000000e+00 0.000000e+00 4.995747e-17 9.130737e-16 5.308638e-16 3.261048e-11 4.634908e-09 9.888421e-33 5.830072e-15 1.422213e-12 1.753262e-08 1.304081e-19 9.247063e-07 1.347592e-16 6.070368e-14 6.366339e-13 2.435445e-19 1.409580e-21 4.365078e-22 8.480488e-25 0.000000e+00 2.018064e-14 3.058252e-25 7.208109e-35 1.079500e-28 1.905925e-52 2.406558e-30 0.000000e+00 1.187794e-13 4.338071e-35 2.969902e-16 4.082134e-34 0.000000e+00 1.914091e-11 2.689582e-14 4.292133e-24 3.036404e-26 5.919140e-11 2.266753e-19 4.724774e-13 4.275678e-20 1.666002e-19 2.042726e-32 9.559468e-32 1.106260e-22 3.809773e-32 2.041655e-23 5.401941e-20 1.440374e-23 3.052245e-28 4.108702e-32 0.000000e+00 2.435080e-14 1.669663e-19 5.290522e-40 0.000000e+00 1.593480e-131 1.484359e-29 9.418679e-03
1.363794e-04 7.056731e-10 1.733058e-07 3.163699e-06 5.169494e-10 1.038738e-06 1.214459e-20 5.827715e-26 3.809638e-22 1.169634e-15 3.618247e-08 2.066588e-38 3.085296e-23 4.817238e-33 0.000000e+00 1.109533e-19 1.560410e-23 2.205900e-17 4.710928e-07 4.004107e-04 1.537284e-22 2.095574e-12 1.407169e-19 5.419655e-19 7.162230e-16 3.818636e-23 2.004711e-01 3.322307e-22 2.032031e-23 3.622779e-22 3.104839e-10 4.449140e-22 1.035197e-12 1.211333e-20 3.373228e-25 1.039879e-10 3.203274e-18 7.897074e-01 7.701297e-21 3.109522e-08 1.597302e-24 6.509434e-23 2.761390e-25 4.328427e-23 4.453434e-17 9.597029e-16 4.564843e-16 2.249760e-11 4.117465e-09 6.598673e-33 5.976384e-15 1.482543e-12 1.752938e-08 1.003761e-19 8.747245e-07 8.235240e-17 3.609533e-14 4.694061e-13 2.804998e-19 4.277452e-22 5.337717e-22 9.374105e-25 8.093611e-26 2.231910e-14 3.131224e-25 7.278443e-35 1.237214e-28 1.936379e-52 3.114648e-30 3.707532e-31 1.161196e-13 2.970355e-35 2.950873e-16 3.747577e-34 1.647423e-26 1.881796e-11 1.608427e-14 4.173256e-24 3.068099e-26 5.910207e-11 2.259799e-19 4.682676e-13 3.569552e-20 1.664931e-19 1.650282e-32 1.237738e-31 0.000000e+00 6.149949e-32 1.011809e-23 5.393123e-20 1.435095e-23 3.122440e-28 4.103956e-32 2.006019e-61 2.608967e-14 1.666136e-19 3.169644e-40 0.000000e+00 1.441516e-133 2.315145e-27 9.415265e-03
1.184120e-04 7.391847e-10 1.967083e-07 3.142995e-06 7.062263e-10 1.215350e-06 1.387911e-20 9.110557e-26 3.987530e-22 9.993135e-16 3.558891e-08 1.767459e-38 3.581379e-23 6.448053e-33 0.000000e+00 1.122338e-19 1.183885e-23 1.997236e-17 6.025515e-07 4.000481e-04 1.636245e-22 1.936790e-12 1.396515e-19 4.541227e-19 5.592588e-16 2.520028e-23 2.004458e-01 3.518204e-22 6.454662e-25 2.445536e-22 3.208048e-10 3.113994e-22 1.392717e-12 1.159988e-20 3.412325e-24 1.030257e-10 2.922542e-18 7.897367e-01 7.007935e-21 2.670865e-08 6.789615e-24 6.132837e-23 1.172044e-24 1.909673e-22 3.936729e-17 1.004767e-15 3.923849e-16 1.550511e-11 3.662903e-09 4.328513e-33 6.074042e-15 1.542296e-12 1.752590e-08 7.841113e-20 8.263340e-07 5.018947e-17 2.148198e-14 3.425826e-13 3.399241e-19 0.000000e+00 6.499640e-22 1.027909e-24 0.000000e+00 2.445805e-14 3.174813e-25 7.080564e-35 1.394946e-28 1.883674e-52 3.926960e-30 0.000000e+00 1.134292e-13 2.048186e-35 2.929713e-16 3.496757e-34 0.000000e+00 1.852422e-11 9.541133e-15 4.050292e-24 3.080013e-26 5.899646e-11 2.252345e-19 4.646590e-13 2.990339e-20 1.663736e-19 1.326384e-32 1.592988e-31 0.000000e+00 1.425988e-31 4.525642e-24 5.383302e-20 1.436992e-23 3.199968e-28 4.098870e-32 0.000000e+00 2.790120e-14 1.690972e-19 1.914366e-40 0.000000e+00 1.309006e-135 2.067975e-25 9.411439e-03
1.028117e-04 7.756070e-10 2.231592e-07 3.119441e-06 9.648192e-10 1.420433e-06 1.663507e-20 1.360121e-25 4.379640e-22 8.567152e-16 3.498653e-08 1.724486e-38 4.406899e-23 9.140930e-33 0.000000e+00 1.194496e-19 9.088731e-24 1.827905e-17 7.647016e-07 3.996275e-04 1.709889e-22 1.797261e-12 1.388042e-19 3.811230e-19 4.381185e-16 1.662719e-23 2.004174e-01 3.748665e-22 3.346563e-23 1.660702e-22 3.318200e-10 2.195047e-22 1.851452e-12 1.101328e-20 2.680756e-23 1.019397e-10 2.619706e-18 7.897694e-01 6.359371e-21 2.273786e-08 0.000000e+00 5.668727e-23 0.000000e+00 0.000000e+00 3.449877e-17 1.047625e-15 3.373871e-16 1.068846e-11 3.263162e-09 2.789480e-33 6.049960e-15 1.600196e-12 1.752217e-08 6.199020e-20 7.816789e-07 3.053082e-17 1.283678e-14 2.486807e-13 5.380004e-19 5.720048e-23 7.871704e-22 1.116477e-24 0.000000e+00 2.654732e-14 3.190728e-25 6.515280e-35 1.546471e-28 1.731508e-52 4.851385e-30 0.000000e+00 1.107972e-13 1.381125e-35 2.906203e-16 3.407139e-34 0.000000e+00 1.829721e-11 5.637725e-15 3.948169e-24 3.053142e-26 5.887480e-11 2.244390e-19 4.615354e-13 2.509978e-20 1.662405e-19 1.063965e-32 2.074339e-31 0.000000e+00 4.458918e-31 2.515207e-23 5.372366e-20 1.443982e-23 3.292827e-28 4.093400e-32 0.000000e+00 2.983473e-14 1.789575e-19 1.123790e-40 0.000000e+00 1.192244e-137 1.069149e-23 9.407164e-03
8.926665e-05 8.153095e-10 2.529770e-07 3.092754e-06 1.320481e-09 1.660077e-06 2.439404e-20 2.171616e-25 5.692587e-22 7.371236e-16 3.436611e-08 2.412711e-38 6.623998e-23 1.582257e-32 4.769914e-31 1.557567e-19 7.059242e-24 1.687933e-17 9.631980e-07 3.991402e-04 1.762479e-22 1.672429e-12 1.384094e-19 3.190589e-19 3.444065e-16 1.108631e-23 2.003856e-01 4.014297e-22 1.216764e-25 1.131557e-22 3.436694e-10 1.555926e-22 2.431679e-12 1.046179e-20 1.667683e-22 1.007125e-10 2.315677e-18 7.898061e-01 5.768553e-21 1.920399e-08 0.000000e+00 5.137112e-23 0.000000e+00 0.000000e+00 3.001522e-17 1.087732e-15 2.905037e-16 7.378056e-12 2.911447e-09 1.764228e-33 5.932471e-15 1.655104e-12 1.751812e-08 4.958631e-20 7.395294e-07 1.856714e-17 7.697182e-15 1.793885e-13 1.645073e-18 2.360332e-23 9.489571e-22 1.204148e-24 0.000000e+00 2.858048e-14 3.184165e-25 6.410268e-35 1.688521e-28 1.695174e-52 5.879898e-30 0.000000e+00 1.082452e-13 9.246685e-36 2.880118e-16 3.915777e-34 0.000000e+00 1.812169e-11 3.360195e-15 3.857224e-24 3.002417e-26 5.873662e-11 2.235867e-19 4.588008e-13 2.111955e-20 1.660920e-19 8.509644e-33 2.708316e-31 1.273010e-23 1.620720e-30 4.876620e-23 5.360193e-20 1.457682e-23 3.393605e-28 4.087497e-32 1.222966e-63 3.188304e-14 2.225965e-19 6.563263e-41 0.000000e+00 1.089580e-139 3.151348e-22 9.402382e-03
7.750613e-05 8.585050e-10 2.865488e-07 3.062588e-06 1.814931e-09 1.942923e-06 5.398148e-20 4.584063e-25 1.100751e-21 6.365313e-16 3.371795e-08 7.773982e-38 1.193931e-22 3.433362e-32 7.547269e-31 3.049647e-19 5.553541e-24 1.569775e-17 1.204745e-06 3.985757e-04 1.808551e-22 1.556989e-12 1.388088e-19 2.646163e-19 2.718342e-16 7.572392e-24 2.003500e-01 4.322149e-22 0.000000e+00 7.701634e-23 3.564763e-10 1.106958e-22 3.150920e-12 1.012174e-20 8.407696e-22 9.932288e-11 2.034635e-18 7.898471e-01 5.257323e-21 1.610930e-08 0.000000e+00 4.561308e-23 0.000000e+00 0.000000e+00 2.598360e-17 1.124701e-15 2.508510e-16 5.103554e-12 2.601492e-09 1.092460e-33 5.781010e-15 1.706191e-12 1.751374e-08 4.020462e-20 6.980275e-07 1.130537e-17 4.616766e-15 1.282796e-13 7.810347e-18 8.072831e-24 1.140498e-21 1.294372e-24 2.089219e-25 3.057893e-14 3.162904e-25 8.485842e-35 1.821488e-28 2.212621e-52 6.997524e-30 1.107601e-30 1.057539e-13 6.323783e-36 2.851187e-16 6.638648e-34 4.051801e-26 1.796590e-11 2.052979e-15 3.759100e-24 2.952717e-26 5.858082e-11 2.226755e-19 4.563725e-13 1.783573e-20 1.659262e-19 6.768344e-33 3.489348e-31 1.906087e-23 6.275606e-30 6.713151e-23 5.346631e-20 1.480688e-23 3.504138e-28 4.081100e-32 1.089641e-63 3.400925e-14 4.088720e-19 3.985618e-41 0.000000e+00 9.997052e-142 5.360660e-21 9.397017e-03
6.729501e-05 9.063011e-10 3.243238e-07 3.028530e-06 2.505168e-09 2.275605e-06 1.626931e-19 1.189714e-24 3.141302e-21 5.525527e-16 3.303195e-08 4.741876e-37 3.982261e-22 1.389995e-31 1.684587e-30 8.076675e-19 4.430574e-24 1.467754e-17 1.497212e-06 3.979219e-04 1.842744e-22 1.452895e-12 1.401331e-19 2.177513e-19 2.158210e-16 5.349862e-24 2.003102e-01 4.675722e-22 5.402531e-24 5.252616e-23 3.706873e-10 7.910596e-23 4.041443e-12 1.011220e-20 3.514744e-21 9.774579e-11 1.773779e-18 7.898930e-01 4.814562e-21 1.344052e-08 0.000000e+00 3.972457e-23 0.000000e+00 0.000000e+00 2.242350e-17 1.158173e-15 2.176679e-16 3.544691e-12 2.327747e-09 6.603045e-34 5.579122e-15 1.752775e-12 1.750895e-08 3.309561e-20 6.573690e-07 6.903957e-18 2.775610e-15 9.121457e-14 3.744745e-17 3.833897e-24 1.366113e-21 1.387727e-24 0.000000e+00 3.251889e-14 3.134776e-25 1.397201e-34 1.945127e-28 3.565366e-52 8.215631e-30 0.000000e+00 1.033418e-13 4.392345e-36 2.819101e-16 1.634936e-33 0.000000e+00 1.785898e-11 1.299221e-15 3.662380e-24 2.903085e-26 5.840579e-11 2.217017e-19 4.541810e-13 1.512797e-20 1.657410e-19 5.375522e-33 4.456243e-31 4.029464e-23 2.492628e-29 7.361898e-23 5.331511e-20 1.513163e-23 3.624411e-28 4.074139e-32 0.000000e+00 3.620634e-14 1.099797e-18 2.538444e-41 0.000000e+00 9.205347e-144 5.559666e-20 9.390996e-03
5.842916e-05 9.596382e-10 3.668342e-07 2.990085e-06 3.482392e-09 2.669177e-06 5.105603e-19 3.106726e-24 1.007616e-20 4.850779e-16 3.229730e-08 3.096657e-36 1.311927e-21 4.773562e-31 8.464847e-31 2.205956e-18 3.623251e-24 1.377493e-17 1.849974e-06 3.971642e-04 1.886689e-22 1.362878e-12 1.436144e-19 1.773941e-19 1.730098e-16 4.042720e-24 2.002654e-01 5.082941e-22 1.243429e-24 3.595420e-23 3.868568e-10 5.696550e-23 5.126084e-12 1.082194e-20 1.245544e-20 9.595125e-11 1.551845e-18 7.899446e-01 4.462954e-21 1.117495e-08 1.989973e-23 3.400726e-23 2.850163e-24 5.416579e-22 1.937217e-17 1.188052e-15 1.904076e-16 2.476607e-12 2.085331e-09 3.877161e-34 5.393914e-15 1.794564e-12 1.750370e-08 2.795120e-20 6.152553e-07 4.238583e-18 1.669821e-15 6.437949e-14 1.591032e-16 1.185423e-24 1.633512e-21 1.491123e-24 0.000000e+00 3.443108e-14 3.113505e-25 2.390516e-34 2.064338e-28 5.895731e-52 9.545851e-30 0.000000e+00 1.009701e-13 3.214014e-36 2.783504e-16 4.476056e-33 0.000000e+00 1.780303e-11 8.628375e-16 3.548333e-24 2.883456e-26 5.820934e-11 2.206593e-19 4.521678e-13 1.292808e-20 1.655335e-19 4.279047e-33 5.608988e-31 1.887920e-23 9.930574e-29 9.400689e-23 5.314624e-20 1.558624e-23 3.758375e-28 4.066529e-32 0.000000e+00 3.837302e-14 3.298282e-18 1.819572e-41 0.000000e+00 8.511815e-146 3.729085e-19 9.384207e-03
5.073136e-05 1.021681e-09 4.147097e-07 2.946651e-06 4.878836e-09 3.128217e-06 1.470682e-18 7.452421e-24 3.076773e-20 4.376574e-16 3.150210e-08 1.702394e-35 3.845394e-21 1.615866e-30 0.000000e+00 5.496055e-18 3.108796e-24 1.295571e-17 2.274351e-06 3.962851e-04 1.942816e-22 1.304088e-12 1.515112e-19 1.452107e-19 1.409580e-16 3.408175e-24 2.002151e-01 5.553962e-22 6.365711e-24 2.516972e-23 4.065041e-10 4.174519e-23 6.459973e-12 1.268552e-20 3.813356e-20 9.390401e-11 1.367054e-18 7.900027e-01 4.207949e-21 9.281301e-09 1.762416e-23 2.873948e-23 2.440197e-24 4.718715e-22 1.684504e-17 1.214265e-15 1.686906e-16 1.749999e-12 1.869906e-09 2.198244e-34 5.216081e-15 1.831359e-12 1.749793e-08 2.475850e-20 5.710638e-07 2.627106e-18 1.011302e-15 4.533700e-14 5.898065e-16 0.000000e+00 1.948141e-21 1.609397e-24 0.000000e+00 3.626492e-14 3.117336e-25 3.856317e-34 2.181304e-28 9.094793e-52 1.107865e-29 0.000000e+00 9.867971e-14 2.479712e-36 2.743975e-16 1.156704e-32 0.000000e+00 1.790119e-11 6.056265e-16 3.430227e-24 2.899039e-26 5.798873e-11 2.195461e-19 4.502832e-13 1.117995e-20 1.653007e-19 3.485309e-33 7.144065e-31 0.000000e+00 3.818199e-28 1.424737e-22 5.295724e-20 1.619096e-23 3.918948e-28 4.058167e-32 0.000000e+00 4.039945e-14 9.338175e-18 1.502425e-41 0.000000e+00 7.900178e-148 1.774140e-18 9.376539e-03
4.404770e-05 1.097237e-09 4.686676e-07 2.897517e-06 6.905497e-09 3.653821e-06 3.781324e-18 1.651130e-23 8.560106e-20 4.177123e-16 3.063375e-08 7.701336e-35 9.534685e-21 4.691095e-30 2.879285e-31 1.215672e-17 2.924963e-24 1.219293e-17 2.783959e-06 3.952637e-04 2.029733e-22 1.304969e-12 1.689545e-19 1.223511e-19 1.178455e-16 3.294531e-24 2.001584e-01 6.102743e-22 0.000000e+00 1.856563e-23 4.320536e-10 3.165701e-23 8.126049e-12 1.634211e-20 1.026352e-19 9.156518e-11 1.226575e-18 7.900681e-01 4.076666e-21 7.726005e-09 0.000000e+00 2.417048e-23 0.000000e+00 0.000000e+00 1.486842e-17 1.236860e-15 1.523363e-16 1.260601e-12 1.677753e-09 1.193943e-34 5.072971e-15 1.863143e-12 1.749154e-08 2.395670e-20 5.230801e-07 1.654917e-18 6.217379e-16 3.200535e-14 1.919225e-15 0.000000e+00 2.316004e-21 1.753060e-24 1.146197e-25 3.796443e-14 3.173196e-25 5.915456e-34 2.299294e-28 1.318492e-51 1.299622e-29 5.945458e-31 9.651671e-14 2.060113e-36 2.700042e-16 2.692976e-32 2.224186e-26 1.829450e-11 4.512934e-16 3.313103e-24 2.972537e-26 5.774068e-11 2.183554e-19 4.484858e-13 9.855545e-21 1.650387e-19 3.001083e-33 9.484745e-31 0.000000e+00 1.351161e-27 1.671537e-22 5.274520e-20 1.699221e-23 4.075504e-28 4.048935e-32 2.758197e-66 4.207238e-14 2.388640e-17 1.462005e-41 0.000000e+00 7.360300e-150 6.484581e-18 9.367845e-03
3.824460e-05 1.193323e-09 5.295260e-07 2.841829e-06 9.896406e-09 4.238728e-06 8.704816e-18 3.455448e-23 2.164155e-19 4.367977e-16 2.967887e-08 2.944068e-34 2.086194e-20 1.202765e-29 1.374599e-30 2.399058e-17 3.170472e-24 1.146499e-17 3.395563e-06 3.940746e-04 2.168655e-22 1.408955e-12 2.052424e-19 1.095641e-19 1.022358e-16 3.670059e-24 2.000942e-01 6.745848e-22 6.053799e-24 1.498171e-23 4.670163e-10 2.538936e-23 1.028118e-11 2.253282e-20 2.466180e-19 8.889376e-11 1.134103e-18 7.901422e-01 4.101190e-21 6.474732e-09 0.000000e+00 2.051667e-23 0.000000e+00 0.000000e+00 1.345893e-17 1.255842e-15 1.413047e-16 9.359621e-13 1.505615e-09 6.150073e-35 4.982297e-15 1.889847e-12 1.748445e-08 2.645271e-20 4.703961e-07 1.069390e-18 3.930442e-16 2.281358e-14 5.523068e-15 0.000000e+00 2.741119e-21 1.935714e-24 2.860143e-25 3.943716e-14 3.314228e-25 8.788838e-34 2.419433e-28 1.829757e-51 1.565078e-29 1.475246e-30 9.456332e-14 1.872166e-36 2.651157e-16 5.610055e-32 5.603690e-26 1.919005e-11 3.568859e-16 3.207886e-24 3.127924e-26 5.746121e-11 2.170739e-19 4.467410e-13 8.929952e-21 1.647431e-19 2.844365e-33 1.339411e-30 1.046921e-25 4.323833e-27 1.766458e-22 5.250666e-20 1.804586e-23 4.224270e-28 4.038690e-32 0.000000e+00 4.313662e-14 5.505069e-17 1.656751e-41 0.000000e+00 6.882117e-152 1.961789e-17 9.357952e-03
3.320603e-05 1.320082e-09 5.981157e-07 2.778646e-06 1.436149e-08 4.861165e-06 1.814610e-17 6.797718e-23 5.000461e-19 5.104494e-16 2.862496e-08 9.548679e-34 4.232265e-20 2.870007e-29 5.391074e-30 4.298246e-17 4.024628e-24 1.075533e-17 4.129327e-06 3.926876e-04 2.360433e-22 1.674099e-12 2.747169e-19 1.068203e-19 9.290829e-17 4.546573e-24 2.000215e-01 7.500611e-22 2.439328e-23 1.359229e-23 5.162203e-10 2.194822e-23 1.325029e-11 3.219449e-20 5.359613e-19 8.585333e-11 1.081550e-18 7.902263e-01 4.299969e-21 5.495296e-09 3.457761e-24 1.792394e-23 4.597552e-25 9.777739e-23 1.262104e-17 1.270889e-15 1.356579e-16 7.267995e-13 1.350796e-09 2.973569e-35 4.900451e-15 1.910918e-12 1.747655e-08 3.368194e-20 4.145108e-07 7.173276e-19 2.608604e-16 1.664244e-14 1.412459e-14 0.000000e+00 3.219685e-21 2.168098e-24 0.000000e+00 4.051515e-14 3.575685e-25 1.222670e-33 2.536390e-28 2.363544e-51 1.969930e-29 0.000000e+00 9.297725e-14 1.821198e-36 2.596740e-16 1.047821e-31 0.000000e+00 2.089316e-11 2.976907e-16 3.145890e-24 3.366287e-26 5.714584e-11 2.156938e-19 4.450216e-13 8.368998e-21 1.644086e-19 3.055447e-33 1.998056e-30 1.620042e-25 1.238589e-26 1.870180e-22 5.223773e-20 1.939201e-23 4.390545e-28 4.027270e-32 0.000000e+00 4.342083e-14 1.149722e-16 2.075102e-41 0.000000e+00 6.451812e-154 5.233167e-17 9.346693e-03
2.883127e-05 1.485860e-09 6.751877e-07 2.706988e-06 2.109690e-08 5.508500e-06 3.466402e-17 1.266288e-22 1.065375e-18 6.555052e-16 2.746224e-08 2.674177e-33 7.965444e-20 6.445439e-29 1.817375e-29 7.077650e-17 5.778826e-24 1.005206e-17 5.009264e-06 3.910679e-04 2.615590e-22 2.157454e-12 3.976716e-19 1.117918e-19 8.867837e-17 5.974431e-24 1.999390e-01 8.389779e-22 1.359389e-23 1.365255e-23 5.837590e-10 2.050262e-23 1.755417e-11 4.685072e-20 1.066256e-18 8.242011e-11 1.063999e-18 7.903218e-01 4.693958e-21 4.759893e-09 1.299154e-24 1.619484e-23 1.454303e-25 5.627413e-23 1.234901e-17 1.281610e-15 1.355273e-16 5.960596e-13 1.211136e-09 1.339082e-35 4.822339e-15 1.925687e-12 1.746773e-08 4.765228e-20 3.578099e-07 5.042170e-19 1.842558e-16 1.253905e-14 3.217959e-14 3.098243e-25 3.750587e-21 2.461970e-24 0.000000e+00 4.114154e-14 3.983673e-25 1.582287e-33 2.648186e-28 2.826839e-51 2.615267e-29 0.000000e+00 9.180517e-14 1.881095e-36 2.536214e-16 1.769038e-31 0.000000e+00 2.364653e-11 2.598675e-16 3.132072e-24 3.698445e-26 5.678967e-11 2.142063e-19 4.433074e-13 8.112086e-21 1.640292e-19 3.662188e-33 3.035338e-30 2.070887e-25 3.163027e-26 1.983645e-22 5.193421e-20 2.107066e-23 4.576118e-28 4.014497e-32 0.000000e+00 4.288991e-14 2.195769e-16 2.803288e-41 0.000000e+00 6.061414e-156 1.279896e-16 9.333867e-03
2.503286e-05 1.695593e-09 7.613249e-07 2.625861e-06 3.130931e-08 6.186967e-06 6.129086e-17 2.237951e-22 2.110652e-18 8.859235e-16 2.618480e-08 6.533590e-33 1.425086e-19 1.383516e-28 5.313269e-29 1.078599e-16 8.797547e-24 9.347407e-18 6.064268e-06 3.891745e-04 2.936399e-22 2.901593e-12 5.987887e-19 1.207845e-19 8.824641e-17 8.054441e-24 1.998451e-01 9.437822e-22 2.793530e-23 1.451185e-23 6.720900e-10 2.030779e-23 2.399266e-11 6.906550e-20 1.962709e-18 7.858892e-11 1.071550e-18 7.904304e-01 5.287296e-21 4.243618e-09 3.623556e-23 1.537791e-23 4.606387e-24 8.701017e-22 1.263713e-17 1.287585e-15 1.410592e-16 5.175628e-13 1.084845e-09 5.671138e-36 4.741892e-15 1.933446e-12 1.745788e-08 7.054717e-20 3.036288e-07 3.729566e-19 1.389086e-16 9.819228e-15 6.545037e-14 0.000000e+00 4.337833e-21 2.823887e-24 0.000000e+00 4.136760e-14 4.544228e-25 1.894399e-33 2.758995e-28 3.114137e-51 3.650343e-29 0.000000e+00 9.098518e-14 2.030965e-36 2.469009e-16 2.730304e-31 0.000000e+00 2.758978e-11 2.353280e-16 3.158214e-24 4.125676e-26 5.638732e-11 2.126026e-19 4.415833e-13 8.068297e-21 1.635972e-19 4.667836e-33 4.526935e-30 2.752806e-25 7.200606e-26 2.107786e-22 5.159149e-20 2.310001e-23 4.782478e-28 4.000178e-32 0.000000e+00 4.171358e-14 3.868596e-16 4.005959e-41 0.000000e+00 5.704200e-158 2.952031e-16 9.319257e-03
2.173488e-05 1.948981e-09 8.567895e-07 2.534327e-06 4.681304e-08 6.928513e-06 1.010611e-16 3.757821e-22 3.917792e-18 1.205572e-15 2.479214e-08 1.404206e-32 2.385105e-19 2.828585e-28 1.358036e-28 1.523464e-16 1.338109e-23 8.637519e-18 7.328927e-06 3.869595e-04 3.317097e-22 3.916086e-12 9.045727e-19 1.293681e-19 9.010880e-17 1.072324e-23 1.997384e-01 1.066531e-21 4.273186e-23 1.553817e-23 7.811511e-10 2.065507e-23 3.368880e-11 1.030538e-19 3.374863e-18 7.437904e-11 1.091337e-18 7.905540e-01 6.059546e-21 3.922828e-09 0.000000e+00 1.488186e-23 0.000000e+00 4.537772e-24 1.349570e-17 1.288455e-15 1.523513e-16 4.729811e-13 9.704405e-10 2.476621e-36 4.657685e-15 1.933607e-12 1.744688e-08 1.038261e-19 2.547388e-07 2.895418e-19 1.107460e-16 8.007140e-15 1.193801e-13 0.000000e+00 4.995180e-21 3.255126e-24 1.866365e-26 4.134281e-14 5.236102e-25 2.109706e-33 2.886427e-28 3.173599e-51 5.275914e-29 0.000000e+00 9.035676e-14 2.256520e-36 2.394588e-16 3.902474e-31 0.000000e+00 3.268761e-11 2.191554e-16 3.203021e-24 4.643033e-26 5.593293e-11 2.108742e-19 4.398378e-13 8.125736e-21 1.631032e-19 5.996619e-33 6.467859e-30 3.877436e-25 1.455135e-25 2.243306e-22 5.120464e-20 2.547865e-23 5.010103e-28 3.984094e-32 0.000000e+00 4.017900e-14 6.338980e-16 5.966633e-41 0.000000e+00 5.375223e-160 6.549467e-16 9.302617e-03
1.887140e-05 2.241690e-09 9.613125e-07 2.431549e-06 7.034655e-08 7.784640e-06 1.562496e-16 5.985769e-22 6.856688e-18 1.601371e-15 2.329029e-08 2.664676e-32 3.723925e-19 5.434634e-28 3.055003e-28 1.992722e-16 1.951844e-23 7.922187e-18 8.844239e-06 3.843677e-04 3.741408e-22 5.165824e-12 1.339648e-18 1.335279e-19 9.257757e-17 1.382456e-23 1.996169e-01 1.207728e-21 5.589348e-23 1.616023e-23 9.088011e-10 2.088500e-23 4.813838e-11 1.553795e-19 5.466108e-18 6.983696e-11 1.109254e-18 7.906947e-01 6.964377e-21 3.772821e-09 2.795669e-23 1.516112e-23 3.479386e-24 2.150801e-22 1.495982e-17 1.283996e-15 1.693235e-16 4.495379e-13 8.666867e-10 1.501445e-36 4.564653e-15 1.925817e-12 1.743462e-08 1.469193e-19 2.125739e-07 2.339838e-19 9.178829e-17 6.785017e-15 1.969819e-13 0.000000e+00 5.744764e-21 3.752730e-24 9.072006e-25 4.123754e-14 6.011827e-25 2.202381e-33 3.077307e-28 3.011773e-51 7.735397e-29 3.610475e-30 8.973821e-14 2.538005e-36 2.312473e-16 5.226593e-31 1.690553e-25 3.869938e-11 2.081926e-16 3.243783e-24 5.238707e-26 5.542013e-11 2.090126e-19 4.380610e-13 8.173291e-21 1.625341e-19 7.459001e-33 8.738457e-30 5.659698e-25 2.590761e-25 2.390418e-22 5.076833e-20 2.819998e-23 5.257139e-28 3.966011e-32 5.569996e-67 3.856942e-14 9.728314e-16 9.110439e-41 0.000000e+00 5.070411e-162 1.417758e-15 9.283676e-03
1.638517e-05 2.562724e-09 1.073847e-06 2.316785e-06 1.061209e-07 8.835796e-06 2.272785e-16 9.120713e-22 1.137953e-17 2.037546e-15 2.169184e-08 4.524839e-32 5.311741e-19 9.681264e-28 6.064899e-28 2.402401e-16 2.652629e-23 7.204248e-18 1.065870e-05 3.813348e-04 4.201254e-22 6.561353e-12 1.924865e-18 1.302244e-19 9.392367e-17 1.683262e-23 1.994786e-01 1.364497e-21 5.058475e-23 1.590204e-23 1.049724e-09 2.044949e-23 6.924129e-11 2.351778e-19 8.401596e-18 6.503380e-11 1.115846e-18 7.908547e-01 7.937507e-21 3.765631e-09 0.000000e+00 1.538946e-23 0.000000e+00 0.000000e+00 1.705109e-17 1.274321e-15 1.914942e-16 4.359992e-13 7.725245e-10 1.522800e-36 4.480430e-15 1.910299e-12 1.742097e-08 1.956498e-19 1.772181e-07 1.939271e-19 7.706145e-17 5.915762e-15 2.978609e-13 1.948561e-25 6.624077e-21 4.314413e-24 7.304874e-25 4.125357e-14 6.793303e-25 2.213498e-33 3.452907e-28 2.725986e-51 1.126993e-28 2.891578e-30 8.891591e-14 2.886249e-36 2.222262e-16 6.629872e-31 1.446085e-25 4.503574e-11 2.003141e-16 3.247772e-24 5.914311e-26 5.484186e-11 2.070096e-19 4.362431e-13 8.104535e-21 1.618729e-19 8.722245e-33 1.109341e-29 8.206256e-25 4.018424e-25 2.548480e-22 5.027681e-20 3.127243e-23 5.517304e-28 3.945666e-32 4.067726e-67 3.710315e-14 1.407644e-15 1.415048e-40 0.000000e+00 4.787995e-164 3.022816e-15 9.262113e-03
1.422649e-05 2.892759e-09 1.192225e-06 2.189331e-06 1.606016e-07 1.020211e-05 3.113893e-16 1.336980e-21 1.798694e-17 2.455291e-15 2.001512e-08 6.934400e-32 6.854850e-19 1.571828e-27 1.061972e-27 2.650944e-16 3.283505e-23 6.488869e-18 1.282953e-05 3.777859e-04 4.680442e-22 7.967301e-12 2.675274e-18 1.184424e-19 9.263714e-17 5.569251e-24 1.993211e-01 1.528406e-21 4.957364e-23 1.452851e-23 1.194449e-09 1.902820e-23 9.957976e-11 3.540830e-19 1.233080e-17 6.005721e-11 1.101888e-18 7.910368e-01 8.865568e-21 3.867103e-09 0.000000e+00 1.569938e-23 0.000000e+00 0.000000e+00 1.969431e-17 1.259282e-15 2.176090e-16 4.210941e-13 6.870142e-10 1.843581e-36 4.418496e-15 1.886918e-12 1.740580e-08 2.413690e-19 1.482402e-07 1.615409e-19 6.352637e-17 5.224228e-15 4.192703e-13 0.000000e+00 7.687141e-21 4.933312e-24 0.000000e+00 4.158978e-14 7.462413e-25 2.183862e-33 4.311503e-28 2.391206e-51 1.605082e-28 0.000000e+00 8.767866e-14 3.313971e-36 2.123636e-16 8.035617e-31 0.000000e+00 5.067924e-11 1.938775e-16 3.183346e-24 6.668889e-26 5.419000e-11 2.048559e-19 4.343720e-13 7.819300e-21 1.610979e-19 9.382179e-33 1.321148e-29 1.130213e-24 5.331719e-25 2.715571e-22 4.972372e-20 3.470692e-23 5.777520e-28 3.922760e-32 1.602519e-67 3.597438e-14 1.930868e-15 2.211988e-40 0.000000e+00 4.526166e-166 6.416091e-15 9.237553e-03
1.235221e-05 3.200767e-09 1.312563e-06 2.048589e-06 2.434251e-07 1.208549e-05 4.008906e-16 1.835501e-21 2.711992e-17 2.775535e-15 1.828458e-08 9.285606e-32 7.804394e-19 2.264929e-27 1.632752e-27 2.653360e-16 3.614586e-23 5.783511e-18 1.542107e-05 3.736385e-04 5.082901e-22 9.229175e-12 3.593295e-18 9.991229e-20 8.772064e-17 3.974360e-23 1.991417e-01 1.683607e-21 5.022119e-23 1.214010e-23 1.326443e-09 1.661614e-23 1.433489e-10 5.265717e-19 1.734992e-17 5.500435e-11 1.043437e-18 7.912437e-01 9.485768e-21 4.032900e-09 0.000000e+00 1.447306e-23 0.000000e+00 0.000000e+00 2.254867e-17 1.237051e-15 2.451072e-16 3.932338e-13 6.093813e-10 1.971185e-36 4.332837e-15 1.853005e-12 1.738901e-08 2.712258e-19 1.257186e-07 1.319498e-19 4.968577e-17 4.593953e-15 5.582310e-13 0.000000e+00 9.003771e-21 5.572312e-24 3.055377e-24 4.242967e-14 7.829099e-25 2.037106e-33 6.363778e-28 1.958494e-51 2.203126e-28 8.529287e-30 8.583099e-14 3.698447e-36 2.016476e-16 9.362564e-31 5.644579e-25 5.404581e-11 1.874432e-16 3.038348e-24 7.422844e-26 5.345517e-11 2.025434e-19 4.324335e-13 7.203949e-21 1.601848e-19 9.113571e-33 1.478018e-29 1.427234e-24 5.906976e-25 2.888012e-22 4.910257e-20 3.846898e-23 6.017031e-28 3.896977e-32 5.210048e-67 3.553067e-14 2.518680e-15 3.335842e-40 0.000000e+00 4.280018e-168 1.373084e-14 9.209668e-03
1.072485e-05 3.393298e-09 1.428885e-06 1.894140e-06 3.681738e-07 1.505569e-05 4.776467e-16 2.323681e-21 3.905536e-17 2.875813e-15 1.652979e-08 1.055497e-31 7.414228e-19 2.735755e-27 2.126885e-27 2.314494e-16 3.300332e-23 5.097226e-18 1.850281e-05 3.688047e-04 5.262921e-22 1.011810e-11 4.686549e-18 7.655377e-20 7.891666e-17 3.706333e-23 1.989374e-01 1.806646e-21 2.361001e-23 8.844169e-24 1.397898e-09 1.349257e-23 2.085489e-10 7.610191e-19 2.344982e-17 4.996873e-11 9.105363e-19 7.914783e-01 9.333545e-21 4.206113e-09 0.000000e+00 3.692636e-24 0.000000e+00 0.000000e+00 2.452116e-17 1.205227e-15 2.698235e-16 3.346954e-13 5.390002e-10 1.571872e-36 4.227526e-15 1.805044e-12 1.737051e-08 2.665238e-19 1.106959e-07 1.011096e-19 3.440637e-17 3.873584e-15 7.125170e-13 0.000000e+00 1.076230e-20 6.127431e-24 0.000000e+00 4.441479e-14 7.522286e-25 1.776138e-33 1.122685e-27 1.463348e-51 2.829147e-28 0.000000e+00 8.271995e-14 3.914346e-36 1.900941e-16 1.065570e-30 0.000000e+00 5.206155e-11 1.799198e-16 2.737485e-24 8.037313e-26 5.262592e-11 2.000655e-19 4.304099e-13 6.043207e-21 1.591096e-19 7.521253e-33 1.554477e-29 1.610879e-24 5.127407e-25 3.060458e-22 4.840717e-20 4.239768e-23 6.211361e-28 3.867988e-32 0.000000e+00 3.661698e-14 3.137249e-15 4.665816e-40 0.000000e+00 4.048571e-170 2.967786e-14 9.178054e-03
9.311897e-06 3.327467e-09 1.533346e-06 1.726569e-06 5.502937e-07 2.049300e-05 5.098309e-16 2.522685e-21 5.354868e-17 2.633198e-15 1.478389e-08 9.149733e-32 5.361913e-19 2.507948e-27 2.202283e-27 1.646903e-16 2.228438e-23 4.439793e-18 2.214216e-05 3.632003e-04 4.926615e-22 1.036300e-11 5.967634e-18 5.204091e-20 6.710711e-17 1.697167e-23 1.987046e-01 1.871086e-21 1.695311e-23 5.237833e-24 1.335396e-09 1.027523e-23 3.139943e-10 1.050991e-18 3.032565e-17 4.502699e-11 6.763370e-19 7.917432e-01 7.914705e-21 4.318074e-09 0.000000e+00 9.339075e-24 0.000000e+00 0.000000e+00 2.377636e-17 1.159469e-15 2.862214e-16 2.397478e-13 4.753743e-10 8.013610e-37 4.031112e-15 1.736527e-12 1.735024e-08 2.149021e-19 1.060367e-07 6.848585e-20 1.934639e-17 2.993557e-15 8.780201e-13 0.000000e+00 1.330482e-20 6.352071e-24 2.739792e-24 4.850925e-14 6.172773e-25 1.308485e-33 2.217407e-27 8.882862e-52 3.244138e-28 6.119786e-30 7.737423e-14 3.587257e-36 1.777574e-16 1.208406e-30 5.107537e-25 4.226652e-11 1.705217e-16 2.231722e-24 8.128947e-26 5.168646e-11 1.974186e-19 4.282774e-13 4.268196e-21 1.578546e-19 4.795285e-33 1.545645e-29 1.632377e-24 3.152106e-25 3.226921e-22 4.763228e-20 4.601116e-23 6.342475e-28 3.835471e-32 0.000000e+00 4.103710e-14 3.739577e-15 5.488459e-40 0.000000e+00 3.827042e-172 6.465587e-14 9.142441e-03
8.085092e-06 2.903110e-09 1.618883e-06 1.548782e-06 8.005278e-07 3.168027e-05 4.668325e-16 2.338482e-21 6.958749e-17 2.058300e-15 1.307977e-08 5.861737e-32 2.600641e-19 1.543387e-27 1.670180e-27 8.772799e-17 9.707567e-24 3.820004e-18 2.639829e-05 3.567500e-04 4.082359e-22 9.639189e-12 7.522166e-18 3.024683e-20 5.426594e-17 8.427513e-24 1.984383e-01 1.858032e-21 1.703592e-24 2.332494e-24 1.095166e-09 7.646505e-24 5.107939e-10 1.378894e-18 3.710768e-17 4.022692e-11 4.137816e-19 7.920405e-01 5.552562e-21 4.312636e-09 0.000000e+00 5.012064e-24 0.000000e+00 0.000000e+00 1.926906e-17 1.099506e-15 2.890600e-16 1.333219e-13 4.180562e-10 2.271875e-37 3.823643e-15 1.646958e-12 1.732815e-08 1.320917e-19 1.149873e-07 3.830564e-20 8.120825e-18 2.006875e-15 1.041301e-12 0.000000e+00 1.719828e-20 5.950374e-24 2.561783e-24 5.584057e-14 3.969430e-25 8.026493e-34 4.482221e-27 4.157487e-52 3.197959e-28 5.034760e-30 6.866601e-14 2.819509e-36 1.647251e-16 1.395335e-30 4.642435e-25 2.680733e-11 1.590529e-16 1.537285e-24 7.417494e-26 5.061284e-11 1.945999e-19 4.260005e-13 2.359561e-21 1.564113e-19 2.084501e-33 1.472316e-29 1.604178e-24 1.217809e-25 3.382188e-22 4.677337e-20 4.844493e-23 6.408088e-28 3.799096e-32 2.614749e-69 5.174495e-14 4.289976e-15 5.428792e-40 0.000000e+00 3.619631e-174 1.389853e-13 9.102274e-03
7.019914e-06 2.304964e-09 1.682618e-06 1.366944e-06 1.116113e-06 5.453842e-05 3.656015e-16 1.714504e-21 8.444618e-17 1.403895e-15 1.144853e-08 2.546165e-32 8.719690e-20 6.581957e-28 9.488682e-28 3.578090e-17 2.808800e-24 3.245442e-18 3.131009e-05 3.494012e-04 2.959136e-22 8.093897e-12 9.345902e-18 1.556689e-20 4.248159e-17 3.717194e-24 1.981319e-01 1.771663e-21 3.396930e-24 8.213209e-25 7.756966e-10 5.873741e-24 1.012641e-09 1.942732e-18 4.200108e-17 3.559719e-11 2.120900e-19 7.923710e-01 3.253466e-21 4.172043e-09 0.000000e+00 1.610343e-24 0.000000e+00 0.000000e+00 1.306460e-17 1.020739e-15 2.750904e-16 5.951325e-14 3.666587e-10 4.024934e-38 3.485635e-15 1.529026e-12 1.730419e-08 6.244520e-20 1.415971e-07 1.768662e-20 2.659279e-18 1.199024e-15 1.175368e-12 0.000000e+00 2.257937e-20 4.861277e-24 0.000000e+00 6.532110e-14 1.954685e-25 3.136416e-34 8.591172e-27 1.148597e-52 3.008700e-28 0.000000e+00 5.769813e-14 1.721589e-36 1.511291e-16 1.594457e-30 0.000000e+00 1.341673e-11 1.455315e-16 9.252933e-25 5.811234e-26 4.936565e-11 1.916094e-19 4.235346e-13 1.055647e-21 1.547788e-19 6.312880e-34 1.377745e-29 1.639170e-24 3.092666e-26 3.521482e-22 4.582699e-20 4.878875e-23 6.418281e-28 3.758548e-32 3.126849e-69 7.302238e-14 4.739111e-15 4.799432e-40 0.000000e+00 3.419037e-176 2.924890e-13 9.057438e-03
6.095068e-06 1.745550e-09 1.727442e-06 1.188323e-06 1.483809e-06 9.974514e-05 2.544908e-16 1.111680e-21 9.436606e-17 8.806358e-16 9.916891e-09 8.793415e-33 2.283254e-20 2.167323e-28 4.378725e-28 1.207165e-17 6.202047e-25 2.722134e-18 3.690451e-05 3.411160e-04 2.035020e-22 6.154198e-12 1.139845e-17 7.384672e-21 3.271959e-17 1.349948e-24 1.977762e-01 1.636198e-21 0.000000e+00 2.504256e-25 4.931309e-10 4.760129e-24 2.978650e-09 3.683100e-18 4.291799e-17 3.116859e-11 1.034195e-19 7.927342e-01 1.710408e-21 3.903222e-09 0.000000e+00 7.883185e-25 0.000000e+00 0.000000e+00 7.712857e-18 9.302522e-16 2.449110e-16 2.367971e-14 3.208221e-10 5.301236e-39 3.159813e-15 1.392958e-12 1.727822e-08 2.432189e-20 1.882378e-07 7.174751e-21 7.429476e-19 6.610098e-16 1.251993e-12 0.000000e+00 2.917342e-20 3.483256e-24 1.732371e-29 7.469232e-14 7.618278e-26 7.216057e-35 1.447766e-26 3.878322e-53 3.467228e-28 0.000000e+00 4.674749e-14 9.165535e-37 1.371368e-16 1.731598e-30 0.000000e+00 5.565108e-12 1.304234e-16 5.127681e-25 3.988751e-26 4.789297e-11 1.884477e-19 4.208338e-13 4.235622e-22 1.529545e-19 1.449046e-34 1.291340e-29 1.495177e-24 5.875865e-27 3.639190e-22 4.478989e-20 4.673231e-23 6.385853e-28 3.713527e-32 2.972281e-71 1.103493e-13 5.074855e-15 5.412008e-40 0.000000e+00 3.232662e-178 5.828191e-13 9.007202e-03
5.292068e-06 1.335362e-09 1.758257e-06 1.019109e-06 1.888050e-06 1.839890e-04 1.661909e-16 6.123931e-22 9.530307e-17 5.356853e-16 8.505556e-09 2.377921e-33 5.473654e-21 6.510733e-29 1.840942e-28 3.787898e-18 1.313250e-25 2.254397e-18 4.320310e-05 3.318648e-04 1.345848e-22 4.441383e-12 1.343839e-17 3.476910e-21 2.501222e-17 4.428447e-25 1.973579e-01 1.482812e-21 3.613486e-25 7.426881e-26 2.981053e-10 4.040007e-24 1.220662e-08 9.257551e-18 3.899547e-17 2.698888e-11 4.862048e-20 7.931264e-01 8.376246e-22 3.454430e-09 3.298544e-25 2.886678e-25 3.244230e-26 2.048075e-23 4.099546e-18 8.271770e-16 2.027783e-16 9.675262e-15 2.801935e-10 2.187906e-40 2.726002e-15 1.237499e-12 1.725001e-08 8.832861e-21 2.612313e-07 2.854578e-21 1.989197e-19 3.527267e-16 1.268755e-12 0.000000e+00 3.616622e-20 2.246509e-24 5.889604e-34 8.138599e-14 2.538013e-26 9.415539e-36 1.869255e-26 4.273949e-54 4.967738e-28 1.486470e-34 3.839190e-14 3.995513e-37 1.229531e-16 1.703806e-30 0.000000e+00 2.060097e-12 1.143153e-16 2.962869e-25 2.416268e-26 4.612692e-11 1.851154e-19 4.178578e-13 1.680778e-22 1.509316e-19 2.946702e-35 1.224215e-29 8.840019e-25 9.993805e-28 3.733633e-22 4.365924e-20 4.269994e-23 6.325474e-28 3.663755e-32 6.754596e-72 1.725990e-13 5.267953e-15 7.272631e-40 0.000000e+00 3.051970e-180 1.092150e-12 8.951628e-03
4.594859e-06 1.046981e-09 1.780363e-06 8.635983e-07 2.318486e-06 3.346627e-04 1.053222e-16 3.324649e-22 8.668901e-17 3.249297e-16 7.228701e-09 5.856141e-34 0.000000e+00 0.000000e+00 7.408726e-29 1.159076e-18 3.366057e-26 1.844455e-18 5.022910e-05 3.216192e-04 9.113836e-23 3.097174e-12 1.542319e-17 1.642216e-21 1.904822e-17 0.000000e+00 1.968579e-01 1.333793e-21 0.000000e+00 0.000000e+00 1.761441e-10 3.543370e-24 5.169365e-08 2.340516e-17 3.176106e-17 2.312690e-11 2.391969e-20 7.935404e-01 4.035710e-22 2.924803e-09 3.681773e-23 7.318722e-24 3.965272e-24 0.000000e+00 2.043252e-18 7.247707e-16 1.570181e-16 4.553751e-15 2.444320e-10 0.000000e+00 2.348548e-15 1.084806e-12 1.721916e-08 3.516402e-21 3.633684e-07 1.269072e-21 5.603546e-20 1.844805e-16 1.242148e-12 1.210806e-20 4.320690e-20 1.356740e-24 0.000000e+00 8.489607e-14 7.652109e-27 1.157735e-36 1.067898e-26 1.832296e-55 6.984305e-28 9.293905e-35 3.312363e-14 1.665100e-37 1.088044e-16 1.507794e-30 0.000000e+00 7.100708e-13 9.813794e-17 1.843501e-25 1.370951e-26 4.403289e-11 1.816117e-19 4.145721e-13 6.928012e-23 1.487007e-19 5.662655e-36 1.173507e-29 3.125804e-25 3.467810e-28 3.811775e-22 4.243293e-20 3.747956e-23 6.249672e-28 3.608976e-32 1.451906e-72 2.706215e-13 5.340793e-15 1.007511e-39 0.000000e+00 2.885966e-182 1.874860e-12 8.889740e-03
3.989505e-06 8.464285e-10 1.797413e-06 7.239335e-07 2.770729e-06 5.917035e-04 6.630508e-17 1.883891e-22 7.167616e-17 1.996558e-16 6.090891e-09 0.000000e+00 0.000000e+00 0.000000e+00 2.964000e-29 3.601469e-19 1.289541e-26 1.491359e-18 5.802053e-05 3.103323e-04 6.303404e-23 2.144481e-12 1.726824e-17 7.964958e-22 1.446628e-17 2.418023e-25 1.962484e-01 1.202361e-21 0.000000e+00 0.000000e+00 1.041295e-10 3.193919e-24 1.932892e-07 5.211569e-17 2.385792e-17 1.964244e-11 1.259303e-20 7.939645e-01 1.993519e-22 2.461188e-09 0.000000e+00 0.000000e+00 0.000000e+00 0.000000e+00 1.014456e-18 6.245151e-16 1.153108e-16 2.588940e-15 2.131183e-10 0.000000e+00 2.003232e-15 9.433961e-13 1.718506e-08 1.869880e-21 4.993140e-07 6.525264e-22 1.805479e-20 9.899016e-17 1.206927e-12 0.000000e+00 5.004611e-20 7.906022e-25 0.000000e+00 8.545752e-14 2.203417e-27 1.631175e-37 4.595069e-27 9.197287e-57 8.605213e-28 5.373477e-35 3.067910e-14 6.643925e-38 9.490520e-17 1.208343e-30 0.000000e+00 2.356549e-13 8.278623e-17 1.274335e-25 7.477741e-27 4.160363e-11 1.779287e-19 4.109386e-13 3.020140e-23 1.462476e-19 1.098383e-36 1.134215e-29 9.379881e-26 0.000000e+00 3.880834e-22 4.110743e-20 3.184788e-23 6.163156e-28 3.548837e-32 2.802430e-73 4.193761e-13 5.299950e-15 1.239573e-39 0.000000e+00 2.731723e-184 2.961162e-12 8.821025e-03
3.463904e-06 7.002528e-10 1.812147e-06 6.009064e-07 3.245592e-06 1.010153e-03 4.219517e-17 1.504280e-22 5.524910e-17 1.253948e-16 5.091311e-09 0.000000e+00 4.210851e-22 0.000000e+00 1.211820e-29 1.169077e-19 6.991237e-27 1.192357e-18 6.661251e-05 2.979614e-04 4.497524e-23 1.489197e-12 1.897320e-17 3.961470e-22 1.096004e-17 1.454919e-22 1.954925e-01 1.094514e-21 0.000000e+00 2.297653e-27 6.237873e-11 2.987427e-24 6.187583e-07 1.005588e-16 1.713341e-17 1.657842e-11 7.702695e-21 7.943813e-01 1.081480e-22 2.101275e-09 0.000000e+00 1.111462e-26 0.000000e+00 0.000000e+00 5.196456e-19 5.248855e-16 8.164593e-17 1.694502e-15 1.858542e-10 0.000000e+00 1.721077e-15 8.209115e-13 1.714692e-08 1.378384e-21 6.669862e-07 3.825941e-22 6.845461e-21 5.498804e-17 1.208048e-12 7.304045e-21 5.673597e-20 4.560107e-25 5.186413e-37 8.385350e-14 6.322694e-28 3.306769e-38 1.792670e-27 1.148653e-57 9.303538e-28 3.127259e-35 3.023958e-14 2.690958e-38 8.147362e-17 9.014423e-31 0.000000e+00 7.702915e-14 6.901014e-17 9.569464e-26 4.050956e-27 3.888093e-11 1.740578e-19 4.069181e-13 1.396908e-23 1.435572e-19 2.220418e-37 1.101878e-29 3.086856e-26 1.067541e-29 3.942622e-22 3.968017e-20 2.637653e-23 6.066328e-28 3.482974e-32 5.615942e-74 6.336591e-13 5.168328e-15 1.379267e-39 0.000000e+00 2.590543e-186 4.333659e-12 8.744530e-03
3.007548e-06 5.882010e-10 1.826441e-06 4.942559e-07 3.747481e-06 1.659276e-03 2.763167e-17 2.836188e-22 4.085536e-17 8.086306e-17 4.224073e-09 0.000000e+00 1.007639e-22 0.000000e+00 5.037681e-30 3.957910e-20 4.439014e-27 9.430918e-19 7.603162e-05 2.844729e-04 3.297037e-23 1.045680e-12 2.052742e-17 2.022719e-22 8.283153e-18 2.495251e-25 1.945445e-01 1.012129e-21 1.995103e-26 8.061657e-28 3.820361e-11 2.825300e-24 1.715978e-06 1.718581e-16 1.213364e-17 1.394770e-11 5.822024e-21 7.947677e-01 6.918397e-23 1.823099e-09 0.000000e+00 5.320149e-27 0.000000e+00 0.000000e+00 2.782981e-19 4.221980e-16 5.658613e-17 1.199166e-15 1.622345e-10 0.000000e+00 1.494843e-15 7.184182e-13 1.710378e-08 1.204828e-21 8.593415e-07 2.375344e-22 2.963567e-21 3.140907e-17 1.286982e-12 1.165226e-21 6.343312e-20 2.650282e-25 5.566780e-36 8.087186e-14 1.876530e-28 1.413050e-38 7.165347e-28 3.087977e-58 9.124010e-28 1.837007e-35 3.098126e-14 1.126480e-38 6.871571e-17 6.454769e-31 9.654792e-37 2.524844e-14 5.722884e-17 7.557465e-26 2.222104e-27 3.593273e-11 1.699857e-19 4.024670e-13 6.830794e-24 1.406124e-19 4.792203e-38 1.073396e-29 1.146876e-26 2.631647e-30 3.996737e-22 3.814887e-20 2.140647e-23 5.958623e-28 3.410976e-32 1.222126e-74 9.266834e-13 4.965481e-15 1.420259e-39 0.000000e+00 2.461020e-188 5.949555e-12 8.659335e-03
2.611316e-06 4.989974e-10 1.841629e-06 4.031468e-07 4.282817e-06 2.619135e-03 1.938325e-17 9.772844e-22 2.967243e-17 5.361891e-17 3.480666e-09 9.663995e-28 5.893953e-23 2.797116e-30 2.271046e-30 1.493845e-20 2.966336e-27 7.384631e-19 8.627376e-05 2.698700e-04 2.453177e-23 7.484869e-13 2.191171e-17 1.063583e-22 6.244954e-18 3.038773e-26 1.933526e-01 9.554784e-22 1.218390e-25 3.019025e-28 2.405620e-11 2.695541e-24 4.202244e-06 2.668785e-16 8.675487e-18 1.173712e-11 5.355183e-21 7.950956e-01 5.319344e-23 1.600283e-09 0.000000e+00 2.399009e-27 0.000000e+00 0.000000e+00 1.567296e-19 3.198866e-16 3.894436e-17 8.816206e-16 1.418774e-10 0.000000e+00 1.303128e-15 6.336092e-13 1.705459e-08 1.095325e-21 1.066511e-06 1.520421e-22 1.395928e-21 1.830950e-17 1.476794e-12 0.000000e+00 7.034597e-20 1.569760e-25 0.000000e+00 7.716595e-14 5.952809e-29 1.333768e-38 3.356512e-28 1.888998e-58 8.377888e-28 1.069423e-35 3.222019e-14 4.805921e-39 5.683087e-17 4.549065e-31 0.000000e+00 8.441583e-15 4.749685e-17 6.115877e-26 1.244473e-27 3.285821e-11 1.656988e-19 3.975423e-13 3.510090e-24 1.373979e-19 1.124533e-38 1.046751e-29 4.738112e-27 8.614201e-31 4.042222e-22 3.651355e-20 1.709405e-23 5.839390e-28 3.332476e-32 2.786523e-75 1.309032e-12 4.709156e-15 1.357238e-39 0.000000e+00 2.340424e-190 7.719294e-12 8.564675e-03
2.267286e-06 4.247429e-10 1.859042e-06 3.263603e-07 4.860346e-06 3.977451e-03 1.647701e-17 3.687014e-21 2.151910e-17 3.655884e-17 2.850627e-09 6.334651e-28 4.661926e-23 3.020472e-31 1.239042e-30 7.033020e-21 2.015154e-27 5.729250e-19 9.729411e-05 2.542041e-04 1.862021e-23 5.446732e-13 2.314190e-17 5.726352e-23 4.697795e-18 0.000000e+00 1.918610e-01 9.238081e-22 1.425751e-26 1.201575e-28 1.559300e-11 2.587285e-24 9.251218e-06 3.840334e-16 6.419512e-18 9.913342e-12 5.592281e-21 7.953330e-01 4.675310e-23 1.426796e-09 0.000000e+00 0.000000e+00 0.000000e+00 4.213979e-23 9.402114e-20 2.301694e-16 2.702930e-17 6.661083e-16 1.244114e-10 0.000000e+00 1.153137e-15 5.664922e-13 1.699821e-08 9.836788e-22 1.269029e-06 9.993286e-23 6.892739e-22 1.083058e-17 1.803599e-12 1.140805e-21 7.785337e-20 9.564977e-26 3.223391e-36 7.330123e-14 2.056294e-29 1.770429e-38 1.985223e-28 1.673865e-58 7.393452e-28 6.347814e-36 3.336709e-14 2.151912e-39 4.599391e-17 3.217331e-31 0.000000e+00 2.914783e-15 3.957314e-17 4.924028e-26 7.217130e-28 2.997345e-11 1.611844e-19 3.921012e-13 1.885820e-24 1.339004e-19 2.874795e-39 1.020586e-29 2.145030e-27 2.104979e-31 4.078044e-22 3.477651e-20 1.347445e-23 5.708034e-28 3.247155e-32 7.281298e-76 1.780210e-12 4.422274e-15 1.254053e-39 0.000000e+00 2.228678e-192 9.101866e-12 8.459444e-03
1.968580e-06 3.604760e-10 1.880058e-06 2.623739e-07 5.491430e-06 5.826306e-03 2.081737e-17 1.360074e-20 1.573663e-17 2.560237e-17 2.321692e-09 2.985259e-32 2.809408e-23 9.086298e-31 9.883459e-31 5.031774e-21 1.384693e-27 4.406850e-19 1.090134e-04 2.375643e-04 1.462427e-23 3.993588e-13 2.425138e-17 3.126317e-23 3.525866e-18 0.000000e+00 1.900119e-01 9.161274e-22 8.558509e-27 5.038483e-29 1.039004e-11 2.492294e-24 1.862583e-05 5.204079e-16 5.224971e-18 8.428065e-12 6.158994e-21 7.954453e-01 4.366346e-23 1.302015e-09 0.000000e+00 0.000000e+00 0.000000e+00 0.000000e+00 6.097886e-20 1.613890e-16 1.923432e-17 5.185639e-16 1.094557e-10 0.000000e+00 1.056930e-15 5.167399e-13 1.693340e-08 8.620869e-22 1.439355e-06 6.718040e-23 3.489692e-22 6.473648e-18 2.290433e-12 0.000000e+00 8.646423e-20 6.039459e-26 0.000000e+00 6.968694e-14 7.753427e-30 2.734843e-38 1.412996e-28 1.767371e-58 6.409092e-28 5.528404e-36 3.399506e-14 1.062543e-39 3.633305e-17 2.312724e-31 0.000000e+00 1.045047e-15 3.307238e-17 3.845875e-26 4.403091e-28 2.738946e-11 1.564258e-19 3.860965e-13 1.054933e-24 1.301057e-19 7.943422e-40 9.939973e-30 1.049112e-27 0.000000e+00 4.103265e-22 3.294077e-20 1.051033e-23 5.563915e-28 3.154666e-32 2.529538e-76 2.323354e-12 4.125208e-15 1.189227e-39 0.000000e+00 2.126267e-194 9.886141e-12 8.342201e-03
1.709227e-06 3.054968e-10 1.905433e-06 2.096051e-07 6.187270e-06 8.253869e-03 3.884261e-17 4.576360e-20 1.164065e-17 1.835263e-17 1.881490e-09 2.372771e-33 1.478937e-23 7.633764e-31 1.150404e-30 5.452383e-21 9.526538e-28 3.362830e-19 1.212945e-04 2.201090e-04 1.165100e-23 2.971620e-13 2.521083e-17 1.737240e-23 2.640201e-18 0.000000e+00 1.877512e-01 9.315396e-22 6.728056e-27 2.223542e-29 7.116568e-12 2.404760e-24 3.482142e-05 6.745969e-16 5.476953e-18 7.227703e-12 6.832924e-21 7.953964e-01 4.134827e-23 1.204203e-09 0.000000e+00 0.000000e+00 0.000000e+00 0.000000e+00 4.261414e-20 1.127495e-16 1.425991e-17 4.104035e-16 9.664936e-11 0.000000e+00 9.818410e-16 4.795186e-13 1.685891e-08 7.330276e-22 1.569882e-06 4.899708e-23 1.792985e-22 3.901625e-18 2.958767e-12 6.650427e-20 9.644642e-20 3.946516e-26 0.000000e+00 6.641552e-14 3.204663e-30 4.272341e-38 1.109235e-28 1.947906e-58 5.519515e-28 2.602482e-34 3.400557e-14 5.454164e-40 2.793889e-17 1.693652e-31 0.000000e+00 3.921763e-16 2.762742e-17 2.936775e-26 2.796603e-28 2.507905e-11 1.514102e-19 3.794848e-13 6.103882e-25 1.260037e-19 2.384110e-40 9.664341e-30 5.457756e-28 0.000000e+00 4.116997e-22 3.101276e-20 8.125428e-24 5.406554e-28 3.054769e-32 1.006546e-76 2.931169e-12 3.824598e-15 1.116912e-39 0.000000e+00 2.028687e-196 1.010302e-11 8.212408e-03
1.484044e-06 2.580895e-10 1.936215e-06 1.665420e-07 6.961208e-06 1.134241e-02 8.452065e-17 1.417761e-19 8.728610e-18 1.343912e-17 1.518406e-09 0.000000e+00 1.099591e-21 2.363356e-29 1.569315e-30 7.046658e-21 6.572951e-28 2.548239e-19 1.339361e-04 2.020759e-04 9.431005e-24 2.237769e-13 2.604529e-17 8.740198e-24 1.973180e-18 0.000000e+00 1.850317e-01 9.686520e-22 0.000000e+00 1.026470e-29 4.999787e-12 2.320717e-24 6.113063e-05 8.443935e-16 8.622090e-18 6.261227e-12 7.522518e-21 7.951488e-01 3.888282e-23 1.129116e-09 0.000000e+00 0.000000e+00 0.000000e+00 0.000000e+00 3.213144e-20 7.987081e-17 1.116926e-17 3.300125e-16 8.566751e-11 0.000000e+00 9.272617e-16 4.524493e-13 1.677356e-08 6.064028e-22 1.648206e-06 3.600105e-23 9.297425e-23 2.365803e-18 3.824890e-12 1.093488e-19 1.082262e-19 2.669250e-26 6.134117e-25 6.355288e-14 1.441807e-30 6.732173e-38 9.096234e-29 2.224912e-58 4.761895e-28 1.961690e-31 3.333721e-14 2.921881e-40 2.085680e-17 1.266631e-31 0.000000e+00 1.546399e-16 2.296681e-17 2.183122e-26 1.852064e-28 2.299684e-11 1.461329e-19 3.722332e-13 3.638071e-25 1.215932e-19 7.720339e-41 9.375444e-30 2.989242e-28 0.000000e+00 4.118415e-22 2.900405e-20 6.233637e-24 5.235804e-28 2.947435e-32 3.698882e-76 3.585239e-12 3.532507e-15 1.055474e-39 0.000000e+00 1.935038e-198 9.822154e-12 8.069218e-03
1.288527e-06 2.170399e-10 1.973473e-06 1.317223e-07 7.828506e-06 1.516745e-02 1.833128e-16 4.107829e-19 6.638227e-18 1.003326e-17 1.221266e-09 0.000000e+00 1.825694e-21 2.234739e-28 2.157106e-30 9.253681e-21 4.565891e-28 1.919204e-19 1.466967e-04 1.837515e-04 7.781610e-24 1.699489e-13 2.678859e-17 6.448724e-24 1.472381e-18 8.839914e-23 1.818130e-01 1.025311e-21 5.864686e-25 4.925113e-30 3.593277e-12 2.237404e-24 1.017169e-04 1.027666e-15 1.810265e-17 5.482132e-12 8.177917e-21 7.946639e-01 3.603463e-23 1.073615e-09 0.000000e+00 0.000000e+00 0.000000e+00 0.000000e+00 2.600462e-20 5.790048e-17 9.308053e-18 2.696434e-16 7.620696e-11 0.000000e+00 8.939158e-16 4.339520e-13 1.667620e-08 4.908388e-22 1.667447e-06 2.680908e-23 4.847650e-23 1.440027e-18 4.897420e-12 1.331516e-19 1.222753e-19 1.866627e-26 0.000000e+00 6.109332e-14 6.977566e-31 1.081928e-37 7.616493e-29 2.659166e-58 4.136503e-28 0.000000e+00 3.200862e-14 1.642730e-40 1.507108e-17 9.677663e-32 0.000000e+00 6.399980e-17 1.892091e-17 1.574774e-26 1.279622e-28 2.108348e-11 1.405938e-19 3.643149e-13 2.225454e-25 1.168785e-19 2.674859e-41 9.071034e-30 1.710004e-28 0.000000e+00 4.106827e-22 2.692958e-20 4.749611e-24 5.051738e-28 2.832773e-32 0.000000e+00 4.268985e-12 3.257560e-15 1.019701e-39 0.000000e+00 1.844534e-200 9.148058e-12 7.911855e-03
1.118769e-06 1.817388e-10 2.018132e-06 1.037964e-07 8.805595e-06 1.979368e-02 3.760085e-16 1.108113e-18 5.117389e-18 7.620933e-18 9.797727e-10 0.000000e+00 1.455625e-21 1.167541e-28 2.873009e-30 1.183008e-20 3.197966e-28 1.437927e-19 1.593031e-04 1.654626e-04 6.509719e-24 1.302584e-13 2.746476e-17 3.201801e-24 1.097472e-18 0.000000e+00 1.780652e-01 1.098480e-21 0.000000e+00 2.446450e-30 2.635801e-12 2.152966e-24 1.616483e-04 1.223105e-15 4.069598e-17 4.850649e-12 8.774584e-21 7.939021e-01 3.289229e-23 1.031320e-09 0.000000e+00 0.000000e+00 0.000000e+00 0.000000e+00 2.230912e-20 4.305611e-17 8.225844e-18 2.229078e-16 6.799456e-11 0.000000e+00 8.748293e-16 4.220065e-13 1.656572e-08 3.906907e-22 1.632228e-06 1.639985e-23 2.535249e-23 8.781997e-19 6.172820e-12 0.000000e+00 1.390052e-19 1.344967e-26 0.000000e+00 5.895359e-14 3.597942e-31 1.737437e-37 6.458214e-29 3.251537e-58 3.622680e-28 4.041476e-34 3.012605e-14 9.508464e-41 1.050956e-17 7.540090e-32 7.419202e-33 2.773956e-17 1.539985e-17 1.106121e-26 9.169909e-29 1.926807e-11 1.347992e-19 3.557129e-13 1.391666e-25 1.118722e-19 9.858868e-42 8.749952e-30 1.012082e-28 3.195535e-29 4.081690e-22 2.480813e-20 3.595588e-24 4.854738e-28 2.711081e-32 1.680990e-77 4.985521e-12 3.003771e-15 1.000122e-39 0.000000e+00 1.755548e-202 8.228225e-12 7.739975e-03
9.713753e-07 1.514720e-10 2.071255e-06 8.156048e-08 9.911165e-06 2.527253e-02 7.208762e-16 2.802601e-18 3.997432e-18 5.881815e-18 7.847167e-10 0.000000e+00 6.551961e-24 0.000000e+00 3.564061e-30 1.407634e-20 2.269123e-28 1.072744e-19 1.714688e-04 1.475551e-04 5.521064e-24 1.006577e-13 2.811318e-17 1.833638e-24 8.175859e-19 0.000000e+00 1.737714e-01 1.184514e-21 1.418142e-23 1.252961e-30 1.968762e-12 2.066263e-24 2.468415e-04 1.429263e-15 8.799437e-17 4.334592e-12 9.303224e-21 7.928232e-01 2.961786e-23 9.991374e-10 5.837916e-25 1.828810e-26 5.267221e-26 1.157195e-21 2.003035e-20 3.282373e-17 7.617138e-18 1.860960e-16 6.079386e-11 0.000000e+00 8.688674e-16 4.148134e-13 1.644113e-08 3.076125e-22 1.549274e-06 1.217267e-23 1.327225e-23 5.355174e-19 7.630314e-12 1.202417e-20 1.588920e-19 9.951804e-27 0.000000e+00 5.704359e-14 1.956675e-31 2.786781e-37 5.525375e-29 4.053129e-58 3.199249e-28 0.000000e+00 2.780925e-14 5.635263e-41 7.050995e-18 5.981536e-32 0.000000e+00 1.254492e-17 1.235988e-17 7.569558e-27 6.793872e-29 1.748632e-11 1.287641e-19 3.464232e-13 8.871008e-26 1.065958e-19 3.839652e-42 8.411974e-30 6.173709e-29 3.604916e-29 4.042646e-22 2.266234e-20 2.704868e-24 4.645559e-28 2.582889e-32 1.239454e-77 5.756100e-12 2.774295e-15 9.993486e-40 0.000000e+00 1.667273e-204 7.224624e-12 7.553359e-03
8.434005e-07 1.258465e-10 2.133753e-06 6.396632e-08 1.116469e-05 3.163760e-02 1.291399e-15 6.531021e-18 3.161414e-18 4.605928e-18 6.280263e-10 2.529918e-30 1.257321e-22 1.729612e-29 4.270691e-30 1.610358e-20 1.629165e-28 7.977126e-20 1.829128e-04 1.303720e-04 4.700468e-24 7.873708e-14 2.875352e-17 1.088758e-24 6.091731e-19 0.000000e+00 1.689308e-01 1.278338e-21 3.268826e-23 6.608793e-31 1.494964e-12 1.976720e-24 3.639323e-04 1.645601e-15 1.775006e-16 3.909174e-12 9.764159e-21 7.913871e-01 2.640452e-23 9.704183e-10 2.140319e-23 6.646359e-25 1.937900e-24 6.386250e-20 1.857190e-20 2.559112e-17 7.268934e-18 1.558552e-16 5.440721e-11 0.000000e+00 8.656813e-16 4.100979e-13 1.630158e-08 2.402048e-22 1.434015e-06 1.397601e-23 6.947216e-24 3.260959e-19 9.228856e-12 2.453013e-19 1.822863e-19 7.524789e-27 0.000000e+00 5.523922e-14 1.117340e-31 4.292537e-37 4.765240e-29 4.957417e-58 2.842615e-28 0.000000e+00 2.522318e-14 3.305079e-41 4.538358e-18 4.817722e-32 0.000000e+00 5.914182e-18 9.773923e-18 5.085726e-27 5.153059e-29 1.572539e-11 1.225134e-19 3.364582e-13 5.744858e-26 1.010817e-19 1.576931e-42 8.057759e-30 3.856120e-29 8.410510e-29 3.989566e-22 2.051830e-20 2.021724e-24 4.425379e-28 2.448978e-32 9.601627e-78 6.647083e-12 2.568978e-15 9.944358e-40 0.000000e+00 1.578177e-206 6.190197e-12 7.352469e-03
7.322859e-07 1.044345e-10 2.206531e-06 5.012586e-08 1.258663e-05 3.890072e-02 2.168871e-15 1.369817e-17 2.529634e-18 3.655371e-18 5.028014e-10 6.947703e-30 0.000000e+00 0.000000e+00 4.936121e-30 1.763057e-20 1.179328e-28 5.920136e-20 1.933845e-04 1.142248e-04 3.968822e-24 6.269512e-14 2.939865e-17 6.489193e-25 4.543937e-19 1.037617e-23 1.635622e-01 1.375302e-21 0.000000e+00 3.590915e-31 1.152622e-12 1.884251e-24 5.199222e-04 1.871742e-15 3.326439e-16 3.556858e-12 1.016223e-20 7.895550e-01 2.339027e-23 9.386351e-10 1.690221e-23 5.244822e-25 1.528971e-24 3.653199e-20 1.759795e-20 2.037001e-17 7.039928e-18 1.299593e-16 4.868171e-11 0.000000e+00 8.529555e-16 4.063375e-13 1.614646e-08 1.862536e-22 1.302649e-06 4.556470e-24 3.634464e-24 1.981448e-19 1.090663e-11 0.000000e+00 2.094734e-19 5.782821e-27 0.000000e+00 5.343268e-14 6.690084e-32 6.053182e-37 4.146424e-29 5.686307e-58 2.532152e-28 0.000000e+00 2.252225e-14 1.841933e-41 2.795739e-18 3.929431e-32 0.000000e+00 2.910331e-18 7.615340e-18 3.385820e-27 3.957245e-29 1.398447e-11 1.160839e-19 3.258517e-13 3.767516e-26 9.537455e-20 6.829105e-43 7.688863e-30 2.455699e-29 2.055068e-28 3.922599e-22 1.840506e-20 1.501038e-24 4.195881e-28 2.310430e-32 0.000000e+00 7.771771e-12 2.386775e-15 9.562395e-40 0.000000e+00 1.487070e-208 5.176475e-12 7.138338e-03
6.358102e-07 8.637339e-11 2.291271e-06 3.928972e-08 1.420348e-05 4.705793e-02 3.435793e-15 2.679313e-17 2.049803e-18 2.942017e-18 4.031375e-10 1.652788e-29 0.000000e+00 0.000000e+00 5.545372e-30 1.852148e-20 8.693892e-29 4.390208e-20 2.027048e-04 9.934234e-05 3.359480e-24 5.055120e-14 3.011415e-17 3.917661e-25 3.396683e-19 0.000000e+00 1.576993e-01 1.470490e-21 2.661127e-22 2.001486e-31 9.002244e-13 1.789100e-24 7.218345e-04 2.104610e-15 5.813236e-16 3.266403e-12 1.049764e-20 7.872898e-01 2.058857e-23 9.076726e-10 0.000000e+00 0.000000e+00 0.000000e+00 7.750644e-21 1.694881e-20 1.656847e-17 6.858978e-18 1.083927e-16 4.350704e-11 0.000000e+00 8.418608e-16 4.044529e-13 1.597531e-08 1.445274e-22 1.157998e-06 1.259334e-23 1.897507e-24 1.199148e-19 1.258741e-11 4.264865e-19 2.411891e-19 4.518615e-27 1.360404e-25 5.160566e-14 4.157646e-32 8.209475e-37 3.641909e-29 6.380475e-58 2.265081e-28 0.000000e+00 1.977509e-14 1.004522e-41 1.644597e-18 3.248802e-32 0.000000e+00 1.486320e-18 5.850241e-18 2.216104e-27 3.091632e-29 1.227972e-11 1.095190e-19 3.146513e-13 2.501621e-26 8.952569e-20 3.093638e-43 7.307372e-30 1.591541e-29 4.702556e-28 3.842167e-22 1.635137e-20 1.106970e-24 3.959043e-28 2.168491e-32 5.339525e-78 9.263991e-12 2.229410e-15 9.159439e-40 0.000000e+00 1.395300e-210 4.216786e-12 6.911390e-03
5.520448e-07 7.112997e-11 2.389759e-06 3.083121e-08 1.604490e-05 5.609082e-02 5.164837e-15 4.975417e-17 1.682579e-18 2.401681e-18 3.240125e-10 3.757336e-29 4.730543e-22 7.309196e-29 6.099967e-30 1.875202e-20 6.563947e-29 3.256377e-20 2.107699e-04 8.586193e-05 2.862339e-24 4.118733e-14 3.094537e-17 2.394559e-25 2.546703e-19 0.000000e+00 1.513890e-01 1.559549e-21 4.607097e-25 1.141312e-31 7.109292e-13 1.691704e-24 9.766452e-04 2.341897e-15 9.533668e-16 3.031283e-12 1.077511e-20 7.845550e-01 1.801176e-23 8.782278e-10 7.213439e-23 2.239269e-24 6.528383e-24 1.794564e-19 1.650819e-20 1.378791e-17 6.691813e-18 9.052325e-17 3.880400e-11 0.000000e+00 8.363614e-16 4.057473e-13 1.578777e-08 1.129464e-22 1.007134e-06 5.652840e-24 9.871135e-25 7.217259e-20 1.419213e-11 1.246763e-19 2.781428e-19 3.579663e-27 0.000000e+00 4.972211e-14 2.658116e-32 1.093108e-36 3.191309e-29 7.120529e-58 2.031495e-28 0.000000e+00 1.706242e-14 5.407098e-42 9.216445e-19 2.722459e-32 0.000000e+00 7.826609e-19 4.439249e-18 1.421505e-27 2.457782e-29 1.063313e-11 1.028642e-19 3.029126e-13 1.681052e-26 8.358888e-20 1.455096e-43 6.915684e-30 1.047320e-29 9.136375e-28 3.748920e-22 1.438326e-20 8.107269e-25 3.716961e-28 2.024461e-32 3.100736e-77 1.132977e-11 2.095984e-15 8.846090e-40 0.000000e+00 1.303367e-212 3.335232e-12 6.672455e-03
4.793151e-07 5.834654e-11 2.503885e-06 2.424155e-08 1.814334e-05 6.596289e-02 7.410604e-15 8.784167e-17 1.399013e-18 1.988169e-18 2.612830e-10 7.725120e-29 0.000000e+00 1.017173e-29 6.614404e-30 1.840783e-20 5.077482e-29 2.418075e-20 2.175387e-04 7.384443e-05 2.448985e-24 3.394717e-14 3.192011e-17 1.484959e-25 1.916682e-19 6.017247e-26 1.446932e-01 1.638889e-21 2.383875e-25 6.652085e-32 5.669772e-13 1.592675e-24 1.291048e-03 2.582428e-15 1.477749e-15 2.848741e-12 1.100419e-20 7.813170e-01 1.567927e-23 8.487016e-10 9.324332e-23 2.899406e-24 8.454495e-24 3.696859e-19 1.620001e-20 1.175709e-17 6.525207e-18 7.554961e-17 3.452035e-11 0.000000e+00 8.340454e-16 4.116337e-13 1.558365e-08 8.916150e-23 8.588261e-07 0.000000e+00 5.112294e-25 4.316789e-20 1.564845e-11 0.000000e+00 3.209951e-19 2.873002e-27 4.014272e-24 4.774514e-14 1.744753e-32 1.420820e-36 2.761254e-29 7.851075e-58 1.827761e-28 4.165800e-31 1.447174e-14 2.842682e-42 4.909886e-19 2.310225e-32 7.133091e-25 4.232117e-19 3.344051e-18 8.951891e-28 1.980746e-29 9.068397e-12 9.616903e-20 2.907026e-13 1.142533e-26 7.762119e-20 7.110651e-44 6.516615e-30 6.965621e-30 6.266866e-28 3.643739e-22 1.252391e-20 5.895220e-25 3.471897e-28 1.879721e-32 6.499993e-77 1.425880e-11 1.984350e-15 8.571736e-40 0.000000e+00 1.211297e-214 2.551011e-12 6.422875e-03
4.161673e-07 4.767219e-11 2.635943e-06 1.911426e-08 2.053625e-05 7.662091e-02 1.021341e-14 1.485693e-16 1.178542e-18 1.669221e-18 2.115845e-10 1.480156e-28 0.000000e+00 0.000000e+00 7.105847e-30 1.762708e-20 4.026589e-29 1.799110e-20 2.230259e-04 6.328181e-05 2.104132e-24 2.830766e-14 3.307341e-17 9.360666e-26 1.449160e-19 0.000000e+00 1.376878e-01 1.705734e-21 0.000000e+00 3.958890e-32 4.561055e-13 1.492757e-24 1.671220e-03 2.825053e-15 2.181325e-15 2.719017e-12 1.119498e-20 7.775457e-01 1.359230e-23 8.186974e-10 0.000000e+00 0.000000e+00 0.000000e+00 0.000000e+00 1.598186e-20 1.030135e-17 6.365392e-18 6.297328e-17 3.062515e-11 4.587148e-40 8.349222e-16 4.244291e-13 1.536296e-08 7.126110e-23 7.188673e-07 8.816997e-24 2.634349e-25 2.564253e-20 1.689856e-11 3.831361e-19 3.704101e-19 2.318350e-27 0.000000e+00 4.564744e-14 1.165462e-32 1.810713e-36 2.190759e-29 8.569066e-58 1.639014e-28 0.000000e+00 1.206499e-14 1.455356e-42 2.481816e-19 1.984070e-32 0.000000e+00 2.341254e-19 2.533500e-18 5.533753e-28 1.614801e-29 7.609514e-12 8.948609e-20 2.780995e-13 7.857488e-27 7.168159e-20 3.574571e-44 6.113292e-30 4.678224e-30 3.579967e-28 3.527719e-22 1.079278e-20 4.255381e-25 3.226226e-28 1.735698e-32 0.000000e+00 1.842764e-11 1.892881e-15 8.342895e-40 0.000000e+00 1.119498e-216 1.875930e-12 6.164131e-03
3.613389e-07 3.873786e-11 2.788995e-06 1.512640e-08 2.326967e-05 8.800129e-02 1.362385e-14 2.482239e-16 1.006696e-18 1.422523e-18 1.722005e-10 2.744294e-28 1.244419e-22 2.084539e-29 7.585951e-30 1.654844e-20 3.289910e-29 1.342140e-20 2.272924e-04 5.410667e-05 1.831261e-24 2.378629e-14 3.447171e-17 5.996790e-26 1.101489e-19 8.619135e-27 1.304566e-01 1.758133e-21 1.316276e-25 2.399416e-32 3.695708e-13 1.392748e-24 2.122836e-03 3.067509e-15 3.091741e-15 2.644567e-12 1.135504e-20 7.732138e-01 1.173315e-23 7.908948e-10 2.750875e-23 8.617788e-25 2.514684e-24 8.856560e-20 1.583174e-20 9.313818e-18 6.234800e-18 5.262374e-17 2.710047e-11 1.754914e-39 8.476898e-16 4.478446e-13 1.512586e-08 5.783177e-23 5.892002e-07 6.906632e-25 1.349403e-25 1.510973e-20 1.790432e-11 0.000000e+00 4.274762e-19 1.894847e-27 5.798656e-25 4.343987e-14 7.969543e-33 2.359999e-36 7.594694e-30 9.873295e-58 1.477285e-28 2.590224e-32 9.878045e-15 7.431969e-43 1.188094e-19 1.726109e-32 4.881104e-26 1.317568e-19 1.990842e-18 3.336947e-28 1.337317e-29 6.277514e-12 8.286756e-20 2.651870e-13 5.486438e-27 6.582714e-20 1.851378e-44 5.708935e-30 3.167086e-30 0.000000e+00 3.402107e-22 9.204218e-21 3.049034e-25 2.982285e-28 1.593772e-32 7.707478e-78 2.432545e-11 1.821218e-15 8.359109e-40 0.000000e+00 1.029040e-218 1.313688e-12 5.897442e-03
3.137339e-07 3.136948e-11 2.965835e-06 1.202418e-08 2.639004e-05 1.000295e-01 1.771636e-14 4.026858e-16 8.715302e-19 1.229827e-18 1.409635e-10 4.869494e-28 1.482956e-23 1.684864e-30 8.091775e-30 1.538068e-20 2.746064e-29 1.004499e-20 2.304245e-04 4.621731e-05 1.598401e-24 2.024163e-14 3.613255e-17 3.926959e-26 8.422023e-20 0.000000e+00 1.230908e-01 1.795023e-21 2.359205e-26 1.483228e-32 3.015228e-13 1.293480e-24 2.651032e-03 3.310953e-15 4.245085e-15 2.629318e-12 1.149914e-20 7.682971e-01 1.009935e-23 7.618077e-10 0.000000e+00 0.000000e+00 0.000000e+00 2.166282e-20 1.573368e-20 8.733561e-18 6.158254e-18 4.386305e-17 2.393444e-11 5.576487e-39 8.626309e-16 4.865272e-13 1.487266e-08 4.754633e-23 4.752983e-07 0.000000e+00 6.873661e-26 8.839047e-21 1.864759e-11 0.000000e+00 4.927332e-19 1.555846e-27 0.000000e+00 4.111280e-14 5.565262e-33 3.034712e-36 0.000000e+00 1.105161e-57 1.328723e-28 0.000000e+00 7.951457e-15 3.661310e-43 5.379252e-20 1.518809e-32 0.000000e+00 7.536194e-20 1.724086e-18 1.977399e-28 1.115841e-29 5.086680e-12 7.636521e-20 2.520553e-13 3.893091e-27 6.011260e-20 9.853728e-45 5.306876e-30 2.159414e-30 1.831309e-28 3.268288e-22 7.767631e-21 2.168125e-25 2.742357e-28 1.455266e-32 0.000000e+00 3.257888e-11 1.766886e-15 8.398517e-40 0.000000e+00 9.397095e-221 8.665308e-13 5.625044e-03
2.724008e-07 2.524951e-11 3.170917e-06 9.609734e-09 2.996119e-05 1.126277e-01 2.268153e-14 6.669788e-16 7.657780e-19 1.080284e-18 1.161606e-10 8.776691e-28 0.000000e+00 0.000000e+00 8.653133e-30 1.423203e-20 2.358540e-29 7.545998e-21 2.325303e-04 3.948271e-05 1.421098e-24 1.732101e-14 3.817109e-17 2.626494e-26 6.481657e-20 0.000000e+00 1.156829e-01 1.815920e-21 0.000000e+00 9.317861e-33 2.473376e-13 1.195765e-24 3.260413e-03 3.552159e-15 5.702716e-15 2.678076e-12 1.163188e-20 7.627753e-01 8.660217e-24 7.365990e-10 2.706482e-23 8.602766e-25 2.516397e-24 5.397629e-21 1.568388e-20 8.546816e-18 6.179481e-18 3.675118e-17 2.111886e-11 1.634026e-38 8.961702e-16 5.480480e-13 1.460385e-08 3.969323e-23 3.753845e-07 8.560885e-25 3.480503e-26 5.128436e-21 1.912680e-11 1.158619e-20 5.675896e-19 1.286921e-27 1.896310e-25 3.869648e-14 3.859296e-33 4.142886e-36 0.000000e+00 1.167231e-57 1.196892e-28 0.000000e+00 6.283037e-15 1.821754e-43 2.300161e-20 1.354023e-32 0.000000e+00 4.354479e-20 1.776942e-18 1.138695e-28 9.465163e-30 4.046351e-12 7.002764e-20 2.387965e-13 2.834480e-27 5.458761e-20 5.348430e-45 4.910323e-30 1.479803e-30 2.763697e-28 3.127721e-22 6.487065e-21 1.530198e-25 2.508561e-28 1.321380e-32 2.191165e-78 4.402190e-11 1.731126e-15 8.833806e-40 0.000000e+00 8.530473e-223 5.273635e-13 5.348056e-03
2.365131e-07 2.025915e-11 3.407988e-06 7.728946e-09 3.404358e-05 1.257160e-01 2.881083e-14 1.098494e-15 6.824629e-19 9.634293e-19 9.643979e-11 1.575366e-27 5.243185e-23 8.579168e-30 9.346497e-30 1.326235e-20 2.061371e-29 5.691568e-21 2.337204e-04 3.376505e-05 1.269918e-24 1.500687e-14 4.061801e-17 1.806888e-26 5.023672e-20 0.000000e+00 1.083242e-01 1.820974e-21 4.223435e-26 5.964805e-33 2.040144e-13 1.100373e-24 3.955259e-03 3.793642e-15 7.565142e-15 2.795425e-12 1.176837e-20 7.566302e-01 7.402322e-24 7.110679e-10 0.000000e+00 0.000000e+00 0.000000e+00 1.410126e-21 1.567978e-20 8.775777e-18 6.343531e-18 3.075427e-17 1.864313e-11 4.464435e-38 9.354848e-16 6.420073e-13 1.432000e-08 3.358148e-23 2.921816e-07 6.828418e-25 1.753643e-26 2.956439e-21 1.935297e-11 1.007097e-20 6.525891e-19 1.069007e-27 8.457703e-26 3.620696e-14 2.695171e-33 5.708857e-36 0.000000e+00 0.000000e+00 1.077241e-28 1.164647e-32 4.877693e-15 8.756961e-44 9.281402e-21 1.221050e-32 0.000000e+00 2.538987e-20 2.242082e-18 6.432404e-29 8.080205e-30 3.157914e-12 6.389948e-20 2.255030e-13 2.124904e-27 4.929583e-20 2.975378e-45 4.522334e-30 1.018076e-30 5.753815e-28 2.981911e-22 5.361788e-21 1.071771e-25 2.282806e-28 1.193169e-32 2.094235e-78 5.970019e-11 1.711971e-15 9.376401e-40 0.000000e+00 7.687472e-225 2.883548e-13 5.069010e-03
2.053534e-07 1.608338e-11 3.684666e-06 6.262441e-09 3.874025e-05 1.392232e-01 3.668249e-14 2.026426e-15 6.190336e-19 8.758487e-19 8.074063e-11 3.204145e-27 0.000000e+00 7.456960e-30 1.019668e-29 1.243102e-20 1.873443e-29 4.310173e-21 2.341098e-04 2.891851e-05 1.190123e-24 1.290727e-14 4.375047e-17 1.272386e-26 3.923134e-20 0.000000e+00 1.010972e-01 1.810513e-21 0.000000e+00 3.856615e-33 1.687633e-13 1.007968e-24 4.739881e-03 4.026167e-15 9.998099e-15 2.984867e-12 1.190584e-20 7.498463e-01 6.285054e-24 6.999081e-10 9.683708e-23 3.169854e-24 9.300827e-24 3.864090e-22 1.572653e-20 9.476007e-18 6.720680e-18 2.632220e-17 1.649448e-11 1.139545e-37 1.031852e-15 7.825736e-13 1.402177e-08 2.901306e-23 2.204830e-07 0.000000e+00 8.789365e-27 1.692407e-21 1.934446e-11 0.000000e+00 7.505479e-19 8.960889e-28 1.577085e-25 3.369144e-14 1.851861e-33 9.562834e-36 0.000000e+00 0.000000e+00 9.741142e-29 1.023338e-32 3.701840e-15 4.627615e-44 3.527300e-21 1.119382e-32 1.281363e-26 1.474353e-20 3.274669e-18 3.454260e-29 7.130204e-30 2.417601e-12 5.801746e-20 2.122601e-13 1.696569e-27 4.427148e-20 1.660046e-45 4.145538e-30 7.040811e-31 8.289509e-28 2.832310e-22 4.386232e-21 7.452658e-26 2.066649e-28 1.071457e-32 8.974673e-78 8.137345e-11 1.715027e-15 1.128214e-39 0.000000e+00 6.893469e-227 1.322672e-13 4.787743e-03
1.782989e-07 1.269945e-11 4.005991e-06 5.117633e-09 4.413239e-05 1.530811e-01 4.692751e-14 3.937861e-15 5.707871e-19 8.105844e-19 6.823071e-11 6.952474e-27 2.620370e-24 2.139161e-29 1.130471e-29 1.183117e-20 1.741371e-29 3.276286e-21 2.337944e-04 2.481664e-05 1.140912e-24 1.116208e-14 4.762535e-17 9.264620e-27 3.088192e-20 0.000000e+00 9.407830e-02 1.785482e-21 0.000000e+00 2.532580e-33 1.401259e-13 9.191235e-25 5.619107e-03 4.255013e-15 1.322169e-14 3.247235e-12 1.206802e-20 7.424073e-01 5.311092e-24 6.970222e-10 6.026224e-24 2.021173e-25 5.942525e-25 1.109679e-22 1.583449e-20 1.073027e-17 7.365195e-18 2.282106e-17 1.465280e-11 2.720168e-37 1.167475e-15 9.850764e-13 1.370981e-08 2.552416e-23 1.631160e-07 7.186054e-25 4.394811e-27 9.672256e-22 1.912444e-11 2.372115e-20 8.618096e-19 7.522506e-28 0.000000e+00 3.116344e-14 1.260598e-33 1.755068e-35 0.000000e+00 0.000000e+00 8.789065e-29 0.000000e+00 2.751688e-15 2.480292e-44 1.261398e-21 1.040346e-32 0.000000e+00 8.524989e-21 5.104675e-18 1.794709e-29 6.390396e-30 1.814616e-12 5.241245e-20 1.991483e-13 1.457618e-27 3.954137e-20 9.365137e-46 3.782249e-30 4.886701e-31 1.312616e-27 2.680320e-22 3.551700e-21 5.143281e-26 1.861370e-28 9.568920e-33 0.000000e+00 1.112917e-10 1.738505e-15 1.437255e-39 0.000000e+00 6.136350e-229 4.661236e-14 4.507219e-03
1.548088e-07 9.953243e-12 4.380490e-06 4.224525e-09 5.034132e-05 1.672209e-01 6.043861e-14 8.399352e-15 5.362260e-19 7.657919e-19 5.827605e-11 1.679356e-26 1.416968e-23 9.275132e-30 1.272438e-29 1.141590e-20 1.668476e-29 2.498801e-21 2.328631e-04 2.134328e-05 1.136345e-24 9.649952e-15 5.252788e-17 6.987195e-27 2.452213e-20 0.000000e+00 8.733928e-02 1.746857e-21 0.000000e+00 1.685730e-33 1.166667e-13 8.343514e-25 6.597740e-03 4.476453e-15 1.752714e-14 3.579421e-12 1.227291e-20 7.343045e-01 4.470900e-24 7.119124e-10 0.000000e+00 0.000000e+00 0.000000e+00 3.338159e-23 1.602847e-20 1.264907e-17 8.352018e-18 2.033023e-17 1.309648e-11 6.073480e-37 1.379812e-15 1.269063e-12 1.338503e-08 2.296384e-23 1.176682e-07 4.541651e-25 2.201304e-27 5.553049e-22 1.871725e-11 3.342367e-20 9.884833e-19 6.377592e-28 0.000000e+00 2.865666e-14 8.466970e-34 3.762908e-35 0.000000e+00 0.000000e+00 7.983902e-29 0.000000e+00 2.000087e-15 1.410803e-44 4.240221e-22 9.827567e-33 0.000000e+00 4.879715e-21 8.041546e-18 8.922212e-30 5.869478e-30 1.336236e-12 4.711077e-20 1.862473e-13 1.393900e-27 3.512616e-20 5.330587e-46 3.434550e-30 3.409027e-31 2.100093e-27 2.527330e-22 2.847233e-21 3.523350e-26 1.668019e-28 8.499701e-33 5.485829e-78 1.531984e-10 1.787359e-15 2.021478e-39 0.000000e+00 5.425162e-231 1.073667e-14 4.228549e-03
1.344133e-07 7.715560e-12 4.819379e-06 3.529354e-09 5.752415e-05 1.815811e-01 7.837609e-14 2.091545e-14 5.150181e-19 7.416104e-19 5.038491e-11 4.801357e-26 1.143647e-23 9.343492e-30 1.448589e-29 1.110500e-20 1.669951e-29 1.910857e-21 2.313943e-04 1.839419e-05 1.203637e-24 8.263534e-15 5.891933e-17 5.465943e-27 1.966069e-20 0.000000e+00 8.094179e-02 1.695828e-21 2.352101e-23 1.133470e-33 9.725780e-14 7.540326e-25 7.681647e-03 4.683891e-15 2.328183e-14 3.973265e-12 1.256860e-20 7.255309e-01 3.762931e-24 7.656444e-10 1.801959e-23 6.518013e-25 1.930773e-24 1.051020e-23 1.637959e-20 1.535518e-17 9.766130e-18 1.912352e-17 1.180007e-11 1.268718e-36 1.751118e-15 1.657032e-12 1.304831e-08 2.126330e-23 8.198349e-08 2.230579e-25 1.111799e-27 3.244738e-22 1.814816e-11 2.182196e-21 1.133705e-18 5.443114e-28 0.000000e+00 2.619977e-14 5.514418e-34 1.037943e-34 0.000000e+00 0.000000e+00 7.282754e-29 0.000000e+00 1.417968e-15 9.150244e-45 1.337387e-22 9.473859e-33 5.407327e-27 2.740281e-21 1.247637e-17 4.168930e-30 5.604976e-30 9.670286e-13 4.213034e-20 1.736262e-13 1.557569e-27 3.103751e-20 3.023672e-46 3.104027e-30 0.000000e+00 3.282851e-27 2.374597e-22 2.259989e-21 2.396047e-26 1.487288e-28 7.509706e-33 4.430415e-77 2.131057e-10 1.870026e-15 3.352560e-39 0.000000e+00 4.768038e-233 1.186378e-15 3.952363e-03
1.167049e-07 5.971806e-12 5.330491e-06 2.991622e-09 6.579949e-05 1.960946e-01 1.017992e-13 5.448249e-14 5.053090e-19 7.353984e-19 4.418581e-11 1.446371e-25 5.853468e-24 9.467397e-30 1.674986e-29 1.097141e-20 1.705909e-29 1.464089e-21 2.294515e-04 1.588501e-05 1.305063e-24 7.163105e-15 6.701340e-17 4.464498e-27 1.593853e-20 0.000000e+00 7.494440e-02 1.634081e-21 2.067645e-24 7.784863e-34 8.136835e-14 6.784850e-25 8.877470e-03 4.888092e-15 3.089890e-14 4.414052e-12 1.303635e-20 7.160848e-01 3.209682e-24 8.536651e-10 3.565745e-23 1.353833e-24 4.017012e-24 3.457539e-24 1.697468e-20 1.900295e-17 1.167567e-17 1.864635e-17 1.073438e-11 2.476243e-36 2.277335e-15 2.170237e-12 1.270075e-08 2.026770e-23 5.615426e-08 1.259276e-24 5.709578e-28 1.947073e-22 1.744326e-11 3.907612e-20 1.296602e-18 4.671331e-28 5.041602e-26 2.381265e-14 3.536214e-34 3.268681e-34 0.000000e+00 0.000000e+00 6.664985e-29 1.769539e-32 9.839037e-16 5.952033e-45 3.960398e-23 9.294156e-33 3.128160e-26 1.513914e-21 1.886725e-17 1.886512e-30 5.415339e-30 6.895270e-13 3.748512e-20 1.613520e-13 1.949336e-27 2.728211e-20 1.738521e-46 2.792045e-30 0.000000e+00 5.175862e-27 2.223338e-22 1.776717e-21 1.617220e-26 1.319676e-28 6.600532e-33 1.654543e-75 2.980295e-10 1.989308e-15 5.867935e-39 0.000000e+00 4.150939e-235 4.942774e-17 3.682118e-03
1.013295e-07 4.565921e-12 5.934162e-06 2.581262e-09 7.544040e-05 2.106963e-01 1.330146e-13 1.783053e-13 5.107358e-19 7.545181e-19 3.940348e-11 5.539234e-25 8.107456e-24 2.243391e-29 1.953276e-29 1.086370e-20 1.858258e-29 1.123117e-21 2.270983e-04 1.373540e-05 1.548512e-24 6.108086e-15 7.804897e-17 3.795078e-27 1.309244e-20 0.000000e+00 6.939804e-02 1.563185e-21 2.916182e-24 5.399729e-34 6.805389e-14 6.079040e-25 1.019304e-02 5.068797e-15 4.104096e-14 4.880184e-12 1.397502e-20 7.059740e-01 2.835905e-24 1.061682e-09 7.940489e-23 3.229274e-24 9.611527e-24 1.187537e-24 1.824387e-20 2.367556e-17 1.417569e-17 2.032806e-17 9.870999e-12 4.518332e-36 3.282896e-15 2.831713e-12 1.234357e-08 2.021459e-23 3.670216e-08 3.384222e-24 3.023171e-28 1.238946e-22 1.662800e-11 1.046137e-19 1.484787e-18 4.046318e-28 7.986956e-25 2.152276e-14 2.156559e-34 1.344589e-33 0.000000e+00 0.000000e+00 6.150217e-29 2.141833e-32 6.651197e-16 4.809497e-45 1.097862e-23 9.382660e-33 1.439821e-25 8.102772e-22 2.772401e-17 7.872561e-31 5.528633e-30 4.851331e-13 3.318066e-20 1.494815e-13 2.969090e-27 2.385885e-20 9.918862e-47 2.499492e-30 0.000000e+00 8.254116e-27 2.074628e-22 1.383694e-21 1.083863e-26 1.165365e-28 5.771877e-33 2.095155e-74 4.209882e-10 2.168880e-15 1.313430e-38 0.000000e+00 3.594561e-237 5.021926e-19 3.416352e-03
8.797976e-08 3.536065e-12 6.635804e-06 2.275916e-09 8.653050e-05 2.253147e-01 1.739008e-13 5.599916e-13 5.292904e-19 7.955219e-19 3.583567e-11 2.044960e-24 3.304878e-23 1.363167e-28 2.337430e-29 1.106321e-20 2.025332e-29 8.625663e-22 2.243803e-04 1.188763e-05 1.839273e-24 5.389992e-15 9.217688e-17 3.372302e-27 1.092789e-20 0.000000e+00 6.434916e-02 1.485525e-21 3.556213e-23 3.880597e-34 5.728216e-14 5.424319e-25 1.163810e-02 5.257246e-15 5.453125e-14 5.342930e-12 1.569235e-20 6.952078e-01 2.707359e-24 1.353138e-09 0.000000e+00 0.000000e+00 0.000000e+00 4.245905e-25 2.052482e-20 2.952641e-17 1.727827e-17 2.263994e-17 9.175179e-12 7.691290e-36 4.685775e-15 3.650567e-12 1.197812e-08 2.117563e-23 2.394426e-08 2.528104e-24 1.668475e-28 8.260793e-23 1.572866e-11 6.961641e-20 1.690649e-18 3.468801e-28 0.000000e+00 1.934492e-14 1.299502e-34 5.452584e-33 0.000000e+00 0.000000e+00 5.610795e-29 0.000000e+00 4.415309e-16 3.508073e-45 2.860641e-24 9.654193e-33 0.000000e+00 4.241338e-22 3.955926e-17 3.276447e-31 5.582523e-30 3.371999e-13 2.922470e-20 1.380684e-13 4.635623e-27 2.076327e-20 5.804817e-47 2.227086e-30 9.360631e-32 1.343063e-26 1.929485e-22 1.068053e-21 7.214210e-27 1.024385e-28 5.022638e-33 1.441179e-73 5.908366e-10 2.411707e-15 2.848952e-38 0.000000e+00 3.070940e-239 1.232387e-21 3.160779e-03
7.638878e-08 2.695362e-12 7.481170e-06 2.059837e-09 9.967578e-05 2.398875e-01 2.330624e-13 2.847374e-12 5.741947e-19 8.892169e-19 3.334451e-11 1.260087e-23 2.403725e-23 5.204735e-28 2.838604e-29 1.125515e-20 2.587593e-29 6.636200e-22 2.213516e-04 1.027916e-05 2.638300e-24 4.549565e-15 1.138339e-16 3.124000e-27 9.302085e-21 4.086965e-27 5.983280e-02 1.402637e-21 2.549310e-24 2.796503e-34 4.791996e-14 4.820507e-25 1.322478e-02 5.390724e-15 7.365793e-14 5.767469e-12 2.123876e-20 6.838073e-01 2.922303e-24 2.201131e-09 0.000000e+00 0.000000e+00 0.000000e+00 1.579364e-25 2.791045e-20 3.631746e-17 2.104166e-17 3.222903e-17 8.617152e-12 1.226980e-35 8.233912e-15 4.633681e-12 1.160578e-08 2.420471e-23 1.425803e-08 0.000000e+00 9.925088e-29 6.357234e-23 1.476829e-11 0.000000e+00 1.943333e-18 3.055761e-28 2.117908e-25 1.729822e-14 7.026380e-35 4.765256e-32 0.000000e+00 0.000000e+00 5.262333e-29 4.611068e-33 2.846528e-16 4.195876e-45 6.939389e-25 1.045487e-32 4.239527e-26 2.074095e-22 5.490384e-17 1.188996e-31 6.286746e-30 2.315727e-13 2.561437e-20 1.271482e-13 9.876593e-27 1.798206e-20 3.247761e-47 1.974891e-30 7.612926e-32 2.208592e-26 1.788681e-22 8.170944e-22 4.778979e-27 8.963860e-29 4.349569e-33 8.997146e-72 8.400527e-10 2.787125e-15 1.025413e-37 0.000000e+00 2.623043e-241 3.577002e-25 2.908740e-03
6.632487e-08 2.131117e-12 8.477591e-06 1.921576e-09 1.149729e-04 2.543532e-01 3.232850e-13 1.576055e-11 6.475813e-19 1.047874e-18 3.183833e-11 8.774930e-23 0.000000e+00 2.414382e-27 3.653448e-29 1.210431e-20 3.549515e-29 5.141906e-22 2.180271e-04 8.888796e-06 4.033560e-24 3.992367e-15 1.457968e-16 3.027302e-27 8.107281e-21 1.360316e-26 5.587604e-02 1.317892e-21 0.000000e+00 2.112805e-34 4.025599e-14 4.267079e-25 1.497376e-02 5.522819e-15 1.028765e-13 6.116528e-12 3.702748e-20 6.717790e-01 3.609003e-24 3.859556e-09 1.047471e-22 5.724937e-24 1.691329e-23 6.114965e-26 4.846505e-20 4.383991e-17 2.515007e-17 4.912298e-17 8.145431e-12 1.831293e-35 1.495119e-14 5.724582e-12 1.122784e-08 2.952694e-23 8.297140e-09 0.000000e+00 6.478062e-29 5.464813e-23 1.377085e-11 0.000000e+00 2.234598e-18 2.671163e-28 0.000000e+00 1.538664e-14 3.622309e-35 4.669073e-31 0.000000e+00 0.000000e+00 4.921664e-29 0.000000e+00 1.815994e-16 5.033228e-45 1.576161e-25 1.178459e-32 0.000000e+00 9.547531e-23 7.421041e-17 4.338848e-32 7.134379e-30 1.573269e-13 2.234380e-20 1.167514e-13 2.217596e-26 1.550085e-20 1.874644e-47 1.742946e-30 6.833331e-32 3.736507e-26 1.652898e-22 6.198359e-22 3.162028e-27 7.809488e-29 3.749163e-33 3.789147e-70 1.185523e-09 3.318455e-15 4.057090e-37 0.000000e+00 2.209602e-243 1.086648e-29 2.667642e-03
5.758683e-08 1.810256e-12 9.680418e-06 1.854697e-09 1.331444e-04 2.686347e-01 5.032279e-13 1.384918e-10 7.798263e-19 1.378222e-18 3.128632e-11 1.095748e-21 1.898985e-25 1.934696e-26 5.299123e-29 1.444724e-20 6.110220e-29 4.073623e-22 2.144214e-04 7.702076e-06 7.611747e-24 3.609846e-15 2.049559e-16 3.081704e-27 7.267925e-21 1.553720e-26 5.250719e-02 1.233695e-21 0.000000e+00 1.697658e-34 3.364957e-14 3.762792e-25 1.691165e-02 5.622219e-15 1.603602e-13 6.351654e-12 9.948360e-20 6.591476e-01 4.860839e-24 8.360561e-09 5.158592e-24 3.522305e-25 9.541438e-25 2.546493e-26 1.285770e-19 5.109730e-17 2.900188e-17 9.158423e-17 7.700782e-12 2.568002e-35 3.146511e-14 6.796906e-12 1.084596e-08 3.765587e-23 4.439139e-09 0.000000e+00 4.783268e-29 5.790912e-23 1.275547e-11 0.000000e+00 2.620150e-18 2.366724e-28 1.174009e-25 1.361533e-14 1.672005e-35 8.963870e-30 0.000000e+00 0.000000e+00 4.866816e-29 1.833659e-33 1.169168e-16 8.601333e-45 3.327381e-26 1.477671e-32 2.280997e-26 4.064318e-23 9.752520e-17 1.600781e-32 8.725756e-30 1.103009e-13 1.940112e-20 1.069018e-13 6.319697e-26 1.330168e-20 1.097056e-47 1.531187e-30 7.081137e-32 6.651393e-26 1.522710e-22 4.663273e-22 2.115152e-27 6.774908e-29 3.217048e-33 7.121217e-68 1.688025e-09 4.134668e-15 2.557828e-36 0.000000e+00 1.849886e-245 2.013576e-35 2.433939e-03
5.000000e-08 1.893947e-12 1.111677e-05 1.855907e-09 1.544849e-04 2.826325e-01 1.585129e-12 2.640570e-09 1.175550e-18 2.120555e-18 3.171651e-11 5.963619e-20 3.132581e-23 6.396431e-25 1.589614e-28 3.553983e-20 1.247656e-28 3.437823e-22 2.105132e-04 6.740494e-06 1.713374e-23 3.742890e-15 3.534279e-16 3.355229e-27 6.728643e-21 0.000000e+00 4.976082e-02 1.151910e-21 5.766756e-25 1.575354e-34 2.821974e-14 3.306111e-25 1.907754e-02 5.862497e-15 5.058418e-13 6.440685e-12 3.212924e-19 6.459338e-01 6.335975e-24 1.933201e-08 3.904879e-27 1.109156e-25 8.709281e-30 1.351426e-26 4.101191e-19 5.651161e-17 3.090788e-17 1.794282e-16 7.177664e-12 3.369106e-35 6.485031e-14 7.518895e-12 1.046203e-08 4.541167e-23 2.300848e-09 2.698969e-25 3.922016e-29 7.340898e-23 1.173566e-11 0.000000e+00 3.140601e-18 2.076515e-28 0.000000e+00 1.198452e-14 7.414067e-36 3.866824e-28 0.000000e+00 0.000000e+00 6.371509e-29 5.278288e-36 8.043458e-17 1.501585e-44 6.571755e-27 3.289818e-32 0.000000e+00 1.856874e-23 1.199901e-16 8.060971e-33 1.073526e-29 7.290686e-14 1.677217e-20 9.761826e-14 1.943965e-25 1.136607e-20 7.254767e-48 1.340435e-30 9.204629e-32 1.382816e-25 1.398608e-22 3.481565e-22 1.464357e-27 5.853816e-29 2.748706e-33 1.394718e-65 2.436916e-09 5.548748e-15 2.182525e-35 0.000000e+00 1.848330e-245 0.000000e+00 2.212434e-03
