PRESS OH H2 H2O H O CH C CH2 CH3 CH4 C2 C2H2 C2H C2H3 C2H4 C2H5 C2H6 CO CO2 CH2OH H2CO HCO CH3O CH3OH CH3CO O2 H2CCO HCCO CH3O2 HO2 CH3OOH N NH CN HCN NH2 N2 NH3 NO N2H2 N2H N2H3 N2H4 HNO H2CN HNCO NO2 N2O C4H2 CH2NH2 CH2NH CH3NH2 CH3CHO O3 NO3 HNO3 HNO2 NCO N2O5 S SH S2 SO H2S CS COS CS2 NS HS2 SO2 S4 S8 HCS S3 H2O2 SO3 HSO3 HSO H2SO4 HC3N CH3CN CH2CN C2H3CN CH3SH CH3S C3H3 C3H2 C3H4 C6H5 C6H6 C4H3 C4H5 S2O O_1 CH2_1 N_2D He H2O_l_s H2SO4_l Ar
1.000000e+00 3.566667e-17 1.438591e-06 8.922743e-03 2.540995e-23 2.335043e-19 6.762894e-36 0.000000e+00 5.987481e-31 4.352383e-17 4.552247e-05 2.884018e-58 4.340437e-14 1.993331e-41 5.688256e-32 1.863702e-11 2.974167e-19 1.420453e-11 5.144986e-07 3.992279e-04 1.061478e-30 2.078635e-09 2.902825e-24 2.497167e-20 6.129436e-14 1.132956e-21 2.002568e-01 3.999751e-17 8.284558e-15 1.253095e-18 5.222656e-18 2.761116e-19 3.435131e-31 3.326219e-24 4.433524e-33 5.417486e-11 1.857340e-21 7.810197e-01 1.579002e-09 3.855390e-07 7.880910e-21 4.402974e-26 6.408538e-21 2.475481e-22 1.188887e-11 6.027595e-18 1.053748e-13 6.464751e-09 6.890013e-07 9.341335e-20 1.330859e-23 2.806643e-20 1.125476e-15 1.265146e-16 9.658810e-14 2.530220e-21 3.790813e-11 1.918221e-10 1.563250e-27 1.184871e-20 2.156504e-27 2.626586e-18 1.309358e-18 7.899909e-20 4.502444e-10 0.000000e+00 5.451240e-10 2.513719e-23 1.005571e-19 1.050308e-18 3.721568e-10 2.773917e-24 7.782792e-28 5.738048e-36 1.552481e-22 1.106148e-17 3.999355e-18 1.755144e-25 2.634455e-09 2.894481e-11 4.965098e-15 4.134054e-11 4.296962e-13 4.720983e-14 5.500648e-17 1.167708e-26 4.191235e-20 1.393119e-14 5.673531e-15 3.345132e-24 8.577373e-18 2.532548e-17 2.272152e-22 1.448442e-31 6.310030e-29 3.683327e-32 2.244085e-48 0.000000e+00 0.000000e+00 1.095190e-21 9.352889e-03
8.682540e-01 4.678592e-17 1.442225e-06 6.464242e-03 3.637254e-23 3.201118e-19 8.137163e-35 3.231892e-32 7.637260e-31 5.097801e-17 4.562683e-05 0.000000e+00 4.351850e-14 1.262320e-41 5.791130e-32 1.868526e-11 3.523086e-19 1.424139e-11 5.159555e-07 4.002195e-04 1.372462e-30 2.057287e-09 3.926476e-24 3.186883e-20 6.146682e-14 1.902965e-21 2.007536e-01 4.009975e-17 8.305450e-15 1.378848e-18 6.309654e-18 2.767497e-19 1.236302e-31 1.782708e-24 4.856433e-33 5.432952e-11 2.203596e-21 7.829572e-01 1.582336e-09 3.863261e-07 7.899413e-21 6.684343e-26 6.423745e-21 2.481549e-22 1.195848e-11 6.042702e-18 1.056437e-13 6.532367e-09 6.906199e-07 9.363500e-20 1.342538e-23 2.813819e-20 1.128368e-15 1.275654e-16 1.422308e-13 3.127528e-21 2.378205e-10 1.928381e-10 2.384217e-27 3.362008e-20 3.831117e-27 3.879327e-18 1.363343e-18 1.382091e-19 4.494037e-10 2.433514e-30 5.456298e-10 2.538888e-23 1.008421e-19 1.649389e-18 3.731819e-10 3.401254e-24 7.807151e-28 5.968636e-36 1.556970e-22 1.110449e-17 2.363434e-18 2.398873e-25 2.640977e-09 2.903392e-11 4.977841e-15 4.144199e-11 4.306835e-13 4.733069e-14 5.524306e-17 1.654808e-26 4.219530e-20 1.396680e-14 5.688169e-15 3.394825e-24 8.597885e-18 2.539260e-17 2.278135e-22 1.451749e-31 1.314658e-28 7.673850e-32 8.506512e-49 0.000000e+00 1.976733e-05 1.883651e-19 9.376089e-03
7.538651e-01 5.907163e-17 1.444171e-06 5.219557e-03 4.969610e-23 4.242519e-19 6.760533e-34 3.141882e-32 9.503114e-31 5.769712e-17 4.567528e-05 0.000000e+00 4.359112e-14 8.093105e-42 5.782203e-32 1.871309e-11 4.048834e-19 1.426279e-11 5.167847e-07 4.007213e-04 1.713223e-30 2.009306e-09 4.961853e-24 3.880951e-20 6.159093e-14 3.016028e-21 2.010051e-01 4.015665e-17 8.316605e-15 1.454944e-18 7.299132e-18 2.769812e-19 4.639518e-32 9.967312e-25 4.549873e-33 5.442094e-11 2.534965e-21 7.839381e-01 1.583673e-09 3.866749e-07 7.907413e-21 9.686775e-26 6.430544e-21 2.484676e-22 1.203517e-11 6.050873e-18 1.057936e-13 6.555777e-09 6.913924e-07 9.374778e-20 1.363681e-23 2.817831e-20 1.129999e-15 1.295286e-16 1.991918e-13 3.748834e-21 4.414020e-10 1.931136e-10 3.271765e-27 8.637129e-20 5.688792e-27 5.546749e-18 1.496060e-18 2.033468e-19 4.480086e-10 0.000000e+00 5.453882e-10 2.559508e-23 1.010477e-19 2.531063e-18 3.738003e-10 3.792515e-24 7.828030e-28 6.305313e-36 1.560356e-22 1.115667e-17 1.335783e-18 3.140888e-25 2.644228e-09 2.906933e-11 4.985015e-15 4.149262e-11 4.310515e-13 4.739823e-14 5.555352e-17 2.305153e-26 4.261908e-20 1.398659e-14 5.696533e-15 3.431524e-24 8.607350e-18 2.543345e-17 2.281745e-22 1.453212e-31 2.424766e-28 1.342928e-31 3.286995e-49 0.000000e+00 8.974129e-06 1.433287e-17 9.387834e-03
6.545464e-01 7.253476e-17 1.446042e-06 4.077359e-03 6.577256e-23 5.488366e-19 4.649108e-33 3.568333e-31 1.166621e-30 6.378586e-17 4.571926e-05 2.954991e-58 4.367506e-14 5.210704e-42 5.682475e-32 1.874150e-11 4.546808e-19 1.428474e-11 5.175511e-07 4.011819e-04 2.078376e-30 1.943514e-09 5.994987e-24 4.573976e-20 6.173811e-14 4.631310e-21 2.012359e-01 4.021318e-17 8.327328e-15 1.491735e-18 8.194277e-18 2.771089e-19 1.845929e-32 5.724333e-25 6.286688e-33 5.450915e-11 2.849250e-21 7.848382e-01 1.584815e-09 3.870290e-07 7.914072e-21 1.358189e-25 6.436337e-21 2.487800e-22 1.211870e-11 6.059116e-18 1.059441e-13 6.540546e-09 6.920958e-07 9.386104e-20 1.397226e-23 2.821842e-20 1.131638e-15 1.327564e-16 2.694129e-13 4.392624e-21 6.356833e-10 1.922478e-10 4.238822e-27 2.073622e-19 7.753762e-27 7.767967e-18 1.727053e-18 2.763070e-19 4.466812e-10 2.276287e-29 5.450651e-10 2.595622e-23 1.012895e-19 3.796285e-18 3.744237e-10 4.378486e-24 7.854388e-28 6.962083e-36 1.564444e-22 1.123473e-17 8.154217e-19 3.986307e-25 2.647140e-09 2.910776e-11 4.992207e-15 4.153888e-11 4.312845e-13 4.746555e-14 5.601806e-17 3.280924e-26 4.320462e-20 1.400625e-14 5.705013e-15 3.461582e-24 8.615617e-18 2.547637e-17 2.285544e-22 1.454506e-31 4.148786e-28 2.345105e-31 1.304588e-49 0.000000e+00 7.925883e-06 5.344430e-16 9.398613e-03
5.683125e-01 8.702256e-17 1.447772e-06 3.084099e-03 8.445343e-23 6.904849e-19 2.702817e-32 6.445354e-31 1.415449e-30 6.819284e-17 4.575672e-05 0.000000e+00 4.377221e-14 3.199425e-42 5.389279e-32 1.876974e-11 4.961347e-19 1.430667e-11 5.182269e-07 4.015826e-04 2.476038e-30 1.865347e-09 7.001491e-24 5.230160e-20 6.190791e-14 7.232377e-21 2.014366e-01 4.026764e-17 8.337251e-15 1.481937e-18 8.915137e-18 2.771209e-19 6.563240e-33 3.177179e-25 7.257276e-33 5.459164e-11 3.113320e-21 7.856209e-01 1.585696e-09 3.873703e-07 7.919272e-21 1.877686e-25 6.440995e-21 2.490942e-22 1.220126e-11 6.067363e-18 1.060915e-13 6.490069e-09 6.926985e-07 9.397190e-20 1.444771e-23 2.825738e-20 1.133236e-15 1.374518e-16 3.577753e-13 5.019534e-21 8.164995e-10 1.899884e-10 5.276821e-27 5.101127e-19 1.003425e-26 1.070051e-17 2.072563e-18 3.582117e-19 4.454297e-10 8.251934e-30 5.446550e-10 2.604812e-23 1.015662e-19 5.631745e-18 3.750321e-10 5.395277e-24 7.886153e-28 7.299986e-36 1.569234e-22 1.134213e-17 4.900179e-19 4.954701e-25 2.649575e-09 2.913109e-11 4.999209e-15 4.157888e-11 4.313677e-13 4.753067e-14 5.664538e-17 4.844762e-26 4.391642e-20 1.402518e-14 5.713373e-15 3.487686e-24 8.622429e-18 2.552022e-17 2.289443e-22 1.455573e-31 6.759575e-28 4.182054e-31 4.693680e-50 0.000000e+00 6.788652e-06 1.029122e-14 9.407985e-03
4.934396e-01 1.025784e-16 1.449368e-06 2.237951e-03 1.062766e-22 8.529342e-19 1.373349e-31 1.758383e-31 1.801258e-30 7.135807e-17 4.578773e-05 2.124058e-57 4.388670e-14 3.433141e-42 5.002678e-32 1.879800e-11 5.308153e-19 1.432874e-11 5.188121e-07 4.019240e-04 2.886937e-30 1.779781e-09 7.980627e-24 5.850216e-20 6.210298e-14 1.155717e-20 2.016075e-01 4.032036e-17 8.346418e-15 1.440153e-18 9.504264e-18 2.770281e-19 1.822287e-33 1.743893e-25 9.708806e-33 5.466874e-11 3.336608e-21 7.862878e-01 1.586315e-09 3.876954e-07 7.923218e-21 2.561158e-25 6.444658e-21 2.494231e-22 1.227862e-11 6.075823e-18 1.062376e-13 6.410106e-09 6.932018e-07 9.408141e-20 1.508724e-23 2.829544e-20 1.134805e-15 1.438487e-16 4.677181e-13 5.657597e-21 9.822360e-10 1.863737e-10 6.408537e-27 1.265892e-18 1.255500e-26 1.458219e-17 2.548010e-18 4.509518e-19 4.442590e-10 0.000000e+00 5.441678e-10 2.606053e-23 1.018820e-19 8.309627e-18 3.756254e-10 6.957216e-24 7.923763e-28 7.492743e-36 1.574814e-22 1.148304e-17 3.059023e-19 6.052842e-25 2.651531e-09 2.906271e-11 5.006065e-15 4.161271e-11 4.313084e-13 4.759399e-14 5.744434e-17 8.942510e-26 4.472084e-20 1.404350e-14 5.721674e-15 3.509109e-24 8.627897e-18 2.556526e-17 2.293473e-22 1.456416e-31 1.060988e-27 8.316309e-31 1.610768e-50 0.000000e+00 5.739150e-06 1.028064e-13 9.415969e-03
4.284310e-01 1.189387e-16 1.450812e-06 1.554151e-03 1.301896e-22 1.021488e-18 6.173920e-31 0.000000e+00 2.511602e-30 7.121438e-17 4.581159e-05 0.000000e+00 4.402151e-14 3.760329e-41 4.379461e-32 1.882616e-11 5.486298e-19 1.435084e-11 5.192982e-07 4.022001e-04 3.343362e-30 1.691406e-09 8.908573e-24 6.359881e-20 6.232423e-14 2.071731e-20 2.017457e-01 4.037096e-17 8.354726e-15 1.347768e-18 9.825631e-18 2.768440e-19 7.326271e-34 8.650996e-26 1.343347e-32 5.473979e-11 3.458746e-21 7.868267e-01 1.586648e-09 3.879922e-07 7.925947e-21 3.532960e-25 6.447335e-21 2.497735e-22 1.234786e-11 6.084567e-18 1.063817e-13 6.307763e-09 6.935951e-07 9.418883e-20 1.591786e-23 2.833236e-20 1.136334e-15 1.521702e-16 6.131945e-13 6.248639e-21 1.131560e-09 1.815663e-10 7.604962e-27 3.701787e-18 1.530685e-26 1.966796e-17 3.161359e-18 5.544007e-19 4.431640e-10 8.808290e-30 5.436046e-10 2.622693e-23 1.022389e-19 1.225314e-17 3.761971e-10 9.277082e-24 7.967440e-28 8.031365e-36 1.581236e-22 1.166094e-17 1.789727e-19 7.341961e-25 2.652968e-09 2.860412e-11 5.012731e-15 4.163972e-11 4.311090e-13 4.765505e-14 5.841560e-17 1.453374e-25 4.557657e-20 1.406106e-14 5.729867e-15 3.525771e-24 8.631957e-18 2.561127e-17 2.297624e-22 1.457011e-31 1.634728e-27 1.940630e-30 4.332204e-51 0.000000e+00 4.596497e-06 5.676611e-13 9.422421e-03
3.719869e-01 1.366462e-16 1.452080e-06 1.051025e-03 1.585394e-22 1.217281e-18 2.474528e-30 0.000000e+00 4.198035e-30 7.073352e-17 4.582746e-05 0.000000e+00 4.417961e-14 6.138542e-40 3.824729e-32 1.885402e-11 5.632877e-19 1.437285e-11 5.196758e-07 4.024034e-04 3.820640e-30 1.604874e-09 9.838266e-24 6.847980e-20 6.257219e-14 3.939364e-20 2.018473e-01 4.041891e-17 8.362047e-15 1.250228e-18 1.011989e-17 2.765911e-19 0.000000e+00 4.472489e-26 0.000000e+00 5.480396e-11 3.561794e-21 7.872232e-01 1.586661e-09 3.882455e-07 7.927440e-21 4.818297e-25 6.448994e-21 2.501507e-22 1.240687e-11 6.093633e-18 1.065233e-13 6.191382e-09 6.938656e-07 9.429309e-20 1.697563e-23 2.836779e-20 1.137810e-15 1.626538e-16 7.946457e-13 6.926536e-21 1.263613e-09 1.759496e-10 8.929340e-27 1.207058e-17 1.836516e-26 2.643357e-17 3.905292e-18 6.724214e-19 4.421308e-10 0.000000e+00 5.429619e-10 2.616605e-23 1.026387e-19 1.776921e-17 3.767402e-10 1.224548e-23 8.017375e-28 7.843442e-36 1.588542e-22 1.187918e-17 1.290657e-19 8.804466e-25 2.653843e-09 2.733801e-11 5.019147e-15 4.165916e-11 4.307721e-13 4.771326e-14 5.956143e-17 2.682068e-25 4.644694e-20 1.407768e-14 5.737890e-15 3.535916e-24 8.634501e-18 2.565801e-17 2.301879e-22 1.457332e-31 2.461006e-27 5.466066e-30 1.213803e-51 0.000000e+00 3.344608e-06 1.805095e-12 9.427168e-03
3.229791e-01 1.548199e-16 1.453284e-06 6.775760e-04 1.870136e-22 1.390461e-18 8.922990e-30 2.349432e-31 7.713317e-30 6.511950e-17 4.583731e-05 2.741101e-55 4.437522e-14 7.686352e-39 3.033258e-32 1.888376e-11 5.502644e-19 1.439648e-11 5.199771e-07 4.025546e-04 4.294190e-30 1.519776e-09 1.068770e-23 7.118771e-20 6.286431e-14 1.015280e-19 2.019228e-01 4.046812e-17 8.369016e-15 1.096038e-18 1.004431e-17 2.762906e-19 0.000000e+00 2.067393e-26 1.226722e-32 5.486624e-11 3.496921e-21 7.875175e-01 1.586389e-09 3.884705e-07 7.928089e-21 6.852013e-25 6.449961e-21 2.505922e-22 1.245756e-11 6.103837e-18 1.066740e-13 6.063448e-09 6.940450e-07 9.440316e-20 1.836602e-23 2.840461e-20 1.139352e-15 1.761965e-16 1.056454e-12 7.568376e-21 1.383904e-09 1.695421e-10 1.037549e-26 5.461511e-17 2.167164e-26 3.529902e-17 4.791176e-18 8.017281e-19 4.411172e-10 0.000000e+00 5.422278e-10 2.656127e-23 1.031107e-19 2.521641e-17 3.772936e-10 1.645887e-23 8.076970e-28 9.185218e-36 1.597268e-22 1.215464e-17 1.187190e-19 1.061809e-24 2.654271e-09 2.501964e-11 5.025828e-15 4.167306e-11 4.302992e-13 4.777334e-14 6.094834e-17 6.105723e-25 4.733287e-20 1.409473e-14 5.746381e-15 3.536127e-24 8.635912e-18 2.570898e-17 2.306562e-22 1.457431e-31 3.725548e-27 1.699767e-29 2.338593e-52 0.000000e+00 2.318069e-06 4.027787e-12 9.430690e-03
2.804279e-01 1.744752e-16 1.454481e-06 4.284194e-04 2.204048e-22 1.588286e-18 2.886827e-29 1.795582e-30 1.506238e-29 5.994448e-17 4.584110e-05 8.788269e-55 4.462680e-14 7.508848e-38 2.412415e-32 1.891726e-11 5.361793e-19 1.442321e-11 5.202086e-07 4.026558e-04 4.830336e-30 1.437331e-09 1.153919e-23 7.368276e-20 6.322128e-14 2.929892e-19 2.019731e-01 4.052145e-17 8.375975e-15 9.559645e-19 1.000689e-17 2.759661e-19 0.000000e+00 1.217191e-26 1.819072e-32 5.492963e-11 3.422848e-21 7.877139e-01 1.585787e-09 3.886649e-07 7.927979e-21 9.680862e-25 6.450309e-21 2.511372e-22 1.250021e-11 6.115973e-18 1.068436e-13 5.927744e-09 6.941334e-07 9.452605e-20 2.025415e-23 2.844500e-20 1.141052e-15 1.941247e-16 1.394900e-12 8.408509e-21 1.495166e-09 1.626817e-10 1.204900e-26 1.755726e-16 2.539421e-26 4.719676e-17 5.806399e-18 9.508633e-19 4.400743e-10 0.000000e+00 5.413681e-10 2.686807e-23 1.036898e-19 3.413587e-17 3.778866e-10 2.155746e-23 8.150462e-28 1.040514e-35 1.608066e-22 1.251114e-17 1.729527e-19 1.271056e-24 2.654241e-09 2.198175e-11 5.033173e-15 4.168155e-11 4.296659e-13 4.783880e-14 6.268310e-17 1.450890e-24 4.824126e-20 1.411318e-14 5.755859e-15 3.530267e-24 8.636189e-18 2.576742e-17 2.311980e-22 1.457291e-31 5.565739e-27 5.472991e-29 5.748371e-53 0.000000e+00 1.366985e-06 6.874847e-12 9.433040e-03
2.434827e-01 1.931045e-16 1.456173e-06 2.417823e-04 2.527690e-22 1.767945e-18 8.819422e-29 0.000000e+00 2.873329e-29 5.282739e-17 4.583870e-05 1.360343e-52 4.506645e-14 5.847653e-37 1.812103e-32 1.896986e-11 5.048904e-19 1.446537e-11 5.204366e-07 4.027324e-04 5.362757e-30 1.334976e-09 1.211792e-23 7.415394e-20 6.381472e-14 1.053081e-18 2.020108e-01 4.060271e-17 8.385841e-15 8.036157e-19 9.709900e-18 2.755539e-19 3.399662e-34 9.656351e-27 8.525215e-33 5.502026e-11 3.233426e-21 7.878610e-01 1.584512e-09 3.888829e-07 7.927149e-21 1.384835e-24 6.450201e-21 2.520670e-22 1.254540e-11 6.136037e-18 1.071109e-13 5.746319e-09 6.941410e-07 9.471896e-20 2.371040e-23 2.850719e-20 1.143678e-15 2.260156e-16 1.854220e-12 9.455432e-21 1.630771e-09 1.535455e-10 1.405420e-26 4.373927e-16 2.954626e-26 6.316818e-17 7.253692e-18 1.127659e-18 4.386191e-10 7.511471e-30 5.400359e-10 2.717462e-23 1.046574e-19 4.618879e-17 3.787742e-10 3.048169e-23 8.273126e-28 1.130583e-35 1.626208e-22 1.313125e-17 3.287949e-19 1.509455e-24 2.653613e-09 1.855536e-11 5.044495e-15 4.168636e-11 4.285855e-13 4.793900e-14 6.561513e-17 3.706904e-24 4.945082e-20 1.414128e-14 5.770646e-15 3.527974e-24 8.635193e-18 2.586031e-17 2.320660e-22 1.456788e-31 8.284839e-27 1.883653e-28 1.640394e-53 0.000000e+00 6.423839e-07 9.880478e-12 9.434798e-03
2.114048e-01 2.039105e-16 1.459948e-06 9.674533e-05 2.733441e-22 1.901516e-18 2.705368e-28 1.318968e-30 5.247326e-29 4.457870e-17 4.582197e-05 1.685259e-50 4.620627e-14 3.751259e-36 1.284033e-32 1.909586e-11 4.528913e-19 1.456660e-11 5.207610e-07 4.027941e-04 5.766722e-30 1.159930e-09 1.175477e-23 7.088494e-20 6.528254e-14 4.366146e-18 2.020400e-01 4.079367e-17 8.407906e-15 6.472593e-19 8.878831e-18 2.749418e-19 4.128554e-33 1.027404e-26 0.000000e+00 5.522150e-11 2.886895e-21 7.879754e-01 1.581037e-09 3.892310e-07 7.925118e-21 1.922674e-24 6.449593e-21 2.544539e-22 1.260868e-11 6.186219e-18 1.077551e-13 5.418499e-09 6.939797e-07 9.518471e-20 3.309549e-23 2.865439e-20 1.149905e-15 3.099147e-16 2.417148e-12 1.083799e-20 1.867016e-09 1.374569e-10 1.674156e-26 1.017295e-15 3.420650e-26 8.482821e-17 9.990572e-18 1.367012e-18 4.356104e-10 4.930308e-30 5.370482e-10 2.726701e-23 1.070657e-19 6.687916e-17 3.808095e-10 5.278977e-23 8.575645e-28 1.084664e-35 1.671459e-22 1.472225e-17 8.831580e-19 1.722588e-24 2.651349e-09 1.429525e-11 5.071301e-15 4.168544e-11 4.259686e-13 4.817517e-14 7.299099e-17 1.092352e-23 5.175458e-20 1.420729e-14 5.805923e-15 3.588288e-24 8.631102e-18 2.608409e-17 2.341705e-22 1.455215e-31 1.201980e-26 8.626154e-28 5.581452e-54 0.000000e+00 1.903717e-07 1.290514e-11 9.436160e-03
1.835531e-01 2.066239e-16 1.466848e-06 3.179678e-05 2.805583e-22 1.994608e-18 6.700307e-28 0.000000e+00 9.136759e-29 3.585265e-17 4.578665e-05 1.130075e-48 4.845376e-14 2.033237e-35 8.638336e-33 1.933226e-11 3.894233e-19 1.475672e-11 5.211654e-07 4.028263e-04 6.075272e-30 9.483587e-10 1.062318e-23 6.469127e-20 6.805980e-14 2.059937e-17 2.020531e-01 4.114935e-17 8.448209e-15 4.974936e-19 7.695529e-18 2.746136e-19 4.077502e-32 1.259221e-26 0.000000e+00 5.558051e-11 2.451856e-21 7.880267e-01 1.574423e-09 3.896576e-07 7.923077e-21 2.621225e-24 6.449378e-21 2.591802e-22 1.266491e-11 6.283091e-18 1.089740e-13 5.016935e-09 6.935931e-07 9.607133e-20 5.283718e-23 2.892951e-20 1.161545e-15 4.803199e-16 3.129976e-12 1.259386e-20 2.173696e-09 1.176526e-10 2.057220e-26 1.819044e-15 3.948200e-26 1.145035e-16 1.343557e-17 1.681370e-18 4.308503e-10 5.128463e-30 5.320707e-10 2.710420e-23 1.116563e-19 9.423662e-17 3.844680e-10 8.794341e-23 9.136060e-28 9.172784e-36 1.757582e-22 1.783776e-17 2.809672e-18 1.904284e-24 2.646871e-09 1.067242e-11 5.121365e-15 4.167560e-11 4.212963e-13 4.861549e-14 8.731243e-17 3.505804e-23 5.513828e-20 1.433020e-14 5.872002e-15 3.892892e-24 8.623352e-18 2.650363e-17 2.381353e-22 1.452159e-31 1.722506e-26 4.504069e-27 1.923998e-54 0.000000e+00 3.537897e-08 1.420493e-11 9.436760e-03
1.593707e-01 1.916108e-16 1.481999e-06 3.180742e-05 2.603026e-22 2.067157e-18 1.158166e-27 0.000000e+00 1.521811e-28 2.706290e-17 4.571297e-05 4.564646e-47 5.359389e-14 9.804227e-35 5.562756e-33 1.985481e-11 3.162125e-19 1.517722e-11 5.218403e-07 4.028392e-04 6.146978e-30 6.752242e-10 8.257133e-24 5.425652e-20 7.419092e-14 9.571643e-17 2.020528e-01 4.193355e-17 8.536476e-15 3.561054e-19 5.990605e-18 2.755600e-19 3.100040e-31 1.623833e-26 4.729338e-33 5.634606e-11 1.942583e-21 7.880270e-01 1.560100e-09 3.902202e-07 7.921727e-21 3.294729e-24 6.450698e-21 2.701063e-22 1.269651e-11 6.500697e-18 1.116904e-13 4.540942e-09 6.927575e-07 9.806033e-20 1.024879e-22 2.953735e-20 1.187249e-15 8.946324e-16 3.947636e-12 1.439989e-20 2.635501e-09 9.159362e-11 2.574111e-26 2.854681e-15 4.539428e-26 1.553445e-16 1.774119e-17 2.109640e-18 4.218706e-10 7.667415e-30 5.224800e-10 2.663291e-23 1.218783e-19 1.369035e-16 3.921810e-10 1.404432e-22 1.030376e-27 6.032720e-36 1.948536e-22 2.499673e-17 2.710603e-18 1.938099e-24 2.637548e-09 7.334181e-12 5.231838e-15 4.164895e-11 4.116693e-13 4.958655e-14 1.203978e-16 1.209143e-22 6.132506e-20 1.460116e-14 6.017974e-15 5.852537e-24 8.608349e-18 2.742851e-17 2.469094e-22 1.445612e-31 2.405120e-26 7.511213e-27 6.592661e-55 0.000000e+00 1.583876e-09 1.324421e-11 9.436731e-03
1.383743e-01 1.724500e-16 1.503332e-06 3.182126e-05 2.365731e-22 2.265642e-18 1.928961e-27 0.000000e+00 2.456168e-28 1.968285e-17 4.562277e-05 1.187070e-45 6.096393e-14 4.171829e-34 3.679069e-33 2.058827e-11 2.559446e-19 1.576771e-11 5.226766e-07 4.028566e-04 6.189398e-30 4.618263e-10 6.174721e-24 4.447738e-20 8.273953e-14 2.933644e-16 2.020524e-01 4.303353e-17 8.660165e-15 2.434867e-19 4.572006e-18 2.787058e-19 1.875502e-30 2.123250e-26 7.740181e-34 5.739194e-11 1.609506e-21 7.880275e-01 1.540651e-09 3.906355e-07 7.919691e-21 4.221423e-24 6.452095e-21 2.860719e-22 1.266483e-11 6.806777e-18 1.155313e-13 4.286029e-09 6.917282e-07 1.008892e-19 1.843522e-22 3.039126e-20 1.223333e-15 1.566086e-15 5.149458e-12 1.597579e-20 3.099122e-09 6.963606e-11 3.323163e-26 3.724405e-15 5.233617e-26 2.116969e-16 2.100162e-17 2.552911e-18 4.108008e-10 0.000000e+00 5.108370e-10 2.616411e-23 1.362830e-19 1.859825e-16 4.023775e-10 1.785535e-22 1.172543e-27 3.426289e-36 2.215927e-22 3.554790e-17 2.542376e-18 1.912119e-24 2.626012e-09 5.236864e-12 5.386779e-15 4.161284e-11 3.991760e-13 5.094835e-14 1.701862e-16 4.040564e-22 6.955347e-20 1.498118e-14 6.222780e-15 1.577373e-23 8.591335e-18 2.872212e-17 2.592225e-22 1.436951e-31 3.482140e-26 1.212407e-26 2.383630e-55 0.000000e+00 7.740700e-13 1.091818e-11 9.436691e-03
1.201440e-01 1.529667e-16 1.532813e-06 3.184047e-05 2.195887e-22 2.824521e-18 3.191804e-27 3.775163e-32 3.990029e-28 1.539231e-17 4.551367e-05 2.109024e-44 7.125823e-14 1.606746e-33 2.880670e-33 2.159856e-11 2.240277e-19 1.658153e-11 5.237521e-07 4.028800e-04 6.286617e-30 3.054622e-10 4.529517e-24 3.737629e-20 9.442511e-14 5.327382e-16 2.020519e-01 4.454702e-17 8.830108e-15 1.727944e-19 3.574767e-18 2.847936e-19 9.396047e-30 2.717435e-26 0.000000e+00 5.879854e-11 1.671389e-21 7.880281e-01 1.514594e-09 3.908162e-07 7.910562e-21 5.632403e-24 6.449220e-21 3.089421e-22 1.256261e-11 7.225233e-18 1.208546e-13 4.312524e-09 6.904755e-07 1.048273e-19 3.184671e-22 3.156829e-20 1.273040e-15 2.686934e-15 6.673269e-12 1.711172e-20 3.588413e-09 5.243851e-11 4.458585e-26 4.558878e-15 6.091331e-26 2.868763e-16 2.367115e-17 2.956605e-18 3.969780e-10 0.000000e+00 4.969219e-10 2.604055e-23 1.562214e-19 2.459357e-16 4.154412e-10 1.941069e-22 1.331379e-27 3.068186e-36 2.583740e-22 5.103608e-17 2.319320e-18 1.796467e-24 2.612224e-09 3.854408e-12 5.599934e-15 4.156450e-11 3.832210e-13 5.282153e-14 2.455746e-16 9.648985e-22 8.138534e-20 1.550396e-14 6.504695e-15 5.477252e-23 8.572570e-18 3.049813e-17 2.761795e-22 1.425634e-31 5.107594e-26 1.968377e-26 1.372965e-55 0.000000e+00 3.137739e-16 8.293714e-12 9.436633e-03
1.043155e-01 1.375546e-16 1.571528e-06 3.186533e-05 2.099017e-22 3.854240e-18 5.221967e-27 0.000000e+00 6.444524e-28 1.235388e-17 4.538739e-05 2.715949e-43 8.483561e-14 5.590876e-33 2.509873e-33 2.292173e-11 2.098250e-19 1.764812e-11 5.251135e-07 4.029100e-04 6.583455e-30 1.999248e-10 3.323762e-24 3.240348e-20 1.096086e-13 7.279404e-16 2.020513e-01 4.652624e-17 9.051914e-15 1.239879e-19 2.881159e-18 2.942242e-19 3.971020e-29 3.465397e-26 3.871888e-35 6.060166e-11 2.365397e-21 7.880288e-01 1.481285e-09 3.907145e-07 7.884923e-21 9.409095e-24 6.435613e-21 3.401056e-22 1.239006e-11 7.765264e-18 1.278630e-13 4.623017e-09 6.890161e-07 1.100288e-19 5.266052e-22 3.311074e-20 1.338147e-15 4.541978e-15 8.909660e-12 1.842853e-20 4.118134e-09 4.021354e-11 6.216504e-26 5.557565e-15 7.134900e-26 3.866402e-16 2.656227e-17 3.276198e-18 3.802178e-10 1.103459e-30 4.810599e-10 2.599281e-23 1.825075e-19 3.182039e-16 4.311823e-10 2.035288e-22 1.499672e-27 3.872846e-36 3.066295e-22 7.296909e-17 2.134631e-18 1.686685e-24 2.596669e-09 5.903348e-12 5.878625e-15 4.150266e-11 3.638266e-13 5.527017e-14 3.557579e-16 2.006789e-21 9.816131e-20 1.618743e-14 6.873561e-15 1.740618e-22 8.553104e-18 3.281686e-17 2.983837e-22 1.411503e-31 7.787152e-26 3.176061e-26 1.003494e-55 0.000000e+00 1.118744e-19 5.993703e-12 9.436558e-03
9.057237e-02 1.329712e-16 1.619296e-06 3.189549e-05 2.252295e-22 5.982404e-18 8.691795e-27 0.000000e+00 1.074771e-27 1.197309e-17 4.524912e-05 2.643069e-42 1.015924e-13 1.778265e-32 2.840812e-33 2.455125e-11 2.367236e-19 1.896274e-11 5.267641e-07 4.029462e-04 7.445835e-30 1.359073e-10 2.593311e-24 3.174509e-20 1.281638e-13 7.659895e-16 2.020505e-01 4.895893e-17 9.323869e-15 1.030385e-19 2.619268e-18 3.069463e-19 1.461935e-28 4.266146e-26 0.000000e+00 6.277903e-11 4.489118e-21 7.880297e-01 1.441187e-09 3.902848e-07 7.833569e-21 1.649237e-23 6.404934e-21 3.801191e-22 1.215878e-11 8.417826e-18 1.365320e-13 5.211655e-09 6.874082e-07 1.164778e-19 8.277322e-22 3.501119e-20 1.418330e-15 7.530146e-15 1.136678e-11 2.080087e-20 4.691979e-09 3.321771e-11 9.061282e-26 6.948673e-15 8.482905e-26 5.133634e-16 3.062518e-17 3.592851e-18 3.608959e-10 9.638850e-31 4.640277e-10 2.594647e-23 2.151723e-19 4.021283e-16 4.488826e-10 2.076042e-22 1.671126e-27 6.163569e-36 3.664017e-22 1.025861e-16 2.059504e-18 1.614224e-24 2.580172e-09 8.552268e-12 6.221079e-15 4.142801e-11 3.416763e-13 5.827831e-14 5.090887e-16 2.688219e-21 1.208656e-19 1.702723e-14 7.327251e-15 4.356510e-22 8.534448e-18 3.566358e-17 3.257227e-22 1.394849e-31 1.165061e-25 5.289499e-26 1.476587e-55 0.000000e+00 3.839328e-23 4.291757e-12 9.436461e-03
7.863982e-02 1.401832e-16 1.676809e-06 3.193124e-05 2.686973e-22 9.621051e-18 1.440986e-26 0.000000e+00 1.790280e-27 1.261777e-17 4.510030e-05 2.041416e-41 1.217328e-13 5.137579e-32 3.657100e-33 2.651176e-11 3.021972e-19 2.054583e-11 5.287375e-07 4.029890e-04 9.205785e-30 1.005212e-10 2.222627e-24 3.424071e-20 1.503357e-13 6.959153e-16 2.020495e-01 5.187873e-17 9.649322e-15 9.240456e-20 2.661553e-18 3.231016e-19 4.717336e-28 5.263362e-26 8.550801e-36 6.535143e-11 9.238671e-21 7.880308e-01 1.394039e-09 3.895637e-07 7.747960e-21 2.989604e-23 6.351587e-21 4.304592e-22 1.187959e-11 9.187023e-18 1.470004e-13 6.004748e-09 6.856668e-07 1.242775e-19 1.250378e-21 3.729844e-20 1.514798e-15 1.233609e-14 1.453786e-11 2.562444e-20 5.326750e-09 2.999193e-11 1.376927e-25 9.021496e-15 1.018023e-25 6.786483e-16 3.688502e-17 3.999404e-18 3.390709e-10 2.947391e-30 4.461269e-10 2.589732e-23 2.549640e-19 4.960938e-16 4.682559e-10 2.259900e-22 1.851697e-27 1.142971e-35 4.391457e-22 1.421023e-16 2.148645e-18 1.661857e-24 2.562915e-09 1.214808e-11 6.631978e-15 4.133977e-11 3.170686e-13 6.188664e-14 7.189913e-16 3.398832e-21 1.508213e-19 1.803479e-14 7.872232e-15 9.475519e-22 8.517348e-18 3.907785e-17 3.586060e-22 1.375621e-31 1.758241e-25 8.796065e-26 2.695139e-55 0.000000e+00 1.303725e-26 3.105218e-12 9.436345e-03
6.827934e-02 1.622444e-16 1.742925e-06 3.197182e-05 3.630559e-22 1.582795e-17 2.388582e-26 2.530438e-34 2.993019e-27 1.490511e-17 4.494630e-05 1.292690e-40 1.448497e-13 1.354906e-31 5.416426e-33 2.876612e-11 4.402247e-19 2.236800e-11 5.310022e-07 4.030375e-04 1.243654e-29 8.584822e-11 2.220627e-24 4.107176e-20 1.756892e-13 5.626437e-16 2.020485e-01 5.522674e-17 1.002124e-14 9.188776e-20 3.096372e-18 3.424239e-19 1.358047e-27 6.476399e-26 3.763935e-35 6.825918e-11 1.893236e-20 7.880320e-01 1.341160e-09 3.885906e-07 7.624579e-21 5.067428e-23 6.273365e-21 4.912351e-22 1.157428e-11 1.005416e-17 1.590758e-13 6.934843e-09 6.838543e-07 1.332827e-19 1.818255e-21 3.992912e-20 1.625714e-15 1.983157e-14 1.819068e-11 3.436307e-20 6.014992e-09 2.975632e-11 2.172061e-25 1.199703e-14 1.238715e-25 8.940998e-16 4.612677e-17 4.652558e-18 3.155646e-10 7.276041e-30 4.281308e-10 2.580951e-23 3.015014e-19 5.963723e-16 4.885116e-10 2.574841e-22 2.039515e-27 2.253581e-35 5.243321e-22 1.929806e-16 2.426216e-18 1.838786e-24 2.545379e-09 1.694690e-11 7.102967e-15 4.123990e-11 2.911231e-13 6.602128e-14 9.960841e-16 3.897112e-21 1.886400e-19 1.918960e-14 8.497723e-15 1.803724e-21 8.502863e-18 4.299147e-17 3.964056e-22 1.354369e-31 2.618396e-25 1.467660e-25 6.376796e-55 0.000000e+00 4.614468e-30 2.320407e-12 9.436213e-03
5.928381e-02 2.026852e-16 1.818484e-06 3.201771e-05 5.408446e-22 2.581226e-17 3.920488e-26 0.000000e+00 4.954469e-27 1.885800e-17 4.478677e-05 6.921359e-40 1.712749e-13 3.283655e-31 8.684424e-33 3.134575e-11 7.024624e-19 2.445523e-11 5.335942e-07 4.030923e-04 1.806458e-29 8.654800e-11 2.630234e-24 5.316631e-20 2.045859e-13 4.370033e-16 2.020473e-01 5.904566e-17 1.044389e-14 9.787891e-20 4.011999e-18 3.653440e-19 3.525171e-27 8.047414e-26 7.010889e-35 7.153300e-11 3.690133e-20 7.880333e-01 1.282366e-09 3.874106e-07 7.458980e-21 8.178110e-23 6.167691e-21 5.645645e-22 1.125718e-11 1.102905e-17 1.729312e-13 7.941195e-09 6.819666e-07 1.436183e-19 2.584459e-21 4.293972e-20 1.752614e-15 3.152587e-14 2.258403e-11 4.918644e-20 6.766842e-09 3.189767e-11 3.522027e-25 1.614482e-14 1.528645e-25 1.178144e-15 5.954951e-17 5.696925e-18 2.905155e-10 1.620969e-29 4.101189e-10 2.564448e-23 3.559753e-19 7.017605e-16 5.096266e-10 3.103271e-22 2.238080e-27 4.593952e-35 6.244113e-22 2.586052e-16 2.933564e-18 2.179250e-24 2.527234e-09 2.336880e-11 7.639990e-15 4.112729e-11 2.641708e-13 7.073388e-14 1.363178e-15 4.569377e-21 2.361918e-19 2.050619e-14 9.211935e-15 3.165680e-21 8.491225e-18 4.745536e-17 4.396420e-22 1.330973e-31 3.874982e-25 2.424053e-25 1.637949e-54 0.000000e+00 1.709044e-33 1.796847e-12 9.436064e-03
5.147341e-02 2.690732e-16 1.900402e-06 3.206704e-05 8.668204e-22 4.122369e-17 6.342683e-26 3.867923e-35 8.078178e-27 2.527353e-17 4.462894e-05 3.194452e-39 2.000175e-13 7.330599e-31 1.462945e-32 3.414831e-11 1.193817e-18 2.672518e-11 5.364132e-07 4.031511e-04 2.761001e-29 1.005847e-10 3.603154e-24 7.294383e-20 2.359137e-13 3.509773e-16 2.020460e-01 6.318013e-17 1.089960e-14 1.106823e-19 5.634159e-18 3.912322e-19 8.352466e-27 1.008510e-25 1.365394e-34 7.503520e-11 6.784386e-20 7.880348e-01 1.220647e-09 3.861120e-07 7.257413e-21 1.261688e-22 6.038845e-21 6.488866e-22 1.095973e-11 1.207297e-17 1.880208e-13 8.939051e-09 6.800907e-07 1.548713e-19 3.582377e-21 4.621050e-20 1.890446e-15 4.886419e-14 2.772130e-11 7.302761e-20 7.549516e-09 3.631287e-11 5.784565e-25 2.144819e-14 1.920467e-25 1.554595e-15 7.814390e-17 7.349161e-18 2.653696e-10 3.355069e-29 3.930039e-10 2.538048e-23 4.169473e-19 8.063714e-16 5.305998e-10 3.857648e-22 2.438394e-27 9.353042e-35 7.370205e-22 3.393549e-16 3.737402e-18 2.725821e-24 2.508930e-09 3.155558e-11 8.221129e-15 4.100660e-11 2.379092e-13 7.583161e-14 1.829406e-15 5.534341e-21 2.931180e-19 2.193082e-14 9.986024e-15 5.170930e-21 8.483002e-18 5.228912e-17 4.865922e-22 1.306512e-31 5.669612e-25 3.942857e-25 4.345922e-54 0.000000e+00 6.959566e-37 1.449470e-12 9.435906e-03
4.469200e-02 3.768436e-16 1.988940e-06 3.211998e-05 1.477006e-21 6.512695e-17 1.011519e-25 0.000000e+00 1.299537e-26 3.628016e-17 4.447227e-05 1.293631e-38 2.313115e-13 1.527238e-30 2.618507e-32 3.718587e-11 2.167454e-18 2.918793e-11 5.394727e-07 4.032142e-04 4.416191e-29 1.284500e-10 5.456282e-24 1.058720e-19 2.698682e-13 2.904872e-16 2.020446e-01 6.764444e-17 1.138957e-14 1.336993e-19 8.460560e-18 4.205889e-19 1.830292e-26 1.268635e-25 2.741083e-34 7.877539e-11 1.182894e-19 7.880363e-01 1.156473e-09 3.847268e-07 7.020640e-21 1.823323e-22 5.887484e-21 7.457835e-22 1.069815e-11 1.319265e-17 2.044128e-13 9.901435e-09 6.782222e-07 1.670851e-19 4.905747e-21 4.975509e-20 2.039784e-15 7.435446e-14 3.334929e-11 1.113738e-19 8.360729e-09 4.347638e-11 9.522885e-25 2.794319e-14 2.461511e-25 2.052314e-15 1.038910e-16 9.863065e-18 2.404162e-10 6.497338e-29 3.767893e-10 2.500102e-23 4.855892e-19 9.081033e-16 5.514845e-10 4.868882e-22 2.639128e-27 1.904259e-34 8.644703e-22 4.386839e-16 4.961308e-18 3.547515e-24 2.489999e-09 4.199214e-11 8.848340e-15 4.087747e-11 2.127313e-13 8.133119e-14 2.425466e-15 6.635195e-21 3.612528e-19 2.346826e-14 1.082285e-14 7.882533e-21 8.478140e-18 5.751069e-17 5.374495e-22 1.281003e-31 8.153162e-25 6.326260e-25 1.262120e-53 0.000000e+00 3.126762e-40 1.203755e-12 9.435737e-03
3.880401e-02 5.492985e-16 2.083285e-06 3.217609e-05 2.606899e-21 1.004044e-16 1.578812e-25 9.209147e-35 2.043801e-26 5.421663e-17 4.431794e-05 4.672017e-38 2.650737e-13 2.987152e-30 4.796515e-32 4.043375e-11 4.086609e-18 3.182363e-11 5.427489e-07 4.032809e-04 7.295218e-29 1.720784e-10 8.710912e-24 1.592772e-19 3.062639e-13 2.611148e-16 2.020431e-01 7.239891e-17 1.190909e-14 1.686841e-19 1.318566e-17 4.537124e-19 3.739286e-26 1.609213e-25 5.376326e-34 8.271845e-11 1.952338e-19 7.880378e-01 1.091204e-09 3.833319e-07 6.753122e-21 2.545709e-22 5.716451e-21 8.554126e-22 1.049116e-11 1.438319e-17 2.219786e-13 1.076620e-08 6.763779e-07 1.801548e-19 6.678804e-21 5.354410e-20 2.199387e-15 1.109760e-13 3.971512e-11 1.720513e-19 9.185346e-09 5.400847e-11 1.553923e-24 3.546053e-14 3.212402e-25 2.713359e-15 1.390358e-16 1.358116e-17 2.162261e-10 1.181234e-28 3.616461e-10 2.450396e-23 5.625436e-19 1.001301e-15 5.721289e-10 6.245977e-22 2.835904e-27 3.838670e-34 1.007799e-21 5.592491e-16 6.804708e-18 4.780945e-24 2.470191e-09 5.512359e-11 9.515996e-15 4.074108e-11 1.893016e-13 8.718288e-14 3.183662e-15 8.369898e-21 4.417774e-19 2.510471e-14 1.171514e-14 1.148805e-20 8.476435e-18 6.307486e-17 5.917899e-22 1.254773e-31 1.158549e-24 9.921698e-25 3.640012e-53 0.000000e+00 1.566090e-43 1.011777e-12 9.435560e-03
3.369173e-02 8.283186e-16 2.183041e-06 3.223515e-05 4.728447e-21 1.518882e-16 2.412224e-25 0.000000e+00 3.145764e-26 8.467117e-17 4.416615e-05 1.526081e-37 3.014422e-13 5.536683e-30 9.023932e-32 4.388141e-11 7.988289e-18 3.462366e-11 5.462325e-07 4.033511e-04 1.238291e-28 2.348970e-10 1.428747e-23 2.476102e-19 3.451099e-13 2.502390e-16 2.020416e-01 7.742489e-17 1.245581e-14 2.225439e-19 2.114829e-17 4.912033e-19 7.192218e-26 2.050339e-25 1.027300e-33 8.684779e-11 3.072977e-19 7.880395e-01 1.025923e-09 3.819794e-07 6.459096e-21 3.411851e-22 5.528129e-21 9.777247e-22 1.035298e-11 1.564726e-17 2.406667e-13 1.149778e-08 6.745633e-07 1.940316e-19 9.098340e-21 5.756449e-20 2.368705e-15 1.626135e-13 4.659710e-11 2.684963e-19 1.000966e-08 6.902166e-11 2.498019e-24 4.372990e-14 4.258790e-25 3.590974e-15 1.863010e-16 1.898084e-17 1.931794e-10 2.030580e-28 3.476211e-10 2.389409e-23 6.490561e-19 1.080021e-15 5.925405e-10 8.019633e-22 3.024216e-27 7.626456e-34 1.168443e-21 7.044052e-16 9.568569e-18 6.608853e-24 2.449192e-09 7.146612e-11 1.022143e-14 4.059800e-11 1.680398e-13 9.336300e-14 4.149610e-15 1.084856e-20 5.363353e-19 2.683362e-14 1.265954e-14 1.605530e-20 8.477703e-18 6.896087e-17 6.494241e-22 1.228021e-31 1.621303e-24 1.522607e-24 1.072204e-52 0.000000e+00 8.797228e-47 8.405570e-13 9.435376e-03
2.925298e-02 1.279975e-15 2.289111e-06 3.229773e-05 8.695792e-21 2.241263e-16 3.597068e-25 0.000000e+00 4.719479e-26 1.356402e-16 4.401513e-05 4.575966e-37 3.411329e-13 9.799852e-30 1.707639e-31 4.756336e-11 1.595305e-17 3.761581e-11 5.499601e-07 4.034253e-04 2.144058e-28 3.218976e-10 2.375432e-23 3.925434e-19 3.869767e-13 2.627929e-16 2.020400e-01 8.276927e-17 1.303458e-14 3.023544e-19 3.439368e-17 5.344073e-19 1.311183e-25 2.630008e-25 1.902117e-33 9.120092e-11 4.618658e-19 7.880412e-01 9.608893e-10 3.807142e-07 6.139555e-21 4.470452e-22 5.322505e-21 1.113347e-21 1.029292e-11 1.700700e-17 2.606714e-13 1.206246e-08 6.727604e-07 2.088473e-19 1.250544e-20 6.185548e-20 2.549385e-15 2.349293e-13 5.421672e-11 4.221515e-19 1.082826e-08 8.997579e-11 3.940967e-24 5.254428e-14 5.705322e-25 4.757228e-15 2.490797e-16 2.668859e-17 1.713094e-10 3.316788e-28 3.345682e-10 2.317344e-23 7.479195e-19 1.137669e-15 6.130247e-10 1.031792e-21 3.201645e-27 1.494074e-33 1.349571e-21 8.799446e-16 1.372594e-17 9.341810e-24 2.426460e-09 9.155035e-11 1.097118e-14 4.044696e-11 1.490148e-13 9.992854e-14 5.398492e-15 1.497303e-20 6.480259e-19 2.867105e-14 1.366499e-14 2.187487e-20 8.481604e-18 7.522466e-17 7.109122e-22 1.200597e-31 2.242535e-24 2.277156e-24 3.058617e-52 0.000000e+00 5.489373e-50 6.687622e-13 9.435183e-03
2.539902e-02 2.008955e-15 2.400474e-06 3.236323e-05 1.608524e-20 3.233344e-16 5.239432e-25 3.104958e-34 6.909486e-26 2.215038e-16 4.386592e-05 1.273636e-36 3.842876e-13 1.666420e-29 3.227875e-31 5.144742e-11 3.223736e-17 4.077349e-11 5.539028e-07 4.035028e-04 3.752981e-28 4.373965e-10 3.966586e-23 6.295561e-19 4.317545e-13 2.974172e-16 2.020383e-01 8.838189e-17 1.363970e-14 4.200804e-19 5.625936e-17 5.842581e-19 2.281812e-25 3.386418e-25 3.384328e-33 9.573625e-11 6.668819e-19 7.880430e-01 8.975451e-10 3.795802e-07 5.801866e-21 5.737847e-22 5.103276e-21 1.259381e-21 1.031696e-11 1.846400e-17 2.818265e-13 1.244172e-08 6.709851e-07 2.244647e-19 1.736289e-20 6.637837e-20 2.739791e-15 3.337200e-13 6.251004e-11 6.672295e-19 1.161793e-08 1.184361e-10 6.089022e-24 6.148862e-14 7.689201e-25 6.307437e-15 3.297909e-16 3.757392e-17 1.510084e-10 5.176129e-28 3.225834e-10 2.235995e-23 8.606336e-19 1.168319e-15 6.335388e-10 1.309248e-21 3.361628e-27 2.861700e-33 1.550120e-21 1.089318e-15 1.991199e-17 1.337927e-23 2.401927e-09 1.149819e-10 1.175817e-14 4.028948e-11 1.325603e-13 1.068172e-13 7.008988e-15 2.178447e-20 7.784677e-19 3.059968e-14 1.472216e-14 2.910071e-20 8.487789e-18 8.180838e-17 7.756972e-22 1.172855e-31 3.063869e-24 3.322888e-24 8.445874e-52 0.000000e+00 3.840625e-53 4.931886e-13 9.434982e-03
2.205280e-02 3.190875e-15 2.519160e-06 3.243286e-05 2.989449e-20 4.578671e-16 7.466169e-25 3.021462e-34 9.890845e-26 3.678481e-16 4.371545e-05 3.326380e-36 4.324136e-13 2.745780e-29 6.105838e-31 5.560800e-11 6.602933e-17 4.415656e-11 5.581419e-07 4.035851e-04 6.635253e-28 5.890846e-10 6.677350e-23 1.018688e-18 4.806675e-13 3.561551e-16 2.020365e-01 9.436657e-17 1.428214e-14 5.948867e-19 9.252554e-17 6.435320e-19 3.815287e-25 4.371718e-25 5.860803e-33 1.005369e-10 9.290630e-19 7.880449e-01 8.355184e-10 3.785732e-07 5.444802e-21 7.209099e-22 4.868246e-21 1.415711e-21 1.042562e-11 2.006530e-17 3.045477e-13 1.264595e-08 6.692042e-07 2.411749e-19 2.454480e-20 7.121834e-20 2.943499e-15 4.690010e-13 7.144629e-11 1.063030e-18 1.237537e-08 1.568610e-10 9.224110e-24 7.029773e-14 1.038195e-24 8.365234e-15 4.325657e-16 5.279121e-17 1.320522e-10 7.757129e-28 3.114228e-10 2.145157e-23 9.923141e-19 1.169662e-15 6.546374e-10 1.636997e-21 3.502484e-27 5.395090e-33 1.773163e-21 1.342569e-15 2.912198e-17 1.934584e-23 2.374911e-09 1.406072e-10 1.259692e-14 4.012276e-11 1.184511e-13 1.141559e-13 9.138589e-15 3.329289e-20 9.333532e-19 3.265513e-14 1.585073e-14 3.789402e-20 8.496260e-18 8.883468e-17 8.449969e-22 1.144381e-31 4.137579e-24 4.740006e-24 2.277390e-51 0.000000e+00 2.960252e-56 3.323636e-13 9.434772e-03
1.914743e-02 5.087053e-15 2.644577e-06 3.250626e-05 5.547538e-20 6.380215e-16 1.042416e-24 2.944931e-34 1.386993e-25 6.157550e-16 4.356423e-05 8.205894e-36 4.862621e-13 4.404679e-29 1.147125e-30 6.002826e-11 1.358578e-16 4.775046e-11 5.626693e-07 4.036717e-04 1.175362e-27 7.822167e-10 1.129961e-22 1.650054e-18 5.340438e-13 4.428672e-16 2.020346e-01 1.006949e-16 1.495862e-14 8.508745e-19 1.520863e-16 7.145435e-19 6.166974e-25 5.647283e-25 9.897881e-33 1.055789e-10 1.254883e-18 7.880468e-01 7.758518e-10 3.777018e-07 5.075808e-21 8.895299e-22 4.620625e-21 1.577812e-21 1.061235e-11 2.183170e-17 3.287552e-13 1.269204e-08 6.674273e-07 2.589008e-19 3.528314e-20 7.635402e-20 3.159589e-15 6.505618e-13 8.105946e-11 1.699154e-18 1.307662e-08 2.072267e-10 1.370502e-23 7.826864e-14 1.399871e-24 1.109515e-14 5.599750e-16 7.386224e-17 1.146548e-10 1.121042e-27 3.011261e-10 2.046656e-23 1.146147e-18 1.143548e-15 6.764238e-10 2.001507e-21 3.619436e-27 9.947660e-33 2.015379e-21 1.646263e-15 4.260565e-17 2.802227e-23 2.345365e-09 1.665433e-10 1.348339e-14 3.994777e-11 1.067695e-13 1.219090e-13 1.196189e-14 5.307457e-20 1.116404e-18 3.482762e-14 1.704545e-14 4.822483e-20 8.506916e-18 9.627106e-17 9.185022e-22 1.115414e-31 5.529738e-24 6.622221e-24 5.961791e-51 0.000000e+00 2.529221e-59 2.115844e-13 9.434551e-03
1.662484e-02 8.134904e-15 2.778287e-06 3.258431e-05 1.032622e-19 8.839297e-16 1.431829e-24 9.703385e-35 1.916680e-25 1.046907e-15 4.341018e-05 1.922348e-35 5.478395e-13 6.930612e-29 2.171776e-30 6.476749e-11 2.832634e-16 5.160226e-11 5.675589e-07 4.037637e-04 2.088960e-27 1.025523e-09 1.932877e-22 2.684827e-18 5.933398e-13 5.435423e-16 2.020326e-01 1.074471e-16 1.567751e-14 1.233848e-18 2.514766e-16 8.017732e-19 9.710647e-25 7.272948e-25 1.672973e-32 1.109254e-10 1.654299e-18 7.880489e-01 7.184435e-10 3.769367e-07 4.696685e-21 1.064640e-21 4.359784e-21 1.743237e-21 1.086674e-11 2.382532e-17 3.547869e-13 1.262110e-08 6.656332e-07 2.778698e-19 5.175313e-20 8.185212e-20 3.390836e-15 8.936501e-13 9.094454e-11 2.721354e-18 1.370908e-08 2.721959e-10 2.002706e-23 8.435182e-14 1.882585e-24 1.470970e-14 7.175992e-16 1.028264e-16 9.868440e-11 1.569378e-27 2.915485e-10 1.940700e-23 1.328812e-18 1.097108e-15 6.994112e-10 2.387616e-21 3.711372e-27 1.801469e-32 2.275899e-21 2.014006e-15 6.213290e-17 4.040505e-23 2.312786e-09 1.928837e-10 1.442879e-14 3.976254e-11 9.731026e-14 1.301742e-13 1.578093e-14 8.537388e-20 1.335952e-18 3.714473e-14 1.832160e-14 5.962783e-20 8.520449e-18 1.042127e-16 9.971651e-22 1.085688e-31 7.306265e-24 9.114317e-24 1.588624e-50 0.000000e+00 2.375097e-62 1.242217e-13 9.434317e-03
1.443458e-02 1.291047e-14 2.919654e-06 3.266659e-05 1.905894e-19 1.213167e-15 1.933934e-24 0.000000e+00 2.609243e-25 1.769447e-15 4.325388e-05 4.292333e-35 6.186177e-13 1.072043e-28 4.054137e-30 6.980784e-11 5.884842e-16 5.569595e-11 5.728094e-07 4.038606e-04 3.685933e-27 1.323314e-09 3.321381e-22 4.327903e-18 6.593591e-13 6.694724e-16 2.020305e-01 1.145926e-16 1.643536e-14 1.780829e-18 4.131433e-16 9.096901e-19 1.501276e-24 9.351197e-25 2.782413e-32 1.165511e-10 2.131193e-18 7.880511e-01 6.640946e-10 3.762740e-07 4.316213e-21 1.255625e-21 4.090046e-21 1.906435e-21 1.116863e-11 2.609224e-17 3.825579e-13 1.246325e-08 6.638316e-07 2.979986e-19 7.715599e-20 8.768933e-20 3.636204e-15 1.213026e-12 1.016371e-10 4.324661e-18 1.424912e-08 3.524157e-10 2.879140e-23 8.724095e-14 2.520106e-24 1.948489e-14 9.103986e-16 1.421203e-16 8.427227e-11 2.132390e-27 2.827175e-10 1.829296e-23 1.545457e-18 1.039689e-15 7.237622e-10 2.798247e-21 3.777509e-27 3.184842e-32 2.548294e-21 2.456600e-15 8.970748e-17 5.772059e-23 2.277232e-09 2.192442e-10 1.542881e-14 3.956823e-11 9.000524e-14 1.389136e-13 2.095889e-14 1.412407e-19 1.598808e-18 3.959609e-14 1.967352e-14 7.175501e-20 8.537059e-18 1.126245e-16 1.080649e-21 1.055443e-31 9.587780e-24 1.235412e-23 4.103544e-50 0.000000e+00 2.467934e-65 6.595515e-14 9.434072e-03
1.253288e-02 2.048886e-14 3.070045e-06 3.275381e-05 3.553386e-19 1.691622e-15 2.591491e-24 0.000000e+00 3.553059e-25 3.075359e-15 4.309369e-05 9.157838e-35 7.015634e-13 1.644398e-28 7.821775e-30 7.520302e-11 1.251316e-15 6.007324e-11 5.784967e-07 4.039633e-04 6.520435e-27 1.685440e-09 5.778213e-22 7.046419e-18 7.341808e-13 7.262065e-16 2.020282e-01 1.222021e-16 1.723955e-14 2.617000e-18 6.900249e-16 1.045851e-18 2.320775e-24 1.189443e-24 4.907727e-32 1.225104e-10 2.717646e-18 7.880534e-01 6.126938e-10 3.756545e-07 3.938030e-21 1.402129e-21 3.812507e-21 2.064374e-21 1.149723e-11 2.873014e-17 4.123774e-13 1.229070e-08 6.620062e-07 3.194882e-19 1.170424e-19 9.392473e-20 3.898085e-15 1.630994e-12 1.115430e-10 6.811332e-18 1.468310e-08 4.488030e-10 4.091437e-23 8.476622e-14 3.365468e-24 2.577823e-14 1.149979e-15 1.950819e-16 7.130758e-11 2.827527e-27 2.745276e-10 1.712856e-23 1.805702e-18 9.861645e-16 7.500072e-10 3.181620e-21 3.819392e-27 5.520569e-32 2.828100e-21 2.994526e-15 1.279879e-16 8.071243e-23 2.238302e-09 2.455971e-10 1.649328e-14 3.936332e-11 8.461230e-14 1.482128e-13 2.809565e-14 2.181910e-19 1.918915e-18 4.220610e-14 2.111465e-14 8.255275e-20 8.559052e-18 1.215904e-16 1.169796e-21 1.024481e-31 1.242540e-23 1.674088e-23 1.184009e-49 0.000000e+00 2.836719e-68 2.983198e-14 9.433809e-03
1.088173e-02 3.209343e-14 3.231530e-06 3.284702e-05 6.561684e-19 2.356856e-15 3.429147e-24 0.000000e+00 4.824008e-25 5.280969e-15 4.292740e-05 1.876293e-34 8.008276e-13 2.503472e-28 1.492175e-29 8.103388e-11 2.652133e-15 6.479696e-11 5.847288e-07 4.040730e-04 1.143453e-26 2.118029e-09 1.006925e-21 1.132579e-17 8.208285e-13 7.677364e-16 2.020258e-01 1.303821e-16 1.810121e-14 3.797023e-18 1.144950e-15 1.220907e-18 3.737316e-24 1.508667e-24 8.703070e-32 1.288853e-10 3.409389e-18 7.880559e-01 5.639393e-10 3.750806e-07 3.564724e-21 1.539615e-21 3.528128e-21 2.214468e-21 1.183062e-11 3.188343e-17 4.447036e-13 1.211003e-08 6.601342e-07 3.426430e-19 1.801615e-19 1.006473e-19 4.180054e-15 2.177681e-12 1.221760e-10 1.054181e-17 1.500230e-08 5.588218e-10 5.747535e-23 7.681543e-14 4.475625e-24 3.402809e-14 1.448213e-15 2.654347e-16 5.966341e-11 3.653219e-27 2.668604e-10 1.591531e-23 2.123821e-18 9.397451e-16 7.788111e-10 3.590202e-21 3.840851e-27 9.349953e-32 3.111837e-21 3.657870e-15 1.803076e-16 1.109838e-22 2.195405e-09 2.719924e-10 1.763706e-14 3.914553e-11 8.089849e-14 1.582015e-13 3.806184e-14 3.395253e-19 2.311866e-18 4.501172e-14 2.266534e-14 9.226253e-20 8.586633e-18 1.312367e-16 1.265878e-21 9.925057e-32 1.604211e-23 2.260678e-23 3.368734e-49 0.000000e+00 3.572760e-71 1.084853e-14 9.433528e-03
9.448103e-03 4.991899e-14 3.405681e-06 3.294692e-05 1.217488e-18 3.343696e-15 4.511854e-24 0.000000e+00 6.661022e-25 9.193453e-15 4.275351e-05 3.700667e-34 9.213302e-13 3.806664e-28 2.916798e-29 8.736480e-11 5.677105e-15 6.991575e-11 5.915951e-07 4.041907e-04 2.003827e-26 2.627893e-09 1.760381e-21 1.824140e-17 9.227791e-13 7.172273e-16 2.020233e-01 1.392141e-16 1.902887e-14 5.533087e-18 1.919913e-15 1.448212e-18 7.052681e-24 1.895913e-24 1.650603e-31 1.357371e-10 4.251171e-18 7.880586e-01 5.177630e-10 3.745139e-07 3.200771e-21 1.614976e-21 3.239728e-21 2.353823e-21 1.214489e-11 3.573578e-17 4.799049e-13 1.197019e-08 6.582013e-07 3.676974e-19 2.797999e-19 1.079258e-19 4.484719e-15 2.889594e-12 1.321377e-10 1.601386e-17 1.519766e-08 6.782065e-10 8.014609e-23 6.313614e-14 5.943377e-24 4.481430e-14 1.820690e-15 3.583361e-16 4.929168e-11 4.614336e-27 2.596504e-10 1.466021e-23 2.517786e-18 9.091114e-16 8.107692e-10 3.958915e-21 3.844973e-27 1.546214e-31 3.391556e-21 4.485152e-15 2.524476e-16 1.486623e-22 2.148084e-09 2.983373e-10 1.887148e-14 3.891347e-11 7.864083e-14 1.689782e-13 5.208136e-14 4.939919e-19 2.798451e-18 4.804146e-14 2.434115e-14 9.928958e-20 8.621779e-18 1.416607e-16 1.369876e-21 9.593642e-32 2.055011e-23 3.102233e-23 1.051020e-48 0.000000e+00 4.936554e-74 2.802552e-15 9.433224e-03
8.203354e-03 7.638138e-14 3.596611e-06 3.305550e-05 2.233300e-18 4.754686e-15 5.878098e-24 5.594221e-34 9.415894e-25 1.570807e-14 4.256821e-05 7.062000e-34 1.071118e-12 5.787452e-28 5.630621e-29 9.435505e-11 1.194278e-14 7.555415e-11 5.992832e-07 4.043191e-04 3.484278e-26 3.218293e-09 3.052858e-21 2.890825e-17 1.045902e-12 6.570642e-16 2.020205e-01 1.489090e-16 2.004466e-14 7.905540e-18 3.188574e-15 1.747960e-18 1.814733e-23 2.378983e-24 3.177895e-31 1.432264e-10 5.233343e-18 7.880614e-01 4.735282e-10 3.739612e-07 2.846031e-21 1.671172e-21 2.947231e-21 2.481333e-21 1.242124e-11 4.060101e-17 5.188776e-13 1.186305e-08 6.561668e-07 3.952548e-19 4.343791e-19 1.159357e-19 4.818950e-15 3.824243e-12 1.430235e-10 2.377512e-17 1.526745e-08 8.004532e-10 1.109950e-22 4.710728e-14 7.875745e-24 5.880304e-14 2.282436e-15 4.798196e-16 4.004536e-11 5.682086e-27 2.527530e-10 1.335733e-23 3.019279e-18 8.897725e-16 8.469481e-10 4.333646e-21 3.835499e-27 2.489335e-31 3.661602e-21 5.542969e-15 3.547779e-16 1.954428e-22 2.095185e-09 3.248752e-10 2.022596e-14 3.866270e-11 7.758091e-14 1.807992e-13 7.200813e-14 7.191073e-19 3.403884e-18 5.136867e-14 2.618229e-14 1.047773e-19 8.664373e-18 1.531124e-16 1.484303e-21 9.244880e-32 2.629664e-23 4.355200e-23 3.229197e-48 0.000000e+00 7.361448e-77 4.569860e-16 9.432891e-03
7.122595e-03 1.145580e-13 3.801957e-06 3.317095e-05 4.034478e-18 6.780681e-15 7.592875e-24 0.000000e+00 1.388252e-24 2.624695e-14 4.237412e-05 1.305437e-33 1.254678e-12 8.784073e-28 1.067652e-28 1.019269e-10 2.396354e-14 8.164725e-11 6.077043e-07 4.044562e-04 5.977364e-26 3.869931e-09 5.186773e-21 4.492411e-17 1.192644e-12 5.896168e-16 2.020175e-01 1.593486e-16 2.113639e-14 1.103262e-17 5.214533e-15 2.133396e-18 6.143058e-23 2.977569e-24 6.191919e-31 1.512586e-10 6.382018e-18 7.880645e-01 4.321415e-10 3.734350e-07 2.512331e-21 1.710822e-21 2.661023e-21 2.592196e-21 1.263571e-11 4.672321e-17 5.612051e-13 1.179318e-08 6.540608e-07 4.249841e-19 6.572532e-19 1.245799e-19 5.177967e-15 5.019238e-12 1.549402e-10 3.435546e-17 1.521087e-08 9.146898e-10 1.526723e-22 3.236677e-14 1.041945e-23 7.687610e-14 2.833086e-15 6.374552e-16 3.210453e-11 6.832391e-27 2.462745e-10 1.204773e-23 3.653278e-18 8.813789e-16 8.871815e-10 4.642750e-21 3.815743e-27 3.859780e-31 3.902038e-21 6.882958e-15 5.075925e-16 2.511696e-22 2.037377e-09 3.509117e-10 2.168390e-14 3.839764e-11 7.745219e-14 1.935193e-13 9.960954e-14 1.031070e-18 4.139668e-18 5.495431e-14 2.816649e-14 1.091777e-19 8.713368e-18 1.654533e-16 1.607794e-21 8.885417e-32 3.362422e-23 6.375110e-23 9.741397e-48 0.000000e+00 1.208038e-79 4.348677e-17 9.432536e-03
6.184222e-03 1.681114e-13 4.024486e-06 3.329418e-05 7.144079e-18 9.645289e-15 9.717033e-24 8.636129e-34 2.157821e-24 4.248938e-14 4.216900e-05 2.345365e-33 1.481768e-12 1.331938e-27 1.965994e-28 1.101873e-10 4.472456e-14 8.828702e-11 6.169509e-07 4.046037e-04 1.010195e-25 4.571772e-09 8.589625e-21 6.812736e-17 1.368994e-12 5.392256e-16 2.020142e-01 1.706750e-16 2.231937e-14 1.494341e-17 8.338459e-15 2.626655e-18 2.251562e-22 3.727802e-24 1.191652e-30 1.599402e-10 7.694197e-18 7.880678e-01 3.932719e-10 3.729315e-07 2.200749e-21 1.751338e-21 2.383351e-21 2.685896e-21 1.277995e-11 5.458890e-17 6.075227e-13 1.175639e-08 6.518588e-07 4.572951e-19 9.527008e-19 1.339748e-19 5.565534e-15 6.546904e-12 1.687410e-10 4.833343e-17 1.503578e-08 1.013853e-09 2.087413e-22 2.131761e-14 1.376739e-23 1.000368e-13 3.477681e-15 8.408555e-16 2.537677e-11 8.014257e-27 2.401355e-10 1.073877e-23 4.471491e-18 8.794199e-16 9.322240e-10 4.886253e-21 3.788664e-27 5.771550e-31 4.098808e-21 8.609542e-15 7.503858e-16 3.170444e-22 1.973958e-09 3.764883e-10 2.326509e-14 3.811628e-11 7.791377e-14 2.073109e-13 1.376397e-13 1.486465e-18 5.030393e-18 5.884943e-14 3.032096e-14 1.135110e-19 8.768411e-18 1.788529e-16 1.742060e-21 8.512804e-32 4.305597e-23 9.839263e-23 2.789248e-47 0.000000e+00 2.161762e-82 2.318192e-18 9.432154e-03
5.369475e-03 2.408080e-13 4.260374e-06 3.342230e-05 1.233632e-17 1.363473e-14 1.231922e-23 0.000000e+00 3.525589e-24 6.620866e-14 4.195676e-05 4.098550e-33 1.756444e-12 2.009293e-27 3.477538e-28 1.189894e-10 7.553821e-14 9.537940e-11 6.268066e-07 4.047586e-04 1.670631e-25 5.292475e-09 1.375635e-20 1.004045e-16 1.575371e-12 5.120497e-16 2.020108e-01 1.826943e-16 2.357412e-14 1.955591e-17 1.294354e-14 3.234344e-18 7.874925e-22 4.668381e-24 2.216754e-30 1.691197e-10 9.179178e-18 7.880713e-01 3.576714e-10 3.724575e-07 1.919855e-21 1.808003e-21 2.123607e-21 2.760367e-21 1.285010e-11 6.458281e-17 6.570916e-13 1.174667e-08 6.496013e-07 4.916381e-19 1.293002e-18 1.439537e-19 5.973408e-15 8.442319e-12 1.851657e-10 6.617423e-17 1.475966e-08 1.090711e-09 2.833191e-22 1.423089e-14 1.815838e-23 1.295572e-13 4.201311e-15 1.101008e-15 1.992844e-11 9.186678e-27 2.344367e-10 9.474774e-24 5.518187e-18 8.814604e-16 9.814251e-10 5.022464e-21 3.757465e-27 8.285984e-31 4.230921e-21 1.080440e-14 1.142841e-15 3.933351e-22 1.906177e-09 4.009275e-10 2.494238e-14 3.782518e-11 7.859812e-14 2.219366e-13 1.882347e-13 2.159580e-18 6.078916e-18 6.299028e-14 3.260892e-14 1.184958e-19 8.827661e-18 1.930825e-16 1.884824e-21 8.135749e-32 5.527414e-23 1.597269e-22 7.407852e-47 0.000000e+00 4.300834e-85 7.244762e-20 9.431753e-03
4.662069e-03 3.389034e-13 4.509902e-06 3.355466e-05 2.096269e-17 1.927765e-14 1.551520e-23 0.000000e+00 6.049888e-24 1.006486e-13 4.173745e-05 6.979868e-33 2.086989e-12 3.017500e-27 6.006726e-28 1.283239e-10 1.156620e-13 1.029671e-10 6.371904e-07 4.049210e-04 2.717019e-25 6.021141e-09 2.143147e-20 1.451797e-16 1.814201e-12 4.867221e-16 2.020072e-01 1.954203e-16 2.490324e-14 2.498693e-17 1.969596e-14 3.968352e-18 2.521322e-21 5.836611e-24 4.071745e-30 1.788054e-10 1.088491e-17 7.880750e-01 3.252146e-10 3.719836e-07 1.669860e-21 1.865949e-21 1.884029e-21 2.816688e-21 1.285309e-11 7.735581e-17 7.100158e-13 1.177699e-08 6.472866e-07 5.280556e-19 1.634731e-18 1.545173e-19 6.400014e-15 1.076898e-11 2.040042e-10 8.862163e-17 1.440122e-08 1.143301e-09 3.824225e-22 9.634989e-15 2.393392e-23 1.670211e-13 5.000029e-15 1.431963e-15 1.563221e-11 1.030040e-26 2.291484e-10 8.270048e-24 6.870629e-18 8.883841e-16 1.034852e-09 5.020892e-21 3.724343e-27 1.148463e-30 4.284752e-21 1.360580e-14 1.825510e-15 4.800351e-22 1.834198e-09 4.241240e-10 2.671767e-14 3.752567e-11 7.918138e-14 2.374128e-13 2.544579e-13 3.092601e-18 7.307236e-18 6.738536e-14 3.503314e-14 1.239154e-19 8.891256e-18 2.081595e-16 2.036269e-21 7.755770e-32 7.106485e-23 2.724857e-22 1.900241e-46 0.000000e+00 9.526207e-88 1.333195e-21 9.431332e-03
4.047860e-03 4.680742e-13 4.772675e-06 3.369012e-05 3.488637e-17 2.710942e-14 1.939161e-23 5.044858e-36 1.062126e-23 1.480506e-13 4.151177e-05 1.160858e-32 2.481043e-12 4.501397e-27 1.001474e-27 1.381407e-10 1.615486e-13 1.110873e-10 6.479648e-07 4.050901e-04 4.328589e-25 6.739925e-09 3.243121e-20 2.051285e-16 2.085782e-12 4.801231e-16 2.020034e-01 2.088322e-16 2.630608e-14 3.101514e-17 2.920625e-14 4.833056e-18 7.353001e-21 7.298041e-24 7.196051e-30 1.889793e-10 1.280489e-17 7.880789e-01 2.958165e-10 3.714960e-07 1.450251e-21 1.944884e-21 1.666259e-21 2.856338e-21 1.279936e-11 9.370295e-17 7.662512e-13 1.184208e-08 6.449187e-07 5.664902e-19 1.929665e-18 1.656305e-19 6.842067e-15 1.358648e-11 2.265786e-10 1.163050e-16 1.398133e-08 1.171932e-09 5.129994e-22 6.827566e-15 3.150444e-23 2.141773e-13 5.857978e-15 1.849338e-15 1.234898e-11 1.129192e-26 2.242532e-10 7.138839e-24 8.630389e-18 8.959119e-16 1.092332e-09 4.904309e-21 3.691046e-27 1.537229e-30 4.252720e-21 1.717901e-14 2.955038e-15 5.789491e-22 1.758438e-09 4.459698e-10 2.858799e-14 3.722001e-11 7.939412e-14 2.537135e-13 3.390344e-13 4.450839e-18 8.722725e-18 7.203211e-14 3.758973e-14 1.304473e-19 8.958224e-18 2.240599e-16 2.196157e-21 7.375392e-32 9.169020e-23 4.757801e-22 4.556133e-46 0.000000e+00 2.353594e-90 1.527573e-23 9.430893e-03
3.514571e-03 6.376033e-13 5.047626e-06 3.382721e-05 5.723103e-17 3.808272e-14 2.409825e-23 9.535831e-36 1.889513e-23 2.127267e-13 4.128097e-05 1.888286e-32 2.944924e-12 6.665486e-27 1.629667e-27 1.483517e-10 2.096857e-13 1.197610e-10 6.589427e-07 4.052651e-04 6.773113e-25 7.439672e-09 4.792754e-20 2.852000e-16 2.388068e-12 4.796223e-16 2.019995e-01 2.228736e-16 2.777867e-14 3.768151e-17 4.251605e-14 5.826098e-18 1.966227e-20 9.113107e-24 1.242672e-29 1.995971e-10 1.499807e-17 7.880829e-01 2.694030e-10 3.709660e-07 1.259802e-21 2.037010e-21 1.471082e-21 2.881275e-21 1.269999e-11 1.145710e-16 8.255989e-13 1.195237e-08 6.425070e-07 6.067823e-19 2.149229e-18 1.772225e-19 7.294748e-15 1.694593e-11 2.531295e-10 1.502675e-16 1.352089e-08 1.178771e-09 6.845901e-22 4.997913e-15 4.143533e-23 2.732682e-13 6.757341e-15 2.371815e-15 9.929961e-12 1.210299e-26 2.197409e-10 6.093150e-24 1.092749e-17 9.040767e-16 1.153451e-09 4.663219e-21 3.658819e-27 1.988626e-30 4.132984e-21 2.171430e-14 4.851267e-15 6.905806e-22 1.679558e-09 4.663625e-10 3.054545e-14 3.691109e-11 7.905573e-14 2.707696e-13 4.443756e-13 6.343750e-18 1.033601e-17 7.691647e-14 4.026801e-14 1.379033e-19 9.028248e-18 2.407173e-16 2.363827e-21 6.997889e-32 1.186661e-22 8.419509e-22 1.049022e-45 0.000000e+00 6.519645e-93 1.129065e-25 9.430436e-03
3.051540e-03 8.586215e-13 5.338755e-06 3.396693e-05 9.274749e-17 5.348136e-14 2.979057e-23 1.782954e-35 3.361878e-23 2.989139e-13 4.104210e-05 3.012461e-32 3.493642e-12 9.812111e-27 2.595918e-27 1.590485e-10 2.582672e-13 1.291666e-10 6.701218e-07 4.054481e-04 1.043355e-24 8.123191e-09 6.947711e-20 3.910487e-16 2.722920e-12 4.871749e-16 2.019954e-01 2.377468e-16 2.934467e-14 4.487389e-17 6.091814e-14 6.957759e-18 4.870038e-20 1.137491e-23 2.097328e-29 2.108096e-10 1.748286e-17 7.880872e-01 2.454214e-10 3.703555e-07 1.093469e-21 2.143289e-21 1.295135e-21 2.893899e-21 1.256285e-11 1.415918e-16 8.889519e-13 1.212060e-08 6.400164e-07 6.495146e-19 2.291524e-18 1.894290e-19 7.761092e-15 2.096339e-11 2.847741e-10 1.916844e-16 1.303041e-08 1.167023e-09 9.101049e-22 3.768832e-15 5.447910e-23 3.465558e-13 7.689020e-15 3.020748e-15 8.195558e-12 1.263096e-26 2.155213e-10 5.124018e-24 1.398526e-17 9.109400e-16 1.218842e-09 4.333303e-21 3.627893e-27 2.488148e-30 3.928453e-21 2.753606e-14 7.959820e-15 8.172916e-22 1.596809e-09 4.856009e-10 3.261822e-14 3.659617e-11 7.805082e-14 2.888264e-13 5.741443e-13 8.994366e-18 1.217775e-17 8.211548e-14 4.310664e-14 1.463888e-19 9.102139e-18 2.583724e-16 2.541701e-21 6.619644e-32 1.542307e-22 1.489939e-21 2.325167e-45 0.000000e+00 1.998324e-95 5.489175e-28 9.429956e-03
2.649512e-03 1.146542e-12 5.643021e-06 3.410676e-05 1.490173e-16 7.524706e-14 3.667713e-23 3.303371e-35 5.962043e-23 4.130780e-13 4.079806e-05 4.716469e-32 4.129655e-12 1.432798e-26 4.070107e-27 1.700580e-10 3.060387e-13 1.392445e-10 6.812087e-07 4.056368e-04 1.582592e-24 8.779717e-09 9.908336e-20 5.309748e-16 3.082851e-12 4.960364e-16 2.019911e-01 2.532930e-16 3.099030e-14 5.262252e-17 8.627034e-14 8.207798e-18 1.128319e-19 1.417495e-23 3.489454e-29 2.224951e-10 2.034515e-17 7.880916e-01 2.239539e-10 3.696474e-07 9.505246e-22 2.262285e-21 1.139232e-21 2.896141e-21 1.239606e-11 1.761793e-16 9.556700e-13 1.235184e-08 6.374731e-07 6.942335e-19 2.365717e-18 2.020825e-19 8.232309e-15 2.566584e-11 3.222068e-10 2.422524e-16 1.252950e-08 1.140054e-09 1.205444e-21 2.899527e-15 7.160547e-23 4.370779e-13 8.619561e-15 3.820350e-15 7.037377e-12 1.281007e-26 2.116161e-10 4.246319e-24 1.802700e-17 9.163696e-16 1.287484e-09 3.917121e-21 3.598968e-27 2.998211e-30 3.649860e-21 3.489981e-14 1.308568e-14 9.598047e-22 1.511494e-09 5.035046e-10 3.478413e-14 3.628028e-11 7.634967e-14 3.076907e-13 7.288052e-13 1.256652e-17 1.424594e-17 8.758152e-14 4.607539e-14 1.558519e-19 9.178864e-18 2.768373e-16 2.727887e-21 6.246513e-32 2.012638e-22 2.627728e-21 5.031705e-45 0.000000e+00 6.861983e-98 1.809569e-30 9.429457e-03
2.300449e-03 1.518006e-12 5.964755e-06 3.424763e-05 2.370123e-16 1.058886e-13 4.495616e-23 6.071855e-35 1.042675e-22 5.597732e-13 4.054583e-05 7.264185e-32 4.869989e-12 2.078051e-26 6.262439e-27 1.814752e-10 3.531756e-13 1.501568e-10 6.921755e-07 4.058337e-04 2.364036e-24 9.407379e-09 1.391617e-19 7.130832e-16 3.467147e-12 5.145790e-16 2.019865e-01 2.697304e-16 3.274207e-14 6.066886e-17 1.205777e-13 9.576888e-18 2.468076e-19 1.766136e-23 5.673373e-29 2.348158e-10 2.358940e-17 7.880962e-01 2.045314e-10 3.688176e-07 8.264890e-22 2.401512e-21 9.999307e-22 2.889877e-21 1.220203e-11 2.209904e-16 1.026722e-12 1.264900e-08 6.348410e-07 7.415687e-19 2.388436e-18 2.153161e-19 8.710852e-15 3.118946e-11 3.674009e-10 3.036089e-16 1.202322e-08 1.100941e-09 1.591774e-21 2.304179e-15 9.408831e-23 5.476090e-13 9.527629e-15 4.800270e-15 6.333663e-12 1.252570e-26 2.079483e-10 3.452033e-24 2.345037e-17 9.175238e-16 1.359936e-09 3.458200e-21 3.571798e-27 3.468298e-30 3.308150e-21 4.429305e-14 2.105711e-14 1.121544e-21 1.422882e-09 5.203690e-10 3.707352e-14 3.596064e-11 7.393574e-14 3.276266e-13 9.106825e-13 1.748634e-17 1.656638e-17 9.340042e-14 4.921596e-14 1.668954e-19 9.258816e-18 2.963713e-16 2.925001e-21 5.875130e-32 2.640765e-22 4.569006e-21 1.051234e-44 0.000000e+00 2.605615e-100 4.134235e-33 9.428933e-03
1.997374e-03 1.994565e-12 6.293394e-06 3.438400e-05 3.730125e-16 1.487950e-13 5.487979e-23 1.107375e-34 1.795032e-22 7.458773e-13 4.029404e-05 1.099373e-31 5.696407e-12 2.977255e-26 9.438104e-27 1.928703e-10 3.984488e-13 1.615313e-10 7.024909e-07 4.060319e-04 3.465370e-24 9.980096e-09 1.923445e-19 9.481387e-16 3.856348e-12 5.420439e-16 2.019819e-01 2.865139e-16 3.454553e-14 6.896063e-17 1.662856e-13 1.099867e-17 5.135352e-19 2.196253e-23 8.990123e-29 2.473619e-10 2.733993e-17 7.881010e-01 1.875719e-10 3.678923e-07 7.226022e-22 2.573274e-21 8.799047e-22 2.877184e-21 1.198927e-11 2.770369e-16 1.099771e-12 1.299286e-08 6.322055e-07 7.899524e-19 2.373727e-18 2.286447e-19 9.177135e-15 3.740836e-11 4.215820e-10 3.783958e-16 1.153711e-08 1.053911e-09 2.091077e-21 1.900874e-15 1.234965e-22 6.829560e-13 1.035357e-14 5.996913e-15 6.013581e-12 1.180039e-26 2.046102e-10 2.768317e-24 3.048475e-17 9.144836e-16 1.433326e-09 2.965067e-21 3.547229e-27 3.828663e-30 2.931307e-21 5.582154e-14 3.286803e-14 1.302951e-21 1.334374e-09 5.357288e-10 3.941046e-14 3.564913e-11 7.095499e-14 3.479729e-13 1.113363e-12 2.411877e-17 1.907404e-17 9.938866e-14 5.242423e-14 1.797127e-19 9.338587e-18 3.163270e-16 3.126502e-21 5.519150e-32 3.480529e-22 7.820864e-21 2.116470e-44 0.000000e+00 1.130925e-102 7.023329e-36 9.428402e-03
1.734228e-03 2.604477e-12 6.635949e-06 3.451801e-05 5.820853e-16 2.091742e-13 6.675269e-23 2.006536e-34 3.041637e-22 9.788895e-13 4.003753e-05 1.639279e-31 6.630961e-12 4.230086e-26 1.399588e-26 2.044426e-10 4.428118e-13 1.735626e-10 7.122263e-07 4.062355e-04 5.002129e-24 1.050369e-08 2.624289e-19 1.250297e-15 4.250511e-12 5.791778e-16 2.019771e-01 3.039980e-16 3.644265e-14 7.738823e-17 2.268523e-13 1.247295e-17 1.022251e-18 2.728936e-23 1.395703e-28 2.603979e-10 3.165020e-17 7.881059e-01 1.724771e-10 3.668381e-07 6.338843e-22 2.775862e-21 7.745670e-22 2.859336e-21 1.175426e-11 3.483416e-16 1.176367e-12 1.339634e-08 6.295087e-07 8.404076e-19 2.334281e-18 2.423005e-19 9.637640e-15 4.449733e-11 4.870980e-10 4.694219e-16 1.106741e-08 1.000989e-09 2.738078e-21 1.619197e-15 1.620419e-22 8.468701e-13 1.107909e-14 7.455609e-15 5.990535e-12 1.059741e-26 2.014993e-10 2.180064e-24 3.974809e-17 9.063006e-16 1.508673e-09 2.474801e-21 3.524581e-27 4.028564e-30 2.532844e-21 7.017193e-14 4.992262e-14 1.507298e-21 1.244593e-09 5.500314e-10 4.184429e-14 3.534011e-11 6.744234e-14 3.691591e-13 1.337120e-12 3.303135e-17 2.180607e-17 1.056823e-13 5.576794e-14 1.947200e-19 9.419546e-18 3.371258e-16 3.336638e-21 5.172075e-32 4.612472e-22 1.317505e-20 4.137186e-44 0.000000e+00 5.491920e-105 8.956454e-39 9.427852e-03
1.505751e-03 3.380389e-12 6.995990e-06 3.465010e-05 9.003579e-16 2.942112e-13 8.090509e-23 3.613581e-34 5.060246e-22 1.264646e-12 3.977404e-05 2.412367e-31 7.689259e-12 5.967780e-26 2.042168e-26 2.162675e-10 4.862633e-13 1.862989e-10 7.213159e-07 4.064463e-04 7.113234e-24 1.097432e-08 3.536751e-19 1.635010e-15 4.644240e-12 6.306100e-16 2.019721e-01 3.223599e-16 3.845747e-14 8.572538e-17 3.061244e-13 1.397781e-17 1.956455e-18 3.390638e-23 2.119260e-28 2.740547e-10 3.657063e-17 7.881110e-01 1.589472e-10 3.656350e-07 5.575441e-22 3.015082e-21 6.815001e-22 2.837274e-21 1.149365e-11 4.393625e-16 1.257305e-12 1.386559e-08 6.267222e-07 8.934496e-19 2.277135e-18 2.563610e-19 1.009317e-14 5.258373e-11 5.672397e-10 5.799549e-16 1.061506e-08 9.440579e-10 3.575582e-21 1.428479e-15 2.125194e-22 1.043304e-12 1.167304e-14 9.229939e-15 6.208241e-12 8.994131e-27 1.985652e-10 1.682794e-24 5.193770e-17 8.918725e-16 1.586107e-09 2.011447e-21 3.503511e-27 4.041238e-30 2.129390e-21 8.806066e-14 7.334729e-14 1.738051e-21 1.153248e-09 5.634958e-10 4.439968e-14 3.503177e-11 6.346221e-14 3.913997e-13 1.578500e-12 4.503507e-17 2.477442e-17 1.123575e-13 5.928103e-14 2.124636e-19 9.501960e-18 3.589788e-16 3.557534e-21 4.832070e-32 6.152045e-22 2.178755e-20 7.837846e-44 0.000000e+00 2.955203e-107 8.788910e-42 9.427278e-03
1.307374e-03 4.364698e-12 7.368185e-06 3.477748e-05 1.381097e-15 4.139205e-13 9.774474e-23 6.469463e-34 8.283818e-22 1.612713e-12 3.950782e-05 3.503403e-31 8.860370e-12 8.343164e-26 2.934047e-26 2.281365e-10 5.277123e-13 1.994404e-10 7.294790e-07 4.066609e-04 9.957457e-24 1.137993e-08 4.710236e-19 2.122722e-15 5.022024e-12 6.965353e-16 2.019669e-01 3.413216e-16 4.056443e-14 9.396855e-17 4.089392e-13 1.545113e-17 3.614042e-18 4.209009e-23 3.151335e-28 2.881244e-10 4.225752e-17 7.881163e-01 1.470362e-10 3.643011e-07 4.929794e-22 3.300991e-21 6.007134e-22 2.812300e-21 1.120884e-11 5.528647e-16 1.341370e-12 1.438901e-08 6.238870e-07 9.482787e-19 2.207233e-18 2.705487e-19 1.053355e-14 6.159011e-11 6.650017e-10 7.147720e-16 1.019078e-08 8.857031e-10 4.652725e-21 1.302349e-15 2.785509e-22 1.278625e-12 1.209695e-14 1.139479e-14 6.614961e-12 7.235497e-27 1.958330e-10 1.281438e-24 6.751486e-17 8.721905e-16 1.663759e-09 1.588032e-21 3.484195e-27 3.905949e-30 1.744324e-21 1.098375e-13 1.044104e-13 1.996554e-21 1.062381e-09 5.760011e-10 4.703789e-14 3.472984e-11 5.918821e-14 4.143579e-13 1.827613e-12 6.092307e-17 2.793359e-17 1.193256e-13 6.291031e-14 2.332227e-19 9.583899e-18 3.815551e-16 3.785840e-21 4.505769e-32 8.253139e-22 3.545385e-20 1.442738e-43 0.000000e+00 1.789272e-109 6.953840e-45 9.426688e-03
1.135133e-03 5.609939e-12 7.754112e-06 3.490004e-05 2.102550e-15 5.828711e-13 1.177472e-22 1.151896e-33 1.336276e-21 2.033217e-12 3.923796e-05 5.027337e-31 1.015241e-11 1.157130e-25 4.158737e-26 2.400849e-10 5.665372e-13 2.128981e-10 7.366386e-07 4.068800e-04 1.373284e-23 1.171668e-08 6.204660e-19 2.738377e-15 5.375317e-12 7.790680e-16 2.019616e-01 3.609582e-16 4.277677e-14 1.020681e-16 5.413276e-13 1.685192e-17 6.463557e-18 5.221605e-23 4.600073e-28 3.026624e-10 4.885063e-17 7.881218e-01 1.365373e-10 3.628309e-07 4.382893e-22 3.640633e-21 5.304977e-22 2.785051e-21 1.089604e-11 6.934590e-16 1.428895e-12 1.496592e-08 6.209899e-07 1.005116e-18 2.127275e-18 2.848540e-19 1.095797e-14 7.157992e-11 7.847825e-10 8.794217e-16 9.795278e-09 8.272717e-10 6.035828e-21 1.222773e-15 3.649248e-22 1.558899e-12 1.232769e-14 1.404954e-14 7.165256e-12 5.570557e-27 1.932708e-10 9.666069e-25 8.711181e-17 8.477491e-16 1.741183e-09 1.216704e-21 3.466387e-27 3.724944e-30 1.390642e-21 1.362111e-13 1.444492e-13 2.285286e-21 9.723381e-10 5.876957e-10 4.976937e-14 3.443386e-11 5.471876e-14 4.381242e-13 2.076021e-12 8.169056e-17 3.128250e-17 1.266267e-13 6.667016e-14 2.575667e-19 9.665106e-18 4.049441e-16 4.022447e-21 4.193040e-32 1.113885e-21 5.684956e-20 2.589618e-43 0.000000e+00 1.213932e-111 4.541782e-48 9.426081e-03
9.855837e-04 7.179418e-12 8.152751e-06 3.501690e-05 3.177531e-15 8.216224e-13 1.414699e-22 2.039714e-33 2.126849e-21 2.538200e-12 3.896539e-05 7.133703e-31 1.156450e-11 1.592279e-25 5.820657e-26 2.520826e-10 6.013947e-13 2.264607e-10 7.426865e-07 4.071028e-04 1.865629e-23 1.197446e-08 8.083151e-19 3.511614e-15 5.692234e-12 8.805016e-16 2.019562e-01 3.812124e-16 4.509294e-14 1.100070e-16 7.102788e-13 1.811886e-17 1.122008e-17 6.473234e-23 6.600771e-28 3.176259e-10 5.654071e-17 7.881274e-01 1.273399e-10 3.612332e-07 3.922698e-22 4.044809e-21 4.698933e-22 2.756117e-21 1.055347e-11 8.647362e-16 1.519619e-12 1.558812e-08 6.180379e-07 1.063799e-18 2.038862e-18 2.991659e-19 1.136308e-14 8.254158e-11 9.317120e-10 1.080759e-15 9.431308e-09 7.703927e-10 7.805788e-21 1.181367e-15 4.779335e-22 1.891982e-12 1.234299e-14 1.733560e-14 7.809819e-12 4.206326e-27 1.908671e-10 7.279054e-25 1.110574e-16 8.191426e-16 1.817317e-09 9.027750e-22 3.449979e-27 3.638647e-30 1.080211e-21 1.677450e-13 1.946758e-13 2.605295e-21 8.841748e-10 5.986386e-10 5.258612e-14 3.414534e-11 5.017366e-14 4.626292e-13 2.309749e-12 1.082517e-16 3.478842e-17 1.342522e-13 7.054954e-14 2.860227e-19 9.744678e-18 4.290771e-16 4.266651e-21 3.895950e-32 1.512024e-21 8.994712e-20 4.542993e-43 0.000000e+00 9.254478e-114 2.517732e-51 9.425457e-03
8.557371e-04 9.123439e-12 8.572970e-06 3.512999e-05 4.741970e-15 1.156873e-12 1.693543e-22 3.586479e-33 3.303571e-21 3.113951e-12 3.868431e-05 1.003267e-30 1.313148e-11 2.178951e-25 7.987163e-26 2.644147e-10 6.306450e-13 2.402159e-10 7.476710e-07 4.073340e-04 2.490091e-23 1.213971e-08 1.037996e-18 4.456179e-15 5.966635e-12 1.028861e-15 2.019504e-01 4.025299e-16 4.756932e-14 1.170040e-16 9.187686e-13 1.920263e-17 1.897173e-17 8.037285e-23 9.170493e-28 3.333437e-10 6.525387e-17 7.881333e-01 1.191419e-10 3.594749e-07 3.529359e-22 4.539959e-21 4.168143e-22 2.725153e-21 1.017173e-11 1.074155e-15 1.615537e-12 1.626454e-08 6.149647e-07 1.125628e-18 1.940710e-18 3.137187e-19 1.175552e-14 9.473426e-11 1.116402e-09 1.324273e-15 9.092757e-09 7.156694e-10 1.006216e-20 1.198413e-15 6.247575e-22 2.280784e-12 1.211971e-14 2.140664e-14 8.507911e-12 3.167027e-27 1.885558e-10 5.481675e-25 1.398882e-16 7.836253e-16 1.892829e-09 6.486087e-22 3.434493e-27 3.782358e-30 8.150618e-22 2.058448e-13 2.487073e-13 2.962935e-21 7.969675e-10 6.091511e-10 5.555011e-14 3.385871e-11 4.555330e-14 4.884121e-13 2.512592e-12 1.430804e-16 3.845042e-17 1.423851e-13 7.463388e-14 3.199578e-19 9.823573e-18 4.544853e-16 4.523817e-21 3.609556e-32 2.068808e-21 1.388650e-19 7.636075e-43 0.000000e+00 7.751760e-116 1.218398e-54 9.424805e-03
7.429971e-04 1.152099e-11 9.038629e-06 3.524450e-05 7.005485e-15 1.637040e-12 2.021012e-22 6.265396e-33 5.006309e-21 3.750704e-12 3.837939e-05 1.404008e-30 1.495131e-11 2.984323e-25 1.081830e-25 2.778091e-10 6.539456e-13 2.546745e-10 7.517205e-07 4.075865e-04 3.271516e-23 1.220542e-08 1.314391e-18 5.602806e-15 6.197108e-12 1.237252e-15 2.019441e-01 4.261158e-16 5.035396e-14 1.226125e-16 1.174417e-12 2.006833e-17 3.128807e-17 1.001710e-22 1.246050e-27 3.507014e-10 7.496869e-17 7.881398e-01 1.114864e-10 3.574219e-07 3.178185e-22 5.118427e-21 3.683021e-22 2.690636e-21 9.727047e-12 1.337937e-15 1.722095e-12 1.706206e-08 6.115981e-07 1.194109e-18 1.830028e-18 3.292136e-19 1.215340e-14 1.089038e-10 1.355630e-09 1.616631e-15 8.764995e-09 6.621300e-10 1.297746e-20 1.272634e-15 8.130268e-22 2.716072e-12 1.162072e-14 2.639315e-14 9.228194e-12 2.424333e-27 1.862085e-10 4.094204e-25 1.746358e-16 7.386814e-16 1.970469e-09 4.465252e-22 3.419067e-27 4.329201e-30 5.892468e-22 2.538153e-13 3.056223e-13 3.363151e-21 7.074335e-10 6.198333e-10 5.882880e-14 3.355961e-11 4.073078e-14 5.169292e-13 2.666469e-12 1.870107e-16 4.241370e-17 1.515083e-13 7.915411e-14 3.617891e-19 9.905663e-18 4.826052e-16 4.808477e-21 3.321162e-32 2.865864e-21 2.090398e-19 1.246086e-42 0.000000e+00 6.777193e-118 5.077329e-58 9.424086e-03
6.451103e-04 1.441168e-11 9.561939e-06 3.536159e-05 1.017224e-14 2.323054e-12 2.400760e-22 1.085282e-32 7.293247e-21 4.386969e-12 3.804364e-05 1.958753e-30 1.708672e-11 4.091654e-25 1.431980e-25 2.926780e-10 6.684435e-13 2.698940e-10 7.547272e-07 4.078659e-04 4.209884e-23 1.214834e-08 1.633374e-18 6.940352e-15 6.369709e-12 1.575790e-15 2.019370e-01 4.525784e-16 5.352740e-14 1.255891e-16 1.472886e-12 2.062352e-17 5.052960e-17 1.256185e-22 1.621108e-27 3.701422e-10 8.533825e-17 7.881471e-01 1.042613e-10 3.549902e-07 2.862458e-22 5.824529e-21 3.236890e-22 2.651960e-21 9.204598e-12 1.667463e-15 1.842091e-12 1.802420e-08 6.078544e-07 1.271030e-18 1.704543e-18 3.458826e-19 1.256137e-14 1.255122e-10 1.676430e-09 1.963682e-15 8.446259e-09 6.106220e-10 1.672784e-20 1.454197e-15 1.047730e-21 3.180330e-12 1.081859e-14 3.236318e-14 9.898992e-12 1.867811e-27 1.837797e-10 3.029258e-25 2.146447e-16 6.810703e-16 2.050060e-09 2.926678e-22 3.403416e-27 5.522182e-30 4.050108e-22 3.147376e-13 3.479451e-13 3.817301e-21 6.156444e-10 6.309269e-10 6.250666e-14 3.324317e-11 3.574877e-14 5.489147e-13 2.741435e-12 2.438985e-16 4.667397e-17 1.618916e-13 8.422702e-14 4.142298e-19 9.991292e-18 5.141631e-16 5.127978e-21 3.028838e-32 4.034152e-21 3.022532e-19 1.920065e-42 0.000000e+00 6.079028e-120 1.927033e-61 9.423287e-03
5.601196e-04 1.793614e-11 1.016507e-05 3.548398e-05 1.466829e-14 3.346042e-12 2.845363e-22 1.868253e-32 1.035817e-20 5.026691e-12 3.766408e-05 2.731113e-30 1.964896e-11 5.638407e-25 1.887822e-25 3.097887e-10 6.735662e-13 2.862188e-10 7.565867e-07 4.081834e-04 5.329145e-23 1.196165e-08 1.998633e-18 8.534904e-15 6.474235e-12 2.042894e-15 2.019289e-01 4.830268e-16 5.722901e-14 1.263699e-16 1.830964e-12 2.079509e-17 7.982810e-17 1.584046e-22 2.091694e-27 3.924751e-10 9.669756e-17 7.881555e-01 9.728861e-11 3.519960e-07 2.573467e-22 6.614564e-21 2.819050e-22 2.607999e-21 8.580004e-12 2.079720e-15 1.980625e-12 1.926428e-08 6.035812e-07 1.359643e-18 1.563969e-18 3.642193e-19 1.299050e-14 1.453845e-10 2.115491e-09 2.378016e-15 8.131010e-09 5.608222e-10 2.166006e-20 1.764055e-15 1.331549e-21 3.637741e-12 9.698440e-15 3.932719e-14 1.043224e-11 1.490914e-27 1.811895e-10 2.205786e-25 2.581148e-16 6.122096e-16 2.132013e-09 1.782411e-22 3.387059e-27 7.920720e-30 2.600067e-22 3.940811e-13 3.893110e-13 4.317887e-21 5.209571e-10 6.427997e-10 6.673760e-14 3.289962e-11 3.063032e-14 5.857064e-13 2.711244e-12 3.072655e-16 5.141093e-17 1.740148e-13 9.006543e-14 4.812555e-19 1.008210e-17 5.504822e-16 5.495710e-21 2.727535e-32 5.794788e-21 4.255214e-19 2.925911e-42 0.000000e+00 5.451885e-122 2.362990e-62 9.422369e-03
4.863261e-04 2.199329e-11 1.085741e-05 3.561114e-05 2.050208e-14 4.818910e-12 3.347006e-22 3.177353e-32 1.374905e-20 5.471774e-12 3.723616e-05 3.809473e-30 2.270449e-11 7.773120e-25 2.388325e-25 3.296872e-10 6.631105e-13 3.036699e-10 7.571225e-07 4.085428e-04 6.549919e-23 1.160319e-08 2.376138e-18 1.023092e-14 6.498452e-12 2.972403e-15 2.019195e-01 5.179195e-16 6.150563e-14 1.223359e-16 2.202919e-12 2.048922e-17 1.244407e-16 2.019344e-22 2.479297e-27 4.180300e-10 1.075915e-16 7.881651e-01 9.060220e-11 3.483727e-07 2.311558e-22 7.656639e-21 2.432266e-22 2.558728e-21 7.846052e-12 2.580956e-15 2.139870e-12 2.081347e-08 5.987192e-07 1.461318e-18 1.404190e-18 3.842670e-19 1.344142e-14 1.689684e-10 2.751043e-09 2.862067e-15 7.822446e-09 5.142820e-10 2.797187e-20 2.497749e-15 1.651451e-21 4.033472e-12 8.298547e-15 4.694591e-14 1.071240e-11 1.099377e-27 1.784245e-10 1.578733e-25 3.005711e-16 5.267105e-16 2.213879e-09 1.008516e-22 3.369950e-27 1.271066e-29 1.544755e-22 4.974651e-13 3.746052e-13 4.902736e-21 4.259283e-10 6.555900e-10 7.158510e-14 3.252768e-11 2.554142e-14 6.278554e-13 2.552955e-12 3.923446e-16 5.637124e-17 1.881163e-13 9.675758e-14 5.687822e-19 1.017434e-17 5.921105e-16 5.917214e-21 2.421478e-32 8.539364e-21 5.589395e-19 3.986753e-42 0.000000e+00 4.876465e-124 7.698484e-59 9.421332e-03
4.222546e-04 2.684022e-11 1.164880e-05 3.574274e-05 2.842505e-14 7.064093e-12 3.927829e-22 5.368134e-32 1.774940e-20 5.815757e-12 3.675504e-05 5.316237e-30 2.632734e-11 1.074083e-24 3.012566e-25 3.531314e-10 6.399421e-13 3.225534e-10 7.562389e-07 4.089481e-04 7.918447e-23 1.110819e-08 2.775879e-18 1.216906e-14 6.448440e-12 4.420789e-15 2.019089e-01 5.577314e-16 6.638596e-14 1.160731e-16 2.626243e-12 1.973523e-17 1.904035e-16 2.588566e-22 2.908185e-27 4.471489e-10 1.192242e-16 7.881761e-01 8.422172e-11 3.439547e-07 2.076329e-22 8.853102e-21 2.077201e-22 2.504526e-21 7.006757e-12 3.174723e-15 2.322101e-12 2.280469e-08 5.932073e-07 1.577481e-18 1.235334e-18 4.060918e-19 1.391690e-14 1.967510e-10 3.663756e-09 3.442720e-15 7.522374e-09 4.708568e-10 3.628525e-20 3.987087e-15 1.996313e-21 4.308018e-12 6.725546e-15 5.505637e-14 1.063336e-11 8.118227e-28 1.754707e-10 1.110398e-25 3.345078e-16 4.349104e-16 2.292646e-09 5.133311e-23 3.352044e-27 2.325201e-29 8.358677e-23 6.333664e-13 3.526818e-13 5.539777e-21 3.336361e-10 6.693308e-10 7.711480e-14 3.212567e-11 2.071108e-14 6.759315e-13 2.277042e-12 4.781096e-16 6.175559e-17 2.044483e-13 1.043948e-13 6.811088e-19 1.026599e-17 6.396152e-16 6.398217e-21 2.115603e-32 1.289345e-20 7.125109e-19 5.356538e-42 0.000000e+00 4.364992e-126 2.403777e-55 9.420149e-03
3.666242e-04 3.241340e-11 1.255049e-05 3.587880e-05 3.847927e-14 1.041386e-11 4.582082e-22 8.981138e-32 2.175663e-20 5.929723e-12 3.621494e-05 7.428207e-30 3.060615e-11 1.482849e-24 3.701502e-25 3.812365e-10 6.023290e-13 3.434148e-10 7.539293e-07 4.094041e-04 9.372839e-23 1.047295e-08 3.162807e-18 1.419354e-14 6.341125e-12 7.186647e-15 2.018968e-01 6.030107e-16 7.185509e-14 1.067619e-16 3.056121e-12 1.858995e-17 2.873545e-16 3.348792e-22 3.206402e-27 4.802276e-10 1.303997e-16 7.881886e-01 7.814913e-11 3.386877e-07 1.866019e-22 1.037856e-20 1.754666e-22 2.445783e-21 6.085285e-12 3.862133e-15 2.529950e-12 2.525584e-08 5.869743e-07 1.709781e-18 1.060792e-18 4.298104e-19 1.442161e-14 2.292837e-10 5.014328e-09 4.133594e-15 7.230873e-09 4.310815e-10 4.706426e-20 7.407915e-15 2.332633e-21 4.382156e-12 5.112952e-15 6.295617e-14 1.013399e-11 5.482831e-28 1.723087e-10 7.662521e-26 3.520649e-16 3.383585e-16 2.364845e-09 2.332826e-23 3.333269e-27 4.769625e-29 4.056531e-23 8.141950e-13 2.972116e-13 6.262702e-21 2.475493e-10 6.841585e-10 8.340249e-14 3.169116e-11 1.632809e-14 7.305925e-13 1.909282e-12 5.751654e-16 6.733453e-17 2.233028e-13 1.130827e-13 8.256303e-19 1.035230e-17 6.936505e-16 6.945334e-21 1.815478e-32 1.995699e-20 8.597647e-19 6.627329e-42 0.000000e+00 3.903608e-128 6.981966e-52 9.418817e-03
3.183230e-04 3.887283e-11 1.357343e-05 3.601947e-05 5.128443e-14 1.546184e-11 5.323400e-22 1.490939e-31 2.586373e-20 5.892935e-12 3.561021e-05 1.039387e-29 3.563758e-11 2.045804e-24 4.495279e-25 4.155205e-10 5.545034e-13 3.670413e-10 7.502919e-07 4.099152e-04 1.096447e-22 9.733076e-09 3.529771e-18 1.633223e-14 6.210586e-12 1.241424e-14 2.018831e-01 6.542833e-16 7.782411e-14 9.639392e-17 3.501015e-12 1.719888e-17 4.267921e-16 4.362136e-22 3.412655e-27 5.176461e-10 1.414830e-16 7.882027e-01 7.238052e-11 3.325847e-07 1.678520e-22 1.224858e-20 1.465522e-22 2.383166e-21 5.130317e-12 4.644698e-15 2.765981e-12 2.812223e-08 5.799522e-07 1.859805e-18 8.909282e-19 4.555642e-19 1.496138e-14 2.671350e-10 6.991119e-09 4.961197e-15 6.946492e-09 3.948318e-10 6.118651e-20 1.464582e-14 2.630029e-21 4.191722e-12 3.612977e-15 7.010848e-14 9.223825e-12 3.492550e-28 1.689214e-10 5.186208e-26 3.457861e-16 2.457796e-16 2.426645e-09 9.238388e-24 3.313565e-27 1.049013e-28 1.734496e-23 1.058288e-12 2.351164e-13 7.054583e-21 1.713981e-10 7.001461e-10 9.052078e-14 3.122164e-11 1.256488e-14 7.924682e-13 1.498401e-12 6.669942e-16 7.315183e-17 2.449698e-13 1.229225e-13 1.008595e-18 1.042957e-17 7.548440e-16 7.564907e-21 1.527587e-32 3.144727e-20 1.001974e-18 7.815497e-42 0.000000e+00 3.493216e-130 1.692149e-48 9.417314e-03
2.763852e-04 4.630348e-11 1.473019e-05 3.616539e-05 6.730033e-14 2.292199e-11 6.158104e-22 0.000000e+00 3.013621e-20 5.762400e-12 3.493411e-05 1.456944e-29 4.153885e-11 2.818727e-24 5.401989e-25 4.581302e-10 5.013674e-13 3.943887e-10 7.455216e-07 4.104866e-04 1.276995e-22 8.920722e-09 3.861134e-18 1.853171e-14 6.101547e-12 2.307027e-14 2.018677e-01 7.121551e-16 8.409984e-14 8.621211e-17 3.947366e-12 1.573444e-17 6.238001e-16 5.719936e-22 3.500300e-27 5.598432e-10 1.521835e-16 7.882187e-01 6.689457e-11 3.258560e-07 1.511098e-22 1.456776e-20 1.210678e-22 2.317359e-21 4.208149e-12 5.528295e-15 3.033162e-12 3.115850e-08 5.720621e-07 2.029383e-18 7.343404e-19 4.835713e-19 1.554357e-14 3.109674e-10 9.822329e-09 5.943654e-15 6.665921e-09 3.621162e-10 7.968107e-20 2.815226e-14 2.859602e-21 3.703491e-12 2.351444e-15 7.569559e-14 7.995070e-12 2.080013e-28 1.652864e-10 3.442749e-26 3.126355e-16 1.639101e-16 2.474434e-09 3.131988e-24 3.292848e-27 2.327554e-28 6.428206e-24 1.392751e-12 1.747787e-13 7.913927e-21 1.085524e-10 7.174123e-10 9.855324e-14 3.071362e-11 9.512451e-15 8.622839e-13 1.095962e-12 7.443553e-16 7.918853e-17 2.697804e-13 1.340309e-13 1.236347e-18 1.049442e-17 8.239179e-16 8.264238e-21 1.258365e-32 4.989595e-20 1.138469e-18 8.756328e-42 0.000000e+00 3.128870e-132 3.197454e-45 9.415624e-03
2.399726e-04 5.480122e-11 1.603365e-05 3.631740e-05 8.698335e-14 3.352479e-11 7.089303e-22 4.028522e-31 3.482256e-20 5.605611e-12 3.417968e-05 2.046575e-29 4.844457e-11 3.875724e-24 6.424394e-25 5.119766e-10 4.486446e-13 4.264575e-10 7.399020e-07 4.111238e-04 1.494427e-22 8.070130e-09 4.144975e-18 2.072059e-14 6.065809e-12 4.632414e-14 2.018503e-01 7.772453e-16 9.034416e-14 7.717730e-17 4.376358e-12 1.437497e-17 8.974432e-16 7.550271e-22 3.442308e-27 6.072682e-10 1.620165e-16 7.882367e-01 6.166249e-11 3.189221e-07 1.361435e-22 1.750960e-20 9.908968e-23 2.249131e-21 3.384782e-12 6.524285e-15 3.334552e-12 3.391009e-08 5.632233e-07 2.220386e-18 5.975481e-19 5.140885e-19 1.617586e-14 3.615074e-10 1.371672e-08 7.086874e-15 6.385088e-09 3.330696e-10 1.037878e-19 4.977017e-14 3.012193e-21 2.953544e-12 1.398746e-15 7.874261e-14 6.604477e-12 1.140426e-28 1.613800e-10 2.244419e-26 2.563691e-16 9.814580e-17 2.505513e-09 9.126402e-25 3.271028e-27 4.949072e-28 2.052352e-24 1.856848e-12 1.220108e-13 8.850702e-21 6.133683e-11 7.360843e-10 1.075852e-13 3.016327e-11 7.170564e-15 9.407795e-13 7.440288e-13 8.011221e-16 8.546758e-17 2.980783e-13 1.465271e-13 1.513889e-18 1.054492e-17 9.016099e-16 9.050788e-21 1.013879e-32 7.858678e-20 1.275235e-18 9.242098e-42 0.000000e+00 2.805565e-134 4.388056e-42 9.413732e-03
2.083571e-04 6.491346e-11 1.749992e-05 3.647691e-05 1.127216e-13 4.832131e-11 8.148219e-22 6.843281e-31 4.145076e-20 5.594253e-12 3.333806e-05 2.881301e-29 5.652381e-11 5.328548e-24 7.753214e-25 5.810296e-10 4.033793e-13 4.642949e-10 7.337762e-07 4.118336e-04 1.788954e-22 7.227660e-09 4.410691e-18 2.311187e-14 6.160136e-12 9.513719e-14 2.018307e-01 8.503231e-16 9.608371e-14 7.078660e-17 4.847628e-12 1.329628e-17 1.269183e-15 9.991334e-22 3.445014e-27 6.604809e-10 1.720412e-16 7.882569e-01 5.663888e-11 3.122247e-07 1.228441e-22 2.098226e-20 8.051394e-23 2.179189e-21 2.702803e-12 7.651607e-15 3.673940e-12 3.589209e-08 5.533350e-07 2.435128e-18 4.851836e-19 5.474655e-19 1.686719e-14 4.196795e-10 1.876392e-08 8.406168e-15 6.099667e-09 3.076613e-10 1.355821e-19 7.965252e-14 3.116335e-21 2.061620e-12 7.556598e-16 7.881943e-14 5.221498e-12 6.260967e-29 1.571699e-10 1.440082e-26 1.867416e-16 5.174358e-17 2.519164e-09 2.116871e-25 3.247977e-27 9.768413e-28 5.494545e-25 2.508176e-12 8.737799e-14 9.826329e-21 2.997665e-11 7.563274e-10 1.177228e-13 2.956521e-11 5.462089e-15 1.028875e-12 4.667490e-13 7.975129e-16 9.242589e-17 3.302793e-13 1.605594e-13 1.843723e-18 1.058239e-17 9.888361e-16 9.933826e-21 7.983275e-33 1.214009e-19 1.464512e-18 9.810159e-42 0.000000e+00 2.523528e-136 4.037753e-39 9.411600e-03
1.809069e-04 7.692148e-11 1.914616e-05 3.664544e-05 1.452341e-13 6.777387e-11 9.336551e-22 1.102057e-30 5.010598e-20 5.669725e-12 3.239972e-05 4.069362e-29 6.597535e-11 7.308001e-24 9.333487e-25 6.705725e-10 3.658797e-13 5.089270e-10 7.275383e-07 4.126232e-04 2.205874e-22 6.399557e-09 4.645200e-18 2.553367e-14 6.444207e-12 1.943042e-13 2.018087e-01 9.322156e-16 1.006553e-13 6.620071e-17 5.312062e-12 1.264246e-17 1.770079e-15 1.330892e-21 6.533258e-27 7.200836e-10 1.805816e-16 7.882797e-01 5.177555e-11 3.061305e-07 1.113631e-22 2.553575e-20 6.510258e-23 2.108179e-21 2.166166e-12 8.924566e-15 4.055410e-12 3.668921e-08 5.422886e-07 2.676103e-18 3.934889e-19 5.840744e-19 1.762635e-14 4.865299e-10 2.516511e-08 9.911933e-15 5.807208e-09 2.867260e-10 1.767936e-19 1.173652e-13 3.225518e-21 1.220264e-12 3.689796e-16 7.630318e-14 3.978245e-12 3.111684e-29 1.526204e-10 9.134607e-27 1.185958e-16 2.310193e-17 2.517101e-09 4.007909e-26 3.223552e-27 1.764001e-27 1.243932e-25 3.429227e-12 6.060766e-14 1.097408e-20 1.223147e-11 7.783454e-10 1.290797e-13 2.891366e-11 4.239734e-15 1.127557e-12 2.685877e-13 7.656426e-16 9.996224e-17 3.668365e-13 1.762872e-13 2.228402e-18 1.060838e-17 1.086580e-15 1.092330e-20 6.139751e-33 1.834520e-19 1.703441e-18 9.780019e-42 0.000000e+00 2.272566e-138 2.487605e-36 9.409221e-03
1.570732e-04 9.250569e-11 2.099198e-05 3.682476e-05 1.914154e-13 9.401545e-11 1.183654e-21 2.085305e-30 6.416023e-20 6.012745e-12 3.135397e-05 5.766169e-29 7.703262e-11 1.002635e-23 1.162594e-24 7.874614e-10 3.390844e-13 5.614059e-10 7.216284e-07 4.135008e-04 2.864392e-22 5.618479e-09 4.924972e-18 2.853496e-14 6.989835e-12 3.641127e-13 2.017840e-01 1.023846e-15 1.033087e-13 6.452607e-17 5.921843e-12 1.261157e-17 2.433899e-15 1.781619e-21 1.846881e-25 7.867503e-10 1.897757e-16 7.883052e-01 4.701872e-11 3.005508e-07 1.022820e-22 3.095597e-20 5.235328e-23 2.036735e-21 1.757671e-12 1.035494e-14 4.483529e-12 3.633492e-08 5.299626e-07 2.946087e-18 3.204914e-19 6.243289e-19 1.846259e-14 5.632966e-10 3.313383e-08 1.172849e-14 5.507087e-09 2.707447e-10 2.316918e-19 1.617409e-13 3.415096e-21 5.895149e-13 1.621920e-16 7.385734e-14 2.936293e-12 1.582092e-29 1.476905e-10 5.779789e-27 6.376553e-17 8.520677e-18 2.502986e-09 7.090016e-27 3.197595e-27 2.921355e-27 2.443026e-26 4.739961e-12 4.576194e-14 1.232821e-20 4.008612e-12 8.023453e-10 1.417831e-13 2.820202e-11 3.379599e-15 1.237927e-12 1.408781e-13 6.714027e-16 1.087997e-16 4.082592e-13 1.938883e-13 2.665730e-18 1.062969e-17 1.195940e-15 1.203032e-20 4.605673e-33 2.725526e-19 2.101770e-18 1.012530e-41 0.000000e+00 2.054538e-140 9.383567e-34 9.406543e-03
1.363794e-04 1.141955e-10 2.305883e-05 3.701672e-05 2.582613e-13 1.291475e-10 4.811990e-21 1.307098e-29 8.634225e-20 6.559321e-12 3.018895e-05 8.209318e-29 8.997447e-11 1.372564e-23 1.484565e-24 9.409025e-10 3.214604e-13 6.228625e-10 7.165454e-07 4.144756e-04 3.971322e-22 4.878762e-09 5.305170e-18 3.235006e-14 7.887399e-12 6.229876e-13 2.017563e-01 1.126241e-15 1.031006e-13 6.502106e-17 6.731998e-12 1.347132e-17 3.308459e-15 2.607213e-21 6.129339e-24 8.612302e-10 1.985698e-16 7.883337e-01 4.231335e-11 2.951271e-07 9.684150e-23 3.836124e-20 4.169671e-23 1.965339e-21 1.455269e-12 1.193281e-14 4.963366e-12 3.512323e-08 5.162218e-07 3.248176e-18 2.602711e-19 6.686667e-19 1.938542e-14 6.513581e-10 4.348838e-08 1.416811e-14 5.200906e-09 2.613881e-10 3.143050e-19 2.125496e-13 3.727780e-21 2.260077e-13 6.402383e-17 7.442897e-14 2.098124e-12 7.302274e-30 1.423338e-10 3.733858e-27 2.842828e-17 2.484736e-18 2.480826e-09 0.000000e+00 3.169930e-27 4.502243e-27 3.864267e-27 6.616846e-12 3.660662e-14 1.433592e-20 1.020682e-12 8.285632e-10 1.559739e-13 2.742317e-11 2.781645e-15 1.361208e-12 6.671010e-14 5.728697e-16 1.188151e-16 4.551281e-13 2.135607e-13 3.153436e-18 1.065365e-17 1.318135e-15 1.326719e-20 3.361212e-33 4.026213e-19 2.741822e-18 1.095460e-41 0.000000e+00 1.860097e-142 2.210491e-31 9.403561e-03
1.184120e-04 1.524300e-10 2.536954e-05 3.722304e-05 3.798938e-13 1.791268e-10 7.119373e-20 3.124891e-28 1.389659e-19 7.735207e-12 2.889250e-05 1.175713e-28 1.051237e-10 1.884062e-23 2.088506e-24 1.143170e-09 3.239900e-13 6.945330e-10 7.129047e-07 4.155565e-04 6.203760e-22 4.202595e-09 6.127273e-18 3.938593e-14 9.266475e-12 9.688281e-13 2.017254e-01 1.240454e-15 9.901813e-14 7.086379e-17 8.334269e-12 1.572701e-17 4.450193e-15 7.710183e-21 1.340771e-22 9.442944e-10 2.127110e-16 7.883657e-01 3.760756e-11 2.891146e-07 9.760621e-23 4.846632e-20 3.252473e-23 1.894413e-21 1.271684e-12 1.363848e-14 5.500146e-12 3.373301e-08 5.009275e-07 3.585560e-18 2.126072e-19 7.175201e-19 2.040414e-14 7.521575e-10 5.736584e-08 1.837967e-14 4.891203e-09 2.604216e-10 6.264540e-19 2.698772e-13 4.178241e-21 6.939049e-14 2.267242e-17 7.961694e-14 1.433492e-12 3.834365e-30 1.365026e-10 2.612094e-27 1.043188e-17 5.545729e-19 2.453571e-09 1.553674e-27 3.140381e-27 6.589297e-27 1.394227e-27 9.330540e-12 3.497989e-14 1.795182e-20 2.056506e-13 8.572097e-10 1.717967e-13 2.657013e-11 2.463696e-15 1.498650e-12 2.800760e-14 4.646141e-16 1.310997e-16 5.080741e-13 2.355075e-13 3.683646e-18 1.069334e-17 1.454413e-15 1.464653e-20 2.376034e-33 5.986248e-19 4.384674e-18 2.603638e-41 0.000000e+00 1.690426e-144 2.974716e-29 9.400218e-03
1.028117e-04 2.467717e-10 2.795287e-05 3.744531e-05 6.821512e-13 2.516598e-10 9.238773e-19 8.264968e-27 3.648413e-19 1.070800e-11 2.744931e-05 1.709914e-28 1.229162e-10 2.659751e-23 3.664298e-24 1.411961e-09 3.758259e-13 7.781342e-10 7.116131e-07 4.167547e-04 1.225036e-21 3.597024e-09 8.497975e-18 5.765275e-14 1.133634e-11 1.397165e-12 2.016908e-01 1.367829e-15 8.992404e-14 9.122163e-17 1.262386e-11 2.033697e-17 5.934488e-15 6.545400e-20 2.008434e-21 1.036924e-09 2.466951e-16 7.884015e-01 3.285145e-11 2.815343e-07 1.103752e-22 6.643302e-20 2.434648e-23 1.823925e-21 1.274077e-12 1.543699e-14 6.100417e-12 3.305852e-08 4.839024e-07 3.962351e-18 1.780449e-19 7.713861e-19 2.152947e-14 8.672019e-10 7.696572e-08 2.880656e-14 4.579850e-09 2.698310e-10 3.669000e-18 3.343571e-13 4.746661e-21 2.084977e-14 7.192278e-18 8.665332e-14 9.072692e-13 7.826881e-30 1.301355e-10 2.222321e-27 3.348375e-18 9.159436e-20 2.422648e-09 0.000000e+00 3.108717e-27 9.362220e-27 0.000000e+00 1.335665e-11 4.445773e-14 2.729341e-20 4.081177e-14 8.885181e-10 1.894358e-13 2.563498e-11 2.588851e-15 1.651852e-12 9.846117e-15 3.821554e-16 1.474754e-16 5.679562e-13 2.599879e-13 4.248078e-18 1.076364e-17 1.606368e-15 1.618440e-20 1.614826e-33 9.107745e-19 1.201283e-17 2.108556e-40 0.000000e+00 1.540807e-146 2.306559e-27 9.396481e-03
8.926665e-05 5.280447e-10 3.084038e-05 3.768350e-05 1.646832e-12 3.615488e-10 8.724460e-18 2.145538e-25 1.741990e-18 1.865004e-11 2.584364e-05 2.667529e-28 1.439520e-10 4.546577e-23 9.207718e-24 1.771829e-09 5.192177e-13 8.763666e-10 7.146029e-07 4.180806e-04 3.349217e-21 3.089930e-09 1.556231e-17 1.119261e-13 1.450760e-11 1.894685e-12 2.016521e-01 1.509799e-15 7.524466e-14 1.490171e-16 2.581867e-11 2.944159e-17 7.872747e-15 5.937897e-19 2.164610e-20 1.140149e-09 3.396943e-16 7.884415e-01 2.803156e-11 2.713117e-07 1.507714e-22 1.073046e-19 1.694234e-23 1.753045e-21 1.536663e-12 1.731986e-14 6.770807e-12 3.409170e-08 4.649577e-07 4.383140e-18 1.582878e-19 8.306187e-19 2.276954e-14 9.972730e-10 1.063048e-07 5.979216e-14 4.266340e-09 2.868394e-10 3.223240e-17 4.055793e-13 5.429219e-21 9.716603e-15 2.027338e-18 8.858494e-14 5.035334e-13 8.669295e-29 1.231688e-10 2.569615e-27 1.141259e-18 1.288315e-20 2.388546e-09 6.246330e-27 3.074703e-27 1.322767e-26 4.504293e-27 1.977635e-11 8.068260e-14 5.477855e-20 1.293072e-14 9.225836e-10 2.090871e-13 2.461282e-11 3.410332e-15 1.822509e-12 2.630277e-15 3.131536e-16 1.737339e-16 6.359551e-13 2.872778e-13 4.835696e-18 1.088257e-17 1.775694e-15 1.789777e-20 1.041788e-33 1.478712e-18 5.924713e-17 2.393989e-39 0.000000e+00 1.409163e-148 1.011155e-25 9.392298e-03
7.750613e-05 1.289560e-09 3.407210e-05 3.793343e-05 4.748284e-12 5.577802e-10 6.165258e-17 4.937795e-24 9.638384e-18 3.669489e-11 2.405756e-05 5.483834e-28 1.692299e-10 1.374013e-22 3.086225e-23 2.252622e-09 7.279175e-13 9.944880e-10 7.270308e-07 4.195426e-04 1.109571e-20 2.750602e-09 3.374976e-17 2.555701e-13 1.968929e-11 2.420735e-12 2.016089e-01 1.668127e-15 5.661393e-14 2.765167e-16 6.289216e-11 4.842786e-17 1.052587e-14 4.178908e-18 1.753818e-19 1.255135e-09 5.447874e-16 7.884863e-01 2.321247e-11 2.585339e-07 2.661884e-22 1.982427e-19 1.058142e-23 1.678580e-21 1.942691e-12 1.952928e-14 7.517558e-12 3.665946e-08 4.438614e-07 4.854226e-18 1.460734e-19 8.951535e-19 2.412404e-14 1.141190e-09 1.533603e-07 1.420241e-13 3.940580e-09 2.988862e-10 2.412256e-16 4.789732e-13 6.324527e-21 6.256797e-15 4.871336e-19 8.193858e-14 2.292690e-13 1.044645e-27 1.155281e-10 3.908450e-27 4.731539e-19 2.152399e-21 2.351579e-09 7.721348e-27 3.038047e-27 1.921730e-26 5.082781e-27 3.183740e-11 1.725361e-13 1.247743e-19 5.556135e-15 9.591869e-10 2.309914e-13 2.350577e-11 4.726015e-15 2.012706e-12 5.585562e-16 2.352473e-16 2.238868e-16 7.142016e-13 3.177160e-13 5.434256e-18 1.107089e-17 1.964471e-15 1.980716e-20 6.210109e-34 2.830672e-18 3.258095e-16 2.452629e-38 0.000000e+00 1.293850e-150 2.521343e-24 9.387602e-03
6.729501e-05 2.927345e-09 3.769719e-05 3.818228e-05 1.431105e-11 1.038366e-09 3.371885e-16 8.994437e-23 4.651322e-17 7.369370e-11 2.207280e-05 1.867219e-27 2.005134e-10 6.740814e-22 1.196731e-22 2.871213e-09 8.667345e-13 1.141186e-09 7.615215e-07 4.211412e-04 3.650439e-20 2.691281e-09 7.517107e-17 5.701850e-13 2.853270e-11 2.847461e-12 2.015604e-01 1.844907e-15 3.882823e-14 5.178860e-16 1.538310e-10 9.057993e-17 1.473330e-14 2.286160e-17 1.108387e-18 1.382789e-09 8.590688e-16 7.885365e-01 1.857689e-11 2.462137e-07 5.898661e-22 3.581782e-19 5.882790e-24 1.591973e-21 2.119343e-12 2.327102e-14 8.340132e-12 3.767148e-08 4.203429e-07 5.384652e-18 1.220325e-19 9.636565e-19 2.556243e-14 1.293765e-09 2.314769e-07 3.065329e-13 3.561545e-09 2.943991e-10 1.437615e-15 5.404352e-13 7.939685e-21 3.193698e-15 8.742955e-20 7.472553e-14 8.190404e-14 9.583694e-27 1.071343e-10 6.761179e-27 1.732949e-19 3.629114e-22 2.312559e-09 0.000000e+00 2.998420e-27 2.983793e-26 0.000000e+00 5.995569e-11 3.454827e-13 2.630747e-19 1.537730e-15 9.974773e-10 2.554319e-13 2.233098e-11 5.171593e-15 2.224872e-12 1.329678e-16 1.837583e-16 3.369149e-16 8.064817e-13 3.516989e-13 6.030776e-18 1.135153e-17 2.175159e-15 2.193460e-20 3.229165e-34 7.026006e-18 1.539113e-15 1.839345e-37 0.000000e+00 1.192212e-152 3.749772e-23 9.382326e-03
5.842916e-05 5.621119e-09 4.177608e-05 3.840348e-05 4.590847e-11 2.485421e-09 1.471675e-15 1.265858e-21 1.832322e-16 1.461104e-10 1.987260e-05 8.569062e-27 2.406036e-10 3.474704e-21 4.910230e-22 3.581813e-09 8.277521e-13 1.320326e-09 8.424081e-07 4.228626e-04 1.045818e-19 3.131330e-09 1.693196e-16 1.097076e-12 4.254156e-11 2.962437e-12 2.015061e-01 2.042661e-15 2.685951e-14 9.111142e-16 3.670490e-10 1.849445e-16 2.307762e-14 1.007638e-16 5.641146e-18 1.522507e-09 1.152953e-15 7.885927e-01 1.437912e-11 2.376685e-07 1.387423e-21 5.487305e-19 3.104181e-24 1.477622e-21 1.769339e-12 3.105909e-14 9.212648e-12 3.373300e-08 3.940938e-07 5.987555e-18 8.233086e-20 1.032530e-18 2.698151e-14 1.442084e-09 3.508771e-07 5.207832e-13 3.056488e-09 2.762007e-10 6.906360e-15 5.664711e-13 1.222763e-20 1.154019e-15 9.398492e-21 7.997018e-14 2.307121e-14 6.149103e-26 9.791049e-11 1.123662e-26 4.193600e-20 5.353919e-23 2.273047e-09 3.157411e-26 2.955437e-27 5.078332e-26 0.000000e+00 1.372334e-10 5.863979e-13 4.650215e-19 2.165833e-16 1.035872e-09 2.827376e-13 2.112282e-11 3.794319e-15 2.461717e-12 3.880426e-17 1.447058e-16 6.265191e-16 9.177266e-13 3.896795e-13 6.610830e-18 1.175045e-17 2.410683e-15 2.429408e-20 1.318194e-34 2.117976e-17 5.902405e-15 9.847448e-37 0.000000e+00 1.103135e-154 3.499220e-22 9.376372e-03
5.073136e-05 9.043986e-09 4.637836e-05 3.854810e-05 1.554036e-10 6.696053e-09 5.247745e-15 1.143385e-20 5.587060e-16 2.435558e-10 1.744693e-05 3.973232e-26 2.923881e-10 1.593486e-20 1.893436e-21 4.218850e-09 6.272323e-13 1.488989e-09 1.004634e-06 4.246745e-04 2.303789e-19 4.505898e-09 3.962158e-16 1.583874e-12 5.821345e-11 2.755982e-12 2.014451e-01 2.264478e-15 2.098800e-14 1.231814e-15 8.569564e-10 3.489439e-16 4.241472e-14 3.632770e-16 2.368097e-17 1.668843e-09 1.237580e-15 7.886560e-01 1.081525e-11 2.308188e-07 2.858980e-21 6.651647e-19 1.791907e-24 1.321495e-21 1.034057e-12 4.305681e-14 1.004208e-11 2.676260e-08 3.647878e-07 6.679101e-18 4.203655e-20 1.095399e-18 2.816840e-14 1.556983e-09 4.899873e-07 6.741205e-13 2.428471e-09 2.514163e-10 2.742153e-14 5.430355e-13 2.520873e-20 4.024127e-16 5.388418e-22 1.140697e-13 5.460299e-15 2.172362e-25 8.779575e-11 1.405609e-26 9.208356e-21 9.026009e-24 2.234938e-09 1.521201e-26 2.908646e-27 9.345725e-26 7.338506e-26 3.654425e-10 8.397199e-13 6.835103e-19 2.479518e-17 1.072462e-09 3.132647e-13 1.992334e-11 2.055685e-15 2.725565e-12 1.227905e-17 1.049361e-16 1.350431e-15 1.049257e-12 4.321306e-13 7.158859e-18 1.229588e-17 2.674530e-15 2.685771e-20 3.664941e-35 6.624190e-17 1.746113e-14 3.779350e-36 0.000000e+00 1.024543e-156 2.240529e-21 9.369639e-03
4.404770e-05 1.291810e-08 5.157163e-05 3.852610e-05 5.209143e-10 1.728559e-08 1.557409e-14 5.231404e-20 1.348294e-15 3.101250e-10 1.480783e-05 1.690990e-25 3.545675e-10 6.274928e-20 6.247604e-21 4.527133e-09 3.896505e-13 1.531823e-09 1.282643e-06 4.265218e-04 3.739669e-19 7.351640e-09 9.312312e-16 1.643612e-12 6.613937e-11 2.300388e-12 2.013767e-01 2.513849e-15 1.735809e-14 1.109165e-15 1.871930e-09 4.859062e-16 8.906527e-14 1.072500e-15 8.327249e-17 1.805035e-09 1.070500e-15 7.887274e-01 7.930480e-12 2.221573e-07 4.522953e-21 6.293567e-19 1.142855e-24 1.125131e-21 4.374918e-13 5.158345e-14 1.062742e-11 2.003493e-08 3.321675e-07 7.457905e-18 1.600321e-20 1.145314e-18 2.892786e-14 1.592019e-09 5.677864e-07 7.047711e-13 1.783665e-09 2.225601e-10 9.227226e-14 4.777135e-13 6.230692e-20 1.689789e-16 2.252155e-23 2.045127e-13 1.268821e-15 3.433725e-25 7.678973e-11 9.756181e-27 2.956405e-21 2.054262e-24 2.199687e-09 1.286925e-28 2.857542e-27 1.645334e-25 0.000000e+00 1.006022e-09 1.071251e-12 8.836007e-19 3.423659e-18 1.105644e-09 3.472505e-13 1.876649e-11 1.029771e-15 3.015531e-12 4.042280e-18 7.095549e-17 2.985937e-15 1.184088e-12 4.793881e-13 7.656773e-18 1.301442e-17 2.970326e-15 2.949708e-20 6.203190e-36 1.953202e-16 4.079727e-14 1.120993e-35 0.000000e+00 9.551444e-159 1.067599e-20 9.361995e-03
3.824460e-05 1.732453e-08 5.740629e-05 3.817399e-05 1.687639e-09 3.972936e-08 3.894925e-14 1.442722e-19 2.768865e-15 3.293216e-10 1.201316e-05 6.457371e-25 4.146390e-10 2.072182e-19 1.691212e-20 4.330546e-09 2.150339e-13 1.389769e-09 1.695281e-06 4.283173e-04 4.829087e-19 1.173050e-08 2.002771e-15 1.328058e-12 6.364601e-11 1.539821e-12 2.013000e-01 2.793256e-15 1.326771e-14 7.196896e-16 3.683836e-09 4.788593e-16 1.969004e-13 2.604647e-15 2.465653e-16 1.896404e-09 7.650915e-16 7.888080e-01 5.662262e-12 2.107019e-07 5.186453e-21 4.719430e-19 0.000000e+00 9.037299e-22 1.585469e-13 4.892060e-14 1.069025e-11 1.438436e-08 2.961736e-07 8.205586e-18 4.941976e-21 1.181305e-18 2.928519e-14 1.507812e-09 5.032330e-07 6.242233e-13 1.216839e-09 1.913954e-10 2.665583e-13 3.877662e-13 1.569697e-19 8.706400e-17 1.987719e-24 3.926275e-13 4.045627e-16 3.133169e-25 6.501798e-11 3.928046e-27 1.443163e-21 6.041670e-25 2.167969e-09 2.261238e-31 2.801545e-27 2.532390e-25 0.000000e+00 2.555966e-09 1.286631e-12 1.061313e-18 5.919547e-19 1.134359e-09 3.844019e-13 1.767367e-11 5.482705e-16 3.321382e-12 1.421796e-18 4.707541e-17 6.254673e-15 1.259132e-12 5.313906e-13 8.083606e-18 1.391189e-17 3.299987e-15 3.196415e-20 6.240738e-37 5.259454e-16 8.118755e-14 2.759220e-35 0.000000e+00 8.936558e-161 4.104479e-20 9.353286e-03
3.320603e-05 2.238707e-08 6.388934e-05 3.723226e-05 5.146300e-09 8.035556e-08 8.261571e-14 3.042726e-19 4.925510e-15 3.158407e-10 9.191378e-06 2.118715e-24 4.466601e-10 5.564325e-19 3.662756e-20 3.657744e-09 1.116812e-13 1.109519e-09 2.237208e-06 4.299259e-04 5.347774e-19 1.680103e-08 3.716992e-15 8.901083e-13 5.448209e-11 8.000235e-13 2.012138e-01 3.096403e-15 8.859639e-15 3.883626e-16 6.470128e-09 3.634966e-16 4.266241e-13 5.231094e-15 6.120112e-16 1.892259e-09 4.751652e-16 7.888994e-01 3.918241e-12 1.965134e-07 4.412308e-21 2.969405e-19 1.017132e-24 6.767548e-22 5.819662e-14 3.804934e-14 9.977277e-12 9.825241e-09 2.571762e-07 8.464340e-18 1.759643e-21 1.212767e-18 2.939360e-14 1.300183e-09 3.467390e-07 4.717031e-13 7.714183e-10 1.602049e-10 6.623270e-13 2.902715e-13 3.716929e-19 5.449622e-17 0.000000e+00 7.295404e-13 2.191013e-16 2.207261e-25 5.281787e-11 1.168745e-27 9.648359e-22 2.155290e-25 2.139816e-09 2.564880e-34 2.740043e-27 3.407764e-25 0.000000e+00 5.622272e-09 1.508621e-12 1.220559e-18 1.279804e-19 1.157923e-09 4.229284e-13 1.666007e-11 3.219792e-16 3.615887e-12 5.593312e-19 3.194742e-17 1.127105e-14 1.172417e-12 5.870420e-13 8.415151e-18 1.490959e-17 3.655808e-15 3.395509e-20 3.910786e-38 1.286326e-15 1.407618e-13 5.675178e-35 0.000000e+00 8.382995e-163 1.367627e-19 9.343365e-03
2.883127e-05 2.842827e-08 7.096364e-05 3.537762e-05 1.417923e-08 1.458365e-07 1.492860e-13 5.433216e-19 7.514083e-15 2.775534e-10 6.537601e-06 5.322570e-24 4.226077e-10 1.176947e-18 6.142256e-20 2.683306e-09 5.562378e-14 7.779595e-10 2.890302e-06 4.311570e-04 5.270296e-19 2.074868e-08 5.839427e-15 5.010482e-13 4.221473e-11 3.644572e-13 2.011168e-01 3.387890e-15 5.217007e-15 1.891520e-16 1.007019e-08 2.238479e-16 8.725578e-13 8.710425e-15 1.262274e-15 1.747040e-09 2.755957e-16 7.890034e-01 2.609486e-12 1.800464e-07 2.943441e-21 1.687118e-19 8.360698e-25 4.645110e-22 2.632895e-14 2.620043e-14 8.433756e-12 6.266985e-09 2.161785e-07 7.437335e-18 1.431213e-21 1.260650e-18 2.938008e-14 1.007156e-09 2.125184e-07 3.011532e-13 4.519277e-10 1.305983e-10 1.408281e-12 1.990876e-13 8.096289e-19 4.017172e-17 0.000000e+00 1.259510e-12 1.611808e-16 1.370137e-25 4.076838e-11 3.067951e-28 8.010205e-22 8.656916e-26 2.114789e-09 1.975471e-37 2.672439e-27 4.055269e-25 0.000000e+00 1.029830e-08 1.777112e-12 1.372313e-18 3.612459e-20 1.175850e-09 4.585443e-13 1.573826e-11 2.085294e-16 3.856858e-12 2.396944e-19 2.214332e-17 1.556284e-14 8.946855e-13 6.430483e-13 8.625826e-18 1.575774e-17 4.003723e-15 3.525079e-20 1.635586e-39 2.869614e-15 2.117493e-13 9.898231e-35 0.000000e+00 7.880526e-165 4.127548e-19 9.332059e-03
2.503286e-05 3.545593e-08 7.850095e-05 3.233186e-05 3.490729e-08 2.459137e-07 2.304095e-13 8.409938e-19 9.718918e-15 2.184806e-10 4.262963e-06 8.333147e-24 3.350768e-10 1.898848e-18 7.697625e-20 1.653449e-09 2.573644e-14 4.764767e-10 3.676230e-06 4.317624e-04 4.565126e-19 2.193500e-08 7.714707e-15 2.339886e-13 2.926165e-11 1.565242e-13 2.010077e-01 3.580798e-15 2.700007e-15 8.339486e-17 1.399405e-08 1.134335e-16 1.665017e-12 1.203195e-14 2.143457e-15 1.455446e-09 1.533142e-16 7.891217e-01 1.660756e-12 1.619077e-07 1.585462e-21 8.913178e-20 6.352258e-25 2.864124e-22 1.728729e-14 1.634669e-14 6.329021e-12 3.714583e-09 1.748417e-07 4.909471e-18 2.014226e-21 1.355708e-18 2.931168e-14 6.923378e-10 1.307702e-07 1.588102e-13 2.434609e-10 1.037083e-10 2.541400e-12 1.238368e-13 1.624692e-18 3.179661e-17 1.219051e-24 2.026268e-12 1.264892e-16 7.755188e-26 2.960619e-11 7.426501e-29 7.175212e-22 3.488583e-26 2.092183e-09 1.101253e-40 2.598146e-27 4.248430e-25 1.422686e-26 1.572360e-08 2.129922e-12 1.509798e-18 1.276425e-20 1.187740e-09 4.854194e-13 1.492129e-11 1.437234e-16 4.009403e-12 1.000033e-19 1.519972e-17 1.549370e-14 5.344322e-13 6.929713e-13 8.695031e-18 1.619273e-17 4.279904e-15 3.584940e-20 4.822913e-41 5.891917e-15 2.744924e-13 1.448879e-34 0.000000e+00 7.420517e-167 1.165363e-18 9.319175e-03
2.173488e-05 4.276426e-08 8.630178e-05 2.801611e-05 7.804940e-08 3.992622e-07 3.044003e-13 1.132315e-18 1.062189e-14 1.494285e-10 2.517529e-06 6.422124e-24 2.129052e-10 2.265175e-18 7.001329e-20 8.217713e-10 1.046055e-14 2.542282e-10 4.737966e-06 4.314313e-04 3.345723e-19 2.008985e-08 8.553842e-15 8.883622e-14 1.774192e-11 6.305397e-14 2.008849e-01 3.555860e-15 1.194948e-15 3.212180e-17 1.764464e-08 4.729761e-17 2.979908e-12 1.377654e-14 2.979793e-15 1.072186e-09 8.065941e-17 7.892567e-01 1.004634e-12 1.429238e-07 6.796117e-22 4.328703e-20 4.085083e-25 1.554300e-22 1.472521e-14 9.040073e-15 4.161410e-12 2.056814e-09 1.352812e-07 2.157337e-18 2.933089e-21 1.528814e-18 2.921704e-14 4.176713e-10 8.455645e-08 6.791028e-14 1.205272e-10 8.022805e-11 3.862966e-12 6.908030e-14 3.030293e-18 2.461871e-17 0.000000e+00 3.118257e-12 9.365953e-17 4.073103e-26 2.004167e-11 1.626293e-29 6.125674e-22 1.272860e-26 2.071169e-09 3.596311e-41 2.516616e-27 3.861931e-25 2.644854e-25 2.059114e-08 2.596702e-12 1.601778e-18 5.072632e-21 1.193287e-09 5.001975e-13 1.422238e-11 1.002134e-16 4.073651e-12 3.601228e-20 1.010352e-17 1.089545e-14 2.385479e-13 7.293598e-13 8.613982e-18 1.628449e-17 4.436085e-15 3.596907e-20 1.032046e-42 1.127027e-14 3.055268e-13 1.738121e-34 0.000000e+00 6.996620e-169 3.148693e-18 9.304498e-03
1.887140e-05 4.900259e-08 9.409679e-05 2.266259e-05 1.618061e-07 6.431872e-07 3.448578e-13 1.321734e-18 9.870488e-15 8.649560e-11 1.333783e-06 2.243011e-24 1.043393e-10 1.946752e-18 4.527441e-20 3.174604e-10 3.534817e-15 1.185354e-10 6.418670e-06 4.297690e-04 1.997946e-19 1.620438e-08 7.966037e-15 2.697153e-14 9.224790e-12 2.381660e-14 2.007463e-01 3.243477e-15 4.382758e-16 1.037013e-17 2.039831e-08 1.612628e-17 5.084974e-12 1.302693e-14 3.389342e-15 6.888195e-10 3.916471e-17 7.894104e-01 5.756733e-13 1.239296e-07 2.232702e-22 1.892174e-20 2.149247e-25 7.283246e-23 1.318437e-14 4.327928e-15 2.380271e-12 1.066514e-09 9.963718e-08 5.789321e-19 3.970605e-21 1.792929e-18 2.910618e-14 2.192085e-10 5.830671e-08 2.351764e-14 5.491500e-11 6.042220e-11 4.925203e-12 3.422177e-14 5.310007e-18 1.751104e-17 1.373885e-26 4.729011e-12 6.099806e-17 2.055693e-26 1.254369e-11 3.194760e-30 4.617082e-22 3.909913e-27 2.050842e-09 3.848604e-44 2.427365e-27 3.029316e-25 1.337861e-28 2.375068e-08 3.199732e-12 1.611386e-18 2.057892e-21 1.192382e-09 5.049666e-13 1.365137e-11 6.745600e-17 4.081793e-12 1.019761e-20 6.550604e-18 5.342687e-15 7.580330e-14 7.492236e-13 8.387417e-18 1.630086e-17 4.487141e-15 3.587219e-20 1.607615e-44 2.033432e-14 2.913230e-13 1.658726e-34 0.000000e+00 6.603605e-171 8.274864e-18 9.287792e-03
1.638517e-05 5.229695e-08 1.015502e-04 1.680587e-05 3.168777e-07 1.057572e-06 3.346865e-13 1.343610e-18 7.924729e-15 4.135986e-11 6.297772e-07 4.010920e-25 3.812884e-11 1.178686e-18 2.048242e-20 9.187516e-11 9.429680e-16 4.860280e-11 9.320161e-06 4.262368e-04 9.409264e-20 1.172466e-08 6.245893e-15 6.469063e-15 4.061409e-12 8.576842e-15 2.005896e-01 2.691599e-15 1.302474e-16 2.679468e-18 2.164752e-08 4.449987e-18 8.487463e-12 1.002111e-14 3.163331e-15 3.822421e-10 1.712384e-17 7.895854e-01 3.118289e-13 1.054938e-07 5.296277e-23 7.238585e-21 9.020307e-26 2.895754e-23 1.118035e-14 1.767927e-15 1.180155e-12 5.132469e-10 6.956858e-08 9.052396e-20 5.001483e-21 2.127233e-18 2.898147e-14 9.953504e-11 4.328220e-08 6.605823e-15 2.301798e-11 4.404531e-11 5.263559e-12 1.494885e-14 8.840335e-18 1.101161e-17 5.112772e-24 7.293903e-12 3.312291e-17 1.079680e-26 7.207134e-12 5.847592e-31 2.948289e-22 9.718877e-28 2.030140e-09 8.105940e-41 2.329991e-27 2.066416e-25 6.890046e-25 2.440896e-08 3.922658e-12 1.504854e-18 8.772202e-22 1.185224e-09 5.045855e-13 1.321071e-11 4.186258e-17 4.066579e-12 2.094258e-21 4.258177e-18 1.807254e-15 1.635174e-14 7.563033e-13 8.030903e-18 1.638004e-17 4.484759e-15 3.570551e-20 1.781605e-46 3.499913e-14 2.372141e-13 1.222829e-34 0.000000e+00 6.239229e-173 2.137821e-17 9.268766e-03
1.422649e-05 5.052306e-08 1.082703e-04 1.115944e-05 5.942409e-07 1.835210e-06 2.740329e-13 1.176907e-18 5.610774e-15 1.586149e-11 2.639412e-07 4.882194e-26 1.000792e-11 4.891984e-19 6.298730e-21 1.891391e-11 1.868746e-16 1.761697e-11 1.431428e-05 4.200864e-04 3.392002e-20 7.768056e-09 4.129298e-15 1.232979e-15 1.512717e-12 2.950109e-15 2.004118e-01 2.035410e-15 3.086032e-17 5.219370e-19 2.082973e-08 9.896116e-19 1.433584e-11 5.998232e-15 2.419103e-15 1.809645e-10 6.548905e-18 7.897843e-01 1.593942e-13 8.784435e-08 8.195735e-24 2.335289e-21 2.937599e-26 9.612700e-24 8.563213e-15 6.113386e-16 5.059388e-13 2.233586e-10 4.589392e-08 8.132336e-21 5.914603e-21 2.474837e-18 2.884292e-14 3.899702e-11 3.525749e-08 1.486837e-15 8.832039e-12 3.062452e-11 4.699033e-12 5.732642e-15 1.414412e-17 5.911419e-18 0.000000e+00 1.188573e-11 1.406660e-17 6.158419e-27 3.775657e-12 1.002741e-31 1.540862e-22 1.752275e-28 2.007403e-09 1.997864e-41 2.224174e-27 1.247962e-25 2.089540e-25 2.211845e-08 4.661527e-12 1.265995e-18 5.440890e-22 1.172378e-09 5.024388e-13 1.289267e-11 2.253677e-17 4.043733e-12 2.812825e-22 2.852727e-18 4.152306e-16 2.261743e-15 7.568699e-13 7.568699e-18 1.652958e-17 4.465173e-15 3.551021e-20 1.329205e-48 5.798112e-14 1.639357e-13 6.506324e-35 0.000000e+00 5.901186e-175 5.497744e-17 9.247091e-03
1.235221e-05 4.220948e-08 1.138452e-04 6.443300e-06 1.072416e-06 3.521019e-06 1.789926e-13 8.196672e-19 3.538550e-15 4.672077e-12 9.802193e-08 6.342648e-27 1.799959e-12 1.338119e-19 1.225364e-21 2.522413e-12 2.523451e-17 5.658030e-12 2.239967e-05 4.104425e-04 9.158745e-21 4.773165e-09 2.297442e-15 1.974088e-16 4.886594e-13 9.355317e-16 2.002095e-01 1.411887e-15 5.750000e-18 7.042291e-20 1.757291e-08 1.854473e-19 2.554366e-11 2.494904e-15 1.485278e-15 7.110882e-11 2.105064e-18 7.900100e-01 7.670685e-14 7.101004e-08 7.016389e-25 6.065618e-22 7.267196e-27 2.632314e-24 5.612096e-15 1.778242e-16 1.867498e-13 8.362405e-11 2.853508e-08 4.314029e-22 6.530975e-21 2.751888e-18 2.869031e-14 1.318828e-11 3.300461e-08 2.612872e-16 3.078843e-12 1.970886e-11 3.436416e-12 1.926597e-15 2.204425e-17 2.566557e-18 1.559664e-27 2.152867e-11 4.234472e-18 3.398998e-27 1.790296e-12 1.373167e-32 6.212624e-23 2.369678e-29 1.978985e-09 3.206712e-45 2.109805e-27 6.796249e-26 2.459355e-29 1.696581e-08 5.229155e-12 9.189027e-19 5.940710e-22 1.154720e-09 4.997089e-13 1.267817e-11 9.560538e-18 4.017231e-12 2.101058e-23 2.002196e-18 6.282632e-17 1.843415e-16 7.551458e-13 7.033026e-18 1.671754e-17 4.440383e-15 3.529025e-20 6.029332e-51 9.293023e-14 9.531952e-14 2.072803e-35 0.000000e+00 5.583113e-177 1.428454e-16 9.222475e-03
1.072485e-05 2.868565e-08 1.179824e-04 3.162698e-06 1.857627e-06 7.953727e-06 8.130098e-14 3.955492e-19 1.956175e-15 9.986382e-13 3.228552e-08 7.214497e-28 2.131000e-13 2.333587e-20 1.328488e-22 1.849753e-13 2.114823e-18 1.610094e-12 3.424169e-05 3.967322e-04 1.858778e-21 2.558475e-09 1.081662e-15 2.897711e-17 1.459941e-13 2.646479e-16 1.999784e-01 9.047255e-16 8.640551e-19 5.846852e-21 1.221686e-08 3.559226e-20 5.002375e-11 5.646925e-16 6.942241e-16 2.200804e-11 5.430180e-19 7.902649e-01 3.460920e-14 5.507457e-08 0.000000e+00 1.169896e-22 0.000000e+00 5.918173e-25 2.902063e-15 4.295678e-17 5.879261e-14 2.458850e-11 1.669815e-08 1.457048e-23 6.787982e-21 2.892134e-18 2.852401e-14 3.864689e-12 3.790648e-08 3.529699e-17 9.708245e-13 1.101300e-11 1.962722e-12 5.680055e-16 3.434898e-17 8.624231e-19 2.754397e-24 4.611448e-11 8.084930e-19 1.503991e-27 7.604898e-13 1.153929e-33 1.809194e-23 9.010256e-30 1.934324e-09 1.355754e-41 1.987064e-27 3.378907e-26 3.248537e-25 1.022920e-08 5.479421e-12 5.383281e-19 7.993204e-22 1.133181e-09 4.965973e-13 1.253739e-11 2.817015e-18 3.987408e-12 7.127930e-25 1.479235e-18 6.037217e-18 7.945175e-18 7.527254e-13 6.461705e-18 1.690332e-17 4.412251e-15 3.504333e-20 1.411982e-53 1.446957e-13 4.646158e-14 2.911446e-36 0.000000e+00 5.283749e-179 3.752818e-16 9.194558e-03
9.311897e-06 1.665744e-08 1.207296e-04 1.367833e-06 3.028553e-06 2.023335e-05 2.252662e-14 1.114624e-19 9.147607e-16 1.633179e-13 9.461048e-09 3.678292e-29 1.918761e-14 3.009967e-21 1.262664e-23 7.981807e-15 1.300478e-19 4.056227e-13 4.952731e-05 3.793315e-04 3.155252e-22 9.240110e-10 4.632358e-16 4.221984e-18 4.251060e-14 6.507011e-17 1.997120e-01 5.401637e-16 1.164349e-19 3.311442e-22 7.093600e-09 9.353537e-21 1.055428e-10 5.960221e-17 2.341951e-16 5.199151e-12 1.202365e-19 7.905505e-01 1.455280e-14 4.053896e-08 0.000000e+00 1.769683e-23 0.000000e+00 1.106434e-25 1.194593e-15 9.081101e-18 1.560319e-14 5.691634e-12 9.194917e-09 3.524278e-25 6.598776e-21 2.859202e-18 2.834524e-14 9.892918e-13 5.247728e-08 4.404405e-18 2.773379e-13 5.068556e-12 8.527621e-13 1.474084e-16 5.593634e-17 2.664688e-19 0.000000e+00 1.092868e-10 1.101236e-19 4.114843e-28 2.854779e-13 4.738780e-35 4.634387e-24 0.000000e+00 1.849176e-09 0.000000e+00 1.856528e-27 1.577634e-26 0.000000e+00 4.800044e-09 5.437273e-12 2.656564e-19 1.020975e-21 1.108431e-09 4.930927e-13 1.243654e-11 6.284700e-19 3.954040e-12 1.360553e-26 1.152254e-18 3.889418e-19 1.942561e-19 7.499473e-13 5.893102e-18 1.704604e-17 4.380647e-15 3.476670e-20 1.513708e-56 2.190042e-13 1.909499e-14 1.550368e-37 0.000000e+00 4.996857e-181 9.940729e-16 9.163098e-03
8.085092e-06 1.069383e-08 1.224962e-04 5.932338e-07 4.765742e-06 4.565159e-05 4.714419e-15 2.361287e-20 3.576965e-16 2.629376e-14 2.481123e-09 1.129395e-30 2.010711e-15 4.415774e-22 7.222447e-24 4.743680e-16 1.013071e-20 9.070004e-14 6.722971e-05 3.593094e-04 5.686184e-23 2.131918e-10 1.833757e-16 6.704631e-19 1.182924e-14 1.409670e-17 1.994035e-01 3.020056e-16 1.675302e-20 2.082575e-23 4.396014e-09 3.344050e-21 2.205994e-10 6.571954e-18 5.898441e-17 9.892557e-13 2.957637e-20 7.908688e-01 5.684493e-15 2.840200e-08 0.000000e+00 3.627401e-24 0.000000e+00 1.736522e-26 5.087009e-16 1.940213e-18 3.493182e-15 1.386089e-12 4.769567e-09 6.508320e-27 6.245457e-21 2.722526e-18 2.815565e-14 2.231626e-13 6.680270e-08 7.238031e-19 7.170224e-14 2.026841e-12 3.028408e-13 3.387946e-17 9.494977e-17 1.379319e-19 0.000000e+00 2.201987e-10 2.084278e-20 7.606328e-29 9.407012e-14 1.291947e-36 2.221830e-24 0.000000e+00 1.714178e-09 0.000000e+00 1.719112e-27 6.652805e-27 0.000000e+00 1.978331e-09 5.181007e-12 1.406795e-19 1.208376e-21 1.080750e-09 4.891589e-13 1.235109e-11 1.748983e-19 3.916862e-12 4.379708e-28 9.435561e-19 1.955392e-20 3.639432e-21 7.468277e-13 5.352286e-18 1.711845e-17 4.345246e-15 3.445757e-20 8.391825e-60 3.230989e-13 6.749508e-15 9.485591e-39 0.000000e+00 4.727926e-183 2.585085e-15 9.127585e-03
7.019914e-06 8.222445e-09 1.235478e-04 3.062295e-07 7.521769e-06 8.499548e-05 9.445168e-16 4.427759e-21 1.174347e-16 4.519329e-15 5.866214e-10 2.899252e-32 2.794893e-16 8.400468e-23 9.197504e-24 5.494844e-17 1.080717e-21 1.812282e-14 8.655415e-05 3.374925e-04 1.145418e-23 4.140266e-11 6.950279e-17 1.200264e-19 3.073592e-15 2.648186e-18 1.990488e-01 1.596864e-16 2.562356e-21 1.712552e-24 3.275339e-09 1.449255e-21 4.454984e-10 3.992341e-18 1.187924e-17 1.612421e-13 9.180983e-21 7.912227e-01 2.066580e-15 1.935843e-08 8.336557e-28 1.594038e-24 2.743508e-29 2.293395e-27 2.561487e-16 4.268570e-19 6.669157e-16 4.238155e-13 2.335875e-09 9.323354e-29 5.651781e-21 2.490156e-18 2.795766e-14 4.472506e-14 7.096390e-08 1.682634e-19 1.679185e-14 7.749038e-13 9.567219e-14 6.948403e-18 1.579677e-16 1.225297e-19 0.000000e+00 3.529751e-10 8.323498e-21 1.014527e-29 2.749972e-14 2.759304e-38 2.140791e-24 0.000000e+00 1.555399e-09 0.000000e+00 1.576196e-27 2.302122e-27 0.000000e+00 8.057931e-10 4.748376e-12 8.857094e-20 1.357898e-21 1.050203e-09 4.847614e-13 1.227021e-11 7.002233e-20 3.875649e-12 3.285105e-29 8.100083e-19 1.207026e-21 6.423557e-23 7.433402e-13 4.854554e-18 1.710382e-17 4.305742e-15 3.411339e-20 4.433284e-63 4.634036e-13 2.089859e-15 3.502458e-39 0.000000e+00 4.467437e-185 6.547065e-15 9.087971e-03
6.095068e-06 6.702630e-09 1.239395e-04 2.013897e-07 1.178849e-05 1.467438e-04 1.776296e-16 7.749832e-22 3.250421e-17 7.488024e-16 1.263641e-10 6.592256e-34 4.053722e-17 1.636537e-23 1.248904e-23 7.546238e-18 1.256428e-22 3.271730e-15 1.070357e-04 3.143711e-04 2.280289e-24 7.333016e-12 3.839986e-17 2.187867e-20 7.436444e-16 4.457643e-19 1.986394e-01 8.308606e-17 3.812127e-22 1.473238e-25 2.603481e-09 7.298000e-22 8.929485e-10 5.971321e-18 2.005693e-18 2.382234e-14 3.862849e-21 7.916128e-01 7.034251e-16 1.327507e-08 2.359414e-30 1.025376e-24 1.805332e-31 2.891863e-28 1.389242e-16 9.136164e-20 1.108356e-16 1.454050e-13 1.084387e-09 1.052978e-30 5.087422e-21 2.247232e-18 2.775418e-14 8.045992e-15 7.043827e-08 4.729229e-20 3.588467e-15 2.946350e-13 2.897849e-14 1.285863e-18 2.566619e-16 1.287147e-19 8.377557e-25 5.063142e-10 4.585100e-21 1.155567e-30 7.189723e-15 4.861704e-40 2.610817e-24 1.248378e-30 1.374282e-09 1.559148e-42 1.429514e-27 6.605604e-28 1.506875e-25 3.386541e-10 4.177994e-12 5.763151e-20 1.460106e-21 1.016779e-09 4.798655e-13 1.218922e-11 3.203623e-20 3.830188e-12 3.073558e-30 7.232278e-19 4.879649e-22 1.116270e-24 7.394525e-13 4.418993e-18 1.698221e-17 4.261829e-15 3.373162e-20 9.105322e-64 6.488946e-13 5.787346e-16 3.354834e-39 0.000000e+00 4.225073e-187 1.548782e-14 9.043580e-03
5.292068e-06 5.446263e-09 1.236107e-04 1.515136e-07 1.789622e-05 2.494030e-04 3.022919e-17 1.107890e-22 7.565939e-18 1.136807e-16 2.506071e-11 1.121194e-35 5.533163e-18 2.939718e-24 1.558704e-23 9.909462e-19 1.421348e-23 5.396356e-16 1.282820e-04 2.903637e-04 4.227431e-25 1.201161e-12 3.948293e-17 3.826220e-21 1.681065e-16 6.614948e-20 1.981606e-01 4.793737e-17 5.240712e-23 1.221817e-26 2.042005e-09 4.205765e-22 2.026181e-09 1.069323e-17 3.160083e-19 3.614654e-15 2.751823e-21 7.920351e-01 2.256997e-16 9.425190e-09 1.826767e-30 6.297216e-25 1.922099e-31 3.758425e-28 7.686954e-17 2.160928e-20 1.646512e-17 5.328538e-14 4.794165e-10 9.889781e-33 4.359616e-21 1.946187e-18 2.754889e-14 1.317459e-15 7.234271e-08 1.491475e-20 7.059530e-16 1.144896e-13 9.910337e-15 2.204229e-19 4.052556e-16 1.301931e-19 0.000000e+00 6.774374e-10 2.544143e-21 8.650007e-32 1.697307e-15 5.255510e-42 3.525724e-24 0.000000e+00 1.173806e-09 0.000000e+00 1.281172e-27 1.599170e-28 0.000000e+00 1.460219e-10 3.521806e-12 3.679645e-20 1.406357e-21 9.804887e-10 4.744377e-13 1.210525e-11 1.466315e-20 3.780294e-12 2.650929e-31 6.666003e-19 4.910520e-22 1.848783e-26 7.351295e-13 4.066387e-18 1.673275e-17 4.213212e-15 3.330986e-20 3.449462e-64 8.845590e-13 1.450833e-16 3.412499e-39 0.000000e+00 3.989695e-189 3.401323e-14 8.994505e-03
4.594859e-06 4.230808e-09 1.225946e-04 1.138765e-07 2.597279e-05 4.342316e-04 4.488438e-18 1.382357e-23 1.486237e-18 1.546312e-17 4.635624e-12 1.511433e-37 6.835784e-19 4.700579e-25 1.843535e-23 1.165639e-19 1.517337e-24 8.244371e-17 1.499287e-04 2.658606e-04 7.103898e-26 1.760296e-13 5.282546e-17 6.173688e-22 3.579848e-17 9.076710e-21 1.975840e-01 3.671546e-17 6.627719e-24 9.795227e-28 1.495211e-09 2.753756e-22 7.748202e-09 3.011017e-17 6.324101e-20 7.791476e-16 4.459312e-21 7.924774e-01 6.888577e-17 6.990189e-09 1.563059e-29 3.613981e-25 1.639809e-30 4.092730e-27 4.146326e-17 8.368212e-21 2.421304e-18 2.009799e-14 2.031907e-10 8.396929e-35 3.733236e-21 1.677176e-18 2.734441e-14 1.994934e-16 7.954850e-08 5.019770e-21 1.293685e-16 4.516846e-14 6.731283e-15 4.166073e-20 6.213191e-16 1.180756e-19 7.861588e-26 8.609350e-10 1.239708e-21 3.300378e-33 3.616820e-16 2.573921e-44 7.022968e-24 8.605479e-32 9.596246e-10 9.489172e-44 1.133486e-27 3.318539e-29 1.404712e-26 6.045501e-11 2.836812e-12 2.150266e-20 1.200325e-21 9.413792e-10 4.684431e-13 1.201597e-11 6.263629e-21 3.725750e-12 1.793880e-32 6.281510e-19 4.741552e-22 2.763934e-28 7.303297e-13 3.810596e-18 1.634208e-17 4.159582e-15 3.284566e-20 1.150219e-64 1.180948e-12 3.353010e-17 5.218721e-39 0.000000e+00 3.773080e-191 6.702440e-14 8.939741e-03
3.989505e-06 3.210482e-09 1.209948e-04 8.132184e-08 3.592757e-05 7.596513e-04 5.964926e-19 1.577254e-24 2.515376e-19 1.943532e-18 8.083404e-13 1.729865e-39 8.822045e-20 7.707865e-26 2.024447e-23 1.262748e-20 1.553621e-25 1.179740e-17 1.716836e-04 2.411750e-04 1.130276e-26 2.380247e-14 7.109624e-17 9.339358e-23 7.229384e-18 1.160941e-21 1.968702e-01 3.893458e-17 9.940237e-25 1.042040e-28 1.038157e-09 2.007395e-22 4.827996e-08 1.307693e-16 2.138736e-20 3.096987e-16 1.345009e-20 7.929214e-01 2.015430e-17 5.383028e-09 1.556575e-28 2.004516e-25 1.595167e-29 5.318696e-26 2.204231e-17 5.040797e-21 7.102478e-19 8.260807e-15 8.307691e-11 1.461726e-36 3.166027e-21 1.434540e-18 2.714201e-14 2.833402e-17 9.244179e-08 1.862752e-21 2.231245e-17 1.823900e-14 1.349782e-14 1.081812e-20 9.043656e-16 9.478869e-20 2.248023e-26 1.019728e-09 5.356781e-22 6.760571e-35 6.961920e-17 4.628747e-44 2.008008e-23 2.105739e-32 7.690947e-10 1.096491e-44 9.886325e-28 5.909943e-30 2.178236e-27 2.349351e-11 2.183090e-12 1.207889e-20 9.012055e-22 8.994724e-10 4.618344e-13 1.191921e-11 2.595046e-21 3.666213e-12 9.925770e-34 6.006850e-19 3.127454e-22 3.987594e-30 7.249974e-13 3.653911e-18 1.580776e-17 4.100521e-15 3.233565e-20 3.107053e-65 1.545241e-12 7.223419e-18 1.176080e-38 0.000000e+00 3.571423e-193 1.193890e-13 8.878739e-03
3.463904e-06 2.433758e-09 1.189877e-04 5.534398e-08 4.758351e-05 1.306342e-03 8.554290e-20 7.318156e-25 3.809014e-20 2.338413e-19 1.343271e-13 9.053705e-41 2.216664e-20 2.428878e-26 2.100862e-23 1.277357e-21 1.558315e-26 1.599119e-18 1.933416e-04 2.165307e-04 1.870273e-27 3.063904e-15 9.135625e-17 1.399817e-23 1.395337e-18 1.418410e-22 1.959660e-01 4.892692e-17 5.853979e-25 1.113516e-25 7.002860e-10 1.590324e-22 2.958288e-07 5.426082e-16 9.957627e-21 1.774503e-16 4.127664e-20 7.933403e-01 5.711284e-18 4.216003e-09 1.722526e-27 1.224858e-25 1.654861e-28 7.466274e-25 1.163782e-17 3.078217e-21 8.301661e-19 3.878343e-15 3.311673e-11 3.354439e-37 2.705465e-21 1.234214e-18 2.694136e-14 3.824340e-18 1.098116e-07 7.881694e-22 3.666974e-18 7.559197e-15 3.582086e-14 2.274584e-20 1.242176e-15 6.918085e-20 0.000000e+00 1.126657e-09 2.157001e-22 3.514828e-36 1.212713e-17 4.657575e-40 5.220784e-23 0.000000e+00 6.293120e-10 1.541882e-45 8.488203e-28 9.281220e-31 4.286095e-28 8.653238e-12 1.614863e-12 6.904782e-21 6.170459e-22 8.548308e-10 4.545603e-13 1.181307e-11 1.094640e-21 3.601285e-12 4.835673e-35 5.796638e-19 1.109623e-22 9.483651e-32 7.190674e-13 3.588550e-18 1.513776e-17 4.035573e-15 3.177622e-20 7.837950e-66 1.987861e-12 1.468556e-18 2.580468e-38 0.000000e+00 3.386450e-195 1.940004e-13 8.810476e-03
3.007548e-06 1.872735e-09 1.167375e-04 3.657311e-08 6.080030e-05 2.174407e-03 9.592107e-20 4.512193e-24 5.376015e-21 2.767865e-20 2.147842e-14 4.955115e-40 1.560937e-20 2.104692e-26 2.071783e-23 1.329213e-22 1.549985e-27 2.073747e-19 2.148016e-04 1.920450e-04 4.011859e-28 3.868855e-16 1.121424e-16 1.934740e-24 2.593069e-19 1.671475e-23 1.948062e-01 6.333517e-17 2.423210e-25 7.272962e-30 4.692876e-10 1.339097e-22 1.463308e-06 1.807910e-15 6.018762e-21 1.151130e-16 1.054633e-19 7.936994e-01 1.606651e-18 3.367800e-09 4.181970e-25 1.011696e-25 4.122211e-26 1.099763e-23 6.324290e-18 1.725987e-21 1.319982e-18 2.137958e-15 1.324231e-11 1.466481e-37 2.337946e-21 1.073493e-18 2.674080e-14 4.958734e-19 1.300930e-07 3.876225e-22 5.835964e-19 3.258994e-15 8.674346e-14 0.000000e+00 1.622879e-15 4.767916e-20 0.000000e+00 1.178800e-09 8.595776e-23 3.157821e-36 1.920113e-18 6.570619e-36 1.068659e-22 0.000000e+00 5.427152e-10 0.000000e+00 7.161290e-28 1.339394e-31 0.000000e+00 3.102539e-12 1.165049e-12 4.209358e-21 4.010039e-22 8.075391e-10 4.465619e-13 1.169574e-11 4.854760e-22 3.530488e-12 2.244160e-36 5.623364e-19 3.180822e-23 5.021947e-32 7.124625e-13 3.599723e-18 1.434703e-17 3.964216e-15 3.116323e-20 1.981186e-66 2.518721e-12 2.846485e-19 4.750502e-38 0.000000e+00 3.216334e-197 2.921191e-13 8.733940e-03
2.611316e-06 1.472080e-09 1.143672e-04 2.386993e-08 7.551913e-05 3.483456e-03 5.287828e-19 3.025966e-23 7.649796e-22 3.291016e-21 3.334721e-15 1.474998e-38 1.459762e-20 2.384324e-26 1.931797e-23 1.488667e-23 1.533890e-28 2.596944e-20 2.359827e-04 1.678166e-04 1.467797e-28 4.971472e-17 1.325850e-16 2.742444e-25 4.674685e-20 1.896799e-24 1.933146e-01 7.955130e-17 2.719181e-25 3.088475e-30 3.166552e-10 1.177697e-22 5.784210e-06 4.856214e-15 1.543615e-20 7.926472e-17 2.233412e-19 7.939540e-01 4.974375e-19 2.754590e-09 2.081074e-25 7.704792e-26 2.003152e-26 1.660081e-22 3.700572e-18 9.718325e-22 1.953110e-18 1.347731e-15 5.865147e-12 6.900062e-38 2.028199e-21 9.379109e-19 2.653784e-14 6.237427e-20 1.520496e-07 2.162501e-22 9.262746e-20 1.480400e-15 1.853433e-13 1.436031e-20 2.043411e-15 3.199805e-20 0.000000e+00 1.189568e-09 3.548736e-23 4.525814e-36 2.789822e-19 1.257179e-31 1.767322e-22 2.774830e-30 4.952263e-10 6.614975e-49 5.925700e-28 1.932040e-32 0.000000e+00 1.115484e-12 8.376478e-13 2.773657e-21 2.543442e-22 7.577631e-10 4.377812e-13 1.156554e-11 2.286677e-22 3.453354e-12 1.055066e-37 5.470189e-19 1.015209e-23 2.381281e-31 7.050998e-13 3.668907e-18 1.345516e-17 3.885937e-15 3.049271e-20 4.978525e-67 3.145211e-12 5.309002e-20 7.286786e-38 0.000000e+00 3.057492e-199 4.136984e-13 8.648219e-03
2.267286e-06 1.177631e-09 1.119739e-04 1.558455e-08 9.178744e-05 5.379767e-03 2.707774e-18 1.766058e-22 2.261105e-22 4.119015e-22 5.071372e-16 3.539824e-37 1.366289e-20 2.652034e-26 1.734916e-23 2.553839e-24 1.523486e-29 3.168539e-21 2.567941e-04 1.439543e-04 8.484293e-29 7.141858e-18 1.523666e-16 3.894661e-26 8.236616e-21 4.715431e-26 1.913992e-01 9.565491e-17 2.970121e-25 1.455593e-30 2.160249e-10 1.068050e-22 1.882814e-05 1.088650e-14 1.330944e-19 5.793810e-17 4.033315e-19 7.940456e-01 2.295300e-19 2.310891e-09 0.000000e+00 5.905753e-26 0.000000e+00 0.000000e+00 2.470814e-18 6.116716e-22 2.671412e-18 9.294705e-16 3.636685e-12 3.606086e-38 1.786322e-21 8.314433e-19 2.632908e-14 7.675136e-21 1.736253e-07 1.310939e-22 1.562607e-20 7.079270e-16 3.554499e-13 0.000000e+00 2.512490e-15 2.136462e-20 5.101898e-27 1.175923e-09 1.547183e-23 1.110574e-35 3.749211e-20 3.139832e-27 2.481177e-22 3.457492e-26 4.692388e-10 1.871102e-46 4.799026e-28 5.776822e-33 1.506906e-28 4.087196e-13 6.132527e-13 1.924536e-21 1.616546e-22 7.057431e-10 4.281597e-13 1.142073e-11 1.141160e-22 3.369411e-12 5.338860e-39 5.326114e-19 3.799845e-24 1.081437e-30 6.968869e-13 3.775926e-18 1.248411e-17 3.800214e-15 2.976071e-20 1.385362e-67 3.879305e-12 9.625238e-21 9.878992e-38 0.000000e+00 2.909739e-201 5.571322e-13 8.551956e-03
1.968580e-06 9.514458e-10 1.096253e-04 1.027639e-08 1.097688e-04 8.034641e-03 1.179754e-17 9.320639e-22 3.870760e-22 6.822065e-23 7.611454e-17 6.441377e-36 1.259376e-20 2.854129e-26 1.548337e-23 9.388234e-25 1.542395e-30 3.795141e-22 2.770790e-04 1.206304e-04 6.057052e-29 1.625509e-18 1.716110e-16 5.572548e-27 1.427604e-21 0.000000e+00 1.889530e-01 1.104185e-16 3.221171e-25 7.326287e-31 1.491302e-10 9.893562e-23 5.222315e-05 2.110380e-14 1.001724e-18 4.639948e-17 6.403048e-19 7.938995e-01 1.893336e-19 1.992785e-09 4.680969e-27 5.150956e-26 3.517375e-28 0.000000e+00 1.980998e-18 4.370283e-22 3.475337e-18 6.803987e-16 3.605861e-12 2.276393e-38 1.629921e-21 7.610933e-19 2.611032e-14 9.294740e-22 1.916793e-07 8.408028e-23 3.158684e-21 3.529494e-16 6.241373e-13 0.000000e+00 3.047804e-15 1.440405e-20 9.027188e-27 1.150880e-09 7.137930e-24 0.000000e+00 4.637361e-21 0.000000e+00 3.094611e-22 0.000000e+00 4.512085e-10 3.194622e-49 3.794125e-28 1.003120e-32 1.026521e-31 1.529362e-13 4.629235e-13 1.354851e-21 1.054036e-22 6.526101e-10 4.176291e-13 1.125940e-11 6.004649e-23 3.278116e-12 3.660499e-40 5.183917e-19 1.638845e-24 4.177602e-30 6.877144e-13 3.900520e-18 1.145583e-17 3.706444e-15 2.896265e-20 5.002817e-68 4.739428e-12 1.712809e-21 1.279735e-37 0.000000e+00 2.773532e-203 6.715533e-13 8.443345e-03
1.709227e-06 7.758691e-10 1.073308e-04 6.867430e-09 1.296752e-04 1.162494e-02 4.388154e-17 4.261499e-21 9.512233e-22 2.597646e-23 1.134467e-17 8.375175e-35 1.129213e-20 2.930673e-26 1.351460e-23 5.253334e-25 1.607661e-31 4.490251e-23 2.965165e-04 9.818657e-05 4.663074e-29 8.712039e-19 1.901197e-16 8.083495e-28 2.447094e-22 0.000000e+00 1.858672e-01 1.224998e-16 3.367285e-25 3.894797e-31 1.044786e-10 9.294256e-23 1.271478e-04 3.657304e-14 5.726746e-18 4.316552e-17 9.202267e-19 7.934274e-01 2.043009e-19 1.758283e-09 0.000000e+00 3.436000e-26 0.000000e+00 0.000000e+00 1.888680e-18 3.258969e-22 4.295914e-18 5.162238e-16 4.604745e-12 1.549867e-38 1.507176e-21 7.063473e-19 2.587749e-14 1.113835e-22 2.056890e-07 5.600747e-23 8.676665e-22 1.828493e-16 1.018537e-12 0.000000e+00 3.662831e-15 9.850008e-21 1.966925e-24 1.120130e-09 3.502395e-24 1.920980e-35 5.477792e-22 3.075916e-31 3.540651e-22 0.000000e+00 4.351070e-10 2.232766e-43 2.920142e-28 2.507753e-32 3.445942e-25 5.903413e-14 3.603017e-13 9.640030e-22 7.018650e-23 5.998376e-10 4.061282e-13 1.107963e-11 3.309062e-23 3.179005e-12 6.004890e-41 5.039148e-19 7.919584e-25 1.356984e-29 6.774703e-13 4.023229e-18 1.039273e-17 3.604083e-15 2.809457e-20 2.030579e-68 5.730222e-12 3.010719e-22 1.552884e-37 0.000000e+00 2.642715e-205 6.849675e-13 8.321402e-03
1.484044e-06 6.354256e-10 1.051008e-04 4.661929e-09 1.517993e-04 1.634326e-02 1.404804e-16 1.713200e-20 2.130385e-21 2.149387e-23 1.690484e-18 7.925496e-34 9.976782e-21 2.908033e-26 1.169365e-23 3.268203e-25 1.837482e-32 5.283416e-24 3.145940e-04 7.715654e-05 3.782362e-29 8.028358e-19 2.079253e-16 1.204288e-28 4.173069e-23 5.730107e-26 1.820268e-01 1.314667e-16 3.440415e-25 2.157106e-31 7.422758e-11 8.809020e-23 2.781982e-04 5.800812e-14 2.542913e-17 5.257849e-17 1.221989e-18 7.925182e-01 2.249953e-19 1.585357e-09 3.057648e-25 4.597964e-26 2.762741e-26 4.620906e-22 2.007717e-18 2.455780e-22 5.090487e-18 4.017819e-16 6.142909e-12 1.156294e-38 1.416687e-21 6.654587e-19 2.562630e-14 1.328649e-23 2.141012e-07 3.791995e-23 3.195531e-22 9.772667e-17 1.558042e-12 0.000000e+00 4.379153e-15 6.856173e-21 0.000000e+00 1.087608e-09 1.813944e-24 3.536154e-35 7.341856e-23 1.704547e-26 3.805606e-22 7.922700e-26 4.168088e-10 9.789889e-50 2.181715e-28 5.736141e-32 3.875748e-32 2.354949e-14 2.863752e-13 6.831062e-22 4.796684e-23 5.474686e-10 3.936121e-13 1.087961e-11 1.900948e-23 3.071770e-12 2.218184e-41 4.888732e-19 4.191391e-25 3.768392e-29 6.660457e-13 4.125989e-18 9.317885e-18 3.492732e-15 2.715387e-20 9.503454e-69 6.867818e-12 5.272608e-23 1.813639e-37 0.000000e+00 2.515712e-207 6.117100e-13 8.184659e-03
1.288527e-06 5.202170e-10 1.029310e-04 3.217331e-09 1.765093e-04 2.239503e-02 3.909402e-16 6.173803e-20 4.259745e-21 2.339663e-23 2.533401e-19 5.644153e-33 8.780594e-21 2.821958e-26 1.016682e-23 2.105510e-25 2.773383e-33 6.219142e-25 3.306983e-04 5.816341e-05 3.242567e-29 8.884442e-19 2.251204e-16 1.928192e-29 7.116965e-24 3.597477e-25 1.773122e-01 1.374746e-16 3.491918e-25 1.229871e-31 5.338484e-11 8.390902e-23 5.575556e-04 8.575319e-14 9.052005e-17 8.659560e-17 1.523144e-18 7.910352e-01 2.373253e-19 1.459244e-09 0.000000e+00 1.034604e-26 0.000000e+00 1.681508e-23 2.227868e-18 1.919608e-22 5.814072e-18 3.192307e-16 7.971051e-12 1.015005e-38 1.359008e-21 6.393953e-19 2.535207e-14 1.586212e-24 2.157850e-07 2.551673e-23 1.390690e-22 5.346435e-17 2.242488e-12 0.000000e+00 5.223913e-15 4.863462e-21 0.000000e+00 1.055115e-09 9.812938e-25 5.346335e-35 1.084840e-23 1.461908e-31 3.908811e-22 8.898609e-26 3.944334e-10 0.000000e+00 1.577351e-28 1.176666e-31 0.000000e+00 9.668110e-15 2.295701e-13 4.769277e-22 3.374644e-23 4.945998e-10 3.800442e-13 1.065748e-11 1.135817e-23 2.956188e-12 1.111984e-41 4.730443e-19 2.384057e-25 9.106861e-29 6.533273e-13 4.193159e-18 8.253040e-18 3.372068e-15 2.613868e-20 5.278090e-69 8.184151e-12 9.274157e-24 2.089469e-37 0.000000e+00 2.390955e-209 5.343308e-13 8.031549e-03
1.118769e-06 4.247739e-10 1.007975e-04 2.254668e-09 2.042244e-04 2.998619e-02 9.560089e-16 1.994007e-19 7.653673e-21 2.757289e-23 3.838360e-20 3.087423e-32 7.720060e-21 2.689958e-26 8.887788e-24 1.386591e-25 7.105046e-34 7.360302e-26 3.442220e-04 4.180438e-05 2.927448e-29 1.030292e-18 2.417141e-16 3.935516e-30 1.219288e-24 4.509767e-25 1.716082e-01 1.407299e-16 2.472203e-25 7.165292e-32 3.880902e-11 8.009136e-23 1.039261e-03 1.199156e-13 2.663516e-16 1.676584e-16 1.805059e-18 7.888143e-01 2.386482e-19 1.367217e-09 0.000000e+00 0.000000e+00 0.000000e+00 1.351234e-24 2.481970e-18 1.609963e-22 6.378288e-18 2.576877e-16 9.913776e-12 1.209511e-38 1.322882e-21 6.228035e-19 2.504994e-14 1.907715e-25 2.109476e-07 1.907236e-23 6.497399e-23 2.977512e-17 3.040576e-12 1.044381e-19 6.227328e-15 3.511187e-21 4.687836e-25 1.022692e-09 5.503614e-25 8.780140e-35 4.646514e-24 2.206136e-36 3.880352e-22 0.000000e+00 3.679905e-10 3.289425e-44 1.099865e-28 2.178238e-31 1.156624e-25 4.073802e-15 1.837356e-13 3.276785e-22 2.435301e-23 4.418545e-10 3.654047e-13 1.041151e-11 7.061312e-24 2.832197e-12 6.226099e-42 4.562734e-19 1.434864e-25 1.937619e-28 6.392054e-13 4.212284e-18 7.218263e-18 3.241917e-15 2.504848e-20 3.340549e-69 9.745406e-12 1.649765e-24 2.375107e-37 0.000000e+00 2.265669e-211 4.552419e-13 7.860799e-03
9.713753e-07 3.449997e-10 9.867563e-05 1.601958e-09 2.354308e-04 3.931074e-02 2.078763e-15 5.841214e-19 1.248294e-20 3.285163e-23 5.914281e-21 1.345882e-31 6.816801e-21 2.534372e-26 7.853660e-24 9.356084e-26 2.908738e-34 8.796986e-27 3.546984e-04 2.850600e-05 2.762711e-29 1.179836e-18 2.578929e-16 1.404197e-30 2.106848e-25 1.406937e-25 1.648137e-01 1.414917e-16 3.775848e-25 4.236457e-32 2.846417e-11 7.643516e-23 1.823346e-03 1.604309e-13 6.659640e-16 3.302461e-16 2.053813e-18 7.856635e-01 2.301658e-19 1.300817e-09 7.806135e-27 2.081139e-26 2.814895e-28 1.115412e-25 2.728964e-18 1.470980e-22 6.717559e-18 2.106992e-16 1.180884e-11 2.216148e-38 1.306159e-21 6.145297e-19 2.471496e-14 2.343718e-26 1.999216e-07 1.261002e-23 3.118861e-23 1.678132e-17 3.890512e-12 0.000000e+00 7.430265e-15 2.577399e-21 0.000000e+00 9.901079e-10 3.181787e-25 1.416004e-34 3.452542e-24 3.027078e-41 3.756793e-22 1.119729e-27 3.378740e-10 0.000000e+00 7.370659e-29 3.677053e-31 0.000000e+00 1.754971e-15 1.458198e-13 2.208549e-22 1.800810e-23 3.899271e-10 3.496977e-13 1.014017e-11 4.592483e-24 2.699947e-12 3.629264e-42 4.384594e-19 9.029202e-26 3.680201e-28 6.235808e-13 4.174729e-18 6.231409e-18 3.102316e-15 2.388464e-20 2.400594e-69 1.170861e-11 2.991600e-25 2.689067e-37 0.000000e+00 2.138072e-213 3.774093e-13 7.671131e-03
8.434005e-07 2.786940e-10 9.653135e-05 1.150516e-09 2.706364e-04 5.051699e-02 4.066400e-15 1.532890e-18 1.864590e-20 3.818000e-23 9.384834e-22 4.724220e-31 6.018027e-21 2.356505e-26 6.949697e-24 6.423851e-26 1.463716e-34 1.065521e-27 3.619079e-04 1.841405e-05 2.667699e-29 1.303825e-18 2.737821e-16 8.447174e-31 3.684149e-26 1.425568e-25 1.568641e-01 1.397617e-16 4.870489e-25 2.536118e-32 2.104007e-11 7.281028e-23 3.039395e-03 2.073402e-13 1.449579e-15 6.159785e-16 2.262777e-18 7.813699e-01 2.147249e-19 1.250501e-09 1.240286e-24 5.525402e-26 1.117286e-25 9.488408e-27 2.946984e-18 1.425094e-22 6.753676e-18 1.734978e-16 1.348110e-11 5.021178e-38 1.292785e-21 6.076730e-19 2.434239e-14 3.082105e-27 1.842972e-07 9.497283e-24 1.513577e-23 9.536579e-18 4.719996e-12 1.656848e-21 8.879212e-15 1.918668e-21 0.000000e+00 9.563910e-10 1.891480e-25 2.161205e-34 2.855606e-24 3.853847e-46 3.566964e-22 1.018006e-31 3.053685e-10 0.000000e+00 4.730413e-29 5.709710e-31 0.000000e+00 7.741725e-16 1.143014e-13 1.468414e-22 1.354432e-23 3.395631e-10 3.329605e-13 9.842375e-12 3.144698e-24 2.559874e-12 2.131470e-42 4.195557e-19 5.881590e-26 6.275993e-28 6.063788e-13 4.076182e-18 5.307676e-18 2.953596e-15 2.265104e-20 1.802859e-69 1.436283e-11 5.607632e-26 2.980790e-37 0.000000e+00 2.005486e-215 3.041753e-13 7.461932e-03
7.322859e-07 2.241244e-10 9.433774e-05 8.324981e-10 3.103630e-04 6.367075e-02 7.240188e-15 3.537591e-18 2.573948e-20 4.267808e-23 1.614879e-22 1.337588e-30 5.300211e-21 2.159531e-26 6.075023e-24 4.444009e-26 7.892511e-35 1.311467e-28 3.659396e-04 1.133551e-05 2.578462e-29 1.387261e-18 2.895659e-16 6.116500e-31 6.541450e-27 0.000000e+00 1.477555e-01 1.356287e-16 3.367494e-25 1.537135e-32 1.566341e-11 6.913976e-23 4.847768e-03 2.608817e-13 2.804788e-15 1.062530e-15 2.431036e-18 7.757106e-01 1.952277e-19 1.207437e-09 0.000000e+00 7.372776e-27 0.000000e+00 8.363831e-28 3.127061e-18 1.426330e-22 6.459221e-18 1.429069e-16 1.475165e-11 1.283920e-37 1.264045e-21 5.947680e-19 2.392812e-14 5.068052e-28 1.659324e-07 6.802296e-24 7.380526e-24 5.449120e-18 5.474527e-12 1.828491e-22 1.063143e-14 1.444565e-21 1.337892e-25 9.206430e-10 1.159061e-25 2.985370e-34 2.408674e-24 1.334978e-50 3.333883e-22 1.790713e-32 2.718412e-10 3.285537e-45 2.898022e-29 8.229344e-31 2.196363e-26 3.514668e-16 8.827965e-14 9.708476e-23 1.027197e-23 2.915351e-10 3.152760e-13 9.517805e-12 2.274159e-24 2.412798e-12 1.249256e-42 3.995750e-19 3.934828e-26 9.676020e-28 5.875670e-13 3.916876e-18 4.459403e-18 2.796496e-15 2.135491e-20 1.277749e-69 1.815473e-11 1.145705e-26 3.155331e-37 0.000000e+00 1.865887e-217 2.383499e-13 7.233253e-03
6.358102e-07 1.787615e-10 9.211029e-05 6.066483e-10 3.552661e-04 7.874025e-02 1.188614e-14 7.473378e-18 3.332741e-20 4.571474e-23 3.657929e-23 2.689563e-30 4.615004e-21 1.957697e-26 5.339448e-24 3.142006e-26 4.471227e-35 1.643627e-29 3.671703e-04 6.766622e-06 2.482973e-29 1.413827e-18 3.061123e-16 4.472491e-31 1.184931e-27 0.000000e+00 1.375535e-01 1.298042e-16 3.170751e-25 9.376788e-33 1.172184e-11 6.538354e-23 7.439770e-03 3.211557e-13 4.915978e-15 1.698366e-15 2.558403e-18 7.684603e-01 1.734941e-19 1.169601e-09 0.000000e+00 1.955339e-28 0.000000e+00 7.663532e-29 3.264684e-18 1.427617e-22 5.980985e-18 1.176878e-16 1.548405e-11 2.265606e-36 1.236713e-21 5.831852e-19 2.346856e-14 1.377822e-28 1.449956e-07 4.871870e-24 3.584410e-24 3.105593e-18 6.134694e-12 2.026226e-23 1.278353e-14 1.101520e-21 0.000000e+00 8.832382e-10 7.272984e-26 3.926707e-34 2.053388e-24 9.676802e-51 3.087380e-22 0.000000e+00 2.374779e-10 2.440428e-51 1.689017e-29 1.119022e-30 3.338458e-33 1.631741e-16 6.702640e-14 6.314599e-23 7.909753e-24 2.465493e-10 2.967621e-13 9.166801e-12 1.755480e-24 2.259816e-12 7.245568e-43 3.785745e-19 2.689986e-26 1.357924e-27 5.671513e-13 3.701354e-18 3.694912e-18 2.632063e-15 2.000600e-20 9.349122e-70 2.369039e-11 3.106301e-27 3.300521e-37 0.000000e+00 1.720809e-219 1.810775e-13 6.984708e-03
5.520448e-07 1.411586e-10 8.987443e-05 4.448874e-10 4.060703e-04 9.557113e-02 1.821787e-14 1.478372e-17 4.101594e-20 4.703074e-23 1.479937e-23 0.000000e+00 4.213670e-21 1.665147e-26 4.753176e-24 2.284162e-26 2.657142e-35 2.099143e-30 3.661245e-04 4.053384e-06 2.369032e-29 1.383650e-18 3.242442e-16 3.154605e-31 2.209659e-28 1.603422e-26 1.264068e-01 1.228989e-16 3.084934e-25 5.738852e-33 8.805909e-12 6.152679e-23 1.103790e-02 3.885558e-13 7.938658e-15 2.537239e-15 2.648970e-18 7.594013e-01 1.511532e-19 1.133435e-09 0.000000e+00 0.000000e+00 0.000000e+00 7.303772e-30 3.362131e-18 1.410801e-22 5.435175e-18 9.665420e-17 1.560394e-11 1.978888e-34 1.216345e-21 5.653265e-19 2.296086e-14 6.309299e-29 1.225813e-07 3.480573e-24 1.721263e-24 1.753646e-18 6.711781e-12 2.255495e-24 1.545827e-14 8.505984e-22 1.780188e-25 8.440340e-10 4.655455e-26 5.035075e-34 1.770808e-24 1.070848e-50 2.844709e-22 1.726043e-32 2.030815e-10 2.028042e-46 9.329290e-30 0.000000e+00 1.858597e-27 7.701497e-17 4.992853e-14 4.021277e-23 6.197033e-24 2.051855e-10 2.775646e-13 8.790334e-12 1.455859e-24 2.102239e-12 4.163022e-43 3.566521e-19 1.869845e-26 1.809261e-27 5.451746e-13 3.437815e-18 3.018167e-18 2.461591e-15 1.861594e-20 7.293975e-70 3.159758e-11 1.514117e-27 3.465403e-37 0.000000e+00 1.571143e-221 1.327386e-13 6.716621e-03
4.793151e-07 1.103813e-10 8.766474e-05 3.278517e-10 4.635641e-04 1.138848e-01 2.640939e-14 2.758885e-17 4.859179e-20 4.683439e-23 9.697789e-24 0.000000e+00 3.851112e-21 1.396413e-26 4.275475e-24 1.704520e-26 1.650261e-35 2.733307e-31 3.633210e-04 2.561530e-06 2.232134e-29 1.312857e-18 3.445485e-16 2.137981e-31 4.339249e-29 0.000000e+00 1.145465e-01 1.153025e-16 2.972978e-25 3.521941e-33 6.634224e-12 5.757456e-23 1.589163e-02 4.637861e-13 1.200602e-14 3.583746e-15 2.709277e-18 7.483297e-01 1.296032e-19 1.094872e-09 0.000000e+00 0.000000e+00 0.000000e+00 6.659069e-31 3.425710e-18 1.374005e-22 4.879513e-18 7.885491e-17 1.511498e-11 0.000000e+00 1.199013e-21 5.639621e-19 2.240321e-14 3.702874e-29 1.002691e-07 2.470163e-24 8.139668e-25 9.776021e-19 7.228238e-12 2.522223e-25 1.880821e-14 6.641379e-22 6.599425e-26 8.025735e-10 3.036787e-26 6.097135e-34 1.548062e-24 1.144442e-50 2.612388e-22 3.313533e-33 1.698547e-10 6.588427e-46 4.864525e-30 0.000000e+00 6.810134e-27 3.687494e-17 3.644203e-14 2.510827e-23 4.927295e-24 1.678880e-10 2.578599e-13 8.390134e-12 1.291946e-24 1.941613e-12 2.391630e-43 3.339514e-19 1.315733e-26 2.350921e-27 5.217243e-13 3.137244e-18 2.429553e-18 2.286645e-15 1.719844e-20 5.939043e-70 4.241967e-11 1.197518e-27 3.645861e-37 0.000000e+00 1.417737e-223 9.335129e-14 6.430136e-03
4.161673e-07 8.551209e-11 8.553053e-05 2.424550e-10 5.286567e-04 1.333134e-01 3.680527e-14 4.939692e-17 5.632703e-20 4.571352e-23 7.496606e-24 2.490316e-25 3.349928e-21 1.715845e-26 3.886819e-24 1.305450e-26 1.070106e-35 3.632089e-32 3.591682e-04 1.788020e-06 2.085268e-29 1.222941e-18 3.674460e-16 1.402852e-31 9.450216e-30 0.000000e+00 1.022602e-01 1.073747e-16 2.699939e-25 2.165788e-33 5.005862e-12 5.354632e-23 2.226997e-02 5.475660e-13 1.732345e-14 4.867510e-15 2.745360e-18 7.350545e-01 1.097252e-19 1.051635e-09 0.000000e+00 0.000000e+00 0.000000e+00 0.000000e+00 3.461783e-18 1.320889e-22 4.354229e-18 6.374398e-17 1.410159e-11 1.112144e-32 1.184354e-21 5.568060e-19 2.179460e-14 2.370990e-29 7.931318e-08 1.737103e-24 3.780306e-25 5.367952e-19 7.700481e-12 2.834194e-26 2.303630e-14 5.235019e-22 1.349506e-25 7.586047e-10 2.014019e-26 7.750951e-34 1.373496e-24 1.312901e-50 2.392674e-22 1.120714e-33 1.388222e-10 1.761860e-46 2.384842e-30 0.000000e+00 1.997431e-27 1.785757e-17 2.604026e-14 1.537806e-23 3.970464e-24 1.349406e-10 2.378485e-13 7.968584e-12 1.216147e-24 1.779656e-12 1.391731e-43 3.106534e-19 9.353177e-27 2.579781e-27 4.969263e-13 2.812306e-18 1.926374e-18 2.109005e-15 1.576873e-20 5.034938e-70 5.664233e-11 1.119441e-27 3.858160e-37 0.000000e+00 1.262436e-225 6.247521e-14 6.126780e-03
3.613389e-07 6.558717e-11 8.353903e-05 1.798124e-10 6.024732e-04 1.534488e-01 5.043621e-14 8.879180e-17 6.543447e-20 4.449161e-23 6.021912e-24 0.000000e+00 2.840619e-21 9.304709e-27 3.614209e-24 1.034820e-26 7.305837e-36 4.937459e-33 3.539256e-04 1.397626e-06 1.958730e-29 1.132644e-18 3.932929e-16 8.999383e-32 2.490789e-30 1.611737e-26 8.985585e-02 9.949261e-17 2.206482e-25 1.330879e-33 3.775102e-12 4.947007e-23 3.045436e-02 6.402610e-13 2.442692e-14 6.513603e-15 2.761227e-18 7.193916e-01 9.190249e-20 1.003881e-09 5.148349e-25 2.150271e-26 4.645057e-26 0.000000e+00 3.474622e-18 1.271687e-22 3.901225e-18 5.105970e-17 1.270574e-11 0.000000e+00 1.184407e-21 5.555385e-19 2.113438e-14 1.589882e-29 6.041226e-08 1.211723e-24 1.718614e-25 2.894740e-19 8.132261e-12 3.202148e-27 2.842979e-14 4.163519e-22 0.000000e+00 7.122169e-10 1.348773e-26 9.961233e-34 1.235878e-24 1.549714e-50 2.187608e-22 9.969531e-34 1.106322e-10 6.809318e-51 1.094342e-30 2.881921e-30 4.174400e-32 8.676231e-18 1.820560e-14 9.186780e-24 3.255583e-24 1.064435e-10 2.177393e-13 7.528461e-12 1.213055e-24 1.618129e-12 8.342115e-44 2.869590e-19 6.745274e-27 3.052650e-27 4.709305e-13 2.476070e-18 1.503337e-18 1.930525e-15 1.434241e-20 4.767999e-70 7.500362e-11 1.090078e-27 4.218703e-37 0.000000e+00 1.108231e-227 3.925165e-14 5.807986e-03
3.137339e-07 5.002813e-11 8.174055e-05 1.333969e-10 6.861335e-04 1.738626e-01 6.957229e-14 1.600546e-16 7.781729e-20 4.418556e-23 4.958408e-24 8.270534e-25 3.257743e-21 1.863346e-26 3.385435e-24 8.380769e-27 5.174371e-36 6.911655e-34 3.477224e-04 1.200854e-06 1.870079e-29 1.071802e-18 4.213256e-16 5.789878e-32 8.591212e-31 0.000000e+00 7.764522e-02 9.180938e-17 2.566294e-25 8.202306e-34 2.841647e-12 4.538002e-23 4.072635e-02 7.427190e-13 3.450541e-14 8.772050e-15 2.763325e-18 7.011727e-01 7.642516e-20 9.498986e-10 0.000000e+00 0.000000e+00 0.000000e+00 0.000000e+00 3.471698e-18 1.250077e-22 3.492480e-18 4.039197e-17 1.108686e-11 2.504066e-32 1.184326e-21 5.551823e-19 2.042244e-14 1.096889e-29 4.451886e-08 8.347217e-25 7.667955e-26 1.538017e-19 8.515411e-12 3.639340e-28 3.534013e-14 3.328697e-22 1.554528e-24 6.632758e-10 9.136760e-27 1.308822e-33 1.128266e-24 1.910780e-50 1.991122e-22 1.040819e-31 8.612851e-11 2.051996e-44 4.679011e-31 3.741016e-30 2.674102e-25 4.227800e-18 1.245547e-14 5.415174e-24 2.692816e-24 8.233226e-11 1.977485e-13 7.072966e-12 1.251532e-24 1.458821e-12 5.276474e-44 2.630884e-19 4.993741e-27 3.827644e-27 4.439117e-13 2.140970e-18 1.153563e-18 1.753122e-15 1.293534e-20 4.619991e-70 9.885837e-11 1.088813e-27 4.658541e-37 0.000000e+00 9.569628e-230 2.281099e-14 5.476370e-03
2.724008e-07 3.796123e-11 8.022651e-05 9.899182e-11 7.811800e-04 1.941387e-01 9.792546e-14 3.053413e-16 9.629524e-20 4.516426e-23 4.184589e-24 2.907763e-25 2.699607e-21 1.433877e-26 3.262735e-24 7.040020e-27 3.860920e-36 1.021998e-34 3.406061e-04 1.098982e-06 1.838352e-29 1.036451e-18 4.508858e-16 3.733578e-32 3.821018e-31 3.774606e-27 6.591762e-02 8.467047e-17 2.702555e-25 5.057434e-34 2.129122e-12 4.131336e-23 5.335824e-02 8.546368e-13 4.953023e-14 1.207185e-14 2.753853e-18 6.802487e-01 6.313917e-20 8.920833e-10 6.705431e-24 2.163084e-25 6.220877e-25 0.000000e+00 3.455442e-18 1.265154e-22 3.162891e-18 3.163461e-17 9.398954e-12 9.635684e-33 1.206321e-21 5.633787e-19 1.965898e-14 7.829643e-30 3.151188e-08 5.702160e-25 3.353779e-26 8.042877e-20 8.832544e-12 4.165443e-29 4.431071e-14 2.676141e-22 4.253330e-26 6.123997e-10 6.196762e-27 1.895293e-33 1.042056e-24 2.631589e-50 1.806054e-22 0.000000e+00 6.531210e-11 5.794227e-51 1.854169e-31 5.098215e-30 3.809371e-32 2.043182e-18 8.337747e-15 3.123109e-24 2.265761e-24 6.238670e-11 1.780880e-13 6.605570e-12 1.349002e-24 1.303449e-12 3.569483e-44 2.392683e-19 3.853982e-27 4.383461e-27 4.160623e-13 1.817694e-18 8.693427e-19 1.578674e-15 1.156275e-20 5.207197e-70 1.308841e-10 1.115178e-27 5.442742e-37 0.000000e+00 8.124100e-232 1.191322e-14 5.133609e-03
2.365131e-07 2.888568e-11 7.906451e-05 7.335012e-11 8.890260e-04 2.138640e-01 1.392834e-13 5.899460e-16 1.224891e-19 4.726732e-23 3.602549e-24 0.000000e+00 2.401489e-21 1.019438e-26 3.167842e-24 6.026846e-27 2.975619e-36 1.747287e-35 3.325860e-04 1.041308e-06 1.836095e-29 1.024791e-18 4.792273e-16 2.416768e-32 2.004369e-31 0.000000e+00 5.494237e-02 7.823529e-17 2.106100e-25 3.143250e-34 1.586359e-12 3.730908e-23 6.860047e-02 9.768576e-13 7.161694e-14 1.682069e-14 2.740052e-18 6.565085e-01 5.195811e-20 8.297519e-10 1.124866e-23 3.631924e-25 1.055797e-24 0.000000e+00 3.434594e-18 1.311611e-22 2.878297e-18 2.445439e-17 7.762806e-12 0.000000e+00 1.230362e-21 5.751373e-19 1.884498e-14 5.738304e-30 2.156880e-08 3.845172e-25 1.446426e-26 4.167634e-20 9.060001e-12 4.802852e-30 5.600684e-14 2.155042e-22 0.000000e+00 5.599821e-10 4.223823e-27 2.827088e-33 9.736091e-25 3.805330e-50 1.627195e-22 2.853762e-33 4.836450e-11 6.577755e-46 6.773131e-32 7.202468e-30 9.018762e-27 9.791842e-19 5.462628e-15 1.792940e-24 1.918377e-24 4.626929e-11 1.589641e-13 6.130080e-12 1.479319e-24 1.153649e-12 2.578684e-44 2.157320e-19 3.091135e-27 5.262559e-27 3.875961e-13 1.514716e-18 6.428226e-19 1.409011e-15 1.023910e-20 6.061022e-70 1.736056e-10 1.163218e-27 6.519645e-37 0.000000e+00 6.763662e-234 5.403309e-15 4.783010e-03
2.053534e-07 2.200751e-11 7.840807e-05 5.447842e-11 1.012138e-03 2.326607e-01 1.965145e-13 1.263183e-15 1.585069e-19 4.925940e-23 3.079913e-24 3.590386e-25 2.224562e-21 1.614310e-26 3.289327e-24 5.500311e-27 2.484867e-36 4.407844e-36 3.236623e-04 9.902605e-07 1.847104e-29 9.858760e-19 5.045573e-16 1.496847e-32 1.129502e-31 0.000000e+00 4.494324e-02 7.294855e-17 1.857118e-25 1.957013e-34 1.171257e-12 3.340418e-23 8.668292e-02 1.107016e-12 1.023907e-13 2.354407e-14 2.720768e-18 6.298725e-01 4.244523e-20 7.677203e-10 0.000000e+00 0.000000e+00 0.000000e+00 0.000000e+00 3.407598e-18 1.357214e-22 2.719105e-18 1.880012e-17 6.263750e-12 8.735090e-33 1.322732e-21 6.136120e-19 1.798171e-14 4.433944e-30 1.399897e-08 2.590276e-25 6.120604e-27 2.128904e-20 9.171446e-12 5.584337e-31 7.153666e-14 1.746002e-22 0.000000e+00 5.071083e-10 2.827069e-27 5.061824e-33 9.149441e-25 6.589457e-50 1.463858e-22 0.000000e+00 3.466071e-11 0.000000e+00 2.262739e-32 1.045673e-29 0.000000e+00 4.547714e-19 3.499197e-15 9.955142e-25 1.677822e-24 3.354803e-11 1.405611e-13 5.650332e-12 1.740659e-24 1.010836e-12 2.079781e-44 1.926990e-19 2.522118e-27 6.058283e-27 3.587316e-13 1.237967e-18 4.660930e-19 1.245767e-15 8.976962e-21 1.040076e-69 2.284502e-10 1.205376e-27 9.045857e-37 0.000000e+00 5.528508e-236 1.932713e-15 4.425504e-03
1.782989e-07 1.700448e-11 7.833453e-05 4.049052e-11 1.152335e-03 2.501867e-01 2.698270e-13 2.758688e-15 2.038364e-19 5.056227e-23 2.589847e-24 5.506398e-25 3.126474e-21 2.198230e-26 3.516475e-24 5.189154e-27 2.173377e-36 1.983985e-36 3.138262e-04 9.236821e-07 1.822071e-29 9.236821e-19 5.214366e-16 8.900667e-33 6.541355e-32 0.000000e+00 3.609641e-02 6.874949e-17 2.600519e-25 1.236739e-34 8.576238e-13 2.963428e-23 1.077994e-01 1.246122e-12 1.421335e-13 3.249354e-14 2.705389e-18 6.003068e-01 3.452640e-20 7.047745e-10 0.000000e+00 0.000000e+00 0.000000e+00 0.000000e+00 3.385971e-18 1.386021e-22 2.624819e-18 1.431047e-17 4.947847e-12 3.496083e-33 1.452577e-21 6.707593e-19 1.707129e-14 3.562528e-30 8.729082e-09 1.730400e-25 2.564929e-27 1.084206e-20 9.144485e-12 6.545885e-32 9.211442e-14 1.415406e-22 6.502808e-26 4.542582e-10 1.875782e-27 9.610801e-33 8.662318e-25 1.219468e-49 1.308673e-22 0.000000e+00 2.415018e-11 0.000000e+00 6.858312e-33 1.520862e-29 0.000000e+00 2.054931e-19 2.192862e-15 5.496974e-25 1.488199e-24 2.375202e-11 1.230465e-13 5.170313e-12 2.112709e-24 8.762572e-13 1.936508e-44 1.703815e-19 2.028159e-27 8.044218e-27 3.296984e-13 9.913842e-19 3.313764e-19 1.090424e-15 7.787359e-21 2.118514e-69 2.915288e-10 1.226320e-27 1.366092e-36 0.000000e+00 4.420706e-238 4.856893e-16 4.065243e-03
1.548088e-07 1.338280e-11 7.897480e-05 3.017096e-11 1.312356e-03 2.661849e-01 3.589539e-13 6.361012e-15 2.601014e-19 5.075370e-23 2.123398e-24 0.000000e+00 2.400820e-21 1.907423e-26 3.949247e-24 5.132465e-27 2.019868e-36 1.326491e-36 3.030663e-04 8.280348e-07 1.758592e-29 8.300321e-19 5.259408e-16 5.021798e-33 3.820744e-32 1.195761e-34 2.849496e-02 6.577847e-17 2.725756e-25 7.945973e-35 6.222803e-13 2.603286e-23 1.320899e-01 1.392159e-12 1.907511e-13 4.428411e-14 2.695622e-18 5.678302e-01 2.793594e-20 6.436460e-10 0.000000e+00 0.000000e+00 0.000000e+00 0.000000e+00 3.371757e-18 1.387518e-22 2.622960e-18 1.082688e-17 3.835698e-12 0.000000e+00 1.658791e-21 7.624525e-19 1.611669e-14 3.000595e-30 5.201159e-09 1.152132e-25 1.068514e-27 5.527676e-21 8.967010e-12 7.738120e-33 1.194830e-13 1.148467e-22 0.000000e+00 4.023123e-10 1.221507e-27 2.047106e-32 8.233803e-25 2.525725e-49 1.163908e-22 0.000000e+00 1.630583e-11 0.000000e+00 1.866930e-33 2.210331e-29 0.000000e+00 8.965462e-20 1.346130e-15 2.997732e-25 1.349498e-24 1.639991e-11 1.065681e-13 4.694144e-12 2.691959e-24 7.509633e-13 2.261028e-44 1.489811e-19 1.579052e-27 1.007854e-26 3.007375e-13 7.770981e-19 2.311172e-19 9.442904e-16 6.679595e-21 5.804339e-69 3.562189e-10 1.215546e-27 2.351027e-36 0.000000e+00 3.455101e-240 7.038278e-17 3.704787e-03
1.344133e-07 1.074123e-11 8.046852e-05 2.259110e-11 1.495679e-03 2.805102e-01 4.665676e-13 1.660598e-14 3.334172e-19 5.001764e-23 1.697875e-24 0.000000e+00 3.197452e-21 3.542176e-26 4.813147e-24 5.446282e-27 2.043056e-36 1.062071e-36 2.913581e-04 7.036364e-07 1.696649e-29 7.088856e-19 5.160030e-16 2.679481e-33 2.244778e-32 0.000000e+00 2.213231e-02 6.418780e-17 4.154801e-25 5.178171e-35 4.467086e-13 2.262805e-23 1.596480e-01 1.541099e-12 2.496004e-13 6.044414e-14 2.690288e-18 5.324949e-01 2.241793e-20 5.882723e-10 1.321389e-23 4.779141e-25 1.411373e-24 0.000000e+00 3.363436e-18 1.367751e-22 2.763198e-18 8.203577e-18 2.927956e-12 0.000000e+00 2.026531e-21 9.188200e-19 1.512124e-14 2.680832e-30 2.932368e-09 7.716170e-26 4.426222e-28 2.823838e-21 8.642609e-12 9.225442e-34 1.560529e-13 9.338020e-23 0.000000e+00 3.520603e-10 7.687667e-28 5.437467e-32 7.813032e-25 6.410442e-49 1.031950e-22 1.283219e-34 1.060846e-11 1.464819e-51 4.500665e-34 3.246994e-29 1.721638e-32 3.721405e-20 8.133317e-16 1.588028e-25 1.267654e-24 1.102492e-11 9.124006e-14 4.225714e-12 3.712509e-24 6.357106e-13 3.675824e-44 1.286698e-19 1.185050e-27 1.126708e-26 2.720793e-13 5.955107e-19 1.581740e-19 8.083784e-16 5.660354e-21 2.608523e-68 4.160471e-10 1.177372e-27 4.934665e-36 0.000000e+00 2.637891e-242 4.226540e-18 3.346402e-03
1.167049e-07 8.858203e-12 8.285872e-05 1.693838e-11 1.704493e-03 2.930959e-01 6.018521e-13 4.491011e-14 4.325264e-19 4.973342e-23 1.356278e-24 4.004829e-25 3.447363e-21 3.865391e-26 5.986438e-24 5.901795e-27 2.130379e-36 9.124385e-37 2.786753e-04 5.668238e-07 1.667099e-29 6.035494e-19 4.897968e-16 1.427639e-33 1.352644e-32 0.000000e+00 1.692657e-02 6.383908e-17 4.730977e-25 3.452512e-35 3.177673e-13 1.944557e-23 1.904838e-01 1.693735e-12 3.236920e-13 8.376156e-14 2.696729e-18 4.944322e-01 1.788166e-20 5.369413e-10 3.007227e-23 1.139131e-24 3.383599e-24 0.000000e+00 3.370057e-18 1.363860e-22 2.996716e-18 6.194719e-18 2.209842e-12 0.000000e+00 2.516918e-21 1.140986e-18 1.408995e-14 2.480378e-30 1.597910e-09 5.149070e-26 1.841878e-28 1.462442e-21 8.190272e-12 1.107210e-34 2.044581e-13 7.551558e-23 1.375568e-25 3.041063e-10 4.757596e-28 1.544271e-31 7.406214e-25 1.739379e-48 9.063166e-23 1.967053e-34 6.702392e-12 0.000000e+00 9.475001e-35 4.842652e-29 0.000000e+00 1.483998e-20 4.930943e-16 8.440053e-26 1.198587e-24 7.204936e-12 7.715797e-14 3.769082e-12 5.211471e-24 5.310778e-13 7.025965e-44 1.096090e-19 8.564170e-28 9.488080e-27 2.439687e-13 4.456859e-19 1.062558e-19 6.835313e-16 4.734734e-21 1.354599e-67 4.639778e-10 1.140511e-27 1.124827e-35 0.000000e+00 1.957072e-244 8.617553e-20 2.995013e-03
1.013295e-07 7.425551e-12 8.635335e-05 1.275568e-11 1.944592e-03 3.039342e-01 7.969204e-13 1.555738e-13 5.937870e-19 5.091719e-23 1.096927e-24 6.799407e-25 5.864272e-21 6.304976e-26 8.385883e-24 7.026512e-27 2.475589e-36 8.497141e-37 2.650128e-04 4.291835e-07 1.832758e-29 5.033162e-19 4.522720e-16 7.621466e-34 8.479327e-33 0.000000e+00 1.273841e-02 6.517303e-17 8.347343e-25 2.313661e-35 2.225954e-13 1.650532e-23 2.245389e-01 1.839119e-12 4.300415e-13 1.232215e-13 2.703180e-18 4.538406e-01 1.406611e-20 5.002171e-10 1.144523e-23 4.666107e-25 1.381702e-24 0.000000e+00 3.377006e-18 1.405439e-22 3.499251e-18 4.783979e-18 1.663404e-12 8.373563e-33 3.456570e-21 1.534862e-18 1.302910e-14 2.446777e-30 8.128591e-10 3.529396e-26 7.650680e-29 7.636472e-22 7.637524e-12 1.335371e-35 2.697633e-13 6.115171e-23 2.212610e-24 2.591490e-10 2.781292e-28 6.462786e-31 6.921248e-25 6.701432e-48 7.952687e-23 5.713975e-32 4.051117e-12 3.300765e-44 1.696977e-35 7.688603e-29 4.047786e-25 5.503456e-21 3.167683e-16 4.249019e-26 1.189511e-24 4.566667e-12 6.438288e-14 3.328113e-12 8.199459e-24 4.373495e-13 1.928867e-43 9.192762e-20 6.021181e-28 1.608188e-26 2.166440e-13 3.253089e-19 7.003917e-20 5.702879e-16 3.905234e-21 1.459604e-66 5.017458e-10 1.136499e-27 3.367898e-35 0.000000e+00 1.414158e-246 3.982875e-22 2.651525e-03
8.797976e-08 6.385720e-12 9.090085e-05 9.565057e-12 2.216335e-03 3.130120e-01 1.108037e-12 5.424091e-13 8.655083e-19 5.586449e-23 9.364948e-25 1.142694e-24 5.763010e-21 9.860162e-26 1.137217e-23 8.172032e-27 2.822149e-36 8.086460e-37 2.503961e-04 3.096000e-07 2.224517e-29 4.524814e-19 4.044929e-16 4.581048e-34 5.741405e-33 0.000000e+00 9.418675e-03 6.797940e-17 1.285720e-24 1.582226e-35 1.540667e-13 1.382534e-23 2.616373e-01 1.984715e-12 5.995501e-13 1.970239e-13 2.725517e-18 4.110511e-01 1.095568e-20 4.670050e-10 6.301879e-23 2.732793e-24 8.151794e-24 0.000000e+00 3.403890e-18 1.553697e-22 4.160795e-18 3.686367e-18 1.260521e-12 1.259463e-31 4.623198e-21 2.110823e-18 1.194830e-14 2.451821e-30 4.057521e-10 2.402345e-26 3.201963e-29 4.073293e-22 7.015422e-12 1.601192e-36 3.566533e-13 4.885939e-23 0.000000e+00 2.176251e-10 1.615897e-28 2.655892e-30 6.446056e-25 2.573152e-47 6.888763e-23 7.336272e-33 2.387173e-12 7.558167e-51 2.532133e-36 1.300015e-28 5.670924e-32 1.949082e-21 2.434931e-16 2.185241e-26 1.157882e-24 2.802191e-12 5.296130e-14 2.906979e-12 1.245470e-23 3.546798e-13 5.070890e-43 7.574709e-20 4.108480e-28 1.923381e-26 1.903676e-13 2.313450e-19 4.529784e-20 4.690576e-16 3.173158e-21 1.360488e-65 5.239989e-10 1.220264e-27 9.856463e-35 0.000000e+00 9.851319e-249 4.214768e-25 2.322942e-03
7.638878e-08 5.513073e-12 9.698956e-05 7.214774e-12 2.532764e-03 3.203146e-01 1.667139e-12 3.227038e-12 1.423745e-18 6.640227e-23 8.448506e-25 5.475844e-24 7.851665e-21 1.183062e-25 1.973260e-23 1.143237e-26 3.945662e-36 8.659268e-37 2.348989e-04 2.061225e-07 3.509936e-29 3.973674e-19 3.559161e-16 3.274915e-34 4.275735e-33 0.000000e+00 6.814196e-03 7.393994e-17 1.692766e-24 1.063557e-35 1.034137e-13 1.141456e-23 3.015424e-01 2.100431e-12 9.020902e-13 3.695086e-13 2.728415e-18 3.664572e-01 8.261186e-21 4.792621e-10 0.000000e+00 0.000000e+00 0.000000e+00 0.000000e+00 3.407063e-18 1.877984e-22 5.671417e-18 3.133909e-18 9.900363e-13 1.707603e-30 7.620981e-21 3.402094e-18 1.085832e-14 2.720416e-30 1.790612e-10 1.812673e-26 1.322553e-29 2.208575e-22 6.350911e-12 1.862019e-37 4.802352e-13 3.932108e-23 0.000000e+00 1.799626e-10 8.320331e-29 2.469196e-29 5.759854e-25 2.056745e-46 6.038626e-23 0.000000e+00 1.310636e-12 0.000000e+00 2.940016e-37 2.519781e-28 0.000000e+00 5.985970e-22 2.522940e-16 9.838787e-27 1.244630e-24 1.657721e-12 4.289307e-14 2.509203e-12 2.403845e-23 2.828504e-13 2.588057e-42 6.113451e-20 2.775649e-28 4.371957e-26 1.653690e-13 1.599539e-19 2.871547e-20 3.798357e-16 2.536544e-21 5.637190e-64 5.446412e-10 1.596458e-27 4.867580e-34 0.000000e+00 6.689994e-251 5.008625e-29 2.006754e-03
6.632487e-08 4.891495e-12 1.045500e-04 5.424122e-12 2.892854e-03 3.257600e-01 2.726468e-12 2.192184e-11 2.579523e-18 8.849947e-23 8.608869e-25 6.324066e-23 5.512128e-21 1.077291e-25 3.475290e-23 1.609616e-26 5.580092e-36 9.631399e-37 2.186347e-04 1.307280e-07 5.824867e-29 3.852832e-19 3.059089e-16 3.531005e-34 3.803509e-33 0.000000e+00 4.814603e-03 8.216530e-17 2.002354e-24 7.269299e-36 6.777233e-14 9.280335e-24 3.439028e-01 2.201762e-12 1.474095e-12 8.405841e-13 2.737527e-18 3.205951e-01 6.082835e-21 5.244726e-10 0.000000e+00 0.000000e+00 0.000000e+00 0.000000e+00 3.418295e-18 2.529483e-22 7.841067e-18 2.822395e-18 8.176218e-13 1.740953e-29 1.274052e-20 5.741436e-18 9.775722e-15 3.052432e-30 7.541712e-11 1.436071e-26 5.309903e-30 1.229748e-22 5.670429e-12 1.943064e-38 6.540143e-13 3.119316e-23 0.000000e+00 1.463366e-10 4.112246e-29 2.691560e-28 5.061156e-25 1.925452e-45 5.281526e-23 0.000000e+00 6.885728e-13 0.000000e+00 2.501239e-38 5.443754e-28 0.000000e+00 1.635481e-22 3.384432e-16 4.379036e-27 1.333009e-24 9.422849e-13 3.416851e-14 2.138534e-12 4.696684e-23 2.215842e-13 1.412576e-41 4.815048e-20 1.842391e-28 1.417630e-25 1.418968e-13 1.073783e-19 1.785123e-20 3.025331e-16 1.992761e-21 2.715021e-62 5.584128e-10 3.060567e-27 2.601343e-33 0.000000e+00 4.359723e-253 5.905049e-34 1.711263e-03
5.758683e-08 4.627304e-12 1.141494e-04 4.139035e-12 3.310301e-03 3.292494e-01 5.833233e-12 2.749729e-10 6.297755e-18 1.479488e-22 1.068616e-24 1.466620e-21 1.375617e-20 7.760756e-25 7.326102e-23 2.568075e-26 9.059834e-36 1.112639e-36 2.017976e-04 8.217928e-08 1.086120e-28 4.365676e-19 2.592934e-16 6.997895e-34 4.516543e-33 8.539739e-25 3.342744e-03 9.304449e-17 6.379552e-24 5.193170e-36 4.313533e-14 7.423462e-24 3.881178e-01 2.267716e-12 3.144574e-12 2.475024e-12 2.728663e-18 2.742269e-01 4.375216e-21 6.886590e-10 2.786351e-24 3.502177e-25 5.163671e-25 7.820784e-22 3.408188e-18 4.158362e-22 1.100015e-17 3.027064e-18 7.227631e-13 1.315687e-28 2.478757e-20 1.042731e-17 8.722474e-15 3.514879e-30 2.856450e-11 1.339953e-26 1.988667e-30 7.125960e-23 4.994842e-12 1.508150e-39 9.072769e-13 2.461623e-23 0.000000e+00 1.168637e-10 1.801060e-29 6.658052e-27 4.227585e-25 3.829939e-44 4.707252e-23 0.000000e+00 3.373193e-13 0.000000e+00 1.296863e-39 1.611961e-27 0.000000e+00 3.768674e-23 5.043639e-16 1.830403e-27 1.519266e-24 5.224787e-13 2.674590e-14 1.798349e-12 1.093674e-22 1.703724e-13 1.253382e-40 3.682420e-20 1.228560e-28 1.371121e-24 1.201837e-13 6.984011e-20 1.090193e-20 2.367770e-16 1.537047e-21 3.971386e-60 6.010659e-10 1.358185e-26 2.171484e-32 0.000000e+00 2.742211e-255 4.014480e-40 1.436832e-03
5.000000e-08 5.598723e-12 1.262178e-04 3.369204e-12 3.788395e-03 3.308074e-01 3.453060e-11 1.018233e-08 4.311932e-17 4.796578e-22 1.659787e-24 2.895412e-19 1.751793e-20 6.810078e-23 1.583652e-22 4.140679e-26 1.491743e-35 1.206218e-36 1.847468e-04 6.880856e-08 3.373763e-28 9.909341e-19 2.202999e-16 3.407599e-33 7.110121e-33 1.697282e-27 2.395661e-03 1.002348e-16 1.510744e-23 4.689792e-36 2.817758e-14 5.844776e-24 4.322491e-01 2.365598e-12 1.854081e-11 8.331882e-12 2.716379e-18 2.292585e-01 3.296218e-21 1.057869e-09 3.369738e-25 8.155385e-25 7.217668e-26 2.495574e-22 3.395522e-18 1.180776e-21 1.274646e-17 3.749730e-18 6.527477e-13 6.892396e-28 4.918062e-20 1.705916e-17 7.737154e-15 3.758770e-30 1.077931e-11 1.414615e-26 7.140075e-31 4.404369e-23 4.333063e-12 6.534610e-41 1.223551e-12 1.909242e-23 0.000000e+00 9.164140e-11 7.447985e-30 5.032654e-25 3.321230e-25 2.199232e-42 4.351246e-23 9.866226e-36 1.619311e-13 0.000000e+00 2.778957e-41 1.301110e-26 0.000000e+00 8.655031e-24 7.053081e-16 8.957937e-28 1.719879e-24 2.750853e-13 2.058070e-14 1.492799e-12 2.602453e-22 1.287265e-13 1.205184e-39 2.725479e-20 9.315217e-29 2.218760e-23 1.005201e-13 4.399711e-20 6.588987e-21 1.821692e-16 1.164438e-21 6.963834e-58 1.020265e-09 2.306698e-25 2.415313e-31 0.000000e+00 2.708784e-255 0.000000e+00 1.189913e-03
