    0.916550810642292269E+00    0.220920222632712495E+03   -0.991209270261364495E+01   -0.171963883743240764E+01   -0.124187216304038728E+01   -0.592490922242947793E+01   -0.612873318108363918E+01   -0.453089344746320766E+01   -0.234149857991778187E+01    0.657985551475032935E+03
    0.915878038612486955E+00    0.328618836858780469E+03   -0.726678205057577209E+01   -0.326086528267276066E+01   -0.184999256940534806E+01   -0.681589321018540328E+01   -0.952634588758777134E+01   -0.917225511465597343E+01   -0.950505675085531365E+01    0.657996627871083774E+03
    0.908910577664768238E+00    0.471351135865794106E+03   -0.388490615695693542E+01   -0.975790551455037658E+01   -0.524037427570870662E+01   -0.879515825881451363E+01   -0.863165799084432450E+01   -0.502777965326307186E+01   -0.490952668231492595E+01    0.658052406409274909E+03
    0.910726526596443264E+00    0.469101218612140315E+03   -0.248443549676042608E+01   -0.586303126213444248E+01   -0.913541327497088140E+01   -0.472984984669864783E+01   -0.693853433062597880E+01   -0.653994549656302393E+01   -0.848151403014016481E+01    0.658085356980932488E+03
    0.913303765102216114E+00    0.374892151513402496E+03   -0.710059900672886890E+01   -0.430239984304448075E+01   -0.350289710499925988E+01   -0.303105910958082347E+01   -0.565195222633352401E+01   -0.677844698469091522E+01   -0.483735996934269075E+01    0.658146914349545227E+03
    0.909103252042226972E+00    0.346658599005534370E+03   -0.872802227871178182E+01   -0.380136250068829451E+01   -0.244946996566934683E+01   -0.703518652152095392E+01   -0.446568534405894191E+01   -0.521184797064855232E+01   -0.219728394021786144E+01    0.658201029077564158E+03
    0.918663002510546001E+00    0.374034387000494291E+03   -0.605465202722061235E+01   -0.847044991310190909E+01   -0.928400942121391282E+01   -0.284617973696948212E+01   -0.914026836912854357E+01   -0.629523258195219171E+01   -0.657130286812539666E+01    0.658370039923626223E+03
    0.915284697703503958E+00    0.476901777195890588E+03   -0.530047002759717945E+01   -0.577120630371850041E+01   -0.596622053144451581E+01   -0.692418678708187407E+01   -0.995493204673290322E+01   -0.855973043218857477E+01   -0.681673497005343965E+01    0.658411434574857935E+03
    0.918327197796834138E+00    0.212145800944700142E+03   -0.733537090991380047E+01   -0.108758722288184373E+01   -0.130064179173081129E+01   -0.251239298973632419E+01   -0.438178410265746621E+01   -0.827567554098161295E+01   -0.637224132130673038E+01    0.658428202567449944E+03
    0.914753269579255845E+00    0.407729015759796368E+03   -0.802788765680941907E+01   -0.476454632916467880E+01   -0.306480128342025093E+01   -0.127006250069069537E+01   -0.793230743279474737E+01   -0.721781711783877533E+01   -0.508315823271260214E+01    0.658452961528324977E+03
    0.916975584803174870E+00    0.251333976940269537E+03   -0.322657530976941231E+01   -0.772176092576033746E+01   -0.755112447311718160E+01   -0.686630341916195874E+01   -0.521063058234210441E+01   -0.474655387700361509E+01   -0.858317543623143386E+01    0.658591817321956114E+03
    0.905624466690900243E+00    0.488252043130954235E+03   -0.142062337097479485E+01   -0.192652464774169196E+01   -0.675912376023182304E+01   -0.480453698955472674E+01   -0.985335236276130821E+01   -0.575427043841428087E+01   -0.857509347729058291E+01    0.658619295807418553E+03
    0.917970259463846805E+00    0.220014607906341553E+03   -0.304019707441329956E+01   -0.847685503959655762E+01   -0.528549998998641968E+01   -0.852967256307601929E+01   -0.681717866659164429E+01   -0.933210635185241699E+01   -0.492571115493774414E+01    0.658632958842344351E+03
    0.914286866235201945E+00    0.234909564853348911E+03   -0.285137053751221448E+01   -0.416489735003759076E+01   -0.786448028059963278E+01   -0.483513635022199306E+01   -0.723757872789284917E+01   -0.212814070429503754E+01   -0.933261485350924680E+01    0.658775850169168848E+03
    0.916991891284808625E+00    0.242164511509657444E+03   -0.332314794458756335E+01   -0.241485309902715617E+01   -0.415267484243703144E+01   -0.520018061053061054E+01   -0.966959354641509172E+01   -0.265216767270789600E+01   -0.365384400720312286E+01    0.658809744583273186E+03
    0.914316356560778143E+00    0.476324274080479881E+03   -0.486704287262111723E+01   -0.613399356867491896E+01   -0.574697328279447550E+01   -0.548492579634290056E+01   -0.919495340239712355E+01   -0.720228200619730963E+01   -0.769024168554611709E+01    0.658917664957430134E+03
    0.912170923976328263E+00    0.406617782858321107E+03   -0.710429375269651420E+01   -0.534268154075379176E+01   -0.251271162253711200E+01   -0.157365301333019580E+01   -0.723351861662224049E+01   -0.677251929287270293E+01   -0.450466675727489108E+01    0.658942523168744742E+03
    0.915276220384030115E+00    0.300331899057796193E+03   -0.697839546858431703E+01   -0.824248282478208694E+01   -0.328379009404952438E+01   -0.959595990663824416E+01   -0.914224495347824195E+01   -0.557461907275730084E+01   -0.324804937367571966E+01    0.658947733761742484E+03
    0.910721439427321200E+00    0.272075180808543621E+03   -0.942364997009140204E+01   -0.201376695642483128E+01   -0.127780867182146274E+01   -0.471264699493335826E+01   -0.666277559318267620E+01   -0.335955281272690875E+01   -0.339296826867756618E+01    0.658970503734911631E+03
    0.915943446591377053E+00    0.285960596638135939E+03   -0.171113234963580041E+01   -0.916995757793079669E+01   -0.318421924947941015E+01   -0.811325809437913037E+01   -0.752189577968210443E+01   -0.882293778967325792E+01   -0.685925250842971579E+01    0.658984961154612733E+03
    0.910490466857732161E+00    0.472511386627865420E+03   -0.307050535279322645E+01   -0.554317780002774096E+01   -0.626530228822045032E+01   -0.415344167300187195E+01   -0.839734685496546973E+01   -0.871144777097759793E+01   -0.545027462210946023E+01    0.659012481581490533E+03
    0.910116588795773063E+00    0.265414470020839190E+03   -0.155800860552828624E+01   -0.206934019217494569E+01   -0.365840342828270870E+01   -0.531575262072530030E+01   -0.944829169176947126E+01   -0.229951515218182401E+01   -0.156441542621572793E+01    0.659050688932627054E+03
    0.916530421794733430E+00    0.248101441882801510E+03   -0.438099397930793266E+01   -0.461874052960535408E+01   -0.187956725309883588E+01   -0.737629911434245766E+01   -0.420956311664956750E+01   -0.470620573049027602E+01   -0.948368433303448732E+01    0.659080756524941307E+03
    0.915036899497498113E+00    0.229267639999105569E+03   -0.431573934792353953E+01   -0.342683568842262698E+01   -0.251113842049986769E+01   -0.966803043504997817E+01   -0.442771371850764694E+01   -0.789391975082319242E+01   -0.362937664251719028E+01    0.659167283669685276E+03
    0.914969204903498534E+00    0.303796486095074158E+03   -0.279548230260985875E+01   -0.894139119070962529E+01   -0.836077938446224067E+01   -0.621963972691116140E+01   -0.815483235587741895E+01   -0.611194465669630205E+01   -0.946761662036152529E+01    0.659209700747627949E+03
    0.901344374838225493E+00    0.418745444532545093E+03   -0.220852766319254012E+01   -0.416401353645078398E+01   -0.233754051821115105E+01   -0.694858425032594784E+01   -0.910659331070238132E+01   -0.177831269175763396E+01   -0.258806885180149759E+01    0.659451592175041810E+03
    0.909371258351018952E+00    0.405954102487115620E+03   -0.243353758067040715E+01   -0.509655132716885273E+01   -0.475388212869043869E+01   -0.652355037280706629E+01   -0.727774836280276549E+01   -0.893185436462074378E+01   -0.429387250006835242E+01    0.659487566116009816E+03
    0.915309831632304838E+00    0.275023277300898826E+03   -0.537283634231493856E+01   -0.251760911912259200E+01   -0.382004084367309105E+01   -0.737115967857605270E+01   -0.661378580839940966E+01   -0.466177809859136616E+01   -0.328693485468480961E+01    0.659541682151649979E+03
    0.908047377538995004E+00    0.456735303722020376E+03   -0.946271583515178349E+01   -0.306476168488104594E+01   -0.353181780148364144E+01   -0.398802842617109654E+01   -0.645495184723570148E+01   -0.825629629320868474E+01   -0.361851199015500224E+01    0.659565488734361907E+03
    0.916907697993452286E+00    0.250285113030476566E+03   -0.584432930497453729E+01   -0.856782645657980169E+01   -0.237536611708395018E+01   -0.884126029453634565E+01   -0.469951274323646295E+01   -0.511303119654431093E+01   -0.482483617733415837E+01    0.659572212532076037E+03
    0.915642123237103145E+00    0.301118315805442080E+03   -0.783498652007851693E+01   -0.249167610809054096E+01   -0.162808451425675216E+01   -0.152630752587824503E+01   -0.592365418781082287E+01   -0.680156492834464821E+01   -0.727813252929319354E+01    0.659583010682980216E+03
    0.908629457055807555E+00    0.497520447411064197E+03   -0.479964454744539371E+01   -0.869381558839531365E+01   -0.317187356389449704E+01   -0.236594791301608520E+01   -0.618498544342240919E+01   -0.631540340979743853E+01   -0.901729237955983720E+01    0.659613671478354945E+03
    0.911482357102836760E+00    0.287566051274834649E+03   -0.603765358090100968E+01   -0.613002759261804719E+01   -0.165437887345738943E+01   -0.495634492894434597E+01   -0.493880630368374618E+01   -0.436334826570359713E+01   -0.344113431573763684E+01    0.659643037695704720E+03
    0.903238337167746042E+00    0.457236979154121343E+03   -0.395755906462805029E+01   -0.809932407635550433E+01   -0.151226402459668918E+01   -0.226609816864557523E+01   -0.853456329836532213E+01   -0.351016264795901733E+01   -0.544867321338565791E+01    0.659687245505621831E+03
    0.919007243442369171E+00    0.309775763766728232E+03   -0.855887356818037226E+01   -0.744633984648316538E+01   -0.419543424181499969E+01   -0.899600398944148694E+01   -0.965196419644285264E+01   -0.981702049381806496E+01   -0.880955147476650247E+01    0.659696205755085884E+03
    0.912942143287291952E+00    0.242110113463671894E+03   -0.539236322024503156E+01   -0.501845149410454461E+01   -0.182906534119592479E+01   -0.556362101006992482E+01   -0.524315647394590556E+01   -0.510906651862258965E+01   -0.188049866066466187E+01    0.659709841398349567E+03
    0.915037143201893999E+00    0.304840404028362229E+03   -0.202400583796204181E+01   -0.694368734200875259E+01   -0.727021458343013727E+01   -0.722119097201644689E+01   -0.784874714257580308E+01   -0.274855174752584475E+01   -0.707937521295261085E+01    0.659709893195434233E+03
    0.915197388517502430E+00    0.484830751055768644E+03   -0.649199118467048919E+01   -0.960874877349458778E+01   -0.409241588777763976E+01   -0.690085192477618747E+01   -0.733576536745363050E+01   -0.733773046319373190E+01   -0.645263991995028974E+01    0.659710405831500907E+03
    0.917926667029556609E+00    0.227685038883039851E+03   -0.697272730072540980E+01   -0.399980860445227204E+01   -0.241088630036251939E+01   -0.301963830874203509E+01   -0.554829052764420627E+01   -0.310190085269236082E+01   -0.746536530279155119E+01    0.659741086190416581E+03
    0.910607798427965465E+00    0.394624290815810753E+03   -0.473022802677448428E+01   -0.861821929259689945E+01   -0.232616862640770439E+01   -0.286822302249675243E+01   -0.508787521441901447E+01   -0.553077289962040375E+01   -0.753863080946745967E+01    0.659746907584445239E+03
    0.917945085792241988E+00    0.264274104228697297E+03   -0.296510978943043213E+01   -0.740882403882020579E+01   -0.702150759675711811E+01   -0.290619002695769790E+01   -0.992494212682372456E+01   -0.627041747331299693E+01   -0.682797629621073021E+01    0.659777974496279171E+03
    0.917749964476082369E+00    0.322523561833578128E+03   -0.421470591237734737E+01   -0.684049686852493544E+01   -0.351608245136865172E+01   -0.774597649969650259E+01   -0.604501425097522560E+01   -0.845242246887806381E+01   -0.884656551662892277E+01    0.659781236422013308E+03
    0.918006614851140434E+00    0.262197831096807704E+03   -0.714626048704800887E+01   -0.306286065461710777E+01   -0.218648960944678095E+01   -0.921191046782289114E+01   -0.675764149025930116E+01   -0.878610663780233558E+01   -0.485835078226873307E+01    0.659792149475483257E+03
    0.924719061492149552E+00    0.256966813242813600E+03   -0.893143285758297623E+01   -0.858544879050112897E+01   -0.465066144324528352E+01   -0.621365478410839778E+01   -0.902312238331464656E+01   -0.891662671762682990E+01   -0.892038019454586362E+01    0.659821364513444450E+03
    0.909830639492435589E+00    0.419941721377595400E+03   -0.291216291738104438E+01   -0.442160834481782228E+01   -0.706171311378759103E+01   -0.691827523619020379E+01   -0.736867307549185035E+01   -0.391657830779261484E+01   -0.362064047544442591E+01    0.659836294858121846E+03
    0.913971011803080824E+00    0.347084541070978332E+03   -0.451049129275026317E+01   -0.562606894329631757E+01   -0.389762594532093587E+01   -0.350514613161561428E+01   -0.566246285070868716E+01   -0.313116042114078397E+01   -0.589437389212648544E+01    0.659854750894115227E+03
    0.914404974496513701E+00    0.383247388808034543E+03   -0.883867203882233632E+01   -0.263324591111900297E+01   -0.282043113114835986E+01   -0.212632869175188866E+01   -0.619679666511937555E+01   -0.821691828323251094E+01   -0.622187270128694969E+01    0.659879040544731993E+03
    0.917390862123168782E+00    0.261918621817437440E+03   -0.855558951759918607E+01   -0.366462277637595868E+01   -0.318523233180036414E+01   -0.771314863684995267E+01   -0.716691087958837336E+01   -0.778361671937146404E+01   -0.682662735074449323E+01    0.659897610966679281E+03
    0.912396064945571350E+00    0.371557905262906274E+03   -0.897697565533623809E+01   -0.196746859836960297E+01   -0.312843939642302438E+01   -0.203016536296003913E+01   -0.768074344309501811E+01   -0.385304125391306052E+01   -0.595147032066040005E+01    0.659912457357135850E+03
    0.915116056985955439E+00    0.295547561951836542E+03   -0.865669711382208362E+01   -0.762903889899241250E+01   -0.348084138555754752E+01   -0.776490033597783835E+01   -0.738348885335704441E+01   -0.940590170548741611E+01   -0.377003614532214826E+01    0.659923835325587788E+03
    0.917676018652385683E+00    0.234013166118563220E+03   -0.960224769460384842E+01   -0.514423999597064441E+01   -0.185165867048966959E+01   -0.496783603781659266E+01   -0.804365086297060650E+01   -0.322406603815751147E+01   -0.405057690895691280E+01    0.659931973941371666E+03
    0.912365876153229172E+00    0.284634588010442656E+03   -0.623147471228998295E+01   -0.705510702157875436E+01   -0.170157213812480812E+01   -0.172427859664002803E+01   -0.591578553672581986E+01   -0.194990846787814576E+01   -0.723423903933730550E+01    0.659954422923276411E+03
    0.911456078677566062E+00    0.467633880434949390E+03   -0.294930809620491630E+01   -0.651783419840211220E+01   -0.669499120531524916E+01   -0.772961677159252858E+01   -0.836281676496151860E+01   -0.627937809713433914E+01   -0.910401090567485838E+01    0.659983105370451881E+03
    0.917037839426229962E+00    0.258033007556540497E+03   -0.640509023810363054E+01   -0.799921688635162731E+01   -0.113679552772418191E+01   -0.560369644003276512E+01   -0.853092136008843305E+01   -0.743384887565392738E+01   -0.721157564893646885E+01    0.659987471003135283E+03
    0.914528741302898407E+00    0.315059902061767559E+03   -0.594919856450406215E+01   -0.767820571279410924E+01   -0.144873896245371192E+01   -0.825872174897298450E+01   -0.858534068213714008E+01   -0.567438818603171136E+01   -0.951418276666969653E+01    0.660010160414226789E+03
    0.915797191066661131E+00    0.263938284789757518E+03   -0.530480282349354759E+01   -0.280697229493315170E+01   -0.152864265931105692E+01   -0.154099363728783700E+01   -0.496967469202771461E+01   -0.663770720619923082E+01   -0.456229302249408430E+01    0.660016846173946305E+03
    0.915933145831497209E+00    0.328468398259109335E+03   -0.468161598737770923E+01   -0.891731002042458343E+01   -0.485092639640270562E+01   -0.231163254057749779E+01   -0.897050090063844152E+01   -0.776573197413471306E+01   -0.740729914735149997E+01    0.660032745827777376E+03
    0.908402852484379020E+00    0.470853022523066556E+03   -0.473796225143656180E+01   -0.860939865033764029E+01   -0.256925352578144484E+01   -0.336002501554131072E+01   -0.623958310110366021E+01   -0.402041456198210945E+01   -0.660100931130605240E+01    0.660040880295047145E+03
    0.922083780859903834E+00    0.236105050820695368E+03   -0.662477859593312868E+01   -0.818620862550564254E+01   -0.510340651314348559E+01   -0.440181619385024092E+01   -0.667594828948119989E+01   -0.616650498031797945E+01   -0.848372730765628802E+01    0.660133950159300525E+03
    0.916776756287222994E+00    0.256742418160044679E+03   -0.297012788851913889E+01   -0.444667399871160818E+01   -0.986907992101545872E+01   -0.645270115352268459E+01   -0.618053537643425255E+01   -0.468836194189926481E+01   -0.603707392540869137E+01    0.660153507065245208E+03
    0.916596708546577488E+00    0.242442181108880760E+03   -0.221357171859245572E+01   -0.288841030357565387E+01   -0.436407137859692806E+01   -0.390886744817199272E+01   -0.791292104035182753E+01   -0.979092401476932928E+01   -0.496435409291011265E+01    0.660157755915268581E+03
    0.912435457543394057E+00    0.312341487773531640E+03   -0.137826341891466519E+01   -0.296577100568410401E+01   -0.191612233356363859E+01   -0.519469250302344765E+01   -0.489281036039674522E+01   -0.636259522263638555E+01   -0.726140321740325945E+01    0.660177550017074395E+03
    0.906315806131689161E+00    0.464085437670553972E+03   -0.541043355718254482E+01   -0.605672021549213468E+01   -0.229456163318005668E+01   -0.146469419059425654E+01   -0.604356400645917713E+01   -0.784627229492252809E+01   -0.457662672324724884E+01    0.660198164016643091E+03
    0.918789975260912217E+00    0.379000337977934407E+03   -0.940979864725983539E+01   -0.724059810611941135E+01   -0.363874440066772387E+01   -0.730346890216153444E+01   -0.966561380522669467E+01   -0.538857653144023718E+01   -0.917186889288242568E+01    0.660208741239909841E+03
    0.909960020343064335E+00    0.424882187331309638E+03   -0.332834024576272469E+01   -0.522265358668150359E+01   -0.325687229170109660E+01   -0.102122965383506425E+01   -0.526628137416904529E+01   -0.490885235628297956E+01   -0.395912282909023894E+01    0.660222661122162094E+03
    0.912332994369041472E+00    0.404673826019128057E+03   -0.244079496588124290E+01   -0.388418527740119668E+01   -0.996897014590618902E+01   -0.368759086756618260E+01   -0.734360638735387639E+01   -0.553172787566056101E+01   -0.777828001409728031E+01    0.660234186347067634E+03
    0.918801885932815310E+00    0.304705931518795694E+03   -0.724861940274646699E+01   -0.649489074905144559E+01   -0.276363577152972084E+01   -0.372400535137884425E+01   -0.725330362440863397E+01   -0.657807520915322463E+01   -0.989395802727405282E+01    0.660255999711344657E+03
    0.915089430106572621E+00    0.290483440620618808E+03   -0.587087409224109091E+01   -0.417645783036626383E+01   -0.176842686917570191E+01   -0.938447930193093249E+01   -0.876993711974964718E+01   -0.880883996209638376E+01   -0.371174247102110044E+01    0.660256010334323264E+03
    0.910959174864730770E+00    0.445301385487048321E+03   -0.741880237434754441E+01   -0.447858757141819641E+01   -0.320244990548796427E+01   -0.657235432312040135E+01   -0.695248110646392981E+01   -0.401855414123662946E+01   -0.828783804047658101E+01    0.660263660637870544E+03
    0.914625743229583232E+00    0.317363846079716154E+03   -0.231545266023877705E+01   -0.910072372384975736E+01   -0.457315707880119859E+01   -0.643246619138101394E+01   -0.871668291377459070E+01   -0.254018993960458239E+01   -0.702340606036642789E+01    0.660266433091228350E+03
    0.914056256062445560E+00    0.257577182348440658E+03   -0.479810025004425444E+01   -0.571188310648966358E+01   -0.104517362502155642E+01   -0.500968718355192966E+01   -0.430837080916779058E+01   -0.291949638507876852E+01   -0.798849988424407442E+01    0.660288404623925089E+03
    0.913616303712190603E+00    0.471169810472740664E+03   -0.359332640055785291E+01   -0.644677167031673548E+01   -0.822870934612226002E+01   -0.265296307859136427E+01   -0.698277063688686539E+01   -0.409243833608088803E+01   -0.910347539730847011E+01    0.660290687929666547E+03
    0.919087568858618642E+00    0.270771546375040828E+03   -0.489693840366254740E+01   -0.258727305983888201E+01   -0.630369066241222420E+01   -0.166312017912675181E+01   -0.851057326684359516E+01   -0.526852255520141366E+01   -0.580288576969745051E+01    0.660292803663624454E+03
    0.910100866316857493E+00    0.276903281862748429E+03   -0.196137329163634533E+01   -0.328997987951296356E+01   -0.137818600381415379E+01   -0.913987687879744470E+01   -0.474867359964928326E+01   -0.755170467900105358E+01   -0.425093512048671496E+01    0.660315614208569173E+03
    0.912071300910144767E+00    0.310386579783097488E+03   -0.660251347619898432E+01   -0.322166930269109830E+01   -0.220184933925758308E+01   -0.973086802831971553E+01   -0.902421684323829254E+01   -0.445212676244422845E+01   -0.246283471342347848E+01    0.660339008067025475E+03
    0.917440697474394939E+00    0.259018196280649477E+03   -0.598127356434583035E+01   -0.662200578098236825E+01   -0.310019641039295735E+01   -0.332749796335760095E+01   -0.817999097285667887E+01   -0.372330056255048447E+01   -0.409080388335661027E+01    0.660380268227868783E+03
    0.915008353356116744E+00    0.279611523062781600E+03   -0.450046001629532100E+01   -0.541857292233996635E+01   -0.346933020517654445E+01   -0.164958491640453175E+01   -0.701790382907921817E+01   -0.220642325699016251E+01   -0.782723203634851039E+01    0.660382287681220987E+03
    0.915063189380671771E+00    0.319729849248895732E+03   -0.217355523873033274E+01   -0.865962057665328544E+01   -0.294869430671905075E+01   -0.951520189319049514E+01   -0.905554752152009002E+01   -0.372534117578528967E+01   -0.862859317934336367E+01    0.660393283234716250E+03
    0.909611337278252829E+00    0.407676122729235203E+03   -0.151129153689488227E+01   -0.309813881541369973E+01   -0.521040691676764922E+01   -0.182294203519246878E+01   -0.611672274867039079E+01   -0.466729696609013889E+01   -0.915577265952099850E+01    0.660395126809715521E+03
    0.923503336765361338E+00    0.221023029858545812E+03   -0.776627709485189222E+01   -0.466430795292906986E+01   -0.656022007719928446E+01   -0.796239609502300993E+01   -0.806961807102732465E+01   -0.557356123810726967E+01   -0.935124406281557796E+01    0.660416191750346343E+03
    0.914300745088692079E+00    0.330607305528504469E+03   -0.296715882346227122E+01   -0.313692256048969398E+01   -0.863976124881237340E+01   -0.639136091886884916E+01   -0.969723763629002278E+01   -0.454078802442228469E+01   -0.451765762853313646E+01    0.660419352446454582E+03
    0.915295868226606912E+00    0.210666175801513106E+03   -0.531257291866254189E+01   -0.294675349081189530E+01   -0.148797778917550083E+01   -0.159629286609035148E+01   -0.882967937338510467E+01   -0.431482248421416248E+01   -0.746431172005270049E+01    0.660423217099163139E+03
    0.915409794079267924E+00    0.239712415666310989E+03   -0.873246096260623617E+01   -0.701843046855037755E+01   -0.228817895210036504E+01   -0.821657514514052956E+01   -0.963950949041999472E+01   -0.715422820552700678E+01   -0.399041804133437061E+01    0.660426906518238980E+03
    0.909807062890084728E+00    0.438755073115671394E+03   -0.798268700298918343E+01   -0.869984839522593845E+01   -0.255706628844230366E+01   -0.255062150266827015E+01   -0.856718912268978983E+01   -0.638945073939941022E+01   -0.647143724728298242E+01    0.660439420026286143E+03
    0.904458564970271994E+00    0.438915523614361234E+03   -0.421562053757065236E+01   -0.598059616070298095E+01   -0.203283123679566202E+01   -0.204967598248705762E+01   -0.848265493024183925E+01   -0.208055093147106618E+01   -0.595376207711527705E+01    0.660448386594382782E+03
    0.912175582777547067E+00    0.277657587321935694E+03   -0.466100179628197164E+01   -0.463961781352957292E+01   -0.176287524706389753E+01   -0.171632302722295016E+01   -0.729848722958605567E+01   -0.535901506343250222E+01   -0.358900161335603052E+01    0.660455533005127336E+03
    0.915482817517379588E+00    0.216787931867087877E+03   -0.314892960390168053E+01   -0.535546769325325300E+01   -0.390100759710743361E+01   -0.330846304722034645E+01   -0.895176854169548442E+01   -0.232862610208226428E+01   -0.278902469203529968E+01    0.660456473750381065E+03
    0.913043849492801485E+00    0.459934519391794367E+03   -0.438659929081144995E+01   -0.746327816316728310E+01   -0.620777188851834971E+01   -0.236702300384138198E+01   -0.724413377482729626E+01   -0.566327872929999554E+01   -0.615188151217290091E+01    0.660473484483237826E+03
    0.908799379716272449E+00    0.377962087038567915E+03   -0.728732449896788559E+01   -0.473377481511935727E+01   -0.128384206977789717E+01   -0.236500762589502589E+01   -0.657209926422651058E+01   -0.560942033494632408E+01   -0.542636218197467901E+01    0.660492859843928272E+03
    0.915982239695569911E+00    0.223505787889564317E+03   -0.270076677536707965E+01   -0.517308951987624432E+01   -0.299611099700265271E+01   -0.388637470137543861E+01   -0.507840247762916697E+01   -0.771969342761993360E+01   -0.462097486166095806E+01    0.660598540490595724E+03
    0.902711407297966284E+00    0.471401527940719461E+03   -0.217748568070011039E+01   -0.876493751490457740E+01   -0.240865647042015318E+01   -0.450239582357099088E+01   -0.458338699077540479E+01   -0.955164246604134703E+01   -0.553307307498346823E+01    0.660619634042064604E+03
    0.918165131709688054E+00    0.204674609945862642E+03   -0.831531512847055332E+01   -0.465700801998974789E+01   -0.162464042346672954E+01   -0.880798683256691994E+01   -0.543914505859911124E+01   -0.346898228391851493E+01   -0.708554367773929350E+01    0.660621736543081852E+03
    0.915313670786273570E+00    0.283866546897033970E+03   -0.372449569267476566E+01   -0.659309579564809489E+01   -0.945098633610611216E+01   -0.571731420278821467E+01   -0.979639354863549272E+01   -0.244594159914219400E+01   -0.748956162727173869E+01    0.660628845240725013E+03
    0.905832989923147647E+00    0.393275693853223515E+03   -0.538262414608193218E+01   -0.799627628049190431E+01   -0.134600393262316231E+01   -0.768459223167909045E+01   -0.565440788903140401E+01   -0.364412082915791036E+01   -0.466126409821784549E+01    0.660647441701641469E+03
    0.911864632667045094E+00    0.277519478313621960E+03   -0.236312389527360089E+01   -0.316696616618853000E+01   -0.403764793763904173E+01   -0.332004899615404980E+01   -0.904551192764920309E+01   -0.215455883311244722E+01   -0.264876918988265864E+01    0.660648269297326806E+03
    0.911769921944208250E+00    0.388737027359930153E+03   -0.768408958926293728E+01   -0.551337310475879416E+01   -0.303434875901891754E+01   -0.227178484273539016E+01   -0.786990285718650640E+01   -0.343998028055593252E+01   -0.567663085078551610E+01    0.660649896140684064E+03
    0.915207837629322563E+00    0.294463099037248753E+03   -0.557568986228980989E+01   -0.554341682629022880E+01   -0.287646262174505285E+01   -0.888699726780600940E+01   -0.837931521961252379E+01   -0.591089344316257215E+01   -0.684057968565341046E+01    0.660656571216471320E+03
    0.906108155691801143E+00    0.468872535064728993E+03   -0.616166910605265894E+01   -0.502198834787754844E+01   -0.319455507991768872E+01   -0.312122252256764376E+01   -0.741460607175229036E+01   -0.521944472921311498E+01   -0.318340291275464793E+01    0.660656693388937811E+03
    0.918737030996785276E+00    0.271652917319859057E+03   -0.601381872715818044E+01   -0.181182995476149600E+01   -0.280595438864160052E+01   -0.712448824163153205E+01   -0.915577465450219208E+01   -0.541324255106585372E+01   -0.650878641281798487E+01    0.660668078593446921E+03
    0.919352378970623163E+00    0.204157155752182007E+03   -0.540593653917312622E+01   -0.621300303936004639E+01   -0.467432433366775513E+01   -0.483374464511871338E+01   -0.710063773393630981E+01   -0.810040056705474854E+01   -0.859360569715499878E+01    0.660673770201983643E+03
    0.914493469974336337E+00    0.383991055244129370E+03   -0.389216277429809843E+01   -0.415689758748209659E+01   -0.550276331476306257E+01   -0.885691656685313866E+01   -0.736651290735034614E+01   -0.676487118045765179E+01   -0.745651941449533773E+01    0.660707587798735858E+03
    0.926858325954505124E+00    0.304129974872979005E+03   -0.818696647709836256E+01   -0.785064590046472244E+01   -0.666139158042859059E+01   -0.621215762914366376E+01   -0.943686835710575522E+01   -0.900093521873406743E+01   -0.904480753310676633E+01    0.660715834063576949E+03
    0.911986225431867803E+00    0.273654302953892056E+03   -0.297925040691851439E+01   -0.477141569843230240E+01   -0.135874213838502023E+01   -0.814643296133649208E+01   -0.458491186373599113E+01   -0.656521762082156624E+01   -0.827788542310370801E+01    0.660722398621622801E+03
    0.915037191418816120E+00    0.252341253794859398E+03   -0.570370311242516959E+01   -0.183197860771142906E+01   -0.225573592094224118E+01   -0.980343285894959315E+01   -0.511426184673011264E+01   -0.540711059420460494E+01   -0.394680911028400949E+01    0.660736624508523050E+03
    0.916495309477016296E+00    0.279773493963750639E+03   -0.994888741924854259E+01   -0.353196250980811310E+01   -0.241938676679956188E+01   -0.643903114354986794E+01   -0.882842298924032320E+01   -0.270075799638235114E+01   -0.702196089263833478E+01    0.660737583364374132E+03
    0.911699351982420803E+00    0.457588926975191214E+03   -0.280452445583091414E+01   -0.717533587653734095E+01   -0.956803279935570394E+01   -0.316271373823509716E+01   -0.777915541544169109E+01   -0.552120578990439892E+01   -0.617883486887161837E+01    0.660762783799824206E+03
    0.907118644891078851E+00    0.366265432760554461E+03   -0.377517596587572246E+01   -0.779363763296564738E+01   -0.126254618418732178E+01   -0.240193455056092731E+01   -0.528094175169397317E+01   -0.241575329615895207E+01   -0.296097787216291408E+01    0.660766501706365261E+03
    0.915848669616310507E+00    0.327995893590427215E+03   -0.395164443124980114E+01   -0.220204134503243587E+01   -0.357440325596619068E+01   -0.841922462479942979E+01   -0.788232426703646993E+01   -0.908018698732495011E+01   -0.471910044288808805E+01    0.660768246842158646E+03
    0.913834422964933224E+00    0.387491091046919678E+03   -0.420752147898943285E+01   -0.783000139384657601E+01   -0.758151656151416020E+01   -0.378200643553473181E+01   -0.906412647966574880E+01   -0.488278979738075591E+01   -0.589624651203891936E+01    0.660772782447831901E+03
    0.917576892477198758E+00    0.348979730474626706E+03   -0.826107459544603628E+01   -0.752759957634251631E+01   -0.406209175309384829E+01   -0.107726838115993218E+01   -0.837220464649359641E+01   -0.482726100176240092E+01   -0.899536376429086459E+01    0.660787187388885627E+03
    0.910472538898044359E+00    0.396826846139085546E+03   -0.554735067346612887E+01   -0.741997355217354304E+01   -0.196193741484274220E+01   -0.782832054644961950E+01   -0.654772545941502759E+01   -0.398681086562959308E+01   -0.915219612221488887E+01    0.660795477757908202E+03
    0.914147226757219156E+00    0.313900658405306842E+03   -0.201354553341978981E+01   -0.516543347708047129E+01   -0.518486520616170843E+01   -0.341382228684581435E+01   -0.797419520039447960E+01   -0.544052051834779338E+01   -0.575951388197192937E+01    0.660796258034614539E+03
    0.897373837131352214E+00    0.477992147426459212E+03   -0.245930052002336907E+01   -0.495125738430174600E+01   -0.129415277099218251E+01   -0.553293859723349435E+01   -0.609524543645781858E+01   -0.629790164620425408E+01   -0.220328040114213586E+01    0.660799847391788376E+03
    0.915265605791829251E+00    0.223323721364897523E+03   -0.311869285136928198E+01   -0.739031245924328228E+01   -0.265182862394906405E+01   -0.480870590382109686E+01   -0.458397256244110629E+01   -0.284535948540788741E+01   -0.580625696097545863E+01    0.660805550761311679E+03
    0.912763697208777147E+00    0.285309262701534635E+03   -0.366500793608208753E+01   -0.455224477117057891E+01   -0.252742503407359287E+01   -0.902052546954897139E+01   -0.747265678600106042E+01   -0.999733364505877553E+01   -0.388144805205015597E+01    0.660841670137021993E+03
    0.912048313852730552E+00    0.362749410818634942E+03   -0.612300164439034589E+01   -0.654734790491274499E+01   -0.175591560025065796E+01   -0.651516164929049157E+01   -0.675063531166913666E+01   -0.429774272095380194E+01   -0.733996495579230235E+01    0.660846998602277267E+03
    0.916923336498556729E+00    0.234854743782884924E+03   -0.554187270786945430E+01   -0.351179600713619600E+01   -0.337594734386107653E+01   -0.920043784774462559E+01   -0.706880728818961579E+01   -0.426704384254755276E+01   -0.619768398155949463E+01    0.660849387581883093E+03
    0.917635722433703616E+00    0.364676719099137586E+03   -0.471582391984120441E+01   -0.738988031675140977E+01   -0.601774552365633042E+01   -0.361645008749869135E+01   -0.745172824338723938E+01   -0.740455828760577184E+01   -0.900214245524945866E+01    0.660853328449812011E+03
    0.916587558351440346E+00    0.291942402826557895E+03   -0.327004020251722238E+01   -0.482828999357153954E+01   -0.821375885198464140E+01   -0.592576676693562998E+01   -0.784669026315197193E+01   -0.295875919736444892E+01   -0.892492194432647956E+01    0.660861029550890521E+03
    0.910834029199455331E+00    0.332493713699483294E+03   -0.159096253099330021E+01   -0.513689234702577568E+01   -0.478966616119692645E+01   -0.601979754011314938E+01   -0.958291465954184396E+01   -0.220001200192608870E+01   -0.339469102815562529E+01    0.660906412115830108E+03
    0.911394635643998141E+00    0.424026471704626601E+03   -0.904547910534605037E+01   -0.601132739859083109E+01   -0.311868610710796812E+01   -0.411041017265359265E+01   -0.816153788986053108E+01   -0.810445038339371671E+01   -0.430765715376431046E+01    0.660908247731517804E+03
    0.915853745325705182E+00    0.282461952969320919E+03   -0.720024057346627089E+01   -0.163450282108075307E+01   -0.136596163102890067E+01   -0.317498464116320722E+01   -0.816880256634755497E+01   -0.438076591232241430E+01   -0.837842667238305694E+01    0.660912642380711759E+03
    0.909294731781535637E+00    0.375325720362229617E+03   -0.381321333075451374E+01   -0.835676646663562117E+01   -0.299261502826855796E+01   -0.617694217871164408E+01   -0.877192995746585424E+01   -0.202768942959522391E+01   -0.466814738323308998E+01    0.660931701602189605E+03
    0.914083445142249484E+00    0.294547635143542323E+03   -0.197532580028844507E+01   -0.379410910753810526E+01   -0.210154424584735811E+01   -0.455473801657658317E+01   -0.890660036117282949E+01   -0.589760334599560654E+01   -0.396468533122283873E+01    0.660946502283262816E+03
    0.913867133268850607E+00    0.286311887074951073E+03   -0.351732319224291867E+01   -0.596286894194344796E+01   -0.114545469793906207E+01   -0.466988081007668310E+01   -0.558918672523448823E+01   -0.356432702638205434E+01   -0.815169321285003434E+01    0.660964303070271512E+03
    0.910068720848514534E+00    0.443820524162796687E+03   -0.333435903969981506E+01   -0.434039994653800409E+01   -0.643055101877153579E+01   -0.690085951842986312E+01   -0.842724524849260881E+01   -0.460832978185434428E+01   -0.552377041132248969E+01    0.660988422677089716E+03
    0.913799429359215987E+00    0.257341876942964461E+03   -0.309062354364419711E+01   -0.948444170269063314E+01   -0.189392792025780210E+01   -0.101121654710751940E+01   -0.478676358140471070E+01   -0.739149405138570170E+01   -0.851976058413004544E+01    0.660998531323879433E+03
    0.917550006120607664E+00    0.207164381276689369E+03   -0.642081411337482244E+01   -0.375531490306534366E+01   -0.263238793308040986E+01   -0.426793640212318337E+01   -0.843152837626075247E+01   -0.626609956377922828E+01   -0.641939456792703922E+01    0.661005620050099424E+03
    0.913757197483557770E+00    0.434983812287750538E+03   -0.929210253036206701E+01   -0.477556806596116790E+01   -0.356775273898672207E+01   -0.890548002531330063E+01   -0.946530538176705605E+01   -0.695440684177949020E+01   -0.543557385724719921E+01    0.661006772414911552E+03
    0.909435056039220924E+00    0.388909784271901344E+03   -0.442975468246379833E+01   -0.340402631736466788E+01   -0.192263611748378338E+01   -0.232964627748428832E+01   -0.527072633775356714E+01   -0.503848713276394644E+01   -0.485375976503275819E+01    0.661012973184780776E+03
    0.908139929532513324E+00    0.368403976942665054E+03   -0.163837793448136892E+01   -0.902858232080350831E+01   -0.241186619761482390E+01   -0.495773912377302572E+01   -0.428258816282936028E+01   -0.875876054505309298E+01   -0.380535979628990084E+01    0.661023873467891690E+03
    0.901269971870195308E+00    0.426851067070425472E+03   -0.671123316898420974E+01   -0.533814501991385537E+01   -0.139013041421531724E+01   -0.609419132256801355E+01   -0.727607775242374721E+01   -0.203217608265528860E+01   -0.199653680727534955E+01    0.661034477681468616E+03
    0.911554184355218622E+00    0.334183356824617817E+03   -0.643075448943470640E+01   -0.771046643302586165E+01   -0.221100049138754429E+01   -0.607860141586869496E+01   -0.763563399287097866E+01   -0.803635594456117630E+01   -0.377698805624716716E+01    0.661045671015450580E+03
    0.923184212553986194E+00    0.272807144574285019E+03   -0.599050618509437527E+01   -0.501961023760299341E+01   -0.708219356880258744E+01   -0.391925471360554045E+01   -0.949279688197828264E+01   -0.855365679854517680E+01   -0.922604188806641190E+01    0.661058059665263727E+03
    0.913181693773106984E+00    0.321597210637893170E+03   -0.316481760376558352E+01   -0.825695672646330259E+01   -0.307249474581759596E+01   -0.665055506656866768E+01   -0.477967940750577291E+01   -0.471601140487052461E+01   -0.678131897780115445E+01    0.661067173478487916E+03
    0.922097574738003134E+00    0.223344209003202707E+03   -0.863504878068469317E+01   -0.622224732256662527E+01   -0.409750175283840701E+01   -0.318705255334051341E+01   -0.794308879705788584E+01   -0.694007896980677863E+01   -0.730801077168350233E+01    0.661072694261428182E+03
    0.902582898927996813E+00    0.468324702353668783E+03   -0.411083297238783896E+01   -0.433693222784944066E+01   -0.322837763995629512E+01   -0.643373752114337361E+01   -0.806422122029624688E+01   -0.330299918581540641E+01   -0.250249405795861257E+01    0.661077801256655107E+03
    0.909339036235903175E+00    0.300960488038768517E+03   -0.130338572491585047E+01   -0.663430635638031863E+01   -0.196469328188200620E+01   -0.997447887142155665E+01   -0.652080073908601232E+01   -0.600086861302208430E+01   -0.941448561780486770E+01    0.661087430199642881E+03
    0.911083491731708994E+00    0.353201861811784056E+03   -0.887196022396852868E+01   -0.468386030857146540E+01   -0.174690363381684577E+01   -0.514368006984439141E+01   -0.580423971189550514E+01   -0.639675349463958831E+01   -0.642645126745695805E+01    0.661090999242308271E+03
    0.917885984769601704E+00    0.219326338764792695E+03   -0.276273754838503738E+01   -0.512030071055464742E+01   -0.597006314949239325E+01   -0.154322904537279904E+01   -0.944331964070750907E+01   -0.273756896743737155E+01   -0.575853017503308973E+01    0.661101036913300618E+03
    0.914538068371846924E+00    0.250846795986067605E+03   -0.185062215579884004E+01   -0.705682564818118863E+01   -0.796176692289182686E+01   -0.649872242680234358E+01   -0.558425059179516392E+01   -0.209968446997460312E+01   -0.886094428647361809E+01    0.661104014753534670E+03
    0.904755666953121818E+00    0.458535595352323753E+03   -0.119251751102507519E+01   -0.216297692692690724E+01   -0.397129202689825167E+01   -0.583512546948705069E+01   -0.555318239982174511E+01   -0.649930424032709020E+01   -0.533304231857925171E+01    0.661140563497034236E+03
    0.914160966874676628E+00    0.261833982854833096E+03   -0.217758390293411797E+01   -0.181120092759572060E+01   -0.791253391672007034E+01   -0.372308376845959632E+01   -0.721413555218033764E+01   -0.342362018104574073E+01   -0.471166037515655578E+01    0.661144512400400572E+03
    0.912908447042090510E+00    0.366347690349513186E+03   -0.327612726006786747E+01   -0.670326249349938141E+01   -0.472952958632930187E+01   -0.578650732993003380E+01   -0.656213112127056952E+01   -0.265931833549398888E+01   -0.669445238780918928E+01    0.661147119208255162E+03
    0.910571620537725779E+00    0.293181073319545703E+03   -0.554633592527587549E+01   -0.218156729612386968E+01   -0.198734582441427854E+01   -0.850548079604699403E+01   -0.764092916267872724E+01   -0.149608683566154888E+01   -0.263169617650632137E+01    0.661156509202710254E+03
    0.921902552797520647E+00    0.299636716750876246E+03   -0.720218909870762580E+01   -0.958527323693217959E+01   -0.523317938241355751E+01   -0.678734848021345627E+01   -0.768218071898125032E+01   -0.717467382177176916E+01   -0.776599202390656096E+01    0.661162656850852500E+03
    0.916012376146263851E+00    0.214023330544127731E+03   -0.677808198471402434E+01   -0.808269577843263320E+01   -0.139137534072961344E+01   -0.860711658134604818E+01   -0.636248254395567425E+01   -0.946205620498638567E+01   -0.398907576190748880E+01    0.661171612828852290E+03
    0.909869818529181029E+00    0.454832116087895542E+03   -0.296908650326991186E+01   -0.518717369193013411E+01   -0.302978912055472094E+01   -0.422284135012710493E+01   -0.555786654813933989E+01   -0.470669524752386437E+01   -0.917430287685448320E+01    0.661174238671691796E+03
    0.920606218421242128E+00    0.328840932218314038E+03   -0.610722093806351030E+01   -0.430521538937848280E+01   -0.545068349546133835E+01   -0.476851775555358071E+01   -0.739034683591264852E+01   -0.884198483663519319E+01   -0.760022122069824313E+01    0.661178745022447288E+03
    0.911459194485426449E+00    0.359863816705572560E+03   -0.873533101370255949E+01   -0.497769406267028902E+01   -0.230702243004853180E+01   -0.431682045124423475E+01   -0.714010447416184579E+01   -0.760341315517681871E+01   -0.453286110945352938E+01    0.661180471616440059E+03
    0.911576012112123468E+00    0.285075792008626195E+03   -0.720489097229053854E+01   -0.564582449260903996E+01   -0.104706237271376779E+01   -0.919975778893804730E+01   -0.590347472489765668E+01   -0.430348871452404147E+01   -0.671050438283553774E+01    0.661196695162596029E+03
    0.910869449129064201E+00    0.378783551252329289E+03   -0.266539984586391121E+01   -0.729692541832919606E+01   -0.387285932678044276E+01   -0.866541302386405476E+01   -0.627245270946140820E+01   -0.769179824987747818E+01   -0.421133907163602661E+01    0.661199096801964174E+03
    0.904581265637224963E+00    0.388469826023215489E+03   -0.207967997844355157E+01   -0.826994661597831460E+01   -0.150749858074789245E+01   -0.446671111774767660E+01   -0.467106714942401968E+01   -0.790140948924220332E+01   -0.229624736646329630E+01    0.661210482340392446E+03
    0.922916582298102361E+00    0.280211135575772801E+03   -0.648057299004664955E+01   -0.745388113066185820E+01   -0.941715512586861792E+01   -0.525482327413360562E+01   -0.890266227677122579E+01   -0.708657957031182484E+01   -0.847839801472279397E+01    0.661224158236109929E+03
    0.922271985691634044E+00    0.281122371268659492E+03   -0.763099395800586766E+01   -0.900004446967925986E+01   -0.468280194469250777E+01   -0.182188951331702498E+01   -0.795416769253471578E+01   -0.756153370309693962E+01   -0.769229353595561527E+01    0.661224523691169452E+03
    0.917270162099055097E+00    0.397493594484488710E+03   -0.548740841759700082E+01   -0.683936238144485031E+01   -0.596969896503812247E+01   -0.787267673879194341E+01   -0.783960909290049024E+01   -0.635361636101528582E+01   -0.626638696397104411E+01    0.661236577324834570E+03
    0.909033207519232000E+00    0.411990531454760230E+03   -0.642302639055073854E+01   -0.905330909193533451E+01   -0.221036825508650292E+01   -0.449251363843239560E+01   -0.765845827778816535E+01   -0.636965837356991749E+01   -0.473231325265222846E+01    0.661237868629936656E+03
    0.905647322276939892E+00    0.435898967477642941E+03   -0.165282987499357503E+01   -0.687369604639487619E+01   -0.762890721546544981E+01   -0.575564091138227951E+01   -0.874503688154890568E+01   -0.245192678935513442E+01   -0.323785561782812614E+01    0.661240909517092405E+03
    0.914513128681464615E+00    0.346734233563213365E+03   -0.674118900691910383E+01   -0.712486551396328682E+01   -0.266152990467340089E+01   -0.449875332408787454E+01   -0.652659260017260667E+01   -0.824028361298002210E+01   -0.761304137723352969E+01    0.661245492029080083E+03
    0.921646182143588066E+00    0.275674937152695350E+03   -0.684497627150024712E+01   -0.615644115313542351E+01   -0.608357501069225037E+01   -0.994714088656794360E+01   -0.818418848002660759E+01   -0.777549220906931815E+01   -0.791211346538565774E+01    0.661250876435538203E+03
    0.915625191451912124E+00    0.253662397681954815E+03   -0.303446259305548338E+01   -0.724981089027354741E+01   -0.893911786556826904E+01   -0.868136200411905179E+01   -0.849212271779212102E+01   -0.216301608564906100E+01   -0.694624430801736636E+01    0.661255615225862584E+03
    0.907022966617782478E+00    0.408496355366022044E+03   -0.196518937450274223E+01   -0.487509771099591394E+01   -0.505066422658514647E+01   -0.941185211721741766E+01   -0.773601261348522584E+01   -0.208334908884616166E+01   -0.330110808716520854E+01    0.661258892555059901E+03
    0.914502326321580350E+00    0.441123240636518744E+03   -0.406654725230125447E+01   -0.843706416515941626E+01   -0.567775981783393568E+01   -0.840392951503981500E+01   -0.683276652487250935E+01   -0.676698953502441292E+01   -0.778383023794976925E+01    0.661289324677404920E+03
    0.914590618232599128E+00    0.263353127775817370E+03   -0.197253211049122434E+01   -0.167366544884898261E+01   -0.275432227117597250E+01   -0.368552562704115161E+01   -0.511659214928121209E+01   -0.723409777394912101E+01   -0.506574775955433498E+01    0.661296010371943225E+03
    0.916120688201000122E+00    0.292250449417856544E+03   -0.614508938321470488E+01   -0.531863748670562231E+01   -0.171080869194444318E+01   -0.771136410495433466E+01   -0.712893967694214492E+01   -0.525509442671740779E+01   -0.969318643630536059E+01    0.661302471145994559E+03
    0.910088846327629764E+00    0.309679306269063147E+03   -0.863258520251001826E+01   -0.591375742061280985E+01   -0.101623023570927984E+01   -0.385043299207055068E+01   -0.542683370641438678E+01   -0.704882324542467487E+01   -0.324725809143470734E+01    0.661303862374786149E+03
    0.915014239976200239E+00    0.239088958636295530E+03   -0.479645122361925136E+01   -0.613436702009355628E+01   -0.219079917982239003E+01   -0.209221605398258603E+01   -0.752493946018895521E+01   -0.643365286222125210E+01   -0.356225173642038673E+01    0.661305198087806389E+03
    0.911484267495645373E+00    0.435269170181669438E+03   -0.279385486894102453E+01   -0.215477766162931150E+01   -0.483848788407123198E+01   -0.197280395446498424E+01   -0.971405266130733125E+01   -0.646640694837223773E+01   -0.610248321895145462E+01    0.661331626573927906E+03
    0.919695452998407825E+00    0.368740050776430223E+03   -0.694200349342909639E+01   -0.759598964581810243E+01   -0.564109741072594240E+01   -0.920310617456206970E+01   -0.932144783925000375E+01   -0.629082141777103043E+01   -0.721896323559617414E+01    0.661333309633620729E+03
    0.907658624083810928E+00    0.419984607133808595E+03   -0.184443328701688891E+01   -0.295743298485484551E+01   -0.866284558740214372E+01   -0.594214799337728827E+01   -0.694189559597137240E+01   -0.248513280130322656E+01   -0.388226053477145783E+01    0.661335565167308346E+03
    0.915941389475277368E+00    0.285507562377116699E+03   -0.776982825142377553E+01   -0.637658381192040213E+01   -0.256846787919709563E+01   -0.251724609526950882E+01   -0.832538407772405620E+01   -0.906201889331893184E+01   -0.845108216966756842E+01    0.661336430665293733E+03
    0.906618740008217738E+00    0.384708389709233018E+03   -0.261405687465612324E+01   -0.457139220371960509E+01   -0.134283173698292657E+01   -0.612857827465534655E+01   -0.616398594615573003E+01   -0.983762079318233340E+01   -0.296008855177089458E+01    0.661344615907545062E+03
    0.914681582618269817E+00    0.255982058070450819E+03   -0.802722559029282223E+01   -0.424550300185622032E+01   -0.220652030649723763E+01   -0.374480364568660207E+01   -0.863725152532092366E+01   -0.385987040712030538E+01   -0.285296501701783267E+01    0.661346282117749183E+03
    0.912591973828435599E+00    0.234242819017592979E+03   -0.153059967969680777E+01   -0.861645794760817729E+01   -0.258890541257483164E+01   -0.523435579467528456E+01   -0.773846752969789264E+01   -0.176292584907624850E+01   -0.764646057221768594E+01    0.661348431339289618E+03
    0.915752749037334501E+00    0.264066345471044997E+03   -0.446793189971689930E+01   -0.738659219022519231E+01   -0.186582305512947322E+01   -0.722658737353830460E+01   -0.717889699895673594E+01   -0.218892124893018103E+01   -0.676392092585083304E+01    0.661355888145258859E+03
    0.910747368370886434E+00    0.468437307796109678E+03   -0.360061154096936242E+01   -0.414805562841082054E+01   -0.968320887342725278E+01   -0.251670632420151197E+01   -0.940880502530589169E+01   -0.417506355623928638E+01   -0.454325070492515071E+01    0.661356284777376686E+03
    0.915698896517861849E+00    0.228179341112653958E+03   -0.224229662498933191E+01   -0.764249357189316747E+01   -0.290502673328956007E+01   -0.520599931025412843E+01   -0.485465315418678145E+01   -0.448703590658055695E+01   -0.835301240428354497E+01    0.661361747149715825E+03
    0.914576732628210154E+00    0.249294278676377616E+03   -0.501507019000415077E+01   -0.567843116267656178E+01   -0.266285714788432504E+01   -0.733891282097263797E+01   -0.709546893444105198E+01   -0.335697517130243028E+01   -0.325382329679762705E+01    0.661366765563053605E+03
    0.914310533857660923E+00    0.262843208122322324E+03   -0.279789020507713371E+01   -0.907289342483026573E+01   -0.206506318582511916E+01   -0.871071819822392612E+01   -0.465538750664184153E+01   -0.589832358337411122E+01   -0.428258153541122422E+01    0.661366899611124381E+03
    0.913163549880115721E+00    0.291937051740382856E+03   -0.342113490640935769E+01   -0.998901683448814204E+01   -0.254064762032416702E+01   -0.319196794176271936E+01   -0.599886246825624969E+01   -0.888251672067573139E+01   -0.553311739506755984E+01    0.661370334686613887E+03
    0.917169080478545506E+00    0.232968038569515727E+03   -0.986853249343652905E+01   -0.637001151987699288E+01   -0.302207193937057106E+01   -0.369466624747886829E+01   -0.995592495810727129E+01   -0.443746570252286787E+01   -0.475124026608044403E+01    0.661393080667487197E+03
    0.916208651451282052E+00    0.232916813115641048E+03   -0.634309640060748059E+01   -0.530856279438086531E+01   -0.192816076865191199E+01   -0.633085131716160276E+01   -0.787246581420948033E+01   -0.609328950007226311E+01   -0.568615499769824595E+01    0.661402336188924778E+03
    0.914653096224476547E+00    0.469727924190597491E+03   -0.404218186604201968E+01   -0.752082914752754483E+01   -0.732924218928676297E+01   -0.893629523911860169E+01   -0.908834784055365397E+01   -0.490536996914678625E+01   -0.578932989556890476E+01    0.661407651299243639E+03
    0.911777093314916742E+00    0.427307370393633732E+03   -0.419793295654594800E+01   -0.578566194712698323E+01   -0.390911308650716105E+01   -0.859645769128507276E+01   -0.966033523947535855E+01   -0.299199856080459892E+01   -0.684826750044305399E+01    0.661411667017529339E+03
    0.921059595671866793E+00    0.282053414877866203E+03   -0.738198257817659531E+01   -0.858734248022510016E+01   -0.521289104475991127E+01   -0.216811582908697709E+01   -0.825385229364970918E+01   -0.646029976639636239E+01   -0.802696564924563205E+01    0.661415380183720913E+03
    0.908734411215632920E+00    0.366640520188204277E+03   -0.379551087068568194E+01   -0.207450167820368758E+01   -0.112920436356584730E+01   -0.490083633660452023E+01   -0.664281784059587910E+01   -0.922739400738515592E+01   -0.559493107153235592E+01    0.661416892159462577E+03
    0.916255687596561397E+00    0.258294727055923090E+03   -0.433061552126570692E+01   -0.282555506593838412E+01   -0.259828792722965574E+01   -0.582262786638309748E+01   -0.524911612017989260E+01   -0.372936225750400752E+01   -0.569035167106314521E+01    0.661432611555839117E+03
    0.909223488916065747E+00    0.412339359235620293E+03   -0.456916098929954639E+01   -0.215612854441615376E+01   -0.185319217270162540E+01   -0.711732213587838292E+01   -0.656480894094157996E+01   -0.647188575171413127E+01   -0.810923338788835046E+01    0.661432945941108869E+03
    0.914300873078601750E+00    0.305368751653653362E+03   -0.449902952729954730E+01   -0.832872988043764551E+01   -0.185665311709549385E+01   -0.857467867492818314E+01   -0.546954579906182303E+01   -0.770601703603639976E+01   -0.845325201446382124E+01    0.661433158131823575E+03
    0.922800350506349565E+00    0.200181028843199186E+03   -0.549492538783524953E+01   -0.719853638622495673E+01   -0.414242790234671787E+01   -0.306293999853690302E+01   -0.994635264077336245E+01   -0.896005750617139363E+01   -0.804149637077973800E+01    0.661437064715672818E+03
    0.922228196878802087E+00    0.215682795529418172E+03   -0.631892151081779652E+01   -0.664460551882673123E+01   -0.358929582472060016E+01   -0.656869277590880785E+01   -0.768558238691747775E+01   -0.858678171648839239E+01   -0.957419609077837030E+01    0.661446891749792030E+03
    0.916139986177466392E+00    0.206307001754020092E+03   -0.888553007067852541E+01   -0.725325111991774385E+01   -0.124615868905871530E+01   -0.481491186289999984E+01   -0.792784837544385645E+01   -0.418103232686687143E+01   -0.994668235906361353E+01    0.661451779023166750E+03
    0.910818341445554402E+00    0.475906873951579826E+03   -0.302232725905607502E+01   -0.439579460006959977E+01   -0.503906015834465570E+01   -0.327971795031608515E+01   -0.627592112007321745E+01   -0.369343378777123998E+01   -0.805194232917713215E+01    0.661459661672355992E+03
    0.917764740551527791E+00    0.215088498300431922E+03   -0.181139862217037972E+01   -0.421011469619491407E+01   -0.442912258481896792E+01   -0.319041070085324296E+01   -0.926398309346058824E+01   -0.513951673720503877E+01   -0.770867246797434369E+01    0.661463485691778828E+03
    0.911287069106757275E+00    0.435529706970135976E+03   -0.282980497255888430E+01   -0.237587750661358399E+01   -0.997506450465142080E+01   -0.360889945427465442E+01   -0.628731475506316073E+01   -0.445996534815561851E+01   -0.800969676035677658E+01    0.661472635449766813E+03
    0.905533277989345464E+00    0.446915802437535717E+03   -0.197154073029961197E+01   -0.512541910703461934E+01   -0.187966796253119206E+01   -0.874668031844813143E+01   -0.940647194119163643E+01   -0.590320431738539142E+01   -0.873734559362366880E+01    0.661484627450008020E+03
    0.911846900561475771E+00    0.429862535826248063E+03   -0.280355613845026141E+01   -0.459233300859940652E+01   -0.775495872297115518E+01   -0.343625353432185676E+01   -0.619679148511151467E+01   -0.373494014496317561E+01   -0.893318242750641289E+01    0.661497137460251906E+03
    0.909720260917852186E+00    0.371508068673678963E+03   -0.454229632789287674E+01   -0.905019689885159551E+01   -0.212962413821657659E+01   -0.623001884380912063E+01   -0.909048877550811341E+01   -0.205885721028969648E+01   -0.564497105862615811E+01    0.661503488033326335E+03
    0.915183731431259084E+00    0.280612835199567883E+03   -0.593675617198928673E+01   -0.502949123503420115E+01   -0.146595974360666403E+01   -0.732184326910517491E+01   -0.588152717230002242E+01   -0.805795820128981788E+01   -0.604071924104608016E+01    0.661507169138043196E+03
    0.914179715355559086E+00    0.292657703802716696E+03   -0.236966475777981422E+01   -0.395741139877633863E+01   -0.218138835966366784E+01   -0.172876733587762921E+01   -0.669861872777079004E+01   -0.275763668650239158E+01   -0.451056217489951106E+01    0.661510021650706790E+03
    0.914251477277626012E+00    0.280929456693630186E+03   -0.332131064512622398E+01   -0.514214707861834430E+01   -0.374984220289868553E+01   -0.354386140437311781E+01   -0.642266879797937129E+01   -0.415516006420940087E+01   -0.870285419443591124E+01    0.661512848409886601E+03
    0.913484759801218127E+00    0.430057147321108573E+03   -0.420291524643993331E+01   -0.356597556937450211E+01   -0.879774722981634838E+01   -0.781145403411696204E+01   -0.791779114050330257E+01   -0.376665877012158656E+01   -0.645914676628241047E+01    0.661518125934096588E+03
    0.916623940191867326E+00    0.238808761201010583E+03   -0.370223047961326834E+01   -0.768131540647626387E+01   -0.397067511050358757E+01   -0.325754596389705675E+01   -0.733400273344622722E+01   -0.680005913110102256E+01   -0.656773151118427201E+01    0.661531327883553899E+03
    0.908177696325186745E+00    0.455116101447870733E+03   -0.462514194640777987E+01   -0.583071567988159867E+01   -0.271295815362323811E+01   -0.907217453410486563E+01   -0.929235773841370438E+01   -0.411518122089626370E+01   -0.914391948538397159E+01    0.661531667087981873E+03
    0.915585658185090079E+00    0.280187646739275692E+03   -0.301458954269629675E+01   -0.731050015991165747E+01   -0.936393340708994870E+01   -0.372922975378544042E+01   -0.797543368801197161E+01   -0.480465713279623952E+01   -0.711587983467844065E+01    0.661543628371862837E+03
    0.916860772498345966E+00    0.297925444347095663E+03   -0.708433171588959798E+01   -0.518752861872429705E+01   -0.317766624311824142E+01   -0.238261615229419643E+01   -0.893268984794079302E+01   -0.843730117329233487E+01   -0.813145890291300866E+01    0.661556622980141015E+03
    0.916538836917680344E+00    0.357254206190115667E+03   -0.388152888245969852E+01   -0.483511305625372589E+01   -0.789067139409193352E+01   -0.430930078822435636E+01   -0.804027300111623333E+01   -0.604895082280985541E+01   -0.798581873123131736E+01    0.661559599023350756E+03
    0.906326012900499745E+00    0.479325189058123897E+03   -0.395100313722204888E+01   -0.416581788150412358E+01   -0.258610390657134293E+01   -0.843895095411699359E+01   -0.762032318933746478E+01   -0.478309597898908034E+01   -0.829029237875889002E+01    0.661560785397841869E+03
    0.917972497978655988E+00    0.241410826098141200E+03   -0.393818844886702202E+01   -0.718249712995825362E+01   -0.397405322229234326E+01   -0.344493910435085127E+01   -0.678123286289647353E+01   -0.311383836090090860E+01   -0.686218376506032612E+01    0.661567104314573157E+03
    0.907769592532569392E+00    0.422914893339359651E+03   -0.311963710447763010E+01   -0.468038871972615311E+01   -0.343726703250085119E+01   -0.606716037789229468E+01   -0.770307789993178460E+01   -0.215054315560410370E+01   -0.470402914354368473E+01    0.661567337200457246E+03
    0.917310285104525613E+00    0.346284847450250936E+03   -0.422407070386399930E+01   -0.290220137914367715E+01   -0.417265180207193431E+01   -0.708222357944347447E+01   -0.906922668707908208E+01   -0.609474496150748735E+01   -0.594884510718156179E+01    0.661581580915424638E+03
    0.913634122985336861E+00    0.375035049341718604E+03   -0.706907023619680963E+01   -0.325373241362858945E+01   -0.316701286022978046E+01   -0.215128272553681121E+01   -0.971930717497571450E+01   -0.697319821172616017E+01   -0.730598255472874669E+01    0.661587393353397033E+03
    0.909021899328706917E+00    0.311344921672146370E+03   -0.960641890490265737E+01   -0.536476007540449729E+01   -0.102026426129547687E+01   -0.535833193087749748E+01   -0.821257040352481127E+01   -0.526655480258774222E+01   -0.222057796746333036E+01    0.661591570331486196E+03
    0.912552408806621695E+00    0.346789553536126220E+03   -0.194152574106539255E+01   -0.713829803352909842E+01   -0.676791949274248061E+01   -0.611883855721843162E+01   -0.652750584316278371E+01   -0.290163529067219450E+01   -0.869955214031812929E+01    0.661593384790568848E+03
    0.917646566567682065E+00    0.337214281709275269E+03   -0.398194064088781552E+01   -0.522737844128277551E+01   -0.996439567177221797E+01   -0.560895906946639844E+01   -0.752175821340756734E+01   -0.483259347938357475E+01   -0.849886576841072383E+01    0.661600146046177542E+03
    0.915742503401346553E+00    0.255532891081283367E+03   -0.273095548894860940E+01   -0.769354937790488158E+01   -0.595352979520289072E+01   -0.671449713953660954E+01   -0.849620252923609698E+01   -0.431030415084409047E+01   -0.509391001741725180E+01    0.661602646247544726E+03
    0.920193715459486694E+00    0.275958663768721635E+03   -0.613781528221307937E+01   -0.282290819694594664E+01   -0.375311511194489977E+01   -0.785987525779816387E+01   -0.778001033935641573E+01   -0.771134922943708467E+01   -0.869736136584509012E+01    0.661608085736838575E+03
    0.918062334750920139E+00    0.301996943884035090E+03   -0.666944955443110477E+01   -0.211881488580532817E+01   -0.341419402415950746E+01   -0.531736747301295054E+01   -0.977102771747801491E+01   -0.978293215904795765E+01   -0.640233080169934965E+01    0.661629862359936624E+03
    0.909390608250210897E+00    0.365460643541609898E+03   -0.260737217845316138E+01   -0.361656656562512246E+01   -0.321652086093167444E+01   -0.179042556893025129E+01   -0.579107298258240988E+01   -0.182992643812618994E+01   -0.461118512268343572E+01    0.661637718906294822E+03
    0.918530477010733204E+00    0.230532430462362839E+03   -0.277351057106818999E+01   -0.679991166806550673E+01   -0.344674652892952516E+01   -0.734752152249102330E+01   -0.736073176635306403E+01   -0.542728904793218447E+01   -0.983989995144254515E+01    0.661637828037771442E+03
    0.918034357697084635E+00    0.218701839895289908E+03   -0.570467499311831716E+01   -0.317863680063625331E+01   -0.251304676843985586E+01   -0.143192196066533484E+01   -0.586153551368752002E+01   -0.457475559226078055E+01   -0.717178793752019317E+01    0.661652275190231990E+03
    0.910276355451276498E+00    0.343770166653181150E+03   -0.116160188599721970E+01   -0.628062836151359605E+01   -0.588330708588531870E+01   -0.380905961405670990E+01   -0.643118212685514123E+01   -0.195937116548001811E+01   -0.706781246860169787E+01    0.661657668383149030E+03
    0.924982777799619460E+00    0.205112433992370768E+03   -0.877240007963337121E+01   -0.810427211261651870E+01   -0.597248760179614280E+01   -0.646582201753095553E+01   -0.873613896167233506E+01   -0.914320648618258858E+01   -0.990957301427166470E+01    0.661660813191501120E+03
    0.914902419805285749E+00    0.292295113764245230E+03   -0.758407433432149780E+01   -0.480654465813795717E+01   -0.300179852563214844E+01   -0.287058261252615132E+01   -0.814902000288263828E+01   -0.349172345786932059E+01   -0.459218850052852900E+01    0.661665353571002925E+03
    0.908378437260332183E+00    0.475719965509179815E+03   -0.230008237289085216E+01   -0.719819598327360133E+01   -0.882929815725612599E+01   -0.328544797713426817E+01   -0.673899492839663772E+01   -0.495032135462089506E+01   -0.719385578087450295E+01    0.661666182296714055E+03
    0.918660667823770205E+00    0.221329586584328069E+03   -0.380906921493454931E+01   -0.813158214345022401E+01   -0.214146355734367777E+01   -0.875524438492514001E+01   -0.618698253677429921E+01   -0.743167358429876579E+01   -0.834289954876770068E+01    0.661666510473020480E+03
    0.911356754664993551E+00    0.311414467298292948E+03   -0.417506341899954680E+01   -0.835282800208488219E+01   -0.214515552891685157E+01   -0.468295102390786333E+01   -0.719925000573475771E+01   -0.439210105294663400E+01   -0.317165932959403829E+01    0.661668309905223168E+03
    0.908512202230607580E+00    0.377855464668590173E+03   -0.586334443388170445E+01   -0.764947760838027513E+01   -0.189656636647653265E+01   -0.906097648823243773E+01   -0.841730898890998702E+01   -0.638310199762417163E+01   -0.346130602888248085E+01    0.661684167133113988E+03
    0.904005989254539455E+00    0.424373843669595601E+03   -0.184100974142534035E+01   -0.382832328543096789E+01   -0.195907446556437748E+01   -0.361161470095752257E+01   -0.573182384835411707E+01   -0.929727891841796605E+01   -0.255433517708073410E+01    0.661692674668525001E+03
    0.908507013174782774E+00    0.487542246045052252E+03   -0.332046271269086191E+01   -0.319175362226954107E+01   -0.889781251963270670E+01   -0.339850590289957388E+01   -0.686099438673910900E+01   -0.321393488164492958E+01   -0.797087882931787295E+01    0.661697305762289602E+03
    0.905928954769831596E+00    0.408753927619745014E+03   -0.238276810111958603E+01   -0.146848914387790686E+01   -0.177965722757357092E+01   -0.224229773326636295E+01   -0.527224683491472135E+01   -0.174772740182733699E+01   -0.476351105674777475E+01    0.661698921435991338E+03
    0.905956989903401344E+00    0.408275998623191697E+03   -0.354600105532512888E+01   -0.394299253793940085E+01   -0.192804761098109090E+01   -0.353231579044327582E+01   -0.533060178196006884E+01   -0.250952452475825449E+01   -0.348806504883977642E+01    0.661700574495178785E+03
    0.914170332252963402E+00    0.235089323753125029E+03   -0.400587382220611410E+01   -0.525619629754900064E+01   -0.119232695811969869E+01   -0.398010204804161116E+01   -0.638155009030277753E+01   -0.748995846176187108E+01   -0.980023636270890286E+01    0.661702559429741427E+03
    0.917063644631398445E+00    0.213488480934886041E+03   -0.606551883013141602E+01   -0.737478492094148130E+01   -0.196854443516387789E+01   -0.973378717093741486E+01   -0.743269537326648067E+01   -0.940562648097027854E+01   -0.448348966953353489E+01    0.661704850291963680E+03
    0.915375444907022828E+00    0.334541782729284932E+03   -0.573337909398770584E+01   -0.894302031636577333E+01   -0.287215645264823394E+01   -0.426701811261305508E+01   -0.823430219226706939E+01   -0.707288007652499218E+01   -0.474156063600838618E+01    0.661715407582176113E+03
    0.904681448371647878E+00    0.460972208216791330E+03   -0.136088575684741464E+01   -0.440890775048652905E+01   -0.536132895200146642E+01   -0.596190846538486863E+01   -0.659826327411609359E+01   -0.193174069707499108E+01   -0.681282828285190956E+01    0.661716002753561156E+03
    0.912769969861134789E+00    0.286394582498188129E+03   -0.299371401300529527E+01   -0.808197466064239833E+01   -0.104284595895002496E+01   -0.874384049091139559E+01   -0.491309579781018702E+01   -0.653972058995092631E+01   -0.614669168971888880E+01    0.661717332672544217E+03
    0.914241061087533113E+00    0.381119811444799041E+03   -0.408432268682253152E+01   -0.696992201534621536E+01   -0.357700724667327474E+01   -0.917646442147895414E+01   -0.571881806542610693E+01   -0.540508057026793054E+01   -0.980101668933494530E+01    0.661730341675149020E+03
    0.913343495374846714E+00    0.259717013456070958E+03   -0.175368736034435102E+01   -0.358516663077659281E+01   -0.717016488593652035E+01   -0.857467697840150223E+01   -0.999711060033035004E+01   -0.145158744550219154E+01   -0.579921283239567131E+01    0.661734024494364689E+03
    0.912658393286185810E+00    0.397720292968611602E+03   -0.541162926602578498E+01   -0.160949097748614633E+01   -0.259311458542083884E+01   -0.715489244678430225E+01   -0.821043244186692434E+01   -0.773929291927114615E+01   -0.910944154647159010E+01    0.661734828558796494E+03
    0.911274550351826695E+00    0.332751511954827947E+03   -0.412380809807688209E+01   -0.277308340099794126E+01   -0.230029045018165945E+01   -0.560169378362028958E+01   -0.839262027482692474E+01   -0.622636217626350508E+01   -0.454217262967231061E+01    0.661755263393318046E+03
    0.911358169968283782E+00    0.305339841172559545E+03   -0.632150305146746838E+01   -0.371178613653309064E+01   -0.202395905970906398E+01   -0.664066527432147247E+01   -0.912509995395270757E+01   -0.294273492848178009E+01   -0.260600127378589352E+01    0.661757138807206502E+03
    0.917935708358539548E+00    0.285249213250627236E+03   -0.503737821864150703E+01   -0.977844396630134050E+01   -0.679123016326941986E+01   -0.747785658596712377E+01   -0.943127306198830517E+01   -0.543895481535572589E+01   -0.841091673501173709E+01    0.661758871547004901E+03
    0.913178878541443861E+00    0.256423174307358011E+03   -0.719049842844060016E+01   -0.307846957634861695E+01   -0.134111376896368384E+01   -0.758400004090180069E+01   -0.736422584807755687E+01   -0.762021309946126024E+01   -0.334754244347201713E+01    0.661759893034244556E+03
    0.914687489181944979E+00    0.301173374716332489E+03   -0.822909353603906624E+01   -0.976657644901828981E+01   -0.247684577510713666E+01   -0.891662917717451897E+01   -0.837980805364249548E+01   -0.325163220359384120E+01   -0.783273733335805744E+01    0.661762721017579565E+03
    0.917268126721995758E+00    0.263318601679962740E+03   -0.361609632547784976E+01   -0.510525101114469049E+01   -0.595971561147125772E+01   -0.611493087632170162E+01   -0.759681860569584355E+01   -0.511956652632527920E+01   -0.624030295915944855E+01    0.661765790492537349E+03
    0.906807978446597218E+00    0.399105071009402479E+03   -0.597842731705070740E+01   -0.178482666513628097E+01   -0.147068433453109115E+01   -0.302735604083732213E+01   -0.807708264348452865E+01   -0.903311854310505780E+01   -0.358821201689671287E+01    0.661775579854215039E+03
    0.909184930163027816E+00    0.375715632971719174E+03   -0.325003578773290513E+01   -0.613750301417786659E+01   -0.267717993299611834E+01   -0.842483690234638161E+01   -0.630728824364206098E+01   -0.724496544065147585E+01   -0.372435099740001174E+01    0.661780414713154869E+03
    0.913726913981019351E+00    0.364116135296489801E+03   -0.664349531561870243E+01   -0.658907598466408118E+01   -0.227606648270091760E+01   -0.540558854202339667E+01   -0.909416037710728631E+01   -0.756294196312975586E+01   -0.780725606254275206E+01    0.661800422256301204E+03
    0.912712487778993165E+00    0.296784858700050449E+03   -0.510426526130718550E+01   -0.381004697300043382E+01   -0.127674015292564569E+01   -0.976611884706402478E+01   -0.553690750715489965E+01   -0.847340555943875984E+01   -0.899090357193792578E+01    0.661803627821802138E+03
    0.917843679806619850E+00    0.255376197358750403E+03   -0.476065592793435854E+01   -0.449365924820857643E+01   -0.345809555357129383E+01   -0.475966650966763805E+01   -0.808343593051203690E+01   -0.725309740515886325E+01   -0.466862342239690964E+01    0.661807171425753381E+03
    0.911916494788212129E+00    0.371612414270624242E+03   -0.442715904135774885E+01   -0.113329215118183058E+01   -0.273633458626150095E+01   -0.616978505695464285E+01   -0.697829724376710736E+01   -0.890684107514845458E+01   -0.431101953023560647E+01    0.661808086576173309E+03
    0.910744045253747858E+00    0.343243518427676577E+03   -0.429013300660525854E+01   -0.636324764196236270E+01   -0.163209368182595327E+01   -0.594524198305063045E+01   -0.982830384408705626E+01   -0.602290172053616502E+01   -0.338234198786351392E+01    0.661809532917956290E+03
    0.903108377961690745E+00    0.456504571752586742E+03   -0.193521851035203696E+01   -0.747071064473401591E+01   -0.236051443492828295E+01   -0.531180245357128378E+01   -0.596482133444094398E+01   -0.716711917408779264E+01   -0.686171493654337183E+01    0.661816755830162492E+03
    0.911678456097190781E+00    0.469604879977639200E+03   -0.392323522214168285E+01   -0.892528935973603410E+01   -0.487515266138447512E+01   -0.728729115297061991E+01   -0.663900573831370533E+01   -0.609755060088501288E+01   -0.736259478459579064E+01    0.661832447903466118E+03
    0.913877406818938476E+00    0.330128411304605152E+03   -0.696210582068293071E+01   -0.860532566173659319E+01   -0.275448899978927919E+01   -0.762630072086586885E+01   -0.729761118321462199E+01   -0.354794641077041284E+01   -0.482510827208272630E+01    0.661834952168229506E+03
    0.918160001509364831E+00    0.275590339824334706E+03   -0.955343783031402438E+01   -0.442401877446822045E+01   -0.292359583073686924E+01   -0.987717846151338286E+01   -0.693003983267126156E+01   -0.884233236706888981E+01   -0.842970312414454348E+01    0.661851429103835699E+03
    0.911679757660344703E+00    0.359291962861501474E+03   -0.379669088683492184E+01   -0.404270157182675316E+01   -0.165190152139911817E+01   -0.365561795844860438E+01   -0.868521933635666166E+01   -0.788591145888395140E+01   -0.670246845794229618E+01    0.661856767461798427E+03
    0.905645507028320473E+00    0.455432104353960995E+03   -0.246423431077130939E+01   -0.640621667912305526E+01   -0.300097007203414368E+01   -0.431117835842009978E+01   -0.897333929663362007E+01   -0.616633574391893369E+01   -0.556131317212168508E+01    0.661859956275897957E+03
    0.907693538483276607E+00    0.392929228006804863E+03   -0.374883486716348280E+01   -0.318433744045008815E+01   -0.205914374945915757E+01   -0.353088488586107374E+01   -0.595279361727849654E+01   -0.338779484693852506E+01   -0.545221271088537129E+01    0.661861341934323491E+03
    0.917438818789102273E+00    0.260243726651203872E+03   -0.912633308381033537E+01   -0.662212285764382091E+01   -0.218205033238780999E+01   -0.352579005731019368E+01   -0.724713256304365405E+01   -0.376763970049609398E+01   -0.887288525997763422E+01    0.661865054522611445E+03
    0.904382581612422021E+00    0.443033953705401871E+03   -0.285390349444081082E+01   -0.982819180410523252E+01   -0.182644290111529095E+01   -0.303000678030776971E+01   -0.804807898197466542E+01   -0.205049763588146927E+01   -0.928978151966835775E+01    0.661870427994623697E+03
    0.913555737753388053E+00    0.293112402662740124E+03   -0.380090438092352834E+01   -0.388612447153241725E+01   -0.324148323291234863E+01   -0.762149978141377815E+01   -0.936441098966836272E+01   -0.226323428624811473E+01   -0.583328383381908200E+01    0.661870633800372275E+03
    0.913768250210927668E+00    0.296885542650276818E+03   -0.796945256022825443E+01   -0.251653001591789671E+01   -0.125858703812363970E+01   -0.560910241341132654E+01   -0.754815735567564872E+01   -0.298193326890395660E+01   -0.801362002334672496E+01    0.661872338419306288E+03
    0.912819586693988438E+00    0.383827984398129729E+03   -0.960981913375227137E+01   -0.193320411441097662E+01   -0.260354567416388694E+01   -0.544280318391582973E+01   -0.892701347049809968E+01   -0.593698623376166967E+01   -0.511324878495879975E+01    0.661872567402897403E+03
    0.913877347572573329E+00    0.318341985423256972E+03   -0.271880175769968346E+01   -0.487931038760686775E+01   -0.925309475458883668E+01   -0.259331001724762000E+01   -0.834998980985391448E+01   -0.241497310853583880E+01   -0.860055248999042377E+01    0.661880540903802967E+03
    0.914425457152471144E+00    0.231482153126490459E+03   -0.200644148145131318E+01   -0.808957460071124856E+01   -0.273898929667718338E+01   -0.366282275694034087E+01   -0.821835753746496245E+01   -0.635640217634884674E+01   -0.481221109167150640E+01    0.661881670272929114E+03
    0.910777903313348403E+00    0.345047179183447952E+03   -0.686297469074991984E+01   -0.961843065849362944E+01   -0.179927188037601304E+01   -0.304150911787900746E+01   -0.826247109322066109E+01   -0.771942648081282101E+01   -0.444964563161251370E+01    0.661884128342691156E+03
    0.917326111363487073E+00    0.272333739740197188E+03   -0.397115170565270859E+01   -0.665912792670408304E+01   -0.540741488625952460E+01   -0.587001322782836610E+01   -0.759815963715088927E+01   -0.325882729834038187E+01   -0.811388937453611092E+01    0.661886950019998267E+03
    0.915285928572680429E+00    0.245165978360896190E+03   -0.589638346917705469E+01   -0.112606135385026995E+01   -0.173637668626537689E+01   -0.269419613941193781E+01   -0.902826365707595002E+01   -0.216991504679795355E+01   -0.676209988511950311E+01    0.661897045097083605E+03
    0.905310449293392550E+00    0.435584844239825088E+03   -0.154776107061829471E+01   -0.325866711139872578E+01   -0.365569787560720538E+01   -0.401189076340665807E+01   -0.545912988930492826E+01   -0.465008757940272677E+01   -0.666540858331577901E+01    0.661903578216422488E+03
    0.911112895964570124E+00    0.314482606186932571E+03   -0.352156205436185221E+01   -0.522400500922203470E+01   -0.130489736247302979E+01   -0.257867727852491058E+01   -0.634039595550028512E+01   -0.173062859223777110E+01   -0.456730922802945472E+01    0.661904505844463529E+03
    0.911367916747574558E+00    0.274282776595776681E+03   -0.200686737906908608E+01   -0.442565412529177316E+01   -0.189036705738545940E+01   -0.182652628899913694E+01   -0.477068731171545668E+01   -0.243995998216306287E+01   -0.624390396068187137E+01    0.661913603036332802E+03
    0.909944115785161434E+00    0.389560457936845694E+03   -0.193844743603972525E+01   -0.735633692852448640E+01   -0.398798208669544962E+01   -0.662771557987613491E+01   -0.636057100736378089E+01   -0.698839569723855547E+01   -0.538145834828827940E+01    0.661915110736150950E+03
    0.913253723967688780E+00    0.292919392786198273E+03   -0.147662623148596772E+01   -0.652397892611479868E+01   -0.179971436744066082E+01   -0.936073525658795980E+01   -0.735472472249138320E+01   -0.345020229562791947E+01   -0.480327646017975951E+01    0.661916830914963157E+03
    0.910561502416057045E+00    0.307540783942254848E+03   -0.154522305616299072E+01   -0.897438136790925789E+01   -0.276754154647672834E+01   -0.685705489475058183E+01   -0.506313083229502059E+01   -0.434565198834921951E+01   -0.638446986014646090E+01    0.661921271893349626E+03
    0.916099439194537069E+00    0.251314302933649969E+03   -0.822718916499960784E+01   -0.536163583880806272E+01   -0.184985698487833972E+01   -0.410008929169440783E+01   -0.941541474952579271E+01   -0.561348971903497862E+01   -0.397290097336612469E+01    0.661932844284272960E+03
    0.919476269833594317E+00    0.319843881141919496E+03   -0.637668674677680514E+01   -0.909103392021511958E+01   -0.350431448623467467E+01   -0.864684551205927576E+01   -0.767007251748119057E+01   -0.805227972673256431E+01   -0.963389836885025908E+01    0.661936025772822404E+03
    0.915054303610641440E+00    0.294751068549091315E+03   -0.334345013786033096E+01   -0.416385300049215168E+01   -0.576293242676984718E+01   -0.487759849782620858E+01   -0.896431295836293351E+01   -0.462332653131428639E+01   -0.587806008897211463E+01    0.661937747015225682E+03
    0.914476914856218626E+00    0.348937707389343132E+03   -0.371270269362401883E+01   -0.870608030417325907E+01   -0.598424044206100003E+01   -0.464281873247309562E+01   -0.712947961881086290E+01   -0.320519772891621813E+01   -0.780938653837642072E+01    0.661942209938784458E+03
    0.914060168870909684E+00    0.321164094617939440E+03   -0.595565912929533425E+01   -0.285022098771052512E+01   -0.155494071758261576E+01   -0.720950102478768251E+01   -0.823409878246401128E+01   -0.850553915774689706E+01   -0.895329759258624058E+01    0.661947383965181984E+03
    0.921590566270161338E+00    0.245721252291662609E+03   -0.630442684983792656E+01   -0.365471005024077389E+01   -0.594757449860952381E+01   -0.361340129744500160E+01   -0.867121874801238057E+01   -0.863757509396072010E+01   -0.967732661613409562E+01    0.661954995659575616E+03
    0.915235331613749370E+00    0.232266726796764488E+03   -0.338036161219041720E+01   -0.888170305781759950E+01   -0.297840283407870121E+01   -0.970515498981587754E+01   -0.779609596601221533E+01   -0.373265549110641270E+01   -0.751033872915234468E+01    0.661960091178516564E+03
    0.913051965295213153E+00    0.261466548587391742E+03   -0.475423815164709307E+01   -0.884684623635110690E+01   -0.139472008505437017E+01   -0.867709504104736418E+01   -0.586870754731561650E+01   -0.251896393075384228E+01   -0.383777239083197053E+01    0.661974455065257416E+03
    0.918794390066971167E+00    0.205078776369257270E+03   -0.349556011250698262E+01   -0.665917837888076480E+01   -0.582679425929526129E+01   -0.523673642028199726E+01   -0.806629906010041786E+01   -0.555014824367205151E+01   -0.797728591001237497E+01    0.661980806537772423E+03
    0.910642719522339883E+00    0.371654294066231785E+03   -0.342911207785073735E+01   -0.594748696766785123E+01   -0.298087627402807254E+01   -0.119838028776035976E+01   -0.542054061011333754E+01   -0.291826407766395324E+01   -0.578640875988845416E+01    0.661994615243795010E+03
    0.917792641036586976E+00    0.365166804804449725E+03   -0.461221978018614198E+01   -0.736295013757232386E+01   -0.420007671298387919E+01   -0.576098570482348205E+01   -0.886660130405053337E+01   -0.944339048033079465E+01   -0.604144873303659935E+01    0.662003109386346182E+03
    0.912966153806756719E+00    0.463693011907942832E+03   -0.322935299993233027E+01   -0.452599287511539572E+01   -0.763939502605643561E+01   -0.442583383336663339E+01   -0.736203739960197368E+01   -0.498531605002037281E+01   -0.720950643715508832E+01    0.662005987607358975E+03
    0.914425956527579853E+00    0.487942471563024924E+03   -0.425681991409925597E+01   -0.841331113142948261E+01   -0.575626892224575570E+01   -0.765213367873260442E+01   -0.800718726292752869E+01   -0.892906265894409756E+01   -0.783143962317677200E+01    0.662010055807340791E+03
    0.912367067500368889E+00    0.285995675735976306E+03   -0.312395896483572333E+01   -0.408038786687322563E+01   -0.212895971159764130E+01   -0.321111604331175027E+01   -0.677862671206654355E+01   -0.826103245547654907E+01   -0.393883768433335213E+01    0.662011343017238801E+03
    0.913256921861012150E+00    0.319450473944540249E+03   -0.251432614811030675E+01   -0.386558975876386235E+01   -0.242574784614310524E+01   -0.615353229448005923E+01   -0.507951393617028213E+01   -0.660742675836458382E+01   -0.758369609861973082E+01    0.662015652939039569E+03
    0.910746196747463821E+00    0.306879650917403637E+03   -0.919495041330415397E+01   -0.719515946325686961E+01   -0.119108931733013534E+01   -0.697765597009358984E+01   -0.841097355098041177E+01   -0.820138535358138654E+01   -0.351276122746189490E+01    0.662020931617709152E+03
    0.915737101071571358E+00    0.221603184329192572E+03   -0.365805953402450257E+01   -0.491959429989629093E+01   -0.184000449186188142E+01   -0.688139976986101054E+01   -0.547986868013747586E+01   -0.479639582784368912E+01   -0.758174625053621476E+01    0.662021667222123710E+03
    0.912403357165981754E+00    0.343843817739658448E+03   -0.914182400336560086E+01   -0.365879627156559373E+01   -0.187841724313561187E+01   -0.822703723333863302E+01   -0.658131086155309397E+01   -0.866713559465924277E+01   -0.730086389810980663E+01    0.662021676322534518E+03
    0.916937764079199136E+00    0.253129513043581170E+03   -0.644183674528390604E+01   -0.104215311779874753E+01   -0.171914448675403797E+01   -0.320954552907668322E+01   -0.777806352591279104E+01   -0.369904658658214647E+01   -0.901417657981840215E+01    0.662025171754764528E+03
    0.911944039801618089E+00    0.321373848954532775E+03   -0.787040929063727290E+01   -0.122793196754193268E+01   -0.200069035630007441E+01   -0.477294805841248237E+01   -0.830340481698355859E+01   -0.769368315910344425E+01   -0.414535734535317069E+01    0.662025226604237332E+03
    0.911004181541558600E+00    0.404119285781320912E+03   -0.320878766512662228E+01   -0.279743822499326811E+01   -0.876207137307776662E+01   -0.392899655230929490E+01   -0.819983691468084430E+01   -0.344362683208403375E+01   -0.484295864030930723E+01    0.662038540026835108E+03
    0.915305342419965307E+00    0.287579209058669903E+03   -0.263093462153022273E+01   -0.528189845247649803E+01   -0.386976459053704858E+01   -0.597396590518611870E+01   -0.823217738851587200E+01   -0.651616000109530269E+01   -0.494989209068840275E+01    0.662042394236870109E+03
    0.912654643109343078E+00    0.423089735248814122E+03   -0.312454990938275579E+01   -0.838618775391084803E+01   -0.687006155955510778E+01   -0.315951123450884985E+01   -0.773814055188273464E+01   -0.534590246341758224E+01   -0.963728622913827593E+01    0.662042672333339056E+03
    0.912520790540393700E+00    0.345286996839157041E+03   -0.285420768866019259E+01   -0.821940553400690987E+01   -0.701491358057022119E+01   -0.219507134421347061E+01   -0.936967201904027291E+01   -0.403973630806450945E+01   -0.678461565876094230E+01    0.662047671645669311E+03
    0.905176116765662342E+00    0.443357186258583624E+03   -0.267979463900593906E+01   -0.615830078924693680E+01   -0.174536331252828880E+01   -0.749655093641179704E+01   -0.825213418228976181E+01   -0.383802058826928683E+01   -0.566727080996620991E+01    0.662054287444873580E+03
    0.918583431473657064E+00    0.274568381795815412E+03   -0.695837427477151760E+01   -0.476051715894690108E+01   -0.367241546065545243E+01   -0.267129611910038900E+01   -0.887141940426395870E+01   -0.816321315076637788E+01   -0.838974342756577407E+01    0.662058940871018422E+03
    0.915773703740718759E+00    0.342514007218537301E+03   -0.286071126686349242E+01   -0.731638838456158247E+01   -0.422681271400228820E+01   -0.897086090851257190E+01   -0.877981545918468242E+01   -0.448217077198217950E+01   -0.861593723649120946E+01    0.662084483406692016E+03
    0.905769599217064347E+00    0.479750197075441463E+03   -0.298852588204284952E+01   -0.397692530497188734E+01   -0.233938269039792424E+01   -0.799423063903966202E+01   -0.700771264481920397E+01   -0.376180942085487668E+01   -0.623368913414723025E+01    0.662088878444609577E+03
    0.912338102519146821E+00    0.365129296179161713E+03   -0.651763534874550565E+01   -0.250891542901666753E+01   -0.262033731341665099E+01   -0.890409909729228666E+01   -0.674601871212302484E+01   -0.458007972153082932E+01   -0.787132923122010197E+01    0.662091167687097595E+03
    0.917026185639169378E+00    0.209501252021785291E+03   -0.232410444169327146E+01   -0.141069154722697832E+01   -0.326281713490119962E+01   -0.669580637040082571E+01   -0.857507117597355162E+01   -0.175797733567281611E+01   -0.831703822190243258E+01    0.662091540118816283E+03
    0.916711833592740111E+00    0.205658229580625914E+03   -0.199833858847094703E+01   -0.593665468421578613E+01   -0.189021943654664604E+01   -0.924841798928579273E+01   -0.627861683547425464E+01   -0.659760314237042245E+01   -0.440458680029428340E+01    0.662094159364179859E+03
    0.917713955322811747E+00    0.220796256532183037E+03   -0.458620219692031661E+01   -0.797657404881121401E+01   -0.357061437340282595E+01   -0.912967767997778346E+01   -0.843962556479793768E+01   -0.883466079975355889E+01   -0.535738057575931492E+01    0.662094399457451345E+03
    0.918089144522630241E+00    0.303544636427516025E+03   -0.497154427890138972E+01   -0.877411402461609313E+01   -0.332683336145454867E+01   -0.234319709703683365E+01   -0.649885446434583258E+01   -0.962131266159699550E+01   -0.909754220394831847E+01    0.662094948641140945E+03
    0.910616918757681693E+00    0.361806370348233486E+03   -0.967710185121816124E+01   -0.107364846835820593E+01   -0.179217441898240182E+01   -0.503579422044938152E+01   -0.743243200433035156E+01   -0.264664679315824980E+01   -0.785878030672875560E+01    0.662098631017200887E+03
    0.913838176981048522E+00    0.255721050270249521E+03   -0.367574967410095965E+01   -0.327505772010220486E+01   -0.105779120438286434E+01   -0.402312966996623089E+01   -0.570102105705013784E+01   -0.185010974268693573E+01   -0.931873902602001891E+01    0.662102322339191346E+03
    0.915019145166743431E+00    0.313204532406010173E+03   -0.931687822306889046E+01   -0.460041737167063047E+01   -0.249211995422718058E+01   -0.522880681545374593E+01   -0.774454287796043506E+01   -0.516335958769468117E+01   -0.485928621965070384E+01    0.662105680619565987E+03
    0.916425252852342109E+00    0.263189334567889091E+03   -0.413713162865833528E+01   -0.162918451587113644E+01   -0.367128852690934604E+01   -0.881211220219595326E+01   -0.775451371374001575E+01   -0.696904911467726418E+01   -0.709425343639041017E+01    0.662106723895854998E+03
    0.903597101144082759E+00    0.468396849316182227E+03   -0.295138662265289931E+01   -0.789309363735556779E+01   -0.230417641605370171E+01   -0.156882058668525737E+01   -0.692946517455612732E+01   -0.799913028743502341E+01   -0.384124678527457597E+01    0.662110438090320031E+03
    0.908354913521395746E+00    0.397824020390779083E+03   -0.125277964944806364E+01   -0.671990845637188450E+01   -0.254323562858677210E+01   -0.495844778124151908E+01   -0.847628418816870521E+01   -0.511649145966500640E+01   -0.478985433984756170E+01    0.662110555251435926E+03
    0.912729173129118942E+00    0.261249673694093019E+03   -0.150545226868375437E+01   -0.683817285063808011E+01   -0.593793323487822100E+01   -0.255447912609709693E+01   -0.824185035401402644E+01   -0.181628342731245418E+01   -0.663672900377035813E+01    0.662114999991859804E+03
    0.910807048164646971E+00    0.432814950625106349E+03   -0.543122314942024254E+01   -0.379718827027847272E+01   -0.311699598448750770E+01   -0.652674333724447209E+01   -0.922652232530906602E+01   -0.512387646659959017E+01   -0.472846162210348098E+01    0.662115963680535287E+03
    0.913237574589113366E+00    0.309084804621607873E+03   -0.373589867929382180E+01   -0.330432074959470956E+01   -0.231102691917880065E+01   -0.946869401644729258E+01   -0.540214399725196692E+01   -0.917252369568715231E+01   -0.673369876225507547E+01    0.662120684441538401E+03
    0.916406456894453991E+00    0.255552071400197633E+03   -0.432633772619135826E+01   -0.829866796839628407E+01   -0.369100791448216103E+01   -0.730649380347588995E+01   -0.894988970513495374E+01   -0.663712538989320677E+01   -0.767107607331043262E+01    0.662135725096348210E+03
    0.909929156643742965E+00    0.325008478808606696E+03   -0.456320631326756398E+01   -0.307123364149458133E+01   -0.100306827393892739E+01   -0.211038017551228396E+01   -0.644666575843811707E+01   -0.212165175267378903E+01   -0.842737595931336969E+01    0.662139166036653705E+03
    0.902472447055275073E+00    0.482407505018467361E+03   -0.182652039515884113E+01   -0.300212643203686369E+01   -0.485823593075812887E+01   -0.757906644265129881E+01   -0.802287160587641068E+01   -0.242424536322798723E+01   -0.499499870550497249E+01    0.662142265199860844E+03
    0.901186566485218998E+00    0.457177832184725787E+03   -0.226099785642958917E+01   -0.591311511885179097E+01   -0.172012733678217877E+01   -0.148849576531559613E+01   -0.822000986122122157E+01   -0.593889812216781277E+01   -0.255389657850098661E+01    0.662144076990215126E+03
    0.907562641684873661E+00    0.394513569417377653E+03   -0.222910643869786362E+01   -0.866073069452609445E+01   -0.355780788104657120E+01   -0.559218472757174823E+01   -0.647439169281263815E+01   -0.173891275280364432E+01   -0.516900952318349738E+01    0.662147251718208508E+03
    0.910529242105200032E+00    0.336700340847944517E+03   -0.685755370551917842E+01   -0.296578180439098738E+01   -0.143599868259943797E+01   -0.657134794071394346E+01   -0.645313977849337128E+01   -0.876544949843684584E+01   -0.752293009098305809E+01    0.662149948299916105E+03
    0.905499401742956178E+00    0.405706151808041113E+03   -0.532281808401747281E+01   -0.128227296565297522E+01   -0.120123044665054124E+01   -0.280255722759482584E+01   -0.705944925483741947E+01   -0.806646386436597140E+01   -0.435398081229087630E+01    0.662151630584872123E+03
    0.916256711760867315E+00    0.233821934880352728E+03   -0.850505761756490664E+01   -0.894497176775028358E+01   -0.136009937132036995E+01   -0.621627144296012979E+01   -0.702432894723950518E+01   -0.824616958537237288E+01   -0.765235374713650351E+01    0.662153105704092241E+03
    0.915732509271765638E+00    0.222117185069758392E+03   -0.329957666689900009E+01   -0.608277084544629787E+01   -0.301710957955709702E+01   -0.436575726041302836E+01   -0.701451494897852612E+01   -0.206681267720762030E+01   -0.560749296756676774E+01    0.662153762685679453E+03
    0.917348389180083990E+00    0.269807206913801394E+03   -0.999270331190228944E+01   -0.674471560316039564E+01   -0.289399772401009425E+01   -0.179843160486240627E+01   -0.890905207177611125E+01   -0.498546495171097703E+01   -0.525717989296111821E+01    0.662159553736925204E+03
    0.911148216574163117E+00    0.350857743033546740E+03   -0.225031748077293692E+01   -0.403743729032457477E+01   -0.319488816821499011E+01   -0.327929171070295666E+01   -0.525573246092096369E+01   -0.234980555530832991E+01   -0.883708570250200331E+01    0.662161842379948780E+03
    0.915959266705368425E+00    0.240778419863608207E+03   -0.129836126250190453E+01   -0.223928897307515129E+01   -0.246042457006063131E+01   -0.459025043333757932E+01   -0.972341818648699174E+01   -0.604796688513309721E+01   -0.767148497424224818E+01    0.662166640421842203E+03
    0.914148080282275455E+00    0.351410022523699695E+03   -0.434855367803800874E+01   -0.705924670903179408E+01   -0.358895703489417883E+01   -0.669203585553957847E+01   -0.781420546846572162E+01   -0.984683366239171320E+01   -0.903104383428641100E+01    0.662168006548884705E+03
    0.905604044469669911E+00    0.457063800742803210E+03   -0.214835926884434691E+01   -0.339189176778837176E+01   -0.329212100131932583E+01   -0.509569215448518253E+01   -0.890370771311419595E+01   -0.643836116473798015E+01   -0.757649989246821320E+01    0.662168091009880754E+03
    0.901561167770801197E+00    0.457422399763144597E+03   -0.215205488096159492E+01   -0.874692144677264238E+01   -0.153389342345683666E+01   -0.480731906141627263E+01   -0.528715564684415806E+01   -0.372051438297340731E+01   -0.717971331395068724E+01    0.662176065423698674E+03
    0.915459026178179203E+00    0.297717283510441746E+03   -0.213897709606563957E+01   -0.801332109244927260E+01   -0.280340479436776402E+01   -0.747804660627971529E+01   -0.903958042653990113E+01   -0.686266634840477519E+01   -0.893316231337602851E+01    0.662181109781801752E+03
    0.914425084185907955E+00    0.270757093423928723E+03   -0.811513459756932143E+01   -0.446837068306261997E+01   -0.142722215877326519E+01   -0.720149297530506161E+01   -0.695552152253027955E+01   -0.972749723243799380E+01   -0.908537560574362146E+01    0.662183737891378883E+03
    0.911892542623556790E+00    0.348619206435854267E+03   -0.166373726478675366E+01   -0.695742205572041961E+01   -0.322424923310329170E+01   -0.583500067667981348E+01   -0.710620148989389477E+01   -0.623490021303139308E+01   -0.515253703679923003E+01    0.662186364433638801E+03
    0.921441568518163834E+00    0.246076147231052914E+03   -0.637507308979539467E+01   -0.539146568085418210E+01   -0.387025002485121838E+01   -0.820277048661026065E+01   -0.785809928487902809E+01   -0.584740880132895402E+01   -0.834723680719029915E+01    0.662186766266177415E+03
    0.907007716320714197E+00    0.371821773186245252E+03   -0.120237601138731875E+01   -0.597594343657261717E+01   -0.166200233842391576E+01   -0.688456448773004404E+01   -0.483252821046996317E+01   -0.987679125986065998E+01   -0.371933076350058300E+01    0.662187127925866321E+03
    0.905492157654791741E+00    0.414445412947699765E+03   -0.271187550563745816E+01   -0.565317780215086874E+01   -0.147264269029859740E+01   -0.594837712405761287E+01   -0.967049631358219841E+01   -0.628771729080417874E+01   -0.576847644757724876E+01    0.662192337354084543E+03
    0.905161889292236954E+00    0.401864156960400351E+03   -0.238902066569155824E+01   -0.502067686877320352E+01   -0.159957001254636744E+01   -0.651237311347962411E+01   -0.518652354570723428E+01   -0.720459018040511268E+01   -0.484509651453430656E+01    0.662196940667320519E+03
    0.913190871092436574E+00    0.393102264110094552E+03   -0.421406643027313610E+01   -0.326444560686181884E+01   -0.276613344209287071E+01   -0.148537340331341383E+01   -0.639281536186325283E+01   -0.602698381026551999E+01   -0.654708996486441741E+01    0.662199980044035897E+03
    0.913959214214524751E+00    0.268741659495551971E+03   -0.458321554587615676E+01   -0.431240271776255657E+01   -0.235723295612520634E+01   -0.469142851416278539E+01   -0.772633695129052356E+01   -0.244252997022548968E+01   -0.403488462381575097E+01    0.662205151017411822E+03
    0.917353013337751766E+00    0.343555766831865753E+03   -0.717170442307553913E+01   -0.658439947679732906E+01   -0.305735860791366942E+01   -0.684653792245424508E+01   -0.833481762572492713E+01   -0.772736676273993162E+01   -0.800128897541967454E+01    0.662205943045084041E+03
    0.916265074511555255E+00    0.247972632976554308E+03   -0.517433700785827710E+01   -0.591979364587295898E+01   -0.236600353293956633E+01   -0.604694550632225969E+01   -0.846573961562571142E+01   -0.966233368932304515E+01   -0.414105885498414583E+01    0.662207154245119114E+03
    0.914426109250670693E+00    0.246739728282383027E+03   -0.450841860750311874E+01   -0.397024214930142882E+01   -0.169057528590117556E+01   -0.806395598450448148E+01   -0.657738460951171966E+01   -0.285441139242694941E+01   -0.753137769333171647E+01    0.662208461698325664E+03
    0.910653788273539933E+00    0.366396923518719632E+03   -0.494448247080022441E+01   -0.135369298795447612E+01   -0.264692551306736679E+01   -0.712933773623613476E+01   -0.917152435644251796E+01   -0.416530432363991920E+01   -0.360876887301277804E+01    0.662211966292468333E+03
    0.913365601041555952E+00    0.257333104143259334E+03   -0.154030216566062350E+01   -0.748278998567757281E+01   -0.853984977536683765E+01   -0.575701545542827642E+01   -0.871362893328740640E+01   -0.285871599797806564E+01   -0.762359853917877217E+01    0.662222866078346783E+03
    0.914103876282049699E+00    0.346130582511650289E+03   -0.854733506721368386E+01   -0.665528430355541456E+01   -0.225821167852219951E+01   -0.495255247192804937E+01   -0.925477984013795307E+01   -0.642173137678095429E+01   -0.865899043302430904E+01    0.662229244468237994E+03
    0.917159344504902885E+00    0.256697419619712264E+03   -0.792138204087794229E+01   -0.764363152831424664E+01   -0.189079621686513377E+01   -0.137175053594992136E+01   -0.966486165638847083E+01   -0.664756528623026632E+01   -0.511692286770924731E+01    0.662232998767130880E+03
    0.909968041999258292E+00    0.352800192655689898E+03   -0.471635852725235249E+01   -0.350491432534616987E+01   -0.168926067851460360E+01   -0.489669240704528264E+01   -0.595549548831890263E+01   -0.259631818405931192E+01   -0.688072130219735101E+01    0.662235035015758172E+03
    0.904866810047307624E+00    0.454996450865239808E+03   -0.150984093744001591E+01   -0.764742556792543393E+01   -0.207679125242559870E+01   -0.168628701850722429E+01   -0.887510304230766778E+01   -0.623597393454790794E+01   -0.473084772643954032E+01    0.662237411710010974E+03
    0.914336136571795355E+00    0.355797430289331714E+03   -0.327750855693361487E+01   -0.715365371202150246E+01   -0.953081884084324216E+01   -0.685225758760920911E+01   -0.834457920155373145E+01   -0.315682967732577779E+01   -0.802949541285632762E+01    0.662237917117065308E+03
    0.907908747981455488E+00    0.364525196609325178E+03   -0.275876582939084791E+01   -0.148584263535729555E+01   -0.224667758872064915E+01   -0.680387762677351837E+01   -0.919510391458401699E+01   -0.292768069197608582E+01   -0.423305224868955499E+01    0.662239292790965692E+03
    0.915670069003805764E+00    0.253152332024867690E+03   -0.449392689387817157E+01   -0.241242713069215586E+01   -0.256390152042660890E+01   -0.599779857017773832E+01   -0.622400965669098660E+01   -0.351303725826233304E+01   -0.709326140920643944E+01    0.662240766011602545E+03
    0.912728288610380578E+00    0.392594958492587580E+03   -0.555084826420168920E+01   -0.494758039838206720E+01   -0.267634420999354727E+01   -0.877263740277895998E+01   -0.736572466615738008E+01   -0.464409092115875044E+01   -0.593123068795860053E+01    0.662246450270813511E+03
    0.913289173774930463E+00    0.301106714809763389E+03   -0.961887482307001385E+01   -0.579267453062409210E+01   -0.171670486373824893E+01   -0.339761612286660153E+01   -0.710708280645575918E+01   -0.271591380111972835E+01   -0.544448500737183672E+01    0.662246768131041676E+03
    0.917222750655329655E+00    0.229227190538484422E+03   -0.288055417027245220E+01   -0.107967418051255493E+01   -0.186027894463835075E+01   -0.770913228259810168E+01   -0.970337881895403598E+01   -0.480914365715427383E+01   -0.495635361264006757E+01    0.662251091740456218E+03
    0.901707988954099093E+00    0.453449616640709792E+03   -0.133210126585142596E+01   -0.941720926682792481E+01   -0.208263229694948304E+01   -0.775858676790088886E+01   -0.633120755945155089E+01   -0.620285269753127011E+01   -0.780102720552253182E+01    0.662252168468445689E+03
    0.916953087060783822E+00    0.269959772980530374E+03   -0.894371405284420185E+01   -0.234379431080680334E+01   -0.177829067083492198E+01   -0.655054657963436959E+01   -0.930119897090584402E+01   -0.694129907603323737E+01   -0.597458538300340969E+01    0.662255804865749042E+03
    0.913751666388195827E+00    0.375699014706463572E+03   -0.395090018052360037E+01   -0.413651837950118928E+01   -0.250908425024598269E+01   -0.793973543257562042E+01   -0.861360152718441441E+01   -0.960865441879002802E+01   -0.751794960355819164E+01    0.662256318297305370E+03
    0.911770625256882128E+00    0.350042145152849741E+03   -0.479063951838271329E+01   -0.277667935949704514E+01   -0.201126659082079406E+01   -0.489053940116092711E+01   -0.587488662252365845E+01   -0.826799509312872871E+01   -0.535910894556472517E+01    0.662259753013511386E+03
    0.919281142768356596E+00    0.324419524080770657E+03   -0.508689299621305846E+01   -0.303893401383720274E+01   -0.518337859804950174E+01   -0.215511639500716790E+01   -0.871815994563133501E+01   -0.873944139533371711E+01   -0.918903767607151600E+01    0.662260649199256363E+03
    0.911984200274473911E+00    0.347591832896650146E+03   -0.549596542948150102E+01   -0.222298664208370766E+01   -0.222265114825352317E+01   -0.241391392065950505E+01   -0.605026683401175092E+01   -0.377056507113695716E+01   -0.893186982577277711E+01    0.662260711880593249E+03
    0.912639430836948096E+00    0.437625415694980973E+03   -0.617149292208045086E+01   -0.297767378050401010E+01   -0.345687511117209212E+01   -0.474612687941209987E+01   -0.853471093399044989E+01   -0.890319947350625363E+01   -0.821286329069063648E+01    0.662264618154285699E+03
    0.917843164127702948E+00    0.293671590023969827E+03   -0.467138552107102623E+01   -0.532271169718469928E+01   -0.587299712021202236E+01   -0.604821392615579079E+01   -0.820458354303679549E+01   -0.378157187519954796E+01   -0.904364741732816135E+01    0.662266282398232647E+03
    0.916435308826953565E+00    0.226773877151237315E+03   -0.347852034228826668E+01   -0.661134291548202668E+01   -0.220329272469981063E+01   -0.325252376884318384E+01   -0.645634881583809062E+01   -0.232165025896724053E+01   -0.516016911110165388E+01    0.662266814057754232E+03
    0.913404538153996692E+00    0.323670372052146945E+03   -0.554892984163198832E+01   -0.390432503097958516E+01   -0.165403845322344267E+01   -0.600967821697484172E+01   -0.893514534480516431E+01   -0.707552064987655527E+01   -0.488910497690494061E+01    0.662268347704532516E+03
    0.911546655565237840E+00    0.352046623370091083E+03   -0.709494382083120456E+01   -0.651926827415480936E+01   -0.173225779068516594E+01   -0.188517322622623595E+01   -0.767194182015792414E+01   -0.536311141998815444E+01   -0.609994331398085166E+01    0.662271624215799420E+03
    0.913072457412942740E+00    0.320755487809654937E+03   -0.317611020487362783E+01   -0.290565521373597058E+01   -0.211072454805738374E+01   -0.643241402257714157E+01   -0.527415359440328935E+01   -0.977955089071869210E+01   -0.526361170230636599E+01    0.662271790502100657E+03
    0.912896444306003696E+00    0.279798919162510856E+03   -0.863114354760125302E+01   -0.447385395385663109E+01   -0.103969768960943121E+01   -0.299527389849424885E+01   -0.668635340515701593E+01   -0.644356663679402164E+01   -0.428678963878272334E+01    0.662271883930920694E+03
    0.907046030957466609E+00    0.375454942095703700E+03   -0.220474762728565743E+01   -0.712884527637982757E+01   -0.245777757932295682E+01   -0.616518686597698906E+01   -0.585362196469854190E+01   -0.277778243719252949E+01   -0.898968300887258920E+01    0.662289730582981633E+03
    0.917728624266174853E+00    0.294740111414200555E+03   -0.620128295138323260E+01   -0.762299421508033159E+01   -0.345839883316477792E+01   -0.658757960882352478E+01   -0.854238189632547673E+01   -0.455888755998499029E+01   -0.549092101088854534E+01    0.662294318091873834E+03
    0.918587269254592775E+00    0.237576551405855895E+03   -0.497938260206020900E+01   -0.553813526803703127E+01   -0.404741939676643536E+01   -0.770722710740850481E+01   -0.647463077691430300E+01   -0.476197959693957085E+01   -0.994439692111200202E+01    0.662296536980718656E+03
    0.910699490663519962E+00    0.361907182729072247E+03   -0.196463684166648456E+01   -0.242758160091168129E+01   -0.860897786955100663E+01   -0.180677097267871112E+01   -0.911971766335707201E+01   -0.387480916601782432E+01   -0.520856099570656816E+01    0.662297287159845041E+03
    0.906173575996661818E+00    0.367606342067662126E+03   -0.116335622697126873E+01   -0.751905828448268299E+01   -0.217388573937516671E+01   -0.375249132414537190E+01   -0.749025321895894081E+01   -0.497471081556548711E+01   -0.754189076676002834E+01    0.662304316413183528E+03
    0.905828453842995263E+00    0.442564384548276735E+03   -0.236671409596194593E+01   -0.801847929675350812E+01   -0.259784472404516453E+01   -0.696930708476870731E+01   -0.898377400252580394E+01   -0.774468625358027118E+01   -0.636695490775142314E+01    0.662321933811862095E+03
    0.914755195144428157E+00    0.273985772764717694E+03   -0.649972803272789790E+01   -0.511196901178963525E+01   -0.169844409716093558E+01   -0.282643843269779538E+01   -0.888115832358845836E+01   -0.797556792763577249E+01   -0.823223276583081365E+01    0.662324197634450570E+03
    0.913709101864703555E+00    0.391763132092178068E+03   -0.480141561605674205E+01   -0.193801369338173402E+01   -0.388041237848518961E+01   -0.819185545645958513E+01   -0.780794890488979654E+01   -0.499249536265310034E+01   -0.989501678652170646E+01    0.662324472431315485E+03
    0.915380052140539413E+00    0.240910626374759858E+03   -0.275644547751073077E+01   -0.872543632285052695E+01   -0.224010297488064225E+01   -0.618264731817418944E+01   -0.611685364844795298E+01   -0.190960217077932448E+01   -0.610386280108065282E+01    0.662329543586966565E+03
    0.910017380077901450E+00    0.327594395303938370E+03   -0.217248322467613875E+01   -0.489430897708598600E+01   -0.237960866572748841E+01   -0.491332017406288291E+01   -0.703817241403561056E+01   -0.126522096854815835E+01   -0.412310912983334354E+01    0.662333437035179600E+03
    0.906345026327917469E+00    0.383090208376136047E+03   -0.131913047038012010E+01   -0.673263907825421182E+01   -0.163821494863061723E+01   -0.247969857548090022E+01   -0.623289029943367012E+01   -0.794584874614515257E+01   -0.309570009247470601E+01    0.662338562910104088E+03
    0.910744259911522192E+00    0.378400507524012426E+03   -0.294574850393325072E+01   -0.200564097381601414E+01   -0.361062377887706454E+01   -0.977728915824333100E+01   -0.834944945887651357E+01   -0.690231780223818525E+01   -0.783189219616779386E+01    0.662345162436179635E+03
    0.908631550494974016E+00    0.427834535495255977E+03   -0.434709853493679965E+01   -0.281697454375821366E+01   -0.216617930280261284E+01   -0.743884559431384496E+01   -0.647239512668507544E+01   -0.866612152112417178E+01   -0.825135924709237756E+01    0.662352389873270340E+03
    0.918875637913368126E+00    0.233795965151363305E+03   -0.965066208046581941E+01   -0.236636884606142317E+01   -0.285253786164660372E+01   -0.916126071291820665E+01   -0.862043404829746862E+01   -0.652003589217286450E+01   -0.619188412038435843E+01    0.662359224000250038E+03
    0.911033937016756390E+00    0.380291894081199189E+03   -0.239324426343143859E+01   -0.688597398687917384E+01   -0.308868497492087979E+01   -0.448029980870376399E+01   -0.523379448691510873E+01   -0.948642168950213716E+01   -0.760365920914071403E+01    0.662361952969775530E+03
    0.919073124440093259E+00    0.256994307114109063E+03   -0.578034941464035512E+01   -0.959625966697333155E+01   -0.410902641262462076E+01   -0.553731646962376356E+01   -0.733872318958794256E+01   -0.839790411416977989E+01   -0.881166235179280299E+01    0.662368286122400491E+03
    0.908869889600111946E+00    0.488955283140854874E+03   -0.436578188125084576E+01   -0.810465485509619121E+01   -0.354510462565087714E+01   -0.216583309204632535E+01   -0.767739764138839398E+01   -0.385524396022516491E+01   -0.842011678633276972E+01    0.662368745894106496E+03
    0.911165038933097970E+00    0.275543998125136568E+03   -0.417338899744273117E+01   -0.963436633697518019E+01   -0.107719532888890690E+01   -0.876019036540158780E+01   -0.704741629778489731E+01   -0.321818265326742647E+01   -0.301675963961949556E+01    0.662375822462358428E+03
    0.916789233381245627E+00    0.325231597701458156E+03   -0.430184799503404047E+01   -0.395220201073439981E+01   -0.987315615678216929E+01   -0.211068767288427406E+01   -0.776134901344955530E+01   -0.491541305898496983E+01   -0.961993772825789861E+01    0.662383485716831387E+03
    0.915242649278762976E+00    0.246456144940849782E+03   -0.119633019199477353E+01   -0.712022881935018503E+01   -0.167013595697046213E+01   -0.580397187515334689E+01   -0.888175192371314637E+01   -0.629747256031583635E+01   -0.892948788529195525E+01    0.662394335473103979E+03
    0.915545774216569130E+00    0.222811304899139031E+03   -0.678542651086086224E+01   -0.359687552386464304E+01   -0.121269623047392017E+01   -0.822507929811911431E+01   -0.959873167669869609E+01   -0.614008230634456886E+01   -0.438843200723013727E+01    0.662398556837256820E+03
    0.921012343979143777E+00    0.236441691626948881E+03   -0.763502257718629984E+01   -0.912358234435192728E+01   -0.300785925850410152E+01   -0.225012068080760397E+01   -0.967309193028047964E+01   -0.623638487559684851E+01   -0.768859421080157190E+01    0.662399205278105455E+03
    0.914203461625812341E+00    0.299250969415106965E+03   -0.749933602528640542E+01   -0.316292471716235113E+01   -0.196510543459517528E+01   -0.536772305597565413E+01   -0.699719672414110683E+01   -0.965801628679566271E+01   -0.982858787591540128E+01    0.662408077536481755E+03
    0.915525667552025690E+00    0.444968920987277215E+03   -0.520559640377446353E+01   -0.824704270970279296E+01   -0.375476618039030008E+01   -0.612431883740268379E+01   -0.895223895521987423E+01   -0.804511673008083150E+01   -0.903417333417377222E+01    0.662413888066463301E+03
    0.912111184638688566E+00    0.340809398498172015E+03   -0.150455679506868023E+01   -0.830927172348204124E+01   -0.315987100493417294E+01   -0.406133859943402431E+01   -0.720136241942236133E+01   -0.543855177993724848E+01   -0.627976490842771895E+01    0.662422048531411633E+03
    0.916861766660027611E+00    0.243683347183863390E+03   -0.363386660499856262E+01   -0.959646354125713863E+01   -0.370730822581882968E+01   -0.697667174743692264E+01   -0.713180489868981127E+01   -0.707501101509074637E+01   -0.960751800249841459E+01    0.662424559718068622E+03
    0.918462016626217070E+00    0.274648999989867320E+03   -0.557868983440881205E+01   -0.605711401174545028E+01   -0.349660977289120822E+01   -0.399344488551316878E+01   -0.871016932799921584E+01   -0.477366725864970043E+01   -0.548554968680526756E+01    0.662428176160657813E+03
    0.909413102130152584E+00    0.354239346965418349E+03   -0.672370417568354561E+01   -0.268754447162630683E+01   -0.131196018316003027E+01   -0.943767300834601741E+01   -0.738213742720486010E+01   -0.578682474647271405E+01   -0.529474849448557627E+01    0.662429016790402329E+03
    0.915822274060105745E+00    0.276168216428753112E+03   -0.280957163337372062E+01   -0.503899025620747842E+01   -0.200728788803812286E+01   -0.404641125935184132E+01   -0.850130289007473650E+01   -0.332519926978393077E+01   -0.772734515252188991E+01    0.662437894691983502E+03
    0.918361797028846572E+00    0.210109417410272215E+03   -0.511791263484005299E+01   -0.476029642861087687E+01   -0.272275241069903728E+01   -0.989989310914420173E+01   -0.801353838203183955E+01   -0.936126226049869281E+01   -0.477572171454683403E+01    0.662438880902643632E+03
    0.914615268703898532E+00    0.230596873724455179E+03   -0.269343696595156068E+01   -0.906327798332496570E+01   -0.300302535370814105E+01   -0.273587642085844784E+01   -0.849741810794911245E+01   -0.307256052570699278E+01   -0.576075291304378023E+01    0.662443003224271024E+03
    0.914625481545666918E+00    0.259517678512362124E+03   -0.210908957456062307E+01   -0.829316003337031837E+01   -0.227719304322434901E+01   -0.349703124457295100E+01   -0.803940505891113766E+01   -0.281866221564933639E+01   -0.387153932103337439E+01    0.662447538644032647E+03
    0.908947620528203104E+00    0.428636708989106637E+03   -0.176003574513845606E+01   -0.240802963424673688E+01   -0.681066792405339871E+01   -0.275290173525209969E+01   -0.718687983082207982E+01   -0.325019332891616930E+01   -0.779095561620072186E+01    0.662448397630088266E+03
    0.916019706294424307E+00    0.259740541016212205E+03   -0.310767218294028424E+01   -0.145921962515470760E+01   -0.448955350947104037E+01   -0.550370768710737135E+01   -0.787094719771997564E+01   -0.290616655006855140E+01   -0.929725042864210138E+01    0.662448727429953124E+03
    0.909834115452850978E+00    0.374929006504556583E+03   -0.184481796869946280E+01   -0.920783238017857286E+01   -0.620046233124571078E+01   -0.606444901520027813E+01   -0.824358720578315030E+01   -0.379087458142723044E+01   -0.591548233254887723E+01    0.662454874612937601E+03
    0.914863433780058299E+00    0.298391641025542128E+03   -0.527964842179981275E+01   -0.912517366780583394E+01   -0.229626234309825161E+01   -0.189262417659675464E+01   -0.709266955521964793E+01   -0.976919295974852275E+01   -0.845557666513300710E+01    0.662455860462654414E+03
    0.916954263198618946E+00    0.223160852680531377E+03   -0.333270186320386763E+01   -0.476543537903648140E+01   -0.331355090439280442E+01   -0.495526880645309920E+01   -0.911369879382981907E+01   -0.682250355074522385E+01   -0.493734031441012089E+01    0.662457456297207614E+03
    0.908542664117023668E+00    0.353153811283283176E+03   -0.238150962349675233E+01   -0.620108888896850985E+01   -0.173476243720889300E+01   -0.509712502270647505E+01   -0.484728504800561488E+01   -0.448001086773710355E+01   -0.916232651458022751E+01    0.662459139923702651E+03
    0.916014752201107063E+00    0.297394624416550812E+03   -0.680824481834655337E+01   -0.399341861466212666E+01   -0.200392446179451866E+01   -0.652791525398267414E+01   -0.893209442685751043E+01   -0.382900392339004281E+01   -0.812435140364191000E+01    0.662468532603921517E+03
    0.913635609044129549E+00    0.396055116315948737E+03   -0.384027471704230461E+01   -0.561960583198311170E+01   -0.333037352043129786E+01   -0.476579632353519766E+01   -0.930496921399611843E+01   -0.946499104927287860E+01   -0.500116293174440329E+01    0.662469767202024855E+03
    0.909925141329743004E+00    0.347334350351304863E+03   -0.380749997011938568E+01   -0.422280614163744517E+01   -0.172619764729711456E+01   -0.266058744154554905E+01   -0.937726352271974228E+01   -0.208704680476491955E+01   -0.448436099497524054E+01    0.662485352640231099E+03
    0.918728547001434914E+00    0.208943049976049252E+03   -0.693978215735274162E+01   -0.668074888323797289E+01   -0.249155548186516018E+01   -0.186757748895988485E+01   -0.960832858096272169E+01   -0.350536445325587742E+01   -0.763090726693772581E+01    0.662488592035502506E+03
    0.912327919941222198E+00    0.374190239608653997E+03   -0.241950688287715820E+01   -0.330948249721781718E+01   -0.640615466295972524E+01   -0.482098475462076692E+01   -0.845103733329189666E+01   -0.476428677902988262E+01   -0.781276602054698088E+01    0.662490583007626810E+03
    0.917992659214129869E+00    0.251563150765619127E+03   -0.328768096895458228E+01   -0.312264647384421057E+01   -0.235088478305977056E+01   -0.585910567222226764E+01   -0.810905092718690135E+01   -0.760702849429500993E+01   -0.915759956063227953E+01    0.662501969173571865E+03
    0.915365131098770268E+00    0.299065454447865136E+03   -0.275098312318996463E+01   -0.558301562154987963E+01   -0.425859928181621861E+01   -0.865463170606175147E+01   -0.902579205938338092E+01   -0.785071326797096436E+01   -0.639931483873165163E+01    0.662504737059364174E+03
    0.916084147814430372E+00    0.245171026369177042E+03   -0.846935625331047781E+01   -0.394708592539461467E+01   -0.104750705834405800E+01   -0.993397410997389585E+01   -0.798723953429451150E+01   -0.375151257096058544E+01   -0.760350391805440751E+01    0.662506235336843019E+03
    0.914537200548795948E+00    0.257545385187317095E+03   -0.382045981379803035E+01   -0.130117710794845287E+01   -0.190589910963597120E+01   -0.441212734718640842E+01   -0.564927237040510377E+01   -0.450756904786928292E+01   -0.771067773011459767E+01    0.662506453806008494E+03
    0.916138261866983994E+00    0.405827709029260518E+03   -0.431085005003819255E+01   -0.936259347486976523E+01   -0.384016789676804748E+01   -0.734697674222105945E+01   -0.745663751018819809E+01   -0.844083801227738917E+01   -0.843236936944325244E+01    0.662507013846843279E+03
    0.910104713051253733E+00    0.464499713633053716E+03   -0.315133594768607317E+01   -0.141421208669457066E+01   -0.367696061324804369E+01   -0.970802279294282577E+01   -0.931622117185146692E+01   -0.885340030367577135E+01   -0.754591553313088781E+01    0.662508806604247297E+03
    0.915930299965447059E+00    0.325961513944019430E+03   -0.758888023397307787E+01   -0.501075910987844164E+01   -0.245875510245545215E+01   -0.138134577612886389E+01   -0.779332044126692214E+01   -0.808795038063961336E+01   -0.848291310484191285E+01    0.662511284150763800E+03
    0.907823712791269055E+00    0.391372223185772384E+03   -0.102979777260612693E+01   -0.468265472230017465E+01   -0.333847574621370491E+01   -0.324550135432835418E+01   -0.666748901790606485E+01   -0.530557811614292163E+01   -0.616035418420236169E+01    0.662517363307007827E+03
    0.912057001713430626E+00    0.305657891390531233E+03   -0.677216726940415903E+01   -0.107964709683220050E+01   -0.119952078804733198E+01   -0.706423291682111998E+01   -0.843312792820872659E+01   -0.399300615015540039E+01   -0.348327545272241235E+01    0.662518062405714886E+03
    0.911779992810369033E+00    0.280454339624791601E+03   -0.145437556174688254E+01   -0.857805736400628582E+01   -0.263235088261822359E+01   -0.329573538574992675E+01   -0.481847258560654090E+01   -0.311538676822252647E+01   -0.638964624479061705E+01    0.662518595900358491E+03
    0.916548681920046016E+00    0.243448689885289070E+03   -0.213302400792176883E+01   -0.438689914786542090E+01   -0.228039551401677176E+01   -0.851625489050933382E+01   -0.667000249850005833E+01   -0.655771983219565335E+01   -0.820865017478824655E+01    0.662519644959188099E+03
    0.912488439005826768E+00    0.410782305145826058E+03   -0.328864720714454783E+01   -0.496349493671302699E+01   -0.670508420956613893E+01   -0.385772438204139156E+01   -0.703035920724936947E+01   -0.466915457194135097E+01   -0.587620667295304333E+01    0.662520220478094302E+03
    0.907821801563423403E+00    0.448928863583046393E+03   -0.236672629393734191E+01   -0.589476950985411730E+01   -0.253927337716766655E+01   -0.301637162903918554E+01   -0.603528244501451461E+01   -0.739206729055197709E+01   -0.548998548144859733E+01    0.662520801032798204E+03
    0.910801663658549199E+00    0.375321102009842889E+03   -0.422167840701779085E+01   -0.523617111527788026E+01   -0.264415210181392801E+01   -0.519448657706221173E+01   -0.973691359882062990E+01   -0.690569432276586603E+01   -0.452949056574574982E+01    0.662523995652733674E+03
    0.917557761003037320E+00    0.218789981907492489E+03   -0.698835365692557176E+01   -0.337723569186065120E+01   -0.157090872197843012E+01   -0.136259691241141390E+01   -0.635715912718933573E+01   -0.607454806137454284E+01   -0.956773844247923932E+01    0.662524679567059025E+03
    0.910389687411928605E+00    0.422181352838308726E+03   -0.552221129661009158E+01   -0.182701073861458951E+01   -0.263397967813329181E+01   -0.464128746627685462E+01   -0.694802035667245121E+01   -0.600105581916967701E+01   -0.796622031709899936E+01    0.662529670502586782E+03
    0.917436076263835942E+00    0.223941729724197131E+03   -0.364710631698824539E+01   -0.674881284948364790E+01   -0.353652457880549509E+01   -0.124910265755217509E+01   -0.820814430277344265E+01   -0.776976848414368959E+01   -0.545586293014975610E+01    0.662545767732889544E+03
    0.920057434938253094E+00    0.293391310158281613E+03   -0.465438439737032894E+01   -0.449750642930033617E+01   -0.745571005667887121E+01   -0.391867577853968463E+01   -0.900861181827036361E+01   -0.607523801028738486E+01   -0.976842514944403284E+01    0.662545794606239269E+03
    0.914731692977319377E+00    0.324945456360221840E+03   -0.485391246382432406E+01   -0.203491512310041145E+01   -0.321864672092413606E+01   -0.501049925405767382E+01   -0.730834271804450175E+01   -0.624101967803416802E+01   -0.516496743342377851E+01    0.662548344692086857E+03
    0.919186753124535239E+00    0.207913285493850708E+03   -0.721217846870422363E+01   -0.777524495124816895E+01   -0.151413440704345703E+01   -0.953057533502578735E+01   -0.862198024988174438E+01   -0.429262560606002808E+01   -0.985671800374984741E+01    0.662549596030091379E+03
    0.911402783438440056E+00    0.275429786476750337E+03   -0.267458615379782483E+01   -0.682989650935149673E+01   -0.136312819513312355E+01   -0.512615844521368835E+01   -0.706942672980410691E+01   -0.646239502215619144E+01   -0.325332084802863442E+01    0.662555182241224315E+03
    0.914687862561792242E+00    0.287191025857960256E+03   -0.994238952267110676E+01   -0.454150045295848237E+01   -0.207400991558629055E+01   -0.617176931224720171E+01   -0.758568655987457952E+01   -0.332251706042565687E+01   -0.573540665602152622E+01    0.662559367835427338E+03
    0.906509852296810470E+00    0.490521741484098470E+03   -0.175733312810814368E+01   -0.683222610545391262E+01   -0.710362979141304063E+01   -0.278162715939978877E+01   -0.637121617323671430E+01   -0.339951938148132449E+01   -0.852420606060413810E+01    0.662565112634730212E+03
    0.913402315937026921E+00    0.354116803505936673E+03   -0.566275053689667551E+01   -0.258875413981435276E+01   -0.262559112109879322E+01   -0.658698711315900276E+01   -0.881448475629641237E+01   -0.988430694630090478E+01   -0.460767315538472122E+01    0.662568649442387823E+03
    0.913190285555157799E+00    0.298413821129759526E+03   -0.678501013575243128E+01   -0.575981768764209967E+01   -0.159333844906393729E+01   -0.668632667507480782E+01   -0.668897038118385900E+01   -0.307027485360977881E+01   -0.824392104143404936E+01    0.662571109954824692E+03
    0.911118123622497333E+00    0.322319797949063002E+03   -0.342390224075410998E+01   -0.497004189468474600E+01   -0.123768561533692001E+01   -0.879326216315037890E+01   -0.942412582133945165E+01   -0.741792512691183692E+01   -0.384490603160046529E+01    0.662572061109257675E+03
    0.913384103176639428E+00    0.395246912338146387E+03   -0.350378090905639716E+01   -0.800387620376396924E+01   -0.494366723133262909E+01   -0.795470413810210264E+01   -0.656920846323254359E+01   -0.522875512801703479E+01   -0.573313739464705208E+01    0.662573833828636793E+03
    0.908448338511949283E+00    0.493104141471802564E+03   -0.278312020104879387E+01   -0.477958326636318986E+01   -0.802237484809656287E+01   -0.166757572981851432E+01   -0.616689001236852974E+01   -0.445762088519008515E+01   -0.777865216456619812E+01    0.662576076438029759E+03
    0.913790502174095187E+00    0.439586275686194085E+03   -0.412723396962753686E+01   -0.658372972716700655E+01   -0.839264513688335256E+01   -0.840162565392554406E+01   -0.922058148312034476E+01   -0.479937956614837002E+01   -0.554624004431419415E+01    0.662582073577123310E+03
    0.918246523898817557E+00    0.278292962814263774E+03   -0.489668621016127936E+01   -0.743794819786134198E+01   -0.347636436171583529E+01   -0.821670998025144073E+01   -0.651487652235502956E+01   -0.687459365944411349E+01   -0.763787312813741437E+01    0.662588253269363463E+03
    0.915919373883567256E+00    0.267868320226188303E+03   -0.304017187502768316E+01   -0.984178656332343138E+01   -0.781341302074087984E+01   -0.172276409274502029E+01   -0.823530448388503977E+01   -0.317473455731275145E+01   -0.781842743381393479E+01    0.662588815429400142E+03
    0.914505956326229663E+00    0.290755151643625084E+03   -0.199584656837398455E+01   -0.372367440995121068E+01   -0.569204295160765383E+01   -0.616293956373377849E+01   -0.729590849768561966E+01   -0.351108626564434534E+01   -0.839046380269074454E+01    0.662591291909471920E+03
    0.916919942483547912E+00    0.244501227877823368E+03   -0.564912726234301221E+01   -0.696004045373215963E+01   -0.252907292435173137E+01   -0.604504947828582395E+01   -0.851384745065519866E+01   -0.526197227163756587E+01   -0.889599738814628438E+01    0.662592206793830201E+03
    0.916943575421744539E+00    0.246018387401409996E+03   -0.784218226862099321E+01   -0.858404015702368994E+01   -0.132303403879514647E+01   -0.781055280084690651E+01   -0.882938862404470903E+01   -0.430674634884790919E+01   -0.960988949863892827E+01    0.662593207287506061E+03
    0.914796392008729864E+00    0.282210403000099632E+03   -0.926858308099032868E+01   -0.739287491519847606E+01   -0.184209869469198395E+01   -0.768987462361127072E+01   -0.849081967961774886E+01   -0.313762120560092495E+01   -0.516858795699650742E+01    0.662593233229073803E+03
    0.918819691195030153E+00    0.254974899579800933E+03   -0.486076694507697127E+01   -0.522128676775571599E+01   -0.444780751368110749E+01   -0.852109636001519632E+01   -0.798707290309312157E+01   -0.377827561628342057E+01   -0.740819470783477119E+01    0.662595565419781678E+03
    0.915072692343479877E+00    0.288400012045477126E+03   -0.304298590201404640E+01   -0.202144234896994757E+01   -0.369588823348596041E+01   -0.689929880470809476E+01   -0.644077142605900743E+01   -0.521370889517905400E+01   -0.590189625413319963E+01    0.662599755527063621E+03
    0.919427188284141605E+00    0.201139865134363959E+03   -0.370396123160811985E+01   -0.648858951262332617E+01   -0.240876005803742199E+01   -0.505492797858624421E+01   -0.767299594049701650E+01   -0.849258828749777983E+01   -0.671477621842675454E+01    0.662600691560985410E+03
    0.907538838279421722E+00    0.396656776707242670E+03   -0.208376219674482765E+01   -0.602432093596613427E+01   -0.336148583736291773E+01   -0.299615494266808824E+01   -0.494862127946926567E+01   -0.290466644390517903E+01   -0.713827984446325914E+01    0.662601495803614625E+03
    0.917352612040002624E+00    0.204056072370004784E+03   -0.189901163105697712E+01   -0.981331729616651671E+01   -0.356920914720691052E+01   -0.301443187654531553E+01   -0.918100794325873437E+01   -0.362257854410697000E+01   -0.573386400583631684E+01    0.662602293875533178E+03
    0.909294453989502038E+00    0.388052588610918860E+03   -0.131783149672907918E+01   -0.752951452039908631E+01   -0.266987659516549503E+01   -0.192286020501620492E+01   -0.878535054671496063E+01   -0.840762723901993603E+01   -0.835375906953004410E+01    0.662602456922440865E+03
    0.912127934251574679E+00    0.287660819311314754E+03   -0.460018898055540859E+01   -0.939291452204587252E+01   -0.155333335887384649E+01   -0.321245192233277077E+01   -0.842247730068765144E+01   -0.336156963338852321E+01   -0.367257902897892929E+01    0.662603158082299387E+03
    0.919699575326133889E+00    0.226827985493348535E+03   -0.760268719103667578E+01   -0.732974552238907151E+01   -0.317737594180140537E+01   -0.324419789601856579E+01   -0.930134170657212955E+01   -0.730238153916872879E+01   -0.667713791484588093E+01    0.662606556686352974E+03
    0.921444508559836839E+00    0.263089964614641588E+03   -0.549092644561535259E+01   -0.825844217871233255E+01   -0.540123551496931764E+01   -0.973951800690820590E+01   -0.788122112202260894E+01   -0.736518903335185904E+01   -0.899598593995891704E+01    0.662609754259712645E+03
    0.910030301792647878E+00    0.349282752538415764E+03   -0.725762922822526058E+01   -0.253015796766223300E+01   -0.147189731310909266E+01   -0.892823467152469874E+01   -0.734730876306029401E+01   -0.753646221687445816E+01   -0.899698288937891455E+01    0.662610832792507949E+03
    0.913322741020888507E+00    0.342026906493668378E+03   -0.244242252336320131E+01   -0.460529390595025490E+01   -0.576549910651279607E+01   -0.130974542464760368E+01   -0.925847550170497513E+01   -0.472586861309060424E+01   -0.876560439466771868E+01    0.662611583056899235E+03
    0.915816984793058730E+00    0.261189190532660746E+03   -0.946435319595415869E+01   -0.638000095027693881E+01   -0.145199606511576818E+01   -0.254271429822408113E+01   -0.865090069065053591E+01   -0.617743009229500561E+01   -0.505170314561953138E+01    0.662613123962763780E+03
    0.909941219135538937E+00    0.436697352725020323E+03   -0.403707311258283497E+01   -0.792769861038803825E+01   -0.365745336699820456E+01   -0.295463634408811870E+01   -0.951178164981984331E+01   -0.377051452971156031E+01   -0.643305205588761453E+01    0.662614337525137898E+03
    0.912037545289582363E+00    0.383959544099312097E+03   -0.295400431618106651E+01   -0.706113314904065348E+01   -0.754324386662444546E+01   -0.462678752141882565E+01   -0.704846643066195533E+01   -0.297543175055700626E+01   -0.773970146632008760E+01    0.662617330712768535E+03
    0.913598077623856142E+00    0.307937937067584642E+03   -0.758112131409293522E+01   -0.540980679273986453E+01   -0.169893142418115239E+01   -0.624224807059619025E+01   -0.792691089018695827E+01   -0.296849294777562989E+01   -0.694131941823670129E+01    0.662620419428127320E+03
    0.909206084796355452E+00    0.435266021284259637E+03   -0.285610688356186504E+01   -0.213633428107101064E+01   -0.288443729187491105E+01   -0.607309244575780216E+01   -0.612776843671960059E+01   -0.825685687673290403E+01   -0.488034013237016229E+01    0.662621306299462958E+03
    0.908077331376957786E+00    0.353334406232777212E+03   -0.105555969325465071E+01   -0.478963186991184209E+01   -0.280310299640266258E+01   -0.286761899940534715E+01   -0.883212350700031834E+01   -0.542164870027621237E+01   -0.719685545671788773E+01    0.662623571135834595E+03
    0.907581559935984661E+00    0.449506060088309255E+03   -0.285718618123220924E+01   -0.660457227106178468E+01   -0.454566694335712107E+01   -0.551107528627572485E+01   -0.617425433536974566E+01   -0.309878238107355397E+01   -0.532316088402615595E+01    0.662631123222834844E+03
    0.914743203192307397E+00    0.332932712953437999E+03   -0.495445196134413202E+01   -0.410378024516435680E+01   -0.213842953310576434E+01   -0.525811143987881291E+01   -0.752955209647031865E+01   -0.777673202127849983E+01   -0.836400244251328573E+01    0.662633600749561879E+03
    0.908033741915537207E+00    0.431171147084953191E+03   -0.222126730245200221E+01   -0.294347087325128332E+01   -0.924763010271929886E+01   -0.891368676909711155E+01   -0.644373181979396570E+01   -0.368353518679724790E+01   -0.569220146807832528E+01    0.662634406401323645E+03
    0.911482289526695189E+00    0.369207827037383879E+03   -0.198931852848744484E+01   -0.907449587234306598E+01   -0.254805274887678479E+01   -0.399114351276658486E+01   -0.635710770000469161E+01   -0.704336758390979512E+01   -0.914089431543127517E+01    0.662638776448573367E+03
    0.914533496658095357E+00    0.275289416394297234E+03   -0.212684128989000865E+01   -0.394637601148232253E+01   -0.458402325035251046E+01   -0.746750813808596980E+01   -0.935575501631690898E+01   -0.219704508650858088E+01   -0.908766634530389794E+01    0.662641820304178850E+03
    0.913119499666610990E+00    0.362032615286427699E+03   -0.403025263505957732E+01   -0.229989019325309219E+01   -0.257446325983700053E+01   -0.160490432250616166E+01   -0.807963326500880008E+01   -0.439756644752429704E+01   -0.483057035847890504E+01    0.662642946147669477E+03
    0.914601315269767623E+00    0.401743927652539242E+03   -0.480834833553851038E+01   -0.624747887496405507E+01   -0.338707487268126073E+01   -0.457288822907759762E+01   -0.850950662330966878E+01   -0.398058314488054865E+01   -0.802397610632915992E+01    0.662647968675416905E+03
    0.910747187644162293E+00    0.392389223836280564E+03   -0.349801546332744184E+01   -0.730469624696448960E+01   -0.402017814251428085E+01   -0.869285774926357568E+01   -0.786134271460915812E+01   -0.325943112600404739E+01   -0.733029296271963648E+01    0.662648235594398670E+03
    0.912271137836323298E+00    0.405310931045218297E+03   -0.255790902526085340E+01   -0.784546392852387342E+01   -0.669445756700931671E+01   -0.715875741127606968E+01   -0.892837394755922631E+01   -0.445983399810822956E+01   -0.636489360825391870E+01    0.662649133042295375E+03
    0.917522892748996233E+00    0.240157986047413885E+03   -0.720012476059932283E+01   -0.784929854334934163E+01   -0.227287163244533907E+01   -0.769517551054630822E+01   -0.859112894571631536E+01   -0.695574011420151805E+01   -0.757350936601250169E+01    0.662650257158311661E+03
    0.917561281508209259E+00    0.407670505285568652E+03   -0.552703528119835230E+01   -0.817202039904276489E+01   -0.539440449188008220E+01   -0.629254689942952172E+01   -0.984029702602695799E+01   -0.794675116613497323E+01   -0.788483323109417888E+01    0.662652273770378656E+03
    0.915945788105233416E+00    0.255640795549031964E+03   -0.447696646066751924E+01   -0.770150778347009268E+01   -0.224005690165610094E+01   -0.830137527618528992E+01   -0.622438358380723500E+01   -0.612956414171810771E+01   -0.895712161653701600E+01    0.662659978315716785E+03
    0.908549202578875947E+00    0.485347610705848524E+03   -0.360628630299516839E+01   -0.607057002969509973E+01   -0.300323264516284638E+01   -0.735133732657765471E+01   -0.775527968824600400E+01   -0.879897659078560324E+01   -0.910167162754797232E+01    0.662661065005394221E+03
    0.915650402052480716E+00    0.261166227827909267E+03   -0.336321028741990524E+01   -0.933960506862606010E+01   -0.228827860430150754E+01   -0.224691349302934107E+01   -0.627534607762088736E+01   -0.842322725403153072E+01   -0.462220922891311403E+01    0.662663877939433519E+03
    0.916255368549658056E+00    0.420311229880501799E+03   -0.458045904206634980E+01   -0.513162084982740385E+01   -0.516751288453613089E+01   -0.796667119166993842E+01   -0.701405938362986525E+01   -0.582626239873273732E+01   -0.646488973551889679E+01    0.662666064813224921E+03
    0.905214878216370034E+00    0.425020175257294397E+03   -0.221505049320903602E+01   -0.721274567692202062E+01   -0.251364721668211022E+01   -0.533415134496367305E+01   -0.558649659951304489E+01   -0.351973151123857342E+01   -0.871815935326127089E+01    0.662671629235230512E+03
    0.916734474655258924E+00    0.212122482411778464E+03   -0.171104760508563203E+01   -0.555927834062860970E+01   -0.151705067654793879E+01   -0.565392618898487687E+01   -0.655859204153269815E+01   -0.432038759193991417E+01   -0.853356178152576383E+01    0.662675908670791841E+03
    0.916976592639717092E+00    0.326939492190723684E+03   -0.366432645092860465E+01   -0.530699288985742612E+01   -0.897948230360501753E+01   -0.752607215149445974E+01   -0.953326872279948034E+01   -0.420035816834765896E+01   -0.863059495806542465E+01    0.662680228802554211E+03
    0.908364611027382418E+00    0.407244221017015548E+03   -0.174750894096013276E+01   -0.489566684778416050E+01   -0.363633786023842287E+01   -0.698293274571037159E+01   -0.751634806929877097E+01   -0.661835597162592215E+01   -0.717603851913593971E+01    0.662681102515751604E+03
    0.909209941427528312E+00    0.353209639488042399E+03   -0.172396813873270638E+01   -0.875797591719585000E+01   -0.495934838377586740E+01   -0.750756220424575904E+01   -0.924963265306743487E+01   -0.273380606889788247E+01   -0.486864844208958836E+01    0.662693540500322001E+03
    0.906343413239132589E+00    0.358187316084905149E+03   -0.186596124013625442E+01   -0.879918245056217962E+01   -0.122249299561313407E+01   -0.507522786935282078E+01   -0.437738018882840318E+01   -0.358430636205709430E+01   -0.824595464864569649E+01    0.662694823582473532E+03
    0.912537306265249870E+00    0.313032019316973162E+03   -0.601715934622909820E+01   -0.831252408906525098E+01   -0.125520486224002603E+01   -0.615278407538903149E+01   -0.815792583885759193E+01   -0.392597562854552073E+01   -0.683686703674816698E+01    0.662696297816879223E+03
    0.907685829963888802E+00    0.401494482685348771E+03   -0.116188494336628523E+01   -0.944150481453564971E+01   -0.320882008416511866E+01   -0.363509522112869288E+01   -0.740025262030757602E+01   -0.645102198739233401E+01   -0.813261481061078051E+01    0.662698522317982111E+03
    0.915190655353856908E+00    0.223156957105599787E+03   -0.204604208269044374E+01   -0.166996793250449471E+01   -0.304608932176552916E+01   -0.834037500201070436E+01   -0.840201341598827511E+01   -0.149543569631889461E+01   -0.577756464484873256E+01    0.662708190541092904E+03
    0.912357678580087095E+00    0.312204820390133989E+03   -0.666868616437987427E+01   -0.826867185710156249E+01   -0.122809493809726611E+01   -0.940528190812283071E+01   -0.860937246872531148E+01   -0.852962990597720605E+01   -0.614554868868090143E+01    0.662712881735777842E+03
    0.907864832022519774E+00    0.391444894776106366E+03   -0.198931364951001477E+01   -0.462994460605832892E+01   -0.290857199025213564E+01   -0.720652892609159856E+01   -0.467277797116206806E+01   -0.252667843728298269E+01   -0.780376612441796524E+01    0.662713660420480778E+03
    0.915749525174275325E+00    0.203401632392048612E+03   -0.324421936735975880E+01   -0.322136029495076492E+01   -0.189543320754736477E+01   -0.221737758750695768E+01   -0.709502336831086922E+01   -0.235265778488304900E+01   -0.425080799219570427E+01    0.662714159709697014E+03
    0.914595852547472443E+00    0.245801868840411743E+03   -0.326769270855663319E+01   -0.718100037003707392E+01   -0.114100414280398610E+01   -0.492233941944317088E+01   -0.529440900503602219E+01   -0.595304096310956332E+01   -0.789040463501329192E+01    0.662721855339690251E+03
    0.910680555211964560E+00    0.386460042886200313E+03   -0.212692640171362157E+01   -0.700754319609647691E+01   -0.277469234148499133E+01   -0.715642377765750659E+01   -0.565355322190751064E+01   -0.918676128760311883E+01   -0.702117551132268147E+01    0.662723365248476853E+03
    0.913251640274361010E+00    0.253478103066275395E+03   -0.363572237369233875E+01   -0.703767928361684980E+01   -0.133942086322782394E+01   -0.655382271743500500E+01   -0.727369583558914279E+01   -0.264208778383830634E+01   -0.791208944855725793E+01    0.662724511686362575E+03
    0.913175097594427720E+00    0.321043085412783341E+03   -0.515429439547552803E+01   -0.267793976755420182E+01   -0.201478671780534668E+01   -0.692745667334982684E+01   -0.628337685816038949E+01   -0.836834691356593119E+01   -0.814791320878035386E+01    0.662735223972308859E+03
    0.916111381898709776E+00    0.321450898058517851E+03   -0.435014631707963062E+01   -0.415931310819949651E+01   -0.334299649757286055E+01   -0.133322429502649520E+01   -0.625831736314300713E+01   -0.822423720898645350E+01   -0.702601334580010928E+01    0.662735943006015646E+03
    0.918282516254522507E+00    0.268381547953648806E+03   -0.469031315595415599E+01   -0.475611350945504086E+01   -0.246356158778677958E+01   -0.225266842088713304E+01   -0.805216589374245295E+01   -0.589270291839437110E+01   -0.717030529604625144E+01    0.662743429233084726E+03
    0.918073683569589960E+00    0.201143935279428973E+03   -0.335527736709688451E+01   -0.265120004125597664E+01   -0.194220357273463584E+01   -0.160327929224505183E+01   -0.616024915613773327E+01   -0.926025666699520755E+01   -0.677466891497960866E+01    0.662744209922855589E+03
    0.913387333630984344E+00    0.206683027415870328E+03   -0.152974353538513519E+01   -0.768891470733309035E+01   -0.119414082203350702E+01   -0.797719588589741235E+01   -0.877939799537263887E+01   -0.137846479140755918E+01   -0.606051817650831914E+01    0.662746220401806340E+03
    0.915035015081833825E+00    0.240254300707998965E+03   -0.395864410696809710E+01   -0.167810299022716336E+01   -0.195841686475218957E+01   -0.695774191495883887E+01   -0.693267271761959414E+01   -0.542444914408233991E+01   -0.651951336884752219E+01    0.662751391655211364E+03
    0.916025219486591546E+00    0.291586064021526397E+03   -0.731979478954178742E+01   -0.318293557639325631E+01   -0.273618274266085226E+01   -0.711752588040900491E+01   -0.834564560673783795E+01   -0.396320545259679591E+01   -0.625854636379831319E+01    0.662751775373034548E+03
    0.915102758838784780E+00    0.327196938800334237E+03   -0.488040386615156141E+01   -0.848875652247238754E+01   -0.220090785796292021E+01   -0.993385167068448105E+01   -0.810929522969884786E+01   -0.915848921972440699E+01   -0.805084749697103419E+01    0.662761949302004609E+03
    0.905144781431595602E+00    0.459878943184041702E+03   -0.230494770062317578E+01   -0.805441284347129205E+01   -0.349715024853060363E+01   -0.652725127552947626E+01   -0.539300063461219814E+01   -0.239255400023480025E+01   -0.700499576995026985E+01    0.662765921939219538E+03
    0.914548680351259691E+00    0.293985722358312728E+03   -0.494291032014649190E+01   -0.944003822645284885E+01   -0.221393343870501180E+01   -0.852673376556215601E+01   -0.833959796336542070E+01   -0.842426104664503583E+01   -0.697750448652474553E+01    0.662770691931832175E+03
    0.916615236186294924E+00    0.250660932115113667E+03   -0.489008246446043149E+01   -0.789421999783013817E+01   -0.120752750725754865E+01   -0.290491123032124321E+01   -0.933115066578352526E+01   -0.795646522656314659E+01   -0.767637446052015093E+01    0.662773390017481574E+03
    0.916783334809945560E+00    0.302280449479160325E+03   -0.636787785206102175E+01   -0.376921538659692779E+01   -0.289754028186041079E+01   -0.366932953685123575E+01   -0.869266978060524309E+01   -0.406676939575797647E+01   -0.597432143619850375E+01    0.662773406595634810E+03
    0.916316841153703709E+00    0.205484393582193377E+03   -0.187595341701940477E+01   -0.529081810896757077E+01   -0.222337478638589392E+01   -0.874331501010420453E+01   -0.637400264458405452E+01   -0.796681164380500828E+01   -0.550406208385670492E+01    0.662775178215933124E+03
    0.911734493235442756E+00    0.320010432028751552E+03   -0.175640357584953222E+01   -0.782394045373849334E+01   -0.298718983134822658E+01   -0.725037555492696750E+01   -0.563448313771307685E+01   -0.631623461945190368E+01   -0.813942567207561218E+01    0.662776176711844869E+03
    0.909394036076167089E+00    0.425666259964374319E+03   -0.243984630213636322E+01   -0.616559861547901811E+01   -0.374687285854537944E+01   -0.766980970883262358E+01   -0.531756908832080466E+01   -0.489512950009001635E+01   -0.740673400254532766E+01    0.662778546408797411E+03
    0.918083555039541310E+00    0.203590349713841505E+03   -0.740561460126841808E+01   -0.563270808709184756E+01   -0.192192981985716749E+01   -0.174116206111691696E+01   -0.863577341694040257E+01   -0.418036652771731276E+01   -0.909499144402626314E+01    0.662779469788788219E+03
    0.914292914887907759E+00    0.247114689241683010E+03   -0.261386515779298012E+01   -0.765387145105834676E+01   -0.205736360122789375E+01   -0.906889246294427842E+01   -0.603736974636690960E+01   -0.632095598339825226E+01   -0.980320356435324491E+01    0.662780781244378318E+03
    0.904282470216917988E+00    0.405250713850861757E+03   -0.223170218758185257E+01   -0.840571242493154180E+01   -0.134589504659886749E+01   -0.521002604673411085E+01   -0.601861581302361692E+01   -0.703492452016628267E+01   -0.356989904743401176E+01    0.662785881775199528E+03
    0.913489061378285561E+00    0.343794280797198610E+03   -0.330196747987763128E+01   -0.711042254187863332E+01   -0.277850785701291425E+01   -0.172881603723880950E+01   -0.561162033129423410E+01   -0.412418795058373977E+01   -0.800852155891574213E+01    0.662787833253106669E+03
    0.916035867768466683E+00    0.313330429792404175E+03   -0.812936252355575562E+01   -0.525701117515563965E+01   -0.247181820869445801E+01   -0.912669259309768677E+01   -0.824862855672836304E+01   -0.949634122848510742E+01   -0.745211869478225708E+01    0.662788132004124009E+03
    0.910447304491294074E+00    0.379728156545348611E+03   -0.290109911006663967E+01   -0.998823764272389525E+01   -0.328124005671470265E+01   -0.439349822764823461E+01   -0.540151630254417014E+01   -0.399706127143797563E+01   -0.964425012367792434E+01    0.662789019979283694E+03
    0.910568680359763127E+00    0.384646086169731007E+03   -0.232433568963149551E+01   -0.648355840088299651E+01   -0.379281533983546737E+01   -0.436133299497113391E+01   -0.546389333636857977E+01   -0.423942897431284749E+01   -0.553991234177342573E+01    0.662789100098016320E+03
    0.912455422750431344E+00    0.359201797590393994E+03   -0.301860781884900575E+01   -0.520900275877763530E+01   -0.207259593414250798E+01   -0.428795695294244172E+01   -0.859519905228430581E+01   -0.945885920142890946E+01   -0.943276120521976935E+01    0.662804828055645089E+03
    0.917801929980323727E+00    0.235666190307958516E+03   -0.829390707780748038E+01   -0.606513005306723230E+01   -0.211123670863379420E+01   -0.743051916787081179E+01   -0.782643610262774381E+01   -0.601550234936419415E+01   -0.709504692805538717E+01    0.662808441422042733E+03
    0.904493329482059405E+00    0.488167728258317595E+03   -0.205149500292880216E+01   -0.761257048137340675E+01   -0.399240478743160043E+01   -0.633116435927659715E+01   -0.750933345215418591E+01   -0.397423923282027847E+01   -0.743036976952174300E+01    0.662812467449183828E+03
    0.913086190606942072E+00    0.234579498547972747E+03   -0.145358322634584702E+01   -0.785986832610966513E+01   -0.162351654175739313E+01   -0.338395190371923515E+01   -0.727912760017542659E+01   -0.651677182879852701E+01   -0.687713699495571085E+01    0.662812974371788755E+03
    0.910335343068383707E+00    0.443955231932525862E+03   -0.329898592738945506E+01   -0.777665714893730264E+01   -0.371744690253165899E+01   -0.459756493297770419E+01   -0.946184345903286150E+01   -0.294864240141736644E+01   -0.899096451718458489E+01    0.662813119332043243E+03
    0.918746777485529353E+00    0.320195856513707952E+03   -0.447295272994697601E+01   -0.854245369979340552E+01   -0.547685035962808087E+01   -0.141797532351953492E+01   -0.795945476527509044E+01   -0.692141876263585054E+01   -0.920381570194665422E+01    0.662818596296036276E+03
    0.918259103622328987E+00    0.281802266180931497E+03   -0.514037282126919859E+01   -0.271055704937387532E+01   -0.290806845617730403E+01   -0.192386837301327063E+01   -0.783965940145318463E+01   -0.513513641546894029E+01   -0.804992712256377807E+01    0.662820837255574133E+03
    0.905644686180796188E+00    0.434933805254606625E+03   -0.181468456394135558E+01   -0.813213074979400474E+01   -0.305884476950118245E+01   -0.425284213974148795E+01   -0.883957197500140701E+01   -0.725439990595352846E+01   -0.423693153721754356E+01    0.662821814085678398E+03
    0.913068531410488049E+00    0.374128316810163710E+03   -0.694317999948255515E+01   -0.325176826708767308E+01   -0.234097848252085683E+01   -0.781566964165138245E+01   -0.946053646645222734E+01   -0.854510437213013319E+01   -0.707257165387700759E+01    0.662824597266048613E+03
    0.915497477180361896E+00    0.233052910674377216E+03   -0.245722517226500248E+01   -0.367415489373260673E+01   -0.168814547788750957E+01   -0.352268096430154909E+01   -0.530022674083937595E+01   -0.933970762041734659E+01   -0.719822285003433215E+01    0.662829167120262127E+03
    0.914077221219830260E+00    0.322592559941040804E+03   -0.290621083647250167E+01   -0.228882084633795646E+01   -0.509742935048887524E+01   -0.587935546561468314E+01   -0.679229737822940294E+01   -0.404975663383886708E+01   -0.876134194299243063E+01    0.662829504973732583E+03
    0.906478578083399489E+00    0.369827344020881412E+03   -0.236560939643993873E+01   -0.808669404006095682E+01   -0.132669222987595958E+01   -0.489044855275259049E+01   -0.664970437262168446E+01   -0.127344336330904007E+01   -0.953279294098052432E+01    0.662836355500565332E+03
    0.917597780741589375E+00    0.202300009961049000E+03   -0.539434512024686441E+01   -0.600700017677982867E+01   -0.166186814021043894E+01   -0.836529562765199586E+01   -0.963165131016405596E+01   -0.772360007673282567E+01   -0.492153406418053141E+01    0.662839211942589145E+03
    0.913883262883016245E+00    0.274385954402247535E+03   -0.504452001427204433E+01   -0.895374082724068820E+01   -0.125624616258006050E+01   -0.732933689042308245E+01   -0.694082616492871907E+01   -0.439232052806354023E+01   -0.869678004313430009E+01    0.662842372275507955E+03
    0.908697984134913761E+00    0.388919051764273036E+03   -0.188687827231696481E+01   -0.687183776164441440E+01   -0.596290220327995968E+01   -0.334906875872136212E+01   -0.568061903638220933E+01   -0.286802105811853103E+01   -0.972898772816004609E+01    0.662842580754079222E+03
    0.915449994337466433E+00    0.286178274169237852E+03   -0.572754657133204237E+01   -0.909032407628676431E+01   -0.161673289917744079E+01   -0.732859388496452446E+01   -0.863804185777866174E+01   -0.429832835906067245E+01   -0.802129239612275136E+01    0.662843367074588400E+03
    0.916659409155164195E+00    0.240399596236668799E+03   -0.355527982031977352E+01   -0.683378995211706464E+01   -0.242152677582009801E+01   -0.284373706133219173E+01   -0.585692858981180642E+01   -0.706355899685944344E+01   -0.713175555548541151E+01    0.662843634543564576E+03
    0.914647246243359358E+00    0.383610888449317713E+03   -0.501931429861004474E+01   -0.737641807671677974E+01   -0.365458768267668432E+01   -0.693845429486706600E+01   -0.743922968608187762E+01   -0.658889375254421772E+01   -0.777798374871087717E+01    0.662843794272430955E+03
    0.905604122911397136E+00    0.380002468755568543E+03   -0.138220155345455709E+01   -0.356907843031451133E+01   -0.234876193363953067E+01   -0.318828342838515244E+01   -0.557771276200742072E+01   -0.108722202071412255E+01   -0.843417624625329410E+01    0.662843922072745727E+03
    0.913323367150045917E+00    0.294680539778664411E+03   -0.568837233917194229E+01   -0.265658944127688468E+01   -0.105415139902910759E+01   -0.846944704389346725E+01   -0.746709992715651616E+01   -0.644281578600657845E+01   -0.898908002628934355E+01    0.662846437027206321E+03
    0.918800320545257065E+00    0.216000345396908017E+03   -0.581038422257674636E+01   -0.547329550395272069E+01   -0.290271216688807332E+01   -0.341666795936858758E+01   -0.860691490998739361E+01   -0.365603374739426634E+01   -0.676315961441549884E+01    0.662846871066686958E+03
    0.916486457144549238E+00    0.299981840119094045E+03   -0.807893768598700213E+01   -0.252012106692413340E+01   -0.279098876290771614E+01   -0.912714249856600546E+01   -0.776807363299523068E+01   -0.523852299139926370E+01   -0.725775587883071083E+01    0.662846992250113885E+03
    0.920543212710134728E+00    0.280021096343101249E+03   -0.515721084461292278E+01   -0.797055293578468849E+01   -0.455196019800391660E+01   -0.160676685135180541E+01   -0.916114777212617248E+01   -0.480668671527714508E+01   -0.834111713682452560E+01    0.662848044666110695E+03
    0.914170723108157723E+00    0.400964958034888809E+03   -0.321956719450407114E+01   -0.275307607267093513E+01   -0.464166509292079077E+01   -0.279370779740712116E+01   -0.792944356239194548E+01   -0.466962343504631772E+01   -0.772829480137597358E+01    0.662852856705881777E+03
    0.920887516768120529E+00    0.349408963245758798E+03   -0.663164652008558342E+01   -0.742298100917236603E+01   -0.473321805283113584E+01   -0.185262372599607872E+01   -0.791748680461978083E+01   -0.684476793617528756E+01   -0.870016456489721612E+01    0.662860410614953253E+03
    0.916748145399990499E+00    0.301378009455716779E+03   -0.542941185711875995E+01   -0.694785598481052169E+01   -0.347415754280931299E+01   -0.415259089976971651E+01   -0.849963349511062738E+01   -0.677056423002075292E+01   -0.747223806338794461E+01    0.662862204583789094E+03
    0.906922060926739437E+00    0.400158449216999770E+03   -0.149306263683075890E+01   -0.645477420211703468E+01   -0.566448630038391077E+01   -0.786750047512780526E+01   -0.762983627455899871E+01   -0.289479855338361070E+01   -0.828587792264971945E+01    0.662863929336039291E+03
    0.903038964725865312E+00    0.459392637849060804E+03   -0.246390349140126830E+01   -0.243245789388368827E+01   -0.187653917876514598E+01   -0.502101023351406006E+01   -0.785507392027900053E+01   -0.568377059070408830E+01   -0.872150314561055140E+01    0.662866572792672400E+03
    0.913948895374042336E+00    0.298139603995114385E+03   -0.293198783622808801E+01   -0.350113024122191163E+01   -0.172629594796547536E+01   -0.544000276080876333E+01   -0.597442958078592312E+01   -0.409615629780231227E+01   -0.723249104647308894E+01    0.662870608042960157E+03
    0.916011663041700785E+00    0.215121508425512985E+03   -0.304559648370825364E+01   -0.155752669190924564E+01   -0.258806605660178146E+01   -0.333806670111807247E+01   -0.916522708297202726E+01   -0.878054618197651493E+01   -0.750812878748812551E+01    0.662871230083506816E+03
    0.910767534930080558E+00    0.358623311241864258E+03   -0.448363951211256051E+01   -0.237820366606620848E+01   -0.173392638397573506E+01   -0.339633587544126492E+01   -0.841578737538077704E+01   -0.296532434216134977E+01   -0.661717249581986433E+01    0.662872093721389206E+03
    0.916218005536883484E+00    0.296431923726632817E+03   -0.466063051150218755E+01   -0.182657363314900856E+01   -0.334336586313389894E+01   -0.461029776562707561E+01   -0.734850415391086997E+01   -0.926659447105611278E+01   -0.824009103346738669E+01    0.662876524846677171E+03
    0.910337330687106427E+00    0.379962829746452655E+03   -0.382588230147606367E+01   -0.579870605980836729E+01   -0.198248579376619638E+01   -0.448193418277094757E+01   -0.633582964636805190E+01   -0.370783170080981783E+01   -0.696665743372770940E+01    0.662883049833993482E+03
    0.916333480612140372E+00    0.261097195891650131E+03   -0.434966504746002069E+01   -0.339800030856920721E+01   -0.346472674863438801E+01   -0.277684524432231328E+01   -0.882451349617661762E+01   -0.823505551807865110E+01   -0.692340429549036251E+01    0.662884171686287914E+03
    0.910834048962686271E+00    0.327292949848069497E+03   -0.373000114006214289E+01   -0.561769271853582453E+01   -0.118524403282551383E+01   -0.694636280745589119E+01   -0.872943294785999235E+01   -0.647422719816074910E+01   -0.791850817382285221E+01    0.662891371172772892E+03
    0.910651289139111531E+00    0.381320939945398322E+03   -0.290561868885699415E+01   -0.849981422502035144E+01   -0.503305133408339156E+01   -0.749075992570238824E+01   -0.972668222768182034E+01   -0.309943051198538111E+01   -0.713360047764143523E+01    0.662893524218224798E+03
    0.912295506351646135E+00    0.336765470061140604E+03   -0.383573680836469944E+01   -0.781397965482798007E+01   -0.321003401887894935E+01   -0.736863029133026259E+01   -0.866399500380525467E+01   -0.345370102939369694E+01   -0.499681678951913177E+01    0.662897195402241664E+03
    0.912700771812020917E+00    0.285289869781138464E+03   -0.654809831403250264E+01   -0.283606042917468049E+01   -0.141706616982741274E+01   -0.938500852183797818E+01   -0.846034569491191668E+01   -0.347658937507351329E+01   -0.707130662324140502E+01    0.662900111542878221E+03
    0.905579265542717504E+00    0.402811531907810945E+03   -0.181368824348819579E+01   -0.800155723446857614E+01   -0.245370643229457830E+01   -0.320290854654896151E+01   -0.683342078098526073E+01   -0.309767547176971192E+01   -0.960947325292426946E+01    0.662900610033472049E+03
    0.916422670828099251E+00    0.333590674765804920E+03   -0.347015539859349786E+01   -0.771458809904861642E+01   -0.427576112675854159E+01   -0.822481073084429148E+01   -0.741971075906651212E+01   -0.637582486219772093E+01   -0.733676750835637481E+01    0.662904548100381930E+03
    0.912206599581527389E+00    0.447049103888208833E+03   -0.323900709570322931E+01   -0.240602730683378940E+01   -0.430303838169055552E+01   -0.686991511955840473E+01   -0.748844205499672100E+01   -0.833827083636034594E+01   -0.875113758461026059E+01    0.662906844999906298E+03
    0.912687845041116219E+00    0.307034699426070347E+03   -0.184337625307450814E+01   -0.225524523249278097E+01   -0.245197640878448464E+01   -0.967651920504619234E+01   -0.526334695841070399E+01   -0.483713800442529074E+01   -0.794683582227278151E+01    0.662910038602150507E+03
    0.909306633706082112E+00    0.328352178849775896E+03   -0.294396079829966961E+01   -0.279580677449698012E+01   -0.142467331366173688E+01   -0.540158128619884703E+01   -0.696321320742933558E+01   -0.958253557272210621E+01   -0.505326905362205814E+01    0.662910108037857299E+03
    0.910716016586593624E+00    0.370659344881854452E+03   -0.745532726054195116E+01   -0.120590759333358655E+01   -0.201060382675926874E+01   -0.334674266335464043E+01   -0.825119033559212767E+01   -0.513184883034319750E+01   -0.783647556229788833E+01    0.662911950867537143E+03
    0.909863790389605187E+00    0.374113788930683882E+03   -0.226826954490156041E+01   -0.867594771606709259E+01   -0.391969596617186333E+01   -0.658086366128834044E+01   -0.934642537239962756E+01   -0.197833852156377965E+01   -0.792613402713990389E+01    0.662913717358321946E+03
    0.903025673725213918E+00    0.438522892364761674E+03   -0.215013205586642719E+01   -0.452342943126304853E+01   -0.169689119046932646E+01   -0.613237411523997888E+01   -0.646288398414420229E+01   -0.867178956365209785E+01   -0.381413406777981123E+01    0.662915112904705779E+03
    0.921228081060887272E+00    0.244220114786494236E+03   -0.814225820657251731E+01   -0.802286473960630886E+01   -0.324076828389021809E+01   -0.357466542640023377E+01   -0.900352090807898975E+01   -0.941492954548462357E+01   -0.867970095609595127E+01    0.662917051690308995E+03
    0.906693199832164232E+00    0.436100785149134822E+03   -0.139693921994285120E+01   -0.584302335187783939E+01   -0.331134501465109832E+01   -0.524485207411856802E+01   -0.569805283965048481E+01   -0.637348135421880002E+01   -0.612277579589515319E+01    0.662928805571806151E+03
    0.916180109114085983E+00    0.234878408724946269E+03   -0.568618113474500486E+01   -0.405365506136270959E+01   -0.171477458448157094E+01   -0.708780080511994726E+01   -0.802114855757960044E+01   -0.467541114076721165E+01   -0.517184721986046103E+01    0.662929142411368503E+03
    0.911100220270902983E+00    0.287860094197466140E+03   -0.146487842201163332E+01   -0.187335064113695537E+01   -0.323967969954469392E+01   -0.804813030165724896E+01   -0.827424423502365514E+01   -0.141545831488580198E+01   -0.642303906924699941E+01    0.662929160751853146E+03
    0.905374747238926081E+00    0.448947515907142133E+03   -0.230193092387446896E+01   -0.916801368516923709E+01   -0.208152575461937062E+01   -0.455783388856558336E+01   -0.770725422364671697E+01   -0.811467416656027751E+01   -0.979559495967619753E+01    0.662931270517204325E+03
    0.910753389179559170E+00    0.335532449615423161E+03   -0.304517472702507241E+01   -0.140539570016241733E+01   -0.127311742564157271E+01   -0.776636921810744685E+01   -0.565616900649951670E+01   -0.911908974559502639E+01   -0.660628578083545204E+01    0.662933155037276833E+03
    0.913010311460713431E+00    0.326519027084507570E+03   -0.595601062326721387E+01   -0.282815615434593770E+01   -0.227373896920685947E+01   -0.363566787842148109E+01   -0.806773320945598904E+01   -0.423314906327273199E+01   -0.841689336018132650E+01    0.662936076589608092E+03
    0.916421895325688629E+00    0.240799660063354906E+03   -0.243518843077389491E+01   -0.302676448636351125E+01   -0.369493849129870355E+01   -0.298289131525697293E+01   -0.856249372728555436E+01   -0.916459171768191005E+01   -0.859064184968844913E+01    0.662938163580337232E+03
    0.910184543117988132E+00    0.381399876394846842E+03   -0.369444013421746131E+01   -0.826962545452752984E+01   -0.217466181741458620E+01   -0.184900524956952772E+01   -0.667226667704636078E+01   -0.679326406254804560E+01   -0.766727356164289731E+01    0.662938824434271169E+03
    0.915259153723719576E+00    0.325204452794463577E+03   -0.483114815249330132E+01   -0.789295958342116499E+01   -0.225986596088490987E+01   -0.275233738133835892E+01   -0.859593647316743237E+01   -0.995009137534623633E+01   -0.652759210571766424E+01    0.662945569735503113E+03
    0.913026653692179058E+00    0.282250791804809637E+03   -0.154780166579313949E+01   -0.454012599349035462E+01   -0.219242496603465842E+01   -0.334151657008752601E+01   -0.641680370413848866E+01   -0.193150702281992004E+01   -0.639481898053018138E+01    0.662946612068970126E+03
    0.917635189201081114E+00    0.299276436069303713E+03   -0.473698032101072020E+01   -0.597431164579554697E+01   -0.469028033563623215E+01   -0.193619275432972771E+01   -0.914197566853072630E+01   -0.709309699877808875E+01   -0.606334871352407490E+01    0.662947171512162186E+03
    0.916159690500139567E+00    0.309456410017348617E+03   -0.338218237360113694E+01   -0.942906665420658641E+01   -0.315724296201619481E+01   -0.598401948615118950E+01   -0.672580438461283148E+01   -0.500540935628016470E+01   -0.711252495074151625E+01    0.662949007128103972E+03
    0.914997998986782912E+00    0.265242307815827871E+03   -0.209870656964680080E+01   -0.285667321477684677E+01   -0.186790020764081532E+01   -0.708911045873256285E+01   -0.663520709277408649E+01   -0.741178890381972799E+01   -0.557969744487153907E+01    0.662949775116900128E+03
    0.916887756727210124E+00    0.232939872697517842E+03   -0.542451179492075841E+01   -0.747274868610626974E+01   -0.218951511010806943E+01   -0.762828927428370118E+01   -0.791530416277869087E+01   -0.417912098652872110E+01   -0.870146000543246956E+01    0.662952392554294079E+03
    0.919577659165593864E+00    0.227702742550428695E+03   -0.821879209237441444E+01   -0.722564736792814166E+01   -0.229997899555749008E+01   -0.329984642019710073E+01   -0.924360277935721975E+01   -0.677394715292509186E+01   -0.724032630795738719E+01    0.662952713103199358E+03
    0.917031665647352279E+00    0.286252632906091435E+03   -0.438557103940612425E+01   -0.341541200575213466E+01   -0.237469352146662249E+01   -0.502686740846646618E+01   -0.727674596446892785E+01   -0.719681802189482678E+01   -0.850765111073521396E+01    0.662952850650900245E+03
    0.903315082919033840E+00    0.400048347152584086E+03   -0.116218203439877321E+01   -0.131476089539984464E+01   -0.162317338671135047E+01   -0.724639615815115512E+01   -0.712201857071984978E+01   -0.526445348224852872E+01   -0.905572945679855934E+01    0.662954489602961303E+03
    0.910586149170552916E+00    0.416247492540120675E+03   -0.417443632155440181E+01   -0.295846032391203906E+01   -0.288598513328995487E+01   -0.290296430802944450E+01   -0.611691858920823428E+01   -0.592212534374558963E+01   -0.759736264026414876E+01    0.662955070205554421E+03
    0.904053285997344469E+00    0.474557112227039852E+03   -0.193979254308703908E+01   -0.553100302082863848E+01   -0.281110727478503097E+01   -0.305608178310651368E+01   -0.703859293549244569E+01   -0.638939874524432305E+01   -0.763660496958497070E+01    0.662955641696000498E+03
    0.917688171393411967E+00    0.218935524858976351E+03   -0.773241850649916707E+01   -0.434932472832180572E+01   -0.110098011465091083E+01   -0.656381563900202991E+01   -0.843443939511123553E+01   -0.653099647088984270E+01   -0.650222977353943854E+01    0.662957946574285756E+03
    0.916247707774362596E+00    0.238849288256712782E+03   -0.272493436012245205E+01   -0.601748699773552786E+01   -0.162629296054196359E+01   -0.440993392766096282E+01   -0.732825145459541183E+01   -0.288585998070268168E+01   -0.712753335204371830E+01    0.662962922958011745E+03
    0.915541819431421877E+00    0.284911674717492019E+03   -0.772702416168795025E+01   -0.471880969840167808E+01   -0.178349032983208566E+01   -0.686736655691147657E+01   -0.816056949991233083E+01   -0.935502044704519342E+01   -0.591096761395289150E+01    0.662963534532978201E+03
    0.901778170135557500E+00    0.469341753925086266E+03   -0.144319355770812585E+01   -0.665400598756825801E+01   -0.184308383882453519E+01   -0.524019224517250848E+01   -0.705049423890655724E+01   -0.529095166981425091E+01   -0.708457762858316542E+01    0.662963608990573562E+03
    0.912338040835830255E+00    0.294799295165333490E+03   -0.302447744380049599E+01   -0.293830944524895710E+01   -0.238458132336895368E+01   -0.480044770481421690E+01   -0.843764034228803084E+01   -0.416533868689647946E+01   -0.464957374064671658E+01    0.662967454721238823E+03
    0.916213765886843334E+00    0.262053711539902508E+03   -0.656349456008492460E+01   -0.485852377411564262E+01   -0.145817231087669441E+01   -0.233724220045296427E+01   -0.781339502647729134E+01   -0.534369043519289200E+01   -0.820565161540616472E+01    0.662970968831740493E+03
    0.916210595054053445E+00    0.285507143171910343E+03   -0.386614802595973028E+01   -0.897791983988471998E+01   -0.430233593375143375E+01   -0.890690849994635414E+01   -0.822416954409851364E+01   -0.351849781285252483E+01   -0.543629453563898846E+01    0.662972627001486444E+03
    0.913133962761070395E+00    0.267728919905767384E+03   -0.409886513838175670E+01   -0.602324170963716377E+01   -0.130847281926579839E+01   -0.548204915179101171E+01   -0.674206165243580724E+01   -0.332255702873639880E+01   -0.996601843661733788E+01    0.662974878657611953E+03
    0.916974374627222977E+00    0.287672398196996369E+03   -0.773904747811324079E+01   -0.869711165943281372E+01   -0.225863222958681309E+01   -0.801047687068283309E+01   -0.918655392639077206E+01   -0.725068365004168935E+01   -0.674596716236935379E+01    0.662976700454591764E+03
    0.907125424230628474E+00    0.399905270166979790E+03   -0.218329963718121700E+01   -0.825756523288123923E+01   -0.352546636910889166E+01   -0.715215999665567637E+01   -0.716202296025729357E+01   -0.204892863418539850E+01   -0.595341702964878561E+01    0.662977377493900690E+03
    0.918695443525983757E+00    0.294648941761891763E+03   -0.634894907563030308E+01   -0.786500412604841426E+01   -0.323952736000372266E+01   -0.665297617431359178E+01   -0.856647759834181599E+01   -0.961050187477027151E+01   -0.673064517888178493E+01    0.662977401148960098E+03
    0.913526250161557418E+00    0.300288485757308138E+03   -0.227607996039772598E+01   -0.905979830558564103E+01   -0.611788590858286607E+01   -0.188570245162686945E+01   -0.802860560552379887E+01   -0.340970006490053379E+01   -0.808457088839901239E+01    0.662977486447878960E+03
    0.915644699738953904E+00    0.301475667744518262E+03   -0.469163268377733811E+01   -0.809209312248459156E+01   -0.207557728330979518E+01   -0.630754904431604402E+01   -0.711046753743517446E+01   -0.845961476109061650E+01   -0.998583484971272561E+01    0.662980439018996663E+03
    0.915193417852290247E+00    0.263108661907924670E+03   -0.343477515783596399E+01   -0.208784424786944456E+01   -0.208555309868331040E+01   -0.842146958945937385E+01   -0.670760999166456084E+01   -0.245296883330196902E+01   -0.850706825649862175E+01    0.662983160921416015E+03
    0.913683290171919515E+00    0.309850369680063466E+03   -0.283178773432005570E+01   -0.272189918747180926E+01   -0.237459129500851951E+01   -0.767826926171489710E+01   -0.637235619943973219E+01   -0.557860533180573892E+01   -0.458898595190269987E+01    0.662988431876445361E+03
    0.906563479241280445E+00    0.485209064470140845E+03   -0.382979502538989092E+01   -0.284299903075360838E+01   -0.265696243635004414E+01   -0.839358507895689243E+01   -0.751563923967961500E+01   -0.749827079267467766E+01   -0.592851068629443212E+01    0.662989979802442576E+03
    0.915121052581723049E+00    0.351816449447453351E+03   -0.646281980327350247E+01   -0.282155804255665466E+01   -0.273373141323028257E+01   -0.763555398118254125E+01   -0.748117433204896543E+01   -0.963152554607422395E+01   -0.982278994300591712E+01    0.662990164018611608E+03
    0.916709929685272429E+00    0.217341773262868429E+03   -0.679517576922776989E+01   -0.523812345247332445E+01   -0.143493445602988956E+01   -0.297225648076917537E+01   -0.989043599767093262E+01   -0.565335208119222266E+01   -0.675874972028269827E+01    0.662990920711084073E+03
    0.907719595205232710E+00    0.433320189760739538E+03   -0.296759695255067246E+01   -0.308898835118210879E+01   -0.202489170451789846E+01   -0.159418090903324661E+01   -0.861359966291889201E+01   -0.525116177567820674E+01   -0.952597536197772499E+01    0.662994645428758076E+03
    0.915120250611239361E+00    0.208676957008887541E+03   -0.325458746915310915E+01   -0.323811948041116437E+01   -0.146827102242673568E+01   -0.433193526543807739E+01   -0.885482217968826646E+01   -0.246952297720780400E+01   -0.371388700793254056E+01    0.662998494219651548E+03
    0.917011327456014658E+00    0.282409002835626552E+03   -0.320518708472610747E+01   -0.294414539986690471E+01   -0.328495157943469884E+01   -0.211909822843464113E+01   -0.876677835796680505E+01   -0.814758030103789643E+01   -0.627238585154466222E+01    0.663001958334121809E+03
    0.915065780376150495E+00    0.331024448514605638E+03   -0.408139573403475620E+01   -0.401413860583719462E+01   -0.548213059976559158E+01   -0.845984468720580907E+01   -0.967646973212596251E+01   -0.421229626877896646E+01   -0.723699221152339955E+01    0.663005815763926876E+03
    0.913830736306776581E+00    0.338826571948612525E+03   -0.469985909618221509E+01   -0.870539144019322286E+01   -0.209849859072409117E+01   -0.629448591144174152E+01   -0.776603523736149537E+01   -0.742522836818154186E+01   -0.669510468654139945E+01    0.663008611640344043E+03
    0.914845320662051931E+00    0.256037080875035144E+03   -0.297197388466523726E+01   -0.390184929091254595E+01   -0.185741438279093174E+01   -0.438488919494453455E+01   -0.548178923355397973E+01   -0.858277683571808403E+01   -0.544014106458142255E+01    0.663012634140651926E+03
    0.912377599315320476E+00    0.330673861574901025E+03   -0.398684721517324014E+01   -0.526113759257447189E+01   -0.224692177443968344E+01   -0.623826026326072203E+01   -0.687286767346614624E+01   -0.479577002148922737E+01   -0.958099906934350898E+01    0.663016759922858910E+03
    0.910580116335433343E+00    0.380767957475663138E+03   -0.295931530932383335E+01   -0.893162051126305379E+01   -0.398587512849528203E+01   -0.415924590480677558E+01   -0.962248960806892484E+01   -0.414917408574886792E+01   -0.480020992488248854E+01    0.663019335773133548E+03
    0.911784599027500642E+00    0.367582201859011946E+03   -0.302412051752812339E+01   -0.649198220692686245E+01   -0.380499938229764290E+01   -0.217940733409467846E+01   -0.801439005176186470E+01   -0.512218112264254088E+01   -0.810126154505917562E+01    0.663021513447716870E+03
    0.915812844194762499E+00    0.277746282607374326E+03   -0.994334788531526392E+01   -0.820124774199600637E+01   -0.193099025998218821E+01   -0.422946249261182583E+01   -0.859654212361525438E+01   -0.839177706910902721E+01   -0.868945281272666747E+01    0.663024981175434277E+03
    0.921383918532178825E+00    0.254187312716413061E+03   -0.522736531119514503E+01   -0.812204822265601400E+01   -0.527963729408579940E+01   -0.839361790019157006E+01   -0.850516364175341977E+01   -0.543661845349240025E+01   -0.907140997737528387E+01    0.663027333271266912E+03
    0.914656110280731682E+00    0.318082741145922114E+03   -0.322833714701878538E+01   -0.497944230408670485E+01   -0.481604656808983744E+01   -0.228722086099054778E+01   -0.717469423405692908E+01   -0.311392731130712264E+01   -0.957781835992318875E+01    0.663036376538586524E+03
    0.907669890552841307E+00    0.363773203922657217E+03   -0.285608075827215213E+01   -0.699363200027284826E+01   -0.158686830584021266E+01   -0.707720404442269668E+01   -0.986854087288154602E+01   -0.291446412199495519E+01   -0.616046793057702136E+01    0.663037203760843227E+03
    0.915190268018870379E+00    0.395234493082884455E+03   -0.560804091406946714E+01   -0.597952147538903400E+01   -0.337428725447657385E+01   -0.559555246837713849E+01   -0.953386456101753410E+01   -0.740555852726178543E+01   -0.915595339185288282E+01    0.663038021161907864E+03
    0.909887760114813204E+00    0.355136459453300404E+03   -0.142818515865122819E+01   -0.122236038388718171E+01   -0.302462541169563792E+01   -0.825023548229021308E+01   -0.598565752117821681E+01   -0.549141837702114266E+01   -0.560443086132378632E+01    0.663038798953345577E+03
    0.916433709866275259E+00    0.408470330711058239E+03   -0.448135655674085331E+01   -0.608209218349021441E+01   -0.698601820189641298E+01   -0.906668126910827077E+01   -0.960177627210550533E+01   -0.474326850265888744E+01   -0.647710474604746267E+01    0.663039441454501002E+03
    0.916183759783196994E+00    0.258537595602338058E+03   -0.444092128031261080E+01   -0.910933340972373351E+01   -0.277541146037370812E+01   -0.677311395702747010E+01   -0.682443446958090938E+01   -0.356391326843031120E+01   -0.750456652743717800E+01    0.663040334151395541E+03
    0.908285257731226592E+00    0.358613007298098978E+03   -0.167910451989787468E+01   -0.869587974940026065E+01   -0.268845295858543221E+01   -0.221748477274859379E+01   -0.710497256963133950E+01   -0.427697896152303336E+01   -0.524473334322483353E+01    0.663040552799181228E+03
    0.911847379230937283E+00    0.309145762908741403E+03   -0.175157787880491078E+01   -0.997408931087954009E+01   -0.549614542220228053E+01   -0.543029476751588369E+01   -0.971581978006043023E+01   -0.216338399055640007E+01   -0.648202184674486759E+01    0.663044063022864634E+03
    0.922137219334013158E+00    0.406056785171605156E+03   -0.640116440955223531E+01   -0.674648246228734028E+01   -0.669865709126747433E+01   -0.265309341146109023E+01   -0.846251093678501043E+01   -0.817523401267694005E+01   -0.961288212515989748E+01    0.663044473688238099E+03
    0.916479669490209092E+00    0.422550011662871782E+03   -0.442507290057929215E+01   -0.346340850941393441E+01   -0.422535629392519674E+01   -0.467770045888177854E+01   -0.921265456276918471E+01   -0.601668328406361397E+01   -0.895417477143288210E+01    0.663046510599489920E+03
    0.910685943390142638E+00    0.477984842342170282E+03   -0.292090463768028119E+01   -0.293687745239247278E+01   -0.665512296499159284E+01   -0.467011584341382058E+01   -0.863778607905768681E+01   -0.419489148633561992E+01   -0.661634792920914983E+01    0.663051901124084907E+03
    0.914210078257743142E+00    0.259978779983662434E+03   -0.250598433223788764E+01   -0.417138915036875879E+01   -0.250164590564382205E+01   -0.712402843148081999E+01   -0.950785252869397546E+01   -0.498554837940214490E+01   -0.396850601635840405E+01    0.663055176897567208E+03
    0.910807732628833189E+00    0.355304952990965319E+03   -0.203359309634705099E+01   -0.633643430058695412E+01   -0.576831261617455660E+01   -0.948576143919092019E+01   -0.616571596776287834E+01   -0.308100243093028325E+01   -0.721327059900390566E+01    0.663056254446145545E+03
    0.916881949606027091E+00    0.270181655174981131E+03   -0.321142564544941767E+01   -0.263345866818321284E+01   -0.524819868730277950E+01   -0.746675082656658340E+01   -0.952347897386227693E+01   -0.451616120462823822E+01   -0.701933633715731631E+01    0.663057038565645826E+03
    0.918079535169788463E+00    0.210468816395389979E+03   -0.529001911345339870E+01   -0.778141173703290789E+01   -0.181439028448039963E+01   -0.489449726174469113E+01   -0.686080156890503634E+01   -0.714645679881780449E+01   -0.836112659833334071E+01    0.663058304283593543E+03
    0.912080924899464685E+00    0.335578699091975977E+03   -0.274325381244489730E+01   -0.333075673191596611E+01   -0.207617775973796537E+01   -0.932611461730200375E+01   -0.583574722331279538E+01   -0.308689731070829243E+01   -0.702057256472923896E+01    0.663060215785954369E+03
    0.922292235306536812E+00    0.398924489610870637E+03   -0.662303336203369764E+01   -0.970135510793141975E+01   -0.732871236744982824E+01   -0.739894351515758331E+01   -0.918336578877390508E+01   -0.728748204984830039E+01   -0.791485950401087912E+01    0.663060892458784792E+03
    0.915806371764163130E+00    0.301046768650807167E+03   -0.310306507300705015E+01   -0.478856407653052862E+01   -0.473294097304851125E+01   -0.385867604496114414E+01   -0.861791590888593362E+01   -0.597951783325771569E+01   -0.906569525951448263E+01    0.663062651731819756E+03
    0.920509196699184629E+00    0.239672495890887745E+03   -0.929658018699062083E+01   -0.355671452677337463E+01   -0.294823596556379552E+01   -0.377085198807438537E+01   -0.875393616068952696E+01   -0.848667698489809652E+01   -0.966410365674336092E+01    0.663062799065014133E+03
    0.914613509840685013E+00    0.315355465664825999E+03   -0.416970590286668497E+01   -0.520104842292824276E+01   -0.347891065552849987E+01   -0.315884070946606776E+01   -0.836832899018249066E+01   -0.594174404847952253E+01   -0.525748219511575687E+01    0.663066584274181082E+03
    0.911013704504052946E+00    0.298731561861375383E+03   -0.250909999464840805E+01   -0.268155781056107934E+01   -0.204298001274702745E+01   -0.395296414877738034E+01   -0.618400367612627733E+01   -0.259805781604485908E+01   -0.924057700548767791E+01    0.663068090032138002E+03
    0.916976655415215669E+00    0.214859119975002784E+03   -0.212190587445341450E+01   -0.882508425318610712E+01   -0.279961678347743081E+01   -0.640203581362068341E+01   -0.693085971317016725E+01   -0.516936664995229123E+01   -0.846358262360465829E+01    0.663073235530274587E+03
    0.919489108442338776E+00    0.245400123833169431E+03   -0.884354760512548310E+01   -0.775550261185663636E+01   -0.322420963825316598E+01   -0.487382169522571473E+01   -0.956346602818320690E+01   -0.568819649170904373E+01   -0.773453811834947480E+01    0.663075262793628553E+03
    0.916051978914667386E+00    0.254031519285927914E+03   -0.407518502927245407E+01   -0.801393711796501762E+01   -0.166134589582180325E+01   -0.215385366543148926E+01   -0.621585021204504073E+01   -0.684232685431241450E+01   -0.830305353168039950E+01    0.663078950941022185E+03
    0.911749481530200523E+00    0.343948332942623892E+03   -0.455709391208028336E+01   -0.779977614771490479E+01   -0.178374575243014455E+01   -0.313313179905353678E+01   -0.813257089291783863E+01   -0.456686669119994537E+01   -0.727733383254427313E+01    0.663079813623130917E+03
    0.912431629026544844E+00    0.355102355162665219E+03   -0.237342961051881929E+01   -0.709290928182190150E+01   -0.936044809461104776E+01   -0.396445766438616154E+01   -0.852986371170844571E+01   -0.295110559629374070E+01   -0.698883523916733651E+01    0.663081491238030367E+03
    0.918555085497112289E+00    0.358596594257284437E+03   -0.598006228447193422E+01   -0.854746172674918725E+01   -0.543253194592918831E+01   -0.698898007895646067E+01   -0.905518735893828719E+01   -0.568920603297659877E+01   -0.960687333545550715E+01    0.663081601804579122E+03
    0.913977440729018986E+00    0.317263171883321661E+03   -0.248367787531201145E+01   -0.794977068166175904E+01   -0.217496865721345323E+01   -0.183776097504991043E+01   -0.701601067469250594E+01   -0.813309857272796677E+01   -0.884435024901466527E+01    0.663084633379687943E+03
    0.912230091521725184E+00    0.291403184642527265E+03   -0.159651493339435291E+01   -0.711668797219551230E+01   -0.474169034100535836E+01   -0.135808531568181579E+01   -0.740240718791787966E+01   -0.253002529412430910E+01   -0.915550073875099102E+01    0.663090898936363374E+03
    0.914614047831977972E+00    0.262598193437838859E+03   -0.308651763428243520E+01   -0.515625867799296245E+01   -0.310218401107209907E+01   -0.720539944632346341E+01   -0.668018716296760129E+01   -0.338576174632401816E+01   -0.739371632258816902E+01    0.663092229275985460E+03
    0.919049261489468972E+00    0.232370516639970788E+03   -0.625876144940881574E+01   -0.463949163428908040E+01   -0.269747598954533174E+01   -0.994923851287446048E+01   -0.753590060061494427E+01   -0.610166459245201942E+01   -0.755497462453253377E+01    0.663092299833409129E+03
    0.906803031917117974E+00    0.388375420272065639E+03   -0.208401734262838723E+01   -0.178737313753982896E+01   -0.245577961813055534E+01   -0.551534550495597831E+01   -0.892772644777518209E+01   -0.300920489119488010E+01   -0.285280914425806564E+01    0.663094135179827163E+03
    0.913595729535186307E+00    0.293558165254018775E+03   -0.260352550863033816E+01   -0.363459462228510244E+01   -0.182188145491031328E+01   -0.765784719719794893E+01   -0.789778798688618799E+01   -0.225350765919760843E+01   -0.658248526939753553E+01    0.663094999432809800E+03
    0.907724436963705750E+00    0.368624029663121689E+03   -0.169009032831517203E+01   -0.689298444725236692E+01   -0.229750010502317625E+01   -0.809773910072044245E+01   -0.554359289483986384E+01   -0.589769348293897266E+01   -0.996187571452823839E+01    0.663103875640858860E+03
    0.912484420739264945E+00    0.290742646973107185E+03   -0.310764942846937853E+01   -0.873296443200387884E+01   -0.167356229333360851E+01   -0.257860369584127014E+01   -0.576103773087643134E+01   -0.547867391913078450E+01   -0.644183707684926432E+01    0.663105116532089596E+03
    0.911597115204144659E+00    0.365388891752137397E+03   -0.283177380084593544E+01   -0.688671114282381680E+01   -0.627824259859063183E+01   -0.349480934830783418E+01   -0.873407687971649516E+01   -0.319443423406611515E+01   -0.620176559440777098E+01    0.663105675183097901E+03
    0.920127797335421160E+00    0.251533503758308171E+03   -0.573190407269424007E+01   -0.677934737410242150E+01   -0.428334245662891444E+01   -0.384331683634328769E+01   -0.882507084657933305E+01   -0.901428052186684425E+01   -0.648184497354770350E+01    0.663111411057039845E+03
    0.918193601597449893E+00    0.306004169503531216E+03   -0.606410356506808057E+01   -0.772549494938251513E+01   -0.351740494806334603E+01   -0.131403129761691240E+01   -0.871043810261292961E+01   -0.718292834809827685E+01   -0.620863871705092318E+01    0.663111695334143405E+03
    0.912862835245437543E+00    0.309890064779387785E+03   -0.385713654508145787E+01   -0.612749194764445182E+01   -0.149435890460778253E+01   -0.924241796268046478E+01   -0.645412394197897576E+01   -0.514032555386061407E+01   -0.954597426096218804E+01    0.663117371742344744E+03
    0.923754460731543547E+00    0.232165602065700284E+03   -0.676366983633153662E+01   -0.857287618802220663E+01   -0.507393137913750802E+01   -0.369794887226288260E+01   -0.972456217291133740E+01   -0.771751295222034450E+01   -0.900909913103181559E+01    0.663121903727483414E+03
    0.908685972543738285E+00    0.364942995828765447E+03   -0.228260142250061282E+01   -0.273440397630838206E+01   -0.292573647905930567E+01   -0.352635217789275224E+01   -0.818759268380131644E+01   -0.315291887944657123E+01   -0.587461891148043858E+01    0.663122248989077093E+03
    0.905607424287731999E+00    0.437818438066771193E+03   -0.222590029126127931E+01   -0.544585188705408374E+01   -0.197503521607865729E+01   -0.576258315421141809E+01   -0.815633206884411877E+01   -0.753889443658394498E+01   -0.758743093882323549E+01    0.663122377033088128E+03
    0.907981870166245875E+00    0.364278541264985677E+03   -0.185064365681319920E+01   -0.974693105704966989E+01   -0.224104158056168234E+01   -0.354949854642443441E+01   -0.650165804840152006E+01   -0.672605499701629128E+01   -0.463893850364298022E+01    0.663128895174284025E+03
    0.913026505251670173E+00    0.399373326694887396E+03   -0.279809505059166241E+01   -0.812942517101479645E+01   -0.370297901600104495E+01   -0.406463851946574284E+01   -0.967126519158507314E+01   -0.818669459244290287E+01   -0.616285783591147940E+01    0.663129300033076561E+03
    0.915173335541467181E+00    0.318524083112323183E+03   -0.298314915548396709E+01   -0.393313875293096693E+01   -0.742082818688955737E+01   -0.644296820935951509E+01   -0.810251684368297020E+01   -0.409036276590276948E+01   -0.772254480713268521E+01    0.663138609845367682E+03
    0.914179242456456098E+00    0.375355634609943877E+03   -0.370978136056291596E+01   -0.723909811209674015E+01   -0.741538242822660187E+01   -0.805315939358952626E+01   -0.842195194915226963E+01   -0.452797466232803547E+01   -0.721262567150675427E+01    0.663139864639363850E+03
    0.915326656184684118E+00    0.258796198590715733E+03   -0.876073777659409991E+01   -0.805713168551965353E+01   -0.142212173077971649E+01   -0.179663049275670161E+01   -0.855950626221246935E+01   -0.551677847324789283E+01   -0.714603723165149773E+01    0.663143992617133335E+03
    0.908417778494775452E+00    0.358980471768725238E+03   -0.186747249411902594E+01   -0.273835584193841530E+01   -0.208127683490005566E+01   -0.663891456245877709E+01   -0.692849155079115597E+01   -0.135965504663458070E+01   -0.670132220801183287E+01    0.663144033513566683E+03
    0.912677632412335793E+00    0.326102288433808837E+03   -0.403765856070451523E+01   -0.154992626855046645E+01   -0.271308456250012942E+01   -0.283950297002501628E+01   -0.749948813581012352E+01   -0.354804043963084581E+01   -0.762140756902890892E+01    0.663148100919500052E+03
    0.918532336425011975E+00    0.201167143671279092E+03   -0.529660020088928896E+01   -0.757349695945158174E+01   -0.286651445592850163E+01   -0.829605984013064024E+01   -0.784317900038647853E+01   -0.613347767016663958E+01   -0.941626548555619536E+01    0.663226512190507492E+03
    0.919090099802073901E+00    0.200866857298496768E+03   -0.550890846304845994E+01   -0.872294700143395119E+01   -0.172090315123889148E+01   -0.904073926446170972E+01   -0.802851102497316305E+01   -0.473269105198967477E+01   -0.986388670448946137E+01    0.663586323768903071E+03
    0.919802647874364387E+00    0.208212717528547955E+03   -0.656616490526082330E+01   -0.766365251357339528E+01   -0.273341734787036206E+01   -0.876926868493828415E+01   -0.859358356269720858E+01   -0.530766535421051522E+01   -0.939468462601232623E+01    0.663856631422544410E+03
    0.919323848213230432E+00    0.200388519051984105E+03   -0.552145695395343150E+01   -0.722537029777617690E+01   -0.240420672080468467E+01   -0.732987492241577243E+01   -0.833727292164101641E+01   -0.460880219100659883E+01   -0.788852202242825484E+01    0.663876926399362219E+03
    0.916910330479987934E+00    0.241562429563220519E+03   -0.531710749254123360E+01   -0.944829849500114882E+01   -0.168445125919092575E+01   -0.802981457871232429E+01   -0.899805416965592464E+01   -0.800832226379843704E+01   -0.627898217224915101E+01    0.663809002486465829E+03
    0.916910330479987934E+00    0.241562429563220519E+03   -0.531710749254123360E+01   -0.944829849500114882E+01   -0.168445125919092575E+01   -0.802981457871232429E+01   -0.899805416965592464E+01   -0.800832226379843704E+01   -0.627898217224915101E+01    0.663809002486465829E+03
    0.917504177992270575E+00    0.248680073226343609E+03   -0.820189183127607180E+01   -0.756350516548713081E+01   -0.172703543557883243E+01   -0.879840874696909303E+01   -0.959113976339172147E+01   -0.838573771129096812E+01   -0.771938646047982058E+01    0.663294112082615698E+03
    0.917712535957285080E+00    0.210103189146564404E+03   -0.516880716059777789E+01   -0.599792872020815082E+01   -0.201596741706408800E+01   -0.923161302896887825E+01   -0.987815783980383166E+01   -0.368030364403204135E+01   -0.875377981958623508E+01    0.663873804770138577E+03
    0.917102021224719843E+00    0.226670599822657721E+03   -0.643350305399654587E+01   -0.673165054809681784E+01   -0.121562941937160396E+01   -0.987058187893926053E+01   -0.893889317295759156E+01   -0.595678998581735630E+01   -0.847904562906406234E+01    0.663568043257360159E+03
    0.917429759239957732E+00    0.206400605812633785E+03   -0.770207555055371884E+01   -0.618014159353962533E+01   -0.119137025852185729E+01   -0.752363485502364071E+01   -0.891699338812739839E+01   -0.423123657794914987E+01   -0.707817623183067290E+01    0.663408156389289388E+03
    0.917681415359938302E+00    0.234886099032009781E+03   -0.776459875444860526E+01   -0.663871197982674843E+01   -0.186598569791797253E+01   -0.947329324664416283E+01   -0.951005771079347539E+01   -0.441139407444529930E+01   -0.922459566951689069E+01    0.663412010034362993E+03
    0.918349702655026467E+00    0.237219691635014442E+03   -0.778605884182861274E+01   -0.797560574505158204E+01   -0.186564301926905607E+01   -0.693176726676245636E+01   -0.895813812570584389E+01   -0.829296576846510902E+01   -0.796558850879380831E+01    0.663307899159649196E+03
    0.917006001083203626E+00    0.246541030122889367E+03   -0.786073804194682602E+01   -0.714799533622459116E+01   -0.181780490106643988E+01   -0.839096458211715834E+01   -0.975392069878348700E+01   -0.684000743730256566E+01   -0.634781950847828647E+01    0.663288368386220668E+03
    0.918478871099363992E+00    0.225259568291775707E+03   -0.466293422564087034E+01   -0.768751574961375539E+01   -0.216930882461461216E+01   -0.948800747259184973E+01   -0.995288278923089820E+01   -0.596410805489414653E+01   -0.668122941182576291E+01    0.664149787243884248E+03
    0.917879884369090071E+00    0.208514314657782620E+03   -0.556928994658071552E+01   -0.737116051919631410E+01   -0.192726353830533625E+01   -0.512084607614840959E+01   -0.902609887504343256E+01   -0.375339347710713511E+01   -0.804245020855359272E+01    0.663644018732167751E+03
    0.915800049758322632E+00    0.258073969336679284E+03   -0.514009933733692481E+01   -0.644738223749634631E+01   -0.177022752474472789E+01   -0.531688968193644218E+01   -0.893913754588892573E+01   -0.611479972151184814E+01   -0.934214937516458299E+01    0.663705997068909483E+03
    0.917335363561925576E+00    0.264937248923050220E+03   -0.492098998534912990E+01   -0.809986666308637915E+01   -0.367568179953858021E+01   -0.827530435141121146E+01   -0.929953303203864756E+01   -0.416298253818025277E+01   -0.748618888588539289E+01    0.663881167470047444E+03
    0.916080931064484516E+00    0.267903971590131903E+03   -0.412610975036475036E+01   -0.815309979486836234E+01   -0.199712290017680338E+01   -0.874936661664449034E+01   -0.987565443340765903E+01   -0.625549124609566043E+01   -0.859717724609980394E+01    0.664599224429553146E+03
    0.916080931064484516E+00    0.267903971590131903E+03   -0.412610975036475036E+01   -0.815309979486836234E+01   -0.199712290017680338E+01   -0.874936661664449034E+01   -0.987565443340765903E+01   -0.625549124609566043E+01   -0.859717724609980394E+01    0.664599224429553146E+03
    0.916080931064484516E+00    0.267903971590131903E+03   -0.412610975036475036E+01   -0.815309979486836234E+01   -0.199712290017680338E+01   -0.874936661664449034E+01   -0.987565443340765903E+01   -0.625549124609566043E+01   -0.859717724609980394E+01    0.664599224429553146E+03
    0.918201548848898819E+00    0.229574403054956690E+03   -0.532852432069587945E+01   -0.715188222259623885E+01   -0.365655444838131061E+01   -0.837833181503769708E+01   -0.961536759192715529E+01   -0.521949721407879519E+01   -0.804476268778627812E+01    0.663601336859067260E+03
    0.916441247383785740E+00    0.391672498566624199E+03   -0.516907198328200312E+01   -0.789854788559282994E+01   -0.377973159241567203E+01   -0.981213747094563615E+01   -0.957047301833559239E+01   -0.460792822350177644E+01   -0.946852212801712945E+01    0.663566077001478902E+03
    0.918601133056531349E+00    0.391298612355118507E+03   -0.556071831563093699E+01   -0.833699825905897285E+01   -0.436689502197202106E+01   -0.693569345979175544E+01   -0.955186146467183228E+01   -0.783623561957697223E+01   -0.783188421810283320E+01    0.664565291246047536E+03
    0.918601133056531349E+00    0.391298612355118507E+03   -0.556071831563093699E+01   -0.833699825905897285E+01   -0.436689502197202106E+01   -0.693569345979175544E+01   -0.955186146467183228E+01   -0.783623561957697223E+01   -0.783188421810283320E+01    0.664565291246047536E+03
    0.920607560331443753E+00    0.352729778692974435E+03   -0.670406861620978400E+01   -0.934884839414513458E+01   -0.534955040500732082E+01   -0.783239826519027282E+01   -0.940973812451040104E+01   -0.607490582904900744E+01   -0.807052405621844748E+01    0.663966830257153788E+03
    0.920865739287725860E+00    0.362290455439354787E+03   -0.625441601139542414E+01   -0.847086895707746734E+01   -0.626635889248798161E+01   -0.664949137491285125E+01   -0.900477646641187590E+01   -0.646269274119416526E+01   -0.870810130013743589E+01    0.664734743851224835E+03
    0.920865739287725860E+00    0.362290455439354787E+03   -0.625441601139542414E+01   -0.847086895707746734E+01   -0.626635889248798161E+01   -0.664949137491285125E+01   -0.900477646641187590E+01   -0.646269274119416526E+01   -0.870810130013743589E+01    0.664734743851224835E+03
    0.920865739287725860E+00    0.362290455439354787E+03   -0.625441601139542414E+01   -0.847086895707746734E+01   -0.626635889248798161E+01   -0.664949137491285125E+01   -0.900477646641187590E+01   -0.646269274119416526E+01   -0.870810130013743589E+01    0.664734743851224835E+03
    0.922476687421219133E+00    0.315592860886729341E+03   -0.686040683093515469E+01   -0.619013817909767639E+01   -0.671295875577849799E+01   -0.922882796988642973E+01   -0.913164401272489457E+01   -0.758385969065287391E+01   -0.948350962404589382E+01    0.663641828271143254E+03
    0.917583268625933979E+00    0.404000179066251917E+03   -0.586162424944501392E+01   -0.866461647837123117E+01   -0.469779940917977967E+01   -0.765593721789380055E+01   -0.888738453755895108E+01   -0.622641889550005878E+01   -0.896293048182758945E+01    0.663875249672774430E+03
    0.916696355171829458E+00    0.243420593762050089E+03   -0.339154306952898832E+01   -0.882458108365127636E+01   -0.238208973871596186E+01   -0.836425158948347303E+01   -0.640438280197676058E+01   -0.636857741996592708E+01   -0.922918791616595868E+01    0.663503442123737045E+03
    0.916866637622422487E+00    0.282002625019772552E+03   -0.411146851879614861E+01   -0.979365983060577250E+01   -0.352046241599044407E+01   -0.708999107015475438E+01   -0.737257948257555462E+01   -0.596380369709484093E+01   -0.896743662272039899E+01    0.664222894858954305E+03
    0.916866637622422487E+00    0.282002625019772552E+03   -0.411146851879614861E+01   -0.979365983060577250E+01   -0.352046241599044407E+01   -0.708999107015475438E+01   -0.737257948257555462E+01   -0.596380369709484093E+01   -0.896743662272039899E+01    0.664222894858954305E+03
    0.916333864949527621E+00    0.320612447328378323E+03   -0.332082646002753545E+01   -0.724316727839393870E+01   -0.378901871343348873E+01   -0.608729337010461080E+01   -0.812518842946118625E+01   -0.636668536447828082E+01   -0.945636319556421334E+01    0.663864257789953513E+03
    0.918175187853103369E+00    0.281673470519455350E+03   -0.469414308864543806E+01   -0.832060960147641815E+01   -0.423444171925969481E+01   -0.877900512242291775E+01   -0.746819233137507688E+01   -0.686439069605149754E+01   -0.953540706219308376E+01    0.663747676073367643E+03
    0.918253921882244639E+00    0.262671592960078669E+03   -0.446490256093556681E+01   -0.667150443287431649E+01   -0.445723139164970394E+01   -0.793949406863997531E+01   -0.775558897663436575E+01   -0.748316642984581470E+01   -0.948784684586458482E+01    0.663177023107922878E+03
    0.916401899112932350E+00    0.304576961267514889E+03   -0.315491246274750115E+01   -0.698761366577596910E+01   -0.341842270672020021E+01   -0.794525991700718848E+01   -0.837437432269233284E+01   -0.594118067709873099E+01   -0.836192433410009350E+01    0.663969560452718156E+03
    0.919032205520048828E+00    0.266321456905704906E+03   -0.570395574484135359E+01   -0.730026634814542774E+01   -0.498928898877477689E+01   -0.814149287690440460E+01   -0.825356516568206366E+01   -0.525038510955939053E+01   -0.949892407339156719E+01    0.663233908652572381E+03
    0.917595396431390098E+00    0.234587771680183295E+03   -0.476545246195766392E+01   -0.549081568841600109E+01   -0.284305266676359025E+01   -0.843471238961320680E+01   -0.794737920921879670E+01   -0.715416349261702145E+01   -0.914890678542936797E+01    0.663817682484454053E+03
    0.919104061374651837E+00    0.235204364249775864E+03   -0.525893139909210916E+01   -0.705925431716089946E+01   -0.444836384672494933E+01   -0.635499591541929032E+01   -0.884535133637165671E+01   -0.452547585387817541E+01   -0.993651932187677467E+01    0.664228522546645650E+03
    0.919104061374651837E+00    0.235204364249775864E+03   -0.525893139909210916E+01   -0.705925431716089946E+01   -0.444836384672494933E+01   -0.635499591541929032E+01   -0.884535133637165671E+01   -0.452547585387817541E+01   -0.993651932187677467E+01    0.664228522546645650E+03
    0.918049430351810747E+00    0.247535411619488912E+03   -0.458603546770080239E+01   -0.838646229446242231E+01   -0.233617324383488434E+01   -0.723002659955160354E+01   -0.958037687307986907E+01   -0.944278756502342453E+01   -0.736867865686502022E+01    0.664417552989234878E+03
    0.918049430351810747E+00    0.247535411619488912E+03   -0.458603546770080239E+01   -0.838646229446242231E+01   -0.233617324383488434E+01   -0.723002659955160354E+01   -0.958037687307986907E+01   -0.944278756502342453E+01   -0.736867865686502022E+01    0.664417552989234878E+03
    0.918583822619155388E+00    0.268172486516828201E+03   -0.513811535923273954E+01   -0.938593270159760173E+01   -0.288763254210401499E+01   -0.921765673343514358E+01   -0.953016357474255926E+01   -0.886428204326976754E+01   -0.803331640533683533E+01    0.664615750070409490E+03
    0.918583822619155388E+00    0.268172486516828201E+03   -0.513811535923273954E+01   -0.938593270159760173E+01   -0.288763254210401499E+01   -0.921765673343514358E+01   -0.953016357474255926E+01   -0.886428204326976754E+01   -0.803331640533683533E+01    0.664615750070409490E+03
    0.920102534435714547E+00    0.218291153404086401E+03   -0.501531377250913835E+01   -0.665860029953505883E+01   -0.403948261523790730E+01   -0.708204626473813370E+01   -0.947666379483935195E+01   -0.683799850330446457E+01   -0.852378176062259207E+01    0.665106399499769395E+03
    0.920102534435714547E+00    0.218291153404086401E+03   -0.501531377250913835E+01   -0.665860029953505883E+01   -0.403948261523790730E+01   -0.708204626473813370E+01   -0.947666379483935195E+01   -0.683799850330446457E+01   -0.852378176062259207E+01    0.665106399499769395E+03
    0.920102534435714547E+00    0.218291153404086401E+03   -0.501531377250913835E+01   -0.665860029953505883E+01   -0.403948261523790730E+01   -0.708204626473813370E+01   -0.947666379483935195E+01   -0.683799850330446457E+01   -0.852378176062259207E+01    0.665106399499769395E+03
    0.920102534435714547E+00    0.218291153404086401E+03   -0.501531377250913835E+01   -0.665860029953505883E+01   -0.403948261523790730E+01   -0.708204626473813370E+01   -0.947666379483935195E+01   -0.683799850330446457E+01   -0.852378176062259207E+01    0.665106399499769395E+03
    0.919624886827536958E+00    0.221450890650536422E+03   -0.489764670273609060E+01   -0.753546515803250827E+01   -0.347441090639263006E+01   -0.630054994592949313E+01   -0.837414570269701919E+01   -0.718168900879487815E+01   -0.802231815712070961E+01    0.664543933630047036E+03
    0.919624886827536958E+00    0.221450890650536422E+03   -0.489764670273609060E+01   -0.753546515803250827E+01   -0.347441090639263006E+01   -0.630054994592949313E+01   -0.837414570269701919E+01   -0.718168900879487815E+01   -0.802231815712070961E+01    0.664543933630047036E+03
    0.919624886827536958E+00    0.221450890650536422E+03   -0.489764670273609060E+01   -0.753546515803250827E+01   -0.347441090639263006E+01   -0.630054994592949313E+01   -0.837414570269701919E+01   -0.718168900879487815E+01   -0.802231815712070961E+01    0.664543933630047036E+03
    0.918792148866096725E+00    0.238462162182804519E+03   -0.614065184074042314E+01   -0.842244723094052716E+01   -0.274529145234119021E+01   -0.796978475489389915E+01   -0.840974254057616477E+01   -0.763178031937406587E+01   -0.938693421973459152E+01    0.663953301333097329E+03
    0.919352162464849632E+00    0.289839543674850745E+03   -0.573137918297639803E+01   -0.808110913367274719E+01   -0.341138304723886154E+01   -0.999766525435679121E+01   -0.934503520714890357E+01   -0.689042674478366024E+01   -0.739877086470219503E+01    0.663933409597852574E+03
    0.918188400244933089E+00    0.298824010032929664E+03   -0.456471628720357270E+01   -0.644084275221120706E+01   -0.532947567616750195E+01   -0.655127913136436479E+01   -0.875641373873971141E+01   -0.495011964547608674E+01   -0.777538728745565155E+01    0.664295503981150773E+03
    0.918188400244933089E+00    0.298824010032929664E+03   -0.456471628720357270E+01   -0.644084275221120706E+01   -0.532947567616750195E+01   -0.655127913136436479E+01   -0.875641373873971141E+01   -0.495011964547608674E+01   -0.777538728745565155E+01    0.664295503981150773E+03
    0.917407942332846282E+00    0.288746353027537737E+03   -0.525444590017665547E+01   -0.628333722960376306E+01   -0.316954340778482724E+01   -0.950718749512181205E+01   -0.932009903450289734E+01   -0.501838213925906018E+01   -0.765995287371642597E+01    0.664609979777294711E+03
    0.917407942332846282E+00    0.288746353027537737E+03   -0.525444590017665547E+01   -0.628333722960376306E+01   -0.316954340778482724E+01   -0.950718749512181205E+01   -0.932009903450289734E+01   -0.501838213925906018E+01   -0.765995287371642597E+01    0.664609979777294711E+03
    0.919897720138211139E+00    0.283040676650262526E+03   -0.591402845906109231E+01   -0.548420316156301091E+01   -0.397161803234432664E+01   -0.871233804870869832E+01   -0.878012892390259303E+01   -0.524436427096281310E+01   -0.798714696776583200E+01    0.664088107699458078E+03
    0.919897720138211139E+00    0.283040676650262526E+03   -0.591402845906109231E+01   -0.548420316156301091E+01   -0.397161803234432664E+01   -0.871233804870869832E+01   -0.878012892390259303E+01   -0.524436427096281310E+01   -0.798714696776583200E+01    0.664088107699458078E+03
    0.918297615748620011E+00    0.250140604283625095E+03   -0.398668682930535390E+01   -0.875806634839584142E+01   -0.298041522957798399E+01   -0.946837506717117172E+01   -0.882469793126434254E+01   -0.734623627786351285E+01   -0.992510159977744522E+01    0.664821056550367416E+03
    0.918297615748620011E+00    0.250140604283625095E+03   -0.398668682930535390E+01   -0.875806634839584142E+01   -0.298041522957798399E+01   -0.946837506717117172E+01   -0.882469793126434254E+01   -0.734623627786351285E+01   -0.992510159977744522E+01    0.664821056550367416E+03
    0.918297615748620011E+00    0.250140604283625095E+03   -0.398668682930535390E+01   -0.875806634839584142E+01   -0.298041522957798399E+01   -0.946837506717117172E+01   -0.882469793126434254E+01   -0.734623627786351285E+01   -0.992510159977744522E+01    0.664821056550367416E+03
    0.917926824834346733E+00    0.278865446143506801E+03   -0.430500015475800879E+01   -0.792800708088343420E+01   -0.412659866209609127E+01   -0.724594607924748235E+01   -0.897493321649291076E+01   -0.519785130812883089E+01   -0.784091662090147956E+01    0.665070508692834665E+03
    0.917926824834346733E+00    0.278865446143506801E+03   -0.430500015475800879E+01   -0.792800708088343420E+01   -0.412659866209609127E+01   -0.724594607924748235E+01   -0.897493321649291076E+01   -0.519785130812883089E+01   -0.784091662090147956E+01    0.665070508692834665E+03
    0.917926824834346733E+00    0.278865446143506801E+03   -0.430500015475800879E+01   -0.792800708088343420E+01   -0.412659866209609127E+01   -0.724594607924748235E+01   -0.897493321649291076E+01   -0.519785130812883089E+01   -0.784091662090147956E+01    0.665070508692834665E+03
    0.917926824834346733E+00    0.278865446143506801E+03   -0.430500015475800879E+01   -0.792800708088343420E+01   -0.412659866209609127E+01   -0.724594607924748235E+01   -0.897493321649291076E+01   -0.519785130812883089E+01   -0.784091662090147956E+01    0.665070508692834665E+03
    0.918726121380269212E+00    0.297525645713091990E+03   -0.430128956635518911E+01   -0.780403076010285268E+01   -0.338397140337248281E+01   -0.817673047248526785E+01   -0.974223206619593718E+01   -0.748441188261397983E+01   -0.870732759311717786E+01    0.663469795050515586E+03
    0.920305202226015751E+00    0.267560400405961218E+03   -0.584407631580448772E+01   -0.542546937602747548E+01   -0.368522446267951409E+01   -0.638972207465411124E+01   -0.954473798329320111E+01   -0.661699733301103876E+01   -0.916636648340827520E+01    0.665070664967475182E+03
    0.920305202226015751E+00    0.267560400405961218E+03   -0.584407631580448772E+01   -0.542546937602747548E+01   -0.368522446267951409E+01   -0.638972207465411124E+01   -0.954473798329320111E+01   -0.661699733301103876E+01   -0.916636648340827520E+01    0.665070664967475182E+03
    0.920305202226015751E+00    0.267560400405961218E+03   -0.584407631580448772E+01   -0.542546937602747548E+01   -0.368522446267951409E+01   -0.638972207465411124E+01   -0.954473798329320111E+01   -0.661699733301103876E+01   -0.916636648340827520E+01    0.665070664967475182E+03
    0.920305202226015751E+00    0.267560400405961218E+03   -0.584407631580448772E+01   -0.542546937602747548E+01   -0.368522446267951409E+01   -0.638972207465411124E+01   -0.954473798329320111E+01   -0.661699733301103876E+01   -0.916636648340827520E+01    0.665070664967475182E+03
    0.917619062708700861E+00    0.275463993529277388E+03   -0.351753227392908308E+01   -0.841327292055190590E+01   -0.441031886626037029E+01   -0.841059264589994093E+01   -0.935058075252979748E+01   -0.407208246742205748E+01   -0.950830257509748122E+01    0.663718378212292237E+03
    0.918208147783956097E+00    0.288736200960142469E+03   -0.453177452925680413E+01   -0.856019157034936207E+01   -0.423253567263809227E+01   -0.981996331372819675E+01   -0.876290349902691545E+01   -0.382785974013805497E+01   -0.984257129767518713E+01    0.663254038360516461E+03
    0.916472271459574106E+00    0.252897139142134790E+03   -0.373628264540347033E+01   -0.898135379812094037E+01   -0.275006040671001806E+01   -0.777793795465437832E+01   -0.917238254193357783E+01   -0.555763037344983779E+01   -0.910094117372161548E+01    0.664843071569651897E+03
    0.916472271459574106E+00    0.252897139142134790E+03   -0.373628264540347033E+01   -0.898135379812094037E+01   -0.275006040671001806E+01   -0.777793795465437832E+01   -0.917238254193357783E+01   -0.555763037344983779E+01   -0.910094117372161548E+01    0.664843071569651897E+03
    0.916472271459574106E+00    0.252897139142134790E+03   -0.373628264540347033E+01   -0.898135379812094037E+01   -0.275006040671001806E+01   -0.777793795465437832E+01   -0.917238254193357783E+01   -0.555763037344983779E+01   -0.910094117372161548E+01    0.664843071569651897E+03
    0.912450936357895204E+00    0.333108836299001382E+03   -0.591056453730817477E+01   -0.193368255229424690E+01   -0.162494848177130713E+01   -0.753140815460134672E+01   -0.763748730503967899E+01   -0.677337821815553198E+01   -0.991459179345706332E+01    0.663505261896471779E+03
    0.915286522379564538E+00    0.279643362399230341E+03   -0.449204522632024084E+01   -0.527553130360631961E+01   -0.201302342443365934E+01   -0.639655510157600027E+01   -0.897133994956245040E+01   -0.657759238301577653E+01   -0.824451288293759355E+01    0.664221222120295693E+03
    0.915927339501075077E+00    0.242458724141468991E+03   -0.523965588554831285E+01   -0.358478838441131309E+01   -0.120023861762127559E+01   -0.842648802228700511E+01   -0.853524679186346091E+01   -0.713615782251089392E+01   -0.895031389035558256E+01    0.663983909204101792E+03
    0.910898009396483799E+00    0.346370477292790383E+03   -0.303621417622113920E+01   -0.539541524224884750E+01   -0.173759452446471130E+01   -0.680687425695320947E+01   -0.991037466157848357E+01   -0.775406287537946781E+01   -0.906202860464653526E+01    0.663873479840644109E+03
    0.914450988116523478E+00    0.327300372009763350E+03   -0.510185536635376913E+01   -0.538404938520194598E+01   -0.251232332225976140E+01   -0.606651834612023322E+01   -0.836143824844617178E+01   -0.704584119569344836E+01   -0.884334803483869081E+01    0.663352373611611711E+03
    0.911909390704212175E+00    0.297268501121945690E+03   -0.318697008397637394E+01   -0.319225132031819570E+01   -0.129487431576317036E+01   -0.609778346448936848E+01   -0.982357989975633039E+01   -0.776184912277252792E+01   -0.864688095823324687E+01    0.664244677346117442E+03
    0.911909390704212175E+00    0.297268501121945690E+03   -0.318697008397637394E+01   -0.319225132031819570E+01   -0.129487431576317036E+01   -0.609778346448936848E+01   -0.982357989975633039E+01   -0.776184912277252792E+01   -0.864688095823324687E+01    0.664244677346117442E+03
    0.917802588984414691E+00    0.234833843235463888E+03   -0.437966401157370111E+01   -0.677320034304385388E+01   -0.180111554688370212E+01   -0.822781039327914421E+01   -0.935090983395288688E+01   -0.954297381091103603E+01   -0.693158713960901451E+01    0.664101089533703771E+03
    0.917802588984414691E+00    0.234833843235463888E+03   -0.437966401157370111E+01   -0.677320034304385388E+01   -0.180111554688370212E+01   -0.822781039327914421E+01   -0.935090983395288688E+01   -0.954297381091103603E+01   -0.693158713960901451E+01    0.664101089533703771E+03
    0.918918578206106229E+00    0.278066992514690924E+03   -0.501212180868985868E+01   -0.855597382432339515E+01   -0.330293361581634315E+01   -0.679418112839267252E+01   -0.813553806845176375E+01   -0.865921074957573467E+01   -0.808161393129527994E+01    0.664081817642354054E+03
    0.918918578206106229E+00    0.278066992514690924E+03   -0.501212180868985868E+01   -0.855597382432339515E+01   -0.330293361581634315E+01   -0.679418112839267252E+01   -0.813553806845176375E+01   -0.865921074957573467E+01   -0.808161393129527994E+01    0.664081817642354054E+03
    0.919983744476873144E+00    0.233689482282395176E+03   -0.615636153396143371E+01   -0.937075086778891553E+01   -0.349600014183917462E+01   -0.915031335412820823E+01   -0.876727379339997270E+01   -0.770851499158801889E+01   -0.827901877709309097E+01    0.664226636411978347E+03
    0.919983744476873144E+00    0.233689482282395176E+03   -0.615636153396143371E+01   -0.937075086778891553E+01   -0.349600014183917462E+01   -0.915031335412820823E+01   -0.876727379339997270E+01   -0.770851499158801889E+01   -0.827901877709309097E+01    0.664226636411978347E+03
    0.917721390678038484E+00    0.225481437284455723E+03   -0.466136922171239476E+01   -0.883545495333511965E+01   -0.324267982417163481E+01   -0.907601828201418215E+01   -0.895131531575127148E+01   -0.393918063941163599E+01   -0.878789868021098286E+01    0.664057130784274136E+03
    0.917721390678038484E+00    0.225481437284455723E+03   -0.466136922171239476E+01   -0.883545495333511965E+01   -0.324267982417163481E+01   -0.907601828201418215E+01   -0.895131531575127148E+01   -0.393918063941163599E+01   -0.878789868021098286E+01    0.664057130784274136E+03
    0.915891929612867473E+00    0.250072711237956952E+03   -0.371356426447448751E+01   -0.461247933113184327E+01   -0.315295893717093190E+01   -0.798493226033213599E+01   -0.894295561243908388E+01   -0.551743559399474215E+01   -0.904473905015552759E+01    0.663417435432625894E+03
    0.914938502122205954E+00    0.287533738528274398E+03   -0.349662128551430662E+01   -0.627206491691743206E+01   -0.278324293069735518E+01   -0.678315946341520970E+01   -0.693882030725677623E+01   -0.648640319598820003E+01   -0.713411439268088010E+01    0.663954462811885264E+03
    0.913657453952263388E+00    0.226241123562181428E+03   -0.128997374014246802E+01   -0.686773248192430508E+01   -0.126442384632343163E+01   -0.760944102860910121E+01   -0.517535172365584195E+01   -0.780666753343725972E+01   -0.783587040270125357E+01    0.663193527810152091E+03
    0.913247990567284118E+00    0.256516809121589802E+03   -0.142307175203532665E+01   -0.885947927794297563E+01   -0.149011932108324885E+01   -0.810863920531544480E+01   -0.528368375509824162E+01   -0.757412755536813442E+01   -0.610772190400617632E+01    0.663380635720157670E+03
    0.912942742042274435E+00    0.261559829239201576E+03   -0.206688547890025820E+01   -0.703176319249865323E+01   -0.164800683193526787E+01   -0.729987828830629049E+01   -0.741501412833153672E+01   -0.813411430455670192E+01   -0.773018312634601745E+01    0.663863083536410613E+03
    0.914018680422086671E+00    0.266074649888168892E+03   -0.230452810668012997E+01   -0.733218226580325361E+01   -0.167746129654813814E+01   -0.755762070191678426E+01   -0.597811621048291375E+01   -0.564427423711142318E+01   -0.667120618098887075E+01    0.663970361249071175E+03
    0.914572046606661915E+00    0.294708054069620744E+03   -0.293185841885876908E+01   -0.799963691103032914E+01   -0.231383912316990070E+01   -0.779892721124364119E+01   -0.585632914078567968E+01   -0.629139865424407674E+01   -0.646563047245331646E+01    0.663244728711825246E+03
    0.916162455372457107E+00    0.246429542183909348E+03   -0.383494678464619021E+01   -0.867494058569991289E+01   -0.280759884078282518E+01   -0.648345169371473595E+01   -0.769046395605027566E+01   -0.805996473911486078E+01   -0.700772840686956844E+01    0.663467482346893917E+03
    0.914811316082701387E+00    0.258867809564133324E+03   -0.244607107418639469E+01   -0.775003413115971007E+01   -0.199557714685089671E+01   -0.670287668355577715E+01   -0.617204223209973790E+01   -0.986505889315160545E+01   -0.839711213439697524E+01    0.663794088159563785E+03
    0.916045239211493167E+00    0.217420811551206668E+03   -0.399872408256419742E+01   -0.764354833426169833E+01   -0.152364892109211780E+01   -0.572572944181287902E+01   -0.705716901316174638E+01   -0.898418569577641080E+01   -0.723966513579660909E+01    0.663276620239808040E+03
    0.917405457042089090E+00    0.220816917688114529E+03   -0.299419318756876862E+01   -0.619006307573871162E+01   -0.311724133185501806E+01   -0.891208330181043884E+01   -0.734324729705618928E+01   -0.522897792653974491E+01   -0.759714519417828171E+01    0.663675210640352248E+03
    0.917877970339836424E+00    0.230566395109520471E+03   -0.410906079270889268E+01   -0.632550511201770771E+01   -0.362083978456906586E+01   -0.548857639059338087E+01   -0.743400559314421194E+01   -0.390659598782807826E+01   -0.904848413326164724E+01    0.663606364159482951E+03
    0.914625009068049000E+00    0.224561729689058268E+03   -0.190757698573570522E+01   -0.783893074707752113E+01   -0.104165956773187496E+01   -0.635188590498538019E+01   -0.899101935039612066E+01   -0.454122664086137284E+01   -0.636674930209254875E+01    0.664829856582812113E+03
    0.914625009068049000E+00    0.224561729689058268E+03   -0.190757698573570522E+01   -0.783893074707752113E+01   -0.104165956773187496E+01   -0.635188590498538019E+01   -0.899101935039612066E+01   -0.454122664086137284E+01   -0.636674930209254875E+01    0.664829856582812113E+03
    0.914625009068049000E+00    0.224561729689058268E+03   -0.190757698573570522E+01   -0.783893074707752113E+01   -0.104165956773187496E+01   -0.635188590498538019E+01   -0.899101935039612066E+01   -0.454122664086137284E+01   -0.636674930209254875E+01    0.664829856582812113E+03
    0.913833962020802915E+00    0.265082484685593499E+03   -0.270867168885194332E+01   -0.801154663030551895E+01   -0.122490455756689798E+01   -0.674953075786542556E+01   -0.789731518441571811E+01   -0.559399977055371789E+01   -0.673663940049406662E+01    0.664577865232599493E+03
    0.913833962020802915E+00    0.265082484685593499E+03   -0.270867168885194332E+01   -0.801154663030551895E+01   -0.122490455756689798E+01   -0.674953075786542556E+01   -0.789731518441571811E+01   -0.559399977055371789E+01   -0.673663940049406662E+01    0.664577865232599493E+03
    0.916788393801944879E+00    0.216085846554237946E+03   -0.187541467514139626E+01   -0.820916896699552545E+01   -0.237283080728275841E+01   -0.852264035579458934E+01   -0.707397618896475677E+01   -0.461065455443083128E+01   -0.899129169542118767E+01    0.663348461210087862E+03
    0.914733554367856527E+00    0.213235341762379988E+03   -0.169312741556354140E+01   -0.976871847454919084E+01   -0.165797986100515615E+01   -0.695012125970901629E+01   -0.752543035642726288E+01   -0.467555709292977184E+01   -0.957492120650533884E+01    0.663683128261718480E+03
    0.918215222403461317E+00    0.222090074117941185E+03   -0.266120138499674663E+01   -0.704090440484045299E+01   -0.340381679449610797E+01   -0.716248501817588767E+01   -0.827725072447029220E+01   -0.484880508035688340E+01   -0.950231441691605916E+01    0.663182593044131977E+03
    0.913570533182918254E+00    0.294885872721911653E+03   -0.440853586125067665E+01   -0.854460488920201833E+01   -0.158161013432426145E+01   -0.828652010228146985E+01   -0.823309904982586360E+01   -0.313173794798808114E+01   -0.929825743549051431E+01    0.663741817629646903E+03
    0.914622086181552829E+00    0.211870312170074214E+03   -0.186013377543971714E+01   -0.895250878682967510E+01   -0.153128262592977293E+01   -0.761995070566911892E+01   -0.951405343816161064E+01   -0.424381077413618968E+01   -0.986489702363296672E+01    0.663651010999995947E+03
    0.913535100875908390E+00    0.282817782812575103E+03   -0.165042811371722209E+01   -0.880389922302723704E+01   -0.202961275243350414E+01   -0.954428161016726939E+01   -0.817293777879585726E+01   -0.529537531468839884E+01   -0.845932190265817319E+01    0.664500210720193195E+03
    0.913535100875908390E+00    0.282817782812575103E+03   -0.165042811371722209E+01   -0.880389922302723704E+01   -0.202961275243350414E+01   -0.954428161016726939E+01   -0.817293777879585726E+01   -0.529537531468839884E+01   -0.845932190265817319E+01    0.664500210720193195E+03
    0.916807252789678118E+00    0.230624204450145527E+03   -0.447909704859662394E+01   -0.901777000027340492E+01   -0.202020772027916795E+01   -0.519526515514311882E+01   -0.855455412355885336E+01   -0.464781655554781192E+01   -0.764733679497537810E+01    0.664299709124462083E+03
    0.916807252789678118E+00    0.230624204450145527E+03   -0.447909704859662394E+01   -0.901777000027340492E+01   -0.202020772027916795E+01   -0.519526515514311882E+01   -0.855455412355885336E+01   -0.464781655554781192E+01   -0.764733679497537810E+01    0.664299709124462083E+03
    0.912308885443954942E+00    0.262932182898849419E+03   -0.175609392300963485E+01   -0.826837866496566143E+01   -0.124141751067009309E+01   -0.719758308502798627E+01   -0.829110006876649486E+01   -0.605877835608557191E+01   -0.783190774869656803E+01    0.664435007650497937E+03
    0.912308885443954942E+00    0.262932182898849419E+03   -0.175609392300963485E+01   -0.826837866496566143E+01   -0.124141751067009309E+01   -0.719758308502798627E+01   -0.829110006876649486E+01   -0.605877835608557191E+01   -0.783190774869656803E+01    0.664435007650497937E+03
    0.915672432751736598E+00    0.320204674745063130E+03   -0.329454312496147139E+01   -0.639120701406934089E+01   -0.419318879361283514E+01   -0.683292669280154463E+01   -0.816805646336221969E+01   -0.420859400440989173E+01   -0.685938786080736396E+01    0.664172160290307829E+03
    0.915672432751736598E+00    0.320204674745063130E+03   -0.329454312496147139E+01   -0.639120701406934089E+01   -0.419318879361283514E+01   -0.683292669280154463E+01   -0.816805646336221969E+01   -0.420859400440989173E+01   -0.685938786080736396E+01    0.664172160290307829E+03
    0.915485489868035240E+00    0.285132338227110267E+03   -0.347626619442069096E+01   -0.984082255553950880E+01   -0.173403435518896032E+01   -0.709935581853272168E+01   -0.856768120992380844E+01   -0.749327667701787536E+01   -0.710054564626708906E+01    0.663260533867234017E+03
    0.913249184652301538E+00    0.264691224190287244E+03   -0.229551024528289283E+01   -0.867695460316290124E+01   -0.142068001960467072E+01   -0.724189020278579054E+01   -0.861674529547741663E+01   -0.309442861911673806E+01   -0.471627021279154590E+01    0.664535211750342796E+03
    0.913249184652301538E+00    0.264691224190287244E+03   -0.229551024528289283E+01   -0.867695460316290124E+01   -0.142068001960467072E+01   -0.724189020278579054E+01   -0.861674529547741663E+01   -0.309442861911673806E+01   -0.471627021279154590E+01    0.664535211750342796E+03
    0.913249184652301538E+00    0.264691224190287244E+03   -0.229551024528289283E+01   -0.867695460316290124E+01   -0.142068001960467072E+01   -0.724189020278579054E+01   -0.861674529547741663E+01   -0.309442861911673806E+01   -0.471627021279154590E+01    0.664535211750342796E+03
    0.912745070977273421E+00    0.271208531074249379E+03   -0.316144840346287026E+01   -0.984426713201375492E+01   -0.113075799905227115E+01   -0.799375478967494146E+01   -0.764813252482105810E+01   -0.420615408067379626E+01   -0.372581457345717570E+01    0.663402737517289552E+03
    0.913549978178528121E+00    0.294110956539916060E+03   -0.248282906089851618E+01   -0.618758336214726512E+01   -0.241466989624377604E+01   -0.950798504189780225E+01   -0.998046739515643644E+01   -0.399134295596521049E+01   -0.620756039233805623E+01    0.665107523621397831E+03
    0.913549978178528121E+00    0.294110956539916060E+03   -0.248282906089851618E+01   -0.618758336214726512E+01   -0.241466989624377604E+01   -0.950798504189780225E+01   -0.998046739515643644E+01   -0.399134295596521049E+01   -0.620756039233805623E+01    0.665107523621397831E+03
    0.913549978178528121E+00    0.294110956539916060E+03   -0.248282906089851618E+01   -0.618758336214726512E+01   -0.241466989624377604E+01   -0.950798504189780225E+01   -0.998046739515643644E+01   -0.399134295596521049E+01   -0.620756039233805623E+01    0.665107523621397831E+03
    0.913549978178528121E+00    0.294110956539916060E+03   -0.248282906089851618E+01   -0.618758336214726512E+01   -0.241466989624377604E+01   -0.950798504189780225E+01   -0.998046739515643644E+01   -0.399134295596521049E+01   -0.620756039233805623E+01    0.665107523621397831E+03
    0.914224354314542076E+00    0.316564377712023884E+03   -0.382032498341340343E+01   -0.660444558924798564E+01   -0.252006979184973101E+01   -0.942099519870623325E+01   -0.971216820368992906E+01   -0.466442588370335898E+01   -0.559119123736468637E+01    0.664629174498208840E+03
    0.914224354314542076E+00    0.316564377712023884E+03   -0.382032498341340343E+01   -0.660444558924798564E+01   -0.252006979184973101E+01   -0.942099519870623325E+01   -0.971216820368992906E+01   -0.466442588370335898E+01   -0.559119123736468637E+01    0.664629174498208840E+03
    0.914224354314542076E+00    0.316564377712023884E+03   -0.382032498341340343E+01   -0.660444558924798564E+01   -0.252006979184973101E+01   -0.942099519870623325E+01   -0.971216820368992906E+01   -0.466442588370335898E+01   -0.559119123736468637E+01    0.664629174498208840E+03
    0.917483989849209647E+00    0.260250298880168714E+03   -0.351168992202663777E+01   -0.971440314267709759E+01   -0.467050275616859167E+01   -0.975489933680043642E+01   -0.830133941621879146E+01   -0.492362845730713161E+01   -0.773388583123573259E+01    0.663727641184013009E+03
    0.914427006851936452E+00    0.315000550485485348E+03   -0.336555737594231719E+01   -0.962386504122451392E+01   -0.376155598391593404E+01   -0.840069534699212639E+01   -0.773754834992880358E+01   -0.500704965479289399E+01   -0.670283285171974264E+01    0.664106706460159444E+03
    0.914427006851936452E+00    0.315000550485485348E+03   -0.336555737594231719E+01   -0.962386504122451392E+01   -0.376155598391593404E+01   -0.840069534699212639E+01   -0.773754834992880358E+01   -0.500704965479289399E+01   -0.670283285171974264E+01    0.664106706460159444E+03
    0.914302815211881281E+00    0.294055276556912304E+03   -0.418804530886789905E+01   -0.789904092277786063E+01   -0.184882905469359748E+01   -0.943659910534035795E+01   -0.917277822962244294E+01   -0.361843729460589358E+01   -0.557333791558376657E+01    0.663939973231877502E+03
    0.914302815211881281E+00    0.294055276556912304E+03   -0.418804530886789905E+01   -0.789904092277786063E+01   -0.184882905469359748E+01   -0.943659910534035795E+01   -0.917277822962244294E+01   -0.361843729460589358E+01   -0.557333791558376657E+01    0.663939973231877502E+03
    0.916147909037993147E+00    0.245376018588143694E+03   -0.390589349757078352E+01   -0.877364379464482447E+01   -0.217500157071427758E+01   -0.976936401558157996E+01   -0.893568256166112995E+01   -0.352251571572110755E+01   -0.644161049774601935E+01    0.664464867858016646E+03
    0.916147909037993147E+00    0.245376018588143694E+03   -0.390589349757078352E+01   -0.877364379464482447E+01   -0.217500157071427758E+01   -0.976936401558157996E+01   -0.893568256166112995E+01   -0.352251571572110755E+01   -0.644161049774601935E+01    0.664464867858016646E+03
    0.913814717399613174E+00    0.335194340290260186E+03   -0.446719579282314339E+01   -0.930876646066814928E+01   -0.211401599495951587E+01   -0.892864339409153729E+01   -0.909172251568424628E+01   -0.474257681658486874E+01   -0.610348238015878941E+01    0.663322605321586934E+03
    0.916100412122719088E+00    0.324293596525369935E+03   -0.403822868652957645E+01   -0.822813998585191975E+01   -0.461016054039965173E+01   -0.702494148031775012E+01   -0.915673334669187966E+01   -0.449277920751128690E+01   -0.711362576705628591E+01    0.664591205354997101E+03
    0.916100412122719088E+00    0.324293596525369935E+03   -0.403822868652957645E+01   -0.822813998585191975E+01   -0.461016054039965173E+01   -0.702494148031775012E+01   -0.915673334669187966E+01   -0.449277920751128690E+01   -0.711362576705628591E+01    0.664591205354997101E+03
    0.914181550035845114E+00    0.322756490269777260E+03   -0.455985133203213433E+01   -0.993149641425403651E+01   -0.273745524491103609E+01   -0.764543333295637773E+01   -0.811003970637990079E+01   -0.416748141004298844E+01   -0.668241460327495851E+01    0.663796118435507196E+03
    0.914181550035845114E+00    0.322756490269777260E+03   -0.455985133203213433E+01   -0.993149641425403651E+01   -0.273745524491103609E+01   -0.764543333295637773E+01   -0.811003970637990079E+01   -0.416748141004298844E+01   -0.668241460327495851E+01    0.663796118435507196E+03
    0.916200370796890651E+00    0.296534765449787074E+03   -0.595072797255888375E+01   -0.926465485506640896E+01   -0.234220751273712935E+01   -0.856165610904865559E+01   -0.860875002436604753E+01   -0.480667616844630885E+01   -0.716853579429317556E+01    0.663511667683722408E+03
    0.912994472412235636E+00    0.336383732615050576E+03   -0.267077262699545859E+01   -0.593489733296618738E+01   -0.278775893641907313E+01   -0.672309362791807441E+01   -0.925516017590801710E+01   -0.564029205783812948E+01   -0.579094726812752292E+01    0.664889088855172872E+03
    0.912994472412235636E+00    0.336383732615050576E+03   -0.267077262699545859E+01   -0.593489733296618738E+01   -0.278775893641907313E+01   -0.672309362791807441E+01   -0.925516017590801710E+01   -0.564029205783812948E+01   -0.579094726812752292E+01    0.664889088855172872E+03
    0.912994472412235636E+00    0.336383732615050576E+03   -0.267077262699545859E+01   -0.593489733296618738E+01   -0.278775893641907313E+01   -0.672309362791807441E+01   -0.925516017590801710E+01   -0.564029205783812948E+01   -0.579094726812752292E+01    0.664889088855172872E+03
    0.914390640665555310E+00    0.414038716243954013E+03   -0.424182586651794757E+01   -0.742776865458037783E+01   -0.370024303946930466E+01   -0.690174008213365830E+01   -0.848342500508180208E+01   -0.881136481655081560E+01   -0.913669976398807115E+01    0.664474323559882123E+03
    0.914390640665555310E+00    0.414038716243954013E+03   -0.424182586651794757E+01   -0.742776865458037783E+01   -0.370024303946930466E+01   -0.690174008213365830E+01   -0.848342500508180208E+01   -0.881136481655081560E+01   -0.913669976398807115E+01    0.664474323559882123E+03
    0.914390640665555310E+00    0.414038716243954013E+03   -0.424182586651794757E+01   -0.742776865458037783E+01   -0.370024303946930466E+01   -0.690174008213365830E+01   -0.848342500508180208E+01   -0.881136481655081560E+01   -0.913669976398807115E+01    0.664474323559882123E+03
    0.913164371202283998E+00    0.315244288706269117E+03   -0.207733618444814017E+01   -0.725019513754571143E+01   -0.261638252146666428E+01   -0.730171673918431630E+01   -0.973625244532861878E+01   -0.868861437737794517E+01   -0.988408349350686244E+01    0.664445021084458062E+03
    0.913164371202283998E+00    0.315244288706269117E+03   -0.207733618444814017E+01   -0.725019513754571143E+01   -0.261638252146666428E+01   -0.730171673918431630E+01   -0.973625244532861878E+01   -0.868861437737794517E+01   -0.988408349350686244E+01    0.664445021084458062E+03
    0.915766247012703594E+00    0.401936267419577973E+03   -0.392309998791994374E+01   -0.738266399912390714E+01   -0.448748935341752997E+01   -0.751749526802302093E+01   -0.916095582264796882E+01   -0.840108409548999902E+01   -0.901916430776398137E+01    0.663986086601215220E+03
    0.915766247012703594E+00    0.401936267419577973E+03   -0.392309998791994374E+01   -0.738266399912390714E+01   -0.448748935341752997E+01   -0.751749526802302093E+01   -0.916095582264796882E+01   -0.840108409548999902E+01   -0.901916430776398137E+01    0.663986086601215220E+03
    0.917037592741210439E+00    0.369229572160139242E+03   -0.478978835878279963E+01   -0.616762796669729063E+01   -0.439226533195586821E+01   -0.784629580238607716E+01   -0.830035618661491981E+01   -0.994527226401851117E+01   -0.667822925771088816E+01    0.664270140902454955E+03
    0.913180382259209278E+00    0.334735228679831550E+03   -0.419103265365311728E+01   -0.983219948790338449E+01   -0.187701072057617857E+01   -0.976098855776495711E+01   -0.864006483299327854E+01   -0.787371893454919380E+01   -0.853676521536456434E+01    0.663243841856421000E+03
    0.917772863017065288E+00    0.344746136582814188E+03   -0.561026444687703574E+01   -0.916776563671538192E+01   -0.418284780877947338E+01   -0.935580489860375941E+01   -0.775137019321910525E+01   -0.656744645029161145E+01   -0.761514381832265386E+01    0.663469766378506392E+03
    0.917400218749745311E+00    0.342701435850965140E+03   -0.447222626194527173E+01   -0.763314575788692551E+01   -0.450769966593283034E+01   -0.678275169399121758E+01   -0.709287004673316090E+01   -0.646163835299194567E+01   -0.782434753040443631E+01    0.663430808222593100E+03
    0.915561101335484406E+00    0.399457887795735417E+03   -0.463449971600874200E+01   -0.999458915617809041E+01   -0.387623368071987873E+01   -0.783426686539405814E+01   -0.950860081277482294E+01   -0.585899066422931458E+01   -0.906190539390446226E+01    0.664877444033256438E+03
    0.915561101335484406E+00    0.399457887795735417E+03   -0.463449971600874200E+01   -0.999458915617809041E+01   -0.387623368071987873E+01   -0.783426686539405814E+01   -0.950860081277482294E+01   -0.585899066422931458E+01   -0.906190539390446226E+01    0.664877444033256438E+03
    0.915561101335484406E+00    0.399457887795735417E+03   -0.463449971600874200E+01   -0.999458915617809041E+01   -0.387623368071987873E+01   -0.783426686539405814E+01   -0.950860081277482294E+01   -0.585899066422931458E+01   -0.906190539390446226E+01    0.664877444033256438E+03
    0.917088305143911708E+00    0.350903695139418801E+03   -0.401353851465174571E+01   -0.753620257601798738E+01   -0.513195109482557754E+01   -0.916725056976545716E+01   -0.842932567514435682E+01   -0.610422083348230160E+01   -0.880381799222209693E+01    0.663897502261168597E+03
    0.913235491086785367E+00    0.296060179725540422E+03   -0.249638908627911071E+01   -0.924300524998103157E+01   -0.199820934353412838E+01   -0.942083572916712342E+01   -0.873575465779262750E+01   -0.688475666993383939E+01   -0.960654955302110913E+01    0.664833174448199429E+03
    0.913235491086785367E+00    0.296060179725540422E+03   -0.249638908627911071E+01   -0.924300524998103157E+01   -0.199820934353412838E+01   -0.942083572916712342E+01   -0.873575465779262750E+01   -0.688475666993383939E+01   -0.960654955302110913E+01    0.664833174448199429E+03
    0.913235491086785367E+00    0.296060179725540422E+03   -0.249638908627911071E+01   -0.924300524998103157E+01   -0.199820934353412838E+01   -0.942083572916712342E+01   -0.873575465779262750E+01   -0.688475666993383939E+01   -0.960654955302110913E+01    0.664833174448199429E+03
    0.913347729326478230E+00    0.318046357790838499E+03   -0.264703352797871361E+01   -0.729496058134383940E+01   -0.173527257743061547E+01   -0.730425599558419592E+01   -0.925898771852478575E+01   -0.734901015119937373E+01   -0.943721027240053267E+01    0.663245653672584012E+03
    0.916435415019093536E+00    0.360466246730855630E+03   -0.410353074116341876E+01   -0.850193450697602771E+01   -0.408313311606600138E+01   -0.644744391191997046E+01   -0.802756926388162562E+01   -0.643049463407102362E+01   -0.988037701545453473E+01    0.664674707167389442E+03
    0.916435415019093536E+00    0.360466246730855630E+03   -0.410353074116341876E+01   -0.850193450697602771E+01   -0.408313311606600138E+01   -0.644744391191997046E+01   -0.802756926388162562E+01   -0.643049463407102362E+01   -0.988037701545453473E+01    0.664674707167389442E+03
    0.916435415019093536E+00    0.360466246730855630E+03   -0.410353074116341876E+01   -0.850193450697602771E+01   -0.408313311606600138E+01   -0.644744391191997046E+01   -0.802756926388162562E+01   -0.643049463407102362E+01   -0.988037701545453473E+01    0.664674707167389442E+03
    0.912276426875404223E+00    0.359915658956163895E+03   -0.336516336819803996E+01   -0.733438314592484542E+01   -0.309782509142731488E+01   -0.697520202477369722E+01   -0.822479716321004339E+01   -0.738383399959379538E+01   -0.883795990899024808E+01    0.663433400983076353E+03
    0.911241138450466504E+00    0.339853656308555173E+03   -0.339914107902913010E+01   -0.810686813040563514E+01   -0.201309456786553032E+01   -0.628027475134568824E+01   -0.707996573355384662E+01   -0.950026843349121641E+01   -0.644455102174428163E+01    0.663586719891883263E+03
    0.914650787722786185E+00    0.336758215527550476E+03   -0.339933509898584241E+01   -0.734640163776098376E+01   -0.724595714877268904E+01   -0.794898229518586419E+01   -0.914382456226324258E+01   -0.404153667117384430E+01   -0.832844080092079331E+01    0.663345389416649027E+03
    0.916713516337393730E+00    0.363818151323908694E+03   -0.417238346335876109E+01   -0.878064975918230139E+01   -0.630340478523668679E+01   -0.864756487837414767E+01   -0.855892252630047778E+01   -0.433283500240044894E+01   -0.790586638137986331E+01    0.663301517544677836E+03
    0.914763914349769225E+00    0.407177926679329346E+03   -0.473022981241473950E+01   -0.887346739323177580E+01   -0.402721203303220410E+01   -0.832628544677278271E+01   -0.915708797007936148E+01   -0.545751799809151983E+01   -0.866012124441879649E+01    0.664651384857051198E+03
    0.914763914349769225E+00    0.407177926679329346E+03   -0.473022981241473950E+01   -0.887346739323177580E+01   -0.402721203303220410E+01   -0.832628544677278271E+01   -0.915708797007936148E+01   -0.545751799809151983E+01   -0.866012124441879649E+01    0.664651384857051198E+03
    0.914763914349769225E+00    0.407177926679329346E+03   -0.473022981241473950E+01   -0.887346739323177580E+01   -0.402721203303220410E+01   -0.832628544677278271E+01   -0.915708797007936148E+01   -0.545751799809151983E+01   -0.866012124441879649E+01    0.664651384857051198E+03
    0.913537759178036923E+00    0.380684556769608321E+03   -0.393544141270580727E+01   -0.743799569265731453E+01   -0.352729847707321209E+01   -0.744123695448140410E+01   -0.946683707949352637E+01   -0.575900496506713822E+01   -0.924093621648000152E+01    0.664303462777258119E+03
    0.913537759178036923E+00    0.380684556769608321E+03   -0.393544141270580727E+01   -0.743799569265731453E+01   -0.352729847707321209E+01   -0.744123695448140410E+01   -0.946683707949352637E+01   -0.575900496506713822E+01   -0.924093621648000152E+01    0.664303462777258119E+03
    0.915738193784009114E+00    0.249121770406251727E+03   -0.769226358356815698E+01   -0.231690313088915278E+01   -0.131270977222305341E+01   -0.569299783451741170E+01   -0.928030689256603125E+01   -0.655050046047736156E+01   -0.960712601901076013E+01    0.663906987696575584E+03
    0.915738193784009114E+00    0.249121770406251727E+03   -0.769226358356815698E+01   -0.231690313088915278E+01   -0.131270977222305341E+01   -0.569299783451741170E+01   -0.928030689256603125E+01   -0.655050046047736156E+01   -0.960712601901076013E+01    0.663906987696575584E+03
    0.917802521641690516E+00    0.216219199441575682E+03   -0.805226022385965123E+01   -0.349855175824721965E+01   -0.121594668315052878E+01   -0.725322996727881808E+01   -0.837599827041883849E+01   -0.636253530543991452E+01   -0.998643003504365190E+01    0.663715701908352912E+03
    0.919113360760410281E+00    0.208772331773054276E+03   -0.923942396129736743E+01   -0.299749334830979564E+01   -0.204831758439252543E+01   -0.844139593531447829E+01   -0.917564550387430344E+01   -0.715772393593075762E+01   -0.911209373469749728E+01    0.664015280157323787E+03
    0.919113360760410281E+00    0.208772331773054276E+03   -0.923942396129736743E+01   -0.299749334830979564E+01   -0.204831758439252543E+01   -0.844139593531447829E+01   -0.917564550387430344E+01   -0.715772393593075762E+01   -0.911209373469749728E+01    0.664015280157323787E+03
    0.917666406471453699E+00    0.235946140382517825E+03   -0.871548949972706488E+01   -0.416459672406605552E+01   -0.195795799907643087E+01   -0.956146427451062308E+01   -0.927604935394089658E+01   -0.772933833037623508E+01   -0.972884752439464151E+01    0.663995963728118795E+03
    0.917666406471453699E+00    0.235946140382517825E+03   -0.871548949972706488E+01   -0.416459672406605552E+01   -0.195795799907643087E+01   -0.956146427451062308E+01   -0.927604935394089658E+01   -0.772933833037623508E+01   -0.972884752439464151E+01    0.663995963728118795E+03
    0.917527672764183677E+00    0.243851928226331012E+03   -0.554451647564839245E+01   -0.317510093883020783E+01   -0.316246485013558409E+01   -0.579830000096171183E+01   -0.872032313066972797E+01   -0.478983170990719920E+01   -0.605774633385865791E+01    0.663273207050397787E+03
    0.916386094495082570E+00    0.275146703375635241E+03   -0.669338796519139123E+01   -0.435698087909820586E+01   -0.207219592145035669E+01   -0.700414164088619007E+01   -0.930307689943616900E+01   -0.546149286148423485E+01   -0.573535995453099989E+01    0.663270171378145506E+03
    0.917529125431436721E+00    0.228495166782115518E+03   -0.954547403731398170E+01   -0.432429347721367563E+01   -0.183728678040592364E+01   -0.587750734608669934E+01   -0.938089191756574614E+01   -0.349105446996221325E+01   -0.846271217891036187E+01    0.663157039967068840E+03
    0.917180817185897168E+00    0.286989565013079755E+03   -0.659785549686567840E+01   -0.419344867811126676E+01   -0.265670573122642217E+01   -0.494313784599358907E+01   -0.992312485873386052E+01   -0.453103226573433737E+01   -0.646867035555915670E+01    0.663380213133707684E+03
    0.916733709253336748E+00    0.224292116541396780E+03   -0.594267604255424864E+01   -0.294734364899581891E+01   -0.130749325270698868E+01   -0.456805403071606619E+01   -0.805179134906690130E+01   -0.383177194685482636E+01   -0.608050796406565386E+01    0.663548989587805295E+03
    0.917456662885967167E+00    0.248893143115683927E+03   -0.907130490734920869E+01   -0.241470544381078511E+01   -0.227335458961870263E+01   -0.405138887200153874E+01   -0.939141942724674372E+01   -0.543407518872995254E+01   -0.720390198076287902E+01    0.663497287381731780E+03
    0.917671978939869848E+00    0.226984824027304626E+03   -0.899647393956791674E+01   -0.253300821343205040E+01   -0.168885588240011408E+01   -0.396797051917738219E+01   -0.890385625179761853E+01   -0.588625816834451943E+01   -0.801432351636913332E+01    0.663895037356064449E+03
    0.918642430301638835E+00    0.233391383656539801E+03   -0.731867153168760431E+01   -0.343152266109062776E+01   -0.264009600272852296E+01   -0.157007402497042570E+01   -0.921429815553961440E+01   -0.530149558178418268E+01   -0.685942633664036450E+01    0.663420678844485224E+03
    0.917119359951121371E+00    0.245675969759693430E+03   -0.842637720461674000E+01   -0.462949444763623141E+01   -0.196739498156779469E+01   -0.140864125681747510E+01   -0.939700534627091955E+01   -0.524987288245453509E+01   -0.682591054755528148E+01    0.663519875426255453E+03
    0.916851467586701219E+00    0.222748661751910532E+03   -0.748698664883879061E+01   -0.289049796252569458E+01   -0.153252930100354234E+01   -0.386751330381704950E+01   -0.889363946446149356E+01   -0.397999527435955258E+01   -0.610652303142821129E+01    0.663428286079228883E+03
    0.922149880152041801E+00    0.218657339562071542E+03   -0.812964683394300103E+01   -0.456703374192904388E+01   -0.457119322283947405E+01   -0.807012096889871700E+01   -0.979976428086581386E+01   -0.725210125836082753E+01   -0.931984987934362508E+01    0.663494323352229912E+03
    0.918705934948504943E+00    0.294301395281922851E+03   -0.474000154059089507E+01   -0.300838867721583370E+01   -0.472420832941904756E+01   -0.611407033172640713E+01   -0.887157620361138299E+01   -0.976189631155432380E+01   -0.814518245461891155E+01    0.663168941896096158E+03
    0.916737095035924376E+00    0.269722900458796346E+03   -0.478816172970034692E+01   -0.179449419578453728E+01   -0.290278894054985681E+01   -0.808992727003625589E+01   -0.991245063659117598E+01   -0.761145388864713546E+01   -0.703029054858522251E+01    0.663618648948306600E+03
    0.914915243452865679E+00    0.362906500378897249E+03   -0.451648487193098269E+01   -0.487459779441311358E+01   -0.333561842927485674E+01   -0.674186211841234773E+01   -0.945983051312875567E+01   -0.949103137345782244E+01   -0.949799032859334247E+01    0.664699257566759229E+03
    0.914915243452865679E+00    0.362906500378897249E+03   -0.451648487193098269E+01   -0.487459779441311358E+01   -0.333561842927485674E+01   -0.674186211841234773E+01   -0.945983051312875567E+01   -0.949103137345782244E+01   -0.949799032859334247E+01    0.664699257566759229E+03
    0.914915243452865679E+00    0.362906500378897249E+03   -0.451648487193098269E+01   -0.487459779441311358E+01   -0.333561842927485674E+01   -0.674186211841234773E+01   -0.945983051312875567E+01   -0.949103137345782244E+01   -0.949799032859334247E+01    0.664699257566759229E+03
    0.915555593589422512E+00    0.384559953916533686E+03   -0.652358822781786607E+01   -0.347792166127995994E+01   -0.340500443874324699E+01   -0.665259930121025000E+01   -0.813795767450841012E+01   -0.795857107977929523E+01   -0.955156099241801471E+01    0.663176307145343117E+03
    0.919361023736128602E+00    0.330697113799650538E+03   -0.576022009538348456E+01   -0.377437635368342583E+01   -0.399297994540637546E+01   -0.951021636892560984E+01   -0.934005145348974608E+01   -0.765244155374166368E+01   -0.757550301720010122E+01    0.663685883427915883E+03
    0.919842126346501199E+00    0.250166686938546945E+03   -0.688468872386593489E+01   -0.315928231090953737E+01   -0.314025815118344553E+01   -0.946601010373972152E+01   -0.915667037725594568E+01   -0.963486087685764048E+01   -0.822082853831786764E+01    0.663488540070899148E+03
    0.921909286700934416E+00    0.243552100964460578E+03   -0.645586997888685854E+01   -0.400488838891150856E+01   -0.434956080340725926E+01   -0.997830559797890615E+01   -0.959477486473828378E+01   -0.686606755234964972E+01   -0.827963698373303281E+01    0.663775673541693777E+03
    0.915913312570868055E+00    0.325987836682164527E+03   -0.796711337516304141E+01   -0.382836432627028422E+01   -0.257854334056405765E+01   -0.688780603075979414E+01   -0.893356884690094688E+01   -0.742339743439966959E+01   -0.785412874380960346E+01    0.663392320840500247E+03
    0.917583753744795727E+00    0.287968276005314237E+03   -0.525796809548814181E+01   -0.327765789497415749E+01   -0.368449574333468544E+01   -0.867284239988555683E+01   -0.941829983787649816E+01   -0.827322754805479121E+01   -0.929051807953733544E+01    0.664426722047157796E+03
    0.917583753744795727E+00    0.287968276005314237E+03   -0.525796809548814181E+01   -0.327765789497415749E+01   -0.368449574333468544E+01   -0.867284239988555683E+01   -0.941829983787649816E+01   -0.827322754805479121E+01   -0.929051807953733544E+01    0.664426722047157796E+03
    0.916558954409322113E+00    0.363826171210499410E+03   -0.492111565935477202E+01   -0.433166100782813057E+01   -0.337050867329556247E+01   -0.944864283028974228E+01   -0.945534766920400394E+01   -0.816329399623201724E+01   -0.933218228427600671E+01    0.664482019812787257E+03
    0.916558954409322113E+00    0.363826171210499410E+03   -0.492111565935477202E+01   -0.433166100782813057E+01   -0.337050867329556247E+01   -0.944864283028974228E+01   -0.945534766920400394E+01   -0.816329399623201724E+01   -0.933218228427600671E+01    0.664482019812787257E+03
    0.918305662711741966E+00    0.266596691191439447E+03   -0.525239629075404757E+01   -0.565945079633386783E+01   -0.358164966280572905E+01   -0.673619473026478399E+01   -0.952702197753279556E+01   -0.994021659285138348E+01   -0.856721391269442378E+01    0.664898769843365926E+03
    0.918305662711741966E+00    0.266596691191439447E+03   -0.525239629075404757E+01   -0.565945079633386783E+01   -0.358164966280572905E+01   -0.673619473026478399E+01   -0.952702197753279556E+01   -0.994021659285138348E+01   -0.856721391269442378E+01    0.664898769843365926E+03
    0.918305662711741966E+00    0.266596691191439447E+03   -0.525239629075404757E+01   -0.565945079633386783E+01   -0.358164966280572905E+01   -0.673619473026478399E+01   -0.952702197753279556E+01   -0.994021659285138348E+01   -0.856721391269442378E+01    0.664898769843365926E+03
    0.916747463364057547E+00    0.314202744207739727E+03   -0.509096613314232904E+01   -0.391810202412052710E+01   -0.419233699195463050E+01   -0.696578827416665725E+01   -0.925280108933715262E+01   -0.691152560484845591E+01   -0.976989853192021229E+01    0.663255274252743334E+03
    0.912158448124410826E+00    0.378558766145413188E+03   -0.498512916539818995E+01   -0.212857083139046654E+01   -0.273911519706110962E+01   -0.561842495164464761E+01   -0.819020859530861856E+01   -0.824057272330805546E+01   -0.973948940501261617E+01    0.663507942241997057E+03
    0.916434685852196229E+00    0.261509183235837838E+03   -0.409121661003279780E+01   -0.173462528935879234E+01   -0.322846894356550163E+01   -0.647823423296063705E+01   -0.825498977004556522E+01   -0.633662813258522561E+01   -0.894241113423157863E+01    0.663560011671101165E+03
    0.913818276300800036E+00    0.326082934779235018E+03   -0.637987393857760399E+01   -0.304101071816221946E+01   -0.203308375318901113E+01   -0.631097956644266667E+01   -0.792207928461087274E+01   -0.476043791635125579E+01   -0.850059149952469184E+01    0.663512991165228755E+03
    0.916175826999977683E+00    0.268025344659813015E+03   -0.388184313290659144E+01   -0.332869961194722475E+01   -0.198805852321159549E+01   -0.684833259050183685E+01   -0.702401147625953470E+01   -0.535942336144537901E+01   -0.677298107871748289E+01    0.663758961217825913E+03
    0.917936694830247646E+00    0.236550864182622746E+03   -0.446912843249327096E+01   -0.220707640476706146E+01   -0.280599708317918761E+01   -0.799717127289924967E+01   -0.824166724677565021E+01   -0.605470139136618357E+01   -0.714707343511734905E+01    0.664147774139236049E+03
    0.915400610044005525E+00    0.259875682441723995E+03   -0.336195761904652368E+01   -0.497890898797532433E+01   -0.253598060700553862E+01   -0.819506863320324364E+01   -0.769758134387145887E+01   -0.602422206509285196E+01   -0.863193221973425651E+01    0.664170465390850154E+03
    0.913509541672741454E+00    0.268133032751817154E+03   -0.312678232489307995E+01   -0.350528839341943232E+01   -0.137123388239418453E+01   -0.598025383439724312E+01   -0.847327560631321397E+01   -0.471470346434410192E+01   -0.964069429777452669E+01    0.664564923813315090E+03
    0.913509541672741454E+00    0.268133032751817154E+03   -0.312678232489307995E+01   -0.350528839341943232E+01   -0.137123388239418453E+01   -0.598025383439724312E+01   -0.847327560631321397E+01   -0.471470346434410192E+01   -0.964069429777452669E+01    0.664564923813315090E+03
    0.917727426073255748E+00    0.220091673742629979E+03   -0.299147135382170237E+01   -0.315504933963788847E+01   -0.404574960066102385E+01   -0.772821606839986863E+01   -0.760116417264317867E+01   -0.373603665693122089E+01   -0.845880335020073204E+01    0.663264713926703052E+03
    0.913631998072359730E+00    0.271124457329326219E+03   -0.306480206160094593E+01   -0.344964481719046656E+01   -0.177566293733754321E+01   -0.799063144870958908E+01   -0.804665350822776126E+01   -0.557630188931274162E+01   -0.874964235978219662E+01    0.664269588119324339E+03
    0.913631998072359730E+00    0.271124457329326219E+03   -0.306480206160094593E+01   -0.344964481719046656E+01   -0.177566293733754321E+01   -0.799063144870958908E+01   -0.804665350822776126E+01   -0.557630188931274162E+01   -0.874964235978219662E+01    0.664269588119324339E+03
    0.915028690503880804E+00    0.267942869900482037E+03   -0.295864540647602059E+01   -0.348002744416654597E+01   -0.221861383320373395E+01   -0.603109816660351861E+01   -0.808332934739968678E+01   -0.311430294445444478E+01   -0.963220090029973619E+01    0.664729755710235054E+03
    0.915028690503880804E+00    0.267942869900482037E+03   -0.295864540647602059E+01   -0.348002744416654597E+01   -0.221861383320373395E+01   -0.603109816660351861E+01   -0.808332934739968678E+01   -0.311430294445444478E+01   -0.963220090029973619E+01    0.664729755710235054E+03
    0.915028690503880804E+00    0.267942869900482037E+03   -0.295864540647602059E+01   -0.348002744416654597E+01   -0.221861383320373395E+01   -0.603109816660351861E+01   -0.808332934739968678E+01   -0.311430294445444478E+01   -0.963220090029973619E+01    0.664729755710235054E+03
    0.913268940928793516E+00    0.283159569081569657E+03   -0.706243187040780196E+01   -0.248323972345727206E+01   -0.122669289112198854E+01   -0.692041213392715449E+01   -0.808181490107524958E+01   -0.331124942730965444E+01   -0.930255414807827030E+01    0.663450993120526050E+03
    0.916459659754976563E+00    0.207265475303727754E+03   -0.396771575316316838E+01   -0.259052698725506136E+01   -0.126729709058082385E+01   -0.748024899805364996E+01   -0.705716989314179166E+01   -0.725090753444625769E+01   -0.881271834574950219E+01    0.663937165781763269E+03
    0.916358730030241264E+00    0.257356369914618597E+03   -0.502745017719681897E+01   -0.472657717597165394E+01   -0.191294635469892249E+01   -0.670931101551870057E+01   -0.668669942847879817E+01   -0.620958906787570797E+01   -0.694254399948003886E+01    0.663156950294702938E+03
    0.914846685772225610E+00    0.240908928687431455E+03   -0.272387037757330042E+01   -0.307789441065504121E+01   -0.260354737578993678E+01   -0.506999508528604004E+01   -0.659158162724438412E+01   -0.270681190356970625E+01   -0.825683569883435631E+01    0.663396831495918036E+03
    0.917652537764019005E+00    0.213157772808228486E+03   -0.512849877712391855E+01   -0.343344280226693055E+01   -0.175499404052507479E+01   -0.517115478812024509E+01   -0.719064992383584389E+01   -0.546079050908329133E+01   -0.827061127621870185E+01    0.663664859367111944E+03
    0.912016111715228561E+00    0.266996235103070092E+03   -0.241586881708084622E+01   -0.157564402785926205E+01   -0.118576698162986460E+01   -0.563961692000240067E+01   -0.691930324315368317E+01   -0.786672549410945265E+01   -0.996351371389550344E+01    0.663916342348545527E+03
    0.916086286777211822E+00    0.299671710159620488E+03   -0.386707195821372718E+01   -0.332598346816984414E+01   -0.317364970276576841E+01   -0.732321971293118601E+01   -0.764079753530443462E+01   -0.408626341586138686E+01   -0.638401838936776578E+01    0.664160433590667708E+03
    0.917262922580424966E+00    0.230980403101799652E+03   -0.340089784400703454E+01   -0.566703278843028713E+01   -0.319944907596111427E+01   -0.625918582616615993E+01   -0.995491492863537708E+01   -0.395160829929898050E+01   -0.676535679478627472E+01    0.664553048832327363E+03
    0.917262922580424966E+00    0.230980403101799652E+03   -0.340089784400703454E+01   -0.566703278843028713E+01   -0.319944907596111427E+01   -0.625918582616615993E+01   -0.995491492863537708E+01   -0.395160829929898050E+01   -0.676535679478627472E+01    0.664553048832327363E+03
    0.917262922580424966E+00    0.230980403101799652E+03   -0.340089784400703454E+01   -0.566703278843028713E+01   -0.319944907596111427E+01   -0.625918582616615993E+01   -0.995491492863537708E+01   -0.395160829929898050E+01   -0.676535679478627472E+01    0.664553048832327363E+03
    0.916583531685390973E+00    0.226881050582903555E+03   -0.301596028069688948E+01   -0.241756592654487967E+01   -0.362971277715105689E+01   -0.590139804539449120E+01   -0.941536891438702916E+01   -0.340919406115011014E+01   -0.735376419528401648E+01    0.663969059962704478E+03
    0.916999161570404508E+00    0.231618728670185362E+03   -0.225638023814222155E+01   -0.267691649484371119E+01   -0.286210203154332543E+01   -0.828260540946366852E+01   -0.886796459420729377E+01   -0.397278378811724142E+01   -0.797922885685115713E+01    0.663723946471960176E+03
    0.912971810814934281E+00    0.281606960494772466E+03   -0.358440662934311582E+01   -0.505809875349090987E+01   -0.138760594035552032E+01   -0.846660017667577947E+01   -0.907870460769038878E+01   -0.368124494042776096E+01   -0.830019213104416664E+01    0.664023278023484067E+03
    0.915672417597613419E+00    0.201804508430826047E+03   -0.121098450382144307E+01   -0.465559052553976649E+01   -0.323990127650585968E+01   -0.744035347636771682E+01   -0.857194576814365661E+01   -0.265577770459131912E+01   -0.948913924797785668E+01    0.663505842705918440E+03
    0.920668813889834792E+00    0.215332946181847177E+03   -0.484975011259129030E+01   -0.330663218398091807E+01   -0.366051571106738560E+01   -0.791844630737910826E+01   -0.878434465096268191E+01   -0.606586805196314316E+01   -0.783393107034936076E+01    0.663216253360006590E+03
    0.917203232457307949E+00    0.211822859026507587E+03   -0.350428648426012224E+01   -0.416706545749301682E+01   -0.210726813255875811E+01   -0.473894089624682202E+01   -0.976135373197380929E+01   -0.370761536530567870E+01   -0.773095592189225567E+01    0.664782715561099280E+03
    0.917203232457307949E+00    0.211822859026507587E+03   -0.350428648426012224E+01   -0.416706545749301682E+01   -0.210726813255875811E+01   -0.473894089624682202E+01   -0.976135373197380929E+01   -0.370761536530567870E+01   -0.773095592189225567E+01    0.664782715561099280E+03
    0.915926214774329783E+00    0.265872753250581866E+03   -0.448112681018335923E+01   -0.166920196419605205E+01   -0.267339006333331852E+01   -0.478692505692326353E+01   -0.791247359765242564E+01   -0.332988835774799075E+01   -0.693333511885894538E+01    0.663238958801860917E+03
    0.915815277805085537E+00    0.243330548302430998E+03   -0.348001551442557044E+01   -0.330249776985766985E+01   -0.187855459463771624E+01   -0.520622434199949868E+01   -0.713005975961112259E+01   -0.243402647599487665E+01   -0.627084171700959914E+01    0.663205144657303777E+03
    0.915858962590398451E+00    0.237271028467784333E+03   -0.381398920381939988E+01   -0.337511460055551282E+01   -0.202288843880261915E+01   -0.637649641025973679E+01   -0.886767245368624479E+01   -0.483886107092814122E+01   -0.682770599542322643E+01    0.664574376852839123E+03
    0.915858962590398451E+00    0.237271028467784333E+03   -0.381398920381939988E+01   -0.337511460055551282E+01   -0.202288843880261915E+01   -0.637649641025973679E+01   -0.886767245368624479E+01   -0.483886107092814122E+01   -0.682770599542322643E+01    0.664574376852839123E+03
    0.919107091288628553E+00    0.205503749605678593E+03   -0.365752298435599066E+01   -0.572960549877682190E+01   -0.379950062863420790E+01   -0.494712676578393751E+01   -0.917321725733321003E+01   -0.407121825043123220E+01   -0.752567047951190649E+01    0.663717504439057620E+03
    0.917804391455070756E+00    0.219052421828647226E+03   -0.382472021583380606E+01   -0.217144661198700639E+01   -0.298661836465758501E+01   -0.668402623703880927E+01   -0.963140203227559155E+01   -0.335679935237210714E+01   -0.564658828665757184E+01    0.663174069572831854E+03
    0.912224771638579401E+00    0.277571445680536328E+03   -0.190748550827409957E+01   -0.411014778022953298E+01   -0.120536317006015992E+01   -0.600309632774974133E+01   -0.828986521469405702E+01   -0.815057525594565924E+01   -0.569685401568983973E+01    0.664836905047471191E+03
    0.912224771638579401E+00    0.277571445680536328E+03   -0.190748550827409957E+01   -0.411014778022953298E+01   -0.120536317006015992E+01   -0.600309632774974133E+01   -0.828986521469405702E+01   -0.815057525594565924E+01   -0.569685401568983973E+01    0.664836905047471191E+03
    0.912224771638579401E+00    0.277571445680536328E+03   -0.190748550827409957E+01   -0.411014778022953298E+01   -0.120536317006015992E+01   -0.600309632774974133E+01   -0.828986521469405702E+01   -0.815057525594565924E+01   -0.569685401568983973E+01    0.664836905047471191E+03
    0.913681124912904541E+00    0.283668143707618128E+03   -0.277616038275774457E+01   -0.319987653466699573E+01   -0.175251337209426339E+01   -0.627414928671937666E+01   -0.799889418847373435E+01   -0.795505636195261268E+01   -0.630995607935044944E+01    0.664964214080206375E+03
    0.913681124912904541E+00    0.283668143707618128E+03   -0.277616038275774457E+01   -0.319987653466699573E+01   -0.175251337209426339E+01   -0.627414928671937666E+01   -0.799889418847373435E+01   -0.795505636195261268E+01   -0.630995607935044944E+01    0.664964214080206375E+03
    0.913681124912904541E+00    0.283668143707618128E+03   -0.277616038275774457E+01   -0.319987653466699573E+01   -0.175251337209426339E+01   -0.627414928671937666E+01   -0.799889418847373435E+01   -0.795505636195261268E+01   -0.630995607935044944E+01    0.664964214080206375E+03
    0.913681124912904541E+00    0.283668143707618128E+03   -0.277616038275774457E+01   -0.319987653466699573E+01   -0.175251337209426339E+01   -0.627414928671937666E+01   -0.799889418847373435E+01   -0.795505636195261268E+01   -0.630995607935044944E+01    0.664964214080206375E+03
    0.911686923079522371E+00    0.313666002005242035E+03   -0.236837646231923404E+01   -0.112528952816207806E+01   -0.190901344539422624E+01   -0.681262429279834780E+01   -0.877489991681643033E+01   -0.967091718607863804E+01   -0.723270921464073790E+01    0.664631314549618423E+03
    0.911686923079522371E+00    0.313666002005242035E+03   -0.236837646231923404E+01   -0.112528952816207806E+01   -0.190901344539422624E+01   -0.681262429279834780E+01   -0.877489991681643033E+01   -0.967091718607863804E+01   -0.723270921464073790E+01    0.664631314549618423E+03
    0.911686923079522371E+00    0.313666002005242035E+03   -0.236837646231923404E+01   -0.112528952816207806E+01   -0.190901344539422624E+01   -0.681262429279834780E+01   -0.877489991681643033E+01   -0.967091718607863804E+01   -0.723270921464073790E+01    0.664631314549618423E+03
    0.912401774547907274E+00    0.311608987027856756E+03   -0.330752861889632044E+01   -0.284042227352747378E+01   -0.145645441620408711E+01   -0.807135318850145111E+01   -0.752836456292857559E+01   -0.958165948289572178E+01   -0.530931211594504493E+01    0.664110757590416256E+03
    0.910219148376407383E+00    0.357435310971567219E+03   -0.540189273790294777E+01   -0.144115675678379773E+01   -0.173691976634876077E+01   -0.714265627225103295E+01   -0.893210911507395267E+01   -0.986666503708479858E+01   -0.595468632522625629E+01    0.663336084822505995E+03
    0.917346182684346201E+00    0.281554675712402343E+03   -0.428035243753203609E+01   -0.516036222031886993E+01   -0.319696638143197642E+01   -0.710358971095001301E+01   -0.768702787291998213E+01   -0.830424056114128994E+01   -0.659994120103130300E+01    0.664105063074947566E+03
    0.917346182684346201E+00    0.281554675712402343E+03   -0.428035243753203609E+01   -0.516036222031886993E+01   -0.319696638143197642E+01   -0.710358971095001301E+01   -0.768702787291998213E+01   -0.830424056114128994E+01   -0.659994120103130300E+01    0.664105063074947566E+03
    0.914721149744602613E+00    0.222378098208962030E+03   -0.202883143376491493E+01   -0.261310049632232655E+01   -0.196544986785241527E+01   -0.545757877367765598E+01   -0.913743311236533984E+01   -0.932044180630096974E+01   -0.664548423584114900E+01    0.663519263203458081E+03
    0.913689556643435430E+00    0.289973219350041575E+03   -0.426507882285589268E+01   -0.370437700561069327E+01   -0.139410735076270065E+01   -0.667341519961410334E+01   -0.898513017350259879E+01   -0.883290291429085173E+01   -0.589607336612920552E+01    0.664028772838432019E+03
    0.913689556643435430E+00    0.289973219350041575E+03   -0.426507882285589268E+01   -0.370437700561069327E+01   -0.139410735076270065E+01   -0.667341519961410334E+01   -0.898513017350259879E+01   -0.883290291429085173E+01   -0.589607336612920552E+01    0.664028772838432019E+03
    0.912789562732614135E+00    0.243837770129195860E+03   -0.101712903273665844E+01   -0.287336121018115165E+01   -0.101303118076182308E+01   -0.611440355116429046E+01   -0.693814924096861674E+01   -0.681963134149464434E+01   -0.830300435957937388E+01    0.664498417721353235E+03
    0.912789562732614135E+00    0.243837770129195860E+03   -0.101712903273665844E+01   -0.287336121018115165E+01   -0.101303118076182308E+01   -0.611440355116429046E+01   -0.693814924096861674E+01   -0.681963134149464434E+01   -0.830300435957937388E+01    0.664498417721353235E+03
    0.916514062178030886E+00    0.268171319092749002E+03   -0.478416176925350545E+01   -0.340283421247139994E+01   -0.247578361682030579E+01   -0.750459428913183491E+01   -0.760652479601169684E+01   -0.910676781784604472E+01   -0.715257269710900090E+01    0.664183206939802290E+03
    0.914736549702632407E+00    0.248645588414841114E+03   -0.169553033602620395E+01   -0.464815745865732932E+01   -0.171493666990923543E+01   -0.627862167165594265E+01   -0.836832515579651215E+01   -0.734819483514603000E+01   -0.550315758114005327E+01    0.664055575618308580E+03
    0.916470640183824847E+00    0.274867248326569211E+03   -0.424359238102578651E+01   -0.520326562252528646E+01   -0.328874176824300157E+01   -0.615792585391455827E+01   -0.926650635156979163E+01   -0.746609491619452115E+01   -0.695086939628790113E+01    0.664192073045383495E+03
    0.914441254431314521E+00    0.272344216761398570E+03   -0.313266042951696022E+01   -0.588731528492750567E+01   -0.133888868576787168E+01   -0.590921397956210814E+01   -0.709319611709258346E+01   -0.655710006244995824E+01   -0.691136614020529105E+01    0.663898421634133797E+03
    0.911621462565149310E+00    0.309114618630597136E+03   -0.176633339944580570E+01   -0.675210700869060965E+01   -0.253106025409880253E+01   -0.593734932812301341E+01   -0.885201550452640618E+01   -0.690422660704519231E+01   -0.567354385838035213E+01    0.663968611831051817E+03
    0.911621462565149310E+00    0.309114618630597136E+03   -0.176633339944580570E+01   -0.675210700869060965E+01   -0.253106025409880253E+01   -0.593734932812301341E+01   -0.885201550452640618E+01   -0.690422660704519231E+01   -0.567354385838035213E+01    0.663968611831051817E+03
    0.915018893539321643E+00    0.262866337360262605E+03   -0.237582725426526586E+01   -0.415859018541063641E+01   -0.173528101928619449E+01   -0.738903900462334651E+01   -0.884873880924346601E+01   -0.738961041857629830E+01   -0.607567471379998825E+01    0.664420238193155797E+03
    0.915018893539321643E+00    0.262866337360262605E+03   -0.237582725426526586E+01   -0.415859018541063641E+01   -0.173528101928619449E+01   -0.738903900462334651E+01   -0.884873880924346601E+01   -0.738961041857629830E+01   -0.607567471379998825E+01    0.664420238193155797E+03
    0.917086104088704390E+00    0.212681411621495698E+03   -0.276760885976075066E+01   -0.320742203804045989E+01   -0.262840398767963013E+01   -0.524526378033953478E+01   -0.789455177861666790E+01   -0.491840617600484542E+01   -0.680032664800370412E+01    0.664206347738538057E+03
    0.912640270403182075E+00    0.243202143137742411E+03   -0.103006831505942742E+01   -0.248698826105786086E+01   -0.139707893145780560E+01   -0.531265016645468702E+01   -0.682287673683247142E+01   -0.710535175648896011E+01   -0.694021216251807438E+01    0.664140566632786431E+03
    0.912640270403182075E+00    0.243202143137742411E+03   -0.103006831505942742E+01   -0.248698826105786086E+01   -0.139707893145780560E+01   -0.531265016645468702E+01   -0.682287673683247142E+01   -0.710535175648896011E+01   -0.694021216251807438E+01    0.664140566632786431E+03
    0.917178097379538926E+00    0.253140215413770932E+03   -0.340836112345277709E+01   -0.441334055905142897E+01   -0.355311119028414879E+01   -0.691005450176304414E+01   -0.778711911680236391E+01   -0.753814713946533566E+01   -0.789968629313102433E+01    0.663771096010116821E+03
    0.912429259620288313E+00    0.312256071588917962E+03   -0.464454978871370017E+01   -0.136717485400872363E+01   -0.130830922549055728E+01   -0.677607952690712345E+01   -0.858937554006380388E+01   -0.932617900496133245E+01   -0.560227395889196345E+01    0.663826529036826742E+03
    0.916364635080732293E+00    0.246420139906307867E+03   -0.279708668368864632E+01   -0.724146849929065262E+01   -0.171466551474305007E+01   -0.577271058448448393E+01   -0.818802379567084060E+01   -0.704820412488739567E+01   -0.574692945608493844E+01    0.663436635133914706E+03
    0.913955026995106889E+00    0.254034562339248197E+03   -0.288556279226832491E+01   -0.559575694266487300E+01   -0.186990838357320044E+01   -0.490623836946620440E+01   -0.781072266676902416E+01   -0.605621170419495058E+01   -0.716283173966893827E+01    0.663273601321949286E+03
    0.916867606903322696E+00    0.213692102568893517E+03   -0.387358208609017307E+01   -0.597258956874319047E+01   -0.137898967737331013E+01   -0.569093643750615197E+01   -0.691854560036627753E+01   -0.578651832906427543E+01   -0.545885212751194882E+01    0.663580215734365652E+03
    0.910705998320185728E+00    0.324418161707388094E+03   -0.375527286449190001E+01   -0.311676863554267758E+01   -0.141876242395983354E+01   -0.852175100273220920E+01   -0.972640553939694641E+01   -0.795917818142282396E+01   -0.495367857685274515E+01    0.663388003284307160E+03
    0.912963546696531236E+00    0.282634858635834121E+03   -0.346236172436500045E+01   -0.239682800273934582E+01   -0.192933226488483278E+01   -0.946394974317379933E+01   -0.995101744247096143E+01   -0.876967768419560123E+01   -0.529917517808924821E+01    0.663178351894603907E+03
    0.912141231218457582E+00    0.311168096162502763E+03   -0.830316855530530162E+01   -0.143348177576691072E+01   -0.155075665327195722E+01   -0.814387179201006006E+01   -0.914469746611595191E+01   -0.439557393630154891E+01   -0.441733773827440324E+01    0.663175059205524462E+03
    0.917123519159878109E+00    0.204140590250902648E+03   -0.356169541712130489E+01   -0.385067688347186987E+01   -0.152216580451643324E+01   -0.691385616919748891E+01   -0.944282334532798906E+01   -0.771116286964598885E+01   -0.563821365208975855E+01    0.664244095320434667E+03
    0.917123519159878109E+00    0.204140590250902648E+03   -0.356169541712130489E+01   -0.385067688347186987E+01   -0.152216580451643324E+01   -0.691385616919748891E+01   -0.944282334532798906E+01   -0.771116286964598885E+01   -0.563821365208975855E+01    0.664244095320434667E+03
    0.916809145637054623E+00    0.257246260840143066E+03   -0.309833945525166055E+01   -0.394029197905624340E+01   -0.256901670174303387E+01   -0.852349340177079107E+01   -0.985944180560562344E+01   -0.704033166127853161E+01   -0.737639162553721395E+01    0.664614196357483820E+03
    0.916809145637054623E+00    0.257246260840143066E+03   -0.309833945525166055E+01   -0.394029197905624340E+01   -0.256901670174303387E+01   -0.852349340177079107E+01   -0.985944180560562344E+01   -0.704033166127853161E+01   -0.737639162553721395E+01    0.664614196357483820E+03
    0.914625479571949618E+00    0.291604303118691405E+03   -0.276245189755843068E+01   -0.451816005287096001E+01   -0.232675169895257206E+01   -0.935517267614522119E+01   -0.965340227646595395E+01   -0.510526950546866054E+01   -0.573352108190624410E+01    0.664670912265990864E+03
    0.914625479571949618E+00    0.291604303118691405E+03   -0.276245189755843068E+01   -0.451816005287096001E+01   -0.232675169895257206E+01   -0.935517267614522119E+01   -0.965340227646595395E+01   -0.510526950546866054E+01   -0.573352108190624410E+01    0.664670912265990864E+03
    0.914625479571949618E+00    0.291604303118691405E+03   -0.276245189755843068E+01   -0.451816005287096001E+01   -0.232675169895257206E+01   -0.935517267614522119E+01   -0.965340227646595395E+01   -0.510526950546866054E+01   -0.573352108190624410E+01    0.664670912265990864E+03
    0.914890453659754410E+00    0.281942852664020961E+03   -0.276793955069656317E+01   -0.592826133357082874E+01   -0.175750353144062998E+01   -0.824072620540954048E+01   -0.984467872720869330E+01   -0.501172414164459212E+01   -0.605894002186710701E+01    0.663934261910201258E+03
    0.914547100919780309E+00    0.209791620126397902E+03   -0.197469466510958647E+01   -0.558084890357500818E+01   -0.137164862491678008E+01   -0.843963441866133657E+01   -0.772282600697609123E+01   -0.264649943370819773E+01   -0.415894060368158325E+01    0.663635559262484662E+03
    0.913828772727729999E+00    0.228850862533576361E+03   -0.152191294319363557E+01   -0.418459109720424749E+01   -0.175154397596826783E+01   -0.748381522232168983E+01   -0.849991796193919846E+01   -0.522041775813008613E+01   -0.448780716297239746E+01    0.663423530652674344E+03
    0.915283280973500757E+00    0.227334909979992659E+03   -0.287213339360160891E+01   -0.697939970009631594E+01   -0.128030107856737629E+01   -0.802011011222263903E+01   -0.964030647558106502E+01   -0.594143876599828413E+01   -0.470682470514806450E+01    0.664144667875949494E+03
    0.914294931861991289E+00    0.244280429294130926E+03   -0.227906055924530548E+01   -0.590662870486264246E+01   -0.199145499481349830E+01   -0.618627310035158295E+01   -0.888651109933022099E+01   -0.646063041916339031E+01   -0.523692051518283463E+01    0.663836627879008461E+03
    0.914785437092717979E+00    0.263836436462179677E+03   -0.259111858671798778E+01   -0.301639032005992203E+01   -0.302503555790835588E+01   -0.771349883432051708E+01   -0.960768218977478128E+01   -0.433995875066869008E+01   -0.562699627451786988E+01    0.664247038888522752E+03
    0.914785437092717979E+00    0.263836436462179677E+03   -0.259111858671798778E+01   -0.301639032005992203E+01   -0.302503555790835588E+01   -0.771349883432051708E+01   -0.960768218977478128E+01   -0.433995875066869008E+01   -0.562699627451786988E+01    0.664247038888522752E+03
    0.914947601888806084E+00    0.248622437817153582E+03   -0.188664658109412464E+01   -0.151140696971555144E+01   -0.120339411809619534E+01   -0.781060901514465655E+01   -0.917381283084915999E+01   -0.816958453620227054E+01   -0.538764491366299580E+01    0.663243827084576424E+03
    0.917042358526494850E+00    0.217154579297981059E+03   -0.445237534671821411E+01   -0.251442514217618296E+01   -0.209637995148018952E+01   -0.826651211193526869E+01   -0.954246536023220138E+01   -0.656094427390255586E+01   -0.655578576019837556E+01    0.664183005406418829E+03
    0.917042358526494850E+00    0.217154579297981059E+03   -0.445237534671821411E+01   -0.251442514217618296E+01   -0.209637995148018952E+01   -0.826651211193526869E+01   -0.954246536023220138E+01   -0.656094427390255586E+01   -0.655578576019837556E+01    0.664183005406418829E+03
    0.915841963927736202E+00    0.229073778643115133E+03   -0.488324461138871779E+01   -0.250413227833435759E+01   -0.139381457181925761E+01   -0.569860770233341540E+01   -0.893518041666783347E+01   -0.417949930289086247E+01   -0.536656100584354157E+01    0.663851334197356550E+03
    0.913421758208015966E+00    0.260638551980185923E+03   -0.110058674823150682E+01   -0.375393228397301737E+01   -0.207972243311688043E+01   -0.942643817103519410E+01   -0.990952646605947507E+01   -0.644296071041585616E+01   -0.450934360972625647E+01    0.663164508740498945E+03
    0.916060244627604936E+00    0.237013313269940710E+03   -0.280699735643170456E+01   -0.265710128365114073E+01   -0.155343070775918335E+01   -0.582403301464678957E+01   -0.937655728414953060E+01   -0.610251813956652711E+01   -0.466632421551732435E+01    0.663333306624269881E+03
    0.915926458467826610E+00    0.255315249198456513E+03   -0.580054185451821169E+01   -0.603502585198119146E+01   -0.178297063829965907E+01   -0.336673517415197399E+01   -0.873235443537617506E+01   -0.683842796020782195E+01   -0.984826745459935893E+01    0.663319332825049969E+03
    0.922193648527601773E+00    0.212236125093616124E+03   -0.615329253967928569E+01   -0.592883931378778151E+01   -0.396599853454098739E+01   -0.347434809986162740E+01   -0.928041863184792604E+01   -0.624441114144035847E+01   -0.935924647823657807E+01    0.663891394336905591E+03
    0.916888499486469000E+00    0.295081038049019526E+03   -0.650439020329793216E+01   -0.666856679517167272E+01   -0.275234189887073732E+01   -0.157222585476654508E+01   -0.898588141743533164E+01   -0.524580464520923861E+01   -0.754964567316886370E+01    0.663510090081227077E+03
    0.918456044756846390E+00    0.230624268626717452E+03   -0.436506924242607930E+01   -0.709462274930281467E+01   -0.563910001289273755E+01   -0.131728169594352096E+01   -0.908644606887627937E+01   -0.508887850839808120E+01   -0.843119886643601291E+01    0.663323828741809507E+03
    0.919200960152769975E+00    0.245537273409342248E+03   -0.687216495381752601E+01   -0.681265795938098861E+01   -0.305163616864467535E+01   -0.240367441792751002E+01   -0.965819919713133501E+01   -0.495702494932073900E+01   -0.899407721851637731E+01    0.663895149247334643E+03
    0.919400800030250709E+00    0.243927643200901457E+03   -0.649933866003286909E+01   -0.774904282974489078E+01   -0.329613374804413795E+01   -0.363118967548430671E+01   -0.965810788226963801E+01   -0.449607393759873020E+01   -0.743329553915545116E+01    0.663187968593854634E+03
    0.920153342343660086E+00    0.246741104752060608E+03   -0.546967481284363899E+01   -0.611484189777854770E+01   -0.544287514927834248E+01   -0.127032230236407884E+01   -0.829019592748759848E+01   -0.452532290261602022E+01   -0.994519118521332324E+01    0.663217965511672446E+03
    0.916139242553295263E+00    0.237443315962231736E+03   -0.416849684417968636E+01   -0.489746205298432713E+01   -0.156109918997209007E+01   -0.146631861333310098E+01   -0.958213960009921983E+01   -0.718699241847568260E+01   -0.920264150425768079E+01    0.664468950194358513E+03
    0.916139242553295263E+00    0.237443315962231736E+03   -0.416849684417968636E+01   -0.489746205298432713E+01   -0.156109918997209007E+01   -0.146631861333310098E+01   -0.958213960009921983E+01   -0.718699241847568260E+01   -0.920264150425768079E+01    0.664468950194358513E+03
    0.918223556250988615E+00    0.324569998049972639E+03   -0.608370115482516916E+01   -0.556803210570012563E+01   -0.324439477878286020E+01   -0.246511113492852285E+01   -0.900167139888790580E+01   -0.583392235853872876E+01   -0.948110312614500650E+01    0.663725443212933442E+03
    0.918256780155558672E+00    0.242279861188691797E+03   -0.652137666449364595E+01   -0.656093752975697697E+01   -0.244704516676774908E+01   -0.402505363167250074E+01   -0.909934931055386542E+01   -0.565762882723080995E+01   -0.721137605994766595E+01    0.663523325724079086E+03
    0.918922633254962706E+00    0.209089768248888561E+03   -0.395259820923132388E+01   -0.599976507838207240E+01   -0.434095206627419383E+01   -0.430672597062530116E+01   -0.997564550695877372E+01   -0.405422120110904682E+01   -0.879699008478349675E+01    0.664238475585062019E+03
    0.918603465449639112E+00    0.304297471203676366E+03   -0.414399621176819899E+01   -0.503430122989714590E+01   -0.391512027490584114E+01   -0.259594548563549221E+01   -0.894335472515896690E+01   -0.544875168930992437E+01   -0.812031779474935966E+01    0.663606825228278012E+03
    0.919095761885565743E+00    0.323493247473947804E+03   -0.709380219143561597E+01   -0.534584039421934776E+01   -0.382327907436236281E+01   -0.478972974463685652E+01   -0.948845315130533073E+01   -0.801343082431036002E+01   -0.890970287627623314E+01    0.663738971355006697E+03
    0.920284561365259379E+00    0.234241514810657662E+03   -0.563658440870841737E+01   -0.664677920808279055E+01   -0.334236143779118855E+01   -0.524752549429841686E+01   -0.933043487570487606E+01   -0.816977196934721306E+01   -0.738367147806302526E+01    0.664165882415459123E+03
    0.920847927164958446E+00    0.242931642181895000E+03   -0.522331536590904388E+01   -0.563985825767771942E+01   -0.588963259740404776E+01   -0.351261442816857450E+01   -0.836511316343246847E+01   -0.660056250508617648E+01   -0.868180590799285312E+01    0.663207884849439210E+03
    0.921028872116597341E+00    0.296989902937964303E+03   -0.670998065712722891E+01   -0.554254562396280193E+01   -0.461576840041897274E+01   -0.382766061862592366E+01   -0.986902589053224943E+01   -0.815541047886507187E+01   -0.803933587740533362E+01    0.664422639916008393E+03
    0.921028872116597341E+00    0.296989902937964303E+03   -0.670998065712722891E+01   -0.554254562396280193E+01   -0.461576840041897274E+01   -0.382766061862592366E+01   -0.986902589053224943E+01   -0.815541047886507187E+01   -0.803933587740533362E+01    0.664422639916008393E+03
    0.918501403635121116E+00    0.238042431225933115E+03   -0.617502767471041114E+01   -0.352493591026278530E+01   -0.203962296431975698E+01   -0.102496009772932162E+01   -0.895835332943741491E+01   -0.945631081118834516E+01   -0.795237610906663406E+01    0.664009805789056486E+03
    0.919983464716516819E+00    0.255958313004378965E+03   -0.538609031312237985E+01   -0.270371878140199939E+01   -0.383332737218520414E+01   -0.419504895520176468E+01   -0.955875820853432501E+01   -0.918237812701316081E+01   -0.912222997237366329E+01    0.663341313296040312E+03
    0.917393793012843961E+00    0.264771282537213722E+03   -0.491581479258368947E+01   -0.322548094265063501E+01   -0.329528138405124515E+01   -0.413424256454222316E+01   -0.974077883090184393E+01   -0.937366860035314353E+01   -0.837516506994138155E+01    0.664497329554741668E+03
    0.917393793012843961E+00    0.264771282537213722E+03   -0.491581479258368947E+01   -0.322548094265063501E+01   -0.329528138405124515E+01   -0.413424256454222316E+01   -0.974077883090184393E+01   -0.937366860035314353E+01   -0.837516506994138155E+01    0.664497329554741668E+03
    0.918545347781063892E+00    0.341279787484568942E+03   -0.560750808775165233E+01   -0.490996287621685745E+01   -0.391426026138955230E+01   -0.541227214879132656E+01   -0.827417179515750334E+01   -0.789888776407101290E+01   -0.739054450963791432E+01    0.663939997920020573E+03
    0.919860600610153289E+00    0.325602199505100828E+03   -0.552020503649352090E+01   -0.532575538681946981E+01   -0.519524268190882577E+01   -0.464521103307840821E+01   -0.986758955481120204E+01   -0.884242115571714926E+01   -0.751943034671403865E+01    0.664505411318780602E+03
    0.919860600610153289E+00    0.325602199505100828E+03   -0.552020503649352090E+01   -0.532575538681946981E+01   -0.519524268190882577E+01   -0.464521103307840821E+01   -0.986758955481120204E+01   -0.884242115571714926E+01   -0.751943034671403865E+01    0.664505411318780602E+03
    0.916929935037052557E+00    0.385386801564880841E+03   -0.634022912828784158E+01   -0.418933611785642501E+01   -0.395658418025601222E+01   -0.388943210098805903E+01   -0.887618778028493693E+01   -0.497475436986556296E+01   -0.977253991128699617E+01    0.663277449255380361E+03
    0.920591201959192418E+00    0.205668358880070002E+03   -0.917442996302938241E+01   -0.406785505350464316E+01   -0.312480923767487528E+01   -0.220272003194274113E+01   -0.889133124087632254E+01   -0.947905227419609098E+01   -0.896486240895911024E+01    0.663428158944002121E+03
    0.921427452116262424E+00    0.217552705275371295E+03   -0.613187549089098116E+01   -0.467639710595503111E+01   -0.442877020635141250E+01   -0.124451064150411739E+01   -0.860817743231241828E+01   -0.894594408817870068E+01   -0.793260831431633040E+01    0.663775252456267708E+03
    0.919525439575645143E+00    0.234618288755494348E+03   -0.744833518084539925E+01   -0.517252748735110668E+01   -0.306816976673810071E+01   -0.167800014757051663E+01   -0.909798158907637067E+01   -0.798452695632404907E+01   -0.798734391921009923E+01    0.663242286903066315E+03
    0.921037437608819176E+00    0.260366675803228134E+03   -0.672192512107040585E+01   -0.487124430589329904E+01   -0.450698273346459821E+01   -0.323596866277235762E+01   -0.974040616021922645E+01   -0.738671203420403089E+01   -0.730159965133052147E+01    0.663603721027991696E+03
    0.916350580650757585E+00    0.360718931112065263E+03   -0.612351657774850366E+01   -0.438941533395466621E+01   -0.320481849436731103E+01   -0.301635897189683977E+01   -0.923253344410365351E+01   -0.889129811063924080E+01   -0.715313717877195643E+01    0.663432243822679766E+03
    0.918817256926583337E+00    0.215304708484194066E+03   -0.354276917088862753E+01   -0.664530983776547846E+01   -0.315135811360960538E+01   -0.463303207393080996E+01   -0.828668865823498813E+01   -0.418568656219035162E+01   -0.861637556622373246E+01    0.663748054391032497E+03
    0.914081342387372153E+00    0.293266783673450391E+03   -0.264997676494331813E+01   -0.689244065463298305E+01   -0.234267318467258434E+01   -0.166188593632047166E+01   -0.802094088234809810E+01   -0.561784602566446978E+01   -0.515240313833673458E+01    0.664378272785252079E+03
    0.915049747995124618E+00    0.226153213128783477E+03   -0.242231939220172166E+01   -0.828140565781221660E+01   -0.126510244634099678E+01   -0.137329500718995767E+01   -0.843715358773171431E+01   -0.571895191574139439E+01   -0.497036309895926376E+01    0.664369748597508988E+03
    0.915049747995124618E+00    0.226153213128783477E+03   -0.242231939220172166E+01   -0.828140565781221660E+01   -0.126510244634099678E+01   -0.137329500718995767E+01   -0.843715358773171431E+01   -0.571895191574139439E+01   -0.497036309895926376E+01    0.664369748597508988E+03
    0.915905433111752543E+00    0.285629813729664932E+03   -0.308431731060088232E+01   -0.428046595340834646E+01   -0.221999671403464305E+01   -0.298749372466473329E+01   -0.981088425147263088E+01   -0.547245325669383309E+01   -0.657249355732903062E+01    0.663649544632875063E+03
    0.915940643911356100E+00    0.293614434345453446E+03   -0.488257308212421393E+01   -0.368644551897406192E+01   -0.248392927944489994E+01   -0.338504041355249718E+01   -0.984125881213154408E+01   -0.474295926688068015E+01   -0.731567615286840223E+01    0.664680447624244493E+03
    0.915940643911356100E+00    0.293614434345453446E+03   -0.488257308212421393E+01   -0.368644551897406192E+01   -0.248392927944489994E+01   -0.338504041355249718E+01   -0.984125881213154408E+01   -0.474295926688068015E+01   -0.731567615286840223E+01    0.664680447624244493E+03
    0.913088969529742389E+00    0.305182099589247514E+03   -0.275054977238429288E+01   -0.435634489434034577E+01   -0.172746513157083825E+01   -0.339138664199606321E+01   -0.999179773043127462E+01   -0.275711204627187545E+01   -0.855743588411103850E+01    0.663859852242108900E+03
    0.915246261087176660E+00    0.260365369240083339E+03   -0.241037249446521784E+01   -0.450204002670861048E+01   -0.208973096311879569E+01   -0.468337067105560045E+01   -0.992762597877828590E+01   -0.463455441517930034E+01   -0.817957734834783423E+01    0.664941149409141644E+03
    0.915246261087176660E+00    0.260365369240083339E+03   -0.241037249446521784E+01   -0.450204002670861048E+01   -0.208973096311879569E+01   -0.468337067105560045E+01   -0.992762597877828590E+01   -0.463455441517930034E+01   -0.817957734834783423E+01    0.664941149409141644E+03
    0.915246261087176660E+00    0.260365369240083339E+03   -0.241037249446521784E+01   -0.450204002670861048E+01   -0.208973096311879569E+01   -0.468337067105560045E+01   -0.992762597877828590E+01   -0.463455441517930034E+01   -0.817957734834783423E+01    0.664941149409141644E+03
    0.915246261087176660E+00    0.260365369240083339E+03   -0.241037249446521784E+01   -0.450204002670861048E+01   -0.208973096311879569E+01   -0.468337067105560045E+01   -0.992762597877828590E+01   -0.463455441517930034E+01   -0.817957734834783423E+01    0.664941149409141644E+03
    0.915602376184069255E+00    0.310463696414996605E+03   -0.498554068929068350E+01   -0.668626688705306904E+01   -0.279941381011648627E+01   -0.106868108663539374E+01   -0.954865690950982682E+01   -0.489309249027833371E+01   -0.528305177361821077E+01    0.663567759317200398E+03
    0.918788549501899143E+00    0.204336602696562778E+03   -0.298773312679242764E+01   -0.638345888894247082E+01   -0.314413436146517267E+01   -0.121900895676581200E+01   -0.933619113779100296E+01   -0.449147687464491430E+01   -0.850732189286645202E+01    0.663966627699733976E+03
    0.918788549501899143E+00    0.204336602696562778E+03   -0.298773312679242764E+01   -0.638345888894247082E+01   -0.314413436146517267E+01   -0.121900895676581200E+01   -0.933619113779100296E+01   -0.449147687464491430E+01   -0.850732189286645202E+01    0.663966627699733976E+03
    0.918035716683594849E+00    0.218957953218977650E+03   -0.375674971290170401E+01   -0.538567401730106177E+01   -0.379431140869378858E+01   -0.192145404918899843E+01   -0.974097444942701429E+01   -0.477470093316694122E+01   -0.677344259716103370E+01    0.664183814745728910E+03
    0.918778592767838131E+00    0.202284520874365853E+03   -0.488692189411806943E+01   -0.457890276835509713E+01   -0.260988492617073131E+01   -0.274740026603657839E+01   -0.900637281242055465E+01   -0.492621756315776604E+01   -0.665929574949573500E+01    0.664225059952689094E+03
    0.916833831802881583E+00    0.205050111020985469E+03   -0.470071137759362845E+01   -0.548006308660752062E+01   -0.150781584446065509E+01   -0.157791695715966185E+01   -0.956665087576055306E+01   -0.509053350926899206E+01   -0.719389584373870239E+01    0.663784814121165482E+03
    0.918779979815248726E+00    0.239808637734975491E+03   -0.433950328032578536E+01   -0.743265667443710143E+01   -0.270562388385414820E+01   -0.339777059847259899E+01   -0.851316791393171002E+01   -0.424889560249941312E+01   -0.746213931466013669E+01    0.663315298173119572E+03
    0.915461411079269038E+00    0.225778702994955268E+03   -0.203633964930617850E+01   -0.299033056504703332E+01   -0.316933636523794515E+01   -0.262841450503748320E+01   -0.992991976475738447E+01   -0.422122424589037948E+01   -0.622828947597020388E+01    0.663649537431121530E+03
    0.913697675169890977E+00    0.260430112608550871E+03   -0.256654614738962028E+01   -0.439488872697686173E+01   -0.226261391618208751E+01   -0.362644603538614518E+01   -0.838708061603779598E+01   -0.455555388685993634E+01   -0.541295533968380038E+01    0.663739978893883404E+03
    0.915378824520377665E+00    0.229691713932571247E+03   -0.479329357254631638E+01   -0.651378104893089827E+01   -0.128715753602639360E+01   -0.418397284131983316E+01   -0.811719316329461194E+01   -0.427162874205391585E+01   -0.497468667728274028E+01    0.663199388849499314E+03
    0.917119109786878939E+00    0.201413586695344605E+03   -0.450162333047793517E+01   -0.696908996620330523E+01   -0.204966012494548000E+01   -0.323129022390170118E+01   -0.836939765765033172E+01   -0.379034714984562804E+01   -0.795952091880211210E+01    0.663428015609517956E+03
    0.917527575882873148E+00    0.255779521523358341E+03   -0.393912499996841703E+01   -0.565258642330156746E+01   -0.275783186472949815E+01   -0.382378644630408004E+01   -0.810838672571617458E+01   -0.426168502224992274E+01   -0.864710607863735881E+01    0.664288760186987361E+03
    0.917527575882873148E+00    0.255779521523358341E+03   -0.393912499996841703E+01   -0.565258642330156746E+01   -0.275783186472949815E+01   -0.382378644630408004E+01   -0.810838672571617458E+01   -0.426168502224992274E+01   -0.864710607863735881E+01    0.664288760186987361E+03
    0.916410669195369620E+00    0.277353259719097650E+03   -0.578564098307668839E+01   -0.297947689542802596E+01   -0.251861226750887557E+01   -0.316391837179175273E+01   -0.812083412877916722E+01   -0.412123983949592532E+01   -0.679780591909780973E+01    0.663651752311432801E+03
    0.917302187046976192E+00    0.210461805165834647E+03   -0.369938741125434678E+01   -0.243755020189814609E+01   -0.175725538948309001E+01   -0.404941336476453539E+01   -0.648065135694860395E+01   -0.541749747733260811E+01   -0.700335607023750573E+01    0.663597942548795572E+03
    0.916618019043504040E+00    0.282661380583350024E+03   -0.399084059585348960E+01   -0.397169718804974003E+01   -0.319837806945762448E+01   -0.132649141651962310E+01   -0.735113169598841054E+01   -0.505536087908241782E+01   -0.762604538502121798E+01    0.664542440046416573E+03
    0.916618019043504040E+00    0.282661380583350024E+03   -0.399084059585348960E+01   -0.397169718804974003E+01   -0.319837806945762448E+01   -0.132649141651962310E+01   -0.735113169598841054E+01   -0.505536087908241782E+01   -0.762604538502121798E+01    0.664542440046416573E+03
    0.914673464582512752E+00    0.245659649029874032E+03   -0.233376905212468522E+01   -0.385447798426527122E+01   -0.274865470270422296E+01   -0.308419196626722592E+01   -0.762682795895059495E+01   -0.465747397702455856E+01   -0.763636989754023965E+01    0.663809102983530465E+03
    0.914186719526739022E+00    0.251405703878579004E+03   -0.301002999152958672E+01   -0.384429008573549424E+01   -0.145806657935814421E+01   -0.130635372277772532E+01   -0.665449370639489413E+01   -0.199777252362100555E+01   -0.872751253050936349E+01    0.663474141617490545E+03
    0.916575944862396574E+00    0.237458410658063769E+03   -0.663510880353754207E+01   -0.247030856213520700E+01   -0.168608886391333712E+01   -0.259589325357884437E+01   -0.714607226564450393E+01   -0.429211479645594896E+01   -0.710231653327750667E+01    0.663234520450258970E+03
    0.915044475767714860E+00    0.277820797934163181E+03   -0.390137304371419980E+01   -0.355944502364224835E+01   -0.282142982726294722E+01   -0.191225699322543363E+01   -0.859528548562277983E+01   -0.467625330077102497E+01   -0.625639980647136795E+01    0.664266595523610476E+03
    0.915044475767714860E+00    0.277820797934163181E+03   -0.390137304371419980E+01   -0.355944502364224835E+01   -0.282142982726294722E+01   -0.191225699322543363E+01   -0.859528548562277983E+01   -0.467625330077102497E+01   -0.625639980647136795E+01    0.664266595523610476E+03
    0.914643348133447831E+00    0.242682953287586628E+03   -0.242144092708572600E+01   -0.534687625004767764E+01   -0.256161667812573768E+01   -0.285896833450553522E+01   -0.752979635197759123E+01   -0.383698475715218912E+01   -0.754018840081833552E+01    0.663774935650744965E+03
    0.915081336942053181E+00    0.219136152830604260E+03   -0.168385491385980757E+01   -0.393143628037005488E+01   -0.159774072012089263E+01   -0.387563494316253276E+01   -0.629522919104292722E+01   -0.456122438243141914E+01   -0.629784074241040059E+01    0.663873603185531465E+03
    0.917417048897216092E+00    0.221962440714560586E+03   -0.286977843354913542E+01   -0.350042327770354955E+01   -0.400635160489509801E+01   -0.326618425902325793E+01   -0.824204188337812482E+01   -0.421004500314839536E+01   -0.808866077954317220E+01    0.663794123004720745E+03
    0.917417048897216092E+00    0.221962440714560586E+03   -0.286977843354913542E+01   -0.350042327770354955E+01   -0.400635160489509801E+01   -0.326618425902325793E+01   -0.824204188337812482E+01   -0.421004500314839536E+01   -0.808866077954317220E+01    0.663794123004720745E+03
    0.917758145743318043E+00    0.217651099017229654E+03   -0.481444629583646222E+01   -0.369311032961543262E+01   -0.212745778608515934E+01   -0.318355088784832674E+01   -0.771293483717151496E+01   -0.539578165751446104E+01   -0.983842873097221471E+01    0.664308755747368423E+03
    0.917758145743318043E+00    0.217651099017229654E+03   -0.481444629583646222E+01   -0.369311032961543262E+01   -0.212745778608515934E+01   -0.318355088784832674E+01   -0.771293483717151496E+01   -0.539578165751446104E+01   -0.983842873097221471E+01    0.664308755747368423E+03
    0.918731485899738964E+00    0.255876868326520480E+03   -0.402967326211799826E+01   -0.377865169138172163E+01   -0.316969980500701176E+01   -0.108570678557609845E+01   -0.839630228914917964E+01   -0.747074320859433794E+01   -0.844146295721306217E+01    0.663976388929130280E+03
    0.913320804153576415E+00    0.325004621622870218E+03   -0.415122724277138389E+01   -0.340906625610428815E+01   -0.185624101458282986E+01   -0.193006077201694914E+01   -0.944048697261939651E+01   -0.525370750985728208E+01   -0.871776003035711611E+01    0.664079635946986400E+03
    0.913516111119051955E+00    0.357496935577494526E+03   -0.474598021769182221E+01   -0.296399867442374809E+01   -0.240248523258219393E+01   -0.381554755676745394E+01   -0.982762714963918071E+01   -0.587126984988277290E+01   -0.907685528779723150E+01    0.664087578939886953E+03
    0.914237079387416718E+00    0.295349529412783852E+03   -0.333250271342914939E+01   -0.450373692953891869E+01   -0.217364068698539459E+01   -0.216246360601437271E+01   -0.937891614695547737E+01   -0.721011343290641449E+01   -0.892059111297833418E+01    0.664936648382156932E+03
    0.914237079387416718E+00    0.295349529412783852E+03   -0.333250271342914939E+01   -0.450373692953891869E+01   -0.217364068698539459E+01   -0.216246360601437271E+01   -0.937891614695547737E+01   -0.721011343290641449E+01   -0.892059111297833418E+01    0.664936648382156932E+03
    0.914237079387416718E+00    0.295349529412783852E+03   -0.333250271342914939E+01   -0.450373692953891869E+01   -0.217364068698539459E+01   -0.216246360601437271E+01   -0.937891614695547737E+01   -0.721011343290641449E+01   -0.892059111297833418E+01    0.664936648382156932E+03
    0.913831029221804481E+00    0.272360499877836276E+03   -0.427200619714082830E+01   -0.269876354184623857E+01   -0.109541730948552818E+01   -0.118999190074772265E+01   -0.923210135652937858E+01   -0.274087126245615043E+01   -0.772508456232451657E+01    0.663624152656278056E+03
    0.915272039677659355E+00    0.265105471367998803E+03   -0.439940548294411204E+01   -0.368786021357974736E+01   -0.225455704314173744E+01   -0.190403396597863761E+01   -0.886797082439782081E+01   -0.345930725545398055E+01   -0.727014428336966390E+01    0.664140303480240846E+03
    0.915272039677659355E+00    0.265105471367998803E+03   -0.439940548294411204E+01   -0.368786021357974736E+01   -0.225455704314173744E+01   -0.190403396597863761E+01   -0.886797082439782081E+01   -0.345930725545398055E+01   -0.727014428336966390E+01    0.664140303480240846E+03
    0.916644454395097452E+00    0.301636959066051418E+03   -0.467605427864623202E+01   -0.235235411026053498E+01   -0.291136202903444996E+01   -0.203032302073406878E+01   -0.894564665889936528E+01   -0.474600095197257588E+01   -0.701554693168958377E+01    0.663962876058353686E+03
    0.915031142199754011E+00    0.240151978424951380E+03   -0.208341577581778203E+01   -0.320437177873267487E+01   -0.166621943223683999E+01   -0.390631649985058349E+01   -0.870895105413747039E+01   -0.424476439766093883E+01   -0.876645588382399055E+01    0.665067571915621102E+03
    0.915031142199754011E+00    0.240151978424951380E+03   -0.208341577581778203E+01   -0.320437177873267487E+01   -0.166621943223683999E+01   -0.390631649985058349E+01   -0.870895105413747039E+01   -0.424476439766093883E+01   -0.876645588382399055E+01    0.665067571915621102E+03
    0.915031142199754011E+00    0.240151978424951380E+03   -0.208341577581778203E+01   -0.320437177873267487E+01   -0.166621943223683999E+01   -0.390631649985058349E+01   -0.870895105413747039E+01   -0.424476439766093883E+01   -0.876645588382399055E+01    0.665067571915621102E+03
    0.915031142199754011E+00    0.240151978424951380E+03   -0.208341577581778203E+01   -0.320437177873267487E+01   -0.166621943223683999E+01   -0.390631649985058349E+01   -0.870895105413747039E+01   -0.424476439766093883E+01   -0.876645588382399055E+01    0.665067571915621102E+03
    0.915840375259498130E+00    0.271682317418638434E+03   -0.363630178283014427E+01   -0.377631829228300298E+01   -0.351855023384171606E+01   -0.265818834315775376E+01   -0.835941630470891539E+01   -0.266408706761114455E+01   -0.959053147228108749E+01    0.663245709588283830E+03
    0.913692972512145429E+00    0.271074768547257634E+03   -0.165047310178905526E+01   -0.105767547599483791E+01   -0.172166767596753090E+01   -0.181704495842745573E+01   -0.635696004599697773E+01   -0.784660453267473912E+01   -0.984372770292465837E+01    0.664015294354273124E+03
    0.913692972512145429E+00    0.271074768547257634E+03   -0.165047310178905526E+01   -0.105767547599483791E+01   -0.172166767596753090E+01   -0.181704495842745573E+01   -0.635696004599697773E+01   -0.784660453267473912E+01   -0.984372770292465837E+01    0.664015294354273124E+03
    0.914267276559476816E+00    0.304784446087850938E+03   -0.240100405646284365E+01   -0.326776642479056889E+01   -0.288992618186654582E+01   -0.493315193541436248E+01   -0.789434044294488313E+01   -0.654033295000589021E+01   -0.800649358130100453E+01    0.664480994014553744E+03
    0.914267276559476816E+00    0.304784446087850938E+03   -0.240100405646284365E+01   -0.326776642479056889E+01   -0.288992618186654582E+01   -0.493315193541436248E+01   -0.789434044294488313E+01   -0.654033295000589021E+01   -0.800649358130100453E+01    0.664480994014553744E+03
    0.914130700633474347E+00    0.314858504090242548E+03   -0.285469272769226823E+01   -0.442134685477695299E+01   -0.267287340292752695E+01   -0.273020424258926298E+01   -0.789441576999916350E+01   -0.690995841794996757E+01   -0.757436009767448937E+01    0.664893627535807695E+03
    0.914130700633474347E+00    0.314858504090242548E+03   -0.285469272769226823E+01   -0.442134685477695299E+01   -0.267287340292752695E+01   -0.273020424258926298E+01   -0.789441576999916350E+01   -0.690995841794996757E+01   -0.757436009767448937E+01    0.664893627535807695E+03
    0.914130700633474347E+00    0.314858504090242548E+03   -0.285469272769226823E+01   -0.442134685477695299E+01   -0.267287340292752695E+01   -0.273020424258926298E+01   -0.789441576999916350E+01   -0.690995841794996757E+01   -0.757436009767448937E+01    0.664893627535807695E+03
    0.914130700633474347E+00    0.314858504090242548E+03   -0.285469272769226823E+01   -0.442134685477695299E+01   -0.267287340292752695E+01   -0.273020424258926298E+01   -0.789441576999916350E+01   -0.690995841794996757E+01   -0.757436009767448937E+01    0.664893627535807695E+03
    0.914512783283544906E+00    0.327858442056313947E+03   -0.455755950928542486E+01   -0.135070979086702714E+01   -0.272161383676013635E+01   -0.132156156239206801E+01   -0.773567563454618057E+01   -0.647821469205924494E+01   -0.842856458923432328E+01    0.663284700197574239E+03
    0.915649723472213517E+00    0.321295884163172900E+03   -0.414236582295133537E+01   -0.319088883651129684E+01   -0.391970131570082714E+01   -0.344569615689875963E+01   -0.701108665560974753E+01   -0.667383770437794777E+01   -0.852522001841961696E+01    0.663331064867782288E+03
    0.916750631446808018E+00    0.332147799432256079E+03   -0.527867041107053936E+01   -0.410125304712268868E+01   -0.405354291261019561E+01   -0.424742091190070958E+01   -0.937063669006158406E+01   -0.678113115620659457E+01   -0.865324043488208439E+01    0.664064593696513384E+03
    0.916750631446808018E+00    0.332147799432256079E+03   -0.527867041107053936E+01   -0.410125304712268868E+01   -0.405354291261019561E+01   -0.424742091190070958E+01   -0.937063669006158406E+01   -0.678113115620659457E+01   -0.865324043488208439E+01    0.664064593696513384E+03
    0.918137461996308635E+00    0.207374055881096382E+03   -0.485250788755843310E+01   -0.299695220854140398E+01   -0.136893215082349684E+01   -0.331691304376624174E+01   -0.834884864456751075E+01   -0.515721587553758631E+01   -0.911993429569431591E+01    0.664147614384932240E+03
    0.915827064391728229E+00    0.286349273588763651E+03   -0.411151448172336664E+01   -0.840936437396052661E+01   -0.388982116213384721E+01   -0.504212079965742710E+01   -0.769193069669665075E+01   -0.440327860061469245E+01   -0.921457099395101054E+01    0.663461497348334206E+03
    0.918150942141045978E+00    0.280170635648990981E+03   -0.435132480623962259E+01   -0.933952083374831687E+01   -0.388227928965202373E+01   -0.533736105681390782E+01   -0.764397076662947583E+01   -0.613132634508667440E+01   -0.769466207136522051E+01    0.664119458442076734E+03
    0.916654245825841318E+00    0.248944576387260724E+03   -0.346465114980624822E+01   -0.903620078413314332E+01   -0.474360415746827346E+01   -0.415633910582367339E+01   -0.838592692533173256E+01   -0.349116302054997352E+01   -0.925554265693161149E+01    0.663299030414192544E+03
    0.915070149837193481E+00    0.306931479795035216E+03   -0.243719102225851181E+01   -0.775724920797698125E+01   -0.363752097372652727E+01   -0.422734523536460216E+01   -0.939849531922822123E+01   -0.362752218599093368E+01   -0.893276446505237054E+01    0.663446341282814956E+03
    0.914063325765221535E+00    0.298561178114546806E+03   -0.283388411793109718E+01   -0.909602479437696054E+01   -0.421335823369465601E+01   -0.468226028721869358E+01   -0.893399947270261130E+01   -0.402242877284605260E+01   -0.902574190366715712E+01    0.663513197298267187E+03
    0.912285396288360917E+00    0.363313840241785215E+03   -0.288172177703215748E+01   -0.859451999165106706E+01   -0.348664589103854983E+01   -0.558229410294771000E+01   -0.940622327695653837E+01   -0.497222964724017658E+01   -0.994466568851679789E+01    0.664454375884054798E+03
    0.912285396288360917E+00    0.363313840241785215E+03   -0.288172177703215748E+01   -0.859451999165106706E+01   -0.348664589103854983E+01   -0.558229410294771000E+01   -0.940622327695653837E+01   -0.497222964724017658E+01   -0.994466568851679789E+01    0.664454375884054798E+03
    0.917258229836065753E+00    0.228344454920392963E+03   -0.363776985266761788E+01   -0.822045802442045037E+01   -0.260579951813198374E+01   -0.217322951731857295E+01   -0.993964652809295401E+01   -0.455659085567665656E+01   -0.805153551564273329E+01    0.665061606205701423E+03
    0.917258229836065753E+00    0.228344454920392963E+03   -0.363776985266761788E+01   -0.822045802442045037E+01   -0.260579951813198374E+01   -0.217322951731857295E+01   -0.993964652809295401E+01   -0.455659085567665656E+01   -0.805153551564273329E+01    0.665061606205701423E+03
    0.917258229836065753E+00    0.228344454920392963E+03   -0.363776985266761788E+01   -0.822045802442045037E+01   -0.260579951813198374E+01   -0.217322951731857295E+01   -0.993964652809295401E+01   -0.455659085567665656E+01   -0.805153551564273329E+01    0.665061606205701423E+03
    0.917258229836065753E+00    0.228344454920392963E+03   -0.363776985266761788E+01   -0.822045802442045037E+01   -0.260579951813198374E+01   -0.217322951731857295E+01   -0.993964652809295401E+01   -0.455659085567665656E+01   -0.805153551564273329E+01    0.665061606205701423E+03
    0.912512418140434933E+00    0.329816969717833331E+03   -0.229324056512365804E+01   -0.671809754791457614E+01   -0.180285206047177127E+01   -0.101959075332228899E+01   -0.867368656039677077E+01   -0.561123854383125842E+01   -0.771493491151160526E+01    0.663777716350389596E+03
    0.916411564919905608E+00    0.253768609353538722E+03   -0.242482188057857151E+01   -0.639147444096063566E+01   -0.308035442699600459E+01   -0.513907500911477388E+01   -0.742442822369738575E+01   -0.394207120306231928E+01   -0.997089178363404294E+01    0.663559684568716193E+03
    0.917375923014605132E+00    0.239797180967416807E+03   -0.256902347385590080E+01   -0.823679513635966742E+01   -0.322940546708563847E+01   -0.201868120616965907E+01   -0.849880865276813857E+01   -0.520194860591189823E+01   -0.849211871463051615E+01    0.663647142516147028E+03
    0.912753597117247795E+00    0.296172357725290283E+03   -0.288042190642429663E+01   -0.745621274817964430E+01   -0.125052395501461255E+01   -0.418571143449251615E+01   -0.836784019255206957E+01   -0.426932286737643718E+01   -0.996183468221465951E+01    0.664055232143896319E+03
    0.913680687075723919E+00    0.299748138810352600E+03   -0.303492072812535252E+01   -0.726979447294910308E+01   -0.227152447836999283E+01   -0.353410299766255509E+01   -0.685321491495996504E+01   -0.397085140058281905E+01   -0.933418782827823890E+01    0.664650931565429119E+03
    0.913680687075723919E+00    0.299748138810352600E+03   -0.303492072812535252E+01   -0.726979447294910308E+01   -0.227152447836999283E+01   -0.353410299766255509E+01   -0.685321491495996504E+01   -0.397085140058281905E+01   -0.933418782827823890E+01    0.664650931565429119E+03
    0.913680687075723919E+00    0.299748138810352600E+03   -0.303492072812535252E+01   -0.726979447294910308E+01   -0.227152447836999283E+01   -0.353410299766255509E+01   -0.685321491495996504E+01   -0.397085140058281905E+01   -0.933418782827823890E+01    0.664650931565429119E+03
    0.913910241172800397E+00    0.302336764878837982E+03   -0.427053073572109110E+01   -0.747528812828513978E+01   -0.190480226987703816E+01   -0.287168789291394155E+01   -0.995276073895145963E+01   -0.339411738316296674E+01   -0.927954351649820630E+01    0.664099087749189948E+03
    0.912876969646250869E+00    0.292710514529137413E+03   -0.200878847118520643E+01   -0.770159440475338819E+01   -0.249367159302988028E+01   -0.413211022190571775E+01   -0.741612239365658610E+01   -0.521149896215705688E+01   -0.680018145308508171E+01    0.664370772214548538E+03
    0.912876969646250869E+00    0.292710514529137413E+03   -0.200878847118520643E+01   -0.770159440475338819E+01   -0.249367159302988028E+01   -0.413211022190571775E+01   -0.741612239365658610E+01   -0.521149896215705688E+01   -0.680018145308508171E+01    0.664370772214548538E+03
    0.910111601711541818E+00    0.356411556442906885E+03   -0.247540866503328605E+01   -0.878069644164326135E+01   -0.182711286226212266E+01   -0.131183160897632689E+01   -0.933966282549087801E+01   -0.583497078788193324E+01   -0.811557853709651056E+01    0.664385039405619636E+03
    0.910111601711541818E+00    0.356411556442906885E+03   -0.247540866503328605E+01   -0.878069644164326135E+01   -0.182711286226212266E+01   -0.131183160897632689E+01   -0.933966282549087801E+01   -0.583497078788193324E+01   -0.811557853709651056E+01    0.664385039405619636E+03
    0.910424700398967279E+00    0.315919664122680558E+03   -0.228007347839822483E+01   -0.951439069041207475E+01   -0.205443550854342405E+01   -0.267539329872445553E+01   -0.897493214589290389E+01   -0.353846146990725341E+01   -0.914171753988355995E+01    0.663494102509426057E+03
    0.915607666148799959E+00    0.257958791401631231E+03   -0.436128880018268283E+01   -0.999340201437215114E+01   -0.243707965819984995E+01   -0.392636154423563877E+01   -0.937052824867077483E+01   -0.355037352658860872E+01   -0.980995496292276137E+01    0.663725223726011222E+03
    0.911271873974888402E+00    0.342477073190768806E+03   -0.288336433285882254E+01   -0.704946676065461197E+01   -0.189723332835580116E+01   -0.583448540263198456E+01   -0.961257556915939482E+01   -0.870875680445382727E+01   -0.690735441551052176E+01    0.664395937786984291E+03
    0.911271873974888402E+00    0.342477073190768806E+03   -0.288336433285882254E+01   -0.704946676065461197E+01   -0.189723332835580116E+01   -0.583448540263198456E+01   -0.961257556915939482E+01   -0.870875680445382727E+01   -0.690735441551052176E+01    0.664395937786984291E+03
    0.915789560507087153E+00    0.298433187795161473E+03   -0.427185008969372682E+01   -0.685846554407601960E+01   -0.229164533059769049E+01   -0.360363943098994266E+01   -0.933616998697437417E+01   -0.748738544774876047E+01   -0.722118750693544253E+01    0.664358055164087432E+03
    0.915789560507087153E+00    0.298433187795161473E+03   -0.427185008969372682E+01   -0.685846554407601960E+01   -0.229164533059769049E+01   -0.360363943098994266E+01   -0.933616998697437417E+01   -0.748738544774876047E+01   -0.722118750693544253E+01    0.664358055164087432E+03
    0.916150158875401743E+00    0.263643142167064582E+03   -0.367285541791295067E+01   -0.693206292466971874E+01   -0.270158796313229743E+01   -0.575331655797355701E+01   -0.943987110630672177E+01   -0.848573976326836821E+01   -0.999458290788109061E+01    0.664636118411759753E+03
    0.916150158875401743E+00    0.263643142167064582E+03   -0.367285541791295067E+01   -0.693206292466971874E+01   -0.270158796313229743E+01   -0.575331655797355701E+01   -0.943987110630672177E+01   -0.848573976326836821E+01   -0.999458290788109061E+01    0.664636118411759753E+03
    0.914853216956205140E+00    0.321374123529794417E+03   -0.428668634340099963E+01   -0.811442447525104882E+01   -0.267954596970157866E+01   -0.375755871026689636E+01   -0.906583990090741132E+01   -0.594934566602568360E+01   -0.566387546731569635E+01    0.664322161409626005E+03
    0.913691723191596417E+00    0.264921397498538056E+03   -0.138851331894026053E+01   -0.823470999964001216E+01   -0.208103729415938421E+01   -0.532403445021315314E+01   -0.833481395452716534E+01   -0.646577894874803683E+01   -0.813448303462920919E+01    0.664306844816121384E+03
    0.913691723191596417E+00    0.264921397498538056E+03   -0.138851331894026053E+01   -0.823470999964001216E+01   -0.208103729415938421E+01   -0.532403445021315314E+01   -0.833481395452716534E+01   -0.646577894874803683E+01   -0.813448303462920919E+01    0.664306844816121384E+03
    0.913483092007263076E+00    0.287061095760189801E+03   -0.265320071000298796E+01   -0.763868987001097199E+01   -0.143012698016543816E+01   -0.408457799920491293E+01   -0.889907923505304055E+01   -0.592336145467620589E+01   -0.700978091882493537E+01    0.664473986633619688E+03
    0.913483092007263076E+00    0.287061095760189801E+03   -0.265320071000298796E+01   -0.763868987001097199E+01   -0.143012698016543816E+01   -0.408457799920491293E+01   -0.889907923505304055E+01   -0.592336145467620589E+01   -0.700978091882493537E+01    0.664473986633619688E+03
    0.910701288955252042E+00    0.326373101223030176E+03   -0.259607188575642134E+01   -0.665620011166936720E+01   -0.159557060365771974E+01   -0.411342702846902419E+01   -0.773770278464467864E+01   -0.687530363289882374E+01   -0.927257618841076336E+01    0.664156076823736953E+03
    0.913551361677944040E+00    0.265939789819211398E+03   -0.195950736303057838E+01   -0.792609185865923571E+01   -0.149504164549511565E+01   -0.405362548115500232E+01   -0.882637355637873178E+01   -0.708873969860107156E+01   -0.889686200442538677E+01    0.664864927053240308E+03
    0.913551361677944040E+00    0.265939789819211398E+03   -0.195950736303057838E+01   -0.792609185865923571E+01   -0.149504164549511565E+01   -0.405362548115500232E+01   -0.882637355637873178E+01   -0.708873969860107156E+01   -0.889686200442538677E+01    0.664864927053240308E+03
    0.913551361677944040E+00    0.265939789819211398E+03   -0.195950736303057838E+01   -0.792609185865923571E+01   -0.149504164549511565E+01   -0.405362548115500232E+01   -0.882637355637873178E+01   -0.708873969860107156E+01   -0.889686200442538677E+01    0.664864927053240308E+03
    0.914727841871808445E+00    0.265487133551136139E+03   -0.299952837009684004E+01   -0.720589235872941281E+01   -0.240017463652541885E+01   -0.438977520397393306E+01   -0.793303271354231754E+01   -0.594151417122278946E+01   -0.753993189937844299E+01    0.664348255913072762E+03
    0.914386274850491287E+00    0.250342471231702945E+03   -0.315500175045581344E+01   -0.856396229642922791E+01   -0.128741977653990958E+01   -0.486574439241994394E+01   -0.887440135653867657E+01   -0.735760243507103695E+01   -0.813511166164897581E+01    0.664350347240760811E+03
    0.914386274850491287E+00    0.250342471231702945E+03   -0.315500175045581344E+01   -0.856396229642922791E+01   -0.128741977653990958E+01   -0.486574439241994394E+01   -0.887440135653867657E+01   -0.735760243507103695E+01   -0.813511166164897581E+01    0.664350347240760811E+03
    0.911390579289460545E+00    0.321569706335006629E+03   -0.320105395592866060E+01   -0.827634254550613058E+01   -0.127748518045716430E+01   -0.206054141925109846E+01   -0.847259522185338021E+01   -0.679675731160016561E+01   -0.884486656015545059E+01    0.663516030691534525E+03
    0.912014195803922623E+00    0.331482532733800781E+03   -0.247100580418800408E+01   -0.717407230208083924E+01   -0.185496401605164074E+01   -0.397788360282165865E+01   -0.929516087325443863E+01   -0.737574328834993320E+01   -0.855498676106623535E+01    0.664407508141780568E+03
    0.912014195803922623E+00    0.331482532733800781E+03   -0.247100580418800408E+01   -0.717407230208083924E+01   -0.185496401605164074E+01   -0.397788360282165865E+01   -0.929516087325443863E+01   -0.737574328834993320E+01   -0.855498676106623535E+01    0.664407508141780568E+03
    0.917895478621540750E+00    0.249818550102519424E+03   -0.423499673844825075E+01   -0.788182551092659800E+01   -0.195282356196839579E+01   -0.241372581697922151E+01   -0.889497828601585638E+01   -0.654933882407188683E+01   -0.979346884561890896E+01    0.663550117047255185E+03
    0.914196674634524031E+00    0.293442923770532218E+03   -0.277109257060639269E+01   -0.715482051660159790E+01   -0.160086928308634668E+01   -0.394445259306574059E+01   -0.792634507641625863E+01   -0.634788700041477050E+01   -0.783030489493987147E+01    0.663781057917970202E+03
    0.914003056519953172E+00    0.278686158399780254E+03   -0.317344470241294285E+01   -0.868144506611425548E+01   -0.164687453936079820E+01   -0.537298205492503733E+01   -0.897787528556093939E+01   -0.747526909434369990E+01   -0.721511139935459855E+01    0.664649581140481814E+03
    0.914003056519953172E+00    0.278686158399780254E+03   -0.317344470241294285E+01   -0.868144506611425548E+01   -0.164687453936079820E+01   -0.537298205492503733E+01   -0.897787528556093939E+01   -0.747526909434369990E+01   -0.721511139935459855E+01    0.664649581140481814E+03
    0.915187690464576264E+00    0.282431145218576830E+03   -0.365918575523303602E+01   -0.734591319073610727E+01   -0.334782587071476101E+01   -0.397758654449848326E+01   -0.841477334437155378E+01   -0.670424715835664387E+01   -0.620798538794648280E+01    0.663243360420883278E+03
    0.911627166432391611E+00    0.341909553662232554E+03   -0.276161087760324442E+01   -0.791736427737260051E+01   -0.232008149158068733E+01   -0.286161363448595374E+01   -0.896894251346448890E+01   -0.864743323733863178E+01   -0.802682143417952787E+01    0.664413498928671629E+03
    0.911627166432391611E+00    0.341909553662232554E+03   -0.276161087760324442E+01   -0.791736427737260051E+01   -0.232008149158068733E+01   -0.286161363448595374E+01   -0.896894251346448890E+01   -0.864743323733863178E+01   -0.802682143417952787E+01    0.664413498928671629E+03
    0.913051189077517034E+00    0.240929367914663942E+03   -0.192393829347193446E+01   -0.936676598862329790E+01   -0.119543620789900018E+01   -0.140486813513372688E+01   -0.953307149202905002E+01   -0.780359286921823703E+01   -0.837374122137688559E+01    0.663613764801571733E+03
    0.912063138593342759E+00    0.267559780501524983E+03   -0.197960608976202757E+01   -0.691317416883601954E+01   -0.149954755895161185E+01   -0.442479564758189792E+01   -0.928119584150970844E+01   -0.796252033282873395E+01   -0.885739501441953614E+01    0.663390787013559020E+03
    0.916103131453014696E+00    0.269961336796946853E+03   -0.347950774082254100E+01   -0.923669039354623855E+01   -0.209784328092392958E+01   -0.508321845485092805E+01   -0.937221813259079184E+01   -0.865898079045387448E+01   -0.688414206656363881E+01    0.664552000467236780E+03
    0.916103131453014696E+00    0.269961336796946853E+03   -0.347950774082254100E+01   -0.923669039354623855E+01   -0.209784328092392958E+01   -0.508321845485092805E+01   -0.937221813259079184E+01   -0.865898079045387448E+01   -0.688414206656363881E+01    0.664552000467236780E+03
    0.914905823797337758E+00    0.265001876923929217E+03   -0.463976553405687486E+01   -0.529404875578529666E+01   -0.162694771409706718E+01   -0.476246869716225785E+01   -0.781714678537476360E+01   -0.797979871820854214E+01   -0.979562653709169950E+01    0.663521266884114766E+03
    0.913801741767415132E+00    0.297754988921955771E+03   -0.341003333317037693E+01   -0.734227419802182979E+01   -0.203889531692252746E+01   -0.419543040314575144E+01   -0.672787274401044577E+01   -0.578418519306645784E+01   -0.982536348493556311E+01    0.664010812422826575E+03
    0.912699110630599830E+00    0.282554138788102932E+03   -0.385840939196067900E+01   -0.744010106751265266E+01   -0.112496839037190455E+01   -0.439305032131546991E+01   -0.774499058634265225E+01   -0.713372563914541402E+01   -0.817444331842656169E+01    0.663310160237423020E+03
    0.914049104141876234E+00    0.218635176534354258E+03   -0.175049138173173446E+01   -0.600757054753480713E+01   -0.105461286233747309E+01   -0.397108679307179369E+01   -0.799116649922347300E+01   -0.954664399202799885E+01   -0.913750425890298956E+01    0.664135283201409152E+03
    0.914049104141876234E+00    0.218635176534354258E+03   -0.175049138173173446E+01   -0.600757054753480713E+01   -0.105461286233747309E+01   -0.397108679307179369E+01   -0.799116649922347300E+01   -0.954664399202799885E+01   -0.913750425890298956E+01    0.664135283201409152E+03
    0.915504887488243657E+00    0.265173617453905024E+03   -0.299671953730120411E+01   -0.589954204438820273E+01   -0.296228052834956301E+01   -0.224693297317540086E+01   -0.746045236432160053E+01   -0.662523273977008031E+01   -0.787985525717789770E+01    0.664049246072185383E+03
    0.917645453185385263E+00    0.255649202808186260E+03   -0.396134635289114367E+01   -0.632891891323391143E+01   -0.235902953312907737E+01   -0.261228746922249844E+01   -0.768311473493307950E+01   -0.661215165688530693E+01   -0.980270370531238022E+01    0.663753679118344962E+03
    0.914607905279667399E+00    0.235175803439606796E+03   -0.139502159205998844E+01   -0.691584489092012866E+01   -0.157575021747303268E+01   -0.235514288994612286E+01   -0.761803615458806860E+01   -0.620264229722631200E+01   -0.904806857016474808E+01    0.664425015926238643E+03
    0.914607905279667399E+00    0.235175803439606796E+03   -0.139502159205998844E+01   -0.691584489092012866E+01   -0.157575021747303268E+01   -0.235514288994612286E+01   -0.761803615458806860E+01   -0.620264229722631200E+01   -0.904806857016474808E+01    0.664425015926238643E+03
    0.914148441097472508E+00    0.269269381149512583E+03   -0.312210873154030466E+01   -0.745319160158085836E+01   -0.218723033422186131E+01   -0.540689485149450633E+01   -0.673597500261418780E+01   -0.907514665343707527E+01   -0.950464496102157064E+01    0.663210373469544152E+03
    0.913862910763154512E+00    0.235018787879638353E+03   -0.169406602683359075E+01   -0.780047264770400517E+01   -0.147138499237536813E+01   -0.485543672838558571E+01   -0.560083644889803534E+01   -0.633677659100611557E+01   -0.784336186360634358E+01    0.663489215828379088E+03
    0.915177252424171472E+00    0.243252274211346958E+03   -0.260609293924742946E+01   -0.662545734525443208E+01   -0.168643222964947981E+01   -0.453484512710721077E+01   -0.563493487605823606E+01   -0.597220007220750659E+01   -0.941405979157897654E+01    0.663215339470101640E+03
    0.911364967457047204E+00    0.288817291411474912E+03   -0.170233580067196044E+01   -0.956285420274318732E+01   -0.119617849054787229E+01   -0.446287755702555344E+01   -0.572899905771871332E+01   -0.609939976887233559E+01   -0.954603763976973774E+01    0.664131298479036332E+03
    0.911364967457047204E+00    0.288817291411474912E+03   -0.170233580067196044E+01   -0.956285420274318732E+01   -0.119617849054787229E+01   -0.446287755702555344E+01   -0.572899905771871332E+01   -0.609939976887233559E+01   -0.954603763976973774E+01    0.664131298479036332E+03
    0.913660411283531926E+00    0.326832721293481029E+03   -0.301747962228544520E+01   -0.484265604302691521E+01   -0.195312064921156114E+01   -0.248717878025726602E+01   -0.809185661406840318E+01   -0.848049687753876213E+01   -0.981009260860819765E+01    0.663228843443536903E+03
    0.917638649165343989E+00    0.202906813939895642E+03   -0.416698733029034063E+01   -0.686657343646826757E+01   -0.139611650767831463E+01   -0.292776329948231151E+01   -0.884585268277050929E+01   -0.885070233263727602E+01   -0.911514472225361061E+01    0.664686783427009004E+03
    0.917638649165343989E+00    0.202906813939895642E+03   -0.416698733029034063E+01   -0.686657343646826757E+01   -0.139611650767831463E+01   -0.292776329948231151E+01   -0.884585268277050929E+01   -0.885070233263727602E+01   -0.911514472225361061E+01    0.664686783427009004E+03
    0.917638649165343989E+00    0.202906813939895642E+03   -0.416698733029034063E+01   -0.686657343646826757E+01   -0.139611650767831463E+01   -0.292776329948231151E+01   -0.884585268277050929E+01   -0.885070233263727602E+01   -0.911514472225361061E+01    0.664686783427009004E+03
    0.913656220269527419E+00    0.226638178970081242E+03   -0.137748658527246803E+01   -0.699222814519424674E+01   -0.101195770618133452E+01   -0.375438056225471239E+01   -0.854456260647571497E+01   -0.796305749530771756E+01   -0.765379876068426057E+01    0.664678550916089307E+03
    0.913656220269527419E+00    0.226638178970081242E+03   -0.137748658527246803E+01   -0.699222814519424674E+01   -0.101195770618133452E+01   -0.375438056225471239E+01   -0.854456260647571497E+01   -0.796305749530771756E+01   -0.765379876068426057E+01    0.664678550916089307E+03
    0.915367476434801874E+00    0.299427548852328925E+03   -0.327399136976258642E+01   -0.617658244496768027E+01   -0.377199538698749670E+01   -0.232040754487202072E+01   -0.815628178391062519E+01   -0.883238855689840285E+01   -0.835817765417375469E+01    0.663502731379200100E+03
    0.912006915213838143E+00    0.272417591686872413E+03   -0.187056001149797702E+01   -0.545991334526384531E+01   -0.119410302737520979E+01   -0.360402453072037066E+01   -0.611501853704734444E+01   -0.826181707252867170E+01   -0.726694322538466420E+01    0.664172353901009387E+03
    0.912006915213838143E+00    0.272417591686872413E+03   -0.187056001149797702E+01   -0.545991334526384531E+01   -0.119410302737520979E+01   -0.360402453072037066E+01   -0.611501853704734444E+01   -0.826181707252867170E+01   -0.726694322538466420E+01    0.664172353901009387E+03
    0.917614808359739076E+00    0.270364853498472144E+03   -0.420609305071277273E+01   -0.665912359570691414E+01   -0.259394214124016198E+01   -0.266475323054528435E+01   -0.979433093206998606E+01   -0.762451634578023540E+01   -0.637313829482561189E+01    0.663898426195224829E+03
    0.918133915801815137E+00    0.243341928792901427E+03   -0.449915789347921091E+01   -0.760536578175948996E+01   -0.247095973149510062E+01   -0.248100900435697991E+01   -0.999038661707014519E+01   -0.655985349334396961E+01   -0.572312625200193636E+01    0.663578166874437670E+03
    0.915760856525526412E+00    0.330210283406762414E+03   -0.492267966388968148E+01   -0.338110104051619853E+01   -0.330823322406517750E+01   -0.496082326037390242E+01   -0.754906550100212037E+01   -0.827816379918052725E+01   -0.646447128126870751E+01    0.663846243288626056E+03
    0.916959375417541911E+00    0.232402913712705811E+03   -0.333694910873174244E+01   -0.574620425273351287E+01   -0.197392121446677749E+01   -0.502975164457271617E+01   -0.942144459922243982E+01   -0.708704736087961251E+01   -0.606588813182422282E+01    0.664473150888274631E+03
    0.916959375417541911E+00    0.232402913712705811E+03   -0.333694910873174244E+01   -0.574620425273351287E+01   -0.197392121446677749E+01   -0.502975164457271617E+01   -0.942144459922243982E+01   -0.708704736087961251E+01   -0.606588813182422282E+01    0.664473150888274631E+03
    0.916530594101061857E+00    0.246250309824333101E+03   -0.389575675011929956E+01   -0.634374311187868223E+01   -0.221069253532253196E+01   -0.158501420038375862E+01   -0.924046338039593529E+01   -0.707931281026665804E+01   -0.565478930546693359E+01    0.664384428309097871E+03
    0.916530594101061857E+00    0.246250309824333101E+03   -0.389575675011929956E+01   -0.634374311187868223E+01   -0.221069253532253196E+01   -0.158501420038375862E+01   -0.924046338039593529E+01   -0.707931281026665804E+01   -0.565478930546693359E+01    0.664384428309097871E+03
    0.915933318634073568E+00    0.221768235006483962E+03   -0.357202812806964953E+01   -0.472426677728147482E+01   -0.140647748243778103E+01   -0.411264881947725236E+01   -0.843773821820915870E+01   -0.623874899126164273E+01   -0.578336888518986481E+01    0.664294587503022626E+03
    0.915933318634073568E+00    0.221768235006483962E+03   -0.357202812806964953E+01   -0.472426677728147482E+01   -0.140647748243778103E+01   -0.411264881947725236E+01   -0.843773821820915870E+01   -0.623874899126164273E+01   -0.578336888518986481E+01    0.664294587503022626E+03
    0.911923204168292978E+00    0.300714316062576302E+03   -0.230639771130323989E+01   -0.410278496932638959E+01   -0.199112263839944781E+01   -0.363574266081652198E+01   -0.824930587496644918E+01   -0.840763623835607987E+01   -0.382855917320083705E+01    0.663558790595336518E+03
    0.914343354014945819E+00    0.321139204944158450E+03   -0.387560353670582103E+01   -0.478350756997396864E+01   -0.289651114719070879E+01   -0.253710745829838569E+01   -0.942757472798723306E+01   -0.828893894038532686E+01   -0.545319649880855728E+01    0.664282468188530402E+03
    0.914345440865374393E+00    0.282867463516139537E+03   -0.294121474132572747E+01   -0.565028975543548739E+01   -0.284774704891945785E+01   -0.171667993361260152E+01   -0.847556891102814092E+01   -0.934180185394023255E+01   -0.599210760743001281E+01    0.663889148315107036E+03
    0.916008177917100319E+00    0.307676579052952832E+03   -0.395298372656067176E+01   -0.292707341771662133E+01   -0.314829744727737371E+01   -0.277998360212566009E+01   -0.905499075215974791E+01   -0.739820284365201886E+01   -0.692931154872531607E+01    0.664947534059258373E+03
    0.916008177917100319E+00    0.307676579052952832E+03   -0.395298372656067176E+01   -0.292707341771662133E+01   -0.314829744727737371E+01   -0.277998360212566009E+01   -0.905499075215974791E+01   -0.739820284365201886E+01   -0.692931154872531607E+01    0.664947534059258373E+03
    0.916008177917100319E+00    0.307676579052952832E+03   -0.395298372656067176E+01   -0.292707341771662133E+01   -0.314829744727737371E+01   -0.277998360212566009E+01   -0.905499075215974791E+01   -0.739820284365201886E+01   -0.692931154872531607E+01    0.664947534059258373E+03
    0.912738023680231603E+00    0.288773525754813306E+03   -0.222295324681088324E+01   -0.316077678295284947E+01   -0.223504463155910571E+01   -0.509992965746202476E+01   -0.921610514562488525E+01   -0.810459111174087710E+01   -0.535067564427487952E+01    0.664329117206215301E+03
    0.914866759625425852E+00    0.262421373003649137E+03   -0.446742667631472923E+01   -0.228263210629629221E+01   -0.201466423078284684E+01   -0.466701140908656242E+01   -0.919193186097665738E+01   -0.700266129478695731E+01   -0.605485758828660181E+01    0.663560384743235659E+03
    0.912366320035173373E+00    0.370076400907419043E+03   -0.352153160847947522E+01   -0.397948061061851099E+01   -0.233159331199792419E+01   -0.374809157764675049E+01   -0.992865616856051858E+01   -0.970273566908311125E+01   -0.521887463879562574E+01    0.663188481017825438E+03
    0.918352256502125264E+00    0.210548816698249937E+03   -0.409518190360104928E+01   -0.242640028957592602E+01   -0.272322687886008463E+01   -0.404377904159263313E+01   -0.856054897737464415E+01   -0.976512472151138589E+01   -0.795901529738012847E+01    0.664473443949708212E+03
    0.918352256502125264E+00    0.210548816698249937E+03   -0.409518190360104928E+01   -0.242640028957592602E+01   -0.272322687886008463E+01   -0.404377904159263313E+01   -0.856054897737464415E+01   -0.976512472151138589E+01   -0.795901529738012847E+01    0.664473443949708212E+03
    0.916390706871729521E+00    0.272819855588447240E+03   -0.427596411594411663E+01   -0.443853755411776074E+01   -0.169061531478542904E+01   -0.159713131680275033E+01   -0.992527659974935794E+01   -0.901923347196734149E+01   -0.621765379708565469E+01    0.663172909012312402E+03
    0.914040845396005608E+00    0.261833405863760390E+03   -0.411122666103285184E+01   -0.315645498866122853E+01   -0.138497579994230158E+01   -0.458859036240048024E+01   -0.965593929842811782E+01   -0.766704097187349198E+01   -0.758093262008245539E+01    0.663802011899287891E+03
    0.914040845396005608E+00    0.261833405863760390E+03   -0.411122666103285184E+01   -0.315645498866122853E+01   -0.138497579994230158E+01   -0.458859036240048024E+01   -0.965593929842811782E+01   -0.766704097187349198E+01   -0.758093262008245539E+01    0.663802011899287891E+03
    0.917676535319708275E+00    0.214930241244113716E+03   -0.334071018632785588E+01   -0.309029885403746718E+01   -0.213328902870711623E+01   -0.460815756462663373E+01   -0.858037364144149883E+01   -0.798468236183989077E+01   -0.583898357527059098E+01    0.663980714724356858E+03
    0.917436975688690093E+00    0.213819899181640011E+03   -0.259063415282485998E+01   -0.546562790389103359E+01   -0.332353290742722773E+01   -0.370892240751607005E+01   -0.913802660091482721E+01   -0.766967207577584453E+01   -0.740955973994835748E+01    0.663340858094060195E+03
    0.915757952539377085E+00    0.271334220221137571E+03   -0.336453980347797632E+01   -0.226154871223606513E+01   -0.268347865947423969E+01   -0.240637736642605216E+01   -0.894272154042020873E+01   -0.915868615519480755E+01   -0.602944585517132836E+01    0.664454411603545964E+03
    0.915757952539377085E+00    0.271334220221137571E+03   -0.336453980347797632E+01   -0.226154871223606513E+01   -0.268347865947423969E+01   -0.240637736642605216E+01   -0.894272154042020873E+01   -0.915868615519480755E+01   -0.602944585517132836E+01    0.664454411603545964E+03
    0.916353958651745848E+00    0.245687291876060499E+03   -0.302719684740758765E+01   -0.274893966844302540E+01   -0.269252529319694922E+01   -0.541113070647001049E+01   -0.653595700590499273E+01   -0.981415449333342238E+01   -0.639384075309733557E+01    0.663384531748219729E+03
    0.913088746074122604E+00    0.305920292141850041E+03   -0.317646874319786399E+01   -0.435193390907430011E+01   -0.175841278008384450E+01   -0.386790732648494018E+01   -0.638433653194149819E+01   -0.913574596033103070E+01   -0.587778592587492987E+01    0.663955503846188549E+03
    0.912953089401411955E+00    0.246925170596001152E+03   -0.148726518953734832E+01   -0.339753417422069859E+01   -0.154095372402571407E+01   -0.526692416399687779E+01   -0.808313391774576395E+01   -0.769694035904540108E+01   -0.509675000648733967E+01    0.664091127378845840E+03
    0.914879701616578278E+00    0.277481542959400713E+03   -0.380192122677003308E+01   -0.506796710141635831E+01   -0.148971672843528324E+01   -0.380936401972654703E+01   -0.799385746587760870E+01   -0.529259143767453732E+01   -0.859464668956487898E+01    0.663884504585581681E+03
    0.913889393764564129E+00    0.277614257952598791E+03   -0.247039762983037026E+01   -0.728630959962464253E+01   -0.167716636760527393E+01   -0.383626196630540139E+01   -0.916446060906343796E+01   -0.810238332484711776E+01   -0.585412975711865524E+01    0.664768022044549639E+03
    0.913889393764564129E+00    0.277614257952598791E+03   -0.247039762983037026E+01   -0.728630959962464253E+01   -0.167716636760527393E+01   -0.383626196630540139E+01   -0.916446060906343796E+01   -0.810238332484711776E+01   -0.585412975711865524E+01    0.664768022044549639E+03
    0.913889393764564129E+00    0.277614257952598791E+03   -0.247039762983037026E+01   -0.728630959962464253E+01   -0.167716636760527393E+01   -0.383626196630540139E+01   -0.916446060906343796E+01   -0.810238332484711776E+01   -0.585412975711865524E+01    0.664768022044549639E+03
    0.914645007468449900E+00    0.235065268124566529E+03   -0.277396131680056168E+01   -0.374095410519031457E+01   -0.156053308529383550E+01   -0.379020390555817333E+01   -0.821397079675992714E+01   -0.881267741308939456E+01   -0.774478282812156049E+01    0.664270795838735467E+03
    0.911507556384444584E+00    0.272180320758546259E+03   -0.158760207188023372E+01   -0.353919081045884809E+01   -0.120371644816803069E+01   -0.515474524137964352E+01   -0.840372162004098300E+01   -0.699329844226563324E+01   -0.614104802260436600E+01    0.664558828746103814E+03
    0.911507556384444584E+00    0.272180320758546259E+03   -0.158760207188023372E+01   -0.353919081045884809E+01   -0.120371644816803069E+01   -0.515474524137964352E+01   -0.840372162004098300E+01   -0.699329844226563324E+01   -0.614104802260436600E+01    0.664558828746103814E+03
    0.912314625036282356E+00    0.262421899238343826E+03   -0.122553858646394964E+01   -0.952056644963655252E+01   -0.128470333033041761E+01   -0.302626460405408970E+01   -0.947686381613654660E+01   -0.880320471248769287E+01   -0.964992117973307728E+01    0.664665438953230364E+03
    0.912314625036282356E+00    0.262421899238343826E+03   -0.122553858646394964E+01   -0.952056644963655252E+01   -0.128470333033041761E+01   -0.302626460405408970E+01   -0.947686381613654660E+01   -0.880320471248769287E+01   -0.964992117973307728E+01    0.664665438953230364E+03
    0.915923157082832673E+00    0.253723039941581987E+03   -0.434848173933373428E+01   -0.711192347448664286E+01   -0.175268037017235656E+01   -0.498834683370653575E+01   -0.951821426413834182E+01   -0.564040051365987427E+01   -0.624766774746549558E+01    0.664372182150825211E+03
    0.915923157082832673E+00    0.253723039941581987E+03   -0.434848173933373428E+01   -0.711192347448664286E+01   -0.175268037017235656E+01   -0.498834683370653575E+01   -0.951821426413834182E+01   -0.564040051365987427E+01   -0.624766774746549558E+01    0.664372182150825211E+03
    0.915406545837176289E+00    0.238478966263346734E+03   -0.305423360549554079E+01   -0.404752637023528017E+01   -0.222138626954383067E+01   -0.603261011334094110E+01   -0.868573873577468980E+01   -0.608685556047949561E+01   -0.478813157931092626E+01    0.663666523468795731E+03
    0.916096714629733522E+00    0.277189705293864279E+03   -0.312906589896332488E+01   -0.774201209735857976E+01   -0.353199831799351305E+01   -0.352826913205138659E+01   -0.859902636076878935E+01   -0.891433344900956293E+01   -0.668150932439662704E+01    0.663936309805924225E+03
    0.913670034037868728E+00    0.288143714560636511E+03   -0.227327149816020579E+01   -0.693142929153520981E+01   -0.296722032882585296E+01   -0.287812608418548255E+01   -0.967780789517814632E+01   -0.637669115223738103E+01   -0.998058190938126089E+01    0.663706226706670691E+03
    0.916822697492942762E+00    0.287486302298256192E+03   -0.496179064159743000E+01   -0.624928306667161504E+01   -0.261694388145199586E+01   -0.105018516096100356E+01   -0.916800340160908078E+01   -0.885989960818217881E+01   -0.957555574207118276E+01    0.664590658516698682E+03
    0.916822697492942762E+00    0.287486302298256192E+03   -0.496179064159743000E+01   -0.624928306667161504E+01   -0.261694388145199586E+01   -0.105018516096100356E+01   -0.916800340160908078E+01   -0.885989960818217881E+01   -0.957555574207118276E+01    0.664590658516698682E+03
    0.918324160784776300E+00    0.275724053989331253E+03   -0.465724309386749447E+01   -0.772956867986202489E+01   -0.382899363550789573E+01   -0.149647009926764163E+01   -0.863537431152190571E+01   -0.629482086535985719E+01   -0.771459083991255135E+01    0.665001814402898276E+03
    0.918324160784776300E+00    0.275724053989331253E+03   -0.465724309386749447E+01   -0.772956867986202489E+01   -0.382899363550789573E+01   -0.149647009926764163E+01   -0.863537431152190571E+01   -0.629482086535985719E+01   -0.771459083991255135E+01    0.665001814402898276E+03
    0.918324160784776300E+00    0.275724053989331253E+03   -0.465724309386749447E+01   -0.772956867986202489E+01   -0.382899363550789573E+01   -0.149647009926764163E+01   -0.863537431152190571E+01   -0.629482086535985719E+01   -0.771459083991255135E+01    0.665001814402898276E+03
    0.918324160784776300E+00    0.275724053989331253E+03   -0.465724309386749447E+01   -0.772956867986202489E+01   -0.382899363550789573E+01   -0.149647009926764163E+01   -0.863537431152190571E+01   -0.629482086535985719E+01   -0.771459083991255135E+01    0.665001814402898276E+03
    0.915039472278267985E+00    0.238268376290652697E+03   -0.243416510594018121E+01   -0.872338074289161014E+01   -0.142920919593606754E+01   -0.550399656810907345E+01   -0.593458249380180902E+01   -0.496006887890405679E+01   -0.996137756897683246E+01    0.663669954497858384E+03
    0.911932713634298175E+00    0.320302998084148385E+03   -0.206468060381864049E+01   -0.440556564828547259E+01   -0.207150648370593249E+01   -0.229639676805478299E+01   -0.917664930705423032E+01   -0.979551155399816231E+01   -0.929825162361593449E+01    0.664913427158520449E+03
    0.911932713634298175E+00    0.320302998084148385E+03   -0.206468060381864049E+01   -0.440556564828547259E+01   -0.207150648370593249E+01   -0.229639676805478299E+01   -0.917664930705423032E+01   -0.979551155399816231E+01   -0.929825162361593449E+01    0.664913427158520449E+03
    0.911932713634298175E+00    0.320302998084148385E+03   -0.206468060381864049E+01   -0.440556564828547259E+01   -0.207150648370593249E+01   -0.229639676805478299E+01   -0.917664930705423032E+01   -0.979551155399816231E+01   -0.929825162361593449E+01    0.664913427158520449E+03
    0.917653512093447254E+00    0.234590009686222231E+03   -0.500696930498205894E+01   -0.930304426759408720E+01   -0.237948835911054957E+01   -0.356647004193442907E+01   -0.724435520929004273E+01   -0.763274200598354735E+01   -0.816637686894618753E+01    0.663431233132872762E+03
    0.914753364838013949E+00    0.247667021353651137E+03   -0.247836898419978979E+01   -0.945941672206108919E+01   -0.209364704072520702E+01   -0.526421856202572336E+01   -0.762245407529726648E+01   -0.759800240740282007E+01   -0.850476805979272754E+01    0.664197174662243469E+03
    0.914753364838013949E+00    0.247667021353651137E+03   -0.247836898419978979E+01   -0.945941672206108919E+01   -0.209364704072520702E+01   -0.526421856202572336E+01   -0.762245407529726648E+01   -0.759800240740282007E+01   -0.850476805979272754E+01    0.664197174662243469E+03
    0.914463260325438232E+00    0.251181561180907977E+03   -0.189742092651286676E+01   -0.958605446117648619E+01   -0.177429352105646743E+01   -0.423671678037156774E+01   -0.889795600516855600E+01   -0.959142046703741968E+01   -0.883814431485566310E+01    0.664727963076451829E+03
    0.914463260325438232E+00    0.251181561180907977E+03   -0.189742092651286676E+01   -0.958605446117648619E+01   -0.177429352105646743E+01   -0.423671678037156774E+01   -0.889795600516855600E+01   -0.959142046703741968E+01   -0.883814431485566310E+01    0.664727963076451829E+03
    0.914463260325438232E+00    0.251181561180907977E+03   -0.189742092651286676E+01   -0.958605446117648619E+01   -0.177429352105646743E+01   -0.423671678037156774E+01   -0.889795600516855600E+01   -0.959142046703741968E+01   -0.883814431485566310E+01    0.664727963076451829E+03
    0.917432418042195885E+00    0.282493969998727096E+03   -0.402890494523739662E+01   -0.822754381342903329E+01   -0.344872514590573687E+01   -0.135183925000730376E+01   -0.859383793253524608E+01   -0.666656653593436488E+01   -0.828390511137578756E+01    0.664973263209350648E+03
    0.917432418042195885E+00    0.282493969998727096E+03   -0.402890494523739662E+01   -0.822754381342903329E+01   -0.344872514590573687E+01   -0.135183925000730376E+01   -0.859383793253524608E+01   -0.666656653593436488E+01   -0.828390511137578756E+01    0.664973263209350648E+03
    0.917432418042195885E+00    0.282493969998727096E+03   -0.402890494523739662E+01   -0.822754381342903329E+01   -0.344872514590573687E+01   -0.135183925000730376E+01   -0.859383793253524608E+01   -0.666656653593436488E+01   -0.828390511137578756E+01    0.664973263209350648E+03
    0.914756279767871106E+00    0.272911138985082800E+03   -0.253528203504538130E+01   -0.402516248736936166E+01   -0.281929350940116841E+01   -0.512026576063863015E+01   -0.883118551225631876E+01   -0.941321672281412525E+01   -0.886106709626080224E+01    0.664386582785467908E+03
    0.914756279767871106E+00    0.272911138985082800E+03   -0.253528203504538130E+01   -0.402516248736936166E+01   -0.281929350940116841E+01   -0.512026576063863015E+01   -0.883118551225631876E+01   -0.941321672281412525E+01   -0.886106709626080224E+01    0.664386582785467908E+03
    0.913749780543739010E+00    0.284871896320375413E+03   -0.216848117727522016E+01   -0.740915928759345643E+01   -0.182400903484537658E+01   -0.182536335034835950E+01   -0.696250491728852072E+01   -0.563728628990365443E+01   -0.633553080877345387E+01    0.664357366432345202E+03
    0.913749780543739010E+00    0.284871896320375413E+03   -0.216848117727522016E+01   -0.740915928759345643E+01   -0.182400903484537658E+01   -0.182536335034835950E+01   -0.696250491728852072E+01   -0.563728628990365443E+01   -0.633553080877345387E+01    0.664357366432345202E+03
    0.915413853255046761E+00    0.263129279286365033E+03   -0.314522237554581441E+01   -0.758754674837911747E+01   -0.288028969906229726E+01   -0.202316128466956879E+01   -0.657247513645060266E+01   -0.370121048325839741E+01   -0.710622543661372763E+01    0.663842418676432089E+03
    0.914265901929199876E+00    0.218171596149403058E+03   -0.117608826594078764E+01   -0.929506140060599328E+01   -0.186356977334369667E+01   -0.369192835576384315E+01   -0.710473340002289611E+01   -0.713786654855066427E+01   -0.664002225535423207E+01    0.663371203898626050E+03
    0.917177211284995519E+00    0.243723581755403899E+03   -0.332469369345211874E+01   -0.864956504093666290E+01   -0.293399605968371180E+01   -0.111916524597313760E+01   -0.837927585836973776E+01   -0.752305897363953768E+01   -0.614806188810802468E+01    0.664077549396680297E+03
    0.910636832778625838E+00    0.305548211511031298E+03   -0.178327353627538443E+01   -0.969067878273478556E+01   -0.108625357292243585E+01   -0.347628791440980933E+01   -0.813937631433126896E+01   -0.824331105306203504E+01   -0.799946649893550266E+01    0.664358881214448502E+03
    0.910636832778625838E+00    0.305548211511031298E+03   -0.178327353627538443E+01   -0.969067878273478556E+01   -0.108625357292243585E+01   -0.347628791440980933E+01   -0.813937631433126896E+01   -0.824331105306203504E+01   -0.799946649893550266E+01    0.664358881214448502E+03
    0.915677614272801699E+00    0.261266053045597801E+03   -0.333986954014458970E+01   -0.915332176853417145E+01   -0.247454876683618696E+01   -0.313512914510322549E+01   -0.879942086293263159E+01   -0.968559568628182177E+01   -0.517732312459546762E+01    0.664077278804679509E+03
    0.915677614272801699E+00    0.261266053045597801E+03   -0.333986954014458970E+01   -0.915332176853417145E+01   -0.247454876683618696E+01   -0.313512914510322549E+01   -0.879942086293263159E+01   -0.968559568628182177E+01   -0.517732312459546762E+01    0.664077278804679509E+03
    0.911445887528945176E+00    0.308762318258276082E+03   -0.120266156472140651E+01   -0.877973709816501291E+01   -0.237019238743930849E+01   -0.117238254386745488E+01   -0.741997246717842351E+01   -0.707469009315292929E+01   -0.846380293891819058E+01    0.664004138388524211E+03
    0.911445887528945176E+00    0.308762318258276082E+03   -0.120266156472140651E+01   -0.877973709816501291E+01   -0.237019238743930849E+01   -0.117238254386745488E+01   -0.741997246717842351E+01   -0.707469009315292929E+01   -0.846380293891819058E+01    0.664004138388524211E+03
    0.912155505593521099E+00    0.318423454552614260E+03   -0.392544969564410007E+01   -0.965752825577119722E+01   -0.171275942884333432E+01   -0.496761970427220234E+01   -0.707376123075512808E+01   -0.703630411666761546E+01   -0.671969313710787475E+01    0.663396351189635539E+03
    0.912961408764681015E+00    0.325003351252921050E+03   -0.316888161537057034E+01   -0.890644705455507157E+01   -0.262822085973964281E+01   -0.242379924600143326E+01   -0.637113241072717873E+01   -0.793619552691010544E+01   -0.684719242116924942E+01    0.663876444638276439E+03
    0.912961408764681015E+00    0.325003351252921050E+03   -0.316888161537057034E+01   -0.890644705455507157E+01   -0.262822085973964281E+01   -0.242379924600143326E+01   -0.637113241072717873E+01   -0.793619552691010544E+01   -0.684719242116924942E+01    0.663876444638276439E+03
    0.914914152821857507E+00    0.272100442829160897E+03   -0.281237636498396348E+01   -0.950203859248950167E+01   -0.259535139177072693E+01   -0.340175364530954649E+01   -0.755774667878242390E+01   -0.901968069304078313E+01   -0.760658993738568867E+01    0.664283675830230095E+03
    0.914914152821857507E+00    0.272100442829160897E+03   -0.281237636498396348E+01   -0.950203859248950167E+01   -0.259535139177072693E+01   -0.340175364530954649E+01   -0.755774667878242390E+01   -0.901968069304078313E+01   -0.760658993738568867E+01    0.664283675830230095E+03
    0.916911282703376074E+00    0.270404716546122074E+03   -0.409638913388020232E+01   -0.714390412830671018E+01   -0.347228781085079596E+01   -0.432865880685731863E+01   -0.723757646824727363E+01   -0.947421996130360711E+01   -0.699530527349341646E+01    0.663518974428814772E+03
    0.915461447168078424E+00    0.298006083868545034E+03   -0.360748294679106696E+01   -0.948768658902642414E+01   -0.335000765407028744E+01   -0.220776000984459841E+01   -0.723489486397659221E+01   -0.911955050385119748E+01   -0.706976090645464872E+01    0.663808922480489628E+03
    0.909782404626009233E+00    0.338929278448645391E+03   -0.250402434820432074E+01   -0.807275932179983258E+01   -0.132385696080317850E+01   -0.463457560384953293E+01   -0.731969605038785254E+01   -0.988213159149353437E+01   -0.740271796554314765E+01    0.663888913250029418E+03
    0.914233865711097549E+00    0.295643138916989301E+03   -0.326370286290779266E+01   -0.915103916249685945E+01   -0.296542107894052531E+01   -0.195016286155770580E+01   -0.729428340981189827E+01   -0.751357688682347558E+01   -0.838951125074255089E+01    0.663452065747832080E+03
    0.917339355093325648E+00    0.267410400748144070E+03   -0.359878700064290413E+01   -0.806788919851692832E+01   -0.312734793726789206E+01   -0.163563745341782862E+01   -0.748710071220780371E+01   -0.965456463791815267E+01   -0.766988989775597574E+01    0.663870883367184661E+03
    0.909573884725459414E+00    0.310025272257653569E+03   -0.139533759073131769E+01   -0.954165571517385125E+01   -0.148462866330160281E+01   -0.285344954360584424E+01   -0.593495500336401527E+01   -0.800766918836390218E+01   -0.986341877558653302E+01    0.663989677895775685E+03
    0.914696843831744322E+00    0.265112395021893178E+03   -0.205869467631317704E+01   -0.937000164118205348E+01   -0.263211564823924427E+01   -0.376643837724891384E+01   -0.644642282918060072E+01   -0.941951361605508097E+01   -0.940897169599306338E+01    0.663453414970168524E+03
    0.915728467915590594E+00    0.284463597188183712E+03   -0.283380058396667156E+01   -0.991140606894621889E+01   -0.286106131516591411E+01   -0.302691720877837422E+01   -0.895206571975974974E+01   -0.888180922470932188E+01   -0.688061161746224403E+01    0.664366686410152965E+03
    0.915728467915590594E+00    0.284463597188183712E+03   -0.283380058396667156E+01   -0.991140606894621889E+01   -0.286106131516591411E+01   -0.302691720877837422E+01   -0.895206571975974974E+01   -0.888180922470932188E+01   -0.688061161746224403E+01    0.664366686410152965E+03
    0.918056958953349600E+00    0.269726200823245904E+03   -0.343509388332511456E+01   -0.724573339391908888E+01   -0.406390378885962900E+01   -0.551210501023045563E+01   -0.958287193528882320E+01   -0.719389001158923591E+01   -0.769306073364092846E+01    0.663336621588608409E+03
    0.918060953651377631E+00    0.305866681367253761E+03   -0.472823459402814805E+01   -0.915889366446309339E+01   -0.582148241733268801E+01   -0.244407952396778771E+01   -0.895319674495526741E+01   -0.606496908259599099E+01   -0.993596018179142781E+01    0.663548620846138647E+03
    0.918008551028917319E+00    0.278642729868991523E+03   -0.587604854336513149E+01   -0.844549320684080129E+01   -0.317991108962781155E+01   -0.438816110106185775E+01   -0.830933528593068971E+01   -0.930831278284650132E+01   -0.933702314965053048E+01    0.663797720053723538E+03
    0.915691366455494538E+00    0.301840394035683971E+03   -0.523205132847531562E+01   -0.982228522685337957E+01   -0.264365669993824604E+01   -0.368339539008594041E+01   -0.871197497567223955E+01   -0.995378148781118632E+01   -0.991905375679256807E+01    0.663330031067169443E+03
    0.922043780855679063E+00    0.297466477153654409E+03   -0.698298358775931405E+01   -0.846487792223538271E+01   -0.542026525438347306E+01   -0.529955080549222668E+01   -0.851954477690560097E+01   -0.911213629980053419E+01   -0.950914170176257656E+01    0.663332380776977629E+03
    0.918278101737379671E+00    0.326077374781163144E+03   -0.448615122299951885E+01   -0.803455728549355541E+01   -0.501607802180346418E+01   -0.513792966045623878E+01   -0.808343574553685684E+01   -0.746883184917657950E+01   -0.940841367342402535E+01    0.663570456606018524E+03
    0.918886310680797402E+00    0.296544136674615515E+03   -0.506824625261954420E+01   -0.856189338577091164E+01   -0.329217323119278227E+01   -0.224442415513928317E+01   -0.905875694521570729E+01   -0.642513780188958972E+01   -0.959335557503643699E+01    0.664280623599905311E+03
    0.918886310680797402E+00    0.296544136674615515E+03   -0.506824625261954420E+01   -0.856189338577091164E+01   -0.329217323119278227E+01   -0.224442415513928317E+01   -0.905875694521570729E+01   -0.642513780188958972E+01   -0.959335557503643699E+01    0.664280623599905311E+03
    0.920932716015181230E+00    0.265729135891669614E+03   -0.564864094183467191E+01   -0.805735111094196021E+01   -0.589118300409191509E+01   -0.547314370950307438E+01   -0.892999369692139311E+01   -0.722839151361493748E+01   -0.865605826242668464E+01    0.663907471905739271E+03
    0.919434933159398282E+00    0.327552113025329334E+03   -0.521036546204787676E+01   -0.676601691904775215E+01   -0.518687213420388726E+01   -0.385555720702873650E+01   -0.910636978520707707E+01   -0.873033356303454156E+01   -0.991006657222811072E+01    0.664731593485487338E+03
    0.919434933159398282E+00    0.327552113025329334E+03   -0.521036546204787676E+01   -0.676601691904775215E+01   -0.518687213420388726E+01   -0.385555720702873650E+01   -0.910636978520707707E+01   -0.873033356303454156E+01   -0.991006657222811072E+01    0.664731593485487338E+03
    0.919434933159398282E+00    0.327552113025329334E+03   -0.521036546204787676E+01   -0.676601691904775215E+01   -0.518687213420388726E+01   -0.385555720702873650E+01   -0.910636978520707707E+01   -0.873033356303454156E+01   -0.991006657222811072E+01    0.664731593485487338E+03
    0.921187429405097236E+00    0.273561473352157805E+03   -0.613168883303957024E+01   -0.786176206566266167E+01   -0.452852992702624046E+01   -0.241818491026177806E+01   -0.904713082392899359E+01   -0.673993581476024328E+01   -0.937117956385464090E+01    0.665197132431857995E+03
    0.921187429405097236E+00    0.273561473352157805E+03   -0.613168883303957024E+01   -0.786176206566266167E+01   -0.452852992702624046E+01   -0.241818491026177806E+01   -0.904713082392899359E+01   -0.673993581476024328E+01   -0.937117956385464090E+01    0.665197132431857995E+03
    0.921187429405097236E+00    0.273561473352157805E+03   -0.613168883303957024E+01   -0.786176206566266167E+01   -0.452852992702624046E+01   -0.241818491026177806E+01   -0.904713082392899359E+01   -0.673993581476024328E+01   -0.937117956385464090E+01    0.665197132431857995E+03
    0.921187429405097236E+00    0.273561473352157805E+03   -0.613168883303957024E+01   -0.786176206566266167E+01   -0.452852992702624046E+01   -0.241818491026177806E+01   -0.904713082392899359E+01   -0.673993581476024328E+01   -0.937117956385464090E+01    0.665197132431857995E+03
    0.921187429405097236E+00    0.273561473352157805E+03   -0.613168883303957024E+01   -0.786176206566266167E+01   -0.452852992702624046E+01   -0.241818491026177806E+01   -0.904713082392899359E+01   -0.673993581476024328E+01   -0.937117956385464090E+01    0.665197132431857995E+03
    0.919208822747970999E+00    0.318985979062807132E+03   -0.453650386003384831E+01   -0.905445138432122043E+01   -0.631208663402167680E+01   -0.489187353965385618E+01   -0.878438783427842118E+01   -0.617891696318085604E+01   -0.936350649077614783E+01    0.663262291528992023E+03
    0.917714350219581032E+00    0.333374394038001810E+03   -0.533803964816607834E+01   -0.626994636119615656E+01   -0.427959116346363455E+01   -0.502696924586138039E+01   -0.793453628842479919E+01   -0.701781135912530374E+01   -0.937970836001006880E+01    0.663937274052872340E+03
    0.917325304928452878E+00    0.303194753365736005E+03   -0.433441089857383588E+01   -0.971601676154010185E+01   -0.440574805345801224E+01   -0.388448619580093713E+01   -0.787874953385340149E+01   -0.810828029839979614E+01   -0.740136906248089765E+01    0.663361136534962725E+03
    0.919315088424531468E+00    0.265166345416196123E+03   -0.556276838497008175E+01   -0.665702883033643289E+01   -0.384950769221424149E+01   -0.266514261168580635E+01   -0.991200725804686833E+01   -0.707594511996709130E+01   -0.966355673792410030E+01    0.665489035891825097E+03
    0.919315088424531468E+00    0.265166345416196123E+03   -0.556276838497008175E+01   -0.665702883033643289E+01   -0.384950769221424149E+01   -0.266514261168580635E+01   -0.991200725804686833E+01   -0.707594511996709130E+01   -0.966355673792410030E+01    0.665489035891825097E+03
    0.919315088424531468E+00    0.265166345416196123E+03   -0.556276838497008175E+01   -0.665702883033643289E+01   -0.384950769221424149E+01   -0.266514261168580635E+01   -0.991200725804686833E+01   -0.707594511996709130E+01   -0.966355673792410030E+01    0.665489035891825097E+03
    0.919315088424531468E+00    0.265166345416196123E+03   -0.556276838497008175E+01   -0.665702883033643289E+01   -0.384950769221424149E+01   -0.266514261168580635E+01   -0.991200725804686833E+01   -0.707594511996709130E+01   -0.966355673792410030E+01    0.665489035891825097E+03
    0.919315088424531468E+00    0.265166345416196123E+03   -0.556276838497008175E+01   -0.665702883033643289E+01   -0.384950769221424149E+01   -0.266514261168580635E+01   -0.991200725804686833E+01   -0.707594511996709130E+01   -0.966355673792410030E+01    0.665489035891825097E+03
    0.916232153826881834E+00    0.296685823664445707E+03   -0.515934650484058110E+01   -0.823011425798331864E+01   -0.262661154516940432E+01   -0.290994113502691398E+01   -0.835438632627235478E+01   -0.582142248609713864E+01   -0.935889871970395326E+01    0.664101207992795935E+03
    0.916232153826881834E+00    0.296685823664445707E+03   -0.515934650484058110E+01   -0.823011425798331864E+01   -0.262661154516940432E+01   -0.290994113502691398E+01   -0.835438632627235478E+01   -0.582142248609713864E+01   -0.935889871970395326E+01    0.664101207992795935E+03
    0.919264161980797634E+00    0.311931639687652819E+03   -0.466952916025822073E+01   -0.865621674776545191E+01   -0.485270787170249651E+01   -0.200162628675201493E+01   -0.901994564552609646E+01   -0.999619093699510763E+01   -0.715302536971174874E+01    0.663258741602219516E+03
    0.913232117851243586E+00    0.345944941313786444E+03   -0.310711388031264857E+01   -0.969023720512354814E+01   -0.423596726400495704E+01   -0.362889955869858838E+01   -0.949018527678656731E+01   -0.396187057206244653E+01   -0.968178523270865732E+01    0.664499495690486356E+03
    0.913232117851243586E+00    0.345944941313786444E+03   -0.310711388031264857E+01   -0.969023720512354814E+01   -0.423596726400495704E+01   -0.362889955869858838E+01   -0.949018527678656731E+01   -0.396187057206244653E+01   -0.968178523270865732E+01    0.664499495690486356E+03
    0.918224261961091637E+00    0.312869958997323636E+03   -0.543852008546860421E+01   -0.893094680436743538E+01   -0.409205657926400868E+01   -0.144931462111099307E+01   -0.896374670404805585E+01   -0.943642465372280981E+01   -0.738659731284904097E+01    0.664299665658506797E+03
    0.918734573427168133E+00    0.342503875583010426E+03   -0.540844440279207817E+01   -0.911460142745889534E+01   -0.637811114772346599E+01   -0.267825445442736854E+01   -0.945263154920894166E+01   -0.623590476619995471E+01   -0.766104706790966361E+01    0.663325877432808511E+03
    0.917178264395924869E+00    0.357323066313176923E+03   -0.428121745442448010E+01   -0.638027453910090170E+01   -0.362013186530572373E+01   -0.115805122236486113E+01   -0.977687758290651665E+01   -0.722885776656652279E+01   -0.788296709029271359E+01    0.663663300098147829E+03
    0.917602196205378084E+00    0.358999540808097038E+03   -0.509558290822049287E+01   -0.887465351505042932E+01   -0.517264591728944279E+01   -0.125290685006321567E+01   -0.884498328954687096E+01   -0.703984139532528097E+01   -0.641816360599302094E+01    0.663264790909058888E+03
    0.917438247778342264E+00    0.290101586862132251E+03   -0.518776105570072232E+01   -0.781448862884439688E+01   -0.376425893844890425E+01   -0.178336423245568554E+01   -0.872234796651899913E+01   -0.389433004238005775E+01   -0.800693122627098575E+01    0.663479650178355655E+03
    0.915259651206500990E+00    0.337558939968633240E+03   -0.567673075654240833E+01   -0.767564604701877240E+01   -0.286992578653154240E+01   -0.202406186342602190E+01   -0.886516391837556483E+01   -0.650286910842277699E+01   -0.790974901977645395E+01    0.663177072245730187E+03
    0.917794277737884356E+00    0.272987454296009787E+03   -0.649799599141232243E+01   -0.798552310638997831E+01   -0.264983584540975325E+01   -0.142215192948297542E+01   -0.902310238519025454E+01   -0.640399721013014656E+01   -0.699501790594897699E+01    0.663414127917825681E+03
    0.915057875813580002E+00    0.363851337588852175E+03   -0.434271671821673166E+01   -0.726854309453108360E+01   -0.395116518688363083E+01   -0.441760868506175708E+01   -0.886668203277391243E+01   -0.378463178971729253E+01   -0.790396590227330531E+01    0.664262272590170483E+03
    0.915057875813580002E+00    0.363851337588852175E+03   -0.434271671821673166E+01   -0.726854309453108360E+01   -0.395116518688363083E+01   -0.441760868506175708E+01   -0.886668203277391243E+01   -0.378463178971729253E+01   -0.790396590227330531E+01    0.664262272590170483E+03
    0.920216560109127224E+00    0.418319153124809702E+03   -0.583471461604681174E+01   -0.651488535134304669E+01   -0.496931898040278597E+01   -0.617300916441978487E+01   -0.953172679894504249E+01   -0.991929222783272202E+01   -0.763829770762581717E+01    0.663694065399068108E+03
    0.918925743402082218E+00    0.364331482637864042E+03   -0.528273516821717770E+01   -0.932193329040314644E+01   -0.734262972990508977E+01   -0.483352711489669318E+01   -0.926445793059955136E+01   -0.528248135080734205E+01   -0.849512309996882387E+01    0.663817379295099499E+03
    0.919014828028025699E+00    0.437934525795343575E+03   -0.535953614885835616E+01   -0.573811273367751884E+01   -0.668366195265848351E+01   -0.249192066408776380E+01   -0.978607782826104611E+01   -0.689513184010416325E+01   -0.774171246338249386E+01    0.664058892674507206E+03
    0.916799589924940150E+00    0.358814346953300117E+03   -0.499240880720196323E+01   -0.661793744254756522E+01   -0.455948635106392963E+01   -0.420906207296919721E+01   -0.994774351154073777E+01   -0.753453241495291248E+01   -0.822004841815668996E+01    0.663906492749907216E+03
    0.921721243725047934E+00    0.340786970859510689E+03   -0.586554820971541879E+01   -0.675118546229878813E+01   -0.528249673842972722E+01   -0.179710389059935238E+01   -0.891153906118165651E+01   -0.719135279118558124E+01   -0.899214260510617258E+01    0.664503109561714155E+03
    0.921721243725047934E+00    0.340786970859510689E+03   -0.586554820971541879E+01   -0.675118546229878813E+01   -0.528249673842972722E+01   -0.179710389059935238E+01   -0.891153906118165651E+01   -0.719135279118558124E+01   -0.899214260510617258E+01    0.664503109561714155E+03
    0.918662722173071433E+00    0.352818623618724700E+03   -0.494530438758271895E+01   -0.587760683050474508E+01   -0.535652599977114718E+01   -0.308479796781945126E+01   -0.865526697871195871E+01   -0.678174448866864665E+01   -0.918575349831567323E+01    0.664830797652422120E+03
    0.918662722173071433E+00    0.352818623618724700E+03   -0.494530438758271895E+01   -0.587760683050474508E+01   -0.535652599977114718E+01   -0.308479796781945126E+01   -0.865526697871195871E+01   -0.678174448866864665E+01   -0.918575349831567323E+01    0.664830797652422120E+03
    0.918662722173071433E+00    0.352818623618724700E+03   -0.494530438758271895E+01   -0.587760683050474508E+01   -0.535652599977114718E+01   -0.308479796781945126E+01   -0.865526697871195871E+01   -0.678174448866864665E+01   -0.918575349831567323E+01    0.664830797652422120E+03
    0.923006857434690575E+00    0.342411326072247107E+03   -0.635089412911402107E+01   -0.691097722504983913E+01   -0.657804980531356520E+01   -0.171996237578859201E+01   -0.902693378314850214E+01   -0.699215489009355728E+01   -0.915050192542887331E+01    0.664491259493850976E+03
    0.923006857434690575E+00    0.342411326072247107E+03   -0.635089412911402107E+01   -0.691097722504983913E+01   -0.657804980531356520E+01   -0.171996237578859201E+01   -0.902693378314850214E+01   -0.699215489009355728E+01   -0.915050192542887331E+01    0.664491259493850976E+03
    0.918783840065489743E+00    0.386273470025947006E+03   -0.594419610152088751E+01   -0.755204785481492813E+01   -0.514478595091157676E+01   -0.141379005711915795E+01   -0.985193205865173915E+01   -0.718074485042128252E+01   -0.983626403589856402E+01    0.664285568903296053E+03
    0.918783840065489743E+00    0.386273470025947006E+03   -0.594419610152088751E+01   -0.755204785481492813E+01   -0.514478595091157676E+01   -0.141379005711915795E+01   -0.985193205865173915E+01   -0.718074485042128252E+01   -0.983626403589856402E+01    0.664285568903296053E+03
    0.917932540263529217E+00    0.355825017005885798E+03   -0.463808109869746676E+01   -0.977116803590647720E+01   -0.484670629874780623E+01   -0.270337686513569775E+01   -0.851747767497064956E+01   -0.843584650804869973E+01   -0.886971014743939534E+01    0.664430106364911012E+03
    0.917932540263529217E+00    0.355825017005885798E+03   -0.463808109869746676E+01   -0.977116803590647720E+01   -0.484670629874780623E+01   -0.270337686513569775E+01   -0.851747767497064956E+01   -0.843584650804869973E+01   -0.886971014743939534E+01    0.664430106364911012E+03
    0.919604647916019813E+00    0.460239290142161678E+03   -0.537577423795344878E+01   -0.733886868699383932E+01   -0.668581150480505926E+01   -0.138509639469497614E+01   -0.965055943334999355E+01   -0.590166218998300707E+01   -0.905983675584262294E+01    0.664509212615763772E+03
    0.919604647916019813E+00    0.460239290142161678E+03   -0.537577423795344878E+01   -0.733886868699383932E+01   -0.668581150480505926E+01   -0.138509639469497614E+01   -0.965055943334999355E+01   -0.590166218998300707E+01   -0.905983675584262294E+01    0.664509212615763772E+03
    0.917767577333557516E+00    0.434298822975613803E+03   -0.582586316489214973E+01   -0.585400304711748998E+01   -0.482397176729199462E+01   -0.346786406535835923E+01   -0.883752876833949053E+01   -0.988764089966678483E+01   -0.728261659514552395E+01    0.663920537613816236E+03
    0.915441171273760235E+00    0.361813071515197237E+03   -0.407543153659171953E+01   -0.684269161352198285E+01   -0.309345044785171908E+01   -0.283053154306427146E+01   -0.833379633558508282E+01   -0.737841091559850426E+01   -0.903389104093543693E+01    0.663772484506996648E+03
    0.916099686649168299E+00    0.365881059341667196E+03   -0.415261977775543922E+01   -0.861659410111940716E+01   -0.366220948402607238E+01   -0.519982423297695640E+01   -0.818922325050640154E+01   -0.974167461234678811E+01   -0.732837063387516086E+01    0.664210784498592602E+03
    0.916099686649168299E+00    0.365881059341667196E+03   -0.415261977775543922E+01   -0.861659410111940716E+01   -0.366220948402607238E+01   -0.519982423297695640E+01   -0.818922325050640154E+01   -0.974167461234678811E+01   -0.732837063387516086E+01    0.664210784498592602E+03
    0.916395228182903088E+00    0.363824257287337900E+03   -0.499108315399770319E+01   -0.492395800142579620E+01   -0.346595539037461187E+01   -0.555796605475992056E+01   -0.770464124508206716E+01   -0.949252029273159437E+01   -0.764345699773472909E+01    0.663882367272083684E+03
    0.916395228182903088E+00    0.363824257287337900E+03   -0.499108315399770319E+01   -0.492395800142579620E+01   -0.346595539037461187E+01   -0.555796605475992056E+01   -0.770464124508206716E+01   -0.949252029273159437E+01   -0.764345699773472909E+01    0.663882367272083684E+03
    0.913069614733150736E+00    0.410126469234126432E+03   -0.327120268170717754E+01   -0.829626375117049442E+01   -0.341411963035934640E+01   -0.169656462566638844E+01   -0.901838771586277232E+01   -0.990715557765228283E+01   -0.902872258684743478E+01    0.664023807278957747E+03
    0.913069614733150736E+00    0.410126469234126432E+03   -0.327120268170717754E+01   -0.829626375117049442E+01   -0.341411963035934640E+01   -0.169656462566638844E+01   -0.901838771586277232E+01   -0.990715557765228283E+01   -0.902872258684743478E+01    0.664023807278957747E+03
    0.916271293295437106E+00    0.342222952092175149E+03   -0.411717291217693315E+01   -0.814962531482074404E+01   -0.419071244990434000E+01   -0.382504208761155695E+01   -0.723972461045575955E+01   -0.904915562278852015E+01   -0.762318542677000544E+01    0.663616147474385116E+03
    0.914214031453104647E+00    0.412916605880786278E+03   -0.390225618105452199E+01   -0.659847748979442272E+01   -0.359580331747740889E+01   -0.508533354708560559E+01   -0.923984609080955366E+01   -0.882511721506082836E+01   -0.836654461384696546E+01    0.664227918918211003E+03
    0.917131059952189132E+00    0.388889126084474469E+03   -0.430280835095106351E+01   -0.565154926343434205E+01   -0.506582117682182087E+01   -0.349267300042573758E+01   -0.890826815715727349E+01   -0.892048393268695961E+01   -0.846220433314850773E+01    0.663874018784739860E+03
    0.914822078369835312E+00    0.307468238762521366E+03   -0.469824423640542488E+01   -0.532059670955585240E+01   -0.243177821756357027E+01   -0.403883112046812709E+01   -0.844000204285190669E+01   -0.784182076058389210E+01   -0.858573361612784325E+01    0.663838752501023237E+03
    0.915974775285101406E+00    0.347254561457049704E+03   -0.420779315190152747E+01   -0.803296616655588736E+01   -0.424296107255557953E+01   -0.105012322847697881E+01   -0.832700755647551638E+01   -0.854469907026326680E+01   -0.972843141534999134E+01    0.664041736614475212E+03
    0.912627318373172569E+00    0.363145766449375174E+03   -0.323214075195790862E+01   -0.902490087578655675E+01   -0.333327588249532347E+01   -0.129527371036231109E+01   -0.837205204641933953E+01   -0.853727915428229878E+01   -0.859574364604304186E+01    0.663733038160016690E+03
    0.918201324252377993E+00    0.450124029059960094E+03   -0.606021655209658938E+01   -0.518614583435808818E+01   -0.491284192857074320E+01   -0.355168662339017427E+01   -0.843513856816731789E+01   -0.683768654173029056E+01   -0.765028330231814113E+01    0.663840507866797907E+03
    0.914860691664979409E+00    0.342947993463590819E+03   -0.391201043294526496E+01   -0.689800456134098638E+01   -0.425832588278398205E+01   -0.524081006671260496E+01   -0.935269642209655672E+01   -0.591592455294969444E+01   -0.819521527836197450E+01    0.663375849580595059E+03
    0.918647196374182795E+00    0.360100285161293414E+03   -0.586131724189570935E+01   -0.687121529548101684E+01   -0.450352239453026204E+01   -0.592498947643067009E+01   -0.824629616155905509E+01   -0.778028076108853561E+01   -0.817891549126416884E+01    0.664074231298088193E+03
    0.908656514532175441E+00    0.366711281564887997E+03   -0.177457063098310641E+01   -0.465749689828644353E+01   -0.394754985239507405E+01   -0.952476532864979575E+01   -0.735104310381789539E+01   -0.300177638302671834E+01   -0.991384617640422405E+01    0.663276617230881357E+03
    0.907175011159752964E+00    0.463572559032654453E+03   -0.220866775581882457E+01   -0.606389860343501041E+01   -0.338626191236702034E+01   -0.726603151373771361E+01   -0.695690083835429096E+01   -0.757366979661452522E+01   -0.761331732156999585E+01    0.664240275142833184E+03
    0.907641314970908608E+00    0.478504989971189900E+03   -0.282509184637864230E+01   -0.544218731796336996E+01   -0.300973084718557971E+01   -0.784380720672627696E+01   -0.732215039215746977E+01   -0.727888763008924933E+01   -0.890696673508861636E+01    0.664217376524445399E+03
    0.907641314970908608E+00    0.478504989971189900E+03   -0.282509184637864230E+01   -0.544218731796336996E+01   -0.300973084718557971E+01   -0.784380720672627696E+01   -0.732215039215746977E+01   -0.727888763008924933E+01   -0.890696673508861636E+01    0.664217376524445399E+03
    0.911394098265374097E+00    0.416035636284113480E+03   -0.271055569667174812E+01   -0.608206243451732043E+01   -0.311283465694481620E+01   -0.740655462251531205E+01   -0.746074332733202539E+01   -0.902342208389727318E+01   -0.893658901249634496E+01    0.663684745480928882E+03
    0.905533880468365915E+00    0.452426926408297959E+03   -0.191920763851829435E+01   -0.537181872664113236E+01   -0.278789504045105296E+01   -0.898471707845562229E+01   -0.588291563166524689E+01   -0.729925385374976976E+01   -0.914816831254757723E+01    0.664064496411433538E+03
    0.905533880468365915E+00    0.452426926408297959E+03   -0.191920763851829435E+01   -0.537181872664113236E+01   -0.278789504045105296E+01   -0.898471707845562229E+01   -0.588291563166524689E+01   -0.729925385374976976E+01   -0.914816831254757723E+01    0.664064496411433538E+03
    0.909799844005672265E+00    0.359568214426629993E+03   -0.251111127889449826E+01   -0.979797061840203298E+01   -0.236866142165617077E+01   -0.657609854205625677E+01   -0.610921730590613077E+01   -0.341269625910272989E+01   -0.940204374033606882E+01    0.664551300559933679E+03
    0.909799844005672265E+00    0.359568214426629993E+03   -0.251111127889449826E+01   -0.979797061840203298E+01   -0.236866142165617077E+01   -0.657609854205625677E+01   -0.610921730590613077E+01   -0.341269625910272989E+01   -0.940204374033606882E+01    0.664551300559933679E+03
    0.909205762018390984E+00    0.358454865537622140E+03   -0.215262336406475807E+01   -0.827236223541342852E+01   -0.269191589977647183E+01   -0.624595067608108945E+01   -0.732858565888293434E+01   -0.423323635961794587E+01   -0.826406315343819919E+01    0.663184488819681292E+03
    0.909521025511647374E+00    0.369854469804977043E+03   -0.290867164279981338E+01   -0.618756860899597427E+01   -0.196395021479431087E+01   -0.874900003612400035E+01   -0.657913910083654851E+01   -0.396664481764163490E+01   -0.815703053835490977E+01    0.664243230179074089E+03
    0.909521025511647374E+00    0.369854469804977043E+03   -0.290867164279981338E+01   -0.618756860899597427E+01   -0.196395021479431087E+01   -0.874900003612400035E+01   -0.657913910083654851E+01   -0.396664481764163490E+01   -0.815703053835490977E+01    0.664243230179074089E+03
    0.907639514498334909E+00    0.401910299924265132E+03   -0.203773787149474472E+01   -0.945592923174250188E+01   -0.292957388851261680E+01   -0.661182421180838986E+01   -0.618214251014060068E+01   -0.483331085560964802E+01   -0.865465598282207260E+01    0.663262879882370498E+03
    0.908042958025117142E+00    0.463134558351649446E+03   -0.292578347851481269E+01   -0.949180339339573109E+01   -0.294327370138040756E+01   -0.848611356069859823E+01   -0.594168777116922264E+01   -0.611927016708065530E+01   -0.870256462427792243E+01    0.663743296159239890E+03
    0.905743104559898593E+00    0.473803388223735851E+03   -0.226736616963760440E+01   -0.849775205746533935E+01   -0.295366778385608519E+01   -0.946249603246696580E+01   -0.612478166863436613E+01   -0.609673648597318607E+01   -0.698839669449859269E+01    0.664422727861858561E+03
    0.905743104559898593E+00    0.473803388223735851E+03   -0.226736616963760440E+01   -0.849775205746533935E+01   -0.295366778385608519E+01   -0.946249603246696580E+01   -0.612478166863436613E+01   -0.609673648597318607E+01   -0.698839669449859269E+01    0.664422727861858561E+03
    0.908040269374613240E+00    0.391374943136584818E+03   -0.201033009364801085E+01   -0.927333177095798966E+01   -0.265967763578103700E+01   -0.895204338030879754E+01   -0.594825536715364311E+01   -0.564299888943840511E+01   -0.931301354136732407E+01    0.663604983723416353E+03
    0.906128283201628526E+00    0.473795427902636561E+03   -0.210815908225728421E+01   -0.749280255652627503E+01   -0.354097317167858616E+01   -0.904712384845952222E+01   -0.524888008118420579E+01   -0.450931642236078556E+01   -0.790692788196336949E+01    0.663566602713850671E+03
    0.909555543915224751E+00    0.466608043539177004E+03   -0.320618872687672063E+01   -0.832934972318778577E+01   -0.354014464897183956E+01   -0.768729404456519561E+01   -0.675141938270444264E+01   -0.728140558972336382E+01   -0.869970087999909225E+01    0.664508194075025472E+03
    0.909555543915224751E+00    0.466608043539177004E+03   -0.320618872687672063E+01   -0.832934972318778577E+01   -0.354014464897183956E+01   -0.768729404456519561E+01   -0.675141938270444264E+01   -0.728140558972336382E+01   -0.869970087999909225E+01    0.664508194075025472E+03
    0.912209994110775302E+00    0.406197263553568177E+03   -0.381664279459199296E+01   -0.999678293316586064E+01   -0.406374001421973663E+01   -0.669961713994932584E+01   -0.722822751063934099E+01   -0.410714041338460323E+01   -0.873909881396554233E+01    0.664417561387078877E+03
    0.912209994110775302E+00    0.406197263553568177E+03   -0.381664279459199296E+01   -0.999678293316586064E+01   -0.406374001421973663E+01   -0.669961713994932584E+01   -0.722822751063934099E+01   -0.410714041338460323E+01   -0.873909881396554233E+01    0.664417561387078877E+03
    0.910981729474372171E+00    0.362820728075849843E+03   -0.193367877813307132E+01   -0.925592288092309445E+01   -0.241912156261130384E+01   -0.885760921590422612E+01   -0.713703081564823449E+01   -0.850917603800510314E+01   -0.843433862591475503E+01    0.664116990999815130E+03
    0.912101857316212628E+00    0.317473480836322210E+03   -0.200366035281594090E+01   -0.821205385261437115E+01   -0.299328267100061129E+01   -0.718768907549301517E+01   -0.611032396242365738E+01   -0.410081127316805549E+01   -0.771988598316420926E+01    0.664097851365979523E+03
    0.912101857316212628E+00    0.317473480836322210E+03   -0.200366035281594090E+01   -0.821205385261437115E+01   -0.299328267100061129E+01   -0.718768907549301517E+01   -0.611032396242365738E+01   -0.410081127316805549E+01   -0.771988598316420926E+01    0.664097851365979523E+03
    0.910592701008004601E+00    0.320238315719934008E+03   -0.132665474090021185E+01   -0.613199482973387333E+01   -0.246927542256569055E+01   -0.660690571294022178E+01   -0.716697637162377976E+01   -0.546889033159189353E+01   -0.915044961700653303E+01    0.664056714521037179E+03
    0.910592701008004601E+00    0.320238315719934008E+03   -0.132665474090021185E+01   -0.613199482973387333E+01   -0.246927542256569055E+01   -0.660690571294022178E+01   -0.716697637162377976E+01   -0.546889033159189353E+01   -0.915044961700653303E+01    0.664056714521037179E+03
    0.911915881541819018E+00    0.282630519334802273E+03   -0.134236149136925498E+01   -0.591972583687023057E+01   -0.165491889744973442E+01   -0.841760975130720901E+01   -0.526962467198046891E+01   -0.475811959324239009E+01   -0.746436555650151057E+01    0.663719354403222724E+03
    0.907505799731016305E+00    0.387856084256022200E+03   -0.196874460601906875E+01   -0.531234316504432691E+01   -0.209622934426358309E+01   -0.997547874894566888E+01   -0.740498896907712467E+01   -0.569909962993607699E+01   -0.851982136375301025E+01    0.664127122236362879E+03
    0.912771978656769956E+00    0.323001039668445515E+03   -0.271529715254632720E+01   -0.430182848312458965E+01   -0.380509967665198001E+01   -0.806309337076154975E+01   -0.628981331799416044E+01   -0.368313526195387020E+01   -0.900929462045004570E+01    0.663377492093747833E+03
    0.912667317240772991E+00    0.243387815134333636E+03   -0.111694051909482361E+01   -0.681239472070860241E+01   -0.107225042641072577E+01   -0.831423704446080691E+01   -0.566877193820025838E+01   -0.456411284034254550E+01   -0.623100646572180139E+01    0.664009034312984568E+03
    0.906455882323383810E+00    0.381459630001429332E+03   -0.112333059698171134E+01   -0.647630453662389449E+01   -0.230938845097927548E+01   -0.728525069186499508E+01   -0.583276524643848049E+01   -0.794110884358209823E+01   -0.822050451908435953E+01    0.663731628035567155E+03
    0.906663602426310833E+00    0.390869358135488369E+03   -0.139704203036013830E+01   -0.564762407370882258E+01   -0.281355429761559694E+01   -0.635675659718127939E+01   -0.590440997048126714E+01   -0.387920210128142884E+01   -0.989945982012044823E+01    0.663827204032884310E+03
    0.910294962169929112E+00    0.355742767355326123E+03   -0.322279401027519974E+01   -0.668840781447525679E+01   -0.199378000805233491E+01   -0.891533068114329019E+01   -0.691996632857985716E+01   -0.439994838691385404E+01   -0.638428622947643643E+01    0.664019579203148282E+03
    0.910294962169929112E+00    0.355742767355326123E+03   -0.322279401027519974E+01   -0.668840781447525679E+01   -0.199378000805233491E+01   -0.891533068114329019E+01   -0.691996632857985716E+01   -0.439994838691385404E+01   -0.638428622947643643E+01    0.664019579203148282E+03
    0.907453100999437545E+00    0.476323167552703580E+03   -0.270072462819871184E+01   -0.674871174626113302E+01   -0.399077537040668506E+01   -0.745559066365130096E+01   -0.691304709428170661E+01   -0.318445038558979299E+01   -0.920842903444282967E+01    0.664889712555847154E+03
    0.907453100999437545E+00    0.476323167552703580E+03   -0.270072462819871184E+01   -0.674871174626113302E+01   -0.399077537040668506E+01   -0.745559066365130096E+01   -0.691304709428170661E+01   -0.318445038558979299E+01   -0.920842903444282967E+01    0.664889712555847154E+03
    0.907453100999437545E+00    0.476323167552703580E+03   -0.270072462819871184E+01   -0.674871174626113302E+01   -0.399077537040668506E+01   -0.745559066365130096E+01   -0.691304709428170661E+01   -0.318445038558979299E+01   -0.920842903444282967E+01    0.664889712555847154E+03
    0.909641925974821408E+00    0.353431745189364506E+03   -0.159251255677536463E+01   -0.455744270743030278E+01   -0.224898016081047647E+01   -0.933163180221714228E+01   -0.722043941585991522E+01   -0.518187205279714558E+01   -0.934685678488023797E+01    0.664818500407994748E+03
    0.909641925974821408E+00    0.353431745189364506E+03   -0.159251255677536463E+01   -0.455744270743030278E+01   -0.224898016081047647E+01   -0.933163180221714228E+01   -0.722043941585991522E+01   -0.518187205279714558E+01   -0.934685678488023797E+01    0.664818500407994748E+03
    0.909641925974821408E+00    0.353431745189364506E+03   -0.159251255677536463E+01   -0.455744270743030278E+01   -0.224898016081047647E+01   -0.933163180221714228E+01   -0.722043941585991522E+01   -0.518187205279714558E+01   -0.934685678488023797E+01    0.664818500407994748E+03
    0.911445477462800913E+00    0.307526001107994659E+03   -0.172282015210192263E+01   -0.495627062891851811E+01   -0.127368723700900865E+01   -0.794743360766451623E+01   -0.661078798055004668E+01   -0.546853678133552989E+01   -0.721513960588274905E+01    0.663816856937195325E+03
    0.905756397629645327E+00    0.426437967111004070E+03   -0.142649025518457151E+01   -0.586904975049470146E+01   -0.308381158955265899E+01   -0.502449914208379234E+01   -0.807446223057099566E+01   -0.267198059476248062E+01   -0.868102079861619025E+01    0.665264178532466190E+03
    0.905756397629645327E+00    0.426437967111004070E+03   -0.142649025518457151E+01   -0.586904975049470146E+01   -0.308381158955265899E+01   -0.502449914208379234E+01   -0.807446223057099566E+01   -0.267198059476248062E+01   -0.868102079861619025E+01    0.665264178532466190E+03
    0.905756397629645327E+00    0.426437967111004070E+03   -0.142649025518457151E+01   -0.586904975049470146E+01   -0.308381158955265899E+01   -0.502449914208379234E+01   -0.807446223057099566E+01   -0.267198059476248062E+01   -0.868102079861619025E+01    0.665264178532466190E+03
    0.905756397629645327E+00    0.426437967111004070E+03   -0.142649025518457151E+01   -0.586904975049470146E+01   -0.308381158955265899E+01   -0.502449914208379234E+01   -0.807446223057099566E+01   -0.267198059476248062E+01   -0.868102079861619025E+01    0.665264178532466190E+03
    0.905756397629645327E+00    0.426437967111004070E+03   -0.142649025518457151E+01   -0.586904975049470146E+01   -0.308381158955265899E+01   -0.502449914208379234E+01   -0.807446223057099566E+01   -0.267198059476248062E+01   -0.868102079861619025E+01    0.665264178532466190E+03
    0.905233859285372366E+00    0.444825014352744404E+03   -0.164960239708144663E+01   -0.684637995011604161E+01   -0.241394593245102751E+01   -0.583085576465645428E+01   -0.759423935731789967E+01   -0.474883520028176420E+01   -0.592164859819428901E+01    0.664574059983822622E+03
    0.905233859285372366E+00    0.444825014352744404E+03   -0.164960239708144663E+01   -0.684637995011604161E+01   -0.241394593245102751E+01   -0.583085576465645428E+01   -0.759423935731789967E+01   -0.474883520028176420E+01   -0.592164859819428901E+01    0.664574059983822622E+03
    0.905233859285372366E+00    0.444825014352744404E+03   -0.164960239708144663E+01   -0.684637995011604161E+01   -0.241394593245102751E+01   -0.583085576465645428E+01   -0.759423935731789967E+01   -0.474883520028176420E+01   -0.592164859819428901E+01    0.664574059983822622E+03
    0.906946818909063035E+00    0.427768141987969784E+03   -0.158258854040648878E+01   -0.754238733166021813E+01   -0.400243258358056764E+01   -0.686888821821422990E+01   -0.735004421737871017E+01   -0.394734944643866470E+01   -0.584168007036428083E+01    0.663946711206862346E+03
    0.905054607193034211E+00    0.424896243721401220E+03   -0.222445859087104125E+01   -0.695771709618685819E+01   -0.177677329373674553E+01   -0.700516755629343457E+01   -0.601651700176604010E+01   -0.273637315627567101E+01   -0.530991605824266877E+01    0.663653878299058192E+03
    0.906045939111853382E+00    0.388370434578961522E+03   -0.116248320904487379E+01   -0.760781674185435186E+01   -0.254746945969104921E+01   -0.670349921114394576E+01   -0.709762241647617564E+01   -0.439744585746767847E+01   -0.639421015379496538E+01    0.663608833575108861E+03
    0.906833248265875635E+00    0.419657549152405863E+03   -0.163120174416530617E+01   -0.820019053589116886E+01   -0.288667113222880189E+01   -0.839340614321199041E+01   -0.778921312366600382E+01   -0.220528674318750006E+01   -0.712678417053129820E+01    0.663895905564980694E+03
    0.901738342759847211E+00    0.479324428199500630E+03   -0.146013577335927813E+01   -0.577950425616321883E+01   -0.270549647287782857E+01   -0.679469895875561747E+01   -0.793060806345715896E+01   -0.302886110389534302E+01   -0.512230392844527138E+01    0.664589983429532253E+03
    0.901738342759847211E+00    0.479324428199500630E+03   -0.146013577335927813E+01   -0.577950425616321883E+01   -0.270549647287782857E+01   -0.679469895875561747E+01   -0.793060806345715896E+01   -0.302886110389534302E+01   -0.512230392844527138E+01    0.664589983429532253E+03
    0.901738342759847211E+00    0.479324428199500630E+03   -0.146013577335927813E+01   -0.577950425616321883E+01   -0.270549647287782857E+01   -0.679469895875561747E+01   -0.793060806345715896E+01   -0.302886110389534302E+01   -0.512230392844527138E+01    0.664589983429532253E+03
    0.906122140001295207E+00    0.453114307330974896E+03   -0.201624848623622377E+01   -0.902437070581670575E+01   -0.476746784437510573E+01   -0.819109143997893341E+01   -0.632291278179982363E+01   -0.333212126944996978E+01   -0.686503548653236439E+01    0.663577321732572500E+03
    0.900389894637048105E+00    0.460028565566305929E+03   -0.115126965319938535E+01   -0.926635348711161733E+01   -0.184682217268412607E+01   -0.810243276076245778E+01   -0.671880334049888184E+01   -0.185347253223286756E+01   -0.809116441866288838E+01    0.663824534031746111E+03
    0.903520159301909653E+00    0.479344286783216944E+03   -0.211338960594228009E+01   -0.888789533156630540E+01   -0.302739434180592060E+01   -0.711987860284454399E+01   -0.706343071685868651E+01   -0.336667960217187723E+01   -0.771235360382597346E+01    0.663427316188997452E+03
    0.905469131445266751E+00    0.360512623672093014E+03   -0.107213253923985796E+01   -0.673683224600993036E+01   -0.154779687252660381E+01   -0.610115143940512539E+01   -0.729474822535140976E+01   -0.188189473262572093E+01   -0.562343356464345678E+01    0.664649672261918795E+03
    0.905469131445266751E+00    0.360512623672093014E+03   -0.107213253923985796E+01   -0.673683224600993036E+01   -0.154779687252660381E+01   -0.610115143940512539E+01   -0.729474822535140976E+01   -0.188189473262572093E+01   -0.562343356464345678E+01    0.664649672261918795E+03
    0.907560092722777489E+00    0.397674977657957584E+03   -0.216807299868021186E+01   -0.776481172263768649E+01   -0.195621763069077836E+01   -0.828518534973478182E+01   -0.670155573173608499E+01   -0.248889222920951170E+01   -0.811678333332743307E+01    0.663778138602331296E+03
    0.906353486674952635E+00    0.412555714132509024E+03   -0.183111320608840167E+01   -0.769601629209498306E+01   -0.237858747499659007E+01   -0.678941025074545568E+01   -0.620687613848104469E+01   -0.332273311126007798E+01   -0.738354601207773964E+01    0.665097370869603083E+03
    0.906353486674952635E+00    0.412555714132509024E+03   -0.183111320608840167E+01   -0.769601629209498306E+01   -0.237858747499659007E+01   -0.678941025074545568E+01   -0.620687613848104469E+01   -0.332273311126007798E+01   -0.738354601207773964E+01    0.665097370869603083E+03
    0.906353486674952635E+00    0.412555714132509024E+03   -0.183111320608840167E+01   -0.769601629209498306E+01   -0.237858747499659007E+01   -0.678941025074545568E+01   -0.620687613848104469E+01   -0.332273311126007798E+01   -0.738354601207773964E+01    0.665097370869603083E+03
    0.906353486674952635E+00    0.412555714132509024E+03   -0.183111320608840167E+01   -0.769601629209498306E+01   -0.237858747499659007E+01   -0.678941025074545568E+01   -0.620687613848104469E+01   -0.332273311126007798E+01   -0.738354601207773964E+01    0.665097370869603083E+03
    0.905219975483796513E+00    0.494256729738914771E+03   -0.241616846719106437E+01   -0.716547240915450878E+01   -0.433381568058360056E+01   -0.718867070979497935E+01   -0.813736922691007436E+01   -0.296886551795864495E+01   -0.653117158759997896E+01    0.664263032687824079E+03
    0.905219975483796513E+00    0.494256729738914771E+03   -0.241616846719106437E+01   -0.716547240915450878E+01   -0.433381568058360056E+01   -0.718867070979497935E+01   -0.813736922691007436E+01   -0.296886551795864495E+01   -0.653117158759997896E+01    0.664263032687824079E+03
    0.903405353481341766E+00    0.417519636310209876E+03   -0.113429944056703746E+01   -0.673412119525892461E+01   -0.230151037177850259E+01   -0.383100982663582901E+01   -0.725768543976125358E+01   -0.240609694856404666E+01   -0.622631671450792012E+01    0.664678888964944122E+03
    0.903405353481341766E+00    0.417519636310209876E+03   -0.113429944056703746E+01   -0.673412119525892461E+01   -0.230151037177850259E+01   -0.383100982663582901E+01   -0.725768543976125358E+01   -0.240609694856404666E+01   -0.622631671450792012E+01    0.664678888964944122E+03
    0.908159866315383812E+00    0.412535483166024051E+03   -0.184221039574411272E+01   -0.584406054568592648E+01   -0.375303392060433616E+01   -0.454418743612198384E+01   -0.772310193729352878E+01   -0.374456076406491434E+01   -0.827517386258249310E+01    0.664567232749309596E+03
    0.908159866315383812E+00    0.412535483166024051E+03   -0.184221039574411272E+01   -0.584406054568592648E+01   -0.375303392060433616E+01   -0.454418743612198384E+01   -0.772310193729352878E+01   -0.374456076406491434E+01   -0.827517386258249310E+01    0.664567232749309596E+03
    0.908768137546394184E+00    0.441005301814508243E+03   -0.228272109536308498E+01   -0.651601547337974374E+01   -0.547848497926094335E+01   -0.861324630450697271E+01   -0.718387675487590727E+01   -0.412824197096161338E+01   -0.770759533398444852E+01    0.663564600635214447E+03
    0.908514268994218832E+00    0.444350637778389682E+03   -0.236349015658744488E+01   -0.537673619500388433E+01   -0.512288708866741338E+01   -0.970149002931455406E+01   -0.760728612798295956E+01   -0.379880932479121025E+01   -0.856807746663241154E+01    0.664211921193361718E+03
    0.908514268994218832E+00    0.444350637778389682E+03   -0.236349015658744488E+01   -0.537673619500388433E+01   -0.512288708866741338E+01   -0.970149002931455406E+01   -0.760728612798295956E+01   -0.379880932479121025E+01   -0.856807746663241154E+01    0.664211921193361718E+03
    0.910304036199297784E+00    0.384318184751969227E+03   -0.304461428135449719E+01   -0.813544095933105638E+01   -0.246058711471444180E+01   -0.658006889117964811E+01   -0.791738988060924154E+01   -0.485549842686658017E+01   -0.663266367082434272E+01    0.664560427080936620E+03
    0.910304036199297784E+00    0.384318184751969227E+03   -0.304461428135449719E+01   -0.813544095933105638E+01   -0.246058711471444180E+01   -0.658006889117964811E+01   -0.791738988060924154E+01   -0.485549842686658017E+01   -0.663266367082434272E+01    0.664560427080936620E+03
    0.910304036199297784E+00    0.384318184751969227E+03   -0.304461428135449719E+01   -0.813544095933105638E+01   -0.246058711471444180E+01   -0.658006889117964811E+01   -0.791738988060924154E+01   -0.485549842686658017E+01   -0.663266367082434272E+01    0.664560427080936620E+03
    0.907599800984515759E+00    0.404917040437949368E+03   -0.175963691315616444E+01   -0.661482247164240267E+01   -0.517218179631620067E+01   -0.990790134729657446E+01   -0.710980284389752892E+01   -0.268054202629175808E+01   -0.726560721173667012E+01    0.663726818016200809E+03
    0.904654815375249721E+00    0.422558161439745106E+03   -0.123373180815416639E+01   -0.612951887716071120E+01   -0.630163402666239847E+01   -0.887644983696197443E+01   -0.710739880365988785E+01   -0.183562674351821187E+01   -0.672792754505512036E+01    0.663219637922152742E+03
    0.904937945311015124E+00    0.466467475987386820E+03   -0.161513250639110595E+01   -0.755971375391770017E+01   -0.310441058088474087E+01   -0.885363494321813782E+01   -0.812122603090401896E+01   -0.749697169022281784E+01   -0.537392289244593790E+01    0.663949430179715819E+03
    0.904937945311015124E+00    0.466467475987386820E+03   -0.161513250639110595E+01   -0.755971375391770017E+01   -0.310441058088474087E+01   -0.885363494321813782E+01   -0.812122603090401896E+01   -0.749697169022281784E+01   -0.537392289244593790E+01    0.663949430179715819E+03
    0.909870256180158155E+00    0.443604982030954375E+03   -0.362757742925772675E+01   -0.585165523250756792E+01   -0.352517007440948671E+01   -0.890474755239708315E+01   -0.765705271421426659E+01   -0.373955769018898820E+01   -0.659926213395690819E+01    0.664434619596503808E+03
    0.909870256180158155E+00    0.443604982030954375E+03   -0.362757742925772675E+01   -0.585165523250756792E+01   -0.352517007440948671E+01   -0.890474755239708315E+01   -0.765705271421426659E+01   -0.373955769018898820E+01   -0.659926213395690819E+01    0.664434619596503808E+03
    0.908211119100867048E+00    0.466298802708739913E+03   -0.273471913531196531E+01   -0.582674544091078239E+01   -0.456582508015707145E+01   -0.723231592856231664E+01   -0.711202452076431868E+01   -0.431490194694946450E+01   -0.592318477055911252E+01    0.664233724698835204E+03
    0.908211119100867048E+00    0.466298802708739913E+03   -0.273471913531196531E+01   -0.582674544091078239E+01   -0.456582508015707145E+01   -0.723231592856231664E+01   -0.711202452076431868E+01   -0.431490194694946450E+01   -0.592318477055911252E+01    0.664233724698835204E+03
    0.911482326772987239E+00    0.478758210700058044E+03   -0.310309492096636230E+01   -0.623027213758771126E+01   -0.456195029225108240E+01   -0.948914701396392957E+01   -0.748009680272603372E+01   -0.472864513132682607E+01   -0.696797510022214084E+01    0.663997451586545139E+03
    0.911482326772987239E+00    0.478758210700058044E+03   -0.310309492096636230E+01   -0.623027213758771126E+01   -0.456195029225108240E+01   -0.948914701396392957E+01   -0.748009680272603372E+01   -0.472864513132682607E+01   -0.696797510022214084E+01    0.663997451586545139E+03
    0.913834376828972728E+00    0.330576669885281831E+03   -0.239070474174253711E+01   -0.821375838995382423E+01   -0.319156060025922095E+01   -0.655963830080367849E+01   -0.692495456869466786E+01   -0.413759185691638542E+01   -0.589015343378225253E+01    0.663180729768682454E+03
    0.911496350577582493E+00    0.353928297717268833E+03   -0.382839350318184302E+01   -0.719281533168732956E+01   -0.222323774677095365E+01   -0.845475414890655230E+01   -0.779401680694369947E+01   -0.364050355163653716E+01   -0.466513387506092325E+01    0.663531576965552631E+03
    0.908310849790454511E+00    0.343861662049188112E+03   -0.104544221981713648E+01   -0.841590352158158161E+01   -0.337108139420454389E+01   -0.992585022146336016E+01   -0.768128897665688637E+01   -0.286435099268629045E+01   -0.578514533963051569E+01    0.663684823557549407E+03
    0.913691205476949153E+00    0.272844360149127397E+03   -0.157473239054645653E+01   -0.732929177787297359E+01   -0.197166573332193451E+01   -0.832347693213690221E+01   -0.795047184466178614E+01   -0.247067261207346789E+01   -0.626615895117080157E+01    0.663672174164612557E+03
    0.909602143834076560E+00    0.401691444227020270E+03   -0.351093135901204789E+01   -0.661508119584661891E+01   -0.286406024845163820E+01   -0.734948400286939751E+01   -0.753503622920089988E+01   -0.312816851591926870E+01   -0.814715695795332984E+01    0.663800772626547314E+03
    0.909931862191068475E+00    0.413671481700687650E+03   -0.251119969264708232E+01   -0.712799320099810707E+01   -0.415657133634197962E+01   -0.755702241350133441E+01   -0.730382509410649838E+01   -0.349642250666614895E+01   -0.792700345906614423E+01    0.665026634301272338E+03
    0.909931862191068475E+00    0.413671481700687650E+03   -0.251119969264708232E+01   -0.712799320099810707E+01   -0.415657133634197962E+01   -0.755702241350133441E+01   -0.730382509410649838E+01   -0.349642250666614895E+01   -0.792700345906614423E+01    0.665026634301272338E+03
    0.909931862191068475E+00    0.413671481700687650E+03   -0.251119969264708232E+01   -0.712799320099810707E+01   -0.415657133634197962E+01   -0.755702241350133441E+01   -0.730382509410649838E+01   -0.349642250666614895E+01   -0.792700345906614423E+01    0.665026634301272338E+03
    0.910440415580846762E+00    0.329511713290523232E+03   -0.236777666365353756E+01   -0.592061554254013167E+01   -0.163680810486491524E+01   -0.845717264082790798E+01   -0.727807510967565996E+01   -0.243504779940168348E+01   -0.794032955942435237E+01    0.664520198808756845E+03
    0.910440415580846762E+00    0.329511713290523232E+03   -0.236777666365353756E+01   -0.592061554254013167E+01   -0.163680810486491524E+01   -0.845717264082790798E+01   -0.727807510967565996E+01   -0.243504779940168348E+01   -0.794032955942435237E+01    0.664520198808756845E+03
    0.910268341418560722E+00    0.313296739188711456E+03   -0.117355280778793691E+01   -0.554719867207225636E+01   -0.242122688050601109E+01   -0.711906807536786523E+01   -0.701790573838522658E+01   -0.361824235056354926E+01   -0.579828399901441038E+01    0.664389554578570142E+03
    0.911332100837956682E+00    0.331147701329561642E+03   -0.217292148005571750E+01   -0.603383816813560436E+01   -0.225801282213127852E+01   -0.913381006801913742E+01   -0.768868888177731868E+01   -0.447849734738210969E+01   -0.724785824389852529E+01    0.665075021247677455E+03
    0.911332100837956682E+00    0.331147701329561642E+03   -0.217292148005571750E+01   -0.603383816813560436E+01   -0.225801282213127852E+01   -0.913381006801913742E+01   -0.768868888177731868E+01   -0.447849734738210969E+01   -0.724785824389852529E+01    0.665075021247677455E+03
    0.911332100837956682E+00    0.331147701329561642E+03   -0.217292148005571750E+01   -0.603383816813560436E+01   -0.225801282213127852E+01   -0.913381006801913742E+01   -0.768868888177731868E+01   -0.447849734738210969E+01   -0.724785824389852529E+01    0.665075021247677455E+03
    0.911332100837956682E+00    0.331147701329561642E+03   -0.217292148005571750E+01   -0.603383816813560436E+01   -0.225801282213127852E+01   -0.913381006801913742E+01   -0.768868888177731868E+01   -0.447849734738210969E+01   -0.724785824389852529E+01    0.665075021247677455E+03
    0.910439073970381707E+00    0.347125517375085167E+03   -0.251830884386768084E+01   -0.762561904088227749E+01   -0.241193058998393361E+01   -0.802467139519814232E+01   -0.741790240121349687E+01   -0.297015795170887653E+01   -0.488909487666745690E+01    0.664587937090381843E+03
    0.910439073970381707E+00    0.347125517375085167E+03   -0.251830884386768084E+01   -0.762561904088227749E+01   -0.241193058998393361E+01   -0.802467139519814232E+01   -0.741790240121349687E+01   -0.297015795170887653E+01   -0.488909487666745690E+01    0.664587937090381843E+03
    0.911972188866047140E+00    0.266538073659843462E+03   -0.115718234859508584E+01   -0.757193645941510773E+01   -0.251740218839307772E+01   -0.970780869234232036E+01   -0.666070034930358013E+01   -0.254739246318066481E+01   -0.540395455838875538E+01    0.663896749527075372E+03
    0.912028622684367907E+00    0.387640167261460647E+03   -0.270906841627186168E+01   -0.705471515329902665E+01   -0.641187553657032971E+01   -0.619602772677075375E+01   -0.804818510069500093E+01   -0.337748312960694896E+01   -0.730230254233554810E+01    0.663736350142081506E+03
    0.910712758179668569E+00    0.394214989256235015E+03   -0.215214087347776939E+01   -0.922163515243058995E+01   -0.864459265490999051E+01   -0.629639073103477642E+01   -0.937604328070005266E+01   -0.357048131249212908E+01   -0.608530333166542370E+01    0.663432806535371924E+03
    0.914780040558257790E+00    0.336809838628925377E+03   -0.351510822262994438E+01   -0.469451573393177490E+01   -0.612631197709109454E+01   -0.866489180082692023E+01   -0.870710422148839491E+01   -0.439781134981733857E+01   -0.840731418312717516E+01    0.663466881741230964E+03
    0.911636068379904296E+00    0.443232104363512349E+03   -0.315029003838992594E+01   -0.517588269185980110E+01   -0.439915439158409960E+01   -0.688245122625336769E+01   -0.802776232777209131E+01   -0.511952588633396832E+01   -0.915188112602239023E+01    0.665124194250109554E+03
    0.911636068379904296E+00    0.443232104363512349E+03   -0.315029003838992594E+01   -0.517588269185980110E+01   -0.439915439158409960E+01   -0.688245122625336769E+01   -0.802776232777209131E+01   -0.511952588633396832E+01   -0.915188112602239023E+01    0.665124194250109554E+03
    0.911636068379904296E+00    0.443232104363512349E+03   -0.315029003838992594E+01   -0.517588269185980110E+01   -0.439915439158409960E+01   -0.688245122625336769E+01   -0.802776232777209131E+01   -0.511952588633396832E+01   -0.915188112602239023E+01    0.665124194250109554E+03
    0.911636068379904296E+00    0.443232104363512349E+03   -0.315029003838992594E+01   -0.517588269185980110E+01   -0.439915439158409960E+01   -0.688245122625336769E+01   -0.802776232777209131E+01   -0.511952588633396832E+01   -0.915188112602239023E+01    0.665124194250109554E+03
    0.910528670098716075E+00    0.480109464415798755E+03   -0.338277911220264205E+01   -0.482290765596395321E+01   -0.679566364387435051E+01   -0.701711306845445915E+01   -0.739808124863126615E+01   -0.450407251776410877E+01   -0.697081093618780390E+01    0.663868205146010155E+03
    0.910528670098716075E+00    0.480109464415798755E+03   -0.338277911220264205E+01   -0.482290765596395321E+01   -0.679566364387435051E+01   -0.701711306845445915E+01   -0.739808124863126615E+01   -0.450407251776410877E+01   -0.697081093618780390E+01    0.663868205146010155E+03
    0.910212619571576731E+00    0.417636643729074535E+03   -0.244815580548253475E+01   -0.490161407625471934E+01   -0.720695598512131674E+01   -0.738618304699281758E+01   -0.867433902177676153E+01   -0.293399819917590321E+01   -0.846197426007252673E+01    0.663386052697076479E+03
    0.913836878418842091E+00    0.412617769650005869E+03   -0.411231505971319944E+01   -0.867929026128849657E+01   -0.403264136275287299E+01   -0.820072029825965565E+01   -0.793968303764377570E+01   -0.662481788726571530E+01   -0.725469369354229876E+01    0.664710085129830077E+03
    0.913836878418842091E+00    0.412617769650005869E+03   -0.411231505971319944E+01   -0.867929026128849657E+01   -0.403264136275287299E+01   -0.820072029825965565E+01   -0.793968303764377570E+01   -0.662481788726571530E+01   -0.725469369354229876E+01    0.664710085129830077E+03
    0.913836878418842091E+00    0.412617769650005869E+03   -0.411231505971319944E+01   -0.867929026128849657E+01   -0.403264136275287299E+01   -0.820072029825965565E+01   -0.793968303764377570E+01   -0.662481788726571530E+01   -0.725469369354229876E+01    0.664710085129830077E+03
    0.916443176454367459E+00    0.468928111279940538E+03   -0.507070007850842153E+01   -0.867587807452884618E+01   -0.435891029981976530E+01   -0.732572699211906464E+01   -0.822578932275662922E+01   -0.747411148169151041E+01   -0.823410917626463501E+01    0.663419941510766648E+03
    0.916827560361829552E+00    0.422316101122681687E+03   -0.557885882723714310E+01   -0.761519498424738295E+01   -0.523519325535487745E+01   -0.741512116082119732E+01   -0.909412704003728933E+01   -0.565533995524764155E+01   -0.643859999688750229E+01    0.663520096565287986E+03
    0.912574186366883700E+00    0.436965956855448212E+03   -0.336231378640069600E+01   -0.879820050238213369E+01   -0.691291536945140628E+01   -0.596996059248333832E+01   -0.955566302808613699E+01   -0.387233614660433378E+01   -0.893376871858513333E+01    0.664015266862051135E+03
    0.914709882669916041E+00    0.464752908937412769E+03   -0.446978582797285462E+01   -0.727057735167277031E+01   -0.699461267959084143E+01   -0.605710687199823106E+01   -0.943893210013225747E+01   -0.505207391351632396E+01   -0.925055363877499737E+01    0.664096864627336686E+03
    0.916538392644634992E+00    0.493491830807025053E+03   -0.475923120198651262E+01   -0.709229980426719475E+01   -0.777974486738510862E+01   -0.568481465188610890E+01   -0.903768211231599672E+01   -0.512096620432379979E+01   -0.735111925290695734E+01    0.663270782297555797E+03
    0.914072440418491450E+00    0.367343373566495984E+03   -0.338010886906947849E+01   -0.972529703272212842E+01   -0.797216454644378558E+01   -0.751131374344111613E+01   -0.963660559077830037E+01   -0.379328599295550362E+01   -0.731489628403702596E+01    0.663606044262780983E+03
    0.914798522055475960E+00    0.465970642030062379E+03   -0.446385357828230322E+01   -0.859850013166180105E+01   -0.661049609239529534E+01   -0.935583981105064666E+01   -0.972119553025402006E+01   -0.506479877246187815E+01   -0.776815654006967193E+01    0.664572198977537482E+03
    0.914798522055475960E+00    0.465970642030062379E+03   -0.446385357828230322E+01   -0.859850013166180105E+01   -0.661049609239529534E+01   -0.935583981105064666E+01   -0.972119553025402006E+01   -0.506479877246187815E+01   -0.776815654006967193E+01    0.664572198977537482E+03
    0.914798522055475960E+00    0.465970642030062379E+03   -0.446385357828230322E+01   -0.859850013166180105E+01   -0.661049609239529534E+01   -0.935583981105064666E+01   -0.972119553025402006E+01   -0.506479877246187815E+01   -0.776815654006967193E+01    0.664572198977537482E+03
    0.911710358828327960E+00    0.420790619485109914E+03   -0.289349360151810941E+01   -0.883998801393731526E+01   -0.489113759473540632E+01   -0.677420785292024874E+01   -0.924098473338857929E+01   -0.537624213079219615E+01   -0.713027938288729679E+01    0.663359283992341034E+03
    0.913995092609525495E+00    0.372400098215512230E+03   -0.383773035374403371E+01   -0.839499369828514830E+01   -0.457703555191920941E+01   -0.870220111767943294E+01   -0.816475246205016170E+01   -0.426155650504853600E+01   -0.928356570859027919E+01    0.664502261515634700E+03
    0.913995092609525495E+00    0.372400098215512230E+03   -0.383773035374403371E+01   -0.839499369828514830E+01   -0.457703555191920941E+01   -0.870220111767943294E+01   -0.816475246205016170E+01   -0.426155650504853600E+01   -0.928356570859027919E+01    0.664502261515634700E+03
    0.913995092609525495E+00    0.372400098215512230E+03   -0.383773035374403371E+01   -0.839499369828514830E+01   -0.457703555191920941E+01   -0.870220111767943294E+01   -0.816475246205016170E+01   -0.426155650504853600E+01   -0.928356570859027919E+01    0.664502261515634700E+03
    0.913788247581175050E+00    0.483949321143047314E+03   -0.463030577290758494E+01   -0.549549153071986130E+01   -0.520965807273221060E+01   -0.931837425603878877E+01   -0.902398237628915645E+01   -0.527978956433050062E+01   -0.724372365602855162E+01    0.664853983526001798E+03
    0.913788247581175050E+00    0.483949321143047314E+03   -0.463030577290758494E+01   -0.549549153071986130E+01   -0.520965807273221060E+01   -0.931837425603878877E+01   -0.902398237628915645E+01   -0.527978956433050062E+01   -0.724372365602855162E+01    0.664853983526001798E+03
    0.913788247581175050E+00    0.483949321143047314E+03   -0.463030577290758494E+01   -0.549549153071986130E+01   -0.520965807273221060E+01   -0.931837425603878877E+01   -0.902398237628915645E+01   -0.527978956433050062E+01   -0.724372365602855162E+01    0.664853983526001798E+03
    0.917897155460638658E+00    0.490409410201812420E+03   -0.483374959522470515E+01   -0.533071023899121865E+01   -0.728674792352101441E+01   -0.768598617510366466E+01   -0.953898946507314527E+01   -0.564208725994158034E+01   -0.950209552361353538E+01    0.663391360368398182E+03
    0.918769824156479453E+00    0.442892757503107191E+03   -0.562024870281009470E+01   -0.527644970729551588E+01   -0.639714774221654281E+01   -0.770799154148609578E+01   -0.887379735829965810E+01   -0.613186298204954117E+01   -0.728688933353357182E+01    0.664249708271959321E+03
    0.912885709256957778E+00    0.400079288135282582E+03   -0.326320696624863160E+01   -0.803921240020735794E+01   -0.410302298974692281E+01   -0.711607048175550005E+01   -0.787753255965500720E+01   -0.527537162726010411E+01   -0.727661089065494160E+01    0.664986491255166129E+03
    0.912885709256957778E+00    0.400079288135282582E+03   -0.326320696624863160E+01   -0.803921240020735794E+01   -0.410302298974692281E+01   -0.711607048175550005E+01   -0.787753255965500720E+01   -0.527537162726010411E+01   -0.727661089065494160E+01    0.664986491255166129E+03
    0.912885709256957778E+00    0.400079288135282582E+03   -0.326320696624863160E+01   -0.803921240020735794E+01   -0.410302298974692281E+01   -0.711607048175550005E+01   -0.787753255965500720E+01   -0.527537162726010411E+01   -0.727661089065494160E+01    0.664986491255166129E+03
    0.913296157154860344E+00    0.452607730633977098E+03   -0.365563920169075462E+01   -0.605377550794474217E+01   -0.697849204809618850E+01   -0.477645843087639221E+01   -0.891029384560258109E+01   -0.417723201021826895E+01   -0.737367932111411406E+01    0.663844731821380265E+03
    0.914688220657228324E+00    0.470251755435363521E+03   -0.441659012963648223E+01   -0.798618449360579241E+01   -0.494145651789146445E+01   -0.571758614454953040E+01   -0.983822116415665882E+01   -0.529338488103084615E+01   -0.860711597431463460E+01    0.665536377180658292E+03
    0.914688220657228324E+00    0.470251755435363521E+03   -0.441659012963648223E+01   -0.798618449360579241E+01   -0.494145651789146445E+01   -0.571758614454953040E+01   -0.983822116415665882E+01   -0.529338488103084615E+01   -0.860711597431463460E+01    0.665536377180658292E+03
    0.914688220657228324E+00    0.470251755435363521E+03   -0.441659012963648223E+01   -0.798618449360579241E+01   -0.494145651789146445E+01   -0.571758614454953040E+01   -0.983822116415665882E+01   -0.529338488103084615E+01   -0.860711597431463460E+01    0.665536377180658292E+03
    0.914688220657228324E+00    0.470251755435363521E+03   -0.441659012963648223E+01   -0.798618449360579241E+01   -0.494145651789146445E+01   -0.571758614454953040E+01   -0.983822116415665882E+01   -0.529338488103084615E+01   -0.860711597431463460E+01    0.665536377180658292E+03
    0.914688220657228324E+00    0.470251755435363521E+03   -0.441659012963648223E+01   -0.798618449360579241E+01   -0.494145651789146445E+01   -0.571758614454953040E+01   -0.983822116415665882E+01   -0.529338488103084615E+01   -0.860711597431463460E+01    0.665536377180658292E+03
    0.914688220657228324E+00    0.470251755435363521E+03   -0.441659012963648223E+01   -0.798618449360579241E+01   -0.494145651789146445E+01   -0.571758614454953040E+01   -0.983822116415665882E+01   -0.529338488103084615E+01   -0.860711597431463460E+01    0.665536377180658292E+03
    0.911817056905627088E+00    0.440845221621911264E+03   -0.312572921522436609E+01   -0.790457917228912876E+01   -0.467816289857471990E+01   -0.823426871162277152E+01   -0.847088971616514463E+01   -0.545117553738540028E+01   -0.898541813881826990E+01    0.664144078759413674E+03
    0.911817056905627088E+00    0.440845221621911264E+03   -0.312572921522436609E+01   -0.790457917228912876E+01   -0.467816289857471990E+01   -0.823426871162277152E+01   -0.847088971616514463E+01   -0.545117553738540028E+01   -0.898541813881826990E+01    0.664144078759413674E+03
    0.909682766248575136E+00    0.395922120729514745E+03   -0.222998460782325925E+01   -0.555166823159836120E+01   -0.549446500527244286E+01   -0.810929177919421029E+01   -0.917847409453009000E+01   -0.372016821558734723E+01   -0.914097232183746833E+01    0.663246853645811598E+03
    0.917262951868871745E+00    0.496123889806162254E+03   -0.502097231682550049E+01   -0.546821238738225279E+01   -0.876620196865697210E+01   -0.646781453515328408E+01   -0.906411717663346117E+01   -0.550904226940470387E+01   -0.870742219123520300E+01    0.664398447887202565E+03
    0.917262951868871745E+00    0.496123889806162254E+03   -0.502097231682550049E+01   -0.546821238738225279E+01   -0.876620196865697210E+01   -0.646781453515328408E+01   -0.906411717663346117E+01   -0.550904226940470387E+01   -0.870742219123520300E+01    0.664398447887202565E+03
    0.913465545888211383E+00    0.415817724674259807E+03   -0.368112532020935923E+01   -0.802790998010419088E+01   -0.346412529287045245E+01   -0.748502177392133206E+01   -0.888785483411272104E+01   -0.421897677312140296E+01   -0.778791239088936393E+01    0.663428052234780239E+03
    0.905730116713792666E+00    0.450111664492659770E+03   -0.241220040095099808E+01   -0.932727649555604543E+01   -0.378299826777552806E+01   -0.678494768081028976E+01   -0.869331243895386763E+01   -0.349610056411228154E+01   -0.399785929351383373E+01    0.663235175829652462E+03
    0.908208059511320220E+00    0.369088876047897429E+03   -0.278815439580881552E+01   -0.978510187954843147E+01   -0.164560752337550298E+01   -0.836866787773608678E+01   -0.984847372743329785E+01   -0.260604888478321506E+01   -0.462852142817477130E+01    0.663687384481844674E+03
    0.906671345651929306E+00    0.429026247640892961E+03   -0.194353428181029031E+01   -0.878168194924454149E+01   -0.315069024859568270E+01   -0.886423613828870671E+01   -0.975499393247381441E+01   -0.363951418078617284E+01   -0.667351871889321302E+01    0.664720234097156549E+03
    0.906671345651929306E+00    0.429026247640892961E+03   -0.194353428181029031E+01   -0.878168194924454149E+01   -0.315069024859568270E+01   -0.886423613828870671E+01   -0.975499393247381441E+01   -0.363951418078617284E+01   -0.667351871889321302E+01    0.664720234097156549E+03
    0.906671345651929306E+00    0.429026247640892961E+03   -0.194353428181029031E+01   -0.878168194924454149E+01   -0.315069024859568270E+01   -0.886423613828870671E+01   -0.975499393247381441E+01   -0.363951418078617284E+01   -0.667351871889321302E+01    0.664720234097156549E+03
    0.905381158411727394E+00    0.440517778234211619E+03   -0.185579761025378076E+01   -0.943005874832383206E+01   -0.412174291814643379E+01   -0.589680199326285326E+01   -0.834287497388544352E+01   -0.324553465732300239E+01   -0.371190102530913890E+01    0.663366048472470993E+03
    0.909405621808242914E+00    0.374944915382740930E+03   -0.312157619738367487E+01   -0.973468230058242057E+01   -0.257493004692821081E+01   -0.856238859741556624E+01   -0.947915898081342689E+01   -0.317655230370143027E+01   -0.545798639124395812E+01    0.663492555028265997E+03
    0.903275018372856064E+00    0.466153997918202549E+03   -0.219996263544063453E+01   -0.872447444693967178E+01   -0.220758586859498518E+01   -0.676904000593857802E+01   -0.960955645913202083E+01   -0.307442449165482312E+01   -0.791053375561620342E+01    0.663532999229333655E+03
    0.910479834348349226E+00    0.350385586378930441E+03   -0.189894668880737250E+01   -0.794894278949722199E+01   -0.314873879174216409E+01   -0.810059755833159478E+01   -0.971428691941995837E+01   -0.217790684029266846E+01   -0.691171561015570823E+01    0.664095656091257410E+03
    0.909335389457503807E+00    0.356469228768714913E+03   -0.188600183360393636E+01   -0.969119050469748622E+01   -0.240891260023521525E+01   -0.760133807258763738E+01   -0.919320302712662851E+01   -0.313412242843892130E+01   -0.737737079720411160E+01    0.665235303603161356E+03
    0.909335389457503807E+00    0.356469228768714913E+03   -0.188600183360393636E+01   -0.969119050469748622E+01   -0.240891260023521525E+01   -0.760133807258763738E+01   -0.919320302712662851E+01   -0.313412242843892130E+01   -0.737737079720411160E+01    0.665235303603161356E+03
    0.909335389457503807E+00    0.356469228768714913E+03   -0.188600183360393636E+01   -0.969119050469748622E+01   -0.240891260023521525E+01   -0.760133807258763738E+01   -0.919320302712662851E+01   -0.313412242843892130E+01   -0.737737079720411160E+01    0.665235303603161356E+03
    0.909335389457503807E+00    0.356469228768714913E+03   -0.188600183360393636E+01   -0.969119050469748622E+01   -0.240891260023521525E+01   -0.760133807258763738E+01   -0.919320302712662851E+01   -0.313412242843892130E+01   -0.737737079720411160E+01    0.665235303603161356E+03
    0.909335389457503807E+00    0.356469228768714913E+03   -0.188600183360393636E+01   -0.969119050469748622E+01   -0.240891260023521525E+01   -0.760133807258763738E+01   -0.919320302712662851E+01   -0.313412242843892130E+01   -0.737737079720411160E+01    0.665235303603161356E+03
    0.907746984565706572E+00    0.442893801689372765E+03   -0.185105225761738090E+01   -0.703570647813380923E+01   -0.372034139573224465E+01   -0.822279398677072315E+01   -0.910082328305596988E+01   -0.452723620733784760E+01   -0.632637635292997480E+01    0.664270973344434537E+03
    0.907746984565706572E+00    0.442893801689372765E+03   -0.185105225761738090E+01   -0.703570647813380923E+01   -0.372034139573224465E+01   -0.822279398677072315E+01   -0.910082328305596988E+01   -0.452723620733784760E+01   -0.632637635292997480E+01    0.664270973344434537E+03
    0.911600363440841388E+00    0.337886364559449078E+03   -0.315282582544588674E+01   -0.908626335066416502E+01   -0.271957950766936740E+01   -0.735740763306386825E+01   -0.900185554118051989E+01   -0.554715274455130469E+01   -0.436293654443783385E+01    0.663306200922314019E+03
    0.910143157386182011E+00    0.351892005890502446E+03   -0.193758027822781642E+01   -0.636070485227613514E+01   -0.201157132965257546E+01   -0.955219667493876123E+01   -0.894580736157473666E+01   -0.367527473377210079E+01   -0.471745852189659942E+01    0.664411012234532564E+03
    0.910143157386182011E+00    0.351892005890502446E+03   -0.193758027822781642E+01   -0.636070485227613514E+01   -0.201157132965257546E+01   -0.955219667493876123E+01   -0.894580736157473666E+01   -0.367527473377210079E+01   -0.471745852189659942E+01    0.664411012234532564E+03
    0.911464469052421400E+00    0.365894964486650622E+03   -0.213713623191412605E+01   -0.852798735653217399E+01   -0.560605298704986055E+01   -0.810524897321658777E+01   -0.941560197621028649E+01   -0.339343164806477571E+01   -0.619189285841343917E+01    0.663727564667783099E+03
    0.904407034609768345E+00    0.399956006727395561E+03   -0.190182529389415045E+01   -0.794159509383393392E+01   -0.148022215362308884E+01   -0.588021272002527695E+01   -0.958830824163072748E+01   -0.238951124954438932E+01   -0.551266361608688715E+01    0.663730805184578685E+03
    0.911575943774699526E+00    0.360739379421288845E+03   -0.305692638814196460E+01   -0.934985751948533839E+01   -0.432204958244427395E+01   -0.491621467276968982E+01   -0.848133228470021194E+01   -0.322753278429493928E+01   -0.514471811576114568E+01    0.663266882679627543E+03
    0.910796849871410741E+00    0.305401705487455047E+03   -0.134406520436554189E+01   -0.888116284295163183E+01   -0.148751359128422322E+01   -0.636899373344484943E+01   -0.700801182532307543E+01   -0.678837423730563039E+01   -0.844178598240716305E+01    0.664626075619909329E+03
    0.910796849871410741E+00    0.305401705487455047E+03   -0.134406520436554189E+01   -0.888116284295163183E+01   -0.148751359128422322E+01   -0.636899373344484943E+01   -0.700801182532307543E+01   -0.678837423730563039E+01   -0.844178598240716305E+01    0.664626075619909329E+03
    0.910796849871410741E+00    0.305401705487455047E+03   -0.134406520436554189E+01   -0.888116284295163183E+01   -0.148751359128422322E+01   -0.636899373344484943E+01   -0.700801182532307543E+01   -0.678837423730563039E+01   -0.844178598240716305E+01    0.664626075619909329E+03
    0.909204459422440214E+00    0.303195804522174683E+03   -0.148159821340712838E+01   -0.849115764841523557E+01   -0.100655155754281189E+01   -0.499027994346831605E+01   -0.494267139041180492E+01   -0.924174659241409024E+01   -0.793517291362106469E+01    0.663493671386354208E+03
    0.910216681676472961E+00    0.359944610529392833E+03   -0.257797338959181577E+01   -0.609166512958276929E+01   -0.180625685447999018E+01   -0.394056821711613825E+01   -0.663556953695778784E+01   -0.906662443489307179E+01   -0.967184544852948491E+01    0.663944910720095436E+03
    0.908883531296209690E+00    0.332875712403500586E+03   -0.145313669152080571E+01   -0.708418018761460466E+01   -0.168604575851213667E+01   -0.453142973480620093E+01   -0.807463810448560970E+01   -0.635419230795588152E+01   -0.993086543894386331E+01    0.664089701283492559E+03
    0.910717846771743611E+00    0.370871626756125011E+03   -0.241274361715199781E+01   -0.706948699038826511E+01   -0.273857175903391603E+01   -0.472117068087252889E+01   -0.785635843668502964E+01   -0.640185667156661609E+01   -0.977266464467869511E+01    0.664659092119795901E+03
    0.910717846771743611E+00    0.370871626756125011E+03   -0.241274361715199781E+01   -0.706948699038826511E+01   -0.273857175903391603E+01   -0.472117068087252889E+01   -0.785635843668502964E+01   -0.640185667156661609E+01   -0.977266464467869511E+01    0.664659092119795901E+03
    0.910717846771743611E+00    0.370871626756125011E+03   -0.241274361715199781E+01   -0.706948699038826511E+01   -0.273857175903391603E+01   -0.472117068087252889E+01   -0.785635843668502964E+01   -0.640185667156661609E+01   -0.977266464467869511E+01    0.664659092119795901E+03
    0.911217431881763185E+00    0.392934409230445056E+03   -0.301670552049724527E+01   -0.728750195867415407E+01   -0.362504837597581808E+01   -0.539191696921868058E+01   -0.640606397060559019E+01   -0.553881939325653683E+01   -0.893990960481205299E+01    0.663479051712915066E+03
    0.911466695477267552E+00    0.388839599751272999E+03   -0.250014084527463254E+01   -0.942772061724790689E+01   -0.351446321855003063E+01   -0.504875157277766817E+01   -0.680433263431082125E+01   -0.388335191832372928E+01   -0.963925551205218234E+01    0.664742912009662632E+03
    0.911466695477267552E+00    0.388839599751272999E+03   -0.250014084527463254E+01   -0.942772061724790689E+01   -0.351446321855003063E+01   -0.504875157277766817E+01   -0.680433263431082125E+01   -0.388335191832372928E+01   -0.963925551205218234E+01    0.664742912009662632E+03
    0.911466695477267552E+00    0.388839599751272999E+03   -0.250014084527463254E+01   -0.942772061724790689E+01   -0.351446321855003063E+01   -0.504875157277766817E+01   -0.680433263431082125E+01   -0.388335191832372928E+01   -0.963925551205218234E+01    0.664742912009662632E+03
    0.911539212116343922E+00    0.391396854455712059E+03   -0.335219200378615323E+01   -0.845099674232395692E+01   -0.306280851373280250E+01   -0.583973394867128182E+01   -0.626192944737118751E+01   -0.372713604330709281E+01   -0.562171374608453878E+01    0.663686887083078659E+03
    0.914225116193966292E+00    0.352638026018516712E+03   -0.382098789921882886E+01   -0.792714886763431004E+01   -0.356613456571875975E+01   -0.636430626354011153E+01   -0.640733920923895717E+01   -0.453557816022793325E+01   -0.798105069828958413E+01    0.663896559379059795E+03
    0.910426736018686178E+00    0.366490903204511142E+03   -0.204342863629643201E+01   -0.888843598375566835E+01   -0.245180774501671284E+01   -0.541911789623788032E+01   -0.582779765922729798E+01   -0.471666731422555152E+01   -0.869211764635012685E+01    0.664144581181151239E+03
    0.910426736018686178E+00    0.366490903204511142E+03   -0.204342863629643201E+01   -0.888843598375566835E+01   -0.245180774501671284E+01   -0.541911789623788032E+01   -0.582779765922729798E+01   -0.471666731422555152E+01   -0.869211764635012685E+01    0.664144581181151239E+03
    0.908181826687120775E+00    0.357606952148122900E+03   -0.197320853845096877E+01   -0.930054010661903874E+01   -0.173839312175227967E+01   -0.165596951027948158E+01   -0.628082950311177424E+01   -0.519889976712705604E+01   -0.912418392187873550E+01    0.664013980936646476E+03
    0.908181826687120775E+00    0.357606952148122900E+03   -0.197320853845096877E+01   -0.930054010661903874E+01   -0.173839312175227967E+01   -0.165596951027948158E+01   -0.628082950311177424E+01   -0.519889976712705604E+01   -0.912418392187873550E+01    0.664013980936646476E+03
    0.910472142919318217E+00    0.362572643762623670E+03   -0.229772315993988308E+01   -0.733130473353876866E+01   -0.270126043899425827E+01   -0.161953111977186737E+01   -0.595701620653577724E+01   -0.675570267380068401E+01   -0.830801446705099522E+01    0.663891152873865281E+03
    0.911275258692226475E+00    0.331032252621061048E+03   -0.157804674798860489E+01   -0.876371502118618473E+01   -0.235321141000138923E+01   -0.258677133740541976E+01   -0.630827078192036961E+01   -0.607197750660070135E+01   -0.877239616845746539E+01    0.664088277174843142E+03
    0.911275258692226475E+00    0.331032252621061048E+03   -0.157804674798860489E+01   -0.876371502118618473E+01   -0.235321141000138923E+01   -0.258677133740541976E+01   -0.630827078192036961E+01   -0.607197750660070135E+01   -0.877239616845746539E+01    0.664088277174843142E+03
    0.911236582686676178E+00    0.391786986147270113E+03   -0.280940305070842644E+01   -0.736030044899867164E+01   -0.316938713058275745E+01   -0.202324229208042095E+01   -0.588257561164280585E+01   -0.646030395632032217E+01   -0.817249952051248130E+01    0.663666978760818893E+03
    0.912466381660867021E+00    0.370626527609942855E+03   -0.300039210369515175E+01   -0.698517253571436392E+01   -0.274599404182564832E+01   -0.183644171292903202E+01   -0.636717208297783799E+01   -0.518561600652998944E+01   -0.982910596105175394E+01    0.663932855962193457E+03
    0.907044746260257773E+00    0.423356419087294398E+03   -0.287694314968346987E+01   -0.620843175447781270E+01   -0.199520430927401016E+01   -0.306013106666133083E+01   -0.617561343409792762E+01   -0.476467766256295278E+01   -0.546424542992367446E+01    0.663317400416139208E+03
    0.908605062246318873E+00    0.345976102669123350E+03   -0.184733159864533647E+01   -0.875113154770505730E+01   -0.160791225733877319E+01   -0.259043194211255390E+01   -0.589913615731408658E+01   -0.923325318130073214E+01   -0.540352562204350217E+01    0.664287093527995921E+03
    0.908605062246318873E+00    0.345976102669123350E+03   -0.184733159864533647E+01   -0.875113154770505730E+01   -0.160791225733877319E+01   -0.259043194211255390E+01   -0.589913615731408658E+01   -0.923325318130073214E+01   -0.540352562204350217E+01    0.664287093527995921E+03
    0.911289403284466948E+00    0.322647147877420082E+03   -0.168140498012537520E+01   -0.832807921976539944E+01   -0.261741682592714309E+01   -0.568896882552674121E+01   -0.562349660032829046E+01   -0.851601708429030779E+01   -0.802333046276823758E+01    0.663236151563862109E+03
    0.912898681128756384E+00    0.346241929210266790E+03   -0.325848324919159538E+01   -0.678145138195256880E+01   -0.265113816780342049E+01   -0.179338910855606315E+01   -0.597192956607308467E+01   -0.664313320174589439E+01   -0.824958399085650740E+01    0.663539348668886532E+03
    0.907958141956695997E+00    0.332177517109616474E+03   -0.121054757176031558E+01   -0.812617041562041997E+01   -0.145223274359103627E+01   -0.395388026958500483E+01   -0.496802354310459471E+01   -0.883257288890357195E+01   -0.654257950361615137E+01    0.663706266209371393E+03
    0.910174388584148342E+00    0.453520837261780798E+03   -0.309496886173782304E+01   -0.664741229593253102E+01   -0.363948916877316364E+01   -0.570642551875319359E+01   -0.654995497322770603E+01   -0.436161303430551239E+01   -0.932708682544724077E+01    0.665053369458502175E+03
    0.910174388584148342E+00    0.453520837261780798E+03   -0.309496886173782304E+01   -0.664741229593253102E+01   -0.363948916877316364E+01   -0.570642551875319359E+01   -0.654995497322770603E+01   -0.436161303430551239E+01   -0.932708682544724077E+01    0.665053369458502175E+03
    0.910174388584148342E+00    0.453520837261780798E+03   -0.309496886173782304E+01   -0.664741229593253102E+01   -0.363948916877316364E+01   -0.570642551875319359E+01   -0.654995497322770603E+01   -0.436161303430551239E+01   -0.932708682544724077E+01    0.665053369458502175E+03
    0.910174388584148342E+00    0.453520837261780798E+03   -0.309496886173782304E+01   -0.664741229593253102E+01   -0.363948916877316364E+01   -0.570642551875319359E+01   -0.654995497322770603E+01   -0.436161303430551239E+01   -0.932708682544724077E+01    0.665053369458502175E+03
    0.907248479249799900E+00    0.498215605288789334E+03   -0.290742433344224604E+01   -0.707773972114744243E+01   -0.371228248105666125E+01   -0.400120919215763138E+01   -0.637423651008295877E+01   -0.623864548953772857E+01   -0.996818987324397909E+01    0.663818989184064776E+03
    0.912235953999443683E+00    0.399928248757596350E+03   -0.345119577851922354E+01   -0.634397752470693987E+01   -0.388882914139692648E+01   -0.505952200932699991E+01   -0.613078967400173269E+01   -0.357760506252423394E+01   -0.722376132898766166E+01    0.663303972675529053E+03
    0.914760207717972285E+00    0.368087032974212036E+03   -0.360751424564727952E+01   -0.645369581957370286E+01   -0.356055575229783106E+01   -0.485725771203295142E+01   -0.704570295259831703E+01   -0.448763562831663254E+01   -0.772733244860630819E+01    0.663831829753297484E+03
    0.910761775009440777E+00    0.312328802442000551E+03   -0.152367711195454625E+01   -0.967229731236688650E+01   -0.231741418067633465E+01   -0.483102333473888734E+01   -0.670252385369210213E+01   -0.652878927291079947E+01   -0.656595992192488698E+01    0.663707044337042703E+03
    0.910997028824779953E+00    0.274622942455276814E+03   -0.108752052739839655E+01   -0.840260391070196810E+01   -0.151539319143815554E+01   -0.533463998647063775E+01   -0.710933951572386214E+01   -0.319437957935328587E+01   -0.691072054841666805E+01    0.664634207337930320E+03
    0.910997028824779953E+00    0.274622942455276814E+03   -0.108752052739839655E+01   -0.840260391070196810E+01   -0.151539319143815554E+01   -0.533463998647063775E+01   -0.710933951572386214E+01   -0.319437957935328587E+01   -0.691072054841666805E+01    0.664634207337930320E+03
    0.910997028824779953E+00    0.274622942455276814E+03   -0.108752052739839655E+01   -0.840260391070196810E+01   -0.151539319143815554E+01   -0.533463998647063775E+01   -0.710933951572386214E+01   -0.319437957935328587E+01   -0.691072054841666805E+01    0.664634207337930320E+03
    0.911222267679140385E+00    0.334466062586684359E+03   -0.293734116249158195E+01   -0.932136702641636461E+01   -0.189006594092963454E+01   -0.468221828944799867E+01   -0.871368070735447375E+01   -0.224851756972168904E+01   -0.988327722874401005E+01    0.663897283290914174E+03
    0.912012892500261296E+00    0.301297026039473394E+03   -0.110488538495306621E+01   -0.630526175443439740E+01   -0.334614245915962005E+01   -0.484598184517314223E+01   -0.895737690489428928E+01   -0.317970076818521896E+01   -0.937641431878298448E+01    0.663697977228947707E+03
    0.909780438563483118E+00    0.382679690658437949E+03   -0.239092394713594381E+01   -0.644030086770317922E+01   -0.346557521640880672E+01   -0.371666604964539360E+01   -0.773604330917846994E+01   -0.409120877081248047E+01   -0.782606705111725454E+01    0.663945030106104696E+03
    0.909780438563483118E+00    0.382679690658437949E+03   -0.239092394713594381E+01   -0.644030086770317922E+01   -0.346557521640880672E+01   -0.371666604964539360E+01   -0.773604330917846994E+01   -0.409120877081248047E+01   -0.782606705111725454E+01    0.663945030106104696E+03
    0.911010211989308649E+00    0.358086192297021967E+03   -0.347763801054964805E+01   -0.779414463050777506E+01   -0.208730765756189651E+01   -0.343925145981895142E+01   -0.744391319205514268E+01   -0.400058942571585074E+01   -0.868193882958976815E+01    0.664202008964610741E+03
    0.911841322824487266E+00    0.337191755331749960E+03   -0.205672691302566424E+01   -0.878729184901488836E+01   -0.222531594222118834E+01   -0.381635299124197402E+01   -0.635138130839754389E+01   -0.403665788338769893E+01   -0.607611697632113579E+01    0.663866652771636268E+03
    0.912083383055134700E+00    0.268880060376111146E+03   -0.172907493201016571E+01   -0.970836250677398738E+01   -0.204059405601705102E+01   -0.266217741126402707E+01   -0.594005378273235607E+01   -0.381818310737195787E+01   -0.691398641000214731E+01    0.663198923034357108E+03
    0.911190715825303199E+00    0.342006677082654733E+03   -0.447308372896564244E+01   -0.753746754299170352E+01   -0.163947336704478275E+01   -0.146809432141389706E+01   -0.701005885871582635E+01   -0.358377498102313918E+01   -0.948038326568056000E+01    0.663163275442422787E+03
    0.912714043441218426E+00    0.271388878629937835E+03   -0.139063958170308055E+01   -0.844892891168421833E+01   -0.365433048063354882E+01   -0.520112016973603453E+01   -0.702349621828033932E+01   -0.236057588601763779E+01   -0.710294464364346112E+01    0.663444568154109675E+03
    0.911129391908365727E+00    0.374412833361494961E+03   -0.395275642708481367E+01   -0.866895439050424699E+01   -0.221367640963873047E+01   -0.424450341970661515E+01   -0.807552303118344206E+01   -0.314387352775533291E+01   -0.704733614371710892E+01    0.663432382401759014E+03
    0.907579542217097357E+00    0.379512088795470845E+03   -0.200762703555243682E+01   -0.970816582750800094E+01   -0.284659051935680729E+01   -0.418447756653236169E+01   -0.828281747264012225E+01   -0.239022775727131886E+01   -0.796607522126933176E+01    0.663949684019086703E+03
    0.907579542217097357E+00    0.379512088795470845E+03   -0.200762703555243682E+01   -0.970816582750800094E+01   -0.284659051935680729E+01   -0.418447756653236169E+01   -0.828281747264012225E+01   -0.239022775727131886E+01   -0.796607522126933176E+01    0.663949684019086703E+03
    0.911052333717250362E+00    0.330734087216691989E+03   -0.211532639646008835E+01   -0.961432730892657617E+01   -0.246365869876566812E+01   -0.475803062722008807E+01   -0.638855352096452656E+01   -0.246964844957747154E+01   -0.805911126423218604E+01    0.664497369686548041E+03
    0.911052333717250362E+00    0.330734087216691989E+03   -0.211532639646008835E+01   -0.961432730892657617E+01   -0.246365869876566812E+01   -0.475803062722008807E+01   -0.638855352096452656E+01   -0.246964844957747154E+01   -0.805911126423218604E+01    0.664497369686548041E+03
    0.910856310844320283E+00    0.293467929853086844E+03   -0.123514839710503743E+01   -0.874537259499610720E+01   -0.272961188203401139E+01   -0.101759440861208894E+01   -0.856412473838456378E+01   -0.321053596835209465E+01   -0.757425220511710506E+01    0.663325909741392934E+03
    0.910473587617058988E+00    0.331263707454057112E+03   -0.269460201151870482E+01   -0.641801584270344883E+01   -0.249405428549804586E+01   -0.151787624901787765E+01   -0.842469721893226620E+01   -0.257649824802363980E+01   -0.659863722725945223E+01    0.663490048800629324E+03
    0.911467143348253184E+00    0.373824247342338253E+03   -0.308770335490068337E+01   -0.921781298262311033E+01   -0.359889362578941174E+01   -0.113879580264937275E+01   -0.662930977530880305E+01   -0.406045405136223803E+01   -0.667462690730851804E+01    0.663861254790269868E+03
    0.910243412724712542E+00    0.352212942987716360E+03   -0.185428881787506938E+01   -0.812582889592934166E+01   -0.363375560128026454E+01   -0.232947470814691027E+01   -0.867465034832223481E+01   -0.250976263520530019E+01   -0.889237475432159918E+01    0.664487303625949494E+03
    0.910243412724712542E+00    0.352212942987716360E+03   -0.185428881787506938E+01   -0.812582889592934166E+01   -0.363375560128026454E+01   -0.232947470814691027E+01   -0.867465034832223481E+01   -0.250976263520530019E+01   -0.889237475432159918E+01    0.664487303625949494E+03
    0.909307584933070512E+00    0.318289277698204160E+03   -0.186281195998575910E+01   -0.669295250141093234E+01   -0.204925330367522296E+01   -0.237222419145535479E+01   -0.933037517038802555E+01   -0.247971240743598198E+01   -0.845538255804756567E+01    0.663344693043697703E+03
    0.912116425314072665E+00    0.382165296699432702E+03   -0.371703754247151075E+01   -0.926558514698854907E+01   -0.278942500980188068E+01   -0.363390265986076155E+01   -0.815767988255847776E+01   -0.409588075991072298E+01   -0.912305973982240026E+01    0.664732264120181753E+03
    0.912116425314072665E+00    0.382165296699432702E+03   -0.371703754247151075E+01   -0.926558514698854907E+01   -0.278942500980188068E+01   -0.363390265986076155E+01   -0.815767988255847776E+01   -0.409588075991072298E+01   -0.912305973982240026E+01    0.664732264120181753E+03
    0.912116425314072665E+00    0.382165296699432702E+03   -0.371703754247151075E+01   -0.926558514698854907E+01   -0.278942500980188068E+01   -0.363390265986076155E+01   -0.815767988255847776E+01   -0.409588075991072298E+01   -0.912305973982240026E+01    0.664732264120181753E+03
    0.911115760172163447E+00    0.374170509115980849E+03   -0.290713103293530395E+01   -0.942056640016008551E+01   -0.331580614493427550E+01   -0.328380112379911804E+01   -0.890856982167803579E+01   -0.407269621532736448E+01   -0.932646132625716007E+01    0.664492735668368709E+03
    0.911115760172163447E+00    0.374170509115980849E+03   -0.290713103293530395E+01   -0.942056640016008551E+01   -0.331580614493427550E+01   -0.328380112379911804E+01   -0.890856982167803579E+01   -0.407269621532736448E+01   -0.932646132625716007E+01    0.664492735668368709E+03
    0.912568262629206206E+00    0.431264565158888786E+03   -0.337141866606070817E+01   -0.743609149498845845E+01   -0.399942678494379411E+01   -0.143444069432537802E+01   -0.840249469585834596E+01   -0.408987595696964146E+01   -0.956401515830013160E+01    0.664905667994883402E+03
    0.912568262629206206E+00    0.431264565158888786E+03   -0.337141866606070817E+01   -0.743609149498845845E+01   -0.399942678494379411E+01   -0.143444069432537802E+01   -0.840249469585834596E+01   -0.408987595696964146E+01   -0.956401515830013160E+01    0.664905667994883402E+03
    0.912568262629206206E+00    0.431264565158888786E+03   -0.337141866606070817E+01   -0.743609149498845845E+01   -0.399942678494379411E+01   -0.143444069432537802E+01   -0.840249469585834596E+01   -0.408987595696964146E+01   -0.956401515830013160E+01    0.664905667994883402E+03
    0.918947050132978172E+00    0.482527526420507741E+03   -0.590570341378270669E+01   -0.642282572434692334E+01   -0.503099544854634928E+01   -0.525596829753009054E+01   -0.903350620572339835E+01   -0.677558338329569665E+01   -0.823360226807593421E+01    0.664208400312404592E+03
    0.914806562430554360E+00    0.398840414472051748E+03   -0.349339899316084068E+01   -0.795622591309786387E+01   -0.971124032743682264E+01   -0.432784276168192150E+01   -0.811840275694970437E+01   -0.475600563560144174E+01   -0.816080014294657730E+01    0.663198603251265240E+03
    0.914722204408701334E+00    0.444103546220443150E+03   -0.440894967789581660E+01   -0.619782310445102613E+01   -0.624141968549626203E+01   -0.370586250210431434E+01   -0.957397138151360672E+01   -0.435670370829418019E+01   -0.713467537042662592E+01    0.663840828513522183E+03
    0.908057866200357777E+00    0.496899154639285939E+03   -0.323777402331890318E+01   -0.550071459671891194E+01   -0.392760955218265728E+01   -0.478717033173835294E+01   -0.832901499227572906E+01   -0.496016771497902997E+01   -0.999132615793311096E+01    0.663847984539189156E+03
    0.913800983907955167E+00    0.413020095602722108E+03   -0.391232326109249406E+01   -0.629667431821756018E+01   -0.353278066903489751E+01   -0.291925113336359043E+01   -0.831532265879745935E+01   -0.700683676544824330E+01   -0.914177394453426473E+01    0.664517867931129899E+03
    0.913800983907955167E+00    0.413020095602722108E+03   -0.391232326109249406E+01   -0.629667431821756018E+01   -0.353278066903489751E+01   -0.291925113336359043E+01   -0.831532265879745935E+01   -0.700683676544824330E+01   -0.914177394453426473E+01    0.664517867931129899E+03
    0.915737268716418473E+00    0.422395507001292174E+03   -0.461202427179430163E+01   -0.640032867995557453E+01   -0.759493877857875610E+01   -0.240922334295475871E+01   -0.895998776151429333E+01   -0.506600146470162915E+01   -0.986561874109302472E+01    0.663568112445330598E+03
    0.915952578841694010E+00    0.427385760543423771E+03   -0.472404774838734642E+01   -0.553520870307464197E+01   -0.495983662884412269E+01   -0.251296473319946223E+01   -0.826898656029739421E+01   -0.501622081463515102E+01   -0.771900780983444790E+01    0.665175560141257847E+03
    0.915952578841694010E+00    0.427385760543423771E+03   -0.472404774838734642E+01   -0.553520870307464197E+01   -0.495983662884412269E+01   -0.251296473319946223E+01   -0.826898656029739421E+01   -0.501622081463515102E+01   -0.771900780983444790E+01    0.665175560141257847E+03
    0.915952578841694010E+00    0.427385760543423771E+03   -0.472404774838734642E+01   -0.553520870307464197E+01   -0.495983662884412269E+01   -0.251296473319946223E+01   -0.826898656029739421E+01   -0.501622081463515102E+01   -0.771900780983444790E+01    0.665175560141257847E+03
    0.915952578841694010E+00    0.427385760543423771E+03   -0.472404774838734642E+01   -0.553520870307464197E+01   -0.495983662884412269E+01   -0.251296473319946223E+01   -0.826898656029739421E+01   -0.501622081463515102E+01   -0.771900780983444790E+01    0.665175560141257847E+03
    0.915482783982609516E+00    0.428021880207591494E+03   -0.481494597912266009E+01   -0.588785654991447238E+01   -0.601607362034365600E+01   -0.479610154215684581E+01   -0.966917251575221748E+01   -0.559544570957757070E+01   -0.670649599864305390E+01    0.663393858624292307E+03
    0.917478899777661838E+00    0.497220257755296188E+03   -0.532084712323661613E+01   -0.837375838367156256E+01   -0.983589759576668143E+01   -0.385074079254509449E+01   -0.885076784026832719E+01   -0.554836399718479090E+01   -0.783523075980943506E+01    0.663839110566054615E+03
    0.913236004455044492E+00    0.449652424834761405E+03   -0.416795276804175252E+01   -0.715378602547449916E+01   -0.365205228588888797E+01   -0.497379854186748993E+01   -0.750621059348171649E+01   -0.491098745922861024E+01   -0.953887285805410734E+01    0.663832008415335736E+03
    0.912620290459609462E+00    0.477873983601673103E+03   -0.369811981428123815E+01   -0.812517956148979792E+01   -0.507320422867042264E+01   -0.385451439169975618E+01   -0.808792945509893180E+01   -0.408820999971228716E+01   -0.721087442688602387E+01    0.663677905359414694E+03
    0.914844201209899510E+00    0.418143226023161333E+03   -0.422619890123765529E+01   -0.769943568154658031E+01   -0.528012848649208433E+01   -0.334171479164988217E+01   -0.940584637237035004E+01   -0.484706158560894984E+01   -0.694445864145544167E+01    0.664989201751952123E+03
    0.914844201209899510E+00    0.418143226023161333E+03   -0.422619890123765529E+01   -0.769943568154658031E+01   -0.528012848649208433E+01   -0.334171479164988217E+01   -0.940584637237035004E+01   -0.484706158560894984E+01   -0.694445864145544167E+01    0.664989201751952123E+03
    0.914844201209899510E+00    0.418143226023161333E+03   -0.422619890123765529E+01   -0.769943568154658031E+01   -0.528012848649208433E+01   -0.334171479164988217E+01   -0.940584637237035004E+01   -0.484706158560894984E+01   -0.694445864145544167E+01    0.664989201751952123E+03
    0.914844201209899510E+00    0.418143226023161333E+03   -0.422619890123765529E+01   -0.769943568154658031E+01   -0.528012848649208433E+01   -0.334171479164988217E+01   -0.940584637237035004E+01   -0.484706158560894984E+01   -0.694445864145544167E+01    0.664989201751952123E+03
    0.915764079286040200E+00    0.390713799183648916E+03   -0.415097164422772558E+01   -0.947960531574503662E+01   -0.467770754319980053E+01   -0.391468075209339794E+01   -0.803168814015859134E+01   -0.463686444287817956E+01   -0.774032225892972026E+01    0.664632856903782567E+03
    0.915764079286040200E+00    0.390713799183648916E+03   -0.415097164422772558E+01   -0.947960531574503662E+01   -0.467770754319980053E+01   -0.391468075209339794E+01   -0.803168814015859134E+01   -0.463686444287817956E+01   -0.774032225892972026E+01    0.664632856903782567E+03
    0.915764079286040200E+00    0.390713799183648916E+03   -0.415097164422772558E+01   -0.947960531574503662E+01   -0.467770754319980053E+01   -0.391468075209339794E+01   -0.803168814015859134E+01   -0.463686444287817956E+01   -0.774032225892972026E+01    0.664632856903782567E+03
    0.914202525551782719E+00    0.467124250962866313E+03   -0.401719774264360474E+01   -0.766836429682983045E+01   -0.604704014947382795E+01   -0.253498560478644119E+01   -0.762166323366278586E+01   -0.437871724324957334E+01   -0.984105270549915723E+01    0.663392454192332707E+03
    0.909273758545702915E+00    0.406128891398827818E+03   -0.348993240723123765E+01   -0.889020204954417181E+01   -0.261041530300105418E+01   -0.423508322245549085E+01   -0.957305037500885092E+01   -0.495477470406074438E+01   -0.546803480273561782E+01    0.663531119303777928E+03
    0.910472694645860892E+00    0.471526540672644785E+03   -0.344741316494043915E+01   -0.701815605014573940E+01   -0.384145764866411810E+01   -0.507355415323014114E+01   -0.735853183445737891E+01   -0.440144059580484992E+01   -0.664083614002782774E+01    0.665258976666055332E+03
    0.910472694645860892E+00    0.471526540672644785E+03   -0.344741316494043915E+01   -0.701815605014573940E+01   -0.384145764866411810E+01   -0.507355415323014114E+01   -0.735853183445737891E+01   -0.440144059580484992E+01   -0.664083614002782774E+01    0.665258976666055332E+03
    0.910472694645860892E+00    0.471526540672644785E+03   -0.344741316494043915E+01   -0.701815605014573940E+01   -0.384145764866411810E+01   -0.507355415323014114E+01   -0.735853183445737891E+01   -0.440144059580484992E+01   -0.664083614002782774E+01    0.665258976666055332E+03
    0.910472694645860892E+00    0.471526540672644785E+03   -0.344741316494043915E+01   -0.701815605014573940E+01   -0.384145764866411810E+01   -0.507355415323014114E+01   -0.735853183445737891E+01   -0.440144059580484992E+01   -0.664083614002782774E+01    0.665258976666055332E+03
    0.912284264856164429E+00    0.346654909359621570E+03   -0.266036909837007141E+01   -0.789832501454146563E+01   -0.396027143385576252E+01   -0.475837541188759872E+01   -0.893657662569061273E+01   -0.408454196093684541E+01   -0.487634522045496066E+01    0.663848365186690444E+03
    0.911964825827498493E+00    0.375805547002112121E+03   -0.237778314514898881E+01   -0.660100832991508746E+01   -0.307957515304479035E+01   -0.214948435767290746E+01   -0.848813919878897138E+01   -0.454589249911216520E+01   -0.508053841577650278E+01    0.663288652722961615E+03
    0.909397039630018722E+00    0.421969954029864084E+03   -0.234158013310650492E+01   -0.827800985925882848E+01   -0.374156839411943487E+01   -0.408942001335975647E+01   -0.867391807485917354E+01   -0.480159075647308775E+01   -0.503501695111169223E+01    0.664345037894928510E+03
    0.909397039630018722E+00    0.421969954029864084E+03   -0.234158013310650492E+01   -0.827800985925882848E+01   -0.374156839411943487E+01   -0.408942001335975647E+01   -0.867391807485917354E+01   -0.480159075647308775E+01   -0.503501695111169223E+01    0.664345037894928510E+03
    0.905933746468431167E+00    0.489486807596457822E+03   -0.246208788795921318E+01   -0.664239551285287266E+01   -0.336816064720439901E+01   -0.165656267604620844E+01   -0.774748637402256435E+01   -0.595764383930206165E+01   -0.789864857276054799E+01    0.663359623080198844E+03
    0.908282378055171979E+00    0.484632371879969014E+03   -0.314493160479911538E+01   -0.779196191796602733E+01   -0.389047247742360813E+01   -0.300305773589476299E+01   -0.981655681421768911E+01   -0.354898474117271956E+01   -0.595571672155072029E+01    0.664869339849019752E+03
    0.908282378055171979E+00    0.484632371879969014E+03   -0.314493160479911538E+01   -0.779196191796602733E+01   -0.389047247742360813E+01   -0.300305773589476299E+01   -0.981655681421768911E+01   -0.354898474117271956E+01   -0.595571672155072029E+01    0.664869339849019752E+03
    0.908282378055171979E+00    0.484632371879969014E+03   -0.314493160479911538E+01   -0.779196191796602733E+01   -0.389047247742360813E+01   -0.300305773589476299E+01   -0.981655681421768911E+01   -0.354898474117271956E+01   -0.595571672155072029E+01    0.664869339849019752E+03
    0.911652950907368642E+00    0.405807946274188907E+03   -0.323972903199994189E+01   -0.883247536356691043E+01   -0.317439192016365368E+01   -0.204293782483231379E+01   -0.852750636019660568E+01   -0.366113171839723606E+01   -0.781745905544936726E+01    0.664682553155127721E+03
    0.911652950907368642E+00    0.405807946274188907E+03   -0.323972903199994189E+01   -0.883247536356691043E+01   -0.317439192016365368E+01   -0.204293782483231379E+01   -0.852750636019660568E+01   -0.366113171839723606E+01   -0.781745905544936726E+01    0.664682553155127721E+03
    0.908225166337485401E+00    0.476514778936197786E+03   -0.333421242550841246E+01   -0.978995466530509972E+01   -0.323921037099094189E+01   -0.519133503123959450E+01   -0.801333849305372858E+01   -0.419913728803363373E+01   -0.740204855736775968E+01    0.664594633927913492E+03
    0.908225166337485401E+00    0.476514778936197786E+03   -0.333421242550841246E+01   -0.978995466530509972E+01   -0.323921037099094189E+01   -0.519133503123959450E+01   -0.801333849305372858E+01   -0.419913728803363373E+01   -0.740204855736775968E+01    0.664594633927913492E+03
    0.907951980897564237E+00    0.430300009857961584E+03   -0.211287311966369007E+01   -0.977755709134899043E+01   -0.383681921637474410E+01   -0.413364702651992122E+01   -0.962060126545109462E+01   -0.444989453085259257E+01   -0.696500011505232219E+01    0.663676586828868949E+03
    0.913066163051439950E+00    0.373158174017465171E+03   -0.269976924385484018E+01   -0.969474344205273297E+01   -0.396085514389042803E+01   -0.396724778450834847E+01   -0.759477841126412478E+01   -0.587659751689450882E+01   -0.809220482758093240E+01    0.663918889830522062E+03
    0.909154890035281049E+00    0.445237683454091098E+03   -0.314969507392090264E+01   -0.940892257563580081E+01   -0.323207687341135674E+01   -0.362197156649939522E+01   -0.713014974931736489E+01   -0.802176960647486936E+01   -0.955382876679433224E+01    0.663999957698295930E+03
    0.909154890035281049E+00    0.445237683454091098E+03   -0.314969507392090264E+01   -0.940892257563580081E+01   -0.323207687341135674E+01   -0.362197156649939522E+01   -0.713014974931736489E+01   -0.802176960647486936E+01   -0.955382876679433224E+01    0.663999957698295930E+03
    0.907495501935262516E+00    0.403631548855105507E+03   -0.257716020201294072E+01   -0.928033567341239163E+01   -0.226449865944485662E+01   -0.541376017627476891E+01   -0.665362745725738058E+01   -0.890650256589447409E+01   -0.569085595458464599E+01    0.663358418547635324E+03
    0.911288056199108909E+00    0.383538972562460629E+03   -0.324880480154534368E+01   -0.797811807505529558E+01   -0.286059481795130566E+01   -0.485666827306544313E+01   -0.812432764734399981E+01   -0.810349317301005989E+01   -0.906830744564923208E+01    0.663921351543285709E+03
    0.912080307783555089E+00    0.367933684806159590E+03   -0.319519424231432669E+01   -0.753744056203098012E+01   -0.257217829444983703E+01   -0.393128758426500191E+01   -0.658795831329984960E+01   -0.921527252807556785E+01   -0.820353683851485194E+01    0.664104308130154891E+03
    0.913345327366406057E+00    0.368283772136125776E+03   -0.368393680391054712E+01   -0.892499520905711385E+01   -0.343445676173314762E+01   -0.642894510384424223E+01   -0.711963966299841466E+01   -0.799763147278090347E+01   -0.718990738309990007E+01    0.664133265460983353E+03
    0.913345327366406057E+00    0.368283772136125776E+03   -0.368393680391054712E+01   -0.892499520905711385E+01   -0.343445676173314762E+01   -0.642894510384424223E+01   -0.711963966299841466E+01   -0.799763147278090347E+01   -0.718990738309990007E+01    0.664133265460983353E+03
    0.913123374307916569E+00    0.395003163797909622E+03   -0.329426318742894964E+01   -0.834803553679122246E+01   -0.416642733123184428E+01   -0.590450801238084022E+01   -0.840481520136965266E+01   -0.841831282414957904E+01   -0.588011824746110978E+01    0.663875077415737110E+03
    0.909507215119056855E+00    0.454501393808814441E+03   -0.320085695270253456E+01   -0.816185042613460077E+01   -0.285490418000920432E+01   -0.541076776782659774E+01   -0.715884551240262468E+01   -0.848763865094996639E+01   -0.693077244067511877E+01    0.663593083295774818E+03
    0.910641174464655645E+00    0.420880446135216971E+03   -0.360795249606487989E+01   -0.982516259337816855E+01   -0.283914582884718847E+01   -0.592610158056036163E+01   -0.857826474356382640E+01   -0.667852309868601601E+01   -0.584020276427630858E+01    0.664162375684908966E+03
    0.910641174464655645E+00    0.420880446135216971E+03   -0.360795249606487989E+01   -0.982516259337816855E+01   -0.283914582884718847E+01   -0.592610158056036163E+01   -0.857826474356382640E+01   -0.667852309868601601E+01   -0.584020276427630858E+01    0.664162375684908966E+03
    0.910438555415701845E+00    0.369814992633861948E+03   -0.267228620920822912E+01   -0.737508354166114266E+01   -0.247643388020209976E+01   -0.667118525159611142E+01   -0.834616263982319850E+01   -0.923932491627150476E+01   -0.595001677054972511E+01    0.664630133873287605E+03
    0.910438555415701845E+00    0.369814992633861948E+03   -0.267228620920822912E+01   -0.737508354166114266E+01   -0.247643388020209976E+01   -0.667118525159611142E+01   -0.834616263982319850E+01   -0.923932491627150476E+01   -0.595001677054972511E+01    0.664630133873287605E+03
    0.910438555415701845E+00    0.369814992633861948E+03   -0.267228620920822912E+01   -0.737508354166114266E+01   -0.247643388020209976E+01   -0.667118525159611142E+01   -0.834616263982319850E+01   -0.923932491627150476E+01   -0.595001677054972511E+01    0.664630133873287605E+03
    0.911959761560086068E+00    0.374386090560206810E+03   -0.344496699361764414E+01   -0.842919327576516331E+01   -0.275471797957594866E+01   -0.489669247849977562E+01   -0.910971957809481658E+01   -0.639728487430799220E+01   -0.586737823949002557E+01    0.664664004400397289E+03
    0.911959761560086068E+00    0.374386090560206810E+03   -0.344496699361764414E+01   -0.842919327576516331E+01   -0.275471797957594866E+01   -0.489669247849977562E+01   -0.910971957809481658E+01   -0.639728487430799220E+01   -0.586737823949002557E+01    0.664664004400397289E+03
    0.912007259051000219E+00    0.385905362778913513E+03   -0.303276770000731943E+01   -0.676085365462590993E+01   -0.274052106888862035E+01   -0.539322142597409737E+01   -0.696445970952143689E+01   -0.944498296146167782E+01   -0.660667415812533498E+01    0.663994585390964517E+03
    0.914411837840785946E+00    0.381216986601203416E+03   -0.390071800455913120E+01   -0.584436138816046924E+01   -0.314589922816761103E+01   -0.362919579556424665E+01   -0.724697535468304554E+01   -0.715388486102694721E+01   -0.769052608268041382E+01    0.663611609997805203E+03
    0.912654771445682522E+00    0.380513541864766466E+03   -0.296240804925529044E+01   -0.674678237695754035E+01   -0.371188566670950060E+01   -0.284260309629366681E+01   -0.841493468526096677E+01   -0.882482273171076947E+01   -0.621148986146447690E+01    0.664290358435720123E+03
    0.907974758834033113E+00    0.391416942676627571E+03   -0.204201794668230097E+01   -0.685594173273780694E+01   -0.270640552819069402E+01   -0.301551174299800806E+01   -0.734882728287250497E+01   -0.695828499807656264E+01   -0.477190885700547085E+01    0.663542744224992020E+03
    0.908977179963392334E+00    0.432029745689361334E+03   -0.286681235537198997E+01   -0.963877720880667255E+01   -0.330866544315037370E+01   -0.112301341987434888E+01   -0.730339662278759860E+01   -0.760064668781885544E+01   -0.464311831182865031E+01    0.663719095046533312E+03
    0.907815405172450629E+00    0.359703102722669882E+03   -0.148899831810639149E+01   -0.973461457663165497E+01   -0.152052710123433066E+01   -0.413556846179736670E+01   -0.611338178470069060E+01   -0.907057840326181442E+01   -0.502642461749491964E+01    0.664328747996748916E+03
    0.907815405172450629E+00    0.359703102722669882E+03   -0.148899831810639149E+01   -0.973461457663165497E+01   -0.152052710123433066E+01   -0.413556846179736670E+01   -0.611338178470069060E+01   -0.907057840326181442E+01   -0.502642461749491964E+01    0.664328747996748916E+03
    0.915269543434150235E+00    0.365799476956709043E+03   -0.377955384033811548E+01   -0.981935139715152339E+01   -0.357718355590132031E+01   -0.811979463135219959E+01   -0.746200779690017768E+01   -0.632754165467422514E+01   -0.844409418751233964E+01    0.664287375765499974E+03
    0.915269543434150235E+00    0.365799476956709043E+03   -0.377955384033811548E+01   -0.981935139715152339E+01   -0.357718355590132031E+01   -0.811979463135219959E+01   -0.746200779690017768E+01   -0.632754165467422514E+01   -0.844409418751233964E+01    0.664287375765499974E+03
    0.915185734319884370E+00    0.362409810663263897E+03   -0.440853306889459606E+01   -0.401299841662642365E+01   -0.355555035457712698E+01   -0.491575614962925300E+01   -0.818697824348010172E+01   -0.599986105774391376E+01   -0.582308833747631382E+01    0.664332622607780877E+03
    0.913036902748973311E+00    0.470148438538443315E+03   -0.379939679201789104E+01   -0.983444447984798131E+01   -0.492267336187410276E+01   -0.600113486077695768E+01   -0.795608309121780266E+01   -0.780876690684280383E+01   -0.994182809077896223E+01    0.663403344857876050E+03
    0.907583010875876783E+00    0.418368755229052113E+03   -0.278376263060038731E+01   -0.934678190271574394E+01   -0.227138427537551912E+01   -0.257023760895556208E+01   -0.721726894654654938E+01   -0.863695696835397264E+01   -0.568356991526675603E+01    0.663847511346651572E+03
    0.913698836805060033E+00    0.358337230607701997E+03   -0.430467921298983303E+01   -0.647866510174042443E+01   -0.298545956497922038E+01   -0.823105490729168920E+01   -0.937455960587692516E+01   -0.858507690620687036E+01   -0.809213434276219878E+01    0.663720799878387993E+03
    0.906305090812409286E+00    0.452308216969484363E+03   -0.213218979766317585E+01   -0.895443754034671358E+01   -0.338112530837307013E+01   -0.297137101912256618E+01   -0.802960922623976003E+01   -0.617890996130570436E+01   -0.464601102359003093E+01    0.663372239352960491E+03
    0.910897469542059746E+00    0.383653045372004158E+03   -0.299282848047077632E+01   -0.318459215488829184E+01   -0.334553159491654650E+01   -0.773186639572612577E+01   -0.721942409336325408E+01   -0.267596374598090136E+01   -0.697909861812900623E+01    0.663724664086336816E+03
    0.909142110334494991E+00    0.355983470097409395E+03   -0.216666458101734172E+01   -0.352434361819720454E+01   -0.196036875610905170E+01   -0.808505823975959537E+01   -0.758623602734835956E+01   -0.367522507918898622E+01   -0.731001854562175080E+01    0.665082273780634068E+03
    0.909142110334494991E+00    0.355983470097409395E+03   -0.216666458101734172E+01   -0.352434361819720454E+01   -0.196036875610905170E+01   -0.808505823975959537E+01   -0.758623602734835956E+01   -0.367522507918898622E+01   -0.731001854562175080E+01    0.665082273780634068E+03
    0.909142110334494991E+00    0.355983470097409395E+03   -0.216666458101734172E+01   -0.352434361819720454E+01   -0.196036875610905170E+01   -0.808505823975959537E+01   -0.758623602734835956E+01   -0.367522507918898622E+01   -0.731001854562175080E+01    0.665082273780634068E+03
    0.909142110334494991E+00    0.355983470097409395E+03   -0.216666458101734172E+01   -0.352434361819720454E+01   -0.196036875610905170E+01   -0.808505823975959537E+01   -0.758623602734835956E+01   -0.367522507918898622E+01   -0.731001854562175080E+01    0.665082273780634068E+03
    0.907638455091349661E+00    0.364812793451394214E+03   -0.231519738418039278E+01   -0.385621752402558293E+01   -0.143696365454778352E+01   -0.590124872297353154E+01   -0.688750952113185377E+01   -0.428619732001362408E+01   -0.761107480560564920E+01    0.663829664550838288E+03
    0.904634757574939719E+00    0.414680345000235548E+03   -0.118070792387814727E+01   -0.197256314754637430E+01   -0.171813615114053597E+01   -0.635434620945357320E+01   -0.640216889301690628E+01   -0.398893308861108409E+01   -0.689745878335203422E+01    0.664806323925932702E+03
    0.904634757574939719E+00    0.414680345000235548E+03   -0.118070792387814727E+01   -0.197256314754637430E+01   -0.171813615114053597E+01   -0.635434620945357320E+01   -0.640216889301690628E+01   -0.398893308861108409E+01   -0.689745878335203422E+01    0.664806323925932702E+03
    0.904634757574939719E+00    0.414680345000235548E+03   -0.118070792387814727E+01   -0.197256314754637430E+01   -0.171813615114053597E+01   -0.635434620945357320E+01   -0.640216889301690628E+01   -0.398893308861108409E+01   -0.689745878335203422E+01    0.664806323925932702E+03
    0.912945370208486540E+00    0.299514733956187399E+03   -0.164804615295916435E+01   -0.271487312922041557E+01   -0.215319510503527933E+01   -0.921606163285992608E+01   -0.663359536520019510E+01   -0.513255581046376808E+01   -0.661780265651620603E+01    0.663895699216723528E+03
    0.908879680303452897E+00    0.364002246316613764E+03   -0.201968026338217932E+01   -0.376128470733988252E+01   -0.239920686354509893E+01   -0.894562770456204781E+01   -0.677617414942411145E+01   -0.416517302770667186E+01   -0.615833515787228158E+01    0.664448997834315378E+03
    0.908879680303452897E+00    0.364002246316613764E+03   -0.201968026338217932E+01   -0.376128470733988252E+01   -0.239920686354509893E+01   -0.894562770456204781E+01   -0.677617414942411145E+01   -0.416517302770667186E+01   -0.615833515787228158E+01    0.664448997834315378E+03
    0.908917967180054021E+00    0.423051478402454904E+03   -0.240095665347092346E+01   -0.313632921102785822E+01   -0.357166976191849628E+01   -0.781370332955457947E+01   -0.623376208848366709E+01   -0.420151319910932397E+01   -0.709408544617035552E+01    0.664845674490670149E+03
    0.908917967180054021E+00    0.423051478402454904E+03   -0.240095665347092346E+01   -0.313632921102785822E+01   -0.357166976191849628E+01   -0.781370332955457947E+01   -0.623376208848366709E+01   -0.420151319910932397E+01   -0.709408544617035552E+01    0.664845674490670149E+03
    0.908917967180054021E+00    0.423051478402454904E+03   -0.240095665347092346E+01   -0.313632921102785822E+01   -0.357166976191849628E+01   -0.781370332955457947E+01   -0.623376208848366709E+01   -0.420151319910932397E+01   -0.709408544617035552E+01    0.664845674490670149E+03
    0.908917967180054021E+00    0.423051478402454904E+03   -0.240095665347092346E+01   -0.313632921102785822E+01   -0.357166976191849628E+01   -0.781370332955457947E+01   -0.623376208848366709E+01   -0.420151319910932397E+01   -0.709408544617035552E+01    0.664845674490670149E+03
    0.908420284565646496E+00    0.356943609144540346E+03   -0.180248187318533581E+01   -0.307480349268289732E+01   -0.208135972019905502E+01   -0.523382876554691023E+01   -0.690572926249468999E+01   -0.476972578788474078E+01   -0.818079010266823126E+01    0.664462440272251342E+03
    0.908420284565646496E+00    0.356943609144540346E+03   -0.180248187318533581E+01   -0.307480349268289732E+01   -0.208135972019905502E+01   -0.523382876554691023E+01   -0.690572926249468999E+01   -0.476972578788474078E+01   -0.818079010266823126E+01    0.664462440272251342E+03
    0.912274060469922765E+00    0.333164711099558644E+03   -0.177335442139280453E+01   -0.240146846704628469E+01   -0.251879154178286324E+01   -0.671519566262310352E+01   -0.741325240686703513E+01   -0.421769541339155563E+01   -0.774874012480490837E+01    0.663990243769887115E+03
    0.912864966503151520E+00    0.260448870201824207E+03   -0.152326695749074403E+01   -0.245514645328320835E+01   -0.137243433918242275E+01   -0.660476170117166816E+01   -0.728093353588183057E+01   -0.145909579758188279E+01   -0.743105658780694256E+01    0.663788506244034352E+03
    0.912846848235216113E+00    0.299431453401721342E+03   -0.227869668952427329E+01   -0.167337032587738044E+01   -0.327768073429187279E+01   -0.646636999754465691E+01   -0.789438066604014743E+01   -0.241391294451821636E+01   -0.879520686218076619E+01    0.663887132112871541E+03
    0.914195058504301827E+00    0.307606025015850548E+03   -0.249585738119024736E+01   -0.436731416122305038E+01   -0.462163680356529127E+01   -0.586490993324913124E+01   -0.833965876714391108E+01   -0.395990654227647632E+01   -0.716821686761003107E+01    0.663892830714778938E+03
    0.911585267405922273E+00    0.272230476618341299E+03   -0.149676403510543921E+01   -0.340738846165448273E+01   -0.187900845393327742E+01   -0.833783722646694869E+01   -0.658605373798316762E+01   -0.285774699105725816E+01   -0.542678568652640259E+01    0.664060326739100901E+03
    0.910558226309550633E+00    0.306758944011087124E+03   -0.213250279240570073E+01   -0.238703264782125135E+01   -0.136115142021268376E+01   -0.608441542730692575E+01   -0.631872939903795228E+01   -0.281027963385862556E+01   -0.579166670440920228E+01    0.664705971079099413E+03
    0.910558226309550633E+00    0.306758944011087124E+03   -0.213250279240570073E+01   -0.238703264782125135E+01   -0.136115142021268376E+01   -0.608441542730692575E+01   -0.631872939903795228E+01   -0.281027963385862556E+01   -0.579166670440920228E+01    0.664705971079099413E+03
    0.910558226309550633E+00    0.306758944011087124E+03   -0.213250279240570073E+01   -0.238703264782125135E+01   -0.136115142021268376E+01   -0.608441542730692575E+01   -0.631872939903795228E+01   -0.281027963385862556E+01   -0.579166670440920228E+01    0.664705971079099413E+03
    0.907414584821044867E+00    0.388484300621262605E+03   -0.138789969088468013E+01   -0.388086327131706632E+01   -0.229251508990798225E+01   -0.687096415413672457E+01   -0.508875269994504986E+01   -0.682076798238320947E+01   -0.792550335081660684E+01    0.663647398013537668E+03
    0.909777722597425953E+00    0.362956903014120826E+03   -0.184917902349806340E+01   -0.299523229821993997E+01   -0.287712841648664863E+01   -0.441823382536966669E+01   -0.573675680112880659E+01   -0.302284376487875850E+01   -0.668436292646939023E+01    0.664455441409890454E+03
    0.909777722597425953E+00    0.362956903014120826E+03   -0.184917902349806340E+01   -0.299523229821993997E+01   -0.287712841648664863E+01   -0.441823382536966669E+01   -0.573675680112880659E+01   -0.302284376487875850E+01   -0.668436292646939023E+01    0.664455441409890454E+03
    0.909125411197730160E+00    0.384700824679782158E+03   -0.229461989866648253E+01   -0.263892314442413856E+01   -0.260701323487568981E+01   -0.668157123476340331E+01   -0.831297330490844466E+01   -0.264978885468053171E+01   -0.708825946097185788E+01    0.665016502422593135E+03
    0.909125411197730160E+00    0.384700824679782158E+03   -0.229461989866648253E+01   -0.263892314442413856E+01   -0.260701323487568981E+01   -0.668157123476340331E+01   -0.831297330490844466E+01   -0.264978885468053171E+01   -0.708825946097185788E+01    0.665016502422593135E+03
    0.909125411197730160E+00    0.384700824679782158E+03   -0.229461989866648253E+01   -0.263892314442413856E+01   -0.260701323487568981E+01   -0.668157123476340331E+01   -0.831297330490844466E+01   -0.264978885468053171E+01   -0.708825946097185788E+01    0.665016502422593135E+03
    0.909915986298571955E+00    0.323830602503147361E+03   -0.102631141096052581E+01   -0.402108101743626634E+01   -0.196563361818536997E+01   -0.466082832458595231E+01   -0.686814083116429419E+01   -0.488311356484747172E+01   -0.578913295293782859E+01    0.664356790936795164E+03
    0.909915986298571955E+00    0.323830602503147361E+03   -0.102631141096052581E+01   -0.402108101743626634E+01   -0.196563361818536997E+01   -0.466082832458595231E+01   -0.686814083116429419E+01   -0.488311356484747172E+01   -0.578913295293782859E+01    0.664356790936795164E+03
    0.911813311545399019E+00    0.303176802045134821E+03   -0.137347965667167315E+01   -0.339722143000215304E+01   -0.227882166218482407E+01   -0.587936648246922555E+01   -0.706681587758646756E+01   -0.250535870231069602E+01   -0.515562875207571913E+01    0.663868830015736876E+03
    0.911162343420419907E+00    0.339664892711870152E+03   -0.290893324012408883E+01   -0.104530387870428321E+01   -0.204451145440333804E+01   -0.864753511198408376E+01   -0.583471697147825630E+01   -0.470231179411401623E+01   -0.869096490881879724E+01    0.663870512671005940E+03
    0.915811356615002237E+00    0.226138656381902479E+03   -0.205913010592834844E+01   -0.101126848587370155E+01   -0.270032797200393127E+01   -0.816892684091250487E+01   -0.651469635164125016E+01   -0.341268849663056439E+01   -0.865507899013339177E+01    0.663310457074993110E+03
    0.913150510365183243E+00    0.302989059303821193E+03   -0.430163771192801914E+01   -0.138748642279652401E+01   -0.170303962082408766E+01   -0.706556314510247763E+01   -0.865649536855703872E+01   -0.502341999434876296E+01   -0.438603858864381735E+01    0.663559633045335204E+03
    0.913072148610006629E+00    0.280756543077807748E+03   -0.235532192916243677E+01   -0.453545178185967757E+01   -0.124052245699832220E+01   -0.943558519277864782E+01   -0.828772787412086487E+01   -0.499349922172203620E+01   -0.422200659155510483E+01    0.663480767027663205E+03
    0.911280531506875824E+00    0.285713373962320247E+03   -0.217369378102482713E+01   -0.438374373296631425E+01   -0.126052796124657185E+01   -0.892045830902147685E+01   -0.936393980051874308E+01   -0.353338909825832470E+01   -0.430403824031493265E+01    0.664449812037096081E+03
    0.911280531506875824E+00    0.285713373962320247E+03   -0.217369378102482713E+01   -0.438374373296631425E+01   -0.126052796124657185E+01   -0.892045830902147685E+01   -0.936393980051874308E+01   -0.353338909825832470E+01   -0.430403824031493265E+01    0.664449812037096081E+03
    0.914451287280607983E+00    0.212770121282215371E+03   -0.132713888031558547E+01   -0.423823016594967594E+01   -0.177090530704763083E+01   -0.410003433484929580E+01   -0.747372013669627933E+01   -0.217725661557927275E+01   -0.409618340581450546E+01    0.663482355339699325E+03
    0.912369997768287866E+00    0.278855765375312387E+03   -0.370897085049383168E+01   -0.104187471799808939E+01   -0.129066054884801495E+01   -0.692815592029654681E+01   -0.681861083644848787E+01   -0.313258616546692448E+01   -0.417524103517752820E+01    0.663350677341667279E+03
    0.910048232342092756E+00    0.326166694906915723E+03   -0.255103290638619384E+01   -0.500095456001593064E+01   -0.187579829835328304E+01   -0.664409434436258017E+01   -0.876846864714527108E+01   -0.205742977535285299E+01   -0.359182628627076728E+01    0.663356415464935935E+03
    0.904675238088699651E+00    0.422217685182431751E+03   -0.160342156669919156E+01   -0.243579775932024312E+01   -0.259711592339071640E+01   -0.569826874766817593E+01   -0.748868307563885871E+01   -0.363128866102271086E+01   -0.424781050364164336E+01    0.664017733759933549E+03
    0.909723006485884778E+00    0.320674832895187023E+03   -0.249807790022803378E+01   -0.415603134476271308E+01   -0.180541334665403319E+01   -0.713425052348677191E+01   -0.954003775119186415E+01   -0.256216378729763683E+01   -0.353186004671585785E+01    0.663566205276017627E+03
    0.907779891061572308E+00    0.385566364612388043E+03   -0.157562477909852205E+01   -0.230224645238512426E+01   -0.331079758968251525E+01   -0.627191603331942993E+01   -0.873720776541418687E+01   -0.439475908368498303E+01   -0.406569125925356811E+01    0.663262317484764594E+03
    0.908848015815705179E+00    0.383520953613872734E+03   -0.185970454094644921E+01   -0.300768459929438858E+01   -0.312568925618588533E+01   -0.634513276307193586E+01   -0.774334798461906715E+01   -0.371865556294778887E+01   -0.470421675236256220E+01    0.664674224152636839E+03
    0.908848015815705179E+00    0.383520953613872734E+03   -0.185970454094644921E+01   -0.300768459929438858E+01   -0.312568925618588533E+01   -0.634513276307193586E+01   -0.774334798461906715E+01   -0.371865556294778887E+01   -0.470421675236256220E+01    0.664674224152636839E+03
    0.910469867432888380E+00    0.332570604030130198E+03   -0.355804453289358946E+01   -0.157786310102448724E+01   -0.161314250524031699E+01   -0.431480111822784895E+01   -0.848662215027030875E+01   -0.242378612465760135E+01   -0.578579429086039632E+01    0.663794692459635371E+03
    0.913082922964963739E+00    0.309997911888699377E+03   -0.268093430072417860E+01   -0.382340191158879605E+01   -0.210091261040441246E+01   -0.368554451783064074E+01   -0.842961862638196457E+01   -0.482637794300547363E+01   -0.548189729577872065E+01    0.664908966900870723E+03
    0.913082922964963739E+00    0.309997911888699377E+03   -0.268093430072417860E+01   -0.382340191158879605E+01   -0.210091261040441246E+01   -0.368554451783064074E+01   -0.842961862638196457E+01   -0.482637794300547363E+01   -0.548189729577872065E+01    0.664908966900870723E+03
    0.913082922964963739E+00    0.309997911888699377E+03   -0.268093430072417860E+01   -0.382340191158879605E+01   -0.210091261040441246E+01   -0.368554451783064074E+01   -0.842961862638196457E+01   -0.482637794300547363E+01   -0.548189729577872065E+01    0.664908966900870723E+03
    0.908928744421090173E+00    0.402413544441231636E+03   -0.176900003163937747E+01   -0.218533299495995070E+01   -0.412384909847318415E+01   -0.602352523160428532E+01   -0.929392909614160523E+01   -0.405916687654543296E+01   -0.606223585579112267E+01    0.664114539335143490E+03
    0.908928744421090173E+00    0.402413544441231636E+03   -0.176900003163937747E+01   -0.218533299495995070E+01   -0.412384909847318415E+01   -0.602352523160428532E+01   -0.929392909614160523E+01   -0.405916687654543296E+01   -0.606223585579112267E+01    0.664114539335143490E+03
    0.913727800534753776E+00    0.374596114217337686E+03   -0.365557434377795154E+01   -0.339231050609335405E+01   -0.682902125386955561E+01   -0.336039378927406496E+01   -0.945950600843896972E+01   -0.409822011133753872E+01   -0.667829860417140164E+01    0.663217590634102635E+03
    0.911625574333083444E+00    0.289609365647105335E+03   -0.224336770635150362E+01   -0.262732486008025479E+01   -0.142778306884354222E+01   -0.705619839362922008E+01   -0.601135192447701794E+01   -0.746950119520136369E+01   -0.691637289735737681E+01    0.664094854314113718E+03
    0.911625574333083444E+00    0.289609365647105335E+03   -0.224336770635150362E+01   -0.262732486008025479E+01   -0.142778306884354222E+01   -0.705619839362922008E+01   -0.601135192447701794E+01   -0.746950119520136369E+01   -0.691637289735737681E+01    0.664094854314113718E+03
    0.912011655091999440E+00    0.345227682053746435E+03   -0.428575185670927361E+01   -0.333853069549651771E+01   -0.229460306554793547E+01   -0.438404523510317556E+01   -0.729715931779628946E+01   -0.597486722633533418E+01   -0.623914169108155114E+01    0.663473795944417247E+03
    0.912144027541971880E+00    0.288291158272009170E+03   -0.122040185556394398E+01   -0.143858817449801535E+01   -0.177382564912615948E+01   -0.559348477846428782E+01   -0.717910508198312325E+01   -0.862343038488323366E+01   -0.576337830123596184E+01    0.664247753990858087E+03
    0.912144027541971880E+00    0.288291158272009170E+03   -0.122040185556394398E+01   -0.143858817449801535E+01   -0.177382564912615948E+01   -0.559348477846428782E+01   -0.717910508198312325E+01   -0.862343038488323366E+01   -0.576337830123596184E+01    0.664247753990858087E+03
    0.912002943259071386E+00    0.345666180780079742E+03   -0.274949959705806179E+01   -0.262076292010468492E+01   -0.196833743351983692E+01   -0.543981885956689126E+01   -0.722464093113798711E+01   -0.642806283256575917E+01   -0.658761915589788405E+01    0.664005790859140006E+03
    0.912002943259071386E+00    0.345666180780079742E+03   -0.274949959705806179E+01   -0.262076292010468492E+01   -0.196833743351983692E+01   -0.543981885956689126E+01   -0.722464093113798711E+01   -0.642806283256575917E+01   -0.658761915589788405E+01    0.664005790859140006E+03
    0.911980843535014851E+00    0.323873981289467793E+03   -0.254453216614541766E+01   -0.378955364685622431E+01   -0.265994276679410202E+01   -0.778572480526058008E+01   -0.699378335851362820E+01   -0.524318857322539511E+01   -0.557107020862445879E+01    0.664125359658175967E+03
    0.909361501757668500E+00    0.313721624279603986E+03   -0.102703771002064492E+01   -0.373753779118510998E+01   -0.185481922288571432E+01   -0.574923779965244375E+01   -0.533601365813686623E+01   -0.211427968885078421E+01   -0.391731578483479925E+01    0.663509568301268587E+03
    0.910074799041012961E+00    0.331103491322222908E+03   -0.182048571513133339E+01   -0.127838325753636894E+01   -0.177797046045528795E+01   -0.650494757041452409E+01   -0.577334758343202381E+01   -0.439869216319159495E+01   -0.507239925371875788E+01    0.664440960240921640E+03
    0.910074799041012961E+00    0.331103491322222908E+03   -0.182048571513133339E+01   -0.127838325753636894E+01   -0.177797046045528795E+01   -0.650494757041452409E+01   -0.577334758343202381E+01   -0.439869216319159495E+01   -0.507239925371875788E+01    0.664440960240921640E+03
    0.909187752135284022E+00    0.353146222375314892E+03   -0.174128012783420871E+01   -0.303108653781343662E+01   -0.247385621170259640E+01   -0.524449976576056187E+01   -0.685652985176335150E+01   -0.679576339663503504E+01   -0.568220042052317531E+01    0.663939259295862257E+03
    0.909956956874870215E+00    0.351732456981671987E+03   -0.155939997951562681E+01   -0.511558438475626875E+01   -0.244157710958344065E+01   -0.548374759599419725E+01   -0.627679174366715031E+01   -0.862293931806160785E+01   -0.440030307667961473E+01    0.663434032394241740E+03
    0.906706796933828385E+00    0.342212592710502747E+03   -0.141956651519584298E+01   -0.364021680859138108E+01   -0.125354481124831096E+01   -0.458569806513841804E+01   -0.788122401023825958E+01   -0.826112324453333358E+01   -0.496408926048518850E+01    0.663435173423340416E+03
    0.910152127596901450E+00    0.284918190689323922E+03   -0.140738023001142842E+01   -0.379666858091135229E+01   -0.128469159230444241E+01   -0.490287724518925483E+01   -0.663625119237699046E+01   -0.800010710606134623E+01   -0.534749541537761353E+01    0.663490948878819722E+03
    0.910577820093799395E+00    0.388074627600214683E+03   -0.202574350708027495E+01   -0.417611235768187505E+01   -0.317957679665949566E+01   -0.563628508949607987E+01   -0.701690092312984159E+01   -0.681099284763429935E+01   -0.624641014824546481E+01    0.663980249527439582E+03
    0.908513510405316582E+00    0.410127442835905413E+03   -0.234379735574165338E+01   -0.506252076930754047E+01   -0.300511740069433397E+01   -0.617397991127605739E+01   -0.646920135178208522E+01   -0.551001072235269618E+01   -0.588889886171207255E+01    0.664307206602547581E+03
    0.908513510405316582E+00    0.410127442835905413E+03   -0.234379735574165338E+01   -0.506252076930754047E+01   -0.300511740069433397E+01   -0.617397991127605739E+01   -0.646920135178208522E+01   -0.551001072235269618E+01   -0.588889886171207255E+01    0.664307206602547581E+03
    0.908369894438102787E+00    0.345326221082293046E+03   -0.223639882276444002E+01   -0.610728318062360920E+01   -0.153558940658816390E+01   -0.631526345437710290E+01   -0.707505442896711756E+01   -0.851236841973672753E+01   -0.340855930243291816E+01    0.663457860591046256E+03
    0.911126135932365688E+00    0.346717481986157736E+03   -0.195451538981548190E+01   -0.464725265525446041E+01   -0.250532959653777887E+01   -0.493268730771633113E+01   -0.535916672914578296E+01   -0.603846712712557476E+01   -0.692382262236507628E+01    0.663314517076054585E+03
    0.909079364898726205E+00    0.378744793016530934E+03   -0.221129571332568897E+01   -0.576077668332839909E+01   -0.253301594553640630E+01   -0.493173139397899263E+01   -0.491164979265144819E+01   -0.327818450432168351E+01   -0.562267335183159744E+01    0.663214741933227288E+03
    0.910819555608544440E+00    0.314182610092232267E+03   -0.373575303362212896E+01   -0.527194064320606870E+01   -0.117414519801370432E+01   -0.567850881424148213E+01   -0.782577024833914425E+01   -0.882293386506520427E+01   -0.504213519214012251E+01    0.663234914638675036E+03
    0.910267146865417542E+00    0.316883717810815313E+03   -0.196135263578177188E+01   -0.256980439579345088E+01   -0.199236330608045797E+01   -0.524317380605917283E+01   -0.747341898591129272E+01   -0.377439389529723091E+01   -0.520506713213853267E+01    0.664535747351953091E+03
    0.910267146865417542E+00    0.316883717810815313E+03   -0.196135263578177188E+01   -0.256980439579345088E+01   -0.199236330608045797E+01   -0.524317380605917283E+01   -0.747341898591129272E+01   -0.377439389529723091E+01   -0.520506713213853267E+01    0.664535747351953091E+03
    0.912180074811601238E+00    0.433790145148613817E+03   -0.382759711414841775E+01   -0.456376996782262179E+01   -0.347480127525658400E+01   -0.357957380705184125E+01   -0.706909093962441926E+01   -0.407537884824732721E+01   -0.658780223702677858E+01    0.663659002110889446E+03
    0.911478561243516117E+00    0.415386651518639383E+03   -0.356319468643425452E+01   -0.288021750874675675E+01   -0.356077939884866268E+01   -0.371128757885811211E+01   -0.650876121451064726E+01   -0.439241636326071383E+01   -0.760335532102003420E+01    0.664542190214923039E+03
    0.911478561243516117E+00    0.415386651518639383E+03   -0.356319468643425452E+01   -0.288021750874675675E+01   -0.356077939884866268E+01   -0.371128757885811211E+01   -0.650876121451064726E+01   -0.439241636326071383E+01   -0.760335532102003420E+01    0.664542190214923039E+03
    0.909177677816099483E+00    0.422168732175505397E+03   -0.349616047847658518E+01   -0.277437243083703411E+01   -0.288284083791238643E+01   -0.479767291235692106E+01   -0.659481272500856441E+01   -0.422584067817392839E+01   -0.899568587612592729E+01    0.664121676873776892E+03
    0.909177677816099483E+00    0.422168732175505397E+03   -0.349616047847658518E+01   -0.277437243083703411E+01   -0.288284083791238643E+01   -0.479767291235692106E+01   -0.659481272500856441E+01   -0.422584067817392839E+01   -0.899568587612592729E+01    0.664121676873776892E+03
    0.906549263954864015E+00    0.478359341789293751E+03   -0.293311077477349791E+01   -0.305295601551416773E+01   -0.303978003946758779E+01   -0.291541594553608885E+01   -0.562437116942731663E+01   -0.358151968637602813E+01   -0.925037492751538615E+01    0.663629290673570722E+03
    0.910390978443069376E+00    0.347051449667801421E+03   -0.262111558666073297E+01   -0.209292767035825822E+01   -0.270906702604569993E+01   -0.211035078192850811E+01   -0.791374576710710631E+01   -0.384095654783092133E+01   -0.797115561277064444E+01    0.664342298419968074E+03
    0.910390978443069376E+00    0.347051449667801421E+03   -0.262111558666073297E+01   -0.209292767035825822E+01   -0.270906702604569993E+01   -0.211035078192850811E+01   -0.791374576710710631E+01   -0.384095654783092133E+01   -0.797115561277064444E+01    0.664342298419968074E+03
    0.908971670412853539E+00    0.393588093947120512E+03   -0.373495607803485985E+01   -0.212553344720691584E+01   -0.243207105858013684E+01   -0.528986546406144065E+01   -0.713767682136185311E+01   -0.362803554360911207E+01   -0.930276704896040307E+01    0.663246841926709067E+03
    0.907666528848861121E+00    0.387533236920580180E+03   -0.178955853108408114E+01   -0.219004858871358365E+01   -0.238473655590680877E+01   -0.356882147021206642E+01   -0.666274330341382459E+01   -0.709090333188990307E+01   -0.942563772313990000E+01    0.664774633590424969E+03
    0.907666528848861121E+00    0.387533236920580180E+03   -0.178955853108408114E+01   -0.219004858871358365E+01   -0.238473655590680877E+01   -0.356882147021206642E+01   -0.666274330341382459E+01   -0.709090333188990307E+01   -0.942563772313990000E+01    0.664774633590424969E+03
    0.907666528848861121E+00    0.387533236920580180E+03   -0.178955853108408114E+01   -0.219004858871358365E+01   -0.238473655590680877E+01   -0.356882147021206642E+01   -0.666274330341382459E+01   -0.709090333188990307E+01   -0.942563772313990000E+01    0.664774633590424969E+03
    0.909941832597274680E+00    0.400305845396422569E+03   -0.281958607757941948E+01   -0.128891366728939261E+01   -0.218455566347433017E+01   -0.253469015536540443E+01   -0.676805378050346285E+01   -0.682699319572388053E+01   -0.959554504647677398E+01    0.663548573433494539E+03
    0.907644156986516126E+00    0.355255277082561065E+03   -0.175433661252547068E+01   -0.293026866687277110E+01   -0.109279754151707564E+01   -0.118385913231563578E+01   -0.666037303770816003E+01   -0.795301289802186862E+01   -0.927906689807509544E+01    0.663762099914065402E+03
    0.913172398609697344E+00    0.395361403716207860E+03   -0.362688119237874051E+01   -0.313222818677472592E+01   -0.367435568273130908E+01   -0.309786386185774898E+01   -0.615866637252769600E+01   -0.436122271754085844E+01   -0.973547474466297835E+01    0.663357948897130427E+03
    0.912911094637627429E+00    0.385912773562275561E+03   -0.359203683634378912E+01   -0.388926606646835538E+01   -0.300496704301513251E+01   -0.378788381196649304E+01   -0.631527023350905470E+01   -0.502826316616420410E+01   -0.943396126746119279E+01    0.663578689487632801E+03
    0.907326655925162151E+00    0.338934924139678515E+03   -0.200496596150675455E+01   -0.375522493518286904E+01   -0.115816214705905907E+01   -0.440183651670053422E+01   -0.786681325212832050E+01   -0.145481092667711565E+01   -0.953222913013049933E+01    0.663895170618357270E+03
    0.909836997768257438E+00    0.371260617420373137E+03   -0.242356238076688157E+01   -0.209503493120818973E+01   -0.241340044408155752E+01   -0.192553365413608013E+01   -0.741896424026363288E+01   -0.663417346496639393E+01   -0.629250545513894188E+01    0.665151906204541774E+03
    0.909836997768257438E+00    0.371260617420373137E+03   -0.242356238076688157E+01   -0.209503493120818973E+01   -0.241340044408155752E+01   -0.192553365413608013E+01   -0.741896424026363288E+01   -0.663417346496639393E+01   -0.629250545513894188E+01    0.665151906204541774E+03
    0.909836997768257438E+00    0.371260617420373137E+03   -0.242356238076688157E+01   -0.209503493120818973E+01   -0.241340044408155752E+01   -0.192553365413608013E+01   -0.741896424026363288E+01   -0.663417346496639393E+01   -0.629250545513894188E+01    0.665151906204541774E+03
    0.909836997768257438E+00    0.371260617420373137E+03   -0.242356238076688157E+01   -0.209503493120818973E+01   -0.241340044408155752E+01   -0.192553365413608013E+01   -0.741896424026363288E+01   -0.663417346496639393E+01   -0.629250545513894188E+01    0.665151906204541774E+03
    0.913783529963085650E+00    0.332445373152662569E+03   -0.301351576342095395E+01   -0.408104894692867148E+01   -0.284083210347835369E+01   -0.446188942493448959E+01   -0.701113328244947276E+01   -0.400705587559866405E+01   -0.949959342769847481E+01    0.664653403878346808E+03
    0.913783529963085650E+00    0.332445373152662569E+03   -0.301351576342095395E+01   -0.408104894692867148E+01   -0.284083210347835369E+01   -0.446188942493448959E+01   -0.701113328244947276E+01   -0.400705587559866405E+01   -0.949959342769847481E+01    0.664653403878346808E+03
    0.909928831996846599E+00    0.379488045591337595E+03   -0.162486408303635521E+01   -0.367938023178229123E+01   -0.280414796006298150E+01   -0.275879597253024933E+01   -0.708666436730215743E+01   -0.527962014656518619E+01   -0.667687103050089981E+01    0.664094706271090217E+03
    0.909928831996846599E+00    0.379488045591337595E+03   -0.162486408303635521E+01   -0.367938023178229123E+01   -0.280414796006298150E+01   -0.275879597253024933E+01   -0.708666436730215743E+01   -0.527962014656518619E+01   -0.667687103050089981E+01    0.664094706271090217E+03
    0.905756247655425839E+00    0.443197131042522983E+03   -0.156371198164387870E+01   -0.145905513424907340E+01   -0.468585325886304549E+01   -0.536428270349560155E+01   -0.577752610414841783E+01   -0.271570536766192205E+01   -0.785814141035125502E+01    0.663563486352167160E+03
    0.907165538778217706E+00    0.411798749406111028E+03   -0.122119928707081016E+01   -0.110273262110670345E+01   -0.929117334789057914E+01   -0.264444423855753641E+01   -0.756007183159361151E+01   -0.272010437848892828E+01   -0.637610298478244175E+01    0.663234642793306875E+03
    0.909982298116953414E+00    0.364810924731381931E+03   -0.169579756988132324E+01   -0.268981392723397139E+01   -0.307564236496906496E+01   -0.167903724161267931E+01   -0.582027419893635933E+01   -0.289707792253149776E+01   -0.584422202911006661E+01    0.663875282392473309E+03
    0.905377118380438550E+00    0.433591698806476757E+03   -0.149999142775715022E+01   -0.164550605353662149E+01   -0.351195061669802389E+01   -0.286468880039181872E+01   -0.515190310613618330E+01   -0.287029099569113555E+01   -0.512005846075029680E+01    0.663641273371610282E+03
    0.909448046912735064E+00    0.356189812894991178E+03   -0.177862221039703883E+01   -0.417669961391522637E+01   -0.338626241574539399E+01   -0.242052010972473042E+01   -0.542179965161168731E+01   -0.255890872795768143E+01   -0.693701075732456918E+01    0.663679980009473866E+03
    0.909330154035964178E+00    0.330150318716801394E+03   -0.147369072709710913E+01   -0.622511083601124238E+01   -0.299540246651556252E+01   -0.360615948475257309E+01   -0.728632122940877558E+01   -0.261660484156855055E+01   -0.967688223090166133E+01    0.663788976190181415E+03
    0.909330154035964178E+00    0.330150318716801394E+03   -0.147369072709710913E+01   -0.622511083601124238E+01   -0.299540246651556252E+01   -0.360615948475257309E+01   -0.728632122940877558E+01   -0.261660484156855055E+01   -0.967688223090166133E+01    0.663788976190181415E+03
    0.910322362229849968E+00    0.377118284481946205E+03   -0.239063196544366630E+01   -0.751661694660544555E+01   -0.231722461513491851E+01   -0.384461053152109677E+01   -0.631089012351931800E+01   -0.299865183361087340E+01   -0.895974608009518292E+01    0.663441108036259720E+03
    0.908226467480299560E+00    0.337551944925246119E+03   -0.143788290631939653E+01   -0.694438471301735483E+01   -0.145183371920118987E+01   -0.322381949268437573E+01   -0.736022138285141203E+01   -0.115229777222008423E+01   -0.835688137083431748E+01    0.663757656464848196E+03
    0.907067923065269510E+00    0.368203110324823513E+03   -0.177348551654822728E+01   -0.517259181337826401E+01   -0.176844270781599633E+01   -0.393154369309240970E+01   -0.561773586815425752E+01   -0.324889399167024084E+01   -0.989915077129093390E+01    0.664390899659127172E+03
    0.907067923065269510E+00    0.368203110324823513E+03   -0.177348551654822728E+01   -0.517259181337826401E+01   -0.176844270781599633E+01   -0.393154369309240970E+01   -0.561773586815425752E+01   -0.324889399167024084E+01   -0.989915077129093390E+01    0.664390899659127172E+03
    0.909080046027327504E+00    0.366397862990740009E+03   -0.212335554482563804E+01   -0.533988796813217537E+01   -0.300178041502122106E+01   -0.469855770355985225E+01   -0.515221402221632285E+01   -0.311112344771442118E+01   -0.852398922633066647E+01    0.663323279909922690E+03
    0.907663517374791451E+00    0.400978963582346637E+03   -0.138542681775614795E+01   -0.692595023586954905E+01   -0.646736695939473094E+01   -0.289689696043422451E+01   -0.612970357703936397E+01   -0.260787128467753604E+01   -0.893263441022554439E+01    0.663479189298664551E+03
    0.906802309435991827E+00    0.407278258116187089E+03   -0.224585522471665566E+01   -0.804025179071922125E+01   -0.234203104818055152E+01   -0.234710327345862613E+01   -0.516612344924507561E+01   -0.296856825603969288E+01   -0.840025463077561341E+01    0.663918899476934484E+03
    0.906802309435991827E+00    0.407278258116187089E+03   -0.224585522471665566E+01   -0.804025179071922125E+01   -0.234203104818055152E+01   -0.234710327345862613E+01   -0.516612344924507561E+01   -0.296856825603969288E+01   -0.840025463077561341E+01    0.663918899476934484E+03
    0.910931275837402188E+00    0.324654679815049235E+03   -0.121514812643896164E+01   -0.700209910984678086E+01   -0.215259236080503147E+01   -0.388139109535529059E+01   -0.641260349378022987E+01   -0.267829725460588097E+01   -0.898617906519182164E+01    0.663504606519758681E+03
    0.908488571572743986E+00    0.362316145701553410E+03   -0.264476592135687749E+01   -0.935143949250936046E+01   -0.218465221128987963E+01   -0.445466497162934960E+01   -0.590132895540970814E+01   -0.274287052017299793E+01   -0.986380508255438393E+01    0.663180080975780243E+03
    0.910607568941660617E+00    0.345362584128707340E+03   -0.215702500556360466E+01   -0.649705579244909792E+01   -0.241383797598202587E+01   -0.262241160707141496E+01   -0.524758251134135456E+01   -0.344394277044184083E+01   -0.820556025165382330E+01    0.663907159237047040E+03
    0.908429851637576169E+00    0.334906886065086553E+03   -0.133705561881261836E+01   -0.670230315183459346E+01   -0.200014533857929955E+01   -0.370716377770432004E+01   -0.474650472238290622E+01   -0.250130149974668115E+01   -0.875762991360432785E+01    0.663772103889823484E+03
    0.909707858712493045E+00    0.337989199467493336E+03   -0.219128009757518250E+01   -0.853435640550636521E+01   -0.228029361854165025E+01   -0.216184320393778684E+01   -0.596799804407088352E+01   -0.309747410427643377E+01   -0.882580694475892535E+01    0.664058135690119116E+03
    0.908423559344814224E+00    0.346498450785801765E+03   -0.105991883518771601E+01   -0.526274216745399404E+01   -0.222707200609731260E+01   -0.295197145845653619E+01   -0.646352204396125352E+01   -0.157245634628585584E+01   -0.865337232916444599E+01    0.663623292038387831E+03
    0.910470143498188444E+00    0.334820743626655144E+03   -0.299917707926222210E+01   -0.661745496356810037E+01   -0.148385665690217650E+01   -0.246593640440840289E+01   -0.641407684964933544E+01   -0.260351270015435166E+01   -0.723426224474222312E+01    0.663729062855063944E+03
    0.910060363892777557E+00    0.310969969517415734E+03   -0.254427823315570834E+01   -0.653609642746368102E+01   -0.137122592060683246E+01   -0.283363539341418225E+01   -0.594132645005934990E+01   -0.186118813706950093E+01   -0.494835209716971303E+01    0.663490064725226944E+03
    0.910449464763940508E+00    0.385927393004015357E+03   -0.287711391262442273E+01   -0.567048973572388260E+01   -0.276162463590303631E+01   -0.292696940194619515E+01   -0.596998043918423882E+01   -0.417358796753840533E+01   -0.654639287822892513E+01    0.664393937840376452E+03
    0.910449464763940508E+00    0.385927393004015357E+03   -0.287711391262442273E+01   -0.567048973572388260E+01   -0.276162463590303631E+01   -0.292696940194619515E+01   -0.596998043918423882E+01   -0.417358796753840533E+01   -0.654639287822892513E+01    0.664393937840376452E+03
    0.904554972705470028E+00    0.461038269310306760E+03   -0.155580962568210879E+01   -0.376771781356894042E+01   -0.757684099594509597E+01   -0.330819096889458564E+01   -0.576402581875098718E+01   -0.291900810095092300E+01   -0.716340470520263572E+01    0.663509638023704042E+03
    0.914984674930269914E+00    0.262271453220870740E+03   -0.201407620694583045E+01   -0.924036373797000898E+01   -0.236239454982946562E+01   -0.176205335493996884E+01   -0.708528101596858839E+01   -0.297369914288276682E+01   -0.917056592538364335E+01    0.663750058062607877E+03
    0.908405815698272945E+00    0.370550277251663488E+03   -0.133959448924366953E+01   -0.431291959401737124E+01   -0.619941990798600617E+01   -0.307454675970153701E+01   -0.823108187200130459E+01   -0.243784587951581333E+01   -0.831876920679244769E+01    0.663650904061427696E+03
    0.908096284304605206E+00    0.356587742581301768E+03   -0.108221378738534746E+01   -0.662192438023138763E+01   -0.635849244665625868E+01   -0.380062405412201887E+01   -0.712670724997907978E+01   -0.228197085889362850E+01   -0.719647066268538893E+01    0.663382875722543872E+03
    0.904593120276093288E+00    0.499670367671598740E+03   -0.185559087176389248E+01   -0.137965684293177482E+01   -0.682657693257340004E+01   -0.568271861194033967E+01   -0.814467751292900566E+01   -0.331535230324647756E+01   -0.733227746693900073E+01    0.663424387511189138E+03
    0.913043643968967200E+00    0.476500438568009429E+03   -0.436797059476268856E+01   -0.454029356807495699E+01   -0.461669665900516879E+01   -0.139248820449005350E+01   -0.733183411172597665E+01   -0.479585474482463781E+01   -0.918112258019348815E+01    0.664927859856330429E+03
    0.913043643968967200E+00    0.476500438568009429E+03   -0.436797059476268856E+01   -0.454029356807495699E+01   -0.461669665900516879E+01   -0.139248820449005350E+01   -0.733183411172597665E+01   -0.479585474482463781E+01   -0.918112258019348815E+01    0.664927859856330429E+03
    0.913043643968967200E+00    0.476500438568009429E+03   -0.436797059476268856E+01   -0.454029356807495699E+01   -0.461669665900516879E+01   -0.139248820449005350E+01   -0.733183411172597665E+01   -0.479585474482463781E+01   -0.918112258019348815E+01    0.664927859856330429E+03
    0.908041815944105046E+00    0.451302358470412344E+03   -0.359809516988962486E+01   -0.147377355080466188E+01   -0.259901413860723896E+01   -0.194319702060995425E+01   -0.713921731697312723E+01   -0.523923054274838673E+01   -0.758826618531893260E+01    0.663894485091612296E+03
    0.909375595239485857E+00    0.454900739352103813E+03   -0.287330944771307273E+01   -0.240594085089372456E+01   -0.303265250832755751E+01   -0.294807931390401823E+01   -0.797098082959937848E+01   -0.582694307181626314E+01   -0.792492293156910144E+01    0.664774385778035480E+03
    0.909375595239485857E+00    0.454900739352103813E+03   -0.287330944771307273E+01   -0.240594085089372456E+01   -0.303265250832755751E+01   -0.294807931390401823E+01   -0.797098082959937848E+01   -0.582694307181626314E+01   -0.792492293156910144E+01    0.664774385778035480E+03
    0.907342310054812584E+00    0.477822523076592745E+03   -0.248083006619675928E+01   -0.350434912886579752E+01   -0.486039806238137384E+01   -0.393041947166367578E+01   -0.706561668640894602E+01   -0.299278826541686627E+01   -0.883774390776170726E+01    0.664117312779083932E+03
    0.907342310054812584E+00    0.477822523076592745E+03   -0.248083006619675928E+01   -0.350434912886579752E+01   -0.486039806238137384E+01   -0.393041947166367578E+01   -0.706561668640894602E+01   -0.299278826541686627E+01   -0.883774390776170726E+01    0.664117312779083932E+03
    0.905367699075915633E+00    0.466013730581863911E+03   -0.192954343395412842E+01   -0.273238828280512536E+01   -0.277712393341078556E+01   -0.273337554687859008E+01   -0.883913578036238690E+01   -0.496902209165517039E+01   -0.863311281127462316E+01    0.665523740009345943E+03
    0.905367699075915633E+00    0.466013730581863911E+03   -0.192954343395412842E+01   -0.273238828280512536E+01   -0.277712393341078556E+01   -0.273337554687859008E+01   -0.883913578036238690E+01   -0.496902209165517039E+01   -0.863311281127462316E+01    0.665523740009345943E+03
    0.905367699075915633E+00    0.466013730581863911E+03   -0.192954343395412842E+01   -0.273238828280512536E+01   -0.277712393341078556E+01   -0.273337554687859008E+01   -0.883913578036238690E+01   -0.496902209165517039E+01   -0.863311281127462316E+01    0.665523740009345943E+03
    0.905367699075915633E+00    0.466013730581863911E+03   -0.192954343395412842E+01   -0.273238828280512536E+01   -0.277712393341078556E+01   -0.273337554687859008E+01   -0.883913578036238690E+01   -0.496902209165517039E+01   -0.863311281127462316E+01    0.665523740009345943E+03
    0.905367699075915633E+00    0.466013730581863911E+03   -0.192954343395412842E+01   -0.273238828280512536E+01   -0.277712393341078556E+01   -0.273337554687859008E+01   -0.883913578036238690E+01   -0.496902209165517039E+01   -0.863311281127462316E+01    0.665523740009345943E+03
    0.905367699075915633E+00    0.466013730581863911E+03   -0.192954343395412842E+01   -0.273238828280512536E+01   -0.277712393341078556E+01   -0.273337554687859008E+01   -0.883913578036238690E+01   -0.496902209165517039E+01   -0.863311281127462316E+01    0.665523740009345943E+03
    0.910289201994421870E+00    0.458602266119348428E+03   -0.299322566770950527E+01   -0.288307806442358583E+01   -0.321558107238459545E+01   -0.259162596373087428E+01   -0.765136036270843256E+01   -0.533501309932334777E+01   -0.688179317937585822E+01    0.663629844773309173E+03
    0.907037443093787310E+00    0.412390443455213529E+03   -0.184632946621892025E+01   -0.276304806752698262E+01   -0.227401926795972287E+01   -0.169897872877077738E+01   -0.879004838525820986E+01   -0.344307526230152128E+01   -0.853668599675121520E+01    0.665426357726481683E+03
    0.907037443093787310E+00    0.412390443455213529E+03   -0.184632946621892025E+01   -0.276304806752698262E+01   -0.227401926795972287E+01   -0.169897872877077738E+01   -0.879004838525820986E+01   -0.344307526230152128E+01   -0.853668599675121520E+01    0.665426357726481683E+03
    0.907037443093787310E+00    0.412390443455213529E+03   -0.184632946621892025E+01   -0.276304806752698262E+01   -0.227401926795972287E+01   -0.169897872877077738E+01   -0.879004838525820986E+01   -0.344307526230152128E+01   -0.853668599675121520E+01    0.665426357726481683E+03
    0.907037443093787310E+00    0.412390443455213529E+03   -0.184632946621892025E+01   -0.276304806752698262E+01   -0.227401926795972287E+01   -0.169897872877077738E+01   -0.879004838525820986E+01   -0.344307526230152128E+01   -0.853668599675121520E+01    0.665426357726481683E+03
    0.907037443093787310E+00    0.412390443455213529E+03   -0.184632946621892025E+01   -0.276304806752698262E+01   -0.227401926795972287E+01   -0.169897872877077738E+01   -0.879004838525820986E+01   -0.344307526230152128E+01   -0.853668599675121520E+01    0.665426357726481683E+03
    0.911238098072166380E+00    0.489107699396437795E+03   -0.354034537884452316E+01   -0.338641647350885666E+01   -0.429523005745971176E+01   -0.193053286686166103E+01   -0.728133402267306096E+01   -0.583464610237516013E+01   -0.937169669782331560E+01    0.665312829747252977E+03
    0.911238098072166380E+00    0.489107699396437795E+03   -0.354034537884452316E+01   -0.338641647350885666E+01   -0.429523005745971176E+01   -0.193053286686166103E+01   -0.728133402267306096E+01   -0.583464610237516013E+01   -0.937169669782331560E+01    0.665312829747252977E+03
    0.911238098072166380E+00    0.489107699396437795E+03   -0.354034537884452316E+01   -0.338641647350885666E+01   -0.429523005745971176E+01   -0.193053286686166103E+01   -0.728133402267306096E+01   -0.583464610237516013E+01   -0.937169669782331560E+01    0.665312829747252977E+03
    0.911238098072166380E+00    0.489107699396437795E+03   -0.354034537884452316E+01   -0.338641647350885666E+01   -0.429523005745971176E+01   -0.193053286686166103E+01   -0.728133402267306096E+01   -0.583464610237516013E+01   -0.937169669782331560E+01    0.665312829747252977E+03
    0.911238098072166380E+00    0.489107699396437795E+03   -0.354034537884452316E+01   -0.338641647350885666E+01   -0.429523005745971176E+01   -0.193053286686166103E+01   -0.728133402267306096E+01   -0.583464610237516013E+01   -0.937169669782331560E+01    0.665312829747252977E+03
    0.906658829194129434E+00    0.481421338226024488E+03   -0.250592073449451824E+01   -0.504099529505944144E+01   -0.345894069321895969E+01   -0.345643133685368298E+01   -0.674125131754652873E+01   -0.624095983796177567E+01   -0.833032974086858147E+01    0.664123244588796410E+03
    0.909906996901933662E+00    0.356886927722392500E+03   -0.181676242528369158E+01   -0.114248447607904602E+01   -0.251443841660184741E+01   -0.309734649071301327E+01   -0.937434687710067216E+01   -0.308582262049959777E+01   -0.747523526960690088E+01    0.665227946310621633E+03
    0.909906996901933662E+00    0.356886927722392500E+03   -0.181676242528369158E+01   -0.114248447607904602E+01   -0.251443841660184741E+01   -0.309734649071301327E+01   -0.937434687710067216E+01   -0.308582262049959777E+01   -0.747523526960690088E+01    0.665227946310621633E+03
    0.909906996901933662E+00    0.356886927722392500E+03   -0.181676242528369158E+01   -0.114248447607904602E+01   -0.251443841660184741E+01   -0.309734649071301327E+01   -0.937434687710067216E+01   -0.308582262049959777E+01   -0.747523526960690088E+01    0.665227946310621633E+03
    0.909906996901933662E+00    0.356886927722392500E+03   -0.181676242528369158E+01   -0.114248447607904602E+01   -0.251443841660184741E+01   -0.309734649071301327E+01   -0.937434687710067216E+01   -0.308582262049959777E+01   -0.747523526960690088E+01    0.665227946310621633E+03
    0.911693011662424668E+00    0.324384959589848847E+03   -0.286700208565203685E+01   -0.446329952125884244E+01   -0.202415942966644824E+01   -0.373861548984680869E+01   -0.908023602070011293E+01   -0.529480766097102773E+01   -0.700792278798342849E+01    0.664425117255562441E+03
    0.911693011662424668E+00    0.324384959589848847E+03   -0.286700208565203685E+01   -0.446329952125884244E+01   -0.202415942966644824E+01   -0.373861548984680869E+01   -0.908023602070011293E+01   -0.529480766097102773E+01   -0.700792278798342849E+01    0.664425117255562441E+03
    0.902499705723071588E+00    0.475851756304428818E+03   -0.172542242527211265E+01   -0.167869648317854292E+01   -0.213079286182575522E+01   -0.517185468125419501E+01   -0.820454266657485043E+01   -0.457717777197465736E+01   -0.474482962262629826E+01    0.664838491326791541E+03
    0.902499705723071588E+00    0.475851756304428818E+03   -0.172542242527211265E+01   -0.167869648317854292E+01   -0.213079286182575522E+01   -0.517185468125419501E+01   -0.820454266657485043E+01   -0.457717777197465736E+01   -0.474482962262629826E+01    0.664838491326791541E+03
    0.902499705723071588E+00    0.475851756304428818E+03   -0.172542242527211265E+01   -0.167869648317854292E+01   -0.213079286182575522E+01   -0.517185468125419501E+01   -0.820454266657485043E+01   -0.457717777197465736E+01   -0.474482962262629826E+01    0.664838491326791541E+03
    0.906210416180973310E+00    0.454332433527988655E+03   -0.298299581819109605E+01   -0.403806326652679282E+01   -0.250412912787832820E+01   -0.410917287244381590E+01   -0.915587030348690156E+01   -0.527926998560176663E+01   -0.390959958848540978E+01    0.663246473077125984E+03
    0.905631608269855781E+00    0.465633877626822084E+03   -0.208578383099523723E+01   -0.337216061214154461E+01   -0.435404923250337905E+01   -0.285516518814046716E+01   -0.879412753146721116E+01   -0.275967145809238712E+01   -0.504613252549841373E+01    0.664441285310465787E+03
    0.905631608269855781E+00    0.465633877626822084E+03   -0.208578383099523723E+01   -0.337216061214154461E+01   -0.435404923250337905E+01   -0.285516518814046716E+01   -0.879412753146721116E+01   -0.275967145809238712E+01   -0.504613252549841373E+01    0.664441285310465787E+03
    0.907104317476489119E+00    0.398024736303519603E+03   -0.177603724721927492E+01   -0.309465563111901876E+01   -0.285175994012386891E+01   -0.301760515504404658E+01   -0.851006250386078378E+01   -0.173764372602594186E+01   -0.496059953891764405E+01    0.663286117042066394E+03
    0.911256150319099456E+00    0.414590555375585495E+03   -0.361681178581634022E+01   -0.197990256298101563E+01   -0.330611195646414568E+01   -0.227562994336347391E+01   -0.971692798938905078E+01   -0.621261599799061592E+01   -0.541005278874213413E+01    0.664047442789020238E+03
    0.911256150319099456E+00    0.414590555375585495E+03   -0.361681178581634022E+01   -0.197990256298101563E+01   -0.330611195646414568E+01   -0.227562994336347391E+01   -0.971692798938905078E+01   -0.621261599799061592E+01   -0.541005278874213413E+01    0.664047442789020238E+03
    0.911139072451642718E+00    0.443183317329658394E+03   -0.295061209663146684E+01   -0.388116416994269731E+01   -0.398089381513372587E+01   -0.164000558555605735E+01   -0.879208213088634416E+01   -0.512406339556381951E+01   -0.636085741862478926E+01    0.665225814999815611E+03
    0.911139072451642718E+00    0.443183317329658394E+03   -0.295061209663146684E+01   -0.388116416994269731E+01   -0.398089381513372587E+01   -0.164000558555605735E+01   -0.879208213088634416E+01   -0.512406339556381951E+01   -0.636085741862478926E+01    0.665225814999815611E+03
    0.911139072451642718E+00    0.443183317329658394E+03   -0.295061209663146684E+01   -0.388116416994269731E+01   -0.398089381513372587E+01   -0.164000558555605735E+01   -0.879208213088634416E+01   -0.512406339556381951E+01   -0.636085741862478926E+01    0.665225814999815611E+03
    0.911139072451642718E+00    0.443183317329658394E+03   -0.295061209663146684E+01   -0.388116416994269731E+01   -0.398089381513372587E+01   -0.164000558555605735E+01   -0.879208213088634416E+01   -0.512406339556381951E+01   -0.636085741862478926E+01    0.665225814999815611E+03
    0.907988615458275694E+00    0.452642192766224923E+03   -0.281157343726128595E+01   -0.365424038394046402E+01   -0.292439588041327259E+01   -0.331792525359191437E+01   -0.989066939585909211E+01   -0.385595035496930816E+01   -0.703480468674255732E+01    0.665247127691649780E+03
    0.907988615458275694E+00    0.452642192766224923E+03   -0.281157343726128595E+01   -0.365424038394046402E+01   -0.292439588041327259E+01   -0.331792525359191437E+01   -0.989066939585909211E+01   -0.385595035496930816E+01   -0.703480468674255732E+01    0.665247127691649780E+03
    0.907988615458275694E+00    0.452642192766224923E+03   -0.281157343726128595E+01   -0.365424038394046402E+01   -0.292439588041327259E+01   -0.331792525359191437E+01   -0.989066939585909211E+01   -0.385595035496930816E+01   -0.703480468674255732E+01    0.665247127691649780E+03
    0.907988615458275694E+00    0.452642192766224923E+03   -0.281157343726128595E+01   -0.365424038394046402E+01   -0.292439588041327259E+01   -0.331792525359191437E+01   -0.989066939585909211E+01   -0.385595035496930816E+01   -0.703480468674255732E+01    0.665247127691649780E+03
    0.910034239486189334E+00    0.401464834709621073E+03   -0.236233601484858102E+01   -0.143818381036868637E+01   -0.256812897203320389E+01   -0.373020285450969880E+01   -0.904940559798494526E+01   -0.387751611833948040E+01   -0.772820127296043502E+01    0.664001672706146906E+03
    0.908180693121765303E+00    0.392597963616635298E+03   -0.197009311927634911E+01   -0.124131267255146049E+01   -0.204717410851130843E+01   -0.299209460264397986E+01   -0.980242781908681771E+01   -0.347049655127807188E+01   -0.760897115454977868E+01    0.665325029530129882E+03
    0.908180693121765303E+00    0.392597963616635298E+03   -0.197009311927634911E+01   -0.124131267255146049E+01   -0.204717410851130843E+01   -0.299209460264397986E+01   -0.980242781908681771E+01   -0.347049655127807188E+01   -0.760897115454977868E+01    0.665325029530129882E+03
    0.908180693121765303E+00    0.392597963616635298E+03   -0.197009311927634911E+01   -0.124131267255146049E+01   -0.204717410851130843E+01   -0.299209460264397986E+01   -0.980242781908681771E+01   -0.347049655127807188E+01   -0.760897115454977868E+01    0.665325029530129882E+03
    0.908180693121765303E+00    0.392597963616635298E+03   -0.197009311927634911E+01   -0.124131267255146049E+01   -0.204717410851130843E+01   -0.299209460264397986E+01   -0.980242781908681771E+01   -0.347049655127807188E+01   -0.760897115454977868E+01    0.665325029530129882E+03
    0.907959877963753548E+00    0.423101252677747766E+03   -0.277462323461791094E+01   -0.133747775496880550E+01   -0.281750330729736120E+01   -0.282644805280668798E+01   -0.972788157114099050E+01   -0.433343004859236736E+01   -0.553598810430437638E+01    0.664387918128599722E+03
    0.907959877963753548E+00    0.423101252677747766E+03   -0.277462323461791094E+01   -0.133747775496880550E+01   -0.281750330729736120E+01   -0.282644805280668798E+01   -0.972788157114099050E+01   -0.433343004859236736E+01   -0.553598810430437638E+01    0.664387918128599722E+03
    0.910443830629764195E+00    0.376425688919420395E+03   -0.293443253225129119E+01   -0.174492658528347100E+01   -0.289045324941164861E+01   -0.109448631320979572E+01   -0.788169650173904301E+01   -0.445887442635358777E+01   -0.693522949845180303E+01    0.664742451891136852E+03
    0.910443830629764195E+00    0.376425688919420395E+03   -0.293443253225129119E+01   -0.174492658528347100E+01   -0.289045324941164861E+01   -0.109448631320979572E+01   -0.788169650173904301E+01   -0.445887442635358777E+01   -0.693522949845180303E+01    0.664742451891136852E+03
    0.910443830629764195E+00    0.376425688919420395E+03   -0.293443253225129119E+01   -0.174492658528347100E+01   -0.289045324941164861E+01   -0.109448631320979572E+01   -0.788169650173904301E+01   -0.445887442635358777E+01   -0.693522949845180303E+01    0.664742451891136852E+03
    0.905585230778220063E+00    0.484869649836493863E+03   -0.182008021907414985E+01   -0.411061819497833536E+01   -0.475674158555305837E+01   -0.192023947597426670E+01   -0.791616324830442153E+01   -0.377047823455539000E+01   -0.657997434542748394E+01    0.664426193308232541E+03
    0.905585230778220063E+00    0.484869649836493863E+03   -0.182008021907414985E+01   -0.411061819497833536E+01   -0.475674158555305837E+01   -0.192023947597426670E+01   -0.791616324830442153E+01   -0.377047823455539000E+01   -0.657997434542748394E+01    0.664426193308232541E+03
    0.908803930950175198E+00    0.378309876293819229E+03   -0.146803707616371426E+01   -0.479419251401359148E+01   -0.325354405224656684E+01   -0.226677254075704049E+01   -0.860106430348165318E+01   -0.462983498484335687E+01   -0.565270729630964830E+01    0.663945936085166068E+03
    0.909007757250574477E+00    0.389210155128895508E+03   -0.327136378193824129E+01   -0.445117591245611610E+01   -0.254714253015606751E+01   -0.317411899705423650E+01   -0.844543856799834991E+01   -0.441870056139673473E+01   -0.439571467065572019E+01    0.663338782400301511E+03
    0.907334047530484300E+00    0.391937087610496405E+03   -0.214980422700674456E+01   -0.519158890812473484E+01   -0.208904727917980981E+01   -0.312425813858786849E+01   -0.917722743361478166E+01   -0.301788543384085006E+01   -0.367982856811261172E+01    0.663929677221741372E+03
    0.912197900711852583E+00    0.308699601545233463E+03   -0.141569580649819571E+01   -0.484737120624075857E+01   -0.289836520823528954E+01   -0.155593988643415315E+01   -0.906080357355026855E+01   -0.402118073268301668E+01   -0.504951209037367033E+01    0.663769989383424331E+03
    0.912701593458706717E+00    0.390229272963140659E+03   -0.414731963342623988E+01   -0.344394296297497160E+01   -0.333926632866143525E+01   -0.245388141990596154E+01   -0.967648729084044135E+01   -0.559391985667679137E+01   -0.527317348849726120E+01    0.664207067185089272E+03
    0.912701593458706717E+00    0.390229272963140659E+03   -0.414731963342623988E+01   -0.344394296297497160E+01   -0.333926632866143525E+01   -0.245388141990596154E+01   -0.967648729084044135E+01   -0.559391985667679137E+01   -0.527317348849726120E+01    0.664207067185089272E+03
    0.910251818682197289E+00    0.329300892878888135E+03   -0.229640595114662815E+01   -0.462058672737768106E+01   -0.253615563267970678E+01   -0.183511742176515824E+01   -0.795982247470599091E+01   -0.312532525293616992E+01   -0.530025909301563480E+01    0.663764717966806188E+03
    0.908516486403444401E+00    0.370000730520045408E+03   -0.222621803891218129E+01   -0.560966857289653920E+01   -0.264625167053312538E+01   -0.277347602557742157E+01   -0.982082099257998031E+01   -0.221868896590117703E+01   -0.404597565419866267E+01    0.663801174412100067E+03
    0.911618995187134518E+00    0.352447301076779922E+03   -0.279600106308947716E+01   -0.483045283208947840E+01   -0.342886182512780024E+01   -0.108552886692546480E+01   -0.913987137331177202E+01   -0.452772234038669641E+01   -0.479886765879350108E+01    0.663682918949398186E+03
    0.906716183531590114E+00    0.347438243463466563E+03   -0.168016030524177040E+01   -0.451803739084412292E+01   -0.123872350444831802E+01   -0.149161436604658704E+01   -0.605743230130350518E+01   -0.123721207521281151E+01   -0.492160080264088062E+01    0.663674824435512051E+03
    0.908532476270858314E+00    0.394692109719158680E+03   -0.167685103595007057E+01   -0.507758517067352155E+01   -0.331673716223588588E+01   -0.282769105878275084E+01   -0.939984139416449871E+01   -0.281781837537205426E+01   -0.629304140545429291E+01    0.664938530500412639E+03
    0.908532476270858314E+00    0.394692109719158680E+03   -0.167685103595007057E+01   -0.507758517067352155E+01   -0.331673716223588588E+01   -0.282769105878275084E+01   -0.939984139416449871E+01   -0.281781837537205426E+01   -0.629304140545429291E+01    0.664938530500412639E+03
    0.908532476270858314E+00    0.394692109719158680E+03   -0.167685103595007057E+01   -0.507758517067352155E+01   -0.331673716223588588E+01   -0.282769105878275084E+01   -0.939984139416449871E+01   -0.281781837537205426E+01   -0.629304140545429291E+01    0.664938530500412639E+03
    0.907840009771384793E+00    0.418108416364588493E+03   -0.177071401002680595E+01   -0.557511859183002212E+01   -0.288925011650108043E+01   -0.239225216338109803E+01   -0.818730100696416407E+01   -0.269356255787969268E+01   -0.598899902869527079E+01    0.663959173046023011E+03
    0.904995371119719949E+00    0.435610982074437345E+03   -0.173243836937515994E+01   -0.569271182185647717E+01   -0.401733918798469514E+01   -0.244327527315997362E+01   -0.840851675886281313E+01   -0.258233010823265108E+01   -0.525876504186358229E+01    0.663641356399767233E+03
    0.903820551240462455E+00    0.493853582272536357E+03   -0.120913356376147441E+01   -0.163387911222880966E+01   -0.421023208256012538E+01   -0.320568177894005579E+01   -0.903948565695541362E+01   -0.375960052929528743E+01   -0.602340328010137327E+01    0.663531840587316651E+03
    0.907603251142567791E+00    0.351759131866317603E+03   -0.170780372093572907E+01   -0.594705455923246085E+01   -0.137192182343411595E+01   -0.369635289323689253E+01   -0.755169599093517085E+01   -0.669697123179132348E+01   -0.653770637713554592E+01    0.664049366055596124E+03
    0.907603251142567791E+00    0.351759131866317603E+03   -0.170780372093572907E+01   -0.594705455923246085E+01   -0.137192182343411595E+01   -0.369635289323689253E+01   -0.755169599093517085E+01   -0.669697123179132348E+01   -0.653770637713554592E+01    0.664049366055596124E+03
    0.910639119256826834E+00    0.378063403031299686E+03   -0.245452926917130476E+01   -0.473537242450001283E+01   -0.294203644029543909E+01   -0.273758641614757980E+01   -0.709154588688137277E+01   -0.685715245664573914E+01   -0.495789331812560707E+01    0.664236083842766334E+03
    0.910639119256826834E+00    0.378063403031299686E+03   -0.245452926917130476E+01   -0.473537242450001283E+01   -0.294203644029543909E+01   -0.273758641614757980E+01   -0.709154588688137277E+01   -0.685715245664573914E+01   -0.495789331812560707E+01    0.664236083842766334E+03
    0.909449591244952837E+00    0.339658328187681605E+03   -0.134420411939047391E+01   -0.342416575765282438E+01   -0.271125054578974733E+01   -0.342833072271476436E+01   -0.756383602965437163E+01   -0.717251237720812718E+01   -0.649763970143800762E+01    0.663374265477893687E+03
    0.906327129903905293E+00    0.420752700244253788E+03   -0.169182303888323204E+01   -0.358652670751923264E+01   -0.251192501634017695E+01   -0.123035100423589050E+01   -0.852157195332544326E+01   -0.703354648812301964E+01   -0.581095679651757457E+01    0.664475462131507925E+03
    0.906327129903905293E+00    0.420752700244253788E+03   -0.169182303888323204E+01   -0.358652670751923264E+01   -0.251192501634017695E+01   -0.123035100423589050E+01   -0.852157195332544326E+01   -0.703354648812301964E+01   -0.581095679651757457E+01    0.664475462131507925E+03
    0.909167544861907762E+00    0.467936592597537071E+03   -0.342296454303878495E+01   -0.373120642237348932E+01   -0.355971184526835849E+01   -0.227352764245055550E+01   -0.865765005016181277E+01   -0.610825848887040390E+01   -0.496871391272987140E+01    0.664335329188379774E+03
    0.909167544861907762E+00    0.467936592597537071E+03   -0.342296454303878495E+01   -0.373120642237348932E+01   -0.355971184526835849E+01   -0.227352764245055550E+01   -0.865765005016181277E+01   -0.610825848887040390E+01   -0.496871391272987140E+01    0.664335329188379774E+03
    0.905805330381164620E+00    0.446045548116134682E+03   -0.137626127471732040E+01   -0.618712012546025569E+01   -0.274264721483861873E+01   -0.373702358368862875E+01   -0.830001851551201142E+01   -0.590414755150384796E+01   -0.500905845201407285E+01    0.663549566008604984E+03
    0.909237733895470690E+00    0.448853851890384931E+03   -0.328023739389894065E+01   -0.270483196615728794E+01   -0.270891387932585559E+01   -0.237140749630041903E+01   -0.771049472158159421E+01   -0.624795127837567765E+01   -0.608373006734642985E+01    0.663823794989555608E+03
    0.907633512438962287E+00    0.463169437034499026E+03   -0.293425695927168295E+01   -0.647330273586362992E+01   -0.258593206027618905E+01   -0.103085560891462080E+01   -0.767434888715623842E+01   -0.771738750579182664E+01   -0.607250473310144301E+01    0.663625981890756520E+03
    0.905437547129287812E+00    0.452305594183247308E+03   -0.231249255339493054E+01   -0.518649316357007528E+01   -0.259366246802681566E+01   -0.323284990858431698E+01   -0.597075118552257145E+01   -0.950275972553127524E+01   -0.575849209116445238E+01    0.663607621429398137E+03
    0.915124076416533150E+00    0.412129822353675877E+03   -0.371975327413491730E+01   -0.354873465434322277E+01   -0.449779732837630508E+01   -0.514629065932332974E+01   -0.883168095950528453E+01   -0.931794469758616550E+01   -0.760863038109232903E+01    0.663673765192712381E+03
    0.911966219932724753E+00    0.341217648887003065E+03   -0.298540552804135118E+01   -0.328511626875219953E+01   -0.301093903228236748E+01   -0.543206770240053594E+01   -0.837800977247561285E+01   -0.911573579806450596E+01   -0.643015975459679368E+01    0.663659901538229860E+03
    0.907958138779261015E+00    0.369907393419051004E+03   -0.170574734345473189E+01   -0.524513716542304387E+01   -0.198384965830312865E+01   -0.381436552890993674E+01   -0.963257489131205524E+01   -0.676064350417319915E+01   -0.671499028389754127E+01    0.664295619100712088E+03
    0.910404023252255001E+00    0.466273941585279772E+03   -0.332490721352403540E+01   -0.361178559687087297E+01   -0.385191983074270006E+01   -0.522687827773737190E+01   -0.826667556583327823E+01   -0.993475138744029529E+01   -0.626483644950782725E+01    0.665186631817778789E+03
    0.910404023252255001E+00    0.466273941585279772E+03   -0.332490721352403540E+01   -0.361178559687087297E+01   -0.385191983074270006E+01   -0.522687827773737190E+01   -0.826667556583327823E+01   -0.993475138744029529E+01   -0.626483644950782725E+01    0.665186631817778789E+03
    0.910404023252255001E+00    0.466273941585279772E+03   -0.332490721352403540E+01   -0.361178559687087297E+01   -0.385191983074270006E+01   -0.522687827773737190E+01   -0.826667556583327823E+01   -0.993475138744029529E+01   -0.626483644950782725E+01    0.665186631817778789E+03
    0.910404023252255001E+00    0.466273941585279772E+03   -0.332490721352403540E+01   -0.361178559687087297E+01   -0.385191983074270006E+01   -0.522687827773737190E+01   -0.826667556583327823E+01   -0.993475138744029529E+01   -0.626483644950782725E+01    0.665186631817778789E+03
    0.914070218647617727E+00    0.453231526116741634E+03   -0.439646066036574279E+01   -0.404670004544497530E+01   -0.415261778500929513E+01   -0.607896979998326970E+01   -0.678136691265174463E+01   -0.825179883898717925E+01   -0.678076496504183446E+01    0.663171008025863330E+03
    0.914772838890009488E+00    0.470461545755872805E+03   -0.480674037053848657E+01   -0.597996468332167908E+01   -0.415734994807993274E+01   -0.655396917005209900E+01   -0.924551375522020891E+01   -0.988512768415601428E+01   -0.666634001340208560E+01    0.663928945349413880E+03
    0.914772838890009488E+00    0.470461545755872805E+03   -0.480674037053848657E+01   -0.597996468332167908E+01   -0.415734994807993274E+01   -0.655396917005209900E+01   -0.924551375522020891E+01   -0.988512768415601428E+01   -0.666634001340208560E+01    0.663928945349413880E+03
    0.915315134755347648E+00    0.390167375114920389E+03   -0.409202681707465032E+01   -0.327601844442934720E+01   -0.478903593458414534E+01   -0.643743712110358324E+01   -0.818522554371925004E+01   -0.782888871218571936E+01   -0.661169783044009485E+01    0.663272702479061081E+03
    0.910897233853087851E+00    0.344267197046163858E+03   -0.148155817149053881E+01   -0.572043376403749448E+01   -0.210289729666338943E+01   -0.580555816583431206E+01   -0.787569541008038154E+01   -0.886456813141831290E+01   -0.584432851239438556E+01    0.663545401634178575E+03
    0.908909945735354663E+00    0.432729142131142680E+03   -0.311945713234535038E+01   -0.355838028159323461E+01   -0.305588344850806237E+01   -0.508371236821075279E+01   -0.839796575582095883E+01   -0.924859888407987896E+01   -0.440886106779581777E+01    0.663754976551913046E+03
    0.909831644667699946E+00    0.449957780313694570E+03   -0.332389538211465929E+01   -0.574660824306235174E+01   -0.353359821607360747E+01   -0.621431862401759716E+01   -0.800648988988693056E+01   -0.753157671448249033E+01   -0.461280280853793201E+01    0.663608437910605289E+03
    0.910142457216635226E+00    0.430171828060727194E+03   -0.290215805589950548E+01   -0.364405186934574488E+01   -0.310237338085150149E+01   -0.533654075437033537E+01   -0.853485778877941570E+01   -0.726366380914325571E+01   -0.527857742249591588E+01    0.664464569592946873E+03
    0.910142457216635226E+00    0.430171828060727194E+03   -0.290215805589950548E+01   -0.364405186934574488E+01   -0.310237338085150149E+01   -0.533654075437033537E+01   -0.853485778877941570E+01   -0.726366380914325571E+01   -0.527857742249591588E+01    0.664464569592946873E+03
    0.910024388941354290E+00    0.423121406298165880E+03   -0.453742235329535681E+01   -0.207583565340904563E+01   -0.239374301781810050E+01   -0.665914939150481011E+01   -0.871200800979139700E+01   -0.671735496559596168E+01   -0.696867910938348523E+01    0.663295673357129431E+03
    0.909563691576111499E+00    0.476299978752559127E+03   -0.340781995004157334E+01   -0.388820902574720417E+01   -0.307114509213829567E+01   -0.698810999506937147E+01   -0.949515059453599264E+01   -0.701469555137849454E+01   -0.634751982408709203E+01    0.663483107384425239E+03
    0.911972734394193796E+00    0.347240849264008034E+03   -0.297186392915091879E+01   -0.368785519710704879E+01   -0.326615224277532068E+01   -0.531612700538090976E+01   -0.908402065831742078E+01   -0.566444585003229761E+01   -0.679384456252115498E+01    0.663832629214890972E+03
    0.913024099103424414E+00    0.392561889092653814E+03   -0.325782500257312968E+01   -0.277665411521236649E+01   -0.380429438599818415E+01   -0.535233318109298573E+01   -0.900853847909626637E+01   -0.781876041000541377E+01   -0.727832550810174972E+01    0.664794903498714234E+03
    0.913024099103424414E+00    0.392561889092653814E+03   -0.325782500257312968E+01   -0.277665411521236649E+01   -0.380429438599818415E+01   -0.535233318109298573E+01   -0.900853847909626637E+01   -0.781876041000541377E+01   -0.727832550810174972E+01    0.664794903498714234E+03
    0.908623840246188696E+00    0.448140818112114857E+03   -0.232179912540619604E+01   -0.629744941959861926E+01   -0.342441136499164678E+01   -0.170918511463597156E+01   -0.796977967243023944E+01   -0.827811046487373581E+01   -0.747781076991428328E+01    0.664321239179016743E+03
    0.908623840246188696E+00    0.448140818112114857E+03   -0.232179912540619604E+01   -0.629744941959861926E+01   -0.342441136499164678E+01   -0.170918511463597156E+01   -0.796977967243023944E+01   -0.827811046487373581E+01   -0.747781076991428328E+01    0.664321239179016743E+03
    0.908311518381314076E+00    0.487316359090200535E+03   -0.250688516594206412E+01   -0.521820232702287612E+01   -0.363610635374808311E+01   -0.393089033616401018E+01   -0.831046469044050973E+01   -0.763266896662634409E+01   -0.529732242457946612E+01    0.663577512813248177E+03
    0.913156668724580345E+00    0.381219026575488328E+03   -0.424177651798779909E+01   -0.234030249032842974E+01   -0.316900924545470364E+01   -0.658701056200139412E+01   -0.817438513087410179E+01   -0.872914185571890044E+01   -0.821654762808621264E+01    0.664590153288756710E+03
    0.913156668724580345E+00    0.381219026575488328E+03   -0.424177651798779909E+01   -0.234030249032842974E+01   -0.316900924545470364E+01   -0.658701056200139412E+01   -0.817438513087410179E+01   -0.872914185571890044E+01   -0.821654762808621264E+01    0.664590153288756710E+03
    0.910862105727146099E+00    0.355330033072156198E+03   -0.222250298931111345E+01   -0.165918347679755485E+01   -0.234605827559011981E+01   -0.679352378354046671E+01   -0.890612635122914753E+01   -0.911340153217336280E+01   -0.816066937922905389E+01    0.665186706331725759E+03
    0.910862105727146099E+00    0.355330033072156198E+03   -0.222250298931111345E+01   -0.165918347679755485E+01   -0.234605827559011981E+01   -0.679352378354046671E+01   -0.890612635122914753E+01   -0.911340153217336280E+01   -0.816066937922905389E+01    0.665186706331725759E+03
    0.910862105727146099E+00    0.355330033072156198E+03   -0.222250298931111345E+01   -0.165918347679755485E+01   -0.234605827559011981E+01   -0.679352378354046671E+01   -0.890612635122914753E+01   -0.911340153217336280E+01   -0.816066937922905389E+01    0.665186706331725759E+03
    0.910862105727146099E+00    0.355330033072156198E+03   -0.222250298931111345E+01   -0.165918347679755485E+01   -0.234605827559011981E+01   -0.679352378354046671E+01   -0.890612635122914753E+01   -0.911340153217336280E+01   -0.816066937922905389E+01    0.665186706331725759E+03
    0.910455031405714044E+00    0.353619320003856501E+03   -0.196570482976926897E+01   -0.272268415311807921E+01   -0.166678592602554154E+01   -0.436248750670574204E+01   -0.898641135441837768E+01   -0.989390400627707045E+01   -0.729051054176764168E+01    0.663749785770549920E+03
    0.909841802536777045E+00    0.333042946038733362E+03   -0.199304954173551963E+01   -0.289822997722080711E+01   -0.115989469162567360E+01   -0.534237421782473021E+01   -0.826181078153889459E+01   -0.998055710046036815E+01   -0.756317578495427600E+01    0.664032654265414294E+03
    0.909841802536777045E+00    0.333042946038733362E+03   -0.199304954173551963E+01   -0.289822997722080711E+01   -0.115989469162567360E+01   -0.534237421782473021E+01   -0.826181078153889459E+01   -0.998055710046036815E+01   -0.756317578495427600E+01    0.664032654265414294E+03
    0.908328498653367178E+00    0.404463378334016170E+03   -0.209055394900325986E+01   -0.364423415178977272E+01   -0.211350747459019761E+01   -0.353945284662045001E+01   -0.802891072885128132E+01   -0.909894988641613978E+01   -0.752954215586415110E+01    0.664351763974841788E+03
    0.908328498653367178E+00    0.404463378334016170E+03   -0.209055394900325986E+01   -0.364423415178977272E+01   -0.211350747459019761E+01   -0.353945284662045001E+01   -0.802891072885128132E+01   -0.909894988641613978E+01   -0.752954215586415110E+01    0.664351763974841788E+03
    0.909643468064908922E+00    0.449080078985480100E+03   -0.344659388905996433E+01   -0.259478683979135383E+01   -0.329923977837248295E+01   -0.976191459917968452E+01   -0.969334237684135935E+01   -0.925048186191446042E+01   -0.809905358105207718E+01    0.665212328358629975E+03
    0.909643468064908922E+00    0.449080078985480100E+03   -0.344659388905996433E+01   -0.259478683979135383E+01   -0.329923977837248295E+01   -0.976191459917968452E+01   -0.969334237684135935E+01   -0.925048186191446042E+01   -0.809905358105207718E+01    0.665212328358629975E+03
    0.909643468064908922E+00    0.449080078985480100E+03   -0.344659388905996433E+01   -0.259478683979135383E+01   -0.329923977837248295E+01   -0.976191459917968452E+01   -0.969334237684135935E+01   -0.925048186191446042E+01   -0.809905358105207718E+01    0.665212328358629975E+03
    0.909643468064908922E+00    0.449080078985480100E+03   -0.344659388905996433E+01   -0.259478683979135383E+01   -0.329923977837248295E+01   -0.976191459917968452E+01   -0.969334237684135935E+01   -0.925048186191446042E+01   -0.809905358105207718E+01    0.665212328358629975E+03
    0.908026764127905062E+00    0.494166138391475897E+03   -0.287082426237677257E+01   -0.485042655701547698E+01   -0.339437007092697485E+01   -0.652268183289999826E+01   -0.654595018011003571E+01   -0.821497445551353067E+01   -0.975568862549370408E+01    0.664497385308929438E+03
    0.908026764127905062E+00    0.494166138391475897E+03   -0.287082426237677257E+01   -0.485042655701547698E+01   -0.339437007092697485E+01   -0.652268183289999826E+01   -0.654595018011003571E+01   -0.821497445551353067E+01   -0.975568862549370408E+01    0.664497385308929438E+03
    0.906736763111118504E+00    0.410451742745841898E+03   -0.197112676779915041E+01   -0.307187214814204346E+01   -0.252414476399834165E+01   -0.795986448781601297E+01   -0.863809781383164399E+01   -0.909944264880219045E+01   -0.717357583396040432E+01    0.663851000654390191E+03
    0.909853299819107342E+00    0.388155469292591761E+03   -0.175366769638323028E+01   -0.240633853421413768E+01   -0.324637047414214663E+01   -0.807502975074671170E+01   -0.851758497304222217E+01   -0.931565116234638779E+01   -0.783468593621934151E+01    0.664028383620521140E+03
    0.909853299819107342E+00    0.388155469292591761E+03   -0.175366769638323028E+01   -0.240633853421413768E+01   -0.324637047414214663E+01   -0.807502975074671170E+01   -0.851758497304222217E+01   -0.931565116234638779E+01   -0.783468593621934151E+01    0.664028383620521140E+03
    0.910157233949601130E+00    0.421832759930643874E+03   -0.349268577441705652E+01   -0.274584136923869515E+01   -0.326859141546701348E+01   -0.805037162319297828E+01   -0.909287601262242084E+01   -0.776488723043316931E+01   -0.753843897385432005E+01    0.664379811484327206E+03
    0.910157233949601130E+00    0.421832759930643874E+03   -0.349268577441705652E+01   -0.274584136923869515E+01   -0.326859141546701348E+01   -0.805037162319297828E+01   -0.909287601262242084E+01   -0.776488723043316931E+01   -0.753843897385432005E+01    0.664379811484327206E+03
    0.911761388659437455E+00    0.390006394684546649E+03   -0.275920465002258997E+01   -0.489744588023208571E+01   -0.287357822250049111E+01   -0.832733572552898238E+01   -0.926542133154010195E+01   -0.902717544123647819E+01   -0.824133172374568446E+01    0.664532137877901619E+03
    0.911761388659437455E+00    0.390006394684546649E+03   -0.275920465002258997E+01   -0.489744588023208571E+01   -0.287357822250049111E+01   -0.832733572552898238E+01   -0.926542133154010195E+01   -0.902717544123647819E+01   -0.824133172374568446E+01    0.664532137877901619E+03
    0.910582483285348188E+00    0.392767959477200861E+03   -0.354644430947721734E+01   -0.544155060468110818E+01   -0.270824343793380162E+01   -0.367025127319250366E+01   -0.731877056240172585E+01   -0.771648460507189426E+01   -0.874102271777562656E+01    0.663181676385917285E+03
    0.909948367793011803E+00    0.339998577747058448E+03   -0.115964727288290526E+01   -0.375662583876226019E+01   -0.204066355402254640E+01   -0.478044807128582061E+01   -0.749411712345481895E+01   -0.758444334845173707E+01   -0.991314238933882486E+01    0.664058996971131933E+03
    0.909948367793011803E+00    0.339998577747058448E+03   -0.115964727288290526E+01   -0.375662583876226019E+01   -0.204066355402254640E+01   -0.478044807128582061E+01   -0.749411712345481895E+01   -0.758444334845173707E+01   -0.991314238933882486E+01    0.664058996971131933E+03
    0.908986580684177370E+00    0.385259064613937767E+03   -0.163650848981429142E+01   -0.352276067233532952E+01   -0.260729171932923798E+01   -0.461070172341473938E+01   -0.746167042143622794E+01   -0.852768216861239914E+01   -0.950736007602361433E+01    0.664595298967396275E+03
    0.908986580684177370E+00    0.385259064613937767E+03   -0.163650848981429142E+01   -0.352276067233532952E+01   -0.260729171932923798E+01   -0.461070172341473938E+01   -0.746167042143622794E+01   -0.852768216861239914E+01   -0.950736007602361433E+01    0.664595298967396275E+03
    0.911345050453970740E+00    0.376528944674942863E+03   -0.254700380747388522E+01   -0.335434783875454201E+01   -0.312599955942939189E+01   -0.438680281946707318E+01   -0.860082725179400320E+01   -0.858127617553292410E+01   -0.771672084439736494E+01    0.665141248740123842E+03
    0.911345050453970740E+00    0.376528944674942863E+03   -0.254700380747388522E+01   -0.335434783875454201E+01   -0.312599955942939189E+01   -0.438680281946707318E+01   -0.860082725179400320E+01   -0.858127617553292410E+01   -0.771672084439736494E+01    0.665141248740123842E+03
    0.911345050453970740E+00    0.376528944674942863E+03   -0.254700380747388522E+01   -0.335434783875454201E+01   -0.312599955942939189E+01   -0.438680281946707318E+01   -0.860082725179400320E+01   -0.858127617553292410E+01   -0.771672084439736494E+01    0.665141248740123842E+03
    0.911345050453970740E+00    0.376528944674942863E+03   -0.254700380747388522E+01   -0.335434783875454201E+01   -0.312599955942939189E+01   -0.438680281946707318E+01   -0.860082725179400320E+01   -0.858127617553292410E+01   -0.771672084439736494E+01    0.665141248740123842E+03
    0.911451214439121249E+00    0.391539265069376995E+03   -0.299861654656327392E+01   -0.465889599400683529E+01   -0.337911546991923295E+01   -0.615796986424475179E+01   -0.993547798081818634E+01   -0.827676190612068652E+01   -0.872593692302045909E+01    0.664317791391536275E+03
    0.911451214439121249E+00    0.391539265069376995E+03   -0.299861654656327392E+01   -0.465889599400683529E+01   -0.337911546991923295E+01   -0.615796986424475179E+01   -0.993547798081818634E+01   -0.827676190612068652E+01   -0.872593692302045909E+01    0.664317791391536275E+03
    0.906595345353997328E+00    0.366443866114154730E+03   -0.133860030845548650E+01   -0.234388468768580616E+01   -0.149904278721375661E+01   -0.366293148449231953E+01   -0.921018241089544532E+01   -0.650841603239501776E+01   -0.877907187659558197E+01    0.664840224746664489E+03
    0.906595345353997328E+00    0.366443866114154730E+03   -0.133860030845548650E+01   -0.234388468768580616E+01   -0.149904278721375661E+01   -0.366293148449231953E+01   -0.921018241089544532E+01   -0.650841603239501776E+01   -0.877907187659558197E+01    0.664840224746664489E+03
    0.906595345353997328E+00    0.366443866114154730E+03   -0.133860030845548650E+01   -0.234388468768580616E+01   -0.149904278721375661E+01   -0.366293148449231953E+01   -0.921018241089544532E+01   -0.650841603239501776E+01   -0.877907187659558197E+01    0.664840224746664489E+03
    0.910663468030531664E+00    0.431616294326663819E+03   -0.326342091316755400E+01   -0.303522237123632976E+01   -0.266637527897178206E+01   -0.568798088984292072E+01   -0.817907694422531151E+01   -0.956629689085840518E+01   -0.803362311299762766E+01    0.663221697903636027E+03
    0.911814194096022601E+00    0.312192474525402190E+03   -0.168442276313720640E+01   -0.228213607010103559E+01   -0.199587716983550045E+01   -0.316507942454426150E+01   -0.954847016681179284E+01   -0.872753780799470746E+01   -0.922840786674710145E+01    0.664996477853804436E+03
    0.911814194096022601E+00    0.312192474525402190E+03   -0.168442276313720640E+01   -0.228213607010103559E+01   -0.199587716983550045E+01   -0.316507942454426150E+01   -0.954847016681179284E+01   -0.872753780799470746E+01   -0.922840786674710145E+01    0.664996477853804436E+03
    0.911814194096022601E+00    0.312192474525402190E+03   -0.168442276313720640E+01   -0.228213607010103559E+01   -0.199587716983550045E+01   -0.316507942454426150E+01   -0.954847016681179284E+01   -0.872753780799470746E+01   -0.922840786674710145E+01    0.664996477853804436E+03
    0.905490209344132380E+00    0.442237627985405993E+03   -0.145127224529677434E+01   -0.236034999704316562E+01   -0.249593573497932031E+01   -0.883827070720036545E+01   -0.714339319911391080E+01   -0.912156652947566293E+01   -0.886278134538462758E+01    0.664897671408791552E+03
    0.905490209344132380E+00    0.442237627985405993E+03   -0.145127224529677434E+01   -0.236034999704316562E+01   -0.249593573497932031E+01   -0.883827070720036545E+01   -0.714339319911391080E+01   -0.912156652947566293E+01   -0.886278134538462758E+01    0.664897671408791552E+03
    0.905490209344132380E+00    0.442237627985405993E+03   -0.145127224529677434E+01   -0.236034999704316562E+01   -0.249593573497932031E+01   -0.883827070720036545E+01   -0.714339319911391080E+01   -0.912156652947566293E+01   -0.886278134538462758E+01    0.664897671408791552E+03
    0.905241674317693645E+00    0.498940265738649089E+03   -0.198520630866281600E+01   -0.452779438583019100E+01   -0.335639334979031201E+01   -0.932943246686733829E+01   -0.889170214170765583E+01   -0.878786785616686217E+01   -0.817355682094430769E+01    0.663950029169955201E+03
    0.909677331139384648E+00    0.469258722653805421E+03   -0.370458025662379331E+01   -0.377127775941420751E+01   -0.291819184984149516E+01   -0.578959890915839459E+01   -0.966529777309025917E+01   -0.841781759996527512E+01   -0.894582193689560867E+01    0.663370011464729032E+03
    0.912364067003785140E+00    0.374962324407198253E+03   -0.260963004125278708E+01   -0.307985497477832570E+01   -0.429878258981431127E+01   -0.657620247450866557E+01   -0.926736033345637011E+01   -0.603670492936536185E+01   -0.696352120968039046E+01    0.663443653128781534E+03
    0.911767083969307723E+00    0.413674739612952067E+03   -0.372707694257081990E+01   -0.216728092601489575E+01   -0.336493046079009783E+01   -0.551553974981326522E+01   -0.897974541278353300E+01   -0.657372640634861050E+01   -0.716440817118628459E+01    0.664819264976932004E+03
    0.911767083969307723E+00    0.413674739612952067E+03   -0.372707694257081990E+01   -0.216728092601489575E+01   -0.336493046079009783E+01   -0.551553974981326522E+01   -0.897974541278353300E+01   -0.657372640634861050E+01   -0.716440817118628459E+01    0.664819264976932004E+03
    0.911767083969307723E+00    0.413674739612952067E+03   -0.372707694257081990E+01   -0.216728092601489575E+01   -0.336493046079009783E+01   -0.551553974981326522E+01   -0.897974541278353300E+01   -0.657372640634861050E+01   -0.716440817118628459E+01    0.664819264976932004E+03
    0.902701536433842322E+00    0.489334001868742348E+03   -0.119293096482094896E+01   -0.558821007430313799E+01   -0.293217487827888501E+01   -0.579129205941272396E+01   -0.861139356601822392E+01   -0.606149693193521522E+01   -0.810663395166168144E+01    0.663235255196443859E+03
    0.905252202344675405E+00    0.490811140699908833E+03   -0.215875102616491432E+01   -0.415362425482938313E+01   -0.371367489283916363E+01   -0.620459794866602898E+01   -0.911937390921341340E+01   -0.478862335572429032E+01   -0.962928799988210571E+01    0.663454318520654169E+03
    0.908260763409159400E+00    0.434176557726753572E+03   -0.220147226089560899E+01   -0.539163605113611233E+01   -0.336673511546090598E+01   -0.724048978411402899E+01   -0.979377444715103174E+01   -0.527447407564020310E+01   -0.702232527686440644E+01    0.664349092551889953E+03
    0.908260763409159400E+00    0.434176557726753572E+03   -0.220147226089560899E+01   -0.539163605113611233E+01   -0.336673511546090598E+01   -0.724048978411402899E+01   -0.979377444715103174E+01   -0.527447407564020310E+01   -0.702232527686440644E+01    0.664349092551889953E+03
    0.912768374603952215E+00    0.490983579122291189E+03   -0.385499615921358618E+01   -0.400808247913603033E+01   -0.427706750097993549E+01   -0.514267670665561738E+01   -0.998547045121730115E+01   -0.743172823501388979E+01   -0.963329881073309480E+01    0.665322238826826037E+03
    0.912768374603952215E+00    0.490983579122291189E+03   -0.385499615921358618E+01   -0.400808247913603033E+01   -0.427706750097993549E+01   -0.514267670665561738E+01   -0.998547045121730115E+01   -0.743172823501388979E+01   -0.963329881073309480E+01    0.665322238826826037E+03
    0.912768374603952215E+00    0.490983579122291189E+03   -0.385499615921358618E+01   -0.400808247913603033E+01   -0.427706750097993549E+01   -0.514267670665561738E+01   -0.998547045121730115E+01   -0.743172823501388979E+01   -0.963329881073309480E+01    0.665322238826826037E+03
    0.912768374603952215E+00    0.490983579122291189E+03   -0.385499615921358618E+01   -0.400808247913603033E+01   -0.427706750097993549E+01   -0.514267670665561738E+01   -0.998547045121730115E+01   -0.743172823501388979E+01   -0.963329881073309480E+01    0.665322238826826037E+03
    0.910886711276720051E+00    0.456128995174498016E+03   -0.418206654009645185E+01   -0.210640662809826829E+01   -0.337501736911271522E+01   -0.401225816739164465E+01   -0.828122778801407300E+01   -0.648211090376259413E+01   -0.728619536858846395E+01    0.663878951317488486E+03
    0.907398238636049848E+00    0.487913690717793259E+03   -0.283162763249591620E+01   -0.284630084465090238E+01   -0.315777265153576803E+01   -0.434170035586718583E+01   -0.917270562414958590E+01   -0.460728012337512993E+01   -0.778344431900036504E+01    0.665476811078597621E+03
    0.907398238636049848E+00    0.487913690717793259E+03   -0.283162763249591620E+01   -0.284630084465090238E+01   -0.315777265153576803E+01   -0.434170035586718583E+01   -0.917270562414958590E+01   -0.460728012337512993E+01   -0.778344431900036504E+01    0.665476811078597621E+03
    0.907398238636049848E+00    0.487913690717793259E+03   -0.283162763249591620E+01   -0.284630084465090238E+01   -0.315777265153576803E+01   -0.434170035586718583E+01   -0.917270562414958590E+01   -0.460728012337512993E+01   -0.778344431900036504E+01    0.665476811078597621E+03
    0.907398238636049848E+00    0.487913690717793259E+03   -0.283162763249591620E+01   -0.284630084465090238E+01   -0.315777265153576803E+01   -0.434170035586718583E+01   -0.917270562414958590E+01   -0.460728012337512993E+01   -0.778344431900036504E+01    0.665476811078597621E+03
    0.907398238636049848E+00    0.487913690717793259E+03   -0.283162763249591620E+01   -0.284630084465090238E+01   -0.315777265153576803E+01   -0.434170035586718583E+01   -0.917270562414958590E+01   -0.460728012337512993E+01   -0.778344431900036504E+01    0.665476811078597621E+03
    0.908530518339088711E+00    0.435171731106852008E+03   -0.310957809640778127E+01   -0.221009541148703192E+01   -0.256763366274894889E+01   -0.473955179753648448E+01   -0.949424939497860976E+01   -0.787857763336934802E+01   -0.961708430547334814E+01    0.664971774394365525E+03
    0.908530518339088711E+00    0.435171731106852008E+03   -0.310957809640778127E+01   -0.221009541148703192E+01   -0.256763366274894889E+01   -0.473955179753648448E+01   -0.949424939497860976E+01   -0.787857763336934802E+01   -0.961708430547334814E+01    0.664971774394365525E+03
    0.908530518339088711E+00    0.435171731106852008E+03   -0.310957809640778127E+01   -0.221009541148703192E+01   -0.256763366274894889E+01   -0.473955179753648448E+01   -0.949424939497860976E+01   -0.787857763336934802E+01   -0.961708430547334814E+01    0.664971774394365525E+03
    0.911318537928119010E+00    0.399728662326202766E+03   -0.371291644390534348E+01   -0.252844972884952490E+01   -0.328623080549331981E+01   -0.298616563652769074E+01   -0.849270947457537062E+01   -0.681802679794699085E+01   -0.816224189260215560E+01    0.664370822285587337E+03
    0.911318537928119010E+00    0.399728662326202766E+03   -0.371291644390534348E+01   -0.252844972884952490E+01   -0.328623080549331981E+01   -0.298616563652769074E+01   -0.849270947457537062E+01   -0.681802679794699085E+01   -0.816224189260215560E+01    0.664370822285587337E+03
    0.912247206214433004E+00    0.352322819123443651E+03   -0.221159459688899407E+01   -0.363898859214818415E+01   -0.255373164111108153E+01   -0.353148742521146541E+01   -0.953464856164309538E+01   -0.598431179296954596E+01   -0.776781795327742763E+01    0.664444949150738580E+03
    0.912247206214433004E+00    0.352322819123443651E+03   -0.221159459688899407E+01   -0.363898859214818415E+01   -0.255373164111108153E+01   -0.353148742521146541E+01   -0.953464856164309538E+01   -0.598431179296954596E+01   -0.776781795327742763E+01    0.664444949150738580E+03
    0.912247206214433004E+00    0.352322819123443651E+03   -0.221159459688899407E+01   -0.363898859214818415E+01   -0.255373164111108153E+01   -0.353148742521146541E+01   -0.953464856164309538E+01   -0.598431179296954596E+01   -0.776781795327742763E+01    0.664444949150738580E+03
    0.911647710581119819E+00    0.434723207347952325E+03   -0.280670947882929500E+01   -0.282532351943836879E+01   -0.408326865495247215E+01   -0.335974403704209212E+01   -0.843958989614644572E+01   -0.784574223435113893E+01   -0.742073547649311482E+01    0.663731568943003481E+03
    0.910041590272556600E+00    0.395205117484807829E+03   -0.274509620149280842E+01   -0.611942624511696831E+01   -0.479885625420263207E+01   -0.500432366583041333E+01   -0.859860302767046392E+01   -0.327554842670585167E+01   -0.640416915701260692E+01    0.663600894177073656E+03
    0.912792469769290515E+00    0.310366698909644072E+03   -0.260588866260736829E+01   -0.741042134828401444E+01   -0.384057960916552688E+01   -0.625953062514286263E+01   -0.900236295346893023E+01   -0.253631060394565200E+01   -0.768157429550613813E+01    0.663685246938388900E+03
    0.910866378760118778E+00    0.386304892570085315E+03   -0.272920252860895562E+01   -0.520112611569417371E+01   -0.417494301585933680E+01   -0.684741823062020316E+01   -0.843420202517718920E+01   -0.265960646902547815E+01   -0.958850756104711799E+01    0.663846299987721409E+03
    0.910064486457662802E+00    0.386527997102418112E+03   -0.185632701065033423E+01   -0.597474911033102973E+01   -0.407213896089775940E+01   -0.547827540438268024E+01   -0.944093636991702567E+01   -0.372686965328270237E+01   -0.797707044575675539E+01    0.664404567147000989E+03
    0.910064486457662802E+00    0.386527997102418112E+03   -0.185632701065033423E+01   -0.597474911033102973E+01   -0.407213896089775940E+01   -0.547827540438268024E+01   -0.944093636991702567E+01   -0.372686965328270237E+01   -0.797707044575675539E+01    0.664404567147000989E+03
    0.912521938906931007E+00    0.344549504690941944E+03   -0.223982474179155400E+01   -0.637324367343218157E+01   -0.404289265057537328E+01   -0.883753108319671554E+01   -0.903659950117168620E+01   -0.270861441566892580E+01   -0.912764955342357887E+01    0.663555176242132006E+03
    0.906765786766760673E+00    0.390908991320961320E+03   -0.166111913252100507E+01   -0.595684704731672632E+01   -0.270207899027431253E+01   -0.596736460428304838E+01   -0.876048292762530600E+01   -0.181712892213412225E+01   -0.986511822327534560E+01    0.664324121847697370E+03
    0.906765786766760673E+00    0.390908991320961320E+03   -0.166111913252100507E+01   -0.595684704731672632E+01   -0.270207899027431253E+01   -0.596736460428304838E+01   -0.876048292762530600E+01   -0.181712892213412225E+01   -0.986511822327534560E+01    0.664324121847697370E+03
    0.909128047497286484E+00    0.407391660119808421E+03   -0.302190524180834519E+01   -0.821859157905998927E+01   -0.223852514383558354E+01   -0.802772779848401008E+01   -0.884366641078000448E+01   -0.467851473145351004E+01   -0.960255182079656322E+01    0.663768397831145535E+03
    0.909596478944792119E+00    0.333846972781166187E+03   -0.106546219980925194E+01   -0.627341587197159001E+01   -0.282903561369350509E+01   -0.821985233788679892E+01   -0.856710660802694690E+01   -0.422043585479451622E+01   -0.769526594837500078E+01    0.663803994402519493E+03
    0.910152358340409307E+00    0.327109176422955784E+03   -0.140548255632942798E+01   -0.604588826553732428E+01   -0.287860858292953559E+01   -0.775753176043796699E+01   -0.917974787915521517E+01   -0.295291013917973988E+01   -0.626776942717140795E+01    0.664693981400380608E+03
    0.910152358340409307E+00    0.327109176422955784E+03   -0.140548255632942798E+01   -0.604588826553732428E+01   -0.287860858292953559E+01   -0.775753176043796699E+01   -0.917974787915521517E+01   -0.295291013917973988E+01   -0.626776942717140795E+01    0.664693981400380608E+03
    0.912602738844442318E+00    0.273739220628488340E+03   -0.114976307834199787E+01   -0.564716328521697974E+01   -0.337599921814429571E+01   -0.803521877163155374E+01   -0.948162332005636621E+01   -0.200116442466466360E+01   -0.674042563185934807E+01    0.663557387649813791E+03
    0.907683410540084945E+00    0.447257391314930487E+03   -0.220623921399613820E+01   -0.635732921184183120E+01   -0.372595830463844724E+01   -0.477349854325936995E+01   -0.953494528765136984E+01   -0.433587016384837209E+01   -0.837647457803460682E+01    0.664526778689423736E+03
    0.907683410540084945E+00    0.447257391314930487E+03   -0.220623921399613820E+01   -0.635732921184183120E+01   -0.372595830463844724E+01   -0.477349854325936995E+01   -0.953494528765136984E+01   -0.433587016384837209E+01   -0.837647457803460682E+01    0.664526778689423736E+03
    0.911622631406828643E+00    0.323140406923859814E+03   -0.162397799601044568E+01   -0.856355407234421762E+01   -0.336774917608017788E+01   -0.725216843022628055E+01   -0.996131461326250012E+01   -0.263890413154573000E+01   -0.771407604352891596E+01    0.664343414632618646E+03
    0.911622631406828643E+00    0.323140406923859814E+03   -0.162397799601044568E+01   -0.856355407234421762E+01   -0.336774917608017788E+01   -0.725216843022628055E+01   -0.996131461326250012E+01   -0.263890413154573000E+01   -0.771407604352891596E+01    0.664343414632618646E+03
    0.909922873693230327E+00    0.427554533074205324E+03   -0.269847111424871411E+01   -0.563367361320048410E+01   -0.364501735216573497E+01   -0.237102735098109463E+01   -0.858864075987530384E+01   -0.451741334646493087E+01   -0.818253156034276685E+01    0.665281615985331769E+03
    0.909922873693230327E+00    0.427554533074205324E+03   -0.269847111424871411E+01   -0.563367361320048410E+01   -0.364501735216573497E+01   -0.237102735098109463E+01   -0.858864075987530384E+01   -0.451741334646493087E+01   -0.818253156034276685E+01    0.665281615985331769E+03
    0.909922873693230327E+00    0.427554533074205324E+03   -0.269847111424871411E+01   -0.563367361320048410E+01   -0.364501735216573497E+01   -0.237102735098109463E+01   -0.858864075987530384E+01   -0.451741334646493087E+01   -0.818253156034276685E+01    0.665281615985331769E+03
    0.909922873693230327E+00    0.427554533074205324E+03   -0.269847111424871411E+01   -0.563367361320048410E+01   -0.364501735216573497E+01   -0.237102735098109463E+01   -0.858864075987530384E+01   -0.451741334646493087E+01   -0.818253156034276685E+01    0.665281615985331769E+03
    0.909922873693230327E+00    0.427554533074205324E+03   -0.269847111424871411E+01   -0.563367361320048410E+01   -0.364501735216573497E+01   -0.237102735098109463E+01   -0.858864075987530384E+01   -0.451741334646493087E+01   -0.818253156034276685E+01    0.665281615985331769E+03
    0.907795131735836924E+00    0.470052711634194964E+03   -0.258689089139875428E+01   -0.680221724026551477E+01   -0.434863327833035029E+01   -0.458607836579054950E+01   -0.935209330219470125E+01   -0.349493973151435888E+01   -0.811227131543021152E+01    0.665251095462680951E+03
    0.907795131735836924E+00    0.470052711634194964E+03   -0.258689089139875428E+01   -0.680221724026551477E+01   -0.434863327833035029E+01   -0.458607836579054950E+01   -0.935209330219470125E+01   -0.349493973151435888E+01   -0.811227131543021152E+01    0.665251095462680951E+03
    0.907795131735836924E+00    0.470052711634194964E+03   -0.258689089139875428E+01   -0.680221724026551477E+01   -0.434863327833035029E+01   -0.458607836579054950E+01   -0.935209330219470125E+01   -0.349493973151435888E+01   -0.811227131543021152E+01    0.665251095462680951E+03
    0.907795131735836924E+00    0.470052711634194964E+03   -0.258689089139875428E+01   -0.680221724026551477E+01   -0.434863327833035029E+01   -0.458607836579054950E+01   -0.935209330219470125E+01   -0.349493973151435888E+01   -0.811227131543021152E+01    0.665251095462680951E+03
    0.908675331428483224E+00    0.499276586161073908E+03   -0.360704403595548051E+01   -0.398306269315622341E+01   -0.356227764711814299E+01   -0.729230836339386812E+01   -0.892536491099292206E+01   -0.717598271287468670E+01   -0.833834523937599492E+01    0.664557032142995922E+03
    0.908675331428483224E+00    0.499276586161073908E+03   -0.360704403595548051E+01   -0.398306269315622341E+01   -0.356227764711814299E+01   -0.729230836339386812E+01   -0.892536491099292206E+01   -0.717598271287468670E+01   -0.833834523937599492E+01    0.664557032142995922E+03
    0.908675331428483224E+00    0.499276586161073908E+03   -0.360704403595548051E+01   -0.398306269315622341E+01   -0.356227764711814299E+01   -0.729230836339386812E+01   -0.892536491099292206E+01   -0.717598271287468670E+01   -0.833834523937599492E+01    0.664557032142995922E+03
    0.907724395663939809E+00    0.380251631894667526E+03   -0.114077620931613843E+01   -0.540118214948172515E+01   -0.300108829997381577E+01   -0.790015083151662711E+01   -0.880546805419016820E+01   -0.349289965267282554E+01   -0.938287721746609904E+01    0.664497030539382195E+03
    0.907724395663939809E+00    0.380251631894667526E+03   -0.114077620931613843E+01   -0.540118214948172515E+01   -0.300108829997381577E+01   -0.790015083151662711E+01   -0.880546805419016820E+01   -0.349289965267282554E+01   -0.938287721746609904E+01    0.664497030539382195E+03
    0.907724395663939809E+00    0.380251631894667526E+03   -0.114077620931613843E+01   -0.540118214948172515E+01   -0.300108829997381577E+01   -0.790015083151662711E+01   -0.880546805419016820E+01   -0.349289965267282554E+01   -0.938287721746609904E+01    0.664497030539382195E+03
    0.914502413330679054E+00    0.380255671445687426E+03   -0.468401348027397901E+01   -0.213514841115538534E+01   -0.318853183404821916E+01   -0.487617015756538486E+01   -0.846528360686863124E+01   -0.653731739787840382E+01   -0.738352312553185541E+01    0.663381971355076303E+03
    0.914042284532898042E+00    0.329412508966900646E+03   -0.266366980545124576E+01   -0.541806700696248100E+01   -0.416906838213023700E+01   -0.688054434429453110E+01   -0.974458295033972455E+01   -0.608796794807976482E+01   -0.615949634167411553E+01    0.663246926917341398E+03
    0.917472641898802177E+00    0.442860914598853924E+03   -0.500457390342073261E+01   -0.385672609642452091E+01   -0.498524504776823552E+01   -0.694849991931541311E+01   -0.864520010489524005E+01   -0.840963458309880529E+01   -0.904726168062088298E+01    0.664335364524567581E+03
    0.917472641898802177E+00    0.442860914598853924E+03   -0.500457390342073261E+01   -0.385672609642452091E+01   -0.498524504776823552E+01   -0.694849991931541311E+01   -0.864520010489524005E+01   -0.840963458309880529E+01   -0.904726168062088298E+01    0.664335364524567581E+03
    0.916748622119225365E+00    0.406510355232162965E+03   -0.594576127257502307E+01   -0.434319628707310823E+01   -0.416083395678507362E+01   -0.551180932785264854E+01   -0.784268250348040130E+01   -0.578542656847507875E+01   -0.907262733327955928E+01    0.663461091070901944E+03
    0.915609442435574961E+00    0.445315638112453144E+03   -0.470342519839455342E+01   -0.456066842477379986E+01   -0.748423511257397500E+01   -0.647647429697553001E+01   -0.918071866133435321E+01   -0.463052931938946521E+01   -0.789798002214911321E+01    0.663552623574763174E+03
    0.917566157633192492E+00    0.467655895495192340E+03   -0.553487356664409891E+01   -0.494632335684768254E+01   -0.686781989133260051E+01   -0.271225135353190794E+01   -0.920747551060678404E+01   -0.609344047360181662E+01   -0.730208812617031455E+01    0.663347110782105688E+03
    0.910434978411202467E+00    0.490263843337008495E+03   -0.279063626171031132E+01   -0.321645718172251005E+01   -0.465762153882772800E+01   -0.510017384930646323E+01   -0.773887887057494872E+01   -0.526105891629237732E+01   -0.872480913156414672E+01    0.663453973652554396E+03
    0.912527544095726562E+00    0.478580282034207357E+03   -0.345233208001882552E+01   -0.288759684604872291E+01   -0.456839504916809336E+01   -0.465498719372723180E+01   -0.840559709601022398E+01   -0.674048629302115287E+01   -0.782126190739793881E+01    0.663197740281344750E+03
    0.913594232500374415E+00    0.411341856778439706E+03   -0.352166573297206842E+01   -0.439208984242788247E+01   -0.401532228216148379E+01   -0.440204164734616477E+01   -0.651746169684893406E+01   -0.558793867993842319E+01   -0.990389007879722705E+01    0.663747442358358398E+03
    0.912364168805793407E+00    0.311697347658109834E+03   -0.314878356998330844E+01   -0.270886660864984119E+01   -0.154480647167623708E+01   -0.913114980555712563E+01   -0.646963061025541997E+01   -0.783497118094342859E+01   -0.981466805454903302E+01    0.664134553360914879E+03
    0.912364168805793407E+00    0.311697347658109834E+03   -0.314878356998330844E+01   -0.270886660864984119E+01   -0.154480647167623708E+01   -0.913114980555712563E+01   -0.646963061025541997E+01   -0.783497118094342859E+01   -0.981466805454903302E+01    0.664134553360914879E+03
    0.912732403723080399E+00    0.356537914716302168E+03   -0.423018226505959483E+01   -0.343934857122457949E+01   -0.284937289850736253E+01   -0.658253441893174163E+01   -0.787374847408111478E+01   -0.630676236674990243E+01   -0.937919978351659367E+01    0.663835745432466865E+03
    0.915470981531881556E+00    0.399875816668092057E+03   -0.584655479261348887E+01   -0.405988732715108647E+01   -0.368593995962113663E+01   -0.881010894611525330E+01   -0.779130444763025487E+01   -0.755401318346437201E+01   -0.850489246494092299E+01    0.663241225737199102E+03
    0.910914780540414082E+00    0.349799635174003527E+03   -0.252353303058970369E+01   -0.234409693382899853E+01   -0.245451588365937923E+01   -0.601072906827442832E+01   -0.660513350904432528E+01   -0.750009577809851180E+01   -0.996886769356424374E+01    0.664727942014859991E+03
    0.910914780540414082E+00    0.349799635174003527E+03   -0.252353303058970369E+01   -0.234409693382899853E+01   -0.245451588365937923E+01   -0.601072906827442832E+01   -0.660513350904432528E+01   -0.750009577809851180E+01   -0.996886769356424374E+01    0.664727942014859991E+03
    0.910914780540414082E+00    0.349799635174003527E+03   -0.252353303058970369E+01   -0.234409693382899853E+01   -0.245451588365937923E+01   -0.601072906827442832E+01   -0.660513350904432528E+01   -0.750009577809851180E+01   -0.996886769356424374E+01    0.664727942014859991E+03
    0.914171236392635977E+00    0.338050215924673012E+03   -0.439065684728017036E+01   -0.310447153466394266E+01   -0.316325440135256208E+01   -0.924857421066875673E+01   -0.699872635963041922E+01   -0.380188003789156426E+01   -0.773768450418577292E+01    0.663672343655604209E+03
    0.908186199400496830E+00    0.322290251646535751E+03   -0.101981627768674699E+01   -0.141715456884837110E+01   -0.163954717397324679E+01   -0.824304137801117776E+01   -0.735982444308031436E+01   -0.711001156368366782E+01   -0.944097691213249490E+01    0.663898509556388262E+03
    0.911176380363405092E+00    0.397309879418545790E+03   -0.358181885968947533E+01   -0.199342220940333092E+01   -0.277444938590915768E+01   -0.919160841622637648E+01   -0.819709424881348347E+01   -0.509162989520675069E+01   -0.945850577052240027E+01    0.664994972523282968E+03
    0.911176380363405092E+00    0.397309879418545790E+03   -0.358181885968947533E+01   -0.199342220940333092E+01   -0.277444938590915768E+01   -0.919160841622637648E+01   -0.819709424881348347E+01   -0.509162989520675069E+01   -0.945850577052240027E+01    0.664994972523282968E+03
    0.911176380363405092E+00    0.397309879418545790E+03   -0.358181885968947533E+01   -0.199342220940333092E+01   -0.277444938590915768E+01   -0.919160841622637648E+01   -0.819709424881348347E+01   -0.509162989520675069E+01   -0.945850577052240027E+01    0.664994972523282968E+03
    0.914010934988971568E+00    0.307438392450128958E+03   -0.241839677327153169E+01   -0.294035481915638908E+01   -0.454729204953971333E+01   -0.904536230206810998E+01   -0.776998442324916461E+01   -0.440902548088570168E+01   -0.996599932508115849E+01    0.663544939326204599E+03
    0.916017394855123901E+00    0.427881663530380536E+03   -0.505651070777722200E+01   -0.347007369420243705E+01   -0.433653771867232241E+01   -0.848059033747059487E+01   -0.804446130980556795E+01   -0.831590902737185544E+01   -0.891217068664326817E+01    0.664461110532127122E+03
    0.916017394855123901E+00    0.427881663530380536E+03   -0.505651070777722200E+01   -0.347007369420243705E+01   -0.433653771867232241E+01   -0.848059033747059487E+01   -0.804446130980556795E+01   -0.831590902737185544E+01   -0.891217068664326817E+01    0.664461110532127122E+03
    0.916551729393291326E+00    0.388217236010600459E+03   -0.473419384856626202E+01   -0.371051956771644242E+01   -0.433714221500625552E+01   -0.741250591827481387E+01   -0.790192037430304417E+01   -0.843267937191435557E+01   -0.864585068867497242E+01    0.664694686840203531E+03
    0.916551729393291326E+00    0.388217236010600459E+03   -0.473419384856626202E+01   -0.371051956771644242E+01   -0.433714221500625552E+01   -0.741250591827481387E+01   -0.790192037430304417E+01   -0.843267937191435557E+01   -0.864585068867497242E+01    0.664694686840203531E+03
    0.916551729393291326E+00    0.388217236010600459E+03   -0.473419384856626202E+01   -0.371051956771644242E+01   -0.433714221500625552E+01   -0.741250591827481387E+01   -0.790192037430304417E+01   -0.843267937191435557E+01   -0.864585068867497242E+01    0.664694686840203531E+03
    0.906033106893556761E+00    0.431077352581804575E+03   -0.196631047271682924E+01   -0.211244800512625019E+01   -0.215608074063411514E+01   -0.915865727312173128E+01   -0.584476068002664473E+01   -0.520267784425147628E+01   -0.797081599128697782E+01    0.664798796745659615E+03
    0.906033106893556761E+00    0.431077352581804575E+03   -0.196631047271682924E+01   -0.211244800512625019E+01   -0.215608074063411514E+01   -0.915865727312173128E+01   -0.584476068002664473E+01   -0.520267784425147628E+01   -0.797081599128697782E+01    0.664798796745659615E+03
    0.908677976460867565E+00    0.434273661513717002E+03   -0.351647727654582098E+01   -0.313914538421606260E+01   -0.247886151165022728E+01   -0.713459980770286784E+01   -0.732809383887596688E+01   -0.429430832244783112E+01   -0.800081513554043333E+01    0.664077254771368075E+03
    0.906451473758166371E+00    0.471473140649792697E+03   -0.362185402448435845E+01   -0.167259014568020170E+01   -0.264042299599546393E+01   -0.996144245670688200E+01   -0.704393099148126289E+01   -0.466251976653823519E+01   -0.750581697391121594E+01    0.663621519161848028E+03
    0.911688265752717442E+00    0.319367219847680758E+03   -0.268669387887359079E+01   -0.367480329000350192E+01   -0.214486696947436073E+01   -0.968057611653311234E+01   -0.574859782433901501E+01   -0.681752953408051532E+01   -0.580038354631690378E+01    0.663529927574777844E+03
    0.911153231373684536E+00    0.345600203928514986E+03   -0.300358878464749601E+01   -0.566744063243496399E+01   -0.234391999385913863E+01   -0.864763550770961942E+01   -0.733536697344411515E+01   -0.876375420255903670E+01   -0.693513062407929404E+01    0.663931350990382157E+03
    0.907988800048071698E+00    0.453295131180502835E+03   -0.237771353524068108E+01   -0.548662264082916895E+01   -0.312258591931824991E+01   -0.966556942244966955E+01   -0.776833382260846506E+01   -0.784469174276311421E+01   -0.748440825861546344E+01    0.664566350747721344E+03
    0.907988800048071698E+00    0.453295131180502835E+03   -0.237771353524068108E+01   -0.548662264082916895E+01   -0.312258591931824991E+01   -0.966556942244966955E+01   -0.776833382260846506E+01   -0.784469174276311421E+01   -0.748440825861546344E+01    0.664566350747721344E+03
    0.908708247396983415E+00    0.407216126693973251E+03   -0.215859046261030407E+01   -0.488616985053215647E+01   -0.366254611919428985E+01   -0.778668425738255809E+01   -0.799053089332175936E+01   -0.414317204299621000E+01   -0.655727341209498693E+01    0.664345312885614931E+03
    0.908708247396983415E+00    0.407216126693973251E+03   -0.215859046261030407E+01   -0.488616985053215647E+01   -0.366254611919428985E+01   -0.778668425738255809E+01   -0.799053089332175936E+01   -0.414317204299621000E+01   -0.655727341209498693E+01    0.664345312885614931E+03
    0.907566832280167102E+00    0.366627653015356032E+03   -0.102068356531450988E+01   -0.516921328979337424E+01   -0.183406353231914743E+01   -0.813027184755788390E+01   -0.932092113871791206E+01   -0.320896447760061232E+01   -0.691978891320682088E+01    0.664161808563466820E+03
    0.908168957992047998E+00    0.385116268071461491E+03   -0.171967831799422122E+01   -0.483407373850987820E+01   -0.277221122740224146E+01   -0.838246794363551118E+01   -0.801273945930875442E+01   -0.384146249977848786E+01   -0.693887548865548709E+01    0.664959169430164025E+03
    0.908168957992047998E+00    0.385116268071461491E+03   -0.171967831799422122E+01   -0.483407373850987820E+01   -0.277221122740224146E+01   -0.838246794363551118E+01   -0.801273945930875442E+01   -0.384146249977848786E+01   -0.693887548865548709E+01    0.664959169430164025E+03
    0.908168957992047998E+00    0.385116268071461491E+03   -0.171967831799422122E+01   -0.483407373850987820E+01   -0.277221122740224146E+01   -0.838246794363551118E+01   -0.801273945930875442E+01   -0.384146249977848786E+01   -0.693887548865548709E+01    0.664959169430164025E+03
    0.908168957992047998E+00    0.385116268071461491E+03   -0.171967831799422122E+01   -0.483407373850987820E+01   -0.277221122740224146E+01   -0.838246794363551118E+01   -0.801273945930875442E+01   -0.384146249977848786E+01   -0.693887548865548709E+01    0.664959169430164025E+03
    0.910578706888116707E+00    0.400914368353694613E+03   -0.263155201765031688E+01   -0.453136306174135495E+01   -0.440073807903617364E+01   -0.790005262272995079E+01   -0.749812611442945354E+01   -0.469336070885227663E+01   -0.670364742971273753E+01    0.663584590519587891E+03
    0.910636233636985981E+00    0.336399101328444942E+03   -0.354940233618433520E+01   -0.180420237984107601E+01   -0.187512282948610043E+01   -0.788681168953126832E+01   -0.854232633637394123E+01   -0.680636208578327562E+01   -0.464963914289831060E+01    0.663689474005954935E+03
    0.906783583787637903E+00    0.449448950161933851E+03   -0.260695368111663051E+01   -0.352743169330508266E+01   -0.330438848282855613E+01   -0.958184351078208607E+01   -0.725967456898933072E+01   -0.498907119311650593E+01   -0.386962960086900321E+01    0.663396881933793111E+03
    0.904652294849775940E+00    0.464191579019471362E+03   -0.153251538656968123E+01   -0.296274153612096036E+01   -0.315975957441788680E+01   -0.884264316840517317E+01   -0.738438512086714294E+01   -0.655767226694280669E+01   -0.672593557459708258E+01    0.664015119880149086E+03
    0.904182261928263786E+00    0.496552170776853870E+03   -0.223754754559660007E+01   -0.309518502092486880E+01   -0.262879053554308761E+01   -0.905355600627865087E+01   -0.809381772979338976E+01   -0.716311435296874066E+01   -0.798794888008413118E+01    0.664558054604639324E+03
    0.904182261928263786E+00    0.496552170776853870E+03   -0.223754754559660007E+01   -0.309518502092486880E+01   -0.262879053554308761E+01   -0.905355600627865087E+01   -0.809381772979338976E+01   -0.716311435296874066E+01   -0.798794888008413118E+01    0.664558054604639324E+03
    0.904182261928263786E+00    0.496552170776853870E+03   -0.223754754559660007E+01   -0.309518502092486880E+01   -0.262879053554308761E+01   -0.905355600627865087E+01   -0.809381772979338976E+01   -0.716311435296874066E+01   -0.798794888008413118E+01    0.664558054604639324E+03
    0.906468942466949423E+00    0.467348538619248018E+03   -0.242274685354729602E+01   -0.295410964774882512E+01   -0.238956839941518506E+01   -0.914822119356625052E+01   -0.937631705302395702E+01   -0.806087554977300336E+01   -0.721683390677198489E+01    0.663309538669165022E+03
    0.905565863524607773E+00    0.462913253535065223E+03   -0.240686472770715465E+01   -0.190191281132035783E+01   -0.314077719970675240E+01   -0.622401836499097527E+01   -0.972593462557967747E+01   -0.439616319547072365E+01   -0.512012144984871931E+01    0.664301541020561899E+03
    0.905565863524607773E+00    0.462913253535065223E+03   -0.240686472770715465E+01   -0.190191281132035783E+01   -0.314077719970675240E+01   -0.622401836499097527E+01   -0.972593462557967747E+01   -0.439616319547072365E+01   -0.512012144984871931E+01    0.664301541020561899E+03
    0.907068248933143306E+00    0.495847492659775128E+03   -0.328434005156864384E+01   -0.390861863043120561E+01   -0.351913287672890984E+01   -0.865666435877506224E+01   -0.921764018366571136E+01   -0.563323568402868347E+01   -0.758820727589605504E+01    0.663198854982361922E+03
    0.912344524646957922E+00    0.411135820169950193E+03   -0.344348656582642487E+01   -0.280073474897087582E+01   -0.411255456504029659E+01   -0.914175432773752839E+01   -0.938051201420222824E+01   -0.806824309218389146E+01   -0.728341094431379155E+01    0.664272367088657461E+03
    0.912344524646957922E+00    0.411135820169950193E+03   -0.344348656582642487E+01   -0.280073474897087582E+01   -0.411255456504029659E+01   -0.914175432773752839E+01   -0.938051201420222824E+01   -0.806824309218389146E+01   -0.728341094431379155E+01    0.664272367088657461E+03
    0.901782169095789676E+00    0.465421637220259527E+03   -0.143181309878642260E+01   -0.299592740310667160E+01   -0.177151909897066773E+01   -0.729996420537057400E+01   -0.754953604472596229E+01   -0.701665901449796436E+01   -0.700928089235130081E+01    0.663331918529967197E+03
    0.912125521471647938E+00    0.330543105015924709E+03   -0.332024475634914396E+01   -0.195752152268313040E+01   -0.269911914909638373E+01   -0.753195574220702646E+01   -0.915353285898689961E+01   -0.671775813035906566E+01   -0.626819691362808129E+01    0.663607992117273625E+03
    0.914623726626761391E+00    0.339680694420390410E+03   -0.483395654769512007E+01   -0.310207450268598084E+01   -0.261357079880131771E+01   -0.649986773432103604E+01   -0.811204066234466126E+01   -0.503083200740416459E+01   -0.730418684946135954E+01    0.664280831987700594E+03
    0.914623726626761391E+00    0.339680694420390410E+03   -0.483395654769512007E+01   -0.310207450268598084E+01   -0.261357079880131771E+01   -0.649986773432103604E+01   -0.811204066234466126E+01   -0.503083200740416459E+01   -0.730418684946135954E+01    0.664280831987700594E+03
    0.912182814434847167E+00    0.423626025239886303E+03   -0.301138018204159241E+01   -0.440630761686261252E+01   -0.555369879645271691E+01   -0.698754655845580697E+01   -0.821324265444640034E+01   -0.479145427748088082E+01   -0.772890754318706552E+01    0.664041896141124312E+03
    0.911842905140121340E+00    0.406140712004260536E+03   -0.402180079816918212E+01   -0.222655097970062421E+01   -0.378788557003651860E+01   -0.891435042635777108E+01   -0.794491521934512068E+01   -0.467587051987930202E+01   -0.731726555468605433E+01    0.663730670211248366E+03
    0.912342083333916087E+00    0.360092469417896268E+03   -0.302868009769944280E+01   -0.331777560889999812E+01   -0.361002687401288114E+01   -0.654244418993201116E+01   -0.799139988987890071E+01   -0.441189906362720041E+01   -0.783287426068318027E+01    0.665129055206785893E+03
    0.912342083333916087E+00    0.360092469417896268E+03   -0.302868009769944280E+01   -0.331777560889999812E+01   -0.361002687401288114E+01   -0.654244418993201116E+01   -0.799139988987890071E+01   -0.441189906362720041E+01   -0.783287426068318027E+01    0.665129055206785893E+03
    0.912342083333916087E+00    0.360092469417896268E+03   -0.302868009769944280E+01   -0.331777560889999812E+01   -0.361002687401288114E+01   -0.654244418993201116E+01   -0.799139988987890071E+01   -0.441189906362720041E+01   -0.783287426068318027E+01    0.665129055206785893E+03
    0.912342083333916087E+00    0.360092469417896268E+03   -0.302868009769944280E+01   -0.331777560889999812E+01   -0.361002687401288114E+01   -0.654244418993201116E+01   -0.799139988987890071E+01   -0.441189906362720041E+01   -0.783287426068318027E+01    0.665129055206785893E+03
    0.908085123831724239E+00    0.378760643802498237E+03   -0.237803076998572216E+01   -0.124932408340475121E+01   -0.210325432136839563E+01   -0.861854407844919201E+01   -0.827511474694839855E+01   -0.323118634134275773E+01   -0.890500204597404021E+01    0.664850135837655102E+03
    0.908085123831724239E+00    0.378760643802498237E+03   -0.237803076998572216E+01   -0.124932408340475121E+01   -0.210325432136839563E+01   -0.861854407844919201E+01   -0.827511474694839855E+01   -0.323118634134275773E+01   -0.890500204597404021E+01    0.664850135837655102E+03
    0.908085123831724239E+00    0.378760643802498237E+03   -0.237803076998572216E+01   -0.124932408340475121E+01   -0.210325432136839563E+01   -0.861854407844919201E+01   -0.827511474694839855E+01   -0.323118634134275773E+01   -0.890500204597404021E+01    0.664850135837655102E+03
    0.911532572562238741E+00    0.303050587526131665E+03   -0.141456618600424022E+01   -0.232298273276078771E+01   -0.265747201039370839E+01   -0.930434686494281138E+01   -0.928857339752213029E+01   -0.346728482307985342E+01   -0.865160080207619764E+01    0.664817949223906794E+03
    0.911532572562238741E+00    0.303050587526131665E+03   -0.141456618600424022E+01   -0.232298273276078771E+01   -0.265747201039370839E+01   -0.930434686494281138E+01   -0.928857339752213029E+01   -0.346728482307985342E+01   -0.865160080207619764E+01    0.664817949223906794E+03
    0.911532572562238741E+00    0.303050587526131665E+03   -0.141456618600424022E+01   -0.232298273276078771E+01   -0.265747201039370839E+01   -0.930434686494281138E+01   -0.928857339752213029E+01   -0.346728482307985342E+01   -0.865160080207619764E+01    0.664817949223906794E+03
    0.907067313352010518E+00    0.381904310529235659E+03   -0.192426395636323910E+01   -0.161365322168306591E+01   -0.199683855220263062E+01   -0.781631463485418987E+01   -0.936600454005613869E+01   -0.508177759072667623E+01   -0.858283235830539226E+01    0.664523358452077446E+03
    0.907067313352010518E+00    0.381904310529235659E+03   -0.192426395636323910E+01   -0.161365322168306591E+01   -0.199683855220263062E+01   -0.781631463485418987E+01   -0.936600454005613869E+01   -0.508177759072667623E+01   -0.858283235830539226E+01    0.664523358452077446E+03
    0.907067313352010518E+00    0.381904310529235659E+03   -0.192426395636323910E+01   -0.161365322168306591E+01   -0.199683855220263062E+01   -0.781631463485418987E+01   -0.936600454005613869E+01   -0.508177759072667623E+01   -0.858283235830539226E+01    0.664523358452077446E+03
    0.908430846725308827E+00    0.445821079672796941E+03   -0.234394675397751939E+01   -0.194883218339105468E+01   -0.512098362830730647E+01   -0.585797294574079519E+01   -0.928659212098145836E+01   -0.288480744381367771E+01   -0.884831947584580902E+01    0.663194490197603386E+03
    0.911118765102264749E+00    0.364100916937131899E+03   -0.250545133061403114E+01   -0.238155728593827654E+01   -0.391144910557625280E+01   -0.753732000732803176E+01   -0.763213765202420813E+01   -0.375472625540676042E+01   -0.925055703493094050E+01    0.664517442842798232E+03
    0.911118765102264749E+00    0.364100916937131899E+03   -0.250545133061403114E+01   -0.238155728593827654E+01   -0.391144910557625280E+01   -0.753732000732803176E+01   -0.763213765202420813E+01   -0.375472625540676042E+01   -0.925055703493094050E+01    0.664517442842798232E+03
    0.912650653615982632E+00    0.287887822449931036E+03   -0.245349488005632743E+01   -0.380061027677527186E+01   -0.316562656214981075E+01   -0.843410560063452586E+01   -0.960821789753630817E+01   -0.336609896323655544E+01   -0.642370414718491656E+01    0.663287647420446660E+03
    0.911288461729614530E+00    0.367322250835588989E+03   -0.264010400031397818E+01   -0.389736002542162652E+01   -0.342082733825992680E+01   -0.493437554678793067E+01   -0.887923233964212599E+01   -0.344750738898114850E+01   -0.935820008985170659E+01    0.665399121116015635E+03
    0.911288461729614530E+00    0.367322250835588989E+03   -0.264010400031397818E+01   -0.389736002542162652E+01   -0.342082733825992680E+01   -0.493437554678793067E+01   -0.887923233964212599E+01   -0.344750738898114850E+01   -0.935820008985170659E+01    0.665399121116015635E+03
    0.911288461729614530E+00    0.367322250835588989E+03   -0.264010400031397818E+01   -0.389736002542162652E+01   -0.342082733825992680E+01   -0.493437554678793067E+01   -0.887923233964212599E+01   -0.344750738898114850E+01   -0.935820008985170659E+01    0.665399121116015635E+03
    0.911288461729614530E+00    0.367322250835588989E+03   -0.264010400031397818E+01   -0.389736002542162652E+01   -0.342082733825992680E+01   -0.493437554678793067E+01   -0.887923233964212599E+01   -0.344750738898114850E+01   -0.935820008985170659E+01    0.665399121116015635E+03
    0.911288461729614530E+00    0.367322250835588989E+03   -0.264010400031397818E+01   -0.389736002542162652E+01   -0.342082733825992680E+01   -0.493437554678793067E+01   -0.887923233964212599E+01   -0.344750738898114850E+01   -0.935820008985170659E+01    0.665399121116015635E+03
    0.910407429851220917E+00    0.431465080375057767E+03   -0.253450640417141582E+01   -0.326333532180632169E+01   -0.471897322477412562E+01   -0.834884223298027628E+01   -0.718697149315311012E+01   -0.390106908907233851E+01   -0.825207543997741411E+01    0.664557763453808548E+03
    0.910407429851220917E+00    0.431465080375057767E+03   -0.253450640417141582E+01   -0.326333532180632169E+01   -0.471897322477412562E+01   -0.834884223298027628E+01   -0.718697149315311012E+01   -0.390106908907233851E+01   -0.825207543997741411E+01    0.664557763453808548E+03
    0.910130759443429915E+00    0.402932721820014592E+03   -0.249751546923185686E+01   -0.331797311417861973E+01   -0.483437638441055029E+01   -0.865216141727048083E+01   -0.923673700070939141E+01   -0.437808042012860721E+01   -0.653664503902538563E+01    0.663389641882442788E+03
    0.905751204483218664E+00    0.422220613053284410E+03   -0.199490583318497627E+01   -0.122835425913566532E+01   -0.157262840271459226E+01   -0.822925626531739240E+01   -0.915666444898402432E+01   -0.393591082953850346E+01   -0.814566319896862190E+01    0.664206937254891614E+03
    0.905751204483218664E+00    0.422220613053284410E+03   -0.199490583318497627E+01   -0.122835425913566532E+01   -0.157262840271459226E+01   -0.822925626531739240E+01   -0.915666444898402432E+01   -0.393591082953850346E+01   -0.814566319896862190E+01    0.664206937254891614E+03
