alt press den temp eddy S2 CH3CO H2S H2CCO C2 N2O5 S C2H HNO2 C2H5 H2CO CH2OH HCS CH2CN HC3N C4H2 OH CH3S C4H5 O2 N S8 H2O2 CH3 CH CH3CN NCO H2O NS O_1 NH2 HNCO C4H3 C S4 H2SO4 NO CN C2H3CN HCO SO HS2 HNO3 CH2 CS2 C2H2 NO2 CH3O O3 H C3H3 CH3CHO CS C2H4 NO3 He SO2 O CO2 CH3OOH N_2D C6H5 CH3O2 HCN NH HNO CH4 NH3 H2CN CH2NH C3H4 SO3 HSO C3H2 CH2_1 C6H6 S3 C2H6 S2O N2O COS N2H H2 C2H3 N2H3 CH3OH N2H4 CO N2H2 HO2 N2 CH3SH HCCO SH HSO3 CH2NH2 CH3NH2 H2Oaer H2SO4aer H2Oaer_r H2SO4aer_r
0.00000000e+00 1.01300000e+06 2.43920516e+19 3.00800000e+02 1.12000000e+05 5.90806000e-14 4.74168100e-20 4.18481700e-14 2.04621500e-21 1.00000000e-40 5.71953900e-16 8.25422700e-27 1.00000000e-40 4.58786700e-14 5.41361600e-16 3.60666700e-10 1.70493800e-26 2.34067000e-34 8.52718900e-12 3.17612100e-19 3.93667700e-28 1.09226100e-13 2.13507500e-23 2.99502500e-29 1.99278400e-01 1.00000000e-40 5.20641100e-13 1.66165600e-09 7.10548500e-15 2.51154000e-34 3.55092400e-11 1.92048600e-21 8.89405100e-03 2.17544400e-26 4.68377400e-22 2.17426100e-16 5.39687000e-15 4.78218700e-26 1.00000000e-40 1.02065700e-16 1.52583400e-10 1.50927400e-11 2.76620200e-29 3.81470400e-20 5.21882300e-22 1.00831400e-17 9.13275900e-17 1.38005000e-10 1.02888000e-25 5.69063400e-22 1.00000000e-40 7.56049700e-11 1.70127400e-18 1.98275900e-08 1.24068300e-20 1.00000000e-40 5.73146700e-18 2.34813600e-29 1.22373400e-11 1.04148200e-14 1.00000000e-40 2.23172800e-10 4.95606200e-17 3.97944100e-04 1.29429300e-09 1.00000000e-40 9.29304600e-25 5.84119000e-12 5.95711900e-11 3.50440500e-26 1.87630200e-17 1.09555300e-06 5.44546400e-11 1.87899100e-22 2.46142600e-15 3.36327000e-21 2.37080400e-17 5.77303600e-10 2.90751000e-27 1.85374900e-26 6.47610800e-19 5.98229400e-17 2.20977300e-13 4.22743900e-32 3.48777500e-07 4.18514100e-10 2.02425400e-25 5.53878300e-07 1.14801800e-28 1.29033100e-19 3.19680700e-13 5.07510700e-14 1.35292800e-07 6.22620400e-20 1.45507200e-11 7.91427500e-01 2.77339000e-16 4.53239600e-21 6.15368600e-16 3.23906000e-22 5.19022300e-19 8.81794900e-11 1.00000000e-40 1.00000000e-40 1.00000000e-05 1.00000000e-05
2.15499048e+00 7.88900000e+05 1.98539939e+19 2.87800000e+02 1.00000000e+05 6.18633847e-14 4.58314459e-20 7.55095417e-15 2.05298891e-21 1.00000000e-40 4.05854774e-17 2.28204984e-26 1.00000000e-40 6.19268543e-15 4.10074281e-16 1.33811910e-10 1.00073547e-26 1.98629600e-34 8.20472620e-12 3.18666409e-19 3.94917678e-28 7.32835388e-14 4.29786188e-23 3.00536416e-29 1.99937001e-01 7.25950603e-34 5.22353712e-13 1.31108541e-09 4.50211834e-15 1.98059865e-34 3.46757077e-11 2.96139794e-21 5.58729104e-03 2.17216298e-26 5.55807696e-22 1.61380697e-16 5.13303931e-15 4.79800195e-26 1.00000000e-40 8.37768972e-17 2.82081782e-10 4.48565726e-12 1.38508196e-29 3.82725262e-20 1.88270210e-22 5.18409119e-17 1.67362247e-16 2.42793389e-10 4.23982862e-26 5.70262933e-22 1.00000000e-40 1.23133153e-11 8.08758272e-19 1.66356649e-08 8.09645190e-21 1.00000000e-40 3.69551123e-18 2.58473066e-29 1.22648279e-11 1.19551255e-15 1.00000000e-40 1.10311660e-10 5.58966797e-17 4.00547869e-04 1.60903647e-09 1.00000000e-40 6.75135459e-24 7.73497179e-12 6.10612855e-11 3.44054964e-26 6.73896300e-18 1.09134800e-06 4.59641769e-11 1.41897618e-22 2.46959162e-15 3.37439183e-21 1.69364593e-17 5.61222765e-10 2.91721923e-27 1.21484099e-26 6.51863316e-19 5.86268874e-17 2.18305095e-13 4.21255582e-32 3.49798972e-07 4.18525204e-10 6.65541547e-26 5.56145495e-07 5.08793194e-29 1.16747806e-19 2.87292525e-13 5.08918155e-14 1.19375759e-07 5.69918773e-20 1.14583864e-11 7.94043183e-01 4.02923610e-16 4.54750807e-21 1.05214793e-15 1.14276618e-22 4.30823125e-19 8.84700019e-11 1.00000000e-40 1.00000000e-40 1.00000000e-05 1.00000000e-05
4.22215923e+00 6.14400000e+05 1.60710765e+19 2.76900000e+02 1.00000000e+05 6.34599929e-14 7.15826573e-20 1.28277897e-14 2.05715679e-21 1.00000000e-40 7.13082238e-17 5.88284769e-26 1.00000000e-40 5.79701387e-15 3.87874380e-16 9.05109576e-11 1.16027641e-26 1.83948896e-34 7.69281253e-12 3.19320908e-19 3.95642819e-28 8.45930252e-14 1.55253109e-22 3.01156254e-29 2.00340319e-01 1.86904640e-33 5.23393982e-13 9.45402460e-10 4.73338016e-15 5.82312202e-34 3.39415130e-11 2.69475950e-21 3.57638112e-03 2.26132293e-26 7.57590005e-22 1.60270369e-16 4.76994671e-15 4.80770034e-26 1.00000000e-40 6.48178775e-17 3.60157356e-10 5.46153114e-12 7.32802745e-30 3.83488172e-20 1.69101177e-22 1.57521677e-16 1.90470167e-16 2.82109731e-10 4.98305085e-26 5.69620056e-22 1.00000000e-40 9.34691713e-12 1.06020050e-18 1.65158734e-08 9.25748592e-21 1.86373580e-30 3.18413828e-18 3.27151317e-29 1.22667806e-11 7.53066342e-16 1.00000000e-40 5.48955482e-11 7.94440043e-17 4.01381629e-04 1.39298138e-09 1.00000000e-40 2.04001595e-26 6.92155485e-12 6.25112995e-11 4.93612376e-26 8.02219365e-18 1.08734916e-06 3.92769715e-11 9.52925028e-23 2.47465003e-15 3.38120846e-21 9.27769257e-18 5.39641154e-10 2.92331769e-27 2.23046483e-26 6.66611832e-19 5.59372515e-17 2.14338352e-13 4.18448238e-32 3.50334775e-07 4.18086225e-10 1.19749470e-25 5.57860664e-07 3.90912690e-29 9.30462627e-20 2.94977904e-13 5.09422976e-14 1.04797186e-07 4.74201973e-20 1.06370478e-11 7.95644869e-01 5.93437790e-16 4.55696165e-21 1.80804612e-15 6.95393386e-23 3.41600322e-19 8.86471693e-11 1.00000000e-40 1.00000000e-40 1.00000000e-05 1.00000000e-05
6.20840046e+00 4.78500000e+05 1.30438893e+19 2.65700000e+02 1.00000000e+05 6.25547399e-14 1.31700732e-19 2.18186553e-14 2.06039560e-21 1.00000000e-40 3.29858076e-16 1.41148194e-25 1.00000000e-40 8.84647763e-15 3.79195682e-16 7.57641083e-11 1.69836348e-26 1.94200966e-34 7.11517979e-12 3.19836001e-19 3.96175172e-28 1.13588472e-13 6.61271784e-22 3.01628484e-29 2.00651216e-01 6.09577518e-33 5.24190936e-13 6.81571839e-10 5.49474876e-15 2.61561131e-33 3.33627389e-11 6.48428267e-22 2.04264484e-03 2.45203269e-26 1.13405868e-21 1.63871517e-16 4.41725525e-15 4.81519276e-26 1.00000000e-40 4.71573126e-17 3.47093489e-10 8.84255093e-12 2.33484356e-30 3.84073676e-20 1.94652326e-22 3.85332290e-16 1.75736926e-16 3.17792011e-10 7.49220233e-26 5.67459417e-22 1.00000000e-40 1.03988661e-11 1.56144851e-18 1.86567926e-08 1.23442554e-20 1.40233660e-36 3.44671805e-18 4.57631407e-29 1.22541527e-11 7.71027130e-16 1.00000000e-40 2.89663368e-11 1.26285053e-16 4.02024806e-04 9.24489102e-10 1.00000000e-40 3.94891206e-28 5.13134047e-12 6.38258794e-11 7.25857093e-26 1.42873452e-17 1.08445794e-06 3.43303740e-11 6.07264654e-23 2.47861888e-15 3.38647733e-21 4.76219929e-18 5.14821974e-10 2.92818864e-27 5.87238840e-26 6.82645587e-19 5.22893889e-17 2.09430031e-13 4.15119858e-32 3.50677541e-07 4.17597343e-10 3.04911008e-25 5.59295541e-07 3.39608180e-29 6.82006358e-20 3.27958282e-13 5.09460948e-14 9.25008709e-08 3.71972915e-20 1.03162127e-11 7.96879736e-01 8.16932505e-16 4.56446676e-21 3.07772047e-15 5.24354142e-23 2.51446092e-19 8.87832776e-11 1.00000000e-40 1.00000000e-40 1.00000000e-05 1.00000000e-05
8.10853179e+00 3.72700000e+05 1.06445391e+19 2.53600000e+02 1.00000000e+05 5.94648839e-14 2.61526196e-19 3.70600333e-14 2.06258742e-21 1.00000000e-40 1.83002623e-15 3.25191403e-25 1.00000000e-40 1.41810480e-14 3.63288741e-16 6.07018103e-11 2.51614679e-26 2.07758940e-34 6.54393779e-12 3.20194188e-19 3.96491730e-28 1.54991896e-13 3.02445387e-21 3.01936288e-29 2.00858233e-01 4.82515825e-27 5.24716149e-13 4.62258194e-10 6.01596868e-15 8.05655442e-31 3.29183541e-11 1.14717678e-21 1.03397035e-03 2.73754031e-26 1.67104838e-21 1.69657721e-16 4.10342889e-15 4.82020385e-26 1.00000000e-40 3.28459595e-17 1.98449331e-10 1.44533753e-11 1.44964128e-30 3.84461249e-20 2.10680689e-22 9.10056583e-16 1.47673336e-16 3.55700246e-10 1.07216559e-25 5.63586364e-22 1.00000000e-40 1.15855016e-11 2.09825579e-18 2.13871375e-08 1.65323163e-20 1.81268162e-40 3.80732832e-18 6.15638044e-29 1.22253639e-11 8.80346659e-16 1.00000000e-40 1.75836000e-11 1.97407697e-16 4.02454854e-04 5.03549990e-10 1.00000000e-40 5.10740429e-27 3.31789300e-12 6.49469791e-11 1.06881681e-25 2.46507370e-17 1.08228168e-06 3.07688106e-11 3.77676465e-23 2.48136059e-15 3.39000568e-21 3.27418960e-18 4.87455668e-10 2.93167720e-27 1.66035224e-25 6.97376965e-19 4.82047397e-17 2.03215797e-13 4.11304894e-32 3.50803590e-07 4.17009954e-10 8.49236776e-25 5.60268780e-07 2.81693885e-29 4.97511572e-20 3.62564205e-13 5.08998370e-14 8.23188597e-08 2.97862572e-20 9.29665143e-12 7.97701972e-01 1.02799397e-15 4.56977993e-21 5.23560798e-15 4.68130259e-23 1.82892956e-19 8.88732581e-11 1.00000000e-40 1.00000000e-40 1.00000000e-05 1.00000000e-05
9.91694675e+00 2.90200000e+05 8.75795852e+18 2.40000000e+02 8.40000000e+04 5.47881873e-14 6.09183832e-19 6.36221483e-14 2.06385054e-21 1.00000000e-40 5.69324959e-15 7.37531438e-25 1.54830803e-39 2.45860883e-14 3.27365053e-16 4.48126594e-11 3.59538543e-26 2.03777961e-34 6.00563729e-12 3.20416868e-19 3.96600926e-28 2.14091527e-13 1.69023044e-20 3.02112601e-29 2.00971721e-01 8.77534832e-32 5.24995771e-13 2.72686579e-10 5.77935860e-15 8.87088832e-32 3.25720774e-11 5.40658504e-22 4.60954610e-04 3.02915971e-26 2.29156598e-21 1.80395285e-16 3.82283325e-15 4.82298695e-26 1.00000000e-40 2.27180414e-17 1.06909577e-10 2.49532412e-11 4.93962443e-31 3.84670176e-20 2.07197726e-22 2.27945218e-15 1.09473660e-16 3.99034072e-10 1.34197460e-25 5.57112465e-22 1.00000000e-40 1.25335294e-11 2.62551018e-18 2.35922164e-08 2.18007978e-20 2.05764669e-22 3.81233043e-18 7.16804858e-29 1.21741283e-11 1.12858389e-15 1.00000000e-40 1.36761371e-11 2.80188021e-16 4.02693311e-04 2.20218145e-10 1.00000000e-40 1.29057112e-25 1.75953993e-12 6.58848484e-11 1.63146463e-25 4.18519040e-17 1.08043365e-06 2.82118978e-11 2.35159662e-23 2.48303615e-15 3.39197903e-21 6.73787272e-18 4.56319790e-10 2.93402424e-27 4.66158646e-25 7.11254021e-19 4.39773858e-17 1.95648015e-13 4.06643584e-32 3.50697923e-07 4.16237897e-10 2.98957085e-24 5.60743265e-07 2.05376330e-29 4.35730679e-20 3.81289883e-13 5.07913148e-14 7.37945231e-08 2.99603813e-20 7.23517102e-12 7.98152423e-01 1.13935782e-15 4.57325072e-21 9.04205984e-15 5.59209728e-23 1.29340469e-19 8.89215105e-11 1.00000000e-40 1.00000000e-40 1.00000000e-05 1.00000000e-05
1.16238279e+01 2.26000000e+05 7.23656647e+18 2.26200000e+02 2.48000000e+04 4.65703007e-14 1.43684148e-18 1.03010032e-13 2.06476471e-21 1.00000000e-40 1.06072467e-14 1.56786590e-24 1.00000000e-40 5.63718831e-14 2.74583663e-16 2.88387109e-11 4.84661273e-26 1.81410832e-34 5.18324492e-12 3.20630816e-19 3.96453462e-28 2.97645228e-13 9.98488650e-20 3.02207558e-29 2.01034809e-01 3.68097509e-31 5.25127477e-13 9.48024318e-11 5.20281597e-15 8.48389695e-31 3.21238718e-11 1.67968711e-22 1.41585195e-04 3.33737903e-26 3.02294369e-21 1.62647253e-16 3.40199528e-15 4.82466528e-26 1.00000000e-40 1.37556970e-17 6.52874087e-11 5.62747269e-11 1.30911912e-31 3.84777530e-20 1.76611246e-22 5.31065208e-15 7.11899581e-17 4.91455347e-10 1.56728550e-25 5.38250382e-22 1.00384038e-26 1.53282471e-11 2.90103659e-18 2.55009757e-08 2.74758509e-20 9.07630943e-32 3.46946734e-18 7.67327957e-29 1.20261257e-11 1.69765223e-15 1.00000000e-40 1.37918062e-11 3.81441340e-16 4.02831749e-04 5.05619291e-11 1.00000000e-40 2.53919126e-24 6.03345967e-13 6.71686990e-11 2.31025389e-25 8.48644832e-17 1.07738098e-06 2.53547891e-11 1.31210855e-23 2.48455701e-15 3.39317234e-21 3.14414092e-17 3.97531227e-10 2.93681614e-27 1.77118564e-24 7.34270580e-19 3.72146593e-17 1.83086524e-13 3.96141183e-32 3.50067136e-07 4.14420756e-10 1.26862486e-23 5.60677779e-07 1.39180957e-29 8.66950081e-20 3.73823866e-13 5.04546333e-14 6.29074106e-08 6.78651427e-20 3.85867478e-12 7.98403321e-01 1.10205751e-15 4.57709792e-21 1.48896268e-14 8.84419292e-23 7.25935291e-20 8.89452770e-11 1.00000000e-40 1.00000000e-40 1.00000000e-05 1.00000000e-05
1.32286603e+01 1.76000000e+05 6.01019713e+18 2.12100000e+02 7.78000000e+03 3.38922508e-14 1.97721039e-18 1.24698235e-13 2.06601999e-21 1.00000000e-40 1.78078949e-14 2.57593552e-24 1.00000000e-40 1.45919888e-13 1.94831813e-16 1.19708802e-11 2.93917176e-26 1.69164607e-34 3.44325183e-12 3.21092725e-19 3.95579153e-28 2.60298183e-13 3.20695646e-19 3.02222198e-29 2.01061249e-01 9.20573784e-31 5.25099312e-13 8.21002657e-12 2.75661086e-15 1.53423798e-29 3.13763208e-11 1.73750978e-23 2.19865409e-05 2.86446666e-26 4.16271762e-21 4.80218491e-17 2.49693694e-15 4.82589856e-26 1.00000000e-40 6.25498380e-18 4.68343516e-11 2.26804532e-10 2.17120144e-32 3.84797092e-20 8.03513367e-23 7.69308448e-15 5.30733462e-17 7.30672470e-10 6.69915114e-26 4.62397141e-22 2.95794580e-25 2.98080041e-11 1.91833889e-18 2.91933163e-08 2.00314335e-20 1.00000000e-40 2.84277685e-18 7.82628963e-29 1.14775728e-11 1.79029532e-15 1.00000000e-40 2.17637495e-11 5.44956412e-16 4.02895096e-04 3.36829185e-12 1.00000000e-40 5.55076793e-23 6.59790071e-14 6.95861944e-11 1.97953190e-25 2.88028811e-16 1.07001218e-06 2.17069868e-11 6.88002722e-24 2.48762657e-15 3.39417955e-21 2.90598802e-16 2.64650684e-10 2.94412736e-27 4.83577308e-24 7.87482955e-19 2.38438067e-17 1.62302869e-13 3.62418818e-32 3.47537853e-07 4.08659114e-10 3.42111739e-23 5.58963563e-07 5.36804722e-30 7.67599001e-19 2.60365190e-13 4.92086703e-14 4.85578409e-08 5.84468389e-19 6.21723973e-13 7.98509046e-01 7.67095443e-16 4.58662271e-21 1.91901815e-14 1.39471248e-22 1.82816235e-20 8.89446626e-11 1.00000000e-40 1.00000000e-40 1.00000000e-05 1.00000000e-05
1.47373495e+01 1.37100000e+05 4.95514600e+18 2.00400000e+02 5.08000000e+03 2.00034262e-14 1.22078485e-18 9.25954098e-14 2.06861007e-21 1.00000000e-40 2.54433808e-14 2.50010549e-24 1.00000000e-40 1.36216358e-13 1.17445852e-16 2.57597050e-12 4.80294371e-27 3.65635643e-33 1.17682894e-12 3.22187683e-19 3.93318635e-28 9.46392063e-14 2.43245482e-19 3.02142458e-29 2.01065100e-01 1.65137862e-29 5.24899364e-13 2.37322201e-13 6.10080682e-16 3.49516370e-28 3.03487535e-11 6.74782287e-25 3.79866148e-06 1.33107848e-26 1.08237222e-20 3.95562677e-18 1.32390778e-15 4.82752930e-26 1.00000000e-40 1.83860259e-18 3.92327657e-11 7.87452258e-10 1.79343948e-33 3.84754810e-20 1.57602717e-23 2.98408490e-15 5.68748893e-17 1.22808561e-09 5.02511713e-27 2.38950740e-22 7.60051078e-24 1.13265739e-10 5.92270989e-19 6.29914257e-08 6.38099833e-21 1.00000000e-40 3.83593611e-18 1.06238255e-28 1.01195950e-11 8.22747664e-16 1.00000000e-40 4.17968550e-11 1.51983576e-15 4.02899959e-04 2.21445216e-13 1.00000000e-40 8.20496935e-22 3.71336243e-15 7.28778414e-11 1.31648346e-25 8.04862291e-16 1.05508024e-06 1.84671345e-11 4.90793404e-24 2.49478332e-15 3.39568645e-21 1.21127814e-15 1.04633403e-10 2.96195086e-27 2.00493763e-24 8.70481190e-19 7.97716527e-18 1.41740444e-13 2.86114255e-32 3.41155677e-07 3.95169227e-10 2.12658939e-23 5.53708991e-07 8.34825655e-31 8.89091196e-18 1.16716842e-13 4.61014864e-14 3.76598430e-08 6.16532356e-18 5.09673337e-14 7.98526098e-01 3.25075371e-16 4.60955650e-21 1.46667661e-14 1.09720174e-22 2.64829451e-21 8.89211801e-11 1.00000000e-40 1.00000000e-40 1.00000000e-05 1.00000000e-05
1.61830108e+01 1.06800000e+05 3.96895460e+18 1.94900000e+02 3.99000000e+03 6.10917951e-15 8.19766944e-19 4.23192828e-14 2.07305770e-21 1.00000000e-40 1.20761971e-13 1.32456212e-24 1.00000000e-40 1.10199914e-13 7.06548176e-17 1.51247561e-12 1.98116376e-27 2.72894206e-31 1.15882586e-13 3.24088623e-19 3.89556970e-28 7.18621414e-14 1.24783223e-19 3.02003044e-29 2.01064600e-01 3.54530126e-28 5.24595469e-13 1.06771432e-14 3.60899096e-16 3.08648568e-27 2.89685361e-11 2.51962957e-25 2.44811385e-06 3.02470682e-27 4.91056620e-20 1.30235011e-18 6.45413885e-16 4.83017855e-26 1.00000000e-40 1.27195511e-19 2.71666865e-11 1.11757458e-09 6.82809690e-34 3.84713532e-20 1.10865732e-23 4.79717497e-16 2.19709747e-17 2.46902407e-09 2.35532409e-27 9.00627361e-38 4.64119345e-23 3.83841975e-10 4.96100739e-19 2.27177859e-07 4.79240258e-21 2.55434903e-25 9.49711364e-18 9.14763215e-39 7.94243688e-12 1.48324459e-15 1.00000000e-40 3.53108502e-11 8.03293977e-15 4.02890350e-04 2.44205530e-14 1.00000000e-40 5.45824100e-21 1.28452507e-15 7.52450851e-11 8.98429648e-26 7.70247353e-16 1.03128109e-06 1.52215893e-11 4.50124391e-24 2.50718397e-15 3.39820570e-21 1.19108015e-15 2.37642778e-11 2.99230782e-27 1.33661355e-24 9.30690168e-19 7.02087170e-19 1.21670064e-13 1.76954573e-32 3.30425118e-07 3.72874486e-10 1.44553003e-23 5.44479619e-07 3.54000452e-31 3.70547758e-17 6.31816070e-14 4.08919578e-14 2.98025807e-08 2.76227902e-17 3.22268599e-14 7.98527917e-01 1.01063831e-16 4.64845978e-21 6.02794442e-15 7.24439126e-23 6.94864149e-22 8.88879870e-11 1.00000000e-40 1.00000000e-40 1.00000000e-05 1.00000000e-05
1.76183465e+01 8.31500000e+04 3.06178444e+18 1.96700000e+02 3.90000000e+03 6.20496007e-16 5.20435117e-19 1.07345777e-14 2.07960788e-21 1.00000000e-40 6.36657324e-13 3.82263082e-25 9.47697629e-40 1.11044279e-13 3.96197670e-17 2.12569780e-12 2.08546114e-27 4.57289940e-30 6.19955453e-15 3.26885524e-19 3.84220343e-28 9.98319629e-14 2.82798791e-20 3.01840328e-29 2.01062995e-01 3.07616580e-27 5.24214598e-13 2.35456471e-14 4.63279068e-16 1.87231542e-26 2.71586392e-11 6.85980582e-25 2.52750772e-06 4.86999347e-28 1.74737888e-19 1.09842765e-18 3.90479228e-16 4.83403521e-26 1.25925729e-40 8.20094780e-22 1.86559256e-11 1.05762658e-09 1.24147835e-33 3.84700268e-20 2.05900067e-23 6.29642916e-17 3.55436189e-18 4.70874552e-09 4.62525384e-27 1.00000000e-40 1.23856582e-22 7.83847125e-10 8.69458853e-19 6.06338483e-07 7.45766802e-21 1.00000000e-40 1.84912950e-17 1.00000000e-40 5.23332260e-12 5.15379163e-15 1.00000000e-40 1.58342191e-11 3.68900515e-14 4.02884271e-04 7.00842768e-15 1.00000000e-40 2.20675641e-20 1.32608926e-15 7.70859018e-11 6.94522311e-26 4.33998069e-16 9.97888902e-07 1.15491412e-11 4.91318747e-24 2.52544809e-15 3.40195934e-21 6.67260212e-16 3.15218960e-12 3.03626111e-27 2.42600075e-24 9.38791680e-19 8.71378039e-21 9.95895236e-14 7.37958638e-33 3.15087596e-07 3.41233963e-10 1.02374230e-23 5.31147813e-07 3.62373250e-31 8.24125792e-17 4.79378272e-14 3.35477708e-14 2.32396686e-08 8.00184229e-17 8.04595036e-14 7.98529084e-01 2.11487821e-17 4.70462570e-21 1.30456163e-15 4.12782058e-23 2.34257229e-22 8.88504233e-11 1.00000000e-40 1.00000000e-40 1.00000000e-05 1.00000000e-05
1.90750792e+01 6.47600000e+04 2.33012802e+18 2.01300000e+02 4.20000000e+03 2.02464486e-17 2.90328632e-19 1.55466299e-15 2.08815669e-21 1.00000000e-40 2.05873511e-12 9.11258007e-26 7.84882037e-39 1.27858652e-13 2.18359275e-17 3.41716533e-12 3.66879110e-27 1.53834762e-29 1.82136690e-15 3.30509904e-19 3.77454753e-28 1.66770217e-13 3.34450149e-21 3.01683081e-29 2.01060838e-01 1.78515861e-26 5.23783253e-13 1.57516893e-13 6.76247366e-16 9.28169519e-26 2.50167887e-11 2.58905366e-24 2.62624878e-06 8.79238448e-29 4.68145965e-19 1.17571870e-18 3.54165868e-16 4.83901746e-26 1.28864358e-39 8.75065235e-25 1.34954405e-11 9.47198422e-10 3.85246812e-33 3.84729024e-20 4.53436862e-23 1.07526609e-17 3.35905200e-19 7.61823533e-09 1.19690469e-26 1.00000000e-40 1.98029321e-22 1.18764650e-09 1.66821582e-18 1.18062993e-06 1.50497066e-20 9.87840284e-31 2.72016085e-17 1.00000000e-40 2.73824257e-12 1.49930389e-14 1.00000000e-40 5.38657954e-12 1.31828132e-13 4.02886686e-04 9.59634799e-15 1.00000000e-40 6.68005459e-20 1.59221994e-15 7.91010770e-11 7.79412377e-26 2.35599807e-16 9.56229944e-07 7.82232415e-12 6.04670008e-24 2.54928124e-15 3.40695868e-21 3.25788881e-16 2.77618726e-13 3.09288669e-27 6.17598233e-24 8.79555117e-19 1.90562796e-23 7.76485515e-14 1.85519022e-33 2.95635802e-07 3.01534633e-10 7.39013258e-24 5.14148288e-07 4.21480116e-31 1.24501825e-16 5.06135574e-14 2.47176659e-14 1.82459674e-08 1.67693446e-16 2.63115466e-13 7.98530675e-01 2.75391566e-18 4.77684756e-21 1.80088593e-16 2.02112014e-23 1.07430953e-22 8.88123081e-11 1.00000000e-40 1.00000000e-40 1.00000000e-05 1.00000000e-05
2.05663426e+01 5.04300000e+04 1.77398253e+18 2.05900000e+02 4.95000000e+03 3.80796716e-19 1.48737897e-19 2.23824464e-16 2.09845598e-21 1.00000000e-40 4.58845470e-12 7.37665033e-26 3.75268759e-38 1.61378169e-13 1.20064077e-17 5.15229537e-12 7.53094137e-27 3.25305991e-31 1.01189350e-15 3.34795498e-19 3.69488333e-28 2.83367469e-13 4.11884824e-22 3.01546875e-29 2.01058139e-01 8.67682683e-26 5.23323937e-13 7.96323408e-13 9.61759418e-16 3.92881753e-25 2.26818400e-11 1.31396837e-23 2.74053394e-06 2.22834688e-29 1.06171842e-18 1.28427662e-18 4.29037785e-16 4.84495954e-26 1.66339795e-38 1.02702844e-38 1.09955090e-11 9.20257955e-10 1.24197023e-32 3.84805489e-20 9.46814588e-23 7.21917164e-18 3.50800200e-20 1.07653819e-08 3.02990214e-26 1.00000000e-40 2.11042783e-22 1.62402300e-09 3.01448959e-18 1.90493119e-06 3.24846944e-20 1.64279131e-23 3.33506539e-17 1.00000000e-40 1.08200417e-12 3.36270503e-14 1.00000000e-40 2.36280752e-12 3.95173340e-13 4.02898092e-04 1.54652038e-14 1.00000000e-40 1.62528338e-19 1.70859278e-15 8.12885358e-11 1.17129889e-25 1.45482928e-16 9.08382794e-07 4.55199230e-12 7.98839389e-24 2.57799579e-15 3.41314428e-21 2.02514818e-16 2.90220621e-14 3.16039447e-27 1.58467080e-23 7.45175558e-19 5.58601918e-26 5.80843162e-14 2.63330549e-34 2.72893358e-07 2.55997579e-10 6.01383181e-24 4.94186718e-07 3.79364660e-31 1.41706524e-16 6.12500591e-14 1.56914833e-14 1.48692795e-08 2.60444023e-16 7.38231958e-13 7.98532588e-01 3.67150548e-19 4.86289965e-21 2.95526871e-17 1.26391221e-23 2.97598715e-23 8.87762859e-11 1.00000000e-40 1.00000000e-40 1.00000000e-05 1.00000000e-05
2.20902552e+01 3.92800000e+04 1.35092062e+18 2.10600000e+02 6.04000000e+03 4.12560559e-20 7.87904254e-20 1.21898304e-16 2.11013372e-21 1.00000000e-40 8.35331216e-12 2.06886205e-25 1.16077865e-37 2.20395394e-13 6.69946072e-18 7.39563424e-12 1.58597889e-26 1.00000000e-40 6.24077220e-16 3.39461961e-19 3.60615005e-28 4.84611921e-13 1.80327634e-22 3.01438162e-29 2.01054955e-01 3.70193111e-25 5.22857496e-13 2.99063344e-12 1.36630525e-15 1.44808852e-24 2.03000659e-11 6.18897890e-23 2.86424959e-06 2.11615948e-29 2.21775847e-18 1.29424858e-18 5.73824209e-16 4.85162589e-26 1.70954793e-37 1.57601352e-39 1.11798053e-11 9.71141859e-10 3.98088059e-32 3.84929637e-20 1.90406790e-22 1.30547470e-17 1.28394130e-20 1.37700871e-08 7.86735292e-26 1.00000000e-40 1.65029970e-22 2.15779038e-09 5.23422477e-18 2.75708448e-06 7.41107332e-20 2.50580320e-39 3.72851604e-17 1.00000000e-40 3.10128239e-13 6.44867180e-14 1.00000000e-40 2.29284135e-12 1.06974550e-12 4.02916899e-04 2.00365309e-14 1.00000000e-40 3.12947166e-19 1.68046750e-15 8.35033820e-11 1.96100219e-25 1.01539747e-16 8.56874748e-07 2.15877422e-12 1.10839787e-23 2.61054975e-15 3.42039706e-21 2.72618734e-16 1.13274956e-14 3.23609870e-27 4.12531662e-23 5.45103488e-19 1.57450601e-26 4.22922777e-14 2.06740905e-35 2.47909949e-07 2.07489604e-10 5.07785310e-24 4.72176586e-07 2.47258735e-31 1.19541527e-16 7.54748844e-14 8.11344511e-15 1.28692513e-08 2.87733643e-16 1.78160582e-12 7.98534888e-01 1.66214701e-19 4.95957408e-21 1.82439647e-17 1.71563899e-23 1.14167096e-23 8.87442758e-11 1.00000000e-40 1.00000000e-40 1.00000000e-05 1.00000000e-05
2.36478003e+01 3.05900000e+04 1.03148263e+18 2.14800000e+02 7.41000000e+03 1.45222633e-20 4.81720043e-20 1.19666750e-16 2.12308518e-21 1.00000000e-40 1.35639298e-11 6.29051218e-25 3.49480421e-37 3.30739475e-13 3.83039075e-18 1.02602597e-11 3.37349999e-26 1.00000000e-40 4.08979761e-16 3.44260846e-19 3.50900664e-28 8.41536100e-13 1.52316977e-22 3.01352545e-29 2.01051364e-01 1.48472921e-24 5.22387173e-13 8.64533799e-12 1.94937314e-15 4.72673660e-24 1.79403618e-11 2.43999540e-22 2.99437067e-06 3.32382602e-29 4.47821796e-18 1.02459391e-18 7.71743205e-16 4.85894833e-26 1.45250302e-36 4.61046467e-36 1.34232977e-11 1.12525367e-09 1.19104950e-31 3.85099453e-20 3.75642305e-22 2.91656983e-17 6.94286280e-21 1.63326325e-08 2.11166995e-25 1.00000000e-40 1.40167614e-22 2.89689188e-09 8.98650295e-18 3.73875360e-06 1.77594023e-19 6.00491205e-24 3.97151530e-17 1.00000000e-40 6.17124490e-14 1.11704030e-13 1.00000000e-40 3.32974520e-12 2.70349496e-12 4.02940944e-04 2.08538668e-14 1.00000000e-40 4.77721937e-19 1.51366135e-15 8.56699256e-11 3.37428047e-25 8.11313505e-17 8.02912507e-07 7.66663949e-13 1.59471692e-23 2.64664184e-15 3.42875536e-21 5.46438301e-16 6.98331153e-15 3.31905299e-27 1.08280185e-22 3.25230684e-19 4.24655489e-36 3.04247747e-14 8.77163255e-37 2.21213803e-07 1.58254058e-10 3.90695422e-24 4.48509627e-07 1.09705198e-31 7.00147904e-17 9.24257633e-14 3.13525485e-15 1.17886881e-08 2.10751906e-16 3.77148770e-12 7.98537425e-01 1.27728300e-19 5.06601924e-21 1.81228379e-17 3.48560830e-23 5.49272118e-24 8.87163509e-11 1.00000000e-40 1.00000000e-40 1.00000000e-05 1.00000000e-05
2.52334729e+01 2.38200000e+04 7.91047949e+17 2.18100000e+02 9.00000000e+03 4.65538844e-21 3.46567196e-20 1.08730541e-16 2.13731118e-21 1.00000000e-40 2.02777027e-11 1.79971004e-24 1.14359082e-36 5.51760996e-13 2.29714728e-18 1.38264788e-11 7.35049925e-26 1.00000000e-40 2.80775920e-16 3.48957115e-19 3.40343908e-28 1.48941910e-12 1.36262687e-22 3.01282980e-29 2.01047355e-01 5.88077260e-24 5.21908457e-13 1.96535083e-11 2.80029068e-15 1.38715783e-23 1.56478826e-11 7.80463990e-22 3.12972239e-06 5.06451721e-29 8.92027099e-18 5.63233705e-19 1.01512291e-15 4.86691846e-26 1.04285033e-35 1.00000000e-40 1.71797930e-11 1.44370527e-09 3.22846067e-31 3.85311758e-20 7.32885902e-22 6.93589908e-17 3.00331660e-21 1.81709073e-08 5.72021175e-25 1.00000000e-40 1.42163711e-22 3.99661073e-09 1.54431162e-17 4.82367315e-06 4.45496866e-19 1.21195929e-23 4.17654660e-17 1.00000000e-40 8.88789047e-15 1.78582283e-13 1.00000000e-40 4.79200910e-12 6.45274433e-12 4.02968115e-04 1.76034656e-14 1.00000000e-40 5.99784911e-19 1.24562072e-15 8.77586980e-11 5.87630214e-25 7.51841151e-17 7.47325388e-07 1.88831333e-13 2.38182156e-23 2.68628965e-15 3.43828215e-21 1.09365671e-15 3.89123892e-15 3.40901755e-27 2.83065962e-22 1.57281266e-19 1.00000000e-40 2.21250316e-14 2.06464895e-38 1.93474134e-07 1.11638047e-10 2.41777394e-24 4.23470290e-07 3.49687001e-32 2.68089713e-17 1.13702113e-13 8.34425359e-16 1.12112546e-08 9.68142051e-17 7.07448896e-12 7.98540272e-01 8.90259298e-20 5.18247157e-21 1.66666947e-17 7.11807962e-23 4.89462683e-24 8.86917615e-11 1.00000000e-40 1.00000000e-40 1.00000000e-05 1.00000000e-05
2.68405329e+01 1.85500000e+04 6.08501373e+17 2.20800000e+02 1.07000000e+04 1.18868410e-21 2.81926833e-20 8.47102191e-17 2.15302381e-21 1.23746000e-40 2.74911164e-11 4.63369319e-24 3.85235121e-36 1.01559451e-12 1.51478856e-18 1.82110593e-11 1.69277239e-25 1.00000000e-40 2.02026125e-16 3.53318813e-19 3.28785912e-28 2.70406877e-12 1.16948899e-22 3.01224178e-29 2.01043161e-01 2.26587014e-23 5.21412337e-13 3.61653078e-11 4.12555350e-15 3.67065316e-23 1.34347196e-11 2.03498713e-21 3.27031259e-06 6.85977377e-29 1.76601127e-17 1.92595413e-19 1.29737089e-15 4.87565402e-26 6.41595911e-35 8.47684561e-30 2.27962270e-11 2.02518495e-09 8.29106735e-31 3.85568246e-20 1.43329115e-21 1.60270208e-16 9.60672816e-22 1.89597728e-08 1.56540498e-24 1.00000000e-40 1.62133600e-22 5.61979456e-09 2.66698415e-17 5.90411884e-06 1.19861579e-18 5.16200520e-37 4.57521303e-17 1.00000000e-40 1.40153098e-15 2.65534449e-13 1.00000000e-40 6.13535978e-12 1.46786329e-11 4.02997147e-04 1.24553983e-14 1.00000000e-40 6.52595130e-19 9.63233620e-16 8.97557429e-11 1.04205036e-24 8.00130198e-17 6.90229021e-07 2.95476965e-14 3.79176006e-23 2.73008487e-15 3.44918178e-21 1.97444102e-15 1.84237297e-15 3.50658302e-27 7.44587248e-22 6.57561677e-20 5.06456587e-30 1.68571430e-14 3.44677167e-40 1.65200451e-07 7.07859693e-11 1.02425827e-24 3.97053247e-07 1.14051282e-32 6.10673676e-18 1.44091160e-13 1.38294903e-16 1.08906039e-08 2.55920054e-17 1.20278162e-11 7.98543404e-01 5.34983679e-20 5.31084202e-21 1.33393300e-17 1.31664245e-22 7.31163900e-24 8.86697970e-11 1.00000000e-40 1.00000000e-40 1.00000000e-05 1.00000000e-05
2.84659069e+01 1.44500000e+04 4.68072111e+17 2.23600000e+02 1.28000000e+04 2.60239873e-22 2.45222864e-20 5.46891964e-17 2.17040178e-21 6.77694191e-40 3.18161317e-11 1.01972004e-23 2.25241087e-35 1.98756667e-12 1.16996130e-18 2.34483468e-11 4.20277792e-25 1.00000000e-40 1.51993654e-16 3.57039755e-19 3.16096284e-28 5.02081785e-12 8.96761793e-23 3.01172216e-29 2.01038918e-01 8.16324495e-23 5.20891752e-13 5.47698840e-11 6.36203621e-15 8.73812244e-23 1.13279265e-11 4.43126659e-21 3.41514637e-06 7.66360617e-29 3.46464261e-17 3.81690339e-20 1.60910033e-15 4.88526695e-26 3.41328285e-34 2.81466003e-26 3.26803356e-11 3.01324093e-09 2.14557032e-30 3.85870758e-20 2.82595603e-21 3.33077861e-16 2.19785585e-22 1.84593521e-08 4.38529333e-24 3.56186642e-25 3.50850260e-22 7.80883554e-09 4.59962359e-17 6.77261206e-06 3.57375349e-18 5.12478791e-25 5.58320317e-17 6.83458579e-26 6.28671417e-16 3.62610089e-13 1.00000000e-40 6.74227193e-12 3.20416849e-11 4.03026475e-04 7.78851814e-15 1.00000000e-40 6.56126497e-19 7.32141983e-16 9.16323300e-11 1.89738648e-24 9.41350502e-17 6.32114506e-07 2.77045143e-15 6.69142966e-23 2.77853597e-15 3.46162708e-21 3.07953249e-15 7.20158710e-16 3.61111636e-27 2.00441798e-21 2.71884525e-20 2.81024996e-26 1.42431575e-14 1.00000000e-40 1.37337404e-07 3.89582223e-11 2.57766367e-25 3.69460880e-07 1.10617268e-32 7.61166253e-19 1.92435880e-13 1.31512096e-17 1.06868989e-08 3.60870137e-18 1.88469849e-11 7.98546686e-01 2.79278054e-20 5.45281253e-21 9.03151060e-18 2.10362344e-22 1.36326516e-23 8.86499427e-11 1.00000000e-40 1.00000000e-40 1.00000000e-05 1.00000000e-05
3.01194248e+01 1.12500000e+04 3.58168872e+17 2.27500000e+02 1.52000000e+04 3.07932107e-23 2.05090679e-20 2.76386906e-17 2.18993734e-21 3.23041056e-39 2.95682645e-11 1.79381645e-23 1.49307349e-34 3.88296888e-12 1.14038353e-18 2.96252142e-11 1.12713793e-24 6.83396789e-29 1.18277049e-16 3.59679161e-19 3.01870603e-28 9.44534816e-12 5.23194835e-23 3.01123884e-29 2.01034995e-01 2.64436614e-22 5.20333092e-13 6.87457409e-11 1.06170747e-14 1.85285364e-22 9.33473888e-12 8.30911834e-21 3.56314222e-06 6.33938653e-29 6.64984507e-17 4.10447959e-21 1.94413206e-15 4.89603171e-26 1.60433357e-33 1.77932450e-38 5.60591770e-11 4.58202304e-09 6.43930644e-30 3.86228554e-20 5.66843950e-21 5.76176762e-16 3.79215348e-23 1.64962482e-08 1.31458463e-23 1.00000000e-40 9.49370380e-22 1.03682996e-08 7.79288669e-17 7.11911394e-06 1.24534666e-17 6.61993494e-24 8.27256701e-17 1.00000000e-40 5.01179783e-16 4.56376953e-13 1.00000000e-40 6.16456559e-12 6.85039725e-11 4.03054548e-04 4.55959974e-15 1.00000000e-40 6.39171605e-19 5.74258534e-16 9.33458663e-11 3.54600484e-24 1.13672498e-16 5.72898309e-07 1.47901791e-16 1.39376649e-22 2.83297983e-15 3.47603036e-21 3.90693849e-15 2.21588272e-16 3.71325550e-27 5.77788140e-21 1.30239999e-20 5.35587525e-38 1.43431023e-14 1.00000000e-40 1.10704406e-07 1.75090301e-11 3.22521444e-26 3.40639482e-07 2.37549581e-32 4.64047463e-20 2.73684578e-13 6.56701711e-19 1.05437430e-08 2.43769478e-19 2.77632820e-11 7.98550229e-01 1.26385971e-20 5.60900916e-21 4.92917667e-18 2.70305031e-22 3.22785272e-23 8.86317247e-11 1.00000000e-40 1.00000000e-40 1.00000000e-05 1.00000000e-05
3.18032814e+01 8.76400000e+03 2.72435166e+17 2.33000000e+02 1.77000000e+04 3.98771025e-24 1.60537286e-20 1.01563101e-17 2.21221285e-21 1.26677793e-38 2.11387599e-11 2.42195469e-23 6.98538844e-34 7.09127493e-12 1.35169989e-18 3.60699694e-11 3.04279449e-24 1.73573433e-28 9.17682751e-17 3.60891421e-19 2.85733125e-28 1.73946965e-11 2.15998047e-23 3.01075403e-29 2.01031489e-01 1.02422707e-21 5.19719550e-13 7.09113336e-11 1.85931889e-14 3.49761762e-22 7.48955934e-12 1.38194759e-20 3.71438829e-06 4.84906495e-29 1.21451025e-16 2.57812117e-22 2.30278772e-15 4.90823185e-26 6.63183590e-33 2.54840673e-33 9.48671075e-11 6.94362017e-09 2.13012848e-29 3.86650921e-20 1.11158535e-20 8.00213048e-16 2.96327163e-24 1.34604054e-08 4.09688620e-23 1.00000000e-40 2.01802321e-21 1.27791074e-08 1.26006531e-16 6.86759662e-06 4.83349571e-17 9.55404070e-24 1.43714175e-16 2.29868286e-36 3.79442884e-16 5.14325971e-13 1.00000000e-40 4.63802852e-12 1.42856079e-10 4.03080036e-04 2.54315950e-15 1.00000000e-40 6.17974690e-19 4.62298883e-16 9.48828178e-11 6.71736191e-24 1.33951837e-16 5.12990422e-07 4.87703728e-18 3.77597721e-22 2.89507124e-15 3.49279181e-21 3.92026307e-15 5.01400198e-17 3.77284321e-27 1.73269339e-20 7.38414247e-21 1.56675667e-33 1.71173697e-14 1.00000000e-40 8.64650583e-08 6.13200230e-12 2.14171190e-27 3.10786643e-07 4.66028664e-32 1.45672918e-21 3.99578985e-13 1.82355939e-20 1.04253505e-08 8.28040691e-21 3.76538262e-11 7.98553870e-01 4.62278364e-21 5.76259159e-21 2.02926401e-18 2.68393534e-22 8.25284418e-23 8.86143112e-11 1.00000000e-40 1.00000000e-40 1.00000000e-05 1.00000000e-05
3.35309222e+01 6.82600000e+03 2.06777569e+17 2.39100000e+02 2.08000000e+04 1.99364793e-29 1.22408421e-20 2.48749746e-18 2.23787259e-21 4.16772299e-38 1.13479565e-11 2.47599053e-23 2.25994860e-33 1.15822705e-11 1.76507182e-18 4.16704882e-11 7.72802533e-24 1.80841162e-28 6.81963847e-17 3.60173099e-19 2.67265733e-28 3.06817043e-11 6.11868814e-24 3.01024698e-29 2.01027968e-01 8.15143844e-21 5.19035301e-13 6.23748343e-11 3.26184646e-14 5.92457556e-22 5.83462380e-12 2.09852674e-20 3.86675802e-06 5.42072899e-29 2.09840836e-16 1.18113655e-23 2.67117680e-15 4.92225350e-26 2.42079687e-32 2.60252382e-31 1.13389780e-10 1.02344237e-08 6.87425855e-29 3.87150529e-20 2.05615916e-20 8.81730696e-16 3.45060676e-36 9.99451416e-09 1.25369333e-22 1.27131805e-34 3.30395881e-21 1.42799375e-08 1.91165424e-16 6.22764057e-06 1.96403681e-16 2.97116137e-36 2.67421263e-16 1.48158855e-32 2.63591025e-16 5.04253039e-13 1.00000000e-40 2.84363779e-12 2.90529615e-10 4.03101151e-04 1.37435018e-15 1.00000000e-40 5.97133519e-19 3.75362197e-16 9.61964757e-11 1.27602666e-23 1.48010331e-16 4.53231005e-07 1.06978961e-19 1.68747905e-21 2.96662801e-15 3.51236164e-21 3.27830567e-15 7.62209396e-18 3.70357622e-27 5.10812068e-20 4.66529890e-21 3.38221236e-31 2.28156641e-14 1.00000000e-40 6.54155553e-08 1.58570597e-12 1.01279365e-28 2.80258647e-07 6.21692296e-32 2.52752731e-23 5.72284464e-13 3.00768157e-22 1.03001240e-08 1.50466323e-22 4.70876704e-11 7.98557953e-01 1.21177121e-21 5.84418228e-21 5.79824556e-19 2.04005500e-22 3.03367414e-22 8.85972506e-11 1.00000000e-40 1.00000000e-40 1.00000000e-05 1.00000000e-05
3.53017506e+01 5.31600000e+03 1.57414682e+17 2.44600000e+02 2.51000000e+04 1.00000000e-40 9.48448623e-21 3.95569716e-19 2.26688196e-21 1.17600821e-37 4.72434546e-12 2.02518413e-23 5.20453008e-33 1.64912867e-11 2.23063920e-18 4.55872498e-11 1.75129597e-23 1.50290719e-28 4.69945091e-17 3.57005474e-19 2.46583388e-28 5.12517397e-11 1.18670125e-24 3.00970961e-29 2.01024023e-01 9.13776687e-20 5.18282783e-13 5.15195356e-11 5.47580477e-14 9.16724043e-22 4.44158239e-12 3.00747681e-20 4.01339098e-06 5.76079842e-29 3.50264249e-16 4.13341453e-24 3.01845285e-15 4.93812372e-26 8.03841790e-32 1.00000000e-40 1.16829189e-10 1.42876664e-08 1.95614604e-28 3.87726898e-20 3.52734009e-20 8.03493639e-16 2.02074103e-26 6.78806376e-09 3.53589842e-22 1.00214791e-35 4.24495373e-21 1.43365615e-08 2.68954026e-16 5.52118913e-06 7.97901787e-16 7.02594438e-24 4.78603761e-16 1.12471214e-32 1.71009717e-16 4.33303507e-13 1.00000000e-40 1.47930456e-12 5.83788249e-10 4.03115276e-04 7.44236561e-16 1.00000000e-40 5.78486866e-19 3.00654173e-16 9.72155475e-11 2.40615937e-23 1.46084488e-16 3.96248278e-07 1.78455589e-21 1.17976896e-20 3.04757805e-15 3.53462331e-21 3.01793540e-15 7.46143940e-19 3.40124010e-27 1.39170233e-19 3.08854718e-21 1.00000000e-40 3.10596537e-14 1.00000000e-40 4.83418660e-08 2.99160026e-13 4.18889723e-29 2.50351491e-07 1.03953035e-31 3.91585857e-25 7.71872177e-13 4.66937565e-24 1.01627498e-08 2.35262421e-24 5.62844649e-11 7.98562605e-01 2.07699576e-22 5.69230414e-21 1.10463200e-19 1.25057817e-22 9.64410857e-22 8.85806352e-11 1.00000000e-40 1.00000000e-40 1.00000000e-05 1.00000000e-05
3.71107088e+01 4.14000000e+03 1.20183960e+17 2.49500000e+02 3.08000000e+04 1.40759177e-27 7.33059409e-21 4.19791124e-20 2.29894271e-21 2.89261487e-37 1.58998566e-12 1.49981194e-23 8.54302965e-33 2.03669694e-11 2.42285946e-18 4.78548035e-11 3.42553664e-23 1.07285193e-28 2.96537116e-17 3.50909551e-19 2.23900660e-28 8.10767319e-11 1.53099244e-25 3.00914194e-29 2.01019430e-01 7.86285317e-19 5.17470598e-13 4.36861020e-11 8.52894983e-14 1.32325361e-21 3.34552893e-12 4.16825933e-20 4.14597820e-06 3.10041030e-29 5.82120927e-16 1.81933863e-23 3.31226718e-15 4.95564478e-26 2.55762231e-31 4.14455667e-30 1.17799945e-10 1.86623530e-08 4.88610149e-28 3.88374748e-20 5.67073353e-20 6.73066148e-16 2.05762228e-29 4.19674852e-09 8.83582481e-22 5.29247994e-37 4.21001046e-21 1.29059286e-08 3.42354811e-16 4.89085061e-06 3.21684188e-15 4.12661484e-38 7.51218584e-16 7.80818829e-33 1.02857950e-16 3.35359404e-13 1.00000000e-40 7.21397498e-13 1.18736519e-09 4.03119488e-04 4.02479915e-16 1.00000000e-40 5.62720313e-19 2.26803858e-16 9.78905884e-11 4.55416116e-23 1.22108742e-16 3.44694869e-07 2.62389684e-23 8.01266682e-20 3.13704432e-15 3.55914464e-21 4.82625231e-15 4.68326400e-20 2.80486413e-27 3.37404802e-19 2.10476982e-21 1.03803770e-29 3.92870733e-14 1.00000000e-40 3.53503593e-08 4.18303076e-14 1.88211046e-28 2.22543948e-07 1.02117177e-31 2.92194306e-26 9.48719239e-13 4.16831304e-25 1.00628939e-08 1.89025591e-25 6.70020521e-11 7.98567822e-01 2.20451302e-23 5.04767441e-21 1.40481385e-20 6.85936386e-23 3.17612212e-21 8.85646895e-11 1.00000000e-40 1.00000000e-40 1.00000000e-05 1.00000000e-05
3.89533339e+01 3.22400000e+03 9.20431098e+16 2.53700000e+02 3.76000000e+04 1.22324738e-26 5.43577350e-21 3.20401661e-21 2.33392867e-21 6.34360993e-37 4.42843967e-13 1.15007145e-23 1.01209300e-32 2.23610092e-11 2.04735392e-18 4.86751776e-11 5.55332602e-23 6.59427048e-29 1.72358600e-17 3.41830580e-19 1.99499215e-28 1.22411919e-10 1.30473497e-26 3.00853959e-29 2.01014267e-01 4.91543794e-18 5.16601437e-13 3.98140503e-11 1.16660428e-13 1.82071303e-21 2.52472877e-12 5.65125818e-20 4.26163142e-06 8.28328807e-30 9.83262321e-16 7.88931533e-23 3.52851164e-15 4.97476213e-26 8.14290605e-31 4.36663909e-30 1.18136565e-10 2.29738191e-08 1.08000910e-27 3.89090471e-20 8.68567666e-20 5.88606975e-16 1.44302055e-26 2.34785914e-09 1.85490719e-21 2.03263794e-38 3.19128824e-21 1.04008650e-08 3.73745247e-16 4.35276762e-06 1.28771984e-14 1.64667702e-31 9.50088682e-16 5.10259371e-33 5.64564893e-17 2.36713663e-13 1.00000000e-40 3.70442620e-13 2.47878052e-09 4.03112891e-04 2.01318585e-16 1.00000000e-40 5.49573242e-19 1.46488896e-16 9.82612506e-11 8.86616359e-23 8.36601864e-17 2.99879679e-07 1.48185001e-24 4.01539669e-19 3.23471867e-15 3.58560544e-21 1.08301259e-14 1.96427015e-21 2.00921835e-27 6.90361182e-19 1.45717269e-21 3.17841916e-35 4.20607361e-14 1.00000000e-40 2.58324983e-08 4.55282822e-15 8.16025783e-28 1.97853331e-07 3.19348083e-35 1.44089437e-25 1.01284052e-12 2.83112837e-24 1.00738580e-08 6.15185289e-25 8.13276749e-11 7.98573477e-01 1.40327995e-24 3.79967073e-21 1.25293387e-21 3.82329476e-23 1.03874480e-20 8.85492700e-11 1.00000000e-40 1.00000000e-40 1.00000000e-05 1.00000000e-05
4.08246373e+01 2.51100000e+03 7.06020923e+16 2.57600000e+02 4.55000000e+04 1.00000000e-40 3.59217379e-21 1.86821331e-22 2.37209303e-21 1.25476958e-36 1.03396798e-13 9.90164929e-24 9.01950461e-33 2.19126598e-11 1.24691403e-18 4.81108346e-11 6.95474674e-23 3.31801366e-29 9.33628254e-18 3.29851864e-19 1.73575085e-28 1.75817079e-10 6.93461451e-28 3.00789342e-29 2.01008470e-01 2.34945292e-17 5.15669473e-13 3.97496240e-11 1.29683080e-13 2.42120212e-21 1.92691434e-12 7.53233089e-20 4.36001453e-06 1.21010624e-30 1.67764273e-15 3.01484135e-22 3.63206841e-15 4.99560968e-26 2.63837739e-30 1.00000000e-40 1.18227770e-10 2.67509722e-08 2.16470320e-27 3.89877537e-20 1.27884204e-19 5.77377654e-16 1.24160692e-30 1.16575889e-09 3.01880655e-21 5.83957960e-40 1.84794301e-21 7.48912369e-09 3.24942527e-16 3.90060616e-06 5.04785441e-14 6.23981666e-35 8.97254187e-16 3.18232245e-33 2.82353520e-17 1.54820453e-13 1.00000000e-40 2.16239459e-13 5.30446355e-09 4.03094979e-04 8.43925194e-17 1.00000000e-40 5.38557550e-19 7.22383582e-17 9.83831102e-11 1.81539757e-22 4.84292414e-17 2.61913271e-07 2.91315611e-24 1.38258947e-18 3.34137168e-15 3.61392776e-21 2.55462585e-14 5.83176655e-23 1.21013726e-27 1.09977933e-18 1.03128323e-21 1.00000000e-40 3.51756365e-14 1.00000000e-40 1.89471318e-08 4.00253099e-16 3.08502055e-27 1.76810828e-07 9.40546242e-32 1.00000000e-40 8.78141338e-13 1.00000000e-40 1.02854234e-08 1.00000000e-40 1.01817851e-10 7.98579644e-01 5.10488469e-26 2.24520993e-21 8.19292110e-23 2.32010495e-23 3.40798070e-20 8.85341340e-11 1.00000000e-40 1.00000000e-40 1.00000000e-05 1.00000000e-05
4.27210602e+01 1.95600000e+03 5.43014578e+16 2.60900000e+02 5.71000000e+04 1.88885931e-38 2.17804615e-21 8.98068232e-24 2.41305404e-21 2.24736342e-36 2.06745297e-14 1.01420822e-23 6.84542258e-33 1.92842188e-11 5.53531352e-19 4.59072307e-11 6.58504666e-23 1.26721671e-29 4.87846005e-18 3.15423045e-19 1.46991052e-28 2.39574669e-10 2.44767044e-29 3.00720843e-29 2.01002152e-01 9.07978150e-17 5.14685800e-13 4.25486722e-11 1.13811826e-13 3.15266403e-21 1.50820380e-12 9.88184511e-20 4.43953097e-06 1.13606806e-31 2.82239970e-15 9.42867101e-22 3.59128132e-15 5.01783029e-26 8.59688903e-30 1.00000000e-40 1.18202757e-10 2.95022000e-08 3.88683085e-27 3.90725917e-20 1.81272801e-19 6.62577762e-16 1.26678333e-26 5.13065157e-10 3.69087372e-21 1.00000000e-40 9.54361683e-22 4.83482682e-09 2.23156629e-16 3.53312174e-06 1.87185008e-13 1.74492825e-24 6.25427087e-16 1.73674147e-33 1.37866169e-17 9.44558560e-14 1.00000000e-40 1.51909091e-13 1.13470875e-08 4.03065803e-04 2.86210614e-17 1.00000000e-40 5.29481352e-19 2.63993283e-17 9.83062100e-11 3.85641551e-22 3.02196812e-17 2.31142792e-07 8.71643784e-24 3.29365255e-18 3.45598039e-15 3.64351513e-21 5.58062497e-14 1.36906196e-24 5.98908222e-28 1.32189743e-18 7.46736290e-22 1.11342058e-38 2.27612493e-14 1.00000000e-40 1.40753469e-08 2.99615265e-17 9.66116951e-27 1.60156800e-07 8.43252133e-32 1.00000000e-40 6.06965200e-13 3.05719023e-38 1.07865072e-08 1.00000000e-40 1.29944351e-10 7.98586293e-01 1.12549827e-27 9.84434412e-22 4.25698205e-24 1.62477049e-23 1.08116593e-19 8.85193291e-11 1.00000000e-40 1.00000000e-40 1.00000000e-05 1.00000000e-05
4.46428074e+01 1.52300000e+03 4.18476635e+16 2.63600000e+02 6.88000000e+04 1.73232181e-39 1.38697336e-21 4.16299174e-25 2.45731422e-21 3.63898971e-36 3.59256359e-15 1.27230784e-23 5.37392735e-33 1.53689270e-11 2.03666653e-19 4.18875170e-11 5.05332094e-23 3.30766827e-30 2.59851795e-18 2.98856129e-19 1.20371246e-28 3.09801076e-10 7.47968775e-31 3.00647894e-29 2.00995414e-01 2.95775963e-16 5.13642623e-13 4.57045981e-11 8.51881227e-14 4.06044387e-21 1.22238391e-12 1.27506103e-19 4.50051335e-06 9.16060991e-33 4.48597905e-15 2.32876983e-21 3.40142328e-15 5.04152825e-26 2.71539424e-29 1.00000000e-40 1.18103320e-10 3.09645634e-08 6.26104491e-27 3.91641473e-20 2.46423952e-19 9.06118720e-16 4.97500007e-25 2.02277973e-10 3.66830821e-21 1.00000000e-40 5.52899164e-22 2.84448700e-09 1.31988316e-16 3.18274238e-06 6.27459103e-13 1.03757219e-23 3.48559019e-16 6.83644035e-34 7.24517075e-18 5.33557257e-14 1.00000000e-40 1.31656398e-13 2.31894067e-08 4.03025291e-04 8.46964829e-18 1.71965067e-40 5.22030363e-19 8.05275523e-18 9.80759880e-11 8.09607870e-22 2.66553672e-17 2.07073443e-07 2.01682721e-23 5.92814921e-18 3.57992003e-15 3.67403235e-21 1.10297335e-13 3.35361065e-26 2.37855711e-28 1.29679336e-18 5.58695322e-22 1.29933369e-39 1.23805994e-14 1.00000000e-40 1.06456438e-08 1.97595073e-18 2.44791919e-26 1.48250157e-07 2.35951959e-31 1.26716656e-25 3.58463679e-13 1.09912311e-22 1.17133688e-08 4.84730218e-25 1.63388822e-10 7.98593469e-01 2.05150524e-29 3.24728598e-22 2.15306966e-25 1.34689255e-23 3.16841946e-19 8.85047068e-11 1.00000000e-40 1.00000000e-40 1.00000000e-05 1.00000000e-05
4.65811827e+01 1.18600000e+03 3.23303087e+16 2.65700000e+02 8.56000000e+04 5.06195722e-26 1.02412393e-21 9.02888607e-26 2.50533755e-21 5.31763187e-36 5.69128830e-16 1.88914498e-23 4.21561878e-33 1.12038115e-11 7.36365946e-20 3.65075699e-11 3.48496145e-23 5.65214244e-31 1.48446623e-18 2.80796180e-19 9.50906300e-29 3.77943719e-10 1.05399444e-31 3.00570101e-29 2.00988203e-01 8.38381154e-16 5.12539626e-13 4.65173983e-11 6.10211667e-14 5.20669130e-21 1.03288428e-12 1.60771866e-19 4.54426488e-06 3.84712167e-33 6.44677206e-15 4.63537888e-21 3.08851500e-15 5.06648042e-26 7.89745618e-29 3.55398139e-29 1.17941706e-10 3.12717614e-08 9.01316287e-27 3.92623899e-20 3.15688001e-19 1.43498547e-15 5.80606631e-29 7.40629704e-11 3.31679023e-21 1.00000000e-40 3.00848849e-22 1.59059259e-09 7.49284109e-17 2.78045474e-06 1.80351101e-12 5.28997687e-36 1.75050131e-16 1.89131925e-34 4.37598977e-18 2.78375530e-14 1.00000000e-40 1.35268145e-13 4.30740802e-08 4.02973612e-04 2.55313770e-18 5.07397580e-40 5.15940790e-19 2.47648485e-18 9.77391236e-11 1.56603982e-21 2.86422293e-17 1.89056553e-07 3.64856296e-23 8.97551033e-18 3.71434544e-15 3.70400798e-21 1.96683098e-13 7.02200065e-27 7.74308162e-29 1.16140784e-18 4.37886474e-22 4.50261387e-27 6.42652756e-15 1.00000000e-40 8.24928615e-09 1.21862308e-19 5.07137296e-26 1.41286415e-07 7.69347424e-38 1.00000000e-40 2.01736694e-13 1.00000000e-40 1.33062525e-08 1.00000000e-40 1.96006417e-10 7.98601035e-01 2.03183073e-30 1.03560052e-22 5.92230831e-26 1.26393380e-23 8.19068914e-19 8.84902496e-11 1.00000000e-40 1.00000000e-40 1.00000000e-05 1.00000000e-05
4.85320033e+01 9.23700000e+02 2.50292999e+16 2.67300000e+02 1.04000000e+05 3.79414967e-34 8.49374359e-22 1.16762967e-25 2.55787044e-21 7.11169738e-36 8.79953597e-17 3.05816554e-23 4.03690114e-33 7.63515791e-12 2.87917069e-20 3.08903993e-11 2.31519473e-23 8.01764104e-32 9.15810670e-19 2.62091526e-19 7.29306634e-29 4.37665872e-10 9.28832777e-32 3.00487590e-29 2.00980588e-01 2.14071506e-15 5.11377995e-13 4.47119174e-11 4.42453706e-14 6.67691771e-21 9.08328373e-13 1.97987328e-19 4.57396718e-06 9.06976568e-33 8.40187095e-15 7.92857759e-21 2.71269116e-15 5.09255395e-26 2.10423001e-28 5.38390668e-36 1.17729844e-10 3.08200091e-08 1.16615408e-26 3.93670840e-20 3.81815144e-19 2.43307419e-15 3.56372493e-29 2.63499927e-11 2.91249444e-21 1.00000000e-40 2.14902939e-22 8.82014235e-10 4.30316058e-17 2.35498147e-06 4.47166295e-12 1.00000000e-40 8.70408080e-17 7.78817704e-35 3.02157406e-18 1.37760945e-14 1.00000000e-40 1.50677249e-13 7.25950542e-08 4.02911965e-04 8.50874521e-19 1.21092997e-39 5.10923707e-19 8.34859882e-19 9.73364169e-11 2.73298483e-21 3.11617251e-17 1.75891068e-07 5.48878703e-23 1.21177183e-17 3.86091336e-15 3.73468263e-21 3.18203903e-13 8.66212701e-27 2.28422016e-29 1.01288313e-18 3.59025620e-22 2.11530357e-27 3.47429058e-15 1.00000000e-40 6.57335490e-09 7.58905025e-21 9.11696604e-26 1.38753709e-07 1.31594570e-36 1.00000000e-40 1.15199315e-13 3.98522625e-33 1.59086872e-08 1.00000000e-40 2.24253561e-10 7.98609103e-01 1.25882353e-30 4.51343197e-23 9.21756454e-26 1.23482394e-23 1.87146151e-18 8.84760102e-11 1.00000000e-40 1.00000000e-40 1.00000000e-05 1.00000000e-05
5.04909981e+01 7.19400000e+02 1.94497685e+16 2.67900000e+02 1.12000000e+05 5.45681552e-26 7.75662117e-22 1.86295835e-25 2.62037825e-21 8.70244456e-36 1.38699329e-17 5.10579032e-23 4.64738522e-33 4.98856178e-12 1.22157942e-20 2.56719476e-11 1.51871963e-23 2.89041879e-32 5.98121313e-19 2.42134204e-19 5.37543029e-29 4.87944336e-10 1.11467477e-31 3.00393823e-29 2.00971798e-01 5.07123408e-15 5.10065249e-13 4.13722696e-11 3.26583063e-14 8.54750789e-21 8.22321204e-13 2.38060172e-19 4.59344465e-06 2.58426164e-32 1.01909604e-14 1.20254480e-20 2.31207136e-15 5.12167760e-26 5.24769008e-28 1.91450311e-30 1.17498243e-10 2.98151556e-08 1.37975346e-26 3.94866144e-20 4.38423112e-19 4.15311774e-15 7.50765939e-29 9.36467791e-12 2.53649005e-21 1.00000000e-40 1.82248703e-22 4.93243121e-10 2.54873964e-17 1.96637505e-06 9.85452679e-12 1.00000000e-40 4.38390095e-17 9.83275915e-35 2.31766137e-18 6.61276570e-15 1.00000000e-40 1.71328227e-13 1.13123937e-07 4.02835434e-04 3.14349057e-19 2.25638740e-39 5.06498791e-19 3.09984205e-19 9.68598872e-11 4.27469744e-21 3.28374875e-17 1.65860034e-07 7.15727921e-23 1.48494298e-17 4.03353220e-15 3.76872638e-21 4.45288705e-13 1.33529085e-26 6.70327784e-30 8.77557588e-19 3.02622913e-22 1.17567861e-26 1.98281419e-15 1.00000000e-40 5.32425418e-09 4.69911720e-22 1.45553418e-25 1.40249540e-07 2.86275689e-33 3.26392716e-28 6.74001404e-14 1.12009710e-26 2.03147179e-08 1.00519351e-27 2.47562988e-10 7.98618348e-01 1.02603524e-30 2.60155669e-23 1.72806115e-25 1.20716011e-23 3.78716695e-18 8.84610846e-11 1.00000000e-40 1.00000000e-40 1.00000000e-05 1.00000000e-05
5.24501659e+01 5.60300000e+02 1.51766506e+16 2.67400000e+02 1.12000000e+05 1.08021472e-40 7.64519296e-22 2.79010537e-25 2.70200592e-21 9.62367821e-36 2.25251552e-18 8.51181118e-23 5.89933022e-33 3.17698172e-12 5.48106502e-21 2.11425472e-11 9.94162238e-24 2.13466501e-31 4.05123976e-19 2.20068767e-19 3.73087553e-29 5.31467772e-10 1.36922731e-31 3.00278158e-29 2.00960815e-01 1.13218701e-14 5.08456194e-13 3.75437140e-11 2.43972370e-14 1.09007366e-20 7.58492863e-13 2.80016365e-19 4.60508038e-06 6.92274868e-32 1.18177892e-14 1.66106355e-20 1.91135195e-15 5.15691797e-26 1.25954966e-27 1.40418797e-30 1.17288269e-10 2.83165814e-08 1.40464804e-26 3.96343878e-20 4.83188904e-19 6.85801070e-15 1.32642779e-28 3.37012106e-12 2.21484921e-21 1.00000000e-40 1.72108090e-22 2.78434799e-10 1.56184541e-17 1.64089142e-06 2.00064471e-11 1.29798489e-23 2.22807969e-17 2.72759531e-34 1.91137831e-18 3.12241006e-15 1.00000000e-40 1.92032613e-13 1.66885915e-07 4.02734440e-04 1.25800489e-19 3.34107648e-39 5.02239675e-19 1.24097322e-19 9.62736270e-11 6.06764812e-21 3.33810440e-17 1.57670872e-07 8.38813082e-23 1.66381913e-17 4.25419578e-15 3.80901650e-21 5.29353972e-13 2.07046012e-26 2.32124771e-30 7.62904882e-19 2.60273196e-22 1.07644209e-40 1.17733652e-15 1.00000000e-40 4.31721070e-09 2.75097815e-23 2.10071740e-25 1.46099497e-07 2.80684677e-31 1.00000000e-40 4.01090756e-14 1.00000000e-40 2.81849236e-08 1.00000000e-40 2.67055049e-10 7.98629684e-01 8.40512588e-31 1.74604853e-23 3.05944332e-25 1.15956237e-23 6.89995521e-18 8.84443024e-11 1.00000000e-40 1.00000000e-40 1.00000000e-05 1.00000000e-05
5.44013552e+01 4.36300000e+02 1.19114513e+16 2.65300000e+02 1.12000000e+05 4.65511247e-29 8.46578977e-22 3.81416574e-25 2.81487262e-21 9.46328379e-36 3.80852049e-19 1.37442427e-22 8.25109036e-33 2.01947258e-12 2.55848358e-21 1.73543135e-11 6.59613125e-24 8.27596099e-30 2.80140887e-19 1.96358992e-19 2.39842037e-29 5.72454978e-10 1.75923117e-31 3.00128729e-29 2.00946338e-01 2.47625170e-14 5.06391063e-13 3.41797082e-11 1.81409157e-14 1.38521064e-20 7.10812901e-13 3.23264225e-19 4.60848214e-06 1.72108708e-31 1.34361650e-14 2.03582321e-20 1.53307228e-15 5.20155875e-26 3.01680916e-27 7.77736469e-31 1.17195100e-10 2.63143841e-08 1.26529766e-26 3.98253446e-20 5.07215361e-19 1.05562070e-14 1.78910264e-28 1.26083921e-12 1.93251533e-21 1.00000000e-40 1.81170546e-22 1.57700987e-10 1.00177104e-17 1.39389838e-06 3.81004202e-11 1.00000000e-40 1.14276340e-17 4.32988127e-33 1.68806571e-18 1.45341538e-15 1.00000000e-40 2.06350750e-13 2.35996484e-07 4.02595748e-04 5.40950540e-20 3.47606156e-39 4.98003961e-19 5.28855699e-20 9.55337659e-11 7.55796117e-21 3.27652558e-17 1.50887929e-07 8.74442942e-23 1.73854914e-17 4.54549016e-15 3.85735746e-21 4.70913909e-13 2.97332642e-26 1.29735461e-30 6.62764508e-19 2.24653369e-22 1.42139476e-29 7.30093044e-16 1.00000000e-40 3.48377346e-09 1.54076645e-24 2.68459246e-25 1.57595544e-07 1.39424248e-31 1.78932210e-24 2.42124739e-14 2.05918168e-22 4.25892025e-08 7.90542270e-24 2.84183361e-10 7.98644439e-01 6.60073629e-31 1.26749749e-23 4.91879849e-25 1.09768589e-23 1.09298547e-17 8.84249511e-11 1.00000000e-40 1.00000000e-40 1.00000000e-05 1.00000000e-05
5.63303591e+01 3.39800000e+02 9.40451426e+15 2.61700000e+02 1.12000000e+05 8.73292619e-34 9.63820715e-22 4.79339435e-25 2.96680191e-21 8.35955779e-36 6.56481572e-20 2.13471432e-22 1.23077195e-32 1.28163716e-12 1.25024336e-21 1.42826062e-11 4.51267522e-24 5.58325277e-28 1.96739012e-19 1.74087541e-19 1.44078622e-29 6.13976032e-10 2.31427957e-31 2.99941106e-29 2.00928015e-01 5.29689830e-14 5.03816319e-13 3.14227003e-11 1.34258439e-14 1.75661395e-20 6.75222043e-13 3.70907442e-19 4.60372375e-06 3.92546724e-31 1.51446462e-14 2.28245758e-20 1.20439041e-15 5.25680061e-26 7.32369973e-27 4.27048587e-31 1.17154266e-10 2.39239139e-08 1.02357417e-26 4.00646643e-20 5.14973621e-19 1.50891678e-14 1.94825437e-28 4.89940528e-13 1.70472967e-21 1.00000000e-40 2.05214767e-22 8.92927037e-11 6.65288144e-18 1.20305875e-06 6.97608086e-11 9.09462801e-33 6.02497313e-18 2.15297230e-31 1.56385995e-18 6.70659460e-16 1.00000000e-40 2.12111705e-13 3.25022387e-07 4.02411631e-04 2.45816993e-20 2.76568791e-39 4.93818340e-19 2.35023652e-20 9.46288208e-11 8.53107091e-21 3.12345976e-17 1.45235612e-07 8.40468503e-23 1.73085287e-17 4.91094392e-15 3.91872247e-21 3.31971861e-13 3.90302305e-26 1.09043847e-30 5.81605552e-19 1.96413297e-22 4.28645245e-34 4.77621791e-16 1.00000000e-40 2.80549969e-09 8.87064898e-26 3.11531225e-25 1.75312966e-07 2.70918420e-36 4.38075190e-32 1.48149681e-14 5.98320886e-31 6.77511185e-08 9.93747308e-32 3.00384603e-10 7.98663039e-01 4.92365561e-31 9.51269875e-24 7.22432634e-25 1.02009989e-23 1.55727652e-17 8.84033347e-11 1.00000000e-40 1.00000000e-40 1.00000000e-05 1.00000000e-05
5.82259032e+01 2.64700000e+02 7.47160676e+15 2.56600000e+02 1.12000000e+05 1.00000000e-40 9.68491728e-22 5.60949163e-25 3.16874572e-21 6.65631478e-36 1.14409105e-20 3.20234661e-22 1.93668502e-32 8.12527545e-13 6.41513820e-22 1.18258369e-11 3.22792205e-24 6.08830257e-26 1.39773217e-19 1.54530693e-19 8.13348090e-30 6.58121128e-10 3.15966799e-31 2.99708286e-29 2.00905205e-01 1.10763259e-13 5.00644368e-13 2.93007371e-11 9.88613437e-15 2.22277294e-20 6.48920081e-13 4.26542936e-19 4.59039882e-06 8.25026605e-31 1.70219694e-14 2.35463613e-20 9.31741260e-16 5.32465471e-26 1.81543394e-26 2.49139173e-31 1.17088018e-10 2.12378065e-08 5.06062741e-27 4.03607160e-20 5.08632173e-19 2.01835856e-14 1.73387372e-28 1.97337919e-13 1.53300234e-21 1.00000000e-40 2.47200173e-22 5.04224514e-11 4.56013595e-18 1.05490794e-06 1.24128634e-10 1.30967903e-28 3.29364323e-18 1.62425626e-29 1.50675318e-18 3.06900083e-16 1.00000000e-40 2.10716994e-13 4.38855529e-07 4.02169862e-04 1.17054988e-20 1.70483761e-39 4.89693136e-19 1.08096306e-20 9.35303194e-11 8.78074623e-21 2.89537001e-17 1.40462350e-07 7.56691540e-23 1.66409176e-17 5.35049704e-15 3.99489266e-21 1.87278131e-13 4.68538931e-26 1.12511291e-30 5.19183082e-19 1.74387019e-22 1.00000000e-40 3.31649169e-16 1.00000000e-40 2.25923849e-09 9.53181964e-27 3.32420779e-25 2.00267564e-07 5.74223620e-34 6.12945271e-36 9.17277933e-15 2.68206624e-35 1.10308962e-07 1.00734484e-35 3.16522036e-10 7.98686026e-01 3.51654582e-31 7.23751132e-24 9.80523378e-25 9.42616722e-24 2.00898611e-17 8.83795001e-11 1.00000000e-40 1.00000000e-40 1.00000000e-05 1.00000000e-05
6.00847500e+01 2.06100000e+02 5.95443248e+15 2.50700000e+02 1.12000000e+05 1.00000000e-40 7.31803152e-22 6.21585471e-25 3.43483656e-21 4.78151245e-36 2.05348186e-21 4.68977305e-22 3.14591696e-32 5.09775319e-13 3.46831862e-22 9.87524548e-12 2.44643342e-24 1.05912822e-23 1.00301287e-19 1.37469861e-19 4.32890575e-30 7.06466411e-10 4.44534431e-31 2.99421085e-29 2.00877058e-01 2.23002999e-13 4.96763239e-13 2.76528212e-11 7.28409703e-15 2.80661187e-20 6.29513863e-13 4.95994127e-19 4.56793199e-06 1.59385056e-30 1.90947033e-14 2.28529072e-20 7.12959672e-16 5.40775609e-26 4.57450299e-26 1.49761390e-31 1.16932733e-10 1.83690377e-08 5.05869341e-27 4.07242694e-20 4.95415873e-19 2.56456820e-14 1.33598661e-28 8.13292411e-14 1.42504064e-21 1.00000000e-40 3.08979434e-22 2.83338471e-11 3.19666969e-18 9.34255499e-07 2.17487255e-10 2.36253579e-39 1.88112632e-18 1.87739423e-27 1.48814995e-18 1.39123188e-16 1.00000000e-40 2.05148224e-13 5.85409842e-07 4.01853534e-04 5.77865778e-21 8.77181154e-40 4.85610024e-19 5.09747857e-21 9.21978254e-11 8.45393269e-21 2.61148047e-17 1.36295463e-07 6.57239001e-23 1.54693892e-17 5.85739597e-15 4.09255730e-21 8.98527485e-14 5.25323334e-26 1.28125230e-30 4.77202971e-19 1.58488192e-22 1.00000000e-40 2.44351231e-16 1.00000000e-40 1.82132920e-09 3.62817333e-26 3.36509840e-25 2.33770612e-07 7.77620277e-31 3.85711731e-24 5.73454140e-15 5.24777262e-22 1.80051024e-07 1.94118949e-23 3.33330367e-10 7.98714449e-01 2.43493801e-31 2.16086639e-25 1.25513584e-24 8.71185748e-24 2.40978263e-17 8.83532355e-11 1.00000000e-40 1.00000000e-40 1.00000000e-05 1.00000000e-05
6.18980414e+01 1.60500000e+02 4.75458801e+15 2.44500000e+02 1.12000000e+05 1.72096165e-27 4.18393420e-22 6.59471167e-25 3.78437274e-21 3.08481831e-36 3.50130020e-22 6.73253192e-22 5.20211383e-32 3.15726375e-13 1.97889222e-22 8.34510769e-12 1.98341383e-24 6.18314971e-38 7.26556086e-20 1.22681106e-19 2.17635613e-30 7.60851538e-10 6.49704395e-31 2.99065985e-29 2.00842093e-01 4.27716269e-13 4.92007671e-13 2.64360531e-11 5.39711365e-15 3.52786039e-20 6.15330202e-13 5.86947361e-19 4.53504075e-06 2.82417004e-30 2.14019318e-14 2.09597902e-20 5.42068783e-16 5.50977790e-26 1.14486070e-25 8.51669838e-32 1.16670953e-10 1.54439717e-08 1.82216293e-26 4.11710671e-20 4.79627382e-19 3.12236521e-14 9.16439357e-29 3.42275475e-14 1.38371058e-21 1.00000000e-40 3.95123270e-22 1.58829610e-11 2.28736278e-18 8.34592130e-07 3.77252315e-10 1.83746118e-23 1.12841376e-18 1.72481325e-38 1.49336632e-18 6.26731823e-17 1.00000000e-40 1.97899211e-13 7.73844275e-07 4.01436154e-04 2.94803690e-21 3.86001406e-40 4.81550629e-19 2.46443894e-21 9.05692552e-11 7.67294203e-21 2.29098860e-17 1.32497350e-07 5.60149175e-23 1.39749975e-17 6.41156108e-15 4.21873195e-21 3.81854423e-14 5.55753990e-26 1.71960542e-30 4.55129604e-19 1.47863841e-22 4.50977018e-28 1.90761075e-16 1.00000000e-40 1.47257936e-09 2.03909827e-38 3.19590155e-25 2.77407509e-07 6.57587305e-31 2.65216121e-38 3.62393067e-15 5.62976869e-38 2.89933881e-07 3.42153000e-38 3.51505001e-10 7.98749592e-01 1.65525932e-31 1.26591875e-26 1.53284237e-24 8.13248199e-24 2.70104966e-17 8.83240569e-11 1.00000000e-40 1.00000000e-40 1.00000000e-05 1.00000000e-05
6.36638455e+01 1.25000000e+02 3.80568018e+15 2.37900000e+02 1.12000000e+05 3.75097816e-31 2.10878236e-22 6.76862280e-25 4.23709883e-21 1.80492273e-36 2.98814481e-22 9.49793518e-22 8.74591674e-32 1.93196141e-13 1.18175728e-22 7.15007000e-12 1.69727226e-24 1.00000000e-40 5.29966327e-20 1.09867263e-19 1.03672872e-30 8.23606859e-10 9.97003855e-31 2.98630364e-29 2.00799179e-01 7.84091946e-13 4.86236045e-13 2.56432684e-11 4.03330970e-15 4.43161718e-20 6.04711407e-13 7.27010340e-19 4.49072134e-06 4.63732837e-30 2.40106410e-14 1.81542508e-20 4.11011911e-16 5.63437495e-26 2.65219152e-25 4.42760612e-32 1.16310518e-10 1.26324433e-08 9.75026030e-25 4.17152963e-20 4.64278968e-19 3.67246936e-14 5.44545538e-29 1.47208302e-14 1.41068275e-21 1.00000000e-40 5.15917078e-22 8.91100419e-12 1.66590107e-18 7.51590293e-07 6.51535011e-10 1.00000000e-40 7.07046096e-19 1.00000000e-40 1.51981321e-18 2.81451415e-17 1.00000000e-40 1.90477925e-13 1.01700337e-06 4.00889454e-04 1.54698736e-21 1.47483345e-40 4.77470052e-19 1.21938480e-21 8.85881545e-11 6.61482098e-21 1.95978393e-17 1.28820977e-07 4.71193295e-23 1.24369362e-17 6.98236933e-15 4.38669030e-21 1.48446122e-14 5.59563834e-26 4.53448112e-30 4.51396338e-19 1.41241033e-22 1.37630419e-31 1.56188571e-16 1.00000000e-40 1.19506339e-09 1.00000000e-40 2.94974984e-25 3.32806022e-07 1.00000000e-40 1.59093606e-24 2.31374505e-15 2.40174317e-22 4.57340531e-07 9.20707032e-24 3.71842819e-10 7.98792743e-01 1.11580612e-31 1.36491490e-23 1.80442906e-24 7.72015840e-24 2.82982492e-17 8.82913709e-11 1.00000000e-40 1.00000000e-40 1.00000000e-05 1.00000000e-05
6.53779467e+01 9.74000000e+01 3.05000142e+15 2.31300000e+02 1.12000000e+05 1.00000000e-40 1.05033793e-22 6.78527289e-25 4.81664925e-21 1.02157600e-36 1.04572965e-22 1.32101669e-21 1.71551070e-31 1.16368868e-13 7.36465701e-23 6.19523660e-12 1.51547768e-24 2.66462211e-23 3.89886823e-20 9.87718997e-20 4.68425412e-31 8.96473141e-10 1.55967625e-30 2.98101614e-29 2.00747007e-01 1.36661459e-12 4.79315597e-13 2.51513255e-11 3.05136667e-15 6.37211782e-20 5.96534794e-13 1.60780819e-18 4.43384193e-06 7.07560465e-30 2.69098242e-14 1.51061230e-20 3.12330657e-16 5.78537258e-26 5.47824480e-25 2.22436576e-32 1.15854469e-10 1.00901295e-08 4.01927157e-23 4.23713918e-20 4.53582497e-19 4.20576652e-14 2.79093214e-29 6.44329417e-15 1.65967855e-21 1.00000000e-40 7.87897830e-22 5.02833267e-12 1.21753878e-18 6.78671425e-07 1.12853154e-09 8.17609020e-23 4.62237589e-19 9.82659799e-28 1.77904438e-18 1.26789980e-17 1.00000000e-40 1.83392577e-13 1.33469465e-06 4.00182087e-04 8.29853910e-22 1.00000000e-40 4.73323236e-19 6.12630793e-22 8.61995529e-11 5.64395947e-21 1.64349073e-17 1.25078054e-07 3.97328767e-23 1.09754108e-17 7.53821590e-15 4.59087154e-21 5.62890303e-15 5.47499840e-26 3.15495319e-29 5.10201911e-19 1.38363270e-22 1.00000000e-40 1.32692979e-16 1.00000000e-40 9.74414323e-10 2.96801154e-35 2.70002393e-25 4.01909858e-07 3.37214551e-30 2.51155905e-24 1.49327034e-15 3.78630039e-22 7.04840749e-07 1.59259859e-23 3.95000240e-10 7.98845069e-01 7.47148090e-32 1.01292318e-23 2.07309514e-24 7.39783982e-24 2.82918784e-17 8.82544772e-11 1.00000000e-40 1.00000000e-40 1.00000000e-05 1.00000000e-05
6.70532089e+01 7.58000000e+01 2.44007629e+15 2.25000000e+02 1.12000000e+05 9.53727391e-26 5.48716090e-23 6.70207959e-25 5.56009546e-21 1.33098261e-36 2.61077915e-24 1.82046972e-21 7.58251151e-31 6.87751700e-14 4.76530602e-23 5.40244521e-12 1.39673813e-24 1.00000000e-40 2.89164238e-20 8.90698405e-20 1.98116720e-31 9.82568424e-10 2.43431591e-30 2.97455953e-29 2.00683276e-01 2.28039195e-12 4.70988094e-13 2.48848336e-11 2.33316895e-15 2.03421074e-19 5.89985053e-13 1.62304680e-17 4.36190998e-06 1.01592626e-29 3.00973098e-14 1.21750216e-20 2.39165392e-16 5.96909078e-26 1.69968803e-24 1.12440477e-32 1.15290508e-10 7.90068324e-09 7.99282092e-22 4.31671240e-20 4.49197928e-19 4.72039318e-14 1.65330603e-29 2.84501995e-15 4.05756017e-21 1.00000000e-40 2.70839144e-21 2.85756335e-12 8.77682103e-19 6.11397913e-07 1.97917038e-09 3.89494570e-38 3.14566575e-19 1.00000000e-40 4.60112741e-18 5.73234077e-18 1.00000000e-40 1.76693937e-13 1.75757280e-06 3.99262928e-04 4.50152806e-22 1.00000000e-40 4.69010589e-19 3.08654826e-22 8.33003620e-11 5.17374217e-21 1.35929126e-17 1.21062069e-07 3.41584831e-23 9.69316909e-18 8.05538960e-15 4.74364890e-21 2.21060562e-15 5.28859756e-26 3.48438464e-28 1.17898115e-18 1.39027147e-22 1.86184021e-26 1.15715016e-16 1.00000000e-40 7.97314675e-10 1.00000000e-40 2.25084457e-25 4.88040104e-07 2.85609778e-39 3.75747665e-27 9.73346345e-16 2.65922384e-25 1.06490857e-06 1.82094261e-26 4.22098083e-10 7.98909039e-01 4.95153474e-32 4.90076708e-38 2.34902373e-24 7.11183438e-24 2.72963325e-17 8.82119884e-11 1.00000000e-40 1.00000000e-40 1.00000000e-05 1.00000000e-05
6.86734030e+01 5.91000000e+01 1.94926939e+15 2.19600000e+02 1.12000000e+05 1.23256611e-25 3.44503382e-23 6.61456267e-25 6.50698785e-21 2.41569835e-35 3.95617179e-26 2.48454939e-21 6.88191561e-30 4.02634543e-14 3.31192884e-23 4.77111357e-12 1.33543287e-24 1.00000000e-40 2.18559977e-20 8.06563032e-20 7.78437225e-32 1.08548931e-09 3.67975295e-30 2.96672380e-29 2.00605749e-01 3.64233298e-12 4.61056089e-13 2.48498459e-11 1.82953095e-15 1.47574398e-18 5.84576905e-13 2.12064938e-16 4.27256678e-06 1.39060715e-29 3.33621029e-14 9.72919933e-21 1.88348078e-16 6.19173676e-26 9.13397763e-24 6.22953756e-33 1.14604709e-10 6.14317773e-09 8.62988871e-21 4.41263514e-20 4.58261190e-19 5.21173215e-14 9.50834531e-30 1.27855332e-15 2.72822318e-20 1.00000000e-40 1.91169320e-20 1.66321185e-12 6.19507187e-19 5.45393057e-07 3.51561727e-09 1.19990755e-23 2.31029131e-19 1.00000000e-40 2.64413475e-17 2.65406816e-18 1.00000000e-40 1.70366987e-13 2.31829018e-06 3.98076714e-04 2.49506210e-22 1.00000000e-40 4.64483505e-19 1.57558310e-22 7.97984496e-11 6.60668534e-21 1.12741472e-17 1.16619356e-07 3.25176818e-23 8.70855153e-18 8.50716047e-15 5.03604381e-21 9.90645564e-16 5.16995133e-26 4.13371820e-27 7.34955592e-18 1.43600326e-22 2.40418041e-26 1.02796044e-16 1.00000000e-40 6.56132937e-10 1.00000000e-40 1.90380178e-25 5.93727608e-07 7.42219413e-31 1.84877296e-26 6.51774211e-16 2.18884491e-24 1.57221958e-06 1.15816970e-25 4.54992942e-10 7.98986742e-01 3.29490156e-32 2.53542391e-23 2.65530279e-24 6.79684904e-24 2.59340444e-17 8.81628036e-11 1.00000000e-40 1.00000000e-40 1.00000000e-05 1.00000000e-05
7.02692158e+01 4.60000000e+01 1.54749951e+15 2.15300000e+02 1.12000000e+05 5.63458311e-30 3.43185610e-23 6.72130137e-25 7.74230444e-21 4.77686905e-34 5.58810458e-36 3.37425560e-21 5.12691070e-29 2.36165398e-14 2.95765147e-23 4.56289285e-12 1.35598895e-24 1.10993853e-34 1.71710319e-20 7.31875006e-20 2.70572212e-32 1.22240113e-09 5.90944988e-30 2.95696000e-29 2.00508980e-01 5.75957174e-12 4.48937231e-13 2.55575496e-11 1.59114540e-15 9.20609775e-18 5.79780958e-13 1.82088357e-15 4.15940687e-06 1.92072119e-29 3.61733487e-14 7.99178624e-21 1.58811527e-16 6.46822078e-26 4.21015878e-23 4.13795173e-33 1.13752215e-10 4.81722602e-09 5.83318381e-20 4.53134316e-20 5.21883013e-19 5.66902840e-14 5.30079344e-30 5.91931140e-16 1.83652528e-19 1.00000000e-40 1.09550734e-19 1.01369170e-12 4.49865968e-19 4.72321140e-07 6.44008942e-09 5.33190705e-23 2.18187413e-19 3.32000347e-33 1.27503952e-16 1.27792045e-18 1.00000000e-40 1.64387779e-13 3.05592412e-06 3.96505165e-04 1.47714223e-22 1.00000000e-40 4.59525746e-19 8.74102461e-23 7.54503340e-11 1.44556056e-20 9.67731891e-18 1.11423296e-07 4.50484244e-23 8.20236457e-18 8.88979010e-15 5.35391423e-21 5.40629987e-16 5.28375985e-26 4.47001957e-26 4.47632024e-17 1.53261750e-22 1.83381089e-30 9.19877183e-17 1.00000000e-40 5.40858845e-10 1.58566784e-28 1.74691243e-25 7.25447935e-07 5.37814158e-30 1.25664042e-35 4.64455260e-16 6.09471251e-35 2.28856335e-06 2.30148583e-35 5.02234610e-10 7.99083687e-01 2.39592359e-32 8.07868141e-23 3.05728745e-24 6.43994078e-24 2.47951768e-17 8.81038689e-11 1.00000000e-40 1.00000000e-40 1.00000000e-05 1.00000000e-05
7.18392602e+01 3.58000000e+01 1.22080200e+15 2.12400000e+02 1.12000000e+05 1.00000000e-40 5.27191672e-23 7.34147214e-25 9.36113808e-21 5.45677705e-33 1.00000000e-40 4.52086494e-21 2.81730767e-28 1.45430470e-14 4.39271145e-23 5.49804567e-12 1.50690200e-24 3.22271757e-31 1.46101522e-20 6.65128545e-20 8.01365035e-33 1.42916640e-09 1.14677297e-29 2.94488315e-29 2.00388995e-01 9.44544605e-12 4.34332763e-13 2.83360968e-11 1.81925210e-15 4.10708540e-17 5.75291478e-13 1.02527241e-14 4.01817919e-06 2.91315473e-29 3.75044119e-14 7.11104700e-21 1.53050106e-16 6.78356449e-26 1.58691950e-22 3.52060081e-33 1.12702799e-10 3.92509366e-09 2.71934436e-19 4.67740397e-20 7.69326644e-19 6.02109131e-14 1.32311366e-30 3.03591867e-16 9.32809241e-19 1.00000000e-40 4.55373725e-19 6.87874674e-13 3.92704681e-19 3.88066903e-07 1.22291971e-08 5.71373507e-23 3.32389333e-19 6.34383001e-33 4.35528709e-16 6.74845454e-19 1.00000000e-40 1.59411065e-13 3.94928488e-06 3.94448106e-04 1.05146150e-22 1.00000000e-40 4.54012179e-19 6.35391031e-23 7.01379642e-11 3.79242336e-20 9.08940967e-18 1.05285281e-07 1.00693642e-22 8.37906614e-18 9.19875164e-15 5.69932905e-21 3.64070568e-16 5.79840277e-26 3.65111972e-25 2.00457519e-16 1.69717977e-22 1.00000000e-40 8.22395535e-17 1.00000000e-40 4.46211961e-10 3.23552527e-28 1.59074467e-25 8.88932443e-07 4.46535350e-29 2.67812923e-32 3.76284917e-16 4.03304994e-31 3.29140608e-06 7.84707747e-32 5.82144822e-10 7.99203848e-01 2.32104479e-32 1.84504402e-22 3.65406514e-24 6.16025013e-24 2.41905210e-17 8.80332216e-11 1.00000000e-40 1.00000000e-40 1.00000000e-05 1.00000000e-05
7.33828213e+01 2.79000000e+01 9.60450938e+14 2.10400000e+02 1.12000000e+05 2.03699298e-37 9.56798147e-23 8.80523764e-25 1.15009090e-20 3.76613882e-32 1.00000000e-40 5.90551539e-21 1.25042910e-27 9.97687999e-15 9.66119339e-23 8.69549068e-12 1.82576878e-24 8.32446509e-31 1.37851937e-20 6.05231314e-20 1.96336994e-33 1.75846935e-09 2.47945792e-29 2.92996924e-29 2.00240458e-01 1.66800488e-11 4.16863749e-13 3.51062322e-11 2.85545093e-15 1.36058284e-16 5.70934301e-13 3.87127388e-14 3.84335301e-06 5.13635439e-29 3.67218438e-14 6.95528446e-21 1.76731070e-16 7.15249585e-26 4.96958575e-22 3.65929561e-33 1.11414767e-10 3.44229295e-09 9.30639379e-19 4.85583424e-20 1.49066936e-18 6.17408594e-14 1.01493426e-30 1.88623573e-16 3.62300865e-18 1.00000000e-40 1.49233510e-18 5.54371541e-13 4.35574402e-19 2.99685888e-07 2.40070899e-08 3.91851026e-24 7.10223425e-19 9.62399909e-33 1.11426328e-15 4.13693882e-19 1.00000000e-40 1.56269643e-13 4.92078049e-06 3.91763852e-04 9.65615656e-23 1.00000000e-40 4.47789114e-19 6.47889660e-23 6.37792701e-11 9.51728634e-20 9.84015322e-18 9.80354273e-08 2.74241772e-22 9.46565567e-18 9.41594649e-15 5.97762210e-21 2.91048536e-16 6.78873783e-26 2.09306799e-24 6.68167762e-16 1.94579651e-22 1.68087139e-37 7.29492697e-17 1.00000000e-40 3.68087164e-10 3.65422837e-28 1.22715226e-25 1.08999748e-06 3.22163564e-28 4.31708289e-37 3.60195983e-16 1.40101147e-36 4.68280364e-06 6.93763139e-37 7.20900575e-10 7.99352706e-01 3.21859324e-32 3.55725721e-22 4.54576074e-24 6.13353945e-24 2.36814164e-17 8.79484033e-11 1.00000000e-40 1.00000000e-40 1.00000000e-05 1.00000000e-05
7.49258425e+01 2.17000000e+01 7.52381332e+14 2.08900000e+02 1.12000000e+05 9.47056315e-25 1.71196246e-22 1.12375113e-24 1.43832616e-20 1.71562878e-31 1.00000000e-40 7.57950090e-21 4.78146938e-27 7.74720981e-15 2.26947170e-22 1.53283913e-11 2.34276373e-24 1.66254785e-30 1.39520070e-20 5.50493047e-20 4.74068190e-34 2.25112098e-09 5.00879571e-29 2.91125678e-29 2.00053466e-01 3.15696315e-11 3.95801861e-13 4.72112346e-11 5.12202013e-15 3.58207237e-16 5.66531589e-13 1.03708466e-13 3.62569880e-06 1.01984891e-28 3.44042974e-14 7.24338493e-21 2.41066406e-16 7.61152284e-26 1.33231327e-21 4.32379417e-33 1.09810256e-10 3.33616871e-09 2.51205364e-18 5.07121831e-20 3.20968660e-18 6.15779056e-14 6.39067573e-30 1.41699943e-16 1.14596184e-17 1.00000000e-40 4.05591364e-18 5.29472766e-13 5.18811008e-19 2.19823737e-07 4.87733401e-08 8.39261968e-24 1.56707626e-18 1.18844135e-32 2.24945275e-15 2.94731842e-19 1.00000000e-40 1.54542139e-13 6.00234580e-06 3.88204136e-04 1.03806985e-22 1.49397302e-40 4.40558201e-19 7.62117994e-23 5.63027757e-11 2.24084295e-19 1.24004097e-17 8.94605432e-08 7.18221554e-22 1.16519483e-17 9.52100063e-15 6.32619692e-21 2.60572251e-16 8.30109127e-26 8.46426675e-24 1.76051987e-15 2.29153599e-22 1.80308406e-25 6.36483131e-17 1.00000000e-40 3.02269356e-10 3.92739722e-28 1.87874714e-25 1.33755118e-06 1.96732463e-27 1.00000000e-40 3.89867467e-16 1.00000000e-40 6.63841497e-06 1.00000000e-40 9.38569561e-10 7.99540338e-01 5.21648566e-32 5.44775699e-22 5.81705442e-24 6.30892204e-24 2.30925720e-17 8.78448875e-11 1.00000000e-40 1.00000000e-40 1.00000000e-05 1.00000000e-05
7.64509011e+01 1.69000000e+01 5.89341366e+14 2.07700000e+02 1.12000000e+05 5.02247434e-25 2.67044054e-22 1.40795917e-24 1.80775578e-20 5.14727485e-31 1.00000000e-40 9.70544324e-21 1.46837812e-26 6.61374425e-15 4.39613640e-22 2.48670423e-11 2.99059726e-24 2.70123067e-30 1.39688531e-20 5.00979615e-20 4.08015671e-34 2.87341936e-09 8.37087674e-29 2.88768736e-29 1.99816716e-01 6.05570988e-11 3.70572832e-13 6.27000835e-11 8.40423566e-15 7.56347707e-16 5.62054974e-13 2.03739509e-13 3.35723760e-06 2.02173197e-28 3.19922264e-14 7.46256530e-21 3.57978182e-16 8.16015161e-26 3.00429919e-21 5.35631844e-33 1.07803504e-10 3.58258180e-09 5.45908569e-18 5.30530308e-20 6.42307797e-18 6.12617298e-14 3.56345529e-30 1.15414904e-16 2.99152551e-17 1.00000000e-40 8.52687426e-18 5.50368805e-13 5.41914398e-19 1.58966343e-07 1.00328895e-07 2.32706534e-23 2.89338292e-18 1.25287895e-32 3.48278512e-15 2.30186802e-19 1.00000000e-40 1.52585126e-13 7.42420095e-06 3.83430814e-04 1.07464400e-22 3.31492366e-40 4.32065553e-19 8.04454634e-23 4.79005167e-11 4.80627709e-19 1.72933087e-17 7.95829005e-08 1.57181047e-21 1.44454982e-17 9.48675135e-15 6.75168874e-21 2.49244665e-16 1.02426201e-25 2.22167097e-23 3.72442181e-15 2.72759021e-22 8.67354716e-26 5.42649873e-17 1.00000000e-40 2.47247861e-10 4.19770693e-28 1.36563902e-25 1.62912843e-06 7.73361223e-27 1.00000000e-40 4.25607720e-16 1.39001820e-26 9.34722776e-06 1.00000000e-40 1.21822759e-09 7.99777707e-01 7.48598032e-32 6.55790691e-22 7.43578829e-24 6.41036567e-24 2.24158511e-17 8.77186589e-11 1.00000000e-40 1.00000000e-40 1.00000000e-05 1.00000000e-05
7.79510212e+01 1.32000000e+01 4.62093817e+14 2.06900000e+02 1.12000000e+05 2.38319924e-32 3.36734301e-22 1.63606756e-24 2.21812075e-20 1.09802382e-30 4.27033895e-33 1.25996225e-20 3.42719636e-26 5.72557132e-15 6.41367267e-22 3.50757630e-11 3.63166816e-24 3.81229524e-30 1.30041045e-20 4.56294165e-20 6.11502997e-34 3.53771968e-09 1.15548498e-28 2.85868723e-29 1.99523178e-01 1.13605302e-10 3.41427679e-13 7.64796132e-11 1.16620101e-14 1.32282410e-15 5.57465016e-13 3.24203242e-13 3.04104287e-06 3.69513972e-28 3.03949890e-14 7.27610968e-21 5.24995598e-16 8.72112183e-26 5.87601355e-21 6.71625589e-33 1.05340262e-10 4.04967205e-09 1.00253807e-17 5.50850430e-20 1.14255873e-17 6.22244329e-14 3.68843419e-35 8.76004563e-17 6.69325604e-17 1.00000000e-40 1.32997823e-17 5.49821976e-13 4.60420008e-19 1.16125338e-07 2.06491265e-07 4.70036648e-23 4.22306466e-18 1.23116612e-32 4.14751739e-15 1.77647396e-19 1.00000000e-40 1.48898204e-13 9.58097399e-06 3.77190754e-04 9.56719512e-23 6.65172257e-40 4.22197905e-19 6.85874669e-23 3.92346040e-11 9.13219397e-19 2.43915885e-17 6.89275341e-08 2.78025570e-21 1.64585000e-17 9.31325397e-15 7.21164584e-21 2.43196181e-16 1.25537427e-25 3.70149770e-23 6.62395289e-15 3.24868194e-22 8.83442774e-33 4.50643017e-17 1.00000000e-40 2.01479293e-10 4.53989367e-28 4.20315906e-25 1.95351712e-06 2.05619650e-26 1.12751757e-24 4.26550345e-16 2.09655698e-22 1.30576407e-05 9.08942495e-24 1.51628171e-09 8.00071495e-01 8.44729780e-32 6.09300060e-22 9.34898398e-24 6.17333615e-24 2.18624960e-17 8.75686227e-11 1.00000000e-40 1.00000000e-40 1.00000000e-05 1.00000000e-05
7.94508921e+01 1.03000000e+01 3.62148526e+14 2.06000000e+02 1.12000000e+05 1.00000000e-40 3.45524011e-22 1.67141150e-24 2.56129582e-20 1.57310105e-30 9.46003689e-29 1.68185093e-20 5.72857664e-26 4.68091427e-15 6.63206642e-22 4.30322901e-11 3.99082932e-24 1.94795344e-29 1.05952759e-20 4.15148143e-20 5.61608234e-34 4.11580879e-09 1.34801602e-28 2.82271724e-29 1.99155417e-01 2.12836625e-10 3.08019289e-13 8.07228581e-11 1.33752795e-14 1.93490325e-15 5.52596512e-13 4.50864513e-13 2.67282333e-06 6.06675735e-28 3.04859290e-14 6.31413747e-21 7.15222542e-16 9.14070320e-26 9.45787912e-21 7.70999152e-33 1.02236247e-10 4.57389939e-09 1.60643291e-17 5.62696529e-20 1.82377670e-17 6.54596150e-14 5.67340589e-34 5.47128916e-17 1.31598011e-16 1.00000000e-40 1.46166309e-17 4.75265447e-13 3.09749821e-19 8.76888525e-08 4.28786301e-07 6.28208561e-23 4.69021601e-18 9.27891467e-33 3.72385298e-15 1.23323819e-19 1.00000000e-40 1.42328812e-13 1.33156277e-05 3.68983958e-04 7.05329426e-23 1.09553781e-39 4.10562373e-19 4.49080551e-23 3.07792720e-11 1.53599852e-18 3.21782508e-17 5.78496079e-08 3.88259013e-21 1.65395852e-17 8.92841980e-15 7.62191820e-21 2.33720277e-16 1.48562538e-25 3.66952611e-23 1.02028710e-14 3.86243486e-22 1.00000000e-40 3.61886295e-17 1.00000000e-40 1.62897942e-10 5.00500024e-28 2.22322461e-25 2.29010257e-06 3.76917934e-26 1.00000000e-40 3.74270160e-16 1.00000000e-40 1.81726822e-05 1.00000000e-40 1.76511256e-09 8.00438317e-01 7.09442327e-32 4.26914625e-22 1.13867669e-23 5.51569415e-24 2.08795017e-17 8.73898672e-11 1.00000000e-40 1.00000000e-40 1.00000000e-05 1.00000000e-05
8.09773905e+01 7.99000000e+00 2.82989410e+14 2.04500000e+02 1.12000000e+05 1.09367310e-25 2.07115719e-22 1.16121644e-24 2.64360051e-20 1.12907289e-30 4.26108179e-39 2.47203081e-20 4.64357106e-26 2.96877230e-15 3.12123618e-22 4.36772721e-11 3.38207083e-24 6.09500780e-30 5.55862080e-21 3.76432420e-20 1.49125537e-34 3.94653704e-09 1.34567530e-28 2.77744262e-29 1.98684435e-01 4.50017217e-10 2.69979625e-13 5.57719323e-11 1.09324237e-14 2.12008745e-15 5.47197112e-13 5.73609831e-13 2.24530447e-06 7.82992803e-28 3.75258114e-14 3.77243507e-21 8.49310606e-16 9.25881942e-26 1.05595204e-20 6.47038896e-33 9.80629577e-11 4.85681256e-09 2.24773498e-17 5.62447476e-20 2.69682974e-17 7.72645119e-14 7.29706369e-31 1.94350132e-17 2.27853255e-16 1.00000000e-40 7.70094234e-18 2.58846026e-13 1.44531943e-19 8.00358677e-08 8.93058627e-07 4.48877187e-23 3.08705539e-18 5.64077425e-33 1.92571635e-15 6.10904822e-20 1.00000000e-40 1.26327271e-13 2.34325215e-05 3.58073048e-04 4.26504433e-23 1.16130547e-39 3.96606325e-19 1.66070636e-23 2.29916800e-11 2.21604743e-18 3.14751677e-17 4.67382622e-08 3.53624037e-21 1.42344841e-17 8.20626831e-15 7.86426091e-21 2.14726187e-16 1.52352502e-25 1.40010227e-23 1.38626247e-14 4.49046864e-22 2.37108055e-26 2.78428283e-17 1.00000000e-40 1.30108761e-10 5.77589482e-28 1.00000000e-40 2.59223203e-06 3.74154465e-26 1.00000000e-40 2.75515907e-16 1.00000000e-40 2.52699315e-05 1.00000000e-40 1.62558732e-09 8.00902612e-01 3.02207271e-32 1.75179476e-22 1.22315118e-23 3.80648193e-24 1.90215616e-17 8.71755671e-11 1.00000000e-40 1.00000000e-40 1.00000000e-05 1.00000000e-05
8.24690890e+01 6.22000000e+00 2.22695386e+14 2.02300000e+02 1.12000000e+05 2.16610871e-26 4.62167226e-23 3.46000866e-25 2.34101300e-20 2.47454079e-31 6.23121505e-38 4.09588528e-20 9.77328640e-27 1.16328602e-15 3.34890930e-23 3.17741071e-11 1.81324379e-24 7.34345739e-30 1.28311633e-21 3.41370403e-20 6.16735211e-36 2.57688668e-09 1.22467150e-28 2.72267443e-29 1.98090407e-01 1.82362812e-09 2.29417161e-13 1.71275738e-11 5.29438082e-15 1.36384318e-15 5.41167768e-13 6.56481965e-13 1.79206663e-06 8.67629912e-28 6.85876041e-14 1.32345587e-21 8.08909584e-16 9.12807666e-26 6.01250671e-21 2.73607878e-33 9.20848901e-11 4.54200282e-09 2.50631159e-17 5.52947207e-20 3.83532836e-17 1.05294721e-13 2.27901165e-31 2.71129399e-18 3.21154505e-16 1.00000000e-40 1.06986366e-18 6.06849186e-14 4.16611234e-20 1.14556599e-07 1.66870185e-06 1.99767703e-23 8.23179291e-19 9.02772412e-34 3.78649523e-16 1.56695559e-20 1.00000000e-40 9.33358027e-14 6.27260164e-05 3.44284436e-04 2.70980542e-23 9.33097288e-40 3.80548312e-19 1.01892294e-23 1.66700285e-11 4.16037686e-18 1.60917477e-17 3.65796750e-08 1.86621330e-21 1.38995710e-17 7.08469349e-15 7.89633527e-21 1.85744561e-16 1.03358372e-25 1.14217657e-24 1.66145232e-14 4.67590877e-22 5.07148204e-27 2.06500050e-17 1.00000000e-40 1.03728540e-10 6.73480891e-28 1.00000000e-40 2.78720364e-06 1.30779077e-26 1.00000000e-40 1.77191955e-16 1.00000000e-40 3.44257682e-05 1.00000000e-40 8.95874041e-10 8.01460338e-01 3.57329418e-33 3.74216822e-38 8.95313857e-24 1.53160129e-24 1.61030747e-17 8.69308113e-11 1.00000000e-40 1.00000000e-40 1.00000000e-05 1.00000000e-05
8.39314076e+01 4.85000000e+00 1.76435997e+14 1.99100000e+02 1.12000000e+05 1.06678189e-30 5.28867676e-23 5.16123685e-26 1.87070049e-20 2.32717531e-32 1.00000000e-40 6.28642304e-20 9.65323899e-28 3.49497121e-16 1.69277183e-24 1.74482396e-11 7.95886143e-25 7.38221863e-30 2.22881006e-22 3.09098585e-20 1.10963095e-37 1.50862132e-09 1.12417365e-28 2.65720896e-29 1.97313674e-01 2.18100789e-08 1.87940501e-13 3.04129603e-12 2.04012972e-15 6.20776530e-16 5.34135188e-13 6.95291680e-13 1.36648197e-06 1.60814838e-27 1.53240805e-13 1.00583237e-21 5.94945940e-16 8.91009231e-26 2.04563563e-21 6.41732579e-34 8.31368434e-11 3.54648157e-09 2.05385605e-17 5.39775339e-20 5.08004334e-17 1.30031691e-13 2.30356724e-34 2.37028472e-19 3.35984306e-16 1.00000000e-40 7.15782938e-20 1.02129206e-14 1.00226686e-20 2.09174863e-07 2.67025965e-06 6.05850658e-24 1.23597606e-19 2.60159833e-35 4.43787123e-17 2.67877968e-21 1.00000000e-40 6.35368397e-14 1.95851913e-04 3.27446937e-04 1.95286364e-23 1.43824019e-39 3.62279049e-19 8.97692696e-25 1.21065433e-11 2.02448652e-17 5.06306292e-18 2.77948428e-08 1.55621751e-21 3.01664022e-17 5.70795032e-15 7.80634531e-21 1.50758969e-16 4.48847226e-26 3.97090619e-26 1.80144407e-14 4.15145892e-22 8.73390308e-31 1.47607471e-17 1.00000000e-40 8.29035813e-11 6.78466010e-28 4.32705432e-24 2.89474663e-06 2.55658509e-27 1.45902536e-23 1.09754311e-16 1.64808388e-20 4.57664530e-05 1.36206507e-22 3.64414353e-10 8.02100508e-01 1.97132402e-34 5.33939016e-30 4.33292000e-24 5.25382659e-25 1.25015186e-17 8.66515939e-11 1.00000000e-40 1.00000000e-40 1.00000000e-05 1.00000000e-05
8.53723616e+01 3.78000000e+00 1.39899993e+14 1.95700000e+02 1.12000000e+05 1.05603819e-26 1.11061770e-33 5.80168253e-27 1.44074666e-20 1.00000000e-40 7.69849032e-21 8.51471599e-20 1.71268343e-28 1.05557105e-16 1.28860903e-25 8.69328539e-12 3.84436726e-25 5.31513860e-30 4.48934907e-23 2.77777602e-20 2.60124466e-38 9.67505014e-10 1.05738021e-28 2.57977188e-29 1.96244715e-01 2.45985207e-07 1.47448869e-13 4.33680553e-13 7.96378613e-16 2.60369277e-16 5.25793424e-13 7.68421039e-13 1.00398543e-06 2.44406805e-27 3.42497911e-13 2.19536124e-21 3.52996622e-16 8.64584998e-26 6.42312107e-22 1.26473229e-34 7.12612261e-11 2.54242891e-09 1.38168632e-17 5.24034864e-20 6.17818298e-17 1.38352025e-13 3.87859329e-31 2.32612943e-20 2.55244299e-16 1.00000000e-40 8.57005102e-21 2.68453180e-15 2.52405203e-21 3.81630125e-07 3.81633918e-06 8.15976012e-25 2.15900530e-20 6.93124787e-37 4.98325335e-18 6.29527264e-22 1.00000000e-40 5.00300250e-14 5.74080878e-04 3.07405307e-04 1.61824027e-23 2.11413323e-39 3.41653298e-19 2.75025994e-26 9.26140148e-12 8.93813516e-17 1.39302765e-18 2.05498139e-08 2.50769489e-21 7.98551483e-17 4.45690489e-15 7.65859350e-21 1.15396064e-16 1.58174293e-26 1.66758875e-27 1.81389615e-14 3.24303143e-22 3.10739866e-28 1.01736731e-17 1.00000000e-40 6.68504086e-11 5.70229147e-28 7.10771077e-26 2.96211383e-06 4.51320531e-28 1.44287879e-25 6.72832850e-17 2.58162294e-22 5.95209489e-05 1.40598707e-24 1.40420398e-10 8.02782015e-01 9.59278666e-36 9.27758013e-25 1.71218442e-24 2.29844992e-25 9.50434113e-18 8.63257326e-11 1.00000000e-40 1.00000000e-40 1.00000000e-05 1.00000000e-05
8.68016710e+01 2.94000000e+00 1.10505103e+14 1.92700000e+02 1.12000000e+05 5.87443376e-30 9.24123369e-25 6.39484566e-28 1.11182191e-20 1.44793407e-38 1.74418475e-37 1.06559195e-19 6.68296135e-39 3.63044252e-17 3.14177122e-26 4.36564917e-12 2.02752602e-25 3.01576302e-30 1.11848905e-23 2.46195546e-20 7.73784853e-37 6.80810832e-10 1.00749583e-28 2.48828823e-29 1.94685564e-01 1.74370743e-06 1.09642613e-13 5.78098402e-14 3.36683139e-16 1.13004277e-16 5.15788097e-13 1.00949360e-12 7.13365136e-07 2.50101431e-27 7.09019308e-13 4.64887865e-21 1.83230342e-16 8.33613668e-26 4.27413085e-22 2.56286291e-35 5.83348580e-11 1.91447633e-09 9.25002643e-18 5.05441290e-20 7.07109841e-17 1.33703931e-13 3.10764766e-32 3.69357636e-21 1.54468767e-16 1.00000000e-40 1.01983425e-21 1.22880605e-15 6.97887415e-22 6.35562745e-07 5.09422819e-06 1.26200062e-25 2.22819744e-20 4.57389927e-38 6.32021818e-19 2.33305818e-22 1.00000000e-40 4.82863672e-14 1.49557459e-03 2.83807458e-04 1.42818149e-23 2.33569108e-39 3.18394208e-19 3.66257374e-27 7.81981222e-12 2.57558739e-16 4.26048577e-19 1.47925087e-08 3.32778625e-21 1.49855052e-16 3.49713913e-15 7.48003207e-21 8.48133932e-17 5.35670246e-27 8.23890159e-29 1.72387631e-14 2.31364259e-22 1.45007378e-31 6.75654184e-18 1.00000000e-40 5.48690812e-11 4.19737959e-28 5.43601447e-29 3.01764698e-06 8.36600959e-29 4.31840132e-29 4.08166226e-17 2.56277059e-23 7.59851496e-05 2.59329040e-28 5.64085349e-11 8.03420640e-01 5.33120743e-37 1.31012923e-25 6.44522762e-25 1.34222757e-25 7.34985938e-18 8.59301357e-11 1.00000000e-40 1.00000000e-40 1.00000000e-05 1.00000000e-05
8.82022074e+01 2.29000000e+00 8.72509336e+13 1.90100000e+02 1.12000000e+05 2.75595265e-35 2.76160989e-25 8.65446720e-29 8.84729253e-21 9.27013510e-24 9.87490241e-21 1.28453089e-19 1.93112621e-26 1.38259376e-17 1.43349515e-26 2.33912521e-12 1.19347187e-25 1.59141319e-30 3.39857210e-24 2.14279536e-20 3.44763964e-37 5.05054526e-10 9.63362276e-29 2.38216900e-29 1.92371410e-01 8.06890778e-06 7.67057933e-14 8.20637282e-15 1.58472459e-16 5.75109784e-17 5.03909604e-13 1.57910636e-12 4.94540441e-07 2.03768438e-27 1.30524168e-12 7.63873716e-21 9.06194958e-17 7.98013606e-26 2.45226724e-21 5.78269180e-36 4.76124250e-11 1.52228838e-09 6.88422753e-18 4.83882942e-20 7.75184485e-17 1.23409314e-13 1.08095420e-32 9.14397191e-22 8.65541429e-17 1.00000000e-40 3.58653208e-22 7.10390391e-16 2.16439741e-22 9.29561575e-07 6.52111373e-06 2.79048786e-26 8.71818514e-21 2.47380558e-38 1.05664477e-19 1.07509971e-22 1.00000000e-40 5.11220404e-14 3.38059235e-03 2.56855289e-04 1.30633948e-23 2.10896602e-39 2.92711535e-19 6.19388538e-28 7.33051964e-12 5.33556955e-16 1.57737994e-19 1.04437066e-08 3.16775323e-21 1.76403503e-16 2.83035060e-15 7.27452780e-21 6.19317845e-17 1.94563194e-27 1.08649111e-29 1.56839010e-14 1.55925076e-22 3.62473613e-36 4.35896048e-18 1.00000000e-40 4.64604123e-11 2.91400016e-28 2.76300074e-26 3.07663283e-06 1.85042270e-29 7.47462063e-26 2.46648460e-17 1.46944988e-39 9.49293916e-05 6.71157234e-25 2.49097190e-11 8.03857381e-01 3.95630388e-38 6.93544793e-26 2.56914872e-25 9.00914887e-26 5.84499348e-18 8.54399689e-11 1.00000000e-40 1.00000000e-40 1.00000000e-05 1.00000000e-05
8.95989124e+01 1.78000000e+00 6.83951592e+13 1.88500000e+02 1.12000000e+05 3.86104505e-35 1.22986669e-25 1.53511757e-29 7.36814265e-21 2.69340495e-25 1.00000000e-40 1.55145985e-19 1.51133563e-37 5.48286185e-18 7.64872789e-27 1.30796748e-12 4.53323892e-26 1.29573573e-28 1.18972443e-24 1.80984180e-20 1.00000000e-40 3.76455071e-10 9.17864364e-29 2.25770823e-29 1.88882695e-01 2.76649187e-05 4.94300126e-14 1.29011685e-15 8.18571176e-17 5.61299310e-17 4.89555799e-13 2.63249563e-12 3.33987559e-07 1.53267675e-27 2.12100475e-12 1.05145245e-20 4.57486519e-17 7.56615296e-26 2.28464108e-20 1.63924331e-36 3.97595106e-11 1.28837048e-09 6.88835065e-18 4.58605234e-20 8.27344198e-17 1.12855841e-13 4.80308956e-33 2.65871670e-22 4.89683431e-17 1.00000000e-40 2.13511392e-22 4.53546536e-16 7.15956636e-23 1.17167162e-06 8.19665706e-06 7.94445106e-27 4.73857352e-21 8.59363945e-38 3.67195002e-20 5.28488001e-23 1.00000000e-40 5.27387645e-14 6.76649897e-03 2.26345280e-04 1.21347637e-23 1.91746232e-39 2.64184967e-19 3.56799458e-28 7.24229692e-12 9.00740882e-16 7.48727510e-20 7.21856634e-09 2.35374046e-21 1.43786822e-16 2.43128335e-15 7.03457047e-21 4.52980131e-17 8.07927832e-28 1.00533871e-30 1.38693012e-14 1.00614751e-22 1.23271931e-36 2.72316204e-18 1.00000000e-40 4.07101612e-11 2.01607080e-28 3.38782183e-36 3.15314640e-06 7.70891710e-30 4.23757313e-36 1.47376957e-17 1.00000000e-40 1.16196787e-04 8.37606301e-36 1.20336365e-11 8.03875470e-01 3.82063483e-39 1.70481612e-36 1.13066280e-25 5.76867750e-26 5.03833248e-18 8.48070256e-11 1.00000000e-40 1.00000000e-40 1.00000000e-05 1.00000000e-05
9.09605404e+01 1.39000000e+00 5.36945548e+13 1.87500000e+02 1.12000000e+05 1.82029409e-27 3.06707398e-33 3.68262207e-30 6.50667474e-21 9.87298489e-37 1.07818791e-29 1.89382930e-19 4.92329153e-30 2.26792440e-18 3.82526580e-27 7.74571270e-13 4.67900772e-26 4.03655620e-26 4.71934302e-25 1.47206552e-20 1.00000000e-40 2.80844400e-10 8.69723119e-29 2.11886939e-29 1.84079347e-01 7.50907298e-05 2.93875252e-14 2.43274575e-16 4.62181638e-17 1.39670603e-16 4.72984606e-13 4.25193782e-12 2.23253481e-07 1.15625390e-27 3.09432237e-12 1.29682827e-20 2.59973819e-17 7.10765535e-26 1.63555388e-19 5.45554896e-37 3.41210478e-11 1.14224148e-09 1.46709020e-17 4.30411889e-20 8.64496041e-17 1.04146658e-13 3.39963105e-32 8.34053417e-23 2.91390903e-17 1.00000000e-40 7.48540886e-23 3.07976702e-16 2.56130939e-23 1.29958230e-06 1.01744596e-05 2.75085242e-27 3.59873875e-21 2.99226518e-39 3.58497032e-20 2.73482433e-23 1.00000000e-40 5.13434860e-14 1.20653946e-02 1.94459473e-04 1.13316851e-23 1.76380436e-39 2.34218179e-19 3.10334274e-29 7.16250839e-12 1.33578926e-15 4.60969539e-20 4.95642713e-09 1.54861620e-21 9.99210427e-17 2.20644904e-15 6.76614254e-21 3.29506528e-17 3.87740326e-28 5.31989135e-30 1.21046150e-14 6.36853605e-23 7.62790776e-29 1.67776276e-18 1.00000000e-40 3.67453894e-11 1.44200697e-28 1.00000000e-40 3.25302041e-06 8.38790859e-30 1.00000000e-40 8.83709159e-18 1.00000000e-40 1.38419115e-04 1.00000000e-40 6.40573591e-12 8.03283284e-01 4.97089632e-40 2.94918108e-26 5.61905665e-26 3.46213245e-26 4.57894945e-18 8.40215371e-11 1.00000000e-40 1.00000000e-40 1.00000000e-05 1.00000000e-05
9.23450758e+01 1.08000000e+00 4.17863684e+13 1.87200000e+02 1.12000000e+05 2.28248692e-24 1.00000000e-40 1.06866740e-30 6.07395553e-21 2.27833281e-31 3.00776130e-19 2.36646123e-19 4.02384638e-38 9.32159381e-19 2.04459385e-27 4.70502025e-13 6.43214757e-26 5.00352207e-31 1.99684690e-25 1.11633160e-20 1.00000000e-40 2.05735707e-10 8.16002300e-29 1.96096012e-29 1.77558995e-01 1.76686616e-04 1.55519971e-14 5.18066865e-17 2.75439330e-17 4.64949160e-16 4.53389065e-13 6.55792024e-12 1.46068784e-07 8.89931727e-28 4.23395331e-12 1.49788800e-20 1.74002688e-17 6.58942528e-26 9.83354105e-19 2.00723336e-37 2.96672942e-11 1.04980018e-09 5.41181459e-17 3.98348710e-20 8.92931184e-17 9.70989834e-14 3.52581345e-33 2.60640382e-23 1.79631735e-17 1.00000000e-40 2.77225462e-36 2.16800928e-16 9.37408487e-24 1.28783532e-06 1.26525256e-05 1.05929848e-27 2.48118333e-21 2.32518276e-37 4.90596941e-20 2.35908882e-23 1.00000000e-40 4.68138861e-14 1.99453329e-02 1.61587131e-04 1.05362285e-23 1.70871945e-39 2.02376455e-19 8.44888731e-30 6.91643267e-12 1.84007207e-15 3.47183948e-20 3.34566584e-09 9.30305062e-22 6.56108840e-17 2.09480769e-15 6.45811999e-21 2.30715245e-17 2.07923704e-28 1.20177712e-29 1.04894137e-14 3.90339052e-23 8.60157092e-29 1.00500604e-18 1.00000000e-40 3.35913232e-11 1.05838109e-28 9.82459622e-37 3.38933361e-06 1.24099660e-29 1.28341315e-36 5.22306271e-18 1.68094232e-35 1.61147849e-04 2.33813497e-36 3.61773173e-12 8.01840179e-01 1.00000000e-40 4.11470683e-37 3.04877152e-26 1.88359621e-26 4.38509162e-18 8.30215032e-11 1.00000000e-40 1.00000000e-40 1.00000000e-05 1.00000000e-05
9.37101922e+01 8.42000000e-01 3.25604975e+13 1.87300000e+02 1.12000000e+05 1.55075055e-40 3.14000011e-22 6.36161763e-32 5.95300238e-21 1.89561684e-30 9.19873785e-20 2.99553754e-19 7.03415676e-30 3.88229512e-19 1.14580919e-27 2.98244387e-13 2.89167906e-26 2.07274728e-31 9.10039978e-26 7.58257750e-21 1.00000000e-40 1.49467503e-10 7.58314546e-29 1.79126869e-29 1.69432362e-01 3.62538130e-04 7.36146896e-15 1.29889699e-17 1.74569592e-17 1.33788611e-15 4.31386553e-13 9.38606098e-12 9.53102503e-08 7.06807172e-28 5.63331780e-12 1.64999735e-20 1.39559999e-17 6.03546889e-26 4.63556244e-18 7.81942889e-38 2.58095731e-11 9.87930918e-10 1.89306861e-16 3.63894600e-20 9.16622246e-17 9.12944406e-14 1.00000000e-40 8.31642963e-24 1.16369055e-17 1.00000000e-40 6.44531474e-23 1.57321458e-16 3.62293487e-24 1.16075581e-06 1.56951492e-05 4.55348373e-28 1.65920917e-21 5.05635685e-37 6.22940926e-20 1.20876283e-23 1.00000000e-40 4.02307813e-14 3.04862056e-02 1.30664990e-04 9.73383518e-24 1.70822874e-39 1.70717441e-19 2.60387572e-30 6.47825684e-12 2.38742572e-15 3.00639257e-20 2.25957703e-09 5.42906488e-22 4.35160200e-17 2.04757378e-15 6.12211740e-21 1.55384107e-17 1.24038188e-28 3.66104842e-29 9.14536360e-15 2.35824056e-23 1.51729089e-40 5.98271635e-19 1.00000000e-40 3.07252106e-11 8.09391712e-29 1.00000000e-40 3.56688052e-06 1.69834379e-29 1.00000000e-40 3.10541686e-18 3.87226156e-21 1.82092201e-04 1.00000000e-40 2.18372887e-12 7.99375655e-01 1.00000000e-40 2.41885628e-26 1.81077366e-26 9.58995664e-27 4.34440632e-18 8.18127058e-11 1.00000000e-40 1.00000000e-40 1.00000000e-05 1.00000000e-05
9.50790536e+01 6.56000000e-01 2.53813497e+13 1.87200000e+02 1.12000000e+05 1.65071408e-24 7.37467667e-22 1.00000000e-40 6.01339454e-21 1.00729083e-29 1.00000000e-40 3.82598981e-19 6.62869504e-29 1.60318835e-19 6.65381011e-28 1.99469166e-13 2.17116057e-26 1.43772184e-31 4.34359657e-26 3.80784244e-21 1.00000000e-40 1.07704619e-10 6.95732183e-29 1.60909461e-29 1.59496818e-01 6.69560465e-04 3.00976943e-15 3.75102802e-18 1.16195243e-17 3.17158882e-15 4.06560120e-13 1.24131840e-11 6.19364668e-08 5.71284825e-28 7.83151978e-12 1.76273109e-20 1.24781797e-17 5.44372431e-26 1.62423543e-17 2.71746678e-38 2.18547062e-11 9.26332164e-10 5.36058665e-16 3.26906245e-20 9.40841789e-17 8.56974596e-14 1.00000000e-40 2.64231439e-24 7.85631870e-18 1.00000000e-40 8.96800596e-27 1.13672013e-16 1.47931165e-24 9.72534262e-07 1.95103124e-05 2.08392813e-28 1.08356945e-21 8.91913082e-37 6.95472399e-20 6.13778764e-26 1.00000000e-40 3.26777413e-14 4.37877924e-02 1.02699255e-04 8.89082491e-24 1.59786322e-39 1.39624740e-19 8.86834696e-31 5.88264181e-12 2.97323458e-15 2.80126476e-20 1.52608173e-09 3.22848567e-22 2.96474456e-17 2.01342696e-15 5.75425120e-21 9.95036272e-18 7.82197620e-29 1.73803331e-28 8.06134989e-15 1.39037648e-23 2.68054349e-25 3.53125203e-19 1.00000000e-40 2.76565233e-11 7.56997502e-29 1.00000000e-40 3.80080873e-06 2.09867521e-29 1.00000000e-40 1.85073987e-18 1.00000000e-40 1.99791952e-04 1.00000000e-40 1.38666427e-12 7.95554903e-01 1.00000000e-40 1.00000000e-40 1.14322363e-26 4.65741444e-27 4.23598282e-18 8.03400243e-11 1.00000000e-40 1.00000000e-40 1.00000000e-05 1.00000000e-05
9.64488580e+01 5.11000000e-01 1.97605869e+13 1.87300000e+02 1.12000000e+05 1.20655519e-33 4.21389633e-22 3.26257042e-36 6.12283845e-21 4.02772753e-29 1.38461552e-29 4.91483024e-19 2.06691680e-34 6.51633850e-20 4.13490484e-28 1.38544651e-13 1.65918519e-26 1.04264620e-31 2.15795631e-26 4.61938852e-32 1.00000000e-40 7.66135782e-11 6.30131063e-29 1.42183590e-29 1.48136224e-01 1.13878831e-03 1.05999641e-15 1.20227585e-18 8.10185587e-18 6.40374540e-15 3.79573771e-13 1.52509126e-11 4.03555166e-08 4.67324771e-28 1.17533331e-11 1.84304077e-20 1.15985374e-17 4.83752858e-26 4.77047351e-17 8.95093619e-39 1.77508028e-11 8.69568621e-10 1.25351711e-15 2.88884027e-20 9.75097053e-17 7.99369813e-14 1.00000000e-40 8.31000673e-25 5.52647661e-18 1.00000000e-40 4.84443688e-23 8.23459652e-17 6.34940824e-25 7.60414573e-07 2.43096583e-05 1.00000000e-40 7.17562995e-22 1.45616150e-36 6.96479414e-20 2.98696092e-24 1.00000000e-40 2.51268406e-14 5.98872089e-02 7.91155938e-05 8.02137976e-24 1.50999982e-39 1.10762238e-19 3.26451082e-31 5.22765699e-12 3.58501799e-15 2.70021340e-20 1.03759667e-09 1.95252678e-22 2.09398077e-17 2.01168281e-15 5.36515487e-21 6.14634821e-18 5.20537402e-29 2.00827084e-28 7.23958232e-15 8.01484515e-24 3.81944794e-34 2.08311504e-19 1.00000000e-40 2.43444771e-11 4.66190950e-29 3.32676138e-32 4.10375640e-06 2.43771050e-29 5.97415952e-32 1.11243505e-18 1.44090143e-29 2.13710226e-04 2.21990198e-31 9.13482549e-13 7.90262809e-01 1.00000000e-40 1.00000000e-40 7.55583871e-27 2.12874522e-27 4.18786838e-18 7.86122379e-11 1.00000000e-40 1.00000000e-40 1.00000000e-05 1.00000000e-05
9.78208194e+01 3.98000000e-01 1.53662168e+13 1.87600000e+02 1.12000000e+05 1.32750284e-25 1.00000000e-40 4.41709646e-38 6.20068519e-21 1.28985454e-28 1.37394961e-20 6.32656159e-19 1.79880832e-29 2.59493950e-20 2.77072039e-28 9.97912303e-14 1.29190390e-26 7.87673406e-32 1.11632269e-26 1.00000000e-40 1.00000000e-40 5.37721684e-11 5.63037918e-29 1.23518597e-29 1.35722695e-01 1.80826777e-03 3.18220650e-16 4.16762920e-19 5.91335773e-18 1.13523724e-14 3.50939583e-13 1.75264996e-11 2.64851226e-08 3.90393719e-28 1.90408858e-11 1.89957321e-20 1.09612869e-17 4.23344544e-26 1.22618666e-16 2.75737622e-39 1.36752443e-11 8.14367149e-10 2.50544915e-15 2.50983133e-20 1.02624596e-16 7.37390463e-14 1.00000000e-40 2.57428641e-25 4.05110313e-18 1.00000000e-40 1.60170192e-22 5.96022311e-17 2.88945969e-25 5.58594725e-07 3.03625466e-05 4.56319730e-37 4.90296417e-22 2.26046479e-36 6.42938617e-20 2.09683215e-24 1.00000000e-40 1.82976713e-14 7.85799710e-02 6.01513604e-05 7.14154745e-24 1.45640103e-39 8.51337279e-20 1.28735736e-31 4.58596926e-12 4.21120430e-15 2.64713240e-20 7.13616390e-10 1.20076336e-22 1.53912048e-17 2.07762335e-15 4.96163967e-21 3.87280189e-18 3.61452790e-29 5.46512565e-28 6.64719745e-15 4.51393381e-24 2.28004697e-26 1.23414298e-19 1.00000000e-40 2.09369612e-11 1.46584704e-33 1.00000000e-40 4.49438017e-06 2.74291233e-29 1.00000000e-40 6.77290569e-19 1.14471591e-26 2.23658057e-04 1.00000000e-40 6.19518846e-13 7.83341638e-01 1.00000000e-40 5.32085686e-29 5.24311005e-27 9.15242079e-28 4.20502923e-18 7.66284833e-11 1.00000000e-40 1.00000000e-40 1.00000000e-05 1.00000000e-05
9.91962318e+01 3.10000000e-01 1.19241681e+13 1.88300000e+02 1.12000000e+05 1.00000000e-40 7.32073176e-28 2.03798930e-32 6.19624342e-21 3.64613223e-28 8.70875863e-23 8.13765140e-19 1.00000000e-40 1.00986912e-20 2.00685966e-28 7.42505508e-14 1.03602637e-26 6.19045714e-32 6.08634926e-27 1.00000000e-40 3.64049283e-40 3.72001293e-11 4.96142851e-29 1.05473715e-29 1.22720311e-01 2.71059683e-03 8.07491223e-17 1.52879916e-19 4.52329104e-18 1.83170751e-14 3.21264616e-13 1.90167807e-11 1.75902952e-08 2.79818449e-29 3.23856861e-11 1.94103910e-20 1.06022913e-17 3.64759778e-26 2.94488230e-16 8.05530136e-40 9.91216968e-12 7.62041901e-10 4.45858203e-15 2.14338227e-20 1.10277903e-16 6.70385745e-14 1.00000000e-40 7.83845615e-26 3.09893003e-18 1.00000000e-40 3.72741561e-25 4.31983260e-17 1.40921218e-25 3.86562372e-07 3.80114578e-05 1.00000000e-40 3.48455007e-22 3.56249627e-36 5.65021138e-20 7.63131944e-27 1.00000000e-40 1.26141837e-14 9.95047776e-02 4.54600139e-05 6.27155454e-24 1.47761712e-39 6.33738394e-20 5.40173972e-32 4.00945246e-12 4.84161606e-15 2.62025451e-20 4.98771762e-10 7.48819713e-23 1.18108616e-17 2.28534917e-15 4.54982209e-21 3.03307125e-18 2.60969087e-29 1.16144393e-27 6.25973950e-15 2.48338419e-24 1.30900550e-27 7.37422461e-20 1.00000000e-40 1.76596148e-11 1.00000000e-40 1.00000000e-40 4.99784877e-06 3.05254930e-29 1.00000000e-40 4.19388649e-19 9.84765408e-21 2.29884263e-04 1.00000000e-40 4.29979294e-13 7.74663441e-01 1.00000000e-40 3.09660522e-39 3.63720069e-27 3.68054748e-28 4.33550784e-18 7.43959630e-11 1.00000000e-40 1.00000000e-40 1.00000000e-05 1.00000000e-05
1.00588715e+02 2.41000000e-01 9.21624020e+12 1.89400000e+02 1.12000000e+05 1.08341642e-25 2.51783900e-28 2.46558716e-31 6.07875671e-21 1.03210020e-27 1.00000000e-40 1.04564972e-18 3.36934962e-31 3.80869111e-21 1.56339557e-28 5.68265860e-14 8.70153749e-27 5.06132562e-32 3.61022585e-27 1.00000000e-40 3.18162022e-39 2.52636825e-11 4.30301699e-29 8.83357389e-30 1.09469891e-01 3.87649170e-03 1.68390820e-17 5.78132539e-20 3.63581568e-18 2.81983721e-14 2.90815733e-13 1.96460351e-11 1.18547584e-08 5.86378896e-30 5.63159799e-11 1.97591170e-20 1.08348036e-17 3.08779401e-26 7.18958781e-16 2.24571550e-40 6.67449593e-12 7.15344222e-10 7.43718804e-15 1.79531314e-20 1.21869688e-16 5.98425566e-14 3.60005934e-30 2.32270753e-26 2.47911686e-18 1.00000000e-40 1.00000000e-40 3.14334645e-17 7.46096215e-26 2.50995257e-07 4.77909994e-05 1.00000000e-40 2.57702755e-22 6.23458340e-36 4.92611593e-20 1.00000000e-40 1.00000000e-40 8.17616891e-15 1.22270336e-01 3.43002078e-05 5.42182795e-24 1.63589040e-39 4.55033335e-20 2.39048546e-32 3.52883635e-12 5.47072451e-15 2.61290277e-20 3.55319671e-10 4.69145915e-23 9.49663907e-18 2.81817914e-15 4.13135243e-21 4.19487862e-18 1.95596184e-29 2.70435543e-27 6.07105392e-15 1.32648739e-24 2.38396706e-26 4.44205276e-20 1.00000000e-40 1.47005996e-11 1.00000000e-40 4.69801831e-27 5.65793130e-06 3.44943186e-29 1.20046593e-26 2.64339604e-19 8.47267195e-22 2.32808595e-04 9.26287355e-26 3.03359073e-13 7.63938808e-01 1.00000000e-40 2.18866089e-38 2.63397086e-27 1.35975749e-28 4.65692388e-18 7.18933683e-11 1.00000000e-40 1.00000000e-40 1.00000000e-05 1.00000000e-05
1.01974645e+02 1.88000000e-01 7.10317401e+12 1.91700000e+02 1.12000000e+05 2.46190946e-34 2.34757176e-35 2.60715892e-29 5.84789933e-21 3.66411593e-27 2.37159714e-32 1.33605862e-18 1.43103923e-28 1.42960294e-21 1.33847557e-28 4.38237658e-14 8.27835130e-27 4.34285880e-32 2.60359397e-27 1.00000000e-40 2.12354769e-38 1.68419145e-11 3.68509709e-29 7.28804088e-30 9.67783082e-02 5.30416715e-03 2.97308591e-18 2.21518587e-20 3.10393871e-18 4.31539900e-14 2.60934011e-13 1.95140316e-11 8.22034316e-09 2.20518144e-28 9.79218209e-11 2.00545699e-20 1.21641971e-17 2.57799866e-26 2.14292052e-15 1.02727295e-40 4.20261162e-12 6.98094617e-10 1.21188264e-14 1.48137729e-20 1.39482568e-16 5.25496610e-14 6.24283057e-25 6.89762555e-27 2.09366363e-18 1.00000000e-40 7.65761446e-22 2.40025814e-17 4.37193750e-26 1.51721961e-07 6.01031058e-05 1.00000000e-40 2.02030710e-22 1.58846848e-35 4.41806289e-20 4.20135226e-34 1.00000000e-40 4.98987351e-15 1.46002928e-01 2.61019855e-05 4.63032669e-24 2.31591357e-39 3.17735116e-20 1.11866466e-32 3.17161020e-12 6.06697118e-15 2.61964660e-20 2.61064361e-10 2.90930938e-23 8.07679214e-18 4.00500641e-15 3.72267002e-21 8.71825448e-18 1.57786538e-29 7.10567419e-27 6.10646766e-15 6.97904548e-25 1.06533543e-34 2.72838555e-20 1.00000000e-40 1.22805329e-11 1.00000000e-40 8.73391937e-30 6.50939754e-06 4.03718024e-29 1.71433161e-29 1.71684919e-19 8.75777033e-23 2.33115651e-04 7.29232149e-29 2.17687096e-13 7.51346979e-01 1.00000000e-40 3.55063643e-29 1.90630597e-27 4.51210562e-29 5.57759051e-18 6.91981702e-11 1.00000000e-40 1.00000000e-40 1.00000000e-05 1.00000000e-05
1.03408902e+02 1.46000000e-01 5.40354469e+12 1.95700000e+02 1.12000000e+05 2.89157032e-34 3.87157557e-35 3.95892353e-33 5.50887936e-21 1.82261989e-26 2.64184048e-21 1.70896744e-18 1.00000000e-40 5.33531107e-22 1.25104762e-28 3.37038281e-14 9.37969494e-27 3.90060909e-32 2.56468448e-27 1.00000000e-40 1.15688717e-37 1.09001759e-11 3.10185864e-29 5.89160446e-30 8.46996399e-02 7.07301012e-03 4.19828747e-19 8.11940711e-21 2.81600958e-18 6.78030378e-14 2.31337896e-13 1.87660115e-11 5.83614315e-09 1.85470401e-28 1.74491113e-10 2.03508616e-20 1.52055864e-17 2.11193987e-26 8.54844604e-15 1.00000000e-40 2.44592697e-12 7.33140716e-10 2.00269579e-14 1.19768570e-20 1.67037479e-16 4.52083151e-14 9.64425399e-30 2.00978499e-27 1.86329546e-18 1.00000000e-40 1.00000000e-40 1.97448732e-17 2.82089523e-26 8.40251613e-08 7.61780450e-05 1.00000000e-40 1.68296129e-22 6.50689683e-35 4.12540276e-20 2.88581192e-25 1.00000000e-40 2.81641622e-15 1.71173918e-01 1.98962421e-05 3.88884919e-24 4.41589839e-39 2.13625871e-20 5.39641291e-33 2.92935739e-12 6.64354489e-15 2.64144186e-20 1.96974965e-10 1.75028723e-23 7.27554091e-18 6.43902444e-15 3.31840835e-21 1.96521713e-17 1.36462926e-29 9.94721706e-27 6.40371467e-15 3.54591272e-25 1.11116547e-34 1.67933336e-20 1.00000000e-40 1.03688121e-11 1.00000000e-40 4.16668608e-25 7.64320060e-06 4.96784545e-29 1.21035762e-24 1.13629100e-19 1.00442393e-23 2.31412869e-04 1.18237555e-23 1.56714969e-13 7.36481949e-01 1.00000000e-40 1.77254205e-29 1.41783944e-27 1.28524739e-29 7.61604006e-18 6.62554568e-11 1.00000000e-40 1.00000000e-40 1.00000000e-05 1.00000000e-05
1.04850412e+02 1.14000000e-01 4.08357388e+12 2.02200000e+02 1.12000000e+05 1.00000000e-40 6.14185768e-27 1.00000000e-40 5.09402337e-21 1.26589675e-25 1.89857221e-22 2.16680698e-18 1.36145859e-30 2.17862794e-22 1.29868097e-28 2.60481615e-14 1.39026912e-26 3.71467457e-32 3.79083047e-27 1.00000000e-40 4.77372010e-37 6.98553577e-12 2.58383317e-29 4.70837697e-30 7.40278873e-02 9.14438977e-03 5.09944215e-20 2.88289425e-21 2.75914700e-18 1.07106440e-13 2.03662851e-13 1.75717848e-11 4.34353231e-09 1.57876269e-28 3.14064436e-10 2.06470361e-20 2.05543742e-17 1.71143614e-26 4.62041632e-14 1.00000000e-40 1.36339801e-12 8.84248895e-10 3.28544046e-14 9.57271493e-21 2.09859373e-16 3.83408313e-14 1.00000000e-40 6.24891309e-28 1.77201097e-18 1.00000000e-40 2.39595687e-25 1.88366970e-17 2.04973639e-26 4.32917535e-08 9.64576236e-05 1.00000000e-40 1.53500469e-22 4.53181495e-34 3.99684843e-20 1.00000000e-40 1.00000000e-40 1.49946903e-15 1.96432996e-01 1.53518979e-05 3.23532889e-24 1.19464385e-38 1.40628818e-20 2.76879853e-33 2.80821840e-12 7.16506387e-15 2.68093743e-20 1.55592484e-10 1.04378345e-23 7.05175158e-18 1.08521881e-14 2.93993108e-21 4.09493908e-17 1.28810171e-29 1.60987875e-26 7.05902904e-15 1.78742967e-25 1.00000000e-40 1.05235328e-20 1.00000000e-40 9.00169818e-12 1.00000000e-40 1.00000000e-40 9.10216645e-06 6.34304549e-29 1.00000000e-40 7.82925366e-20 1.38188310e-24 2.28185418e-04 1.00000000e-40 1.14404473e-13 7.19920982e-01 1.00000000e-40 1.00000000e-40 1.07883020e-27 3.24419266e-30 1.20870171e-17 6.32084481e-11 1.00000000e-40 1.00000000e-40 1.00000000e-05 1.00000000e-05
1.06363357e+02 8.88000000e-02 3.04245876e+12 2.11400000e+02 1.12000000e+05 1.00000000e-40 1.32845496e-26 1.00000000e-40 4.61839318e-21 1.31241839e-24 6.31950431e-23 2.74037343e-18 7.31520726e-29 1.03583190e-22 1.51305551e-28 2.03396435e-14 2.98397040e-26 3.79214668e-32 8.27315853e-27 1.00000000e-40 1.55108991e-36 4.45078485e-12 2.11781804e-29 3.69594236e-30 6.46775205e-02 1.16159702e-02 4.96678692e-21 9.34536496e-22 2.96896497e-18 1.71892678e-13 1.77372544e-13 1.60344827e-11 3.41369210e-09 1.34754261e-28 5.75382368e-10 2.09823241e-20 2.90624974e-17 1.36268690e-26 3.61642554e-13 1.00000000e-40 7.25437659e-13 1.33068949e-09 5.42448115e-14 7.51526567e-21 2.81766400e-16 3.19032983e-14 1.00000000e-40 2.13177580e-28 1.82327176e-18 1.00000000e-40 3.76770434e-23 2.23855533e-17 1.66537084e-26 2.03027131e-08 1.22962801e-04 1.96992027e-31 1.59949067e-22 5.65096871e-33 4.02796294e-20 1.53481684e-26 1.00000000e-40 7.40052159e-16 2.22130390e-01 1.18664358e-05 2.65204205e-24 4.88239649e-38 8.95733972e-21 1.50115795e-33 2.79675423e-12 7.64253804e-15 2.75353285e-20 1.29387859e-10 6.11978615e-24 7.47095391e-18 1.83405289e-14 2.57926111e-21 7.85132813e-17 1.32301948e-29 3.53726953e-26 8.31914188e-15 8.75799742e-26 1.00000000e-40 6.59502200e-21 1.00000000e-40 8.04858753e-12 1.00000000e-40 3.73795370e-25 1.10514314e-05 8.51286252e-29 1.03750313e-24 5.60946172e-20 2.12346057e-25 2.23662852e-04 6.99347752e-24 8.38989041e-14 7.01153346e-01 1.00000000e-40 5.60434838e-26 8.24006959e-28 7.00763888e-31 2.28076552e-17 5.99899360e-11 1.00000000e-40 1.00000000e-40 1.00000000e-05 1.00000000e-05
1.07970997e+02 6.91000000e-02 2.21161848e+12 2.26300000e+02 1.12000000e+05 6.22929520e-29 4.21089334e-26 1.00000000e-40 4.12145419e-21 3.49367375e-23 2.06575410e-24 3.50944478e-18 1.63083630e-27 7.24916219e-23 2.43613025e-28 1.54402037e-14 9.75885308e-26 4.37121070e-32 3.22108428e-26 1.00000000e-40 3.90535739e-36 2.92933489e-12 1.70880691e-29 2.85353920e-30 5.69900681e-02 1.45432614e-02 3.84509658e-22 2.52493019e-22 3.72291491e-18 2.95825069e-13 1.52916037e-13 1.42867139e-11 2.91643377e-09 1.19699009e-28 1.06827916e-09 2.12323940e-20 4.06940231e-17 1.06919514e-26 6.68041382e-12 1.00000000e-40 3.71685466e-13 3.27770740e-09 9.46264183e-14 5.80308190e-21 4.24094906e-16 2.60775873e-14 1.00000000e-40 9.32100441e-29 2.11057311e-18 1.00000000e-40 5.41238870e-28 4.32818650e-17 1.53263794e-26 7.96938244e-09 1.58226155e-04 1.00000000e-40 2.10431479e-22 1.96533953e-31 4.31991017e-20 2.35312857e-25 1.00000000e-40 3.40759273e-16 2.47670890e-01 9.15801110e-06 2.14421518e-24 5.09094627e-37 5.53478698e-21 8.62676154e-34 2.87869523e-12 7.98784658e-15 2.94217650e-20 1.15777206e-10 3.54891659e-24 9.06264932e-18 2.93856728e-14 2.24207659e-21 1.37820091e-16 1.63171399e-29 8.26756870e-26 1.08531954e-14 4.22601383e-26 9.65461694e-30 4.16566519e-21 1.00000000e-40 7.39226796e-12 1.00000000e-40 5.98655780e-29 1.37174729e-05 1.24866210e-28 1.29058955e-28 4.27821043e-20 3.66225239e-26 2.18085094e-04 4.70831400e-28 6.13162914e-14 6.80236357e-01 1.00000000e-40 7.53994137e-25 6.41903479e-28 1.23019679e-31 6.24808610e-17 5.66444825e-11 1.00000000e-40 1.00000000e-40 1.00000000e-05 1.00000000e-05
1.09719138e+02 5.38000000e-02 1.55433512e+12 2.50700000e+02 1.12000000e+05 5.98447936e-33 2.02433806e-25 1.00000000e-40 3.66733101e-21 5.74054431e-21 8.44369641e-26 4.67432401e-18 1.15498280e-25 9.06735309e-23 6.49158239e-28 1.30166394e-14 2.93838865e-25 6.91167891e-32 1.96002015e-25 1.00000000e-40 7.71442577e-36 2.61928828e-12 1.36136382e-29 2.17390977e-30 5.11539480e-02 1.80460696e-02 2.41646554e-23 5.88817571e-23 6.01197904e-18 9.20045545e-13 1.30732678e-13 1.24769358e-11 2.75957468e-09 1.25820169e-28 2.00552863e-09 2.24761310e-20 5.09644281e-17 8.29497232e-27 4.17083989e-10 1.00000000e-40 1.82113524e-13 1.25134293e-08 2.95429730e-13 4.42162929e-21 7.93468741e-16 2.09818926e-14 4.05980214e-32 5.89859770e-29 2.99937574e-18 4.29313488e-35 8.27674191e-24 1.26002031e-16 1.62857869e-26 2.64957040e-09 2.05188209e-04 7.57657782e-28 3.09237379e-22 6.50989621e-29 8.49501064e-20 5.34617105e-25 1.00000000e-40 1.63970466e-16 2.72666273e-01 7.12946058e-06 1.71440207e-24 1.47422476e-35 3.33806877e-21 5.86324436e-34 2.99118613e-12 8.31711177e-15 3.77602549e-20 1.12999430e-10 2.31189290e-24 1.38010322e-17 4.10195061e-14 1.93422456e-21 2.17882270e-16 2.28840891e-29 2.45931431e-25 1.61794099e-14 2.12140343e-26 1.00000000e-40 2.82946476e-21 1.00000000e-40 6.74889077e-12 1.00000000e-40 2.06655219e-33 1.73619360e-05 3.45001683e-28 1.00000000e-40 3.55020038e-20 8.19848909e-27 2.11639026e-04 1.00000000e-40 4.47659603e-14 6.57518792e-01 1.00000000e-40 1.38438567e-24 5.26654956e-28 2.76735066e-32 2.22808765e-16 5.32503613e-11 1.00000000e-40 1.00000000e-40 1.00000000e-05 1.00000000e-05
1.11673514e+02 4.19000000e-02 1.07161181e+12 2.83200000e+02 1.12000000e+05 1.00000000e-40 4.20475800e-25 1.00000000e-40 3.54690200e-21 4.97010000e-20 3.57696400e-26 5.13301100e-18 7.71986500e-25 1.06134800e-22 9.40244400e-28 1.29131100e-14 4.03502000e-25 9.00823300e-32 3.47848100e-25 1.00000000e-40 9.08221100e-36 2.78908000e-12 1.27165500e-29 2.00357700e-30 4.97475800e-02 1.92098600e-02 1.04213700e-23 3.92380600e-23 7.31660200e-18 1.74176100e-12 1.24715400e-13 1.19561300e-11 2.76050400e-09 1.38209100e-28 2.42588300e-09 2.33344400e-20 5.26776400e-17 7.68806600e-27 2.00861800e-09 1.00000000e-40 1.46930800e-13 1.93261000e-08 5.59633200e-13 4.07539900e-21 1.00990200e-15 1.96398600e-14 1.00000000e-40 5.42704400e-29 3.56247500e-18 4.99629800e-29 1.07834100e-22 1.78540400e-16 1.70503100e-26 1.88408000e-09 2.21634300e-04 7.95872300e-30 3.40190100e-22 4.78701700e-28 1.41459600e-19 6.98713100e-25 1.00000000e-40 1.35912700e-16 2.79944900e-01 6.65224500e-06 1.60309500e-24 4.64433000e-35 2.86864200e-21 5.49003100e-34 3.01877600e-12 8.47087000e-15 4.28036400e-20 1.13804000e-10 2.13189300e-24 1.64410000e-17 4.37104100e-14 1.85029400e-21 2.42461100e-16 2.54819700e-29 3.55321100e-25 1.87658200e-14 1.76026100e-26 1.00000000e-40 2.59248200e-21 1.00000000e-40 6.52626100e-12 1.00000000e-40 1.55939400e-25 1.86531800e-05 6.37068300e-28 1.00000000e-40 3.41093900e-20 5.82534900e-27 2.09627300e-04 1.00000000e-40 4.08619900e-14 6.50641000e-01 1.00000000e-40 1.31858900e-24 4.92638800e-28 2.04297700e-32 3.26369400e-16 5.22621600e-11 1.00000000e-40 1.00000000e-40 1.00000000e-05 1.00000000e-05
1.13877017e+02 3.27000000e-02 7.31455021e+11 3.23800000e+02 1.12000000e+05 1.00000000e-40 4.20475800e-25 1.00000000e-40 3.54690200e-21 4.97010000e-20 3.57696400e-26 5.13301100e-18 7.71986500e-25 1.06134800e-22 9.40244400e-28 1.29131100e-14 4.03502000e-25 9.00823300e-32 3.47848100e-25 1.00000000e-40 9.08221100e-36 2.78908000e-12 1.27165500e-29 2.00357700e-30 4.97475800e-02 1.92098600e-02 1.04213700e-23 3.92380600e-23 7.31660200e-18 1.74176100e-12 1.24715400e-13 1.19561300e-11 2.76050400e-09 1.38209100e-28 2.42588300e-09 2.33344400e-20 5.26776400e-17 7.68806600e-27 2.00861800e-09 1.00000000e-40 1.46930800e-13 1.93261000e-08 5.59633200e-13 4.07539900e-21 1.00990200e-15 1.96398600e-14 1.00000000e-40 5.42704400e-29 3.56247500e-18 4.99629800e-29 1.07834100e-22 1.78540400e-16 1.70503100e-26 1.88408000e-09 2.21634300e-04 7.95872300e-30 3.40190100e-22 4.78701700e-28 1.41459600e-19 6.98713100e-25 1.00000000e-40 1.35912700e-16 2.79944900e-01 6.65224500e-06 1.60309500e-24 4.64433000e-35 2.86864200e-21 5.49003100e-34 3.01877600e-12 8.47087000e-15 4.28036400e-20 1.13804000e-10 2.13189300e-24 1.64410000e-17 4.37104100e-14 1.85029400e-21 2.42461100e-16 2.54819700e-29 3.55321100e-25 1.87658200e-14 1.76026100e-26 1.00000000e-40 2.59248200e-21 1.00000000e-40 6.52626100e-12 1.00000000e-40 1.55939400e-25 1.86531800e-05 6.37068300e-28 1.00000000e-40 3.41093900e-20 5.82534900e-27 2.09627300e-04 1.00000000e-40 4.08619900e-14 6.50641000e-01 1.00000000e-40 1.31858900e-24 4.92638800e-28 2.04297700e-32 3.26369400e-16 5.22621600e-11 1.00000000e-40 1.00000000e-40 1.00000000e-05 1.00000000e-05
1.16452768e+02 2.54000000e-02 4.93883090e+11 3.72500000e+02 1.12000000e+05 1.00000000e-40 4.20475800e-25 1.00000000e-40 3.54690200e-21 4.97010000e-20 3.57696400e-26 5.13301100e-18 7.71986500e-25 1.06134800e-22 9.40244400e-28 1.29131100e-14 4.03502000e-25 9.00823300e-32 3.47848100e-25 1.00000000e-40 9.08221100e-36 2.78908000e-12 1.27165500e-29 2.00357700e-30 4.97475800e-02 1.92098600e-02 1.04213700e-23 3.92380600e-23 7.31660200e-18 1.74176100e-12 1.24715400e-13 1.19561300e-11 2.76050400e-09 1.38209100e-28 2.42588300e-09 2.33344400e-20 5.26776400e-17 7.68806600e-27 2.00861800e-09 1.00000000e-40 1.46930800e-13 1.93261000e-08 5.59633200e-13 4.07539900e-21 1.00990200e-15 1.96398600e-14 1.00000000e-40 5.42704400e-29 3.56247500e-18 4.99629800e-29 1.07834100e-22 1.78540400e-16 1.70503100e-26 1.88408000e-09 2.21634300e-04 7.95872300e-30 3.40190100e-22 4.78701700e-28 1.41459600e-19 6.98713100e-25 1.00000000e-40 1.35912700e-16 2.79944900e-01 6.65224500e-06 1.60309500e-24 4.64433000e-35 2.86864200e-21 5.49003100e-34 3.01877600e-12 8.47087000e-15 4.28036400e-20 1.13804000e-10 2.13189300e-24 1.64410000e-17 4.37104100e-14 1.85029400e-21 2.42461100e-16 2.54819700e-29 3.55321100e-25 1.87658200e-14 1.76026100e-26 1.00000000e-40 2.59248200e-21 1.00000000e-40 6.52626100e-12 1.00000000e-40 1.55939400e-25 1.86531800e-05 6.37068300e-28 1.00000000e-40 3.41093900e-20 5.82534900e-27 2.09627300e-04 1.00000000e-40 4.08619900e-14 6.50641000e-01 1.00000000e-40 1.31858900e-24 4.92638800e-28 2.04297700e-32 3.26369400e-16 5.22621600e-11 1.00000000e-40 1.00000000e-40 1.00000000e-05 1.00000000e-05
