alt           press         den           temp          eddy          H2Oaer        CO2aer        S8aer         H2SO4aer      NH3aer        N2Oaer        C2H2aer       C2H4aer       C2H6aer       CH3CNaer      HCCCNaer      HCNaer        CH4aer        HCaer1        HCaer2        HCaer3        He            H             H2            H2O           OH            O             O2            CO            CO2           HCO           H2CO          C             CH            CH2           CH3           CH4           S             S2            S3            S4            S8            H2S           HS            SO            SO2           CS            CS2           OCS           CN            HCN           N             N2            NH            NH2           NH3           C2            C2H           C2H2          C2H4          NO            HNO           HO2           HNCO          N2O           H2O2          O3            NO2           NO3           SO3           HNO2          HNO3          H2SO4         HCl           Cl            Cl2           HOCl          N2H4          ClO           C2H6          CH3OH         CH2CO         CH3CHO        C3H4          C3H6          C4H2          C4H4          OClO          HCS           C2H3          C2H5          NCO           1CH2          HCCO          NNH           HSO           CH3O          H2COH         H2CN          N2H2          C4H           HCNOH         C2H2OH        CH3CO         CH2CHO        C2H3OH        C2H4OH        CH3O2         HSO3          N2H3          NH2CO         HS4           C4H3          CH2N2         CH2CN         CH3CN         HCCCN         O1D           N2D           H2Oaer_r      CO2aer_r      S8aer_r       H2SO4aer_r    NH3aer_r      N2Oaer_r      C2H2aer_r     C2H4aer_r     C2H6aer_r     CH3CNaer_r    HCCCNaer_r    HCNaer_r      CH4aer_r      HCaer1_r      HCaer2_r      HCaer3_r      
5.00000E-001  9.98067E-001  2.52298E+019  2.86525E+002  1.00000E+005  8.00137E-004  1.00000E-040  1.00000E-040  1.35313E-030  1.00000E-040  1.00000E-040  1.00000E-040  1.00000E-040  1.00000E-040  1.00000E-040  1.00000E-040  1.00000E-040  1.00000E-040  1.00000E-040  1.00068E-034  1.00000E-040  1.00000E-040  8.50299E-022  5.31027E-007  7.71850E-003  1.56201E-014  4.00076E-017  2.10407E-001  1.10213E-007  3.60697E-004  1.84652E-023  3.86549E-011  1.00000E-040  1.00000E-040  8.01860E-034  3.56932E-020  2.25161E-006  2.28010E-029  3.77177E-026  2.15379E-033  1.96767E-032  1.07601E-040  2.28687E-012  2.80201E-018  9.49414E-020  1.83706E-011  1.00000E-040  1.00000E-040  5.28768E-010  1.00000E-040  3.58847E-017  1.80236E-038  7.81511E-001  3.86535E-030  3.75069E-028  4.12455E-022  1.00000E-040  1.00000E-040  2.07780E-029  7.33519E-025  2.18653E-016  1.77255E-017  8.74318E-012  1.91676E-021  3.10600E-007  9.25830E-010  1.80271E-008  2.03621E-013  1.82079E-017  3.45479E-020  1.16405E-014  4.27486E-012  3.40901E-012  1.88522E-010  1.18889E-017  3.65202E-025  2.16483E-020  1.00000E-040  4.63990E-012  3.13496E-023  5.61662E-017  9.21387E-025  9.65489E-026  5.48016E-040  5.04189E-038  1.00000E-040  1.00000E-040  1.16077E-018  1.00000E-040  1.22251E-040  1.64456E-025  3.81460E-027  2.43980E-035  2.97802E-039  5.61825E-033  1.89368E-018  1.56907E-019  1.67181E-014  5.79032E-030  1.38071E-029  1.00000E-040  1.00321E-025  1.00000E-040  3.31746E-025  1.26587E-030  1.10017E-021  1.36776E-025  1.35097E-008  3.99857E-024  1.00000E-040  9.64260E-024  3.26192E-039  1.00000E-040  7.03222E-024  1.10562E-040  5.07968E-030  7.79444E-040  1.09494E-022  1.00000E-040  1.00000E-003  1.00000E-005  1.00000E-005  1.00000E-005  1.00000E-005  1.00000E-005  1.00000E-005  1.00000E-005  1.00000E-005  1.00000E-005  1.00000E-005  1.00000E-005  1.00000E-005  1.00000E-005  1.00000E-005  1.00000E-005  
1.50000E+000  8.83408E-001  2.28496E+019  2.80027E+002  1.00000E+005  1.04244E-003  1.00000E-040  1.00000E-040  1.51225E-027  1.00000E-040  1.00000E-040  1.00000E-040  1.00000E-040  1.00000E-040  1.00000E-040  1.00000E-040  1.00000E-040  1.00000E-040  1.00000E-040  7.98559E-035  1.00000E-040  1.00002E-040  1.08868E-021  5.33534E-007  5.78438E-003  1.95209E-014  5.21706E-017  2.10817E-001  1.07734E-007  3.61406E-004  2.60006E-023  4.42595E-011  1.00000E-040  1.00000E-040  1.03954E-033  3.91039E-020  2.25283E-006  3.91928E-029  3.74280E-026  3.11639E-037  3.52648E-036  1.07810E-040  2.78281E-012  3.84220E-018  1.89807E-019  3.81901E-011  1.00000E-040  1.00000E-040  5.29419E-010  1.00000E-040  3.62355E-017  2.96041E-038  7.83034E-001  3.92086E-030  3.99086E-028  4.13348E-022  1.00000E-040  1.00000E-040  2.02455E-029  7.12732E-025  3.25298E-016  1.88305E-017  9.57504E-012  2.15633E-021  3.11162E-007  1.11562E-009  1.99568E-008  2.54651E-013  1.94921E-017  4.20714E-020  1.44506E-014  6.11463E-012  6.98115E-012  1.92369E-010  1.60032E-017  3.26953E-025  2.18032E-020  1.00000E-040  5.20756E-012  3.14934E-023  5.34397E-017  1.10245E-024  1.06978E-025  5.49084E-040  4.91713E-038  1.00000E-040  1.00000E-040  1.15174E-018  1.00000E-040  1.39388E-040  1.56263E-025  5.79347E-027  2.95019E-035  3.91027E-039  4.48248E-033  4.10531E-018  2.30799E-019  1.80413E-014  5.15979E-030  1.39704E-029  1.00000E-040  2.04931E-025  1.00000E-040  4.88060E-025  1.21705E-030  1.10232E-021  1.61087E-025  1.30966E-008  1.07769E-023  1.00000E-040  9.76250E-024  2.13402E-039  1.00000E-040  7.06062E-024  1.08351E-040  5.08013E-030  7.86709E-040  1.52433E-022  1.00000E-040  1.00000E-003  1.00000E-005  1.00000E-005  1.00000E-005  1.00000E-005  1.00000E-005  1.00000E-005  1.00000E-005  1.00000E-005  1.00000E-005  1.00000E-005  1.00000E-005  1.00000E-005  1.00000E-005  1.00000E-005  1.00000E-005  
2.50000E+000  7.79940E-001  2.06525E+019  2.73530E+002  1.00000E+005  9.06632E-004  1.00000E-040  1.00000E-040  1.49210E-024  1.00000E-040  1.00000E-040  1.00000E-040  1.00000E-040  1.00000E-040  1.00000E-040  1.00000E-040  1.00000E-040  1.00000E-040  1.00000E-040  6.30651E-035  1.00000E-040  1.00164E-040  1.38350E-021  5.36011E-007  4.17360E-003  2.40198E-014  6.97547E-017  2.11158E-001  1.05380E-007  3.61998E-004  3.71006E-023  5.21274E-011  1.00000E-040  1.00000E-040  1.29657E-033  4.19496E-020  2.25354E-006  5.64739E-029  3.72625E-026  1.00000E-040  3.02674E-040  1.07985E-040  2.97032E-012  4.49593E-018  3.36082E-019  5.19787E-011  1.00000E-040  1.00000E-040  5.29896E-010  1.00000E-040  3.66181E-017  4.99070E-038  7.84303E-001  4.09108E-030  4.16843E-028  4.14094E-022  1.00000E-040  1.00000E-040  1.92447E-029  6.76152E-025  5.48980E-016  2.12683E-017  1.04430E-011  2.07928E-021  3.11618E-007  1.31253E-009  2.26218E-008  3.51199E-013  2.35394E-017  3.83338E-020  2.14425E-014  9.15912E-012  1.04837E-011  1.95715E-010  2.15831E-017  3.12089E-025  2.44787E-020  1.00000E-040  6.21934E-012  3.17148E-023  4.95015E-017  1.47044E-024  1.15030E-025  5.49975E-040  4.70543E-038  1.00000E-040  1.00000E-040  1.30639E-018  1.00000E-040  1.52735E-040  1.45701E-025  5.67860E-027  3.42074E-035  1.00000E-040  3.47733E-033  7.91176E-018  3.56800E-019  2.02899E-014  4.27741E-030  1.42967E-029  1.00000E-040  4.21891E-025  1.00000E-040  7.15692E-025  1.13642E-030  1.10410E-021  1.75014E-025  1.22415E-008  1.87562E-023  1.00000E-040  9.91997E-024  1.38826E-039  1.00000E-040  6.79127E-024  1.04014E-040  5.07183E-030  7.94333E-040  2.12848E-022  1.00000E-040  1.00000E-003  1.00000E-005  1.00000E-005  1.00000E-005  1.00000E-005  1.00000E-005  1.00000E-005  1.00000E-005  1.00000E-005  1.00000E-005  1.00000E-005  1.00000E-005  1.00000E-005  1.00000E-005  1.00000E-005  1.00000E-005  
3.50000E+000  6.86692E-001  1.86256E+019  2.67036E+002  1.00000E+005  8.20478E-004  1.00000E-040  1.00000E-040  1.21018E-021  1.00000E-040  1.00000E-040  1.00000E-040  1.00000E-040  1.00000E-040  1.00000E-040  1.00000E-040  1.00000E-040  1.00000E-040  1.00000E-040  3.91820E-035  1.00000E-040  1.00304E-040  1.71244E-021  5.38490E-007  2.79101E-003  2.84442E-014  9.49174E-017  2.11452E-001  1.03183E-007  3.62507E-004  5.32472E-023  6.29318E-011  1.00000E-040  1.00000E-040  1.48664E-033  4.30726E-020  2.25396E-006  7.11875E-029  3.70221E-026  1.00000E-040  1.00000E-040  1.08134E-040  2.94983E-012  4.66336E-018  5.43533E-019  6.03937E-011  1.00000E-040  1.00000E-040  5.30248E-010  1.00000E-040  3.70395E-017  8.40220E-038  7.85392E-001  4.36608E-030  4.17266E-028  4.14667E-022  1.00000E-040  1.14626E-040  1.79135E-029  6.30925E-025  9.83529E-016  2.54790E-017  1.12871E-011  1.90789E-021  3.11996E-007  1.48419E-009  2.60515E-008  4.96503E-013  2.92030E-017  3.26124E-020  3.55753E-014  1.33333E-011  1.33305E-011  1.98592E-010  2.86412E-017  3.02453E-025  2.88631E-020  1.00000E-040  7.63177E-012  3.20268E-023  4.52193E-017  2.06418E-024  1.15188E-025  5.50741E-040  4.44242E-038  1.00000E-040  1.00000E-040  1.59328E-018  1.00000E-040  1.58371E-040  1.34928E-025  4.25088E-027  3.63349E-035  1.00000E-040  2.57052E-033  1.39841E-017  5.63957E-019  2.34944E-014  3.37667E-030  1.48234E-029  1.00000E-040  8.56829E-025  1.00000E-040  1.02387E-024  1.03868E-030  1.10563E-021  1.75079E-025  1.09758E-008  2.68652E-023  1.00000E-040  1.00989E-023  9.10790E-040  1.00000E-040  6.00522E-024  1.00000E-040  5.05999E-030  8.02469E-040  2.97522E-022  1.00000E-040  1.00000E-003  1.00000E-005  1.00000E-005  1.00000E-005  1.00000E-005  1.00000E-005  1.00000E-005  1.00000E-005  1.00000E-005  1.00000E-005  1.00000E-005  1.00000E-005  1.00000E-005  1.00000E-005  1.00000E-005  1.00000E-005  
4.50000E+000  6.02944E-001  1.67615E+019  2.60544E+002  1.00000E+005  6.18363E-004  1.00000E-040  1.00000E-040  9.66572E-019  1.00000E-040  1.00000E-040  1.00000E-040  1.00000E-040  1.00000E-040  1.00000E-040  1.00000E-040  1.00000E-040  1.00000E-040  1.00000E-040  2.82685E-035  1.00000E-040  1.00404E-040  2.14620E-021  5.40851E-007  1.79578E-003  3.38002E-014  1.30367E-016  2.11663E-001  1.01112E-007  3.62875E-004  7.67241E-023  7.66101E-011  1.00000E-040  1.00000E-040  1.70070E-033  4.40971E-020  2.25369E-006  8.41589E-029  3.67107E-026  1.00000E-040  1.00000E-040  1.08242E-040  2.77491E-012  4.57985E-018  8.51446E-019  6.40389E-011  1.00000E-040  1.00000E-040  5.30388E-010  1.00000E-040  3.74997E-017  1.48269E-037  7.86176E-001  4.79555E-030  4.18098E-028  4.15015E-022  1.00000E-040  1.00000E-040  1.63766E-029  5.82351E-025  1.82950E-015  3.21002E-017  1.22659E-011  1.74277E-021  3.12248E-007  1.67937E-009  3.02281E-008  6.97859E-013  3.64479E-017  2.91707E-020  6.25560E-014  1.92968E-011  1.54295E-011  2.00859E-010  3.81185E-017  3.03298E-025  3.60953E-020  1.00000E-040  9.53956E-012  3.24436E-023  4.10034E-017  2.98196E-024  1.10234E-025  5.51294E-040  4.15168E-038  1.00000E-040  1.00000E-040  2.04806E-018  1.00000E-040  1.62973E-040  1.24651E-025  2.89538E-027  3.83615E-035  1.00000E-040  1.87931E-033  2.40513E-017  8.97369E-019  2.72118E-014  2.56918E-030  1.55859E-029  1.00000E-040  1.79335E-024  1.00000E-040  1.49063E-024  9.36392E-031  1.10674E-021  1.66397E-025  9.36948E-009  3.53099E-023  1.00000E-040  1.02945E-023  6.14689E-040  1.00000E-040  5.23398E-024  1.00000E-040  5.04676E-030  8.10303E-040  4.13866E-022  1.00000E-040  1.00000E-003  1.00000E-005  1.00000E-005  1.00000E-005  1.00000E-005  1.00000E-005  1.00000E-005  1.00000E-005  1.00000E-005  1.00000E-005  1.00000E-005  1.00000E-005  1.00000E-005  1.00000E-005  1.00000E-005  1.00000E-005  
5.50000E+000  5.27856E-001  1.50490E+019  2.54053E+002  1.00000E+005  4.37544E-004  1.52802E-040  1.00000E-040  6.24734E-016  1.00000E-040  1.00000E-040  1.00000E-040  1.00000E-040  1.00000E-040  1.00000E-040  1.00000E-040  1.00000E-040  1.00000E-040  1.00000E-040  2.23321E-035  1.00000E-040  1.00472E-040  2.74063E-021  5.43081E-007  1.12251E-003  4.06479E-014  1.79623E-016  2.11805E-001  9.91417E-008  3.63125E-004  1.09925E-022  9.27727E-011  1.00000E-040  1.00000E-040  1.97320E-033  4.53738E-020  2.25285E-006  9.53194E-029  3.63515E-026  1.00000E-040  1.00000E-040  1.08315E-040  2.48359E-012  4.33981E-018  1.30923E-018  6.35599E-011  1.00000E-040  1.00000E-040  5.30349E-010  1.00000E-040  3.80070E-017  1.00000E-040  7.86706E-001  5.40789E-030  4.22227E-028  4.15141E-022  1.00000E-040  1.00000E-040  1.47783E-029  5.33926E-025  3.52281E-015  4.21170E-017  1.33933E-011  1.60367E-021  3.12393E-007  1.89755E-009  3.51101E-008  9.59336E-013  4.51253E-017  3.09892E-020  1.13791E-013  2.73832E-011  1.61471E-011  2.02399E-010  5.09770E-017  3.16913E-025  4.73108E-020  1.00000E-040  1.20426E-011  3.29904E-023  3.70583E-017  4.38916E-024  1.03223E-025  5.51670E-040  3.84913E-038  1.00000E-040  1.00000E-040  2.72267E-018  1.00000E-040  1.68554E-040  1.15101E-025  1.96791E-027  4.09083E-035  1.00000E-040  1.36491E-033  4.08133E-017  1.42117E-018  3.10886E-014  1.89621E-030  1.66323E-029  1.00000E-040  3.90963E-024  1.00000E-040  2.22877E-024  8.44101E-031  1.10748E-021  1.53808E-025  7.51959E-009  4.40530E-023  1.00000E-040  1.05082E-023  4.46797E-040  1.00000E-040  4.57593E-024  1.00000E-040  5.03336E-030  8.17878E-040  5.70880E-022  1.00000E-040  1.00000E-003  1.00000E-005  1.00000E-005  1.00000E-005  1.00000E-005  1.00000E-005  1.00000E-005  1.00000E-005  1.00000E-005  1.00000E-005  1.00000E-005  1.00000E-005  1.00000E-005  1.00000E-005  1.00000E-005  1.00000E-005  
6.50000E+000  4.60651E-001  1.34772E+019  2.47565E+002  1.00000E+005  2.97055E-004  7.11148E-038  1.00000E-040  2.90713E-013  1.00000E-040  1.00000E-040  1.00000E-040  1.00000E-040  1.00000E-040  1.00000E-040  1.00000E-040  1.00000E-040  1.00000E-040  1.00000E-040  1.69490E-034  1.00000E-040  1.00516E-040  3.55126E-021  5.45163E-007  6.82145E-004  4.93245E-014  2.47196E-016  2.11899E-001  9.72393E-008  3.63292E-004  1.55921E-022  1.11236E-010  1.00000E-040  1.00000E-040  2.30675E-033  4.67661E-020  2.25161E-006  1.03523E-028  3.59775E-026  1.00000E-040  1.00000E-040  1.08362E-040  2.10911E-012  3.96469E-018  1.96670E-018  5.96953E-011  1.00000E-040  1.00000E-040  5.30174E-010  1.00000E-040  3.85715E-017  5.38154E-037  7.87053E-001  6.20607E-030  4.28660E-028  4.15054E-022  1.00000E-040  1.00000E-040  1.32023E-029  4.87837E-025  7.16367E-015  5.70358E-017  1.46360E-011  1.48264E-021  3.12456E-007  2.12351E-009  4.06282E-008  1.28592E-012  5.52385E-017  4.16398E-020  2.12577E-013  3.77488E-011  1.43514E-011  2.03150E-010  6.81569E-017  3.45441E-025  6.34549E-020  1.00000E-040  1.51877E-011  3.36977E-023  3.34867E-017  6.52651E-024  9.58663E-026  5.51918E-040  3.54583E-038  1.00000E-040  1.00000E-040  3.66977E-018  1.00000E-040  1.75247E-040  1.06341E-025  1.36414E-027  4.37633E-035  2.36183E-037  9.79024E-034  6.80497E-017  2.23207E-018  3.49546E-014  1.36324E-030  1.80263E-029  1.00000E-040  8.87032E-024  1.00000E-040  3.41312E-024  7.90635E-031  1.10797E-021  1.40430E-025  5.54648E-009  5.25861E-023  1.00000E-040  1.07435E-023  3.80575E-040  1.00000E-040  3.98640E-024  1.00000E-040  5.02047E-030  8.29132E-040  7.79068E-022  1.00000E-040  1.00000E-003  1.00000E-005  1.00000E-005  1.00000E-005  1.00000E-005  1.00000E-005  1.00000E-005  1.00000E-005  1.00000E-005  1.00000E-005  1.00000E-005  1.00000E-005  1.00000E-005  1.00000E-005  1.00000E-005  1.00000E-005  
7.50000E+000  4.00627E-001  1.20364E+019  2.41079E+002  1.00000E+005  1.93357E-004  2.15085E-035  1.00000E-040  8.78295E-011  1.00000E-040  1.00000E-040  1.00000E-040  1.00000E-040  1.00000E-040  1.00000E-040  1.00000E-040  1.00000E-040  1.00000E-040  1.00000E-040  4.55324E-032  1.00000E-040  1.00544E-040  4.63724E-021  5.47057E-007  4.02368E-004  5.99191E-014  3.38803E-016  2.11958E-001  9.53535E-008  3.63399E-004  2.19708E-022  1.32664E-010  1.00000E-040  1.00000E-040  2.67238E-033  4.78780E-020  2.25010E-006  1.06601E-028  3.56298E-026  1.00000E-040  1.00000E-040  1.08392E-040  1.68384E-012  3.44741E-018  2.84236E-018  5.33131E-011  1.00000E-040  1.00000E-040  5.29897E-010  1.00000E-040  3.92045E-017  1.07497E-036  7.87273E-001  7.16273E-030  4.33683E-028  4.14754E-022  1.00000E-040  1.00000E-040  1.17289E-029  4.45552E-025  1.62010E-014  7.91320E-017  1.59612E-011  1.36495E-021  3.12461E-007  2.33262E-009  4.66770E-008  1.69486E-012  6.70151E-017  6.60864E-020  4.07407E-013  5.04240E-011  8.59062E-012  2.03143E-010  9.04957E-017  3.91356E-025  8.47635E-020  1.00000E-040  1.89290E-011  3.46012E-023  3.03364E-017  9.69293E-024  8.88294E-026  5.52080E-040  3.25041E-038  1.00000E-040  1.00000E-040  4.92619E-018  1.00000E-040  1.82278E-040  9.83716E-026  9.46977E-028  4.61762E-035  1.17629E-033  6.87250E-034  1.09887E-016  3.50106E-018  3.88468E-014  9.58711E-031  1.98500E-029  1.00000E-040  2.08412E-023  1.00000E-040  5.30736E-024  8.60358E-031  1.10828E-021  1.27956E-025  3.59885E-009  5.98829E-023  1.00000E-040  1.10043E-023  4.13172E-040  1.00000E-040  3.39928E-024  1.00000E-040  5.00850E-030  8.41544E-040  1.05054E-021  1.00000E-040  1.00000E-003  1.00000E-005  1.00000E-005  1.00000E-005  1.00000E-005  1.00000E-005  1.00000E-005  1.00000E-005  1.00000E-005  1.00000E-005  1.00000E-005  1.00000E-005  1.00000E-005  1.00000E-005  1.00000E-005  1.00000E-005  
8.50000E+000  3.47150E-001  1.07181E+019  2.34594E+002  1.00000E+005  1.20355E-004  3.88131E-033  1.00000E-040  1.68043E-010  1.00000E-040  1.00000E-040  1.00000E-040  1.00000E-040  1.00000E-040  1.00000E-040  1.00000E-040  1.00000E-040  1.00000E-040  1.00000E-040  8.14899E-030  1.00000E-040  1.00562E-040  6.04111E-021  5.48686E-007  2.30124E-004  7.19306E-014  4.61463E-016  2.11994E-001  9.34035E-008  3.63467E-004  3.08197E-022  1.58209E-010  1.00000E-040  1.00000E-040  2.98758E-033  4.80432E-020  2.24841E-006  1.01674E-028  3.53578E-026  1.00000E-040  1.00000E-040  1.08410E-040  1.24349E-012  2.78411E-018  3.84997E-018  4.54538E-011  1.00000E-040  1.00000E-040  5.29544E-010  1.00000E-040  3.99183E-017  2.14790E-036  7.87409E-001  8.20175E-030  4.31067E-028  4.14239E-022  1.00000E-040  1.00000E-040  1.04249E-029  4.08450E-025  4.54492E-014  1.11754E-016  1.73343E-011  1.23621E-021  3.12423E-007  2.48095E-009  5.31016E-008  2.23634E-012  8.05338E-017  1.11513E-019  7.99907E-013  6.53145E-011  4.30747E-012  2.02516E-010  1.18607E-016  4.54571E-025  1.09775E-019  1.00000E-040  2.31087E-011  3.57437E-023  2.76227E-017  1.41250E-023  8.22792E-026  5.52184E-040  2.97047E-038  1.00000E-040  1.00000E-040  6.49427E-018  1.00000E-040  1.87990E-040  9.12049E-026  6.24268E-028  4.67747E-035  1.00000E-040  4.66283E-034  1.67606E-016  5.57496E-018  4.29971E-014  6.64035E-031  2.22087E-029  1.00000E-040  5.02504E-023  1.00000E-040  8.23436E-024  1.34043E-030  1.10847E-021  1.17253E-025  1.86667E-009  6.44743E-023  1.00000E-040  1.12952E-023  5.68952E-040  1.00000E-040  2.76219E-024  1.00000E-040  4.99774E-030  8.55480E-040  1.39834E-021  1.00000E-040  1.00000E-003  1.00000E-005  1.00000E-005  1.00000E-005  1.00000E-005  1.00000E-005  1.00000E-005  1.00000E-005  1.00000E-005  1.00000E-005  1.00000E-005  1.00000E-005  1.00000E-005  1.00000E-005  1.00000E-005  1.00000E-005  
9.50000E+000  2.99637E-001  9.51402E+018  2.28112E+002  9.61769E+004  6.99988E-005  3.98339E-031  1.00000E-040  7.97859E-010  1.00000E-040  1.00000E-040  1.00000E-040  1.00000E-040  1.00000E-040  1.00000E-040  1.00000E-040  1.00000E-040  1.00000E-040  1.00000E-040  8.24471E-028  1.00000E-040  1.00572E-040  7.69728E-021  5.49958E-007  1.28243E-004  8.43929E-014  6.25134E-016  2.12016E-001  9.12117E-008  3.63510E-004  4.08260E-022  1.79325E-010  1.00000E-040  1.00000E-040  3.15253E-033  4.67355E-020  2.24654E-006  8.73960E-029  3.52181E-026  1.00000E-040  1.00000E-040  1.08421E-040  8.29700E-013  2.02698E-018  4.74535E-018  3.72494E-011  1.00000E-040  1.00000E-040  5.29117E-010  1.00000E-040  4.07419E-017  4.23480E-036  7.87489E-001  9.27116E-030  4.15513E-028  4.13481E-022  1.00000E-040  1.00000E-040  9.32167E-030  3.78095E-025  2.05772E-013  1.60249E-016  1.84779E-011  1.09545E-021  3.12348E-007  2.47805E-009  5.98003E-008  2.99628E-012  9.52562E-017  1.82879E-019  1.61230E-012  8.24795E-011  2.72460E-012  2.01449E-010  1.53503E-016  5.34317E-025  1.36193E-019  1.00000E-040  2.75886E-011  3.72047E-023  2.52847E-017  1.97593E-023  7.65089E-026  5.52251E-040  2.70835E-038  1.00000E-040  1.00000E-040  8.37219E-018  1.00000E-040  1.91281E-040  8.50081E-026  3.78007E-028  4.44742E-035  1.00000E-040  2.99028E-034  2.34825E-016  8.91938E-018  4.75801E-014  4.55432E-031  2.52930E-029  1.00000E-040  1.23729E-022  1.00000E-040  1.23796E-023  3.30416E-030  1.10859E-021  1.08725E-025  5.84364E-010  6.53628E-023  1.00000E-040  1.16279E-023  9.16937E-040  1.00000E-040  2.10128E-024  1.00000E-040  4.98814E-030  8.71417E-040  1.84153E-021  1.00000E-040  1.00000E-003  1.00000E-005  1.00000E-005  1.00000E-005  1.00000E-005  1.00000E-005  1.00000E-005  1.00000E-005  1.00000E-005  1.00000E-005  1.00000E-005  1.00000E-005  1.00000E-005  1.00000E-005  1.00000E-005  1.00000E-005  
1.05000E+001  2.57553E-001  8.41689E+018  2.21632E+002  6.85565E+004  3.21847E-005  1.25068E-029  1.00000E-040  1.32819E-008  1.00000E-040  1.00000E-040  1.00000E-040  1.00000E-040  1.00000E-040  1.00000E-040  1.00000E-040  1.00000E-040  1.00000E-040  1.00000E-040  2.46565E-026  1.00000E-040  1.00578E-040  9.38800E-021  5.50856E-007  7.08193E-005  1.08126E-013  8.68430E-016  2.12028E-001  8.81205E-008  3.63537E-004  3.03334E-022  1.08563E-010  1.00000E-040  1.00000E-040  3.90001E-033  4.90643E-020  2.24410E-006  7.53851E-029  3.53027E-026  1.00000E-040  1.00000E-040  1.08426E-040  4.85343E-013  1.43145E-018  5.80720E-018  2.92301E-011  1.00000E-040  1.00000E-040  5.28524E-010  1.00000E-040  4.18706E-017  9.80131E-036  7.87534E-001  1.10295E-029  4.32078E-028  4.12262E-022  1.00000E-040  1.00000E-040  8.30773E-030  3.55141E-025  1.95899E-012  2.37933E-016  1.56754E-011  9.84517E-022  3.12222E-007  2.09048E-009  6.76662E-008  3.27381E-012  1.14517E-016  3.07189E-019  3.52321E-012  1.04556E-010  2.59289E-012  1.99825E-010  2.06184E-016  6.93967E-025  1.77337E-019  1.00000E-040  3.30451E-011  3.93999E-023  2.29361E-017  2.65589E-023  7.31996E-026  5.52298E-040  2.42950E-038  1.00000E-040  1.00000E-040  1.08416E-017  1.00000E-040  2.15605E-040  8.04463E-026  2.40515E-028  4.92768E-035  2.33865E-033  1.76873E-034  3.30364E-016  6.67759E-018  5.18655E-014  2.95297E-031  3.00346E-029  1.00000E-040  3.39569E-022  1.00000E-040  1.82264E-023  1.22167E-029  1.10865E-021  1.02230E-025  3.91975E-011  6.94617E-023  1.00000E-040  1.20803E-023  1.71486E-039  1.00000E-040  1.76594E-024  1.00000E-040  4.97820E-030  8.93070E-040  2.51475E-021  1.00000E-040  1.00000E-003  1.00000E-005  1.00000E-005  1.00000E-005  1.00000E-005  1.00000E-005  1.00000E-005  1.00000E-005  1.00000E-005  1.00000E-005  1.00000E-005  1.00000E-005  1.00000E-005  1.00000E-005  1.00000E-005  1.00000E-005  
1.15000E+001  2.20526E-001  7.36836E+018  2.16773E+002  2.37960E+004  6.94257E-006  3.18500E-029  1.00000E-040  6.33355E-009  1.00000E-040  1.00000E-040  1.00000E-040  1.00000E-040  1.00000E-040  1.00000E-040  1.00000E-040  1.00000E-040  1.00000E-040  1.00000E-040  2.47884E-026  1.00000E-040  1.00581E-040  1.02518E-020  5.51845E-007  4.55023E-005  1.26001E-013  1.37259E-015  2.12033E-001  8.21522E-008  3.63557E-004  1.08868E-022  3.22879E-011  1.00000E-040  1.00000E-040  4.42700E-033  5.10383E-020  2.23882E-006  4.72241E-029  3.62150E-026  1.00000E-040  1.00000E-040  1.08427E-040  2.17482E-013  6.87026E-019  4.77142E-018  1.99609E-011  1.00000E-040  1.00000E-040  5.27176E-010  1.00000E-040  4.44640E-017  1.83217E-035  7.87554E-001  1.24284E-029  4.23134E-028  4.09140E-022  1.00000E-040  1.00000E-040  7.05751E-030  3.51927E-025  6.22100E-012  3.41315E-016  1.08674E-011  8.38315E-022  3.11899E-007  1.28851E-009  8.35390E-008  4.61682E-012  1.59014E-016  3.58292E-019  8.45412E-012  1.53233E-010  3.60531E-012  1.97869E-010  2.70311E-016  9.43796E-025  2.37722E-019  1.00000E-040  4.20762E-011  4.48921E-023  1.99772E-017  3.16172E-023  7.04913E-026  5.52349E-040  1.96677E-038  1.00000E-040  1.00000E-040  1.64000E-017  1.00000E-040  2.37006E-040  8.20889E-026  1.03921E-028  5.12754E-035  1.20575E-036  1.05166E-034  3.05769E-016  2.41563E-018  6.63208E-014  1.66328E-031  4.23204E-029  1.00000E-040  7.19345E-022  1.00000E-040  2.02001E-023  9.20245E-029  1.10867E-021  1.00338E-025  3.89480E-012  5.73725E-023  1.00000E-040  1.31129E-023  4.83906E-039  1.00000E-040  1.35919E-024  1.00000E-040  4.96197E-030  9.42650E-040  3.83143E-021  1.00000E-040  1.00000E-003  1.00000E-005  1.00000E-005  1.00000E-005  1.00000E-005  1.00000E-005  1.00000E-005  1.00000E-005  1.00000E-005  1.00000E-005  1.00000E-005  1.00000E-005  1.00000E-005  1.00000E-005  1.00000E-005  1.00000E-005  
1.25000E+001  1.88486E-001  6.29781E+018  2.16773E+002  1.42829E+004  1.00000E-040  8.37698E-029  1.00000E-040  3.28812E-009  1.00000E-040  1.00000E-040  1.00000E-040  1.00000E-040  1.00000E-040  1.00000E-040  1.00000E-040  1.00000E-040  1.00000E-040  1.00000E-040  2.53985E-026  1.00000E-040  1.00582E-040  1.18019E-020  5.53689E-007  4.55257E-005  1.41722E-013  2.75113E-015  2.12033E-001  7.20284E-008  3.63578E-004  9.65806E-023  2.40098E-011  1.00000E-040  1.00000E-040  6.55460E-033  6.71962E-020  2.22630E-006  3.50634E-029  4.08670E-026  1.00484E-035  1.10743E-034  1.08422E-040  6.45089E-014  2.31549E-019  2.27236E-018  1.07742E-011  1.00000E-040  1.00000E-040  5.23852E-010  1.00000E-040  5.10731E-017  4.05492E-035  7.87554E-001  1.52922E-029  4.58864E-028  4.00735E-022  1.00000E-040  1.00000E-040  5.90542E-030  4.29253E-025  1.42598E-011  5.25653E-016  8.16777E-012  8.43691E-022  3.11062E-007  5.99715E-010  1.20124E-007  1.00017E-011  2.98585E-016  2.47563E-019  1.78202E-011  2.79839E-010  3.56909E-012  1.95311E-010  3.23752E-016  1.45151E-024  3.77494E-019  1.00000E-040  5.87930E-011  6.00277E-023  1.76160E-017  3.20777E-023  8.27614E-026  5.52448E-040  1.22707E-038  1.00000E-040  1.00000E-040  3.25674E-017  1.00000E-040  3.25150E-040  1.03826E-025  6.03841E-029  7.59174E-035  5.63613E-034  1.03480E-034  1.48257E-016  2.50769E-018  1.01778E-013  1.11804E-031  7.80688E-029  1.00000E-040  8.15500E-022  1.00000E-040  1.93653E-023  5.23403E-028  1.10867E-021  1.16605E-025  1.76419E-012  3.39133E-023  1.00000E-040  1.57294E-023  2.06311E-038  1.00000E-040  1.43615E-024  1.00000E-040  4.93481E-030  1.06827E-039  6.83164E-021  1.00000E-040  1.00000E-003  1.00000E-005  1.00000E-005  1.00000E-005  1.00000E-005  1.00000E-005  1.00000E-005  1.00000E-005  1.00000E-005  1.00000E-005  1.00000E-005  1.00000E-005  1.00000E-005  1.00000E-005  1.00000E-005  1.00000E-005  
1.35000E+001  1.61108E-001  5.38307E+018  2.16773E+002  6.95701E+003  1.00000E-040  2.19496E-028  1.00000E-040  1.69904E-009  1.00000E-040  1.00000E-040  1.00000E-040  1.00000E-040  1.00000E-040  1.00000E-040  1.00000E-040  1.00000E-040  1.00000E-040  1.00000E-040  2.59305E-026  1.00000E-040  1.00585E-040  1.41774E-020  5.56836E-007  4.55725E-005  1.77631E-013  6.03952E-015  2.12033E-001  5.81134E-008  3.63615E-004  1.19766E-022  2.43788E-011  1.00000E-040  1.00000E-040  1.19241E-032  9.75288E-020  2.20101E-006  9.27124E-029  5.93443E-026  1.89032E-032  2.10315E-031  1.08412E-040  1.19193E-014  9.86420E-020  1.49137E-018  4.37469E-012  1.00000E-040  1.00000E-040  5.16884E-010  1.00000E-040  6.54449E-017  5.66940E-034  7.87555E-001  2.27860E-029  5.47150E-028  3.82327E-022  1.00000E-040  1.00000E-040  5.71382E-030  6.29418E-025  2.68652E-011  7.13959E-016  6.45508E-012  1.04397E-021  3.09252E-007  2.64843E-010  1.90361E-007  2.19826E-011  6.93309E-016  1.42724E-019  3.05498E-011  5.63810E-010  3.07710E-012  1.86120E-010  3.88774E-016  3.10747E-024  8.31210E-019  1.00000E-040  9.14385E-011  9.54213E-023  1.80304E-017  2.97837E-023  1.28610E-025  5.52675E-040  4.83117E-039  1.00000E-040  1.00000E-040  7.98135E-017  1.00000E-040  5.97575E-040  1.52985E-025  5.25210E-029  1.38103E-034  1.00000E-040  1.06262E-034  1.00038E-016  3.10544E-018  1.51379E-013  9.48152E-032  1.70526E-028  1.00000E-040  1.12146E-021  1.00000E-040  1.75799E-023  4.57867E-028  1.10866E-021  1.60252E-025  1.15941E-012  1.67426E-023  1.00000E-040  2.13904E-023  1.14706E-037  1.00000E-040  1.89207E-024  1.00000E-040  4.90126E-030  1.33980E-039  1.32579E-020  1.00000E-040  1.00000E-003  1.00000E-005  1.00000E-005  1.00000E-005  1.00000E-005  1.00000E-005  1.00000E-005  1.00000E-005  1.00000E-005  1.00000E-005  1.00000E-005  1.00000E-005  1.00000E-005  1.00000E-005  1.00000E-005  1.00000E-005  
1.45000E+001  1.37715E-001  4.60142E+018  2.16773E+002  5.42540E+003  1.00000E-040  5.73253E-028  1.00000E-040  1.12473E-009  1.00000E-040  1.00000E-040  1.00000E-040  1.00000E-040  1.00000E-040  1.00000E-040  1.00000E-040  1.00000E-040  1.00000E-040  1.00000E-040  2.63924E-026  1.00000E-040  1.00591E-040  1.74776E-020  5.61397E-007  4.56559E-005  2.49528E-013  1.34927E-014  2.12032E-001  4.23583E-008  3.63670E-004  1.69675E-022  2.73650E-011  1.00000E-040  1.00000E-040  2.68667E-032  1.56415E-019  2.15609E-006  3.70676E-028  5.63273E-026  2.42743E-032  2.71503E-031  1.08393E-040  1.29086E-015  6.93275E-020  1.61267E-018  1.31885E-012  1.00000E-040  1.00000E-040  5.04052E-010  1.00000E-040  9.28722E-017  1.04864E-032  7.87556E-001  4.18370E-029  7.34960E-028  3.48370E-022  1.00000E-040  1.69770E-040  7.30749E-030  1.01902E-024  4.11370E-011  8.01831E-016  6.35544E-012  1.60366E-021  3.05819E-007  1.74860E-010  3.07862E-007  4.34476E-011  1.70980E-015  6.80852E-020  4.22831E-011  1.12092E-009  1.79769E-012  1.63766E-010  4.69899E-016  8.04234E-024  2.17274E-018  1.00000E-040  1.46498E-010  1.69615E-022  2.33946E-017  2.53692E-023  2.39676E-025  5.53147E-040  9.62035E-040  1.00000E-040  1.00000E-040  2.06288E-016  1.00000E-040  1.35906E-039  2.47201E-025  7.27030E-029  3.11133E-034  8.93591E-033  1.12007E-034  1.13622E-016  4.25637E-018  2.00438E-013  8.60455E-032  4.03376E-028  1.00000E-040  1.91285E-021  1.00000E-040  1.46732E-023  9.96932E-030  1.10865E-021  2.39518E-025  1.03717E-012  6.85078E-024  1.00000E-040  3.21349E-023  1.52662E-037  1.00000E-040  3.09969E-024  1.00000E-040  4.88115E-030  1.85533E-039  2.61679E-020  1.00000E-040  1.00000E-003  1.00000E-005  1.00000E-005  1.00000E-005  1.00000E-005  1.00000E-005  1.00000E-005  1.00000E-005  1.00000E-005  1.00000E-005  1.00000E-005  1.00000E-005  1.00000E-005  1.00000E-005  1.00000E-005  1.00000E-005  
1.55000E+001  1.17723E-001  3.93346E+018  2.16773E+002  4.40851E+003  1.00000E-040  1.49294E-027  1.00000E-040  9.04100E-010  1.00000E-040  1.00000E-040  1.00000E-040  1.00000E-040  1.00000E-040  1.00000E-040  1.00000E-040  1.00000E-040  1.00000E-040  1.00000E-040  2.67921E-026  1.00000E-040  1.00598E-040  2.08946E-020  5.66110E-007  4.57713E-005  3.47719E-013  2.79271E-014  2.12030E-001  2.97662E-008  3.63737E-004  2.37249E-022  3.02911E-011  1.00000E-040  1.00000E-040  5.90891E-032  2.46794E-019  2.09466E-006  1.43238E-027  1.98472E-026  9.31070E-033  1.00000E-040  1.08365E-040  1.01722E-016  6.06158E-020  1.98631E-018  4.30690E-013  1.00000E-040  1.00000E-040  4.85784E-010  1.00000E-040  1.33471E-016  1.39996E-031  7.87557E-001  7.68708E-029  9.50970E-028  3.02162E-022  1.00000E-040  6.13879E-040  1.06348E-029  1.59971E-024  5.72003E-011  8.23779E-016  7.07231E-012  2.47041E-021  3.00782E-007  1.66614E-010  4.61727E-007  7.47793E-011  3.58064E-015  3.46968E-020  5.19680E-011  1.94128E-009  9.62389E-013  1.35270E-010  5.44337E-016  1.66223E-023  4.65871E-018  1.00000E-040  2.08365E-010  2.97013E-022  3.38884E-017  1.98912E-023  4.35198E-025  5.53940E-040  1.16782E-040  1.00000E-040  1.00000E-040  4.39532E-016  1.00000E-040  2.97310E-039  3.86894E-025  1.15238E-028  6.84083E-034  2.06358E-033  1.14569E-034  1.48827E-016  5.74110E-018  2.43361E-013  7.68982E-032  9.50201E-028  1.00000E-040  3.27911E-021  1.00000E-040  1.12097E-023  4.50416E-031  1.10862E-021  3.41784E-025  1.00517E-012  2.99903E-024  6.82068E-040  4.79226E-023  4.03520E-038  1.00000E-040  4.96529E-024  1.00000E-040  4.91703E-030  2.60685E-039  4.79968E-020  1.00000E-040  1.00000E-003  1.00000E-005  1.00000E-005  1.00000E-005  1.00000E-005  1.00000E-005  1.00000E-005  1.00000E-005  1.00000E-005  1.00000E-005  1.00000E-005  1.00000E-005  1.00000E-005  1.00000E-005  1.00000E-005  1.00000E-005  
1.65000E+001  1.00639E-001  3.36263E+018  2.16773E+002  3.94335E+003  1.00000E-040  3.87873E-027  1.00000E-040  8.27510E-010  1.00000E-040  1.00000E-040  1.00000E-040  1.00000E-040  1.00000E-040  1.00000E-040  1.00000E-040  1.00000E-040  1.00000E-040  1.00000E-040  2.71373E-026  1.00000E-040  1.00609E-040  2.45672E-020  5.70022E-007  4.59197E-005  4.65527E-013  5.46503E-014  2.12029E-001  2.11571E-008  3.63813E-004  3.14830E-022  3.21873E-011  1.00000E-040  1.00000E-040  1.19189E-031  3.71540E-019  2.01657E-006  4.99891E-027  2.46937E-026  4.69974E-033  1.25516E-031  1.08327E-040  8.06806E-018  5.42576E-020  2.36799E-018  2.40257E-013  1.00000E-040  1.00000E-040  4.61539E-010  1.00000E-040  1.89716E-016  1.44227E-030  7.87558E-001  1.33565E-028  1.08162E-027  2.47039E-022  1.00000E-040  1.00000E-040  1.54990E-029  2.42478E-024  7.81031E-011  8.19142E-016  8.16046E-012  3.60267E-021  2.93884E-007  1.78725E-010  6.54801E-007  1.20933E-010  6.59187E-015  2.88324E-020  6.20878E-011  3.04808E-009  6.10944E-013  1.07367E-010  6.00192E-016  2.69125E-023  8.15468E-018  1.00000E-040  2.65565E-010  5.16010E-022  4.96831E-017  1.49827E-023  7.60925E-025  5.55234E-040  1.00000E-040  1.00000E-040  1.00000E-040  7.94530E-016  1.00000E-040  6.03337E-039  5.84453E-025  1.72672E-028  1.37878E-033  1.00000E-040  1.15505E-034  1.88627E-016  7.38923E-018  2.84352E-013  6.75868E-032  2.37397E-027  1.00000E-040  5.34315E-021  1.00000E-040  8.16245E-024  3.99421E-031  1.10859E-021  4.59019E-025  9.46328E-013  2.14445E-024  1.31950E-037  6.95816E-023  4.98466E-038  1.00000E-040  7.29841E-024  1.00000E-040  5.05831E-030  3.67308E-039  8.36533E-020  1.00000E-040  1.00000E-003  1.00000E-005  1.00000E-005  1.00000E-005  1.00000E-005  1.00000E-005  1.00000E-005  1.00000E-005  1.00000E-005  1.00000E-005  1.00000E-005  1.00000E-005  1.00000E-005  1.00000E-005  1.00000E-005  1.00000E-005  
1.75000E+001  8.60386E-002  2.87478E+018  2.16773E+002  3.89374E+003  1.00000E-040  1.00561E-026  1.00000E-040  7.94514E-010  1.00000E-040  1.00000E-040  1.00000E-040  1.00000E-040  1.00000E-040  1.00000E-040  1.00000E-040  1.00000E-040  1.00000E-040  1.00000E-040  2.74348E-026  1.00000E-040  1.00622E-040  2.99885E-020  5.72052E-007  4.60928E-005  6.06235E-013  1.01689E-013  2.12026E-001  1.60439E-008  3.63895E-004  4.02522E-022  3.32455E-011  1.00000E-040  1.00000E-040  2.26522E-031  5.41185E-019  1.92662E-006  1.56888E-026  7.05137E-026  1.04215E-031  1.30009E-030  1.08278E-040  2.10235E-018  4.91072E-020  2.75600E-018  2.16031E-013  1.00000E-040  1.00000E-040  4.32353E-010  1.00000E-040  2.60578E-016  1.19077E-029  7.87560E-001  2.16939E-028  1.07283E-027  1.91571E-022  1.00000E-040  1.00000E-040  2.14337E-029  3.54173E-024  1.05085E-010  8.04897E-016  9.57047E-012  4.91485E-021  2.85322E-007  2.00457E-010  8.82757E-007  1.84423E-010  1.08748E-014  3.73310E-020  7.27970E-011  4.38966E-009  5.22842E-013  8.35722E-011  6.41405E-016  3.59856E-023  1.21104E-017  1.00000E-040  3.09861E-010  8.84122E-022  7.16470E-017  1.17523E-023  1.28846E-024  5.57212E-040  1.00000E-040  1.00000E-040  1.00000E-040  1.25189E-015  1.00000E-040  1.14764E-038  8.50658E-025  2.82656E-028  2.61536E-033  1.00000E-040  1.21707E-034  2.29628E-016  9.20217E-018  3.18628E-013  6.00259E-032  6.19498E-027  1.00000E-040  8.18393E-021  1.02046E-040  6.13453E-024  4.66784E-031  1.10855E-021  5.80291E-025  8.74557E-013  2.39197E-024  3.22291E-035  9.65349E-023  2.63009E-037  1.00000E-040  1.01013E-023  1.00000E-040  5.34943E-030  5.05652E-039  1.39535E-019  1.00000E-040  1.00000E-003  1.00000E-005  1.00000E-005  1.00000E-005  1.00000E-005  1.00000E-005  1.00000E-005  1.00000E-005  1.00000E-005  1.00000E-005  1.00000E-005  1.00000E-005  1.00000E-005  1.00000E-005  1.00000E-005  1.00000E-005  
1.85000E+001  7.35599E-002  2.45783E+018  2.16773E+002  3.93732E+003  1.00000E-040  2.60249E-026  1.00000E-040  7.72247E-010  1.00000E-040  1.00000E-040  1.00000E-040  1.00000E-040  1.00000E-040  1.00000E-040  1.00000E-040  1.00000E-040  1.00000E-040  1.00000E-040  2.76912E-026  1.00000E-040  1.00638E-040  3.87706E-020  5.71560E-007  4.62828E-005  7.80423E-013  1.82297E-013  2.12024E-001  1.31741E-008  3.63980E-004  5.06021E-022  3.38718E-011  1.00000E-040  1.00000E-040  4.19925E-031  7.75955E-019  1.82908E-006  4.46498E-026  5.80405E-027  1.00000E-040  1.00000E-040  1.08222E-040  1.54260E-018  4.50221E-020  3.22864E-018  2.28766E-013  1.00000E-040  1.00000E-040  3.99299E-010  1.00000E-040  3.44717E-016  8.09996E-029  7.87562E-001  3.33638E-028  9.59645E-028  1.42388E-022  1.00000E-040  1.00000E-040  2.79136E-029  5.05420E-024  1.38760E-010  7.85165E-016  1.13640E-011  6.35187E-021  2.75334E-007  2.31189E-010  1.14604E-006  2.66910E-010  1.65534E-014  5.59301E-020  8.35492E-011  5.90886E-009  5.42463E-013  6.40146E-011  6.74568E-016  4.25918E-023  1.61360E-017  5.66561E-039  3.40071E-010  1.50463E-021  1.02337E-016  1.00570E-023  2.15442E-024  5.60115E-040  1.00000E-040  1.00000E-040  1.00000E-040  1.78973E-015  1.00000E-040  2.10832E-038  1.20953E-024  4.50874E-028  4.82737E-033  1.00000E-040  1.38487E-034  2.72354E-016  1.12810E-017  3.42642E-013  5.45569E-032  1.66244E-026  1.00000E-040  1.19348E-020  1.70347E-040  4.97771E-024  5.09763E-031  1.10850E-021  7.03457E-025  8.10329E-013  3.08946E-024  9.15109E-033  1.28080E-022  7.92018E-039  1.00000E-040  1.36090E-023  1.00000E-040  5.82597E-030  6.74286E-039  2.25918E-019  1.00000E-040  1.00000E-003  1.00000E-005  1.00000E-005  1.00000E-005  1.00000E-005  1.00000E-005  1.00000E-005  1.00000E-005  1.00000E-005  1.00000E-005  1.00000E-005  1.00000E-005  1.00000E-005  1.00000E-005  1.00000E-005  1.00000E-005  
1.95000E+001  6.28941E-002  2.10146E+018  2.16773E+002  4.20491E+003  1.00000E-040  6.72473E-026  1.00000E-040  7.52101E-010  1.00000E-040  1.00000E-040  1.00000E-040  1.00000E-040  1.00000E-040  1.00000E-040  1.00000E-040  1.00000E-040  1.00000E-040  1.00000E-040  2.79120E-026  1.00000E-040  1.00656E-040  5.26899E-020  5.68278E-007  4.64837E-005  1.00249E-012  3.18568E-013  2.12021E-001  1.15570E-008  3.64066E-004  6.33232E-022  3.43315E-011  1.00000E-040  1.00000E-040  7.76076E-031  1.10644E-018  1.72713E-006  1.16396E-025  1.14518E-026  2.93522E-032  3.06439E-031  1.08159E-040  1.32904E-018  4.17100E-020  3.90759E-018  2.59735E-013  1.00000E-040  1.00000E-040  3.63303E-010  1.00000E-040  4.40927E-016  4.65622E-028  7.87565E-001  4.92226E-028  8.06860E-028  1.02232E-022  1.00000E-040  1.00000E-040  3.40906E-029  7.13276E-024  1.79667E-010  7.59622E-016  1.36611E-011  7.87687E-021  2.64142E-007  2.73168E-010  1.44941E-006  3.70034E-010  2.37900E-014  8.91038E-020  9.38205E-011  7.55240E-009  6.01877E-013  4.82323E-011  7.06096E-016  4.70504E-023  2.01293E-017  8.37249E-037  3.58830E-010  2.56033E-021  1.46529E-016  9.54729E-024  3.60621E-024  5.64253E-040  1.00000E-040  1.00000E-040  1.00000E-040  2.40052E-015  1.00000E-040  3.82206E-038  1.70049E-024  8.11079E-028  8.84205E-033  1.00000E-040  1.74528E-034  3.17376E-016  1.37540E-017  3.55613E-013  5.08804E-032  4.52881E-026  1.00000E-040  1.67842E-020  2.65931E-040  4.42920E-024  5.17177E-031  1.10845E-021  8.31240E-025  7.61014E-013  4.24505E-024  2.90409E-030  1.63579E-022  9.63212E-038  1.00000E-040  1.82012E-023  1.00000E-040  6.51881E-030  8.63628E-039  3.59500E-019  1.00000E-040  1.00000E-003  1.00000E-005  1.00000E-005  1.00000E-005  1.00000E-005  1.00000E-005  1.00000E-005  1.00000E-005  1.00000E-005  1.00000E-005  1.00000E-005  1.00000E-005  1.00000E-005  1.00000E-005  1.00000E-005  1.00000E-005  
2.05000E+001  5.37819E-002  1.79494E+018  2.17022E+002  4.72335E+003  1.00000E-040  1.73706E-025  1.00000E-040  7.31435E-010  1.00000E-040  1.00000E-040  1.00000E-040  1.00000E-040  1.00000E-040  1.00000E-040  1.00000E-040  1.00000E-040  1.00000E-040  1.00000E-040  2.81304E-026  1.00000E-040  1.00674E-040  7.48289E-020  5.62334E-007  4.66859E-005  1.28981E-012  5.47166E-013  2.12018E-001  1.06600E-008  3.64150E-004  8.01010E-022  3.50675E-011  1.00000E-040  1.00000E-040  1.47381E-030  1.60022E-018  1.62568E-006  2.81360E-025  2.55867E-027  1.00000E-040  1.00000E-040  1.08093E-040  1.18893E-018  3.93386E-020  4.97751E-018  3.16608E-013  1.00000E-040  1.00000E-040  3.26131E-010  1.00000E-040  5.45463E-016  2.27553E-027  7.87567E-001  6.99927E-028  6.67359E-028  7.16000E-023  1.00000E-040  7.05288E-039  3.87225E-029  9.97609E-024  2.28422E-010  7.28966E-016  1.66598E-011  9.44353E-021  2.52249E-007  3.29746E-010  1.79152E-006  4.96135E-010  3.27865E-014  1.56680E-019  1.02849E-010  9.22402E-009  7.01507E-013  3.67428E-011  7.46212E-016  5.01348E-023  2.39774E-017  9.79781E-035  3.70292E-010  4.32653E-021  2.13358E-016  1.02545E-023  6.04868E-024  5.69871E-040  1.00000E-040  1.00000E-040  1.00000E-040  3.08379E-015  1.00000E-040  6.89525E-038  2.36674E-024  1.49469E-027  1.65851E-032  4.41400E-031  2.60773E-034  3.58702E-016  1.68304E-017  3.58083E-013  5.08803E-032  1.21199E-025  1.17758E-037  2.20362E-020  3.83650E-040  4.40679E-024  4.84758E-031  1.10839E-021  9.61229E-025  7.35144E-013  6.20885E-024  9.87107E-028  2.01502E-022  1.00000E-040  1.00000E-040  2.48833E-023  1.00000E-040  7.43462E-030  1.06388E-038  5.65364E-019  1.00000E-040  1.00000E-003  1.00000E-005  1.00000E-005  1.00000E-005  1.00000E-005  1.00000E-005  1.00000E-005  1.00000E-005  1.00000E-005  1.00000E-005  1.00000E-005  1.00000E-005  1.00000E-005  1.00000E-005  1.00000E-005  1.00000E-005  
2.15000E+001  4.60117E-002  1.52862E+018  2.18015E+002  5.25999E+003  1.00000E-040  4.49185E-025  1.00000E-040  7.09167E-010  1.00000E-040  1.00000E-040  1.00000E-040  1.00000E-040  1.00000E-040  1.00000E-040  1.00000E-040  1.00000E-040  1.00000E-040  1.00000E-040  2.84065E-026  1.00000E-040  1.00694E-040  1.10992E-019  5.53971E-007  4.68859E-005  1.66278E-012  9.38183E-013  2.12015E-001  1.01890E-008  3.64231E-004  1.04241E-021  3.66846E-011  1.00000E-040  1.00000E-040  2.98924E-030  2.41337E-018  1.52638E-006  6.36230E-025  1.04729E-026  3.71766E-032  4.22948E-031  1.08023E-040  1.10521E-018  3.78840E-020  6.66333E-018  4.16761E-013  1.00000E-040  1.00000E-040  2.88587E-010  1.00000E-040  6.56972E-016  9.33826E-027  7.87570E-001  9.70374E-028  5.58359E-028  4.87006E-023  1.00000E-040  1.00000E-040  4.08248E-029  1.39094E-023  2.86143E-010  6.88552E-016  2.08080E-011  1.11385E-020  2.39870E-007  4.08927E-010  2.17759E-006  6.56678E-010  4.45647E-014  3.25507E-019  1.09752E-010  1.08692E-008  8.87758E-013  2.89786E-011  8.00212E-016  5.22257E-023  2.75415E-017  1.00000E-040  3.78025E-010  7.27129E-021  3.20391E-016  1.25155E-023  1.02737E-023  5.77368E-040  1.00000E-040  1.00000E-040  1.00000E-040  3.86381E-015  1.00000E-040  1.25195E-037  3.27492E-024  2.84364E-027  3.32838E-032  2.45831E-033  2.45131E-034  3.79526E-016  2.08169E-017  3.51512E-013  6.11179E-032  1.00000E-040  1.46779E-032  2.54255E-020  5.04982E-040  4.90945E-024  4.18332E-031  1.10834E-021  1.08520E-024  7.43120E-013  9.63535E-024  1.00000E-040  2.41257E-022  8.03483E-038  1.00000E-040  3.61735E-023  1.00000E-040  8.59276E-030  1.05755E-038  8.87090E-019  1.00000E-040  1.00000E-003  1.00000E-005  1.00000E-005  1.00000E-005  1.00000E-005  1.00000E-005  1.00000E-005  1.00000E-005  1.00000E-005  1.00000E-005  1.00000E-005  1.00000E-005  1.00000E-005  1.00000E-005  1.00000E-005  1.00000E-005  
2.25000E+001  3.93942E-002  1.30283E+018  2.19008E+002  5.99062E+003  1.00000E-040  1.00000E-040  1.00000E-040  6.82009E-010  1.00000E-040  1.00000E-040  1.00000E-040  1.00000E-040  1.00000E-040  1.00000E-040  1.00000E-040  1.00000E-040  1.00000E-040  1.00000E-040  2.86594E-026  1.00000E-040  1.00715E-040  1.67442E-019  5.43381E-007  4.70827E-005  2.15431E-012  1.58911E-012  2.12011E-001  9.90645E-009  3.64308E-004  1.36509E-021  3.84637E-011  1.00000E-040  1.00000E-040  6.21295E-030  3.64910E-018  1.42966E-006  1.34895E-024  4.79553E-027  1.00000E-040  1.00000E-040  1.07951E-040  1.02778E-018  3.66272E-020  9.40802E-018  5.70003E-013  1.00000E-040  1.00000E-040  2.51144E-010  1.00000E-040  7.75217E-016  3.43895E-026  7.87573E-001  1.31798E-027  4.71702E-028  3.18494E-023  1.00000E-040  1.00000E-040  3.70847E-029  1.92521E-023  3.56041E-010  6.50916E-016  2.60370E-011  1.28746E-020  2.27093E-007  5.07301E-010  2.61491E-006  8.53972E-010  5.92967E-014  6.99976E-019  1.16187E-010  1.24604E-008  1.16745E-012  2.32179E-011  8.71840E-016  5.48034E-023  3.13267E-017  1.00000E-040  3.83754E-010  1.21327E-020  4.84767E-016  1.63004E-023  1.74403E-023  5.87382E-040  1.00000E-040  1.00000E-040  1.00000E-040  4.76483E-015  1.00000E-040  2.26781E-037  4.49741E-024  5.35983E-027  6.72830E-032  1.00000E-040  3.68105E-034  3.97315E-016  2.58414E-017  3.38614E-013  9.99257E-032  1.00000E-040  1.00000E-040  2.89232E-020  5.70735E-040  5.76846E-024  3.10371E-031  1.10827E-021  1.21007E-024  7.57493E-013  1.55065E-023  1.00000E-040  2.82684E-022  1.00000E-040  1.00000E-040  5.30569E-023  1.00000E-040  1.00274E-029  1.05575E-038  1.38848E-018  1.00000E-040  1.00000E-003  1.00000E-005  1.00000E-005  1.00000E-005  1.00000E-005  1.00000E-005  1.00000E-005  1.00000E-005  1.00000E-005  1.00000E-005  1.00000E-005  1.00000E-005  1.00000E-005  1.00000E-005  1.00000E-005  1.00000E-005  
2.35000E+001  3.37538E-002  1.11126E+018  2.20001E+002  6.81524E+003  1.00000E-040  1.00000E-040  1.00000E-040  6.47577E-010  1.00000E-040  1.00000E-040  1.00000E-040  1.00000E-040  1.00000E-040  1.00000E-040  1.00000E-040  1.00000E-040  1.00000E-040  1.00000E-040  2.88926E-026  1.00000E-040  1.00736E-040  2.55836E-019  5.30857E-007  4.72742E-005  2.81105E-012  2.66112E-012  2.12008E-001  9.70564E-009  3.64380E-004  1.80363E-021  4.04662E-011  1.00000E-040  1.00000E-040  1.33537E-029  5.54390E-018  1.33648E-006  2.70318E-024  5.74269E-027  1.00000E-040  1.00000E-040  1.07876E-040  9.48661E-019  3.56166E-020  1.38472E-017  7.88601E-013  1.00000E-040  1.00000E-040  2.14607E-010  1.26538E-040  8.99148E-016  1.15551E-025  7.87576E-001  1.76579E-027  3.99118E-028  1.98867E-023  1.00000E-040  1.00000E-040  2.61113E-029  2.64987E-023  4.43071E-010  6.21294E-016  3.24616E-011  1.46808E-020  2.14098E-007  6.21259E-010  3.10324E-006  1.09851E-009  7.76696E-014  1.52044E-018  1.22933E-010  1.39497E-008  1.57366E-012  1.88121E-011  9.67259E-016  5.83222E-023  3.54500E-017  1.00000E-040  3.88127E-010  2.00298E-020  7.37022E-016  2.23726E-023  2.94897E-023  6.00666E-040  1.00000E-040  1.00000E-040  1.00000E-040  5.79860E-015  1.00000E-040  4.11426E-037  6.14049E-024  9.90783E-027  1.37597E-031  1.00000E-040  5.38601E-034  4.12055E-016  3.22654E-017  3.21562E-013  1.99167E-031  1.00000E-040  1.00000E-040  3.26465E-020  5.11774E-040  7.08637E-024  1.85925E-031  1.10821E-021  1.34197E-024  7.74734E-013  2.52517E-023  1.00000E-040  3.25363E-022  1.00000E-040  1.00000E-040  7.88467E-023  1.00000E-040  1.17682E-029  8.60861E-039  2.17032E-018  1.00000E-040  1.00000E-003  1.00000E-005  1.00000E-005  1.00000E-005  1.00000E-005  1.00000E-005  1.00000E-005  1.00000E-005  1.00000E-005  1.00000E-005  1.00000E-005  1.00000E-005  1.00000E-005  1.00000E-005  1.00000E-005  1.00000E-005  
2.45000E+001  2.89426E-002  9.48581E+017  2.20994E+002  7.73991E+003  1.00000E-040  1.00000E-040  1.00000E-040  6.04142E-010  1.00000E-040  1.00000E-040  1.00000E-040  1.00000E-040  1.00000E-040  1.00000E-040  1.00000E-040  1.00000E-040  1.00000E-040  1.00000E-040  2.91089E-026  1.00000E-040  1.00757E-040  3.95691E-019  5.16574E-007  4.74607E-005  3.70385E-012  4.40888E-012  2.12004E-001  9.53306E-009  3.64449E-004  2.41023E-021  4.27387E-011  1.00000E-040  1.00000E-040  2.98987E-029  8.47766E-018  1.24663E-006  5.14768E-024  6.29532E-027  1.46169E-033  1.25455E-032  1.07798E-040  8.63294E-019  3.48817E-020  2.09872E-017  1.07826E-012  1.00000E-040  1.00000E-040  1.79456E-010  2.17368E-040  1.02906E-015  3.59160E-025  7.87579E-001  2.34981E-027  3.30848E-028  1.17830E-023  1.00000E-040  1.00000E-040  1.07886E-029  3.65228E-023  5.55403E-010  6.04225E-016  4.01307E-011  1.66259E-020  2.00936E-007  7.42441E-010  3.64002E-006  1.40732E-009  1.00709E-013  3.26846E-018  1.30960E-010  1.53011E-008  2.15087E-012  1.53737E-011  1.09459E-015  6.33038E-023  4.00800E-017  1.00000E-040  3.91530E-010  3.27723E-020  1.12724E-015  3.20972E-023  4.97430E-023  6.18337E-040  1.30054E-040  1.00000E-040  1.00000E-040  6.97586E-015  1.05559E-040  7.54726E-037  8.39181E-024  1.78604E-026  2.85921E-031  1.00000E-040  7.87709E-034  4.23548E-016  4.05919E-017  3.02139E-013  4.96735E-031  1.00000E-040  1.98512E-031  3.67968E-020  2.63765E-040  9.06580E-024  7.06840E-032  1.10815E-021  1.49801E-024  7.90622E-013  4.07677E-023  1.00000E-040  3.69359E-022  1.00000E-040  1.00000E-040  1.19237E-022  1.00000E-040  1.38705E-029  6.77781E-039  3.39089E-018  1.00000E-040  1.00000E-003  1.00000E-005  1.00000E-005  1.00000E-005  1.00000E-005  1.00000E-005  1.00000E-005  1.00000E-005  1.00000E-005  1.00000E-005  1.00000E-005  1.00000E-005  1.00000E-005  1.00000E-005  1.00000E-005  1.00000E-005  
2.55000E+001  2.48356E-002  8.10338E+017  2.21986E+002  8.74643E+003  1.00000E-040  1.00000E-040  1.00000E-040  5.50349E-010  1.00000E-040  1.00000E-040  1.00000E-040  1.00000E-040  1.00000E-040  1.00000E-040  1.00000E-040  1.00000E-040  1.00000E-040  1.00000E-040  2.93109E-026  1.00000E-040  1.00779E-040  6.20185E-019  5.00662E-007  4.76425E-005  4.94074E-012  7.22193E-012  2.12000E-001  9.35937E-009  3.64514E-004  3.26373E-021  4.53011E-011  1.00000E-040  1.00000E-040  6.99836E-029  1.30655E-017  1.15984E-006  9.34689E-024  4.71485E-027  1.00000E-040  1.00000E-040  1.07718E-040  7.70596E-019  3.45071E-020  3.24198E-017  1.42915E-012  1.00000E-040  1.00000E-040  1.46234E-010  3.73644E-040  1.16553E-015  1.04402E-024  7.87582E-001  3.12435E-027  2.63777E-028  6.64415E-024  1.00000E-040  1.00000E-040  2.25417E-030  5.07872E-023  7.05644E-010  6.04312E-016  4.89561E-011  1.88071E-020  1.87653E-007  8.55868E-010  4.21425E-006  1.80339E-009  1.29605E-013  6.83946E-018  1.41352E-010  1.64706E-008  2.96453E-012  1.26613E-011  1.26681E-015  7.04233E-023  4.53863E-017  1.00000E-040  3.94206E-010  5.32208E-020  1.73505E-015  4.77717E-023  8.37837E-023  6.41928E-040  1.90470E-040  1.00000E-040  1.00000E-040  8.29580E-015  3.36013E-040  1.41412E-036  1.15608E-023  3.13281E-026  6.06030E-031  1.00000E-040  1.16227E-033  4.31800E-016  5.15224E-017  2.81700E-013  1.30609E-030  1.00000E-040  1.00000E-040  4.16468E-020  1.42167E-040  1.20536E-023  2.10857E-032  1.10808E-021  1.70540E-024  8.01285E-013  6.41899E-023  1.00000E-040  4.14830E-022  1.00000E-040  1.00000E-040  1.84201E-022  1.00000E-040  1.64096E-029  5.12090E-039  5.29258E-018  1.00000E-040  1.00000E-003  1.00000E-005  1.00000E-005  1.00000E-005  1.00000E-005  1.00000E-005  1.00000E-005  1.00000E-005  1.00000E-005  1.00000E-005  1.00000E-005  1.00000E-005  1.00000E-005  1.00000E-005  1.00000E-005  1.00000E-005  
2.65000E+001  2.13270E-002  6.92763E+017  2.22978E+002  9.76505E+003  1.00000E-040  1.00000E-040  1.00000E-040  4.85726E-010  1.00000E-040  1.00000E-040  1.00000E-040  1.00000E-040  1.00000E-040  1.00000E-040  1.00000E-040  1.00000E-040  1.00000E-040  1.00000E-040  2.95008E-026  1.00000E-040  1.00803E-040  9.86244E-019  4.83153E-007  4.78209E-005  6.68416E-012  1.16859E-011  2.11996E-001  9.16490E-009  3.64576E-004  4.47943E-021  4.81083E-011  1.00000E-040  1.00000E-040  1.70876E-028  2.02941E-017  1.07546E-006  1.61775E-023  5.70830E-027  2.34005E-032  2.77112E-031  1.07634E-040  6.72230E-019  3.45467E-020  5.04356E-017  1.81017E-012  1.26442E-040  1.00000E-040  1.15421E-010  6.45659E-040  1.30994E-015  2.85890E-024  7.87585E-001  4.17065E-027  2.01326E-028  3.61693E-024  1.00000E-040  1.00000E-040  3.12333E-029  7.18347E-023  9.12047E-010  6.25164E-016  5.87261E-011  2.13490E-020  1.74251E-007  9.43308E-010  4.80706E-006  2.31502E-009  1.65538E-013  1.37646E-017  1.55175E-010  1.74103E-008  4.11411E-012  1.05063E-011  1.50336E-015  8.05767E-023  5.15356E-017  1.00000E-040  3.96324E-010  8.60307E-020  2.68815E-015  7.33200E-023  1.41185E-022  6.73682E-040  2.89227E-040  1.00000E-040  1.00000E-040  9.74763E-015  1.04808E-039  2.73329E-036  1.61744E-023  5.35327E-026  1.31261E-030  1.00000E-040  1.73728E-033  4.36312E-016  6.59774E-017  2.61157E-013  3.41903E-030  1.00000E-040  7.33587E-031  4.75320E-020  1.10346E-039  1.66452E-023  1.14558E-031  1.10801E-021  2.00529E-024  8.03918E-013  9.73765E-023  1.00000E-040  4.62193E-022  1.00000E-040  1.00000E-040  2.91202E-022  1.00000E-040  1.95007E-029  3.68339E-039  8.24403E-018  1.00000E-040  1.00000E-003  1.00000E-005  1.00000E-005  1.00000E-005  1.00000E-005  1.00000E-005  1.00000E-005  1.00000E-005  1.00000E-005  1.00000E-005  1.00000E-005  1.00000E-005  1.00000E-005  1.00000E-005  1.00000E-005  1.00000E-005  
2.75000E+001  1.83274E-002  5.92690E+017  2.23970E+002  1.09262E+004  1.00000E-040  1.00000E-040  1.00000E-040  4.11132E-010  1.00000E-040  1.00000E-040  1.00000E-040  1.00000E-040  1.00000E-040  1.00000E-040  1.00000E-040  1.00000E-040  1.00000E-040  1.00000E-040  2.96804E-026  1.00000E-040  1.00827E-040  1.59242E-018  4.64121E-007  4.79963E-005  9.17230E-012  1.86490E-011  2.11992E-001  8.93649E-009  3.64635E-004  6.22017E-021  5.10375E-011  1.00000E-040  1.00000E-040  4.31835E-028  3.17238E-017  9.93281E-007  2.66056E-023  4.87170E-028  1.00000E-040  1.00000E-040  1.07547E-040  5.72969E-019  3.50879E-020  7.79069E-017  2.16831E-012  4.54588E-040  1.00000E-040  8.76755E-011  1.12362E-039  1.46333E-015  7.40361E-024  7.87588E-001  5.60123E-027  1.49669E-028  1.95779E-024  1.00000E-040  1.00000E-040  1.46126E-028  1.03884E-022  1.19948E-009  6.69996E-016  6.90861E-011  2.43676E-020  1.60805E-007  9.87568E-010  5.38760E-006  2.96856E-009  2.08917E-013  2.63812E-017  1.73318E-010  1.80597E-008  5.73011E-012  8.80094E-012  1.83482E-015  9.49492E-023  5.86018E-017  1.00000E-040  3.97989E-010  1.38562E-019  4.18614E-015  1.15224E-022  2.37904E-022  7.16616E-040  4.57820E-040  1.00000E-040  1.00000E-040  1.13013E-014  3.16856E-039  5.47888E-036  2.30789E-023  8.94188E-026  2.90139E-030  1.00000E-040  2.63497E-033  4.36577E-016  8.51157E-017  2.41100E-013  8.73361E-030  1.00000E-040  5.05143E-030  5.47987E-020  8.37684E-039  2.38148E-023  4.77427E-031  1.10794E-021  2.45576E-024  7.97701E-013  1.40931E-022  1.00000E-040  5.11732E-022  1.00000E-040  1.00000E-040  4.70489E-022  1.00000E-040  2.32898E-029  2.51954E-039  1.27876E-017  1.00000E-040  1.00000E-003  1.00000E-005  1.00000E-005  1.00000E-005  1.00000E-005  1.00000E-005  1.00000E-005  1.00000E-005  1.00000E-005  1.00000E-005  1.00000E-005  1.00000E-005  1.00000E-005  1.00000E-005  1.00000E-005  1.00000E-005  
2.85000E+001  1.57610E-002  5.07450E+017  2.24961E+002  1.22719E+004  1.00000E-040  1.00000E-040  1.00000E-040  3.28331E-010  1.00000E-040  1.00000E-040  1.00000E-040  1.00000E-040  1.00000E-040  1.00000E-040  1.00000E-040  1.00000E-040  1.00000E-040  1.00000E-040  2.98511E-026  1.00000E-040  1.00852E-040  2.61146E-018  4.43808E-007  4.81675E-005  1.27431E-011  2.92978E-011  2.11988E-001  8.66809E-009  3.64690E-004  8.70646E-021  5.39015E-011  1.00000E-040  3.20530E-040  1.11631E-027  4.97784E-017  9.13829E-007  4.13870E-023  3.16935E-027  2.96929E-033  5.53972E-032  1.07457E-040  4.79857E-019  3.63253E-020  1.17656E-016  2.43840E-012  1.59340E-039  1.00000E-040  6.38061E-011  1.96637E-039  1.62560E-015  1.81490E-023  7.87592E-001  7.55984E-027  1.11968E-028  1.09402E-024  1.00000E-040  1.00000E-040  4.35145E-028  1.53622E-022  1.59906E-009  7.41240E-016  7.95946E-011  2.79320E-020  1.47527E-007  9.79377E-010  5.91447E-006  3.77521E-009  2.58363E-013  4.77318E-017  1.96226E-010  1.83541E-008  8.00263E-012  7.47438E-012  2.30888E-015  1.15072E-022  6.64972E-017  1.00000E-040  3.99274E-010  2.21920E-019  6.52425E-015  1.83678E-022  3.99333E-022  7.74468E-040  7.54874E-040  1.00000E-040  1.00000E-040  1.29071E-014  9.14751E-039  1.13698E-035  3.35567E-023  1.46641E-025  6.51563E-030  2.34899E-033  4.05767E-033  4.32635E-016  1.10339E-016  2.21906E-013  2.15962E-029  1.00000E-040  7.93195E-030  6.37324E-020  3.09468E-038  3.50713E-023  1.25042E-030  1.10786E-021  3.13586E-024  7.84307E-013  1.92905E-022  1.00000E-040  5.63357E-022  1.00000E-040  1.00000E-040  7.73322E-022  1.00000E-040  2.79399E-029  1.66270E-039  1.96922E-017  1.00000E-040  1.00000E-003  1.00000E-005  1.00000E-005  1.00000E-005  1.00000E-005  1.00000E-005  1.00000E-005  1.00000E-005  1.00000E-005  1.00000E-005  1.00000E-005  1.00000E-005  1.00000E-005  1.00000E-005  1.00000E-005  1.00000E-005  
2.95000E+001  1.35637E-002  4.34788E+017  2.25952E+002  1.33027E+004  1.00000E-040  1.00000E-040  1.00000E-040  2.40634E-010  1.00000E-040  1.00000E-040  1.00000E-040  1.00000E-040  1.00000E-040  1.00000E-040  1.00000E-040  1.00000E-040  1.00000E-040  1.00000E-040  3.00142E-026  1.00000E-040  1.00878E-040  4.35071E-018  4.22093E-007  4.83361E-005  1.78661E-011  4.53433E-011  2.11984E-001  8.35291E-009  3.64742E-004  1.22059E-020  5.63920E-011  1.00000E-040  1.46288E-039  2.90731E-027  7.80220E-017  8.36200E-007  6.01785E-023  3.86216E-027  1.60807E-031  1.83253E-030  1.07362E-040  3.96014E-019  3.82301E-020  1.70096E-016  2.55723E-012  5.28093E-039  1.00000E-040  4.40003E-011  3.45751E-039  1.79987E-015  4.20994E-023  7.87596E-001  1.02465E-026  8.58322E-029  6.43558E-025  1.00000E-040  1.00000E-040  1.07353E-027  2.33005E-022  2.14810E-009  8.37470E-016  8.99129E-011  3.21307E-020  1.34396E-007  9.22808E-010  6.35496E-006  4.72848E-009  3.11106E-013  8.07675E-017  2.23916E-010  1.82685E-008  1.12405E-011  6.44393E-012  2.99404E-015  1.42956E-022  7.51204E-017  1.00000E-040  4.00261E-010  3.55291E-019  1.01557E-014  2.96452E-022  6.69985E-022  8.53645E-040  1.29336E-039  1.00000E-040  1.00000E-040  1.45342E-014  2.46425E-038  2.44214E-035  4.98352E-023  2.37368E-025  1.47459E-029  7.86354E-033  6.34692E-033  4.21275E-016  1.43026E-016  2.03343E-013  5.12624E-029  1.00000E-040  1.00000E-040  7.46870E-020  1.03536E-037  5.30278E-023  2.81358E-030  1.10778E-021  4.17508E-024  7.65004E-013  2.47378E-022  1.00000E-040  6.17971E-022  6.44648E-037  1.00000E-040  1.28268E-021  1.00000E-040  3.37708E-029  1.11426E-039  3.00669E-017  1.00000E-040  1.00000E-003  1.00000E-005  1.00000E-005  1.00000E-005  1.00000E-005  1.00000E-005  1.00000E-005  1.00000E-005  1.00000E-005  1.00000E-005  1.00000E-005  1.00000E-005  1.00000E-005  1.00000E-005  1.00000E-005  1.00000E-005  
3.05000E+001  1.16809E-002  3.72801E+017  2.26943E+002  1.46946E+004  1.00000E-040  1.00000E-040  1.00000E-040  1.52797E-010  1.00000E-040  1.00000E-040  1.00000E-040  1.00000E-040  1.00000E-040  1.00000E-040  1.00000E-040  1.00000E-040  1.00000E-040  1.00000E-040  3.01710E-026  1.00000E-040  1.00907E-040  7.37728E-018  3.99010E-007  4.85025E-005  2.51800E-011  6.91824E-011  2.11979E-001  7.99314E-009  3.64790E-004  1.70263E-020  5.81979E-011  1.00000E-040  6.37031E-039  7.51286E-027  1.21562E-016  7.60191E-007  8.07593E-023  1.47513E-027  2.80436E-032  3.18111E-031  1.07261E-040  3.23243E-019  4.07971E-020  2.31025E-016  2.48475E-012  1.60141E-038  1.00000E-040  2.84206E-011  6.09149E-039  1.98844E-015  9.24500E-023  7.87599E-001  1.39108E-026  6.77804E-029  4.00197E-025  1.00000E-040  1.00000E-040  2.44244E-027  3.61953E-022  2.88898E-009  9.55173E-016  9.96842E-011  3.69958E-020  1.21510E-007  8.29261E-010  6.67779E-006  5.78888E-009  3.62386E-013  1.26558E-016  2.55905E-010  1.77929E-008  1.58128E-011  5.65114E-012  3.99603E-015  1.81205E-022  8.42326E-017  1.00000E-040  4.01006E-010  5.69715E-019  1.57459E-014  4.82851E-022  1.12415E-021  9.62991E-040  2.28661E-039  1.00000E-040  1.00000E-040  1.61500E-014  6.05095E-038  5.40047E-035  7.54521E-023  3.80646E-025  3.33386E-029  2.43513E-032  1.01032E-032  3.98689E-016  1.84480E-016  1.85088E-013  1.16183E-028  1.00000E-040  1.00000E-040  8.79430E-020  3.10084E-037  8.18945E-023  5.64673E-030  1.10769E-021  5.76407E-024  7.41274E-013  2.94280E-022  1.00000E-040  6.76189E-022  2.25433E-037  1.00000E-040  2.12836E-021  1.00000E-040  4.11938E-029  9.47232E-040  4.54199E-017  1.00000E-040  1.00000E-003  1.00000E-005  1.00000E-005  1.00000E-005  1.00000E-005  1.00000E-005  1.00000E-005  1.00000E-005  1.00000E-005  1.00000E-005  1.00000E-005  1.00000E-005  1.00000E-005  1.00000E-005  1.00000E-005  1.00000E-005  
3.15000E+001  1.00666E-002  3.19882E+017  2.27933E+002  1.63646E+004  1.00000E-040  1.00000E-040  1.00000E-040  6.79139E-011  1.00000E-040  1.00000E-040  1.00000E-040  1.00000E-040  1.00000E-040  1.00000E-040  1.00000E-040  1.00000E-040  1.00000E-040  1.00000E-040  3.03222E-026  1.00000E-040  1.00936E-040  1.27920E-017  3.75134E-007  4.86633E-005  3.55262E-011  1.04103E-010  2.11975E-001  7.61417E-009  3.64834E-004  2.35204E-020  5.91546E-011  1.00000E-040  2.61873E-038  1.90121E-026  1.87720E-016  6.87270E-007  9.95735E-023  1.31854E-027  1.04778E-031  1.19335E-030  1.07155E-040  2.63346E-019  4.42966E-020  2.92301E-016  2.23662E-012  4.33610E-038  1.00000E-040  1.71538E-011  1.06963E-038  2.18958E-015  1.92461E-022  7.87603E-001  1.87910E-026  5.54353E-029  2.63887E-025  1.00000E-040  1.00000E-040  4.96544E-027  5.71435E-022  3.86515E-009  1.08945E-015  1.08522E-010  4.23582E-020  1.09243E-007  7.13959E-010  6.85614E-006  6.87504E-009  4.05861E-013  1.82960E-016  2.91015E-010  1.69300E-008  2.21722E-011  5.06510E-012  5.47886E-015  2.32957E-022  9.34094E-017  1.00000E-040  4.01542E-010  9.11522E-019  2.42445E-014  7.87733E-022  1.87741E-021  1.11230E-039  4.12558E-039  1.00000E-040  1.00000E-040  1.77172E-014  1.33589E-037  1.21501E-034  1.15552E-022  6.04089E-025  7.47656E-029  2.61036E-030  1.64431E-032  3.64356E-016  2.36094E-016  1.67099E-013  3.39813E-028  1.00000E-040  1.00000E-040  1.03338E-019  8.39787E-037  1.27901E-022  1.04922E-029  1.10760E-021  8.15354E-024  7.15683E-013  3.23522E-022  1.00000E-040  7.37371E-022  5.39418E-038  1.00000E-040  3.50817E-021  1.00000E-040  5.05853E-029  1.28243E-039  6.76638E-017  1.00000E-040  1.00000E-003  1.00000E-005  1.00000E-005  1.00000E-005  1.00000E-005  1.00000E-005  1.00000E-005  1.00000E-005  1.00000E-005  1.00000E-005  1.00000E-005  1.00000E-005  1.00000E-005  1.00000E-005  1.00000E-005  1.00000E-005  
3.25000E+001  8.68219E-003  2.74297E+017  2.29258E+002  1.77833E+004  1.00000E-040  1.00000E-040  1.00000E-040  4.47238E-029  1.00000E-040  1.00000E-040  1.00000E-040  1.00000E-040  1.00000E-040  1.00000E-040  1.00000E-040  1.00000E-040  1.00000E-040  1.00000E-040  3.05057E-026  1.00000E-040  1.00967E-040  2.29681E-017  3.50558E-007  4.88187E-005  4.99248E-011  1.55273E-010  2.11971E-001  7.26339E-009  3.64874E-004  3.22374E-020  5.95507E-011  1.00000E-040  1.01248E-037  4.70323E-026  2.90152E-016  6.17201E-007  1.12109E-022  3.32391E-028  1.04109E-032  1.18596E-031  1.07043E-040  2.12121E-019  4.80391E-020  3.39666E-016  1.86903E-012  1.02951E-037  1.00000E-040  9.58021E-012  1.94261E-038  2.40592E-015  3.76452E-022  7.87607E-001  2.51513E-026  5.12665E-029  2.01552E-025  1.00000E-040  9.74719E-039  9.75568E-027  9.21672E-022  5.12600E-009  1.22675E-015  1.16412E-010  4.82086E-020  9.76611E-008  5.92131E-010  6.86462E-006  7.92790E-009  4.39368E-013  2.52453E-016  3.26449E-010  1.56883E-008  3.01023E-011  4.67784E-012  7.70100E-015  2.99199E-022  1.01223E-016  1.00000E-040  4.01876E-010  1.46701E-018  3.74855E-014  1.29841E-021  3.16506E-021  1.31859E-039  7.94729E-039  1.00000E-040  1.00000E-040  1.91698E-014  2.64511E-037  2.79099E-034  1.79795E-022  9.50494E-025  1.68737E-028  1.01080E-029  2.85116E-032  3.09947E-016  2.98805E-016  1.48412E-013  5.50656E-028  1.00000E-040  1.00000E-040  1.15478E-019  2.15942E-036  2.02446E-022  1.88486E-029  1.10750E-021  1.17278E-023  6.93705E-013  3.25415E-022  1.00000E-040  8.02197E-022  1.00000E-040  1.00000E-040  5.81034E-021  1.00000E-040  6.26504E-029  2.47326E-039  9.90453E-017  1.00000E-040  1.00000E-003  1.00000E-005  1.00000E-005  1.00000E-005  1.00000E-005  1.00000E-005  1.00000E-005  1.00000E-005  1.00000E-005  1.00000E-005  1.00000E-005  1.00000E-005  1.00000E-005  1.00000E-005  1.00000E-005  1.00000E-005  
3.35000E+001  7.49790E-003  2.34165E+017  2.31918E+002  1.94692E+004  1.00000E-040  1.00000E-040  1.00000E-040  6.37658E-029  1.00000E-040  1.00000E-040  1.00000E-040  1.00000E-040  1.00000E-040  1.00000E-040  1.00000E-040  1.00000E-040  1.00000E-040  1.00000E-040  3.08322E-026  1.00000E-040  1.01001E-040  4.37561E-017  3.25307E-007  4.89692E-005  6.93073E-011  2.32458E-010  2.11967E-001  6.99804E-009  3.64909E-004  4.45347E-020  6.06509E-011  1.00000E-040  3.75443E-037  1.16005E-025  4.65100E-016  5.49609E-007  1.14959E-022  1.06445E-028  1.65565E-034  1.87009E-033  1.06924E-040  1.63572E-019  4.93947E-020  3.53504E-016  1.45602E-012  2.13039E-037  1.00000E-040  4.88900E-012  4.07852E-038  2.64119E-015  6.70345E-022  7.87612E-001  3.35251E-026  3.64677E-029  1.19575E-025  1.00000E-040  1.00000E-040  1.92670E-026  1.52594E-021  6.70186E-009  1.33211E-015  1.24583E-010  5.54253E-020  8.67771E-008  4.79292E-010  6.67284E-006  8.95690E-009  4.68184E-013  3.67551E-016  3.54311E-010  1.40352E-008  3.51933E-011  4.51922E-012  1.10783E-014  3.71520E-022  1.04066E-016  1.00000E-040  4.01977E-010  2.39036E-018  5.93813E-014  2.19030E-021  5.51955E-021  1.60891E-039  1.85696E-038  1.00000E-040  1.00000E-040  2.03556E-014  4.81266E-037  6.58874E-034  2.85201E-022  1.50990E-024  4.04950E-028  3.59325E-031  5.86191E-032  2.27428E-016  3.73105E-016  1.27573E-013  9.75421E-028  1.00000E-040  1.00000E-040  1.08918E-019  5.28330E-036  3.24591E-022  3.33402E-029  1.10740E-021  1.67103E-023  6.91364E-013  2.91748E-022  1.00000E-040  8.71658E-022  1.29640E-038  1.00000E-040  1.01003E-020  1.00000E-040  7.84141E-029  8.85717E-040  1.41789E-016  1.00000E-040  1.00000E-003  1.00000E-005  1.00000E-005  1.00000E-005  1.00000E-005  1.00000E-005  1.00000E-005  1.00000E-005  1.00000E-005  1.00000E-005  1.00000E-005  1.00000E-005  1.00000E-005  1.00000E-005  1.00000E-005  1.00000E-005  
3.45000E+001  6.48654E-003  2.00188E+017  2.34688E+002  2.14942E+004  1.00000E-040  1.00000E-040  1.00000E-040  1.44947E-028  1.00000E-040  1.00000E-040  1.00000E-040  1.00000E-040  1.00000E-040  1.00000E-040  1.00000E-040  1.00000E-040  1.00000E-040  1.00000E-040  3.11659E-026  1.00000E-040  1.01036E-040  8.57252E-017  2.99875E-007  4.91124E-005  9.49695E-011  3.44039E-010  2.11963E-001  6.73796E-009  3.64938E-004  5.99847E-020  6.07084E-011  1.00000E-040  1.26508E-036  2.69124E-025  7.29323E-016  4.85438E-007  1.06119E-022  3.76159E-029  1.31389E-033  1.50241E-032  1.06798E-040  1.20252E-019  4.83620E-020  3.33128E-016  1.04537E-012  3.58586E-037  1.00000E-040  2.27461E-012  8.48973E-038  2.89535E-015  1.13243E-021  7.87616E-001  4.38550E-026  2.89898E-029  7.98605E-026  1.00000E-040  1.00000E-040  3.65154E-026  2.49995E-021  8.58953E-009  1.40157E-015  1.31394E-010  6.26720E-020  7.67520E-008  3.80278E-010  6.36853E-006  9.72771E-009  4.77767E-013  4.87243E-016  3.76942E-010  1.21928E-008  3.82035E-011  4.44644E-012  1.60604E-014  4.55155E-022  1.04770E-016  1.00000E-040  4.01988E-010  3.85182E-018  9.23672E-014  3.64823E-021  9.50073E-021  2.02232E-039  4.26745E-038  1.00000E-040  1.00000E-040  2.14043E-014  7.51629E-037  1.52080E-033  4.47106E-022  2.34753E-024  9.39621E-028  8.29718E-031  1.24604E-031  1.53788E-016  4.55508E-016  1.07338E-013  1.83881E-027  1.00000E-040  1.16092E-035  1.00330E-019  1.21414E-035  5.13099E-022  5.61007E-029  1.10727E-021  2.32908E-023  6.84516E-013  2.37024E-022  1.00000E-040  9.45590E-022  7.09993E-039  1.00000E-040  1.70098E-020  1.00000E-040  9.89350E-029  3.15006E-040  1.98024E-016  1.00000E-040  1.00000E-003  1.00000E-005  1.00000E-005  1.00000E-005  1.00000E-005  1.00000E-005  1.00000E-005  1.00000E-005  1.00000E-005  1.00000E-005  1.00000E-005  1.00000E-005  1.00000E-005  1.00000E-005  1.00000E-005  1.00000E-005  
3.55000E+001  5.62143E-003  1.71466E+017  2.37458E+002  2.36775E+004  1.00000E-040  1.00000E-040  1.00000E-040  3.46364E-028  1.00000E-040  1.00000E-040  1.00000E-040  1.00000E-040  1.00000E-040  1.00000E-040  1.00000E-040  1.00000E-040  1.00000E-040  1.00000E-040  3.14952E-026  1.00000E-040  1.01073E-040  1.72256E-016  2.74715E-007  4.92465E-005  1.28357E-010  5.05897E-010  2.11958E-001  6.45032E-009  3.64962E-004  7.86262E-020  5.96941E-011  1.00000E-040  3.85902E-036  5.85120E-025  1.11337E-015  4.25351E-007  8.84835E-023  7.24846E-030  1.00000E-040  1.00000E-040  1.06665E-040  8.46368E-020  4.48840E-020  2.84124E-016  6.92194E-013  4.89722E-037  1.00000E-040  9.63751E-013  1.72748E-037  3.16855E-015  1.81933E-021  7.87621E-001  5.64735E-026  2.40413E-029  5.50761E-026  1.00000E-040  1.00000E-040  6.58038E-026  3.97088E-021  1.07321E-008  1.41353E-015  1.37640E-010  6.98532E-020  6.76623E-008  3.01344E-010  6.01893E-006  1.01535E-008  4.69634E-013  5.81896E-016  3.91732E-010  1.03029E-008  3.98512E-011  4.39469E-012  2.32269E-014  5.49899E-022  1.04214E-016  1.00000E-040  4.01973E-010  6.08166E-018  1.40174E-013  5.92906E-021  1.59579E-020  2.61435E-039  9.25307E-038  1.00000E-040  1.00000E-040  2.24486E-014  1.00790E-036  3.35661E-033  6.81322E-022  3.57685E-024  2.08977E-027  1.74605E-030  2.70630E-031  9.63422E-017  5.43385E-016  8.85873E-014  3.12955E-027  1.00000E-040  5.79118E-035  9.18159E-020  2.60212E-035  7.86888E-022  8.84642E-029  1.10713E-021  3.09772E-023  6.72508E-013  1.75040E-022  1.00000E-040  1.02391E-021  1.00000E-040  1.00000E-040  2.75427E-020  1.48954E-040  1.25488E-028  2.02643E-040  2.71459E-016  1.00000E-040  1.00000E-003  1.00000E-005  1.00000E-005  1.00000E-005  1.00000E-005  1.00000E-005  1.00000E-005  1.00000E-005  1.00000E-005  1.00000E-005  1.00000E-005  1.00000E-005  1.00000E-005  1.00000E-005  1.00000E-005  1.00000E-005  
3.65000E+001  4.88005E-003  1.47136E+017  2.40227E+002  2.67395E+004  1.00000E-040  1.00000E-040  1.00000E-040  8.35770E-028  1.00000E-040  1.00000E-040  1.00000E-040  1.00000E-040  1.00000E-040  1.00000E-040  1.00000E-040  1.00000E-040  1.00000E-040  1.00000E-040  3.18206E-026  1.00000E-040  1.01112E-040  3.55437E-016  2.50459E-007  4.93690E-005  1.71412E-010  7.42803E-010  2.11954E-001  6.13493E-009  3.64979E-004  1.00776E-019  5.78754E-011  1.00000E-040  1.07832E-035  1.20081E-024  1.66031E-015  3.70285E-007  6.77740E-023  1.00000E-040  1.00000E-040  1.00000E-040  1.06527E-040  5.76483E-020  3.97427E-020  2.21975E-016  4.28278E-013  5.57610E-037  1.00000E-040  3.74889E-013  3.43923E-037  3.45826E-015  2.78428E-021  7.87626E-001  7.17169E-026  2.09953E-029  3.86413E-026  1.00000E-040  6.95391E-039  1.12259E-025  6.04452E-021  1.30448E-008  1.36142E-015  1.44045E-010  7.68848E-020  5.95978E-008  2.41438E-010  5.66207E-006  1.02006E-008  4.47963E-013  6.36313E-016  3.96856E-010  8.48193E-009  4.06868E-011  4.33621E-012  3.33495E-014  6.56787E-022  1.03108E-016  1.00000E-040  4.01958E-010  9.36588E-018  2.07913E-013  9.35736E-021  2.60445E-020  3.45006E-039  1.86853E-037  1.00000E-040  1.00000E-040  2.35998E-014  1.18636E-036  7.01457E-033  1.00145E-021  5.34594E-024  4.47820E-027  3.79200E-030  6.01354E-031  5.64890E-017  6.35489E-016  7.19772E-014  4.98269E-027  1.00000E-040  6.31846E-038  8.35745E-020  5.18586E-035  1.16243E-021  1.29716E-028  1.10695E-021  3.87442E-023  6.56491E-013  1.19318E-022  1.00000E-040  1.10577E-021  1.00000E-040  1.00000E-040  4.30996E-020  3.19459E-040  1.59212E-028  3.94757E-040  3.67673E-016  1.00000E-040  1.00000E-003  1.00000E-005  1.00000E-005  1.00000E-005  1.00000E-005  1.00000E-005  1.00000E-005  1.00000E-005  1.00000E-005  1.00000E-005  1.00000E-005  1.00000E-005  1.00000E-005  1.00000E-005  1.00000E-005  1.00000E-005  
3.75000E+001  4.24354E-003  1.26487E+017  2.42995E+002  2.97405E+004  1.00000E-040  1.00000E-040  1.00000E-040  2.01605E-027  1.00000E-040  1.00000E-040  1.00000E-040  1.00000E-040  1.00000E-040  1.00000E-040  1.00000E-040  1.00000E-040  1.00000E-040  1.00000E-040  3.21422E-026  1.00000E-040  1.01152E-040  7.53610E-016  2.27522E-007  4.94788E-005  2.27033E-010  1.09293E-009  2.11949E-001  5.79793E-009  3.64989E-004  1.27041E-019  5.54799E-011  1.00000E-040  2.79911E-035  2.34884E-024  2.42971E-015  3.20547E-007  4.86978E-023  1.23675E-030  7.91237E-034  8.98237E-033  1.06386E-040  3.83343E-020  3.39088E-020  1.61590E-016  2.51841E-013  5.49272E-037  1.00000E-040  1.35092E-013  6.72435E-037  3.76328E-015  4.07479E-021  7.87631E-001  9.01658E-026  1.98100E-029  2.75190E-026  1.00000E-040  2.24977E-038  1.81152E-025  8.78344E-021  1.54400E-008  1.25462E-015  1.50914E-010  8.38834E-020  5.25352E-008  1.96190E-010  5.31238E-006  9.87518E-009  4.16864E-013  6.51787E-016  3.92298E-010  6.81679E-009  4.10852E-011  4.25634E-012  4.75216E-014  7.81156E-022  1.02193E-016  1.00000E-040  4.01959E-010  1.40645E-017  3.02535E-013  1.43484E-020  4.13136E-020  4.60306E-039  3.50486E-037  1.00000E-040  1.00000E-040  2.49562E-014  1.25899E-036  1.38775E-032  1.41963E-021  7.84744E-024  9.32417E-027  7.50467E-030  1.36814E-030  3.13695E-017  7.31836E-016  5.77851E-014  7.41785E-027  1.00000E-040  1.00000E-040  7.59041E-020  9.63819E-035  1.65507E-021  1.76735E-028  1.10669E-021  4.54102E-023  6.36115E-013  7.66793E-023  1.00000E-040  1.19076E-021  1.00000E-040  1.00000E-040  6.57170E-020  6.44079E-040  2.01356E-028  7.80341E-040  4.94951E-016  1.00000E-040  1.00000E-003  1.00000E-005  1.00000E-005  1.00000E-005  1.00000E-005  1.00000E-005  1.00000E-005  1.00000E-005  1.00000E-005  1.00000E-005  1.00000E-005  1.00000E-005  1.00000E-005  1.00000E-005  1.00000E-005  1.00000E-005  
3.85000E+001  3.69607E-003  1.08929E+017  2.45762E+002  3.29242E+004  1.00000E-040  1.00000E-040  1.00000E-040  4.84405E-027  1.00000E-040  1.00000E-040  1.00000E-040  1.00000E-040  1.00000E-040  1.00000E-040  1.00000E-040  1.00000E-040  1.00000E-040  1.00000E-040  3.24606E-026  1.00000E-040  1.01193E-040  1.64046E-015  2.05944E-007  4.95769E-005  2.99491E-010  1.61515E-009  2.11944E-001  5.44041E-009  3.64994E-004  1.58107E-019  5.25811E-011  1.00000E-040  6.83102E-035  4.41483E-024  3.49904E-015  2.75610E-007  3.33805E-023  1.06680E-031  4.13072E-035  4.68368E-034  1.06238E-040  2.48766E-020  2.79856E-020  1.11096E-016  1.42618E-013  4.83173E-037  1.00000E-040  4.50511E-014  1.29811E-036  4.08689E-015  5.74457E-021  7.87636E-001  1.12850E-025  2.06246E-029  1.98903E-026  1.00000E-040  5.61547E-038  2.77073E-025  1.21999E-020  1.78441E-008  1.10994E-015  1.58143E-010  9.11955E-020  4.63279E-008  1.61211E-010  4.97021E-006  9.21553E-009  3.79491E-013  6.38608E-016  3.79394E-010  5.35263E-009  4.12657E-011  4.14504E-012  6.73635E-014  9.33556E-022  1.02084E-016  1.00000E-040  4.01983E-010  2.06522E-017  4.33499E-013  2.14601E-020  6.39066E-020  6.15120E-039  6.11911E-037  1.00000E-040  1.00000E-040  2.66043E-014  1.22987E-036  2.61349E-032  1.94987E-021  1.13238E-023  1.89969E-026  1.40568E-029  3.18479E-030  1.65802E-017  8.32084E-016  4.59012E-014  1.04101E-026  1.00000E-040  1.00000E-040  6.91088E-020  1.68098E-034  2.28336E-021  2.24621E-028  1.10631E-021  5.00507E-023  6.08796E-013  4.72900E-023  1.00000E-040  1.27969E-021  1.00000E-040  1.00000E-040  9.83369E-020  1.22970E-039  2.53737E-028  1.36505E-039  6.64974E-016  1.00000E-040  1.00000E-003  1.00000E-005  1.00000E-005  1.00000E-005  1.00000E-005  1.00000E-005  1.00000E-005  1.00000E-005  1.00000E-005  1.00000E-005  1.00000E-005  1.00000E-005  1.00000E-005  1.00000E-005  1.00000E-005  1.00000E-005  
3.95000E+001  3.22438E-003  9.39696E+016  2.48528E+002  3.69865E+004  1.00000E-040  1.00000E-040  1.00000E-040  1.15761E-026  1.00000E-040  1.00000E-040  1.00000E-040  1.00000E-040  1.00000E-040  1.00000E-040  1.00000E-040  1.00000E-040  1.00000E-040  1.00000E-040  3.27760E-026  1.00000E-040  1.01236E-040  3.65689E-015  1.86077E-007  4.96626E-005  3.94496E-010  2.40129E-009  2.11939E-001  5.07186E-009  3.64991E-004  1.95028E-019  4.93320E-011  1.00000E-040  1.58495E-034  8.03702E-024  4.97411E-015  2.35623E-007  2.25407E-023  8.49992E-031  9.91115E-034  1.12125E-032  1.06086E-040  1.59672E-020  2.27231E-020  7.41742E-017  8.00069E-014  3.97185E-037  1.00000E-040  1.40509E-014  2.48027E-036  4.42772E-015  8.09185E-021  7.87641E-001  1.41014E-025  2.36830E-029  1.46122E-026  1.00000E-040  1.15976E-037  3.98890E-025  1.61232E-020  2.01775E-008  9.46285E-016  1.65582E-010  9.90422E-020  4.09252E-008  1.33765E-010  4.63773E-006  8.28745E-009  3.38479E-013  6.20713E-016  3.59695E-010  4.10671E-009  4.13399E-011  4.00489E-012  9.51402E-014  1.12752E-021  1.03158E-016  1.00000E-040  4.02026E-010  2.95930E-017  6.12755E-013  3.12553E-020  9.62116E-020  8.09363E-039  9.91510E-037  1.00000E-040  1.00000E-040  2.86339E-014  1.14808E-036  4.67578E-032  2.59196E-021  1.60225E-023  3.80893E-026  2.57823E-029  7.56709E-030  8.49893E-018  9.36794E-016  3.61827E-014  1.43189E-026  1.00000E-040  1.00000E-040  6.32038E-020  2.73957E-034  3.05007E-021  2.64771E-028  1.10568E-021  5.17148E-023  5.72680E-013  2.88717E-023  1.00000E-040  1.37204E-021  2.33607E-039  1.00000E-040  1.45192E-019  2.23577E-039  3.17308E-028  2.13650E-039  8.93561E-016  1.00000E-040  1.00000E-003  1.00000E-005  1.00000E-005  1.00000E-005  1.00000E-005  1.00000E-005  1.00000E-005  1.00000E-005  1.00000E-005  1.00000E-005  1.00000E-005  1.00000E-005  1.00000E-005  1.00000E-005  1.00000E-005  1.00000E-005  
4.05000E+001  2.81727E-003  8.12016E+016  2.51293E+002  4.09878E+004  1.00000E-040  1.00000E-040  1.00000E-040  2.74970E-026  1.00000E-040  1.00000E-040  1.00000E-040  1.00000E-040  1.00000E-040  1.00000E-040  1.00000E-040  1.00000E-040  1.00000E-040  1.00000E-040  3.30886E-026  1.00000E-040  1.01280E-040  8.28787E-015  1.68152E-007  4.97360E-005  5.18501E-010  3.58941E-009  2.11934E-001  4.70144E-009  3.64983E-004  2.38456E-019  4.58172E-011  1.00000E-040  3.51624E-034  1.42103E-023  6.97297E-015  2.00461E-007  1.57256E-023  1.00000E-040  1.00000E-040  1.00000E-040  1.05929E-040  1.04265E-020  1.86923E-020  5.02457E-017  4.64971E-014  3.22738E-037  1.00000E-040  4.13835E-015  4.68824E-036  4.78575E-015  1.44513E-020  7.87647E-001  1.75962E-025  2.92101E-029  1.09043E-026  1.00000E-040  2.04108E-037  5.35304E-025  2.01436E-020  2.23580E-008  7.78925E-016  1.73031E-010  1.07414E-019  3.62417E-008  1.12186E-010  4.31983E-006  7.18400E-009  2.95700E-013  6.29296E-016  3.34816E-010  3.07266E-009  4.13633E-011  3.84432E-012  1.33834E-013  1.37398E-021  1.05259E-016  1.00000E-040  4.02075E-010  4.12521E-017  8.53096E-013  4.41775E-020  1.40480E-019  1.02866E-038  1.48111E-036  1.00000E-040  1.00000E-040  3.10909E-014  1.07787E-036  7.89010E-032  3.32396E-021  2.21274E-023  7.50314E-026  3.96951E-029  1.82218E-029  4.37136E-018  1.04315E-015  2.83671E-014  2.44813E-026  1.00000E-040  1.00000E-040  5.80089E-020  4.12995E-034  3.93231E-021  2.86784E-028  1.10462E-021  4.97959E-023  5.25215E-013  1.82395E-023  1.00000E-040  1.46760E-021  1.00000E-040  1.00000E-040  2.11110E-019  3.88022E-039  3.92564E-028  3.01509E-039  1.19937E-015  1.00000E-040  1.00000E-003  1.00000E-005  1.00000E-005  1.00000E-005  1.00000E-005  1.00000E-005  1.00000E-005  1.00000E-005  1.00000E-005  1.00000E-005  1.00000E-005  1.00000E-005  1.00000E-005  1.00000E-005  1.00000E-005  1.00000E-005  
4.15000E+001  2.46532E-003  7.02840E+016  2.54058E+002  4.51719E+004  1.00000E-040  1.00000E-040  1.00000E-040  6.49042E-026  1.00000E-040  1.00000E-040  1.00000E-040  1.00000E-040  1.00000E-040  1.00000E-040  1.00000E-040  1.00000E-040  1.00000E-040  1.00000E-040  3.33986E-026  1.00000E-040  1.01326E-040  1.88575E-014  1.52216E-007  4.97978E-005  6.77071E-010  5.37593E-009  2.11928E-001  4.33516E-009  3.64969E-004  2.87581E-019  4.20387E-011  1.00000E-040  7.44748E-034  2.42995E-023  9.57627E-015  1.69651E-007  1.22773E-023  1.00000E-040  1.00000E-040  1.00000E-040  1.05766E-040  7.37093E-021  1.65437E-020  3.73074E-017  3.02615E-014  2.81610E-037  1.00000E-040  1.15169E-015  8.73869E-036  5.16467E-015  5.26292E-020  7.87653E-001  2.18763E-025  3.73298E-029  8.23979E-027  1.00000E-040  3.22134E-037  6.61864E-025  2.35958E-020  2.42990E-008  6.18581E-016  1.80397E-010  1.15970E-019  3.21536E-008  9.54889E-011  4.02208E-006  6.01221E-009  2.52425E-013  7.12299E-016  3.06249E-010  2.23314E-009  4.13615E-011  3.67452E-012  1.87110E-013  1.67313E-021  1.07572E-016  1.00000E-040  4.02115E-010  5.56872E-017  1.16346E-012  6.02732E-020  1.97870E-019  1.23631E-038  2.01708E-036  1.00000E-040  1.00000E-040  3.39339E-014  1.10269E-036  1.24011E-031  4.09041E-021  2.97099E-023  1.43650E-025  5.79475E-029  4.39212E-029  2.41482E-018  1.14117E-015  2.21480E-014  8.34014E-026  5.53760E-035  1.00000E-040  5.32223E-020  5.66981E-034  4.86597E-021  2.82174E-028  1.10283E-021  4.43106E-023  4.64506E-013  1.28354E-023  1.00000E-040  1.56699E-021  1.00000E-040  1.00000E-040  2.99051E-019  6.43662E-039  4.79637E-028  3.86130E-039  1.60103E-015  1.00000E-040  1.00000E-003  1.00000E-005  1.00000E-005  1.00000E-005  1.00000E-005  1.00000E-005  1.00000E-005  1.00000E-005  1.00000E-005  1.00000E-005  1.00000E-005  1.00000E-005  1.00000E-005  1.00000E-005  1.00000E-005  1.00000E-005  
4.25000E+001  2.16055E-003  6.09325E+016  2.56822E+002  5.04170E+004  1.00000E-040  1.00000E-040  1.00000E-040  1.52226E-025  1.00000E-040  1.00000E-040  1.00000E-040  1.00000E-040  1.00000E-040  1.00000E-040  1.00000E-040  1.00000E-040  1.00000E-040  1.00000E-040  3.37051E-026  1.00000E-040  1.01374E-040  4.24020E-014  1.38525E-007  4.98480E-005  8.72678E-010  8.02369E-009  2.11922E-001  3.98638E-009  3.64948E-004  3.40568E-019  3.81097E-011  1.00000E-040  1.50026E-033  3.99313E-023  1.27918E-014  1.43133E-007  1.21307E-023  7.66933E-031  2.11485E-033  2.36854E-032  1.05598E-040  6.29427E-021  1.74968E-020  3.42933E-017  2.48838E-014  2.98854E-037  1.00000E-040  3.05518E-016  1.59549E-035  5.56348E-015  2.89818E-019  7.87659E-001  2.69611E-025  4.79618E-029  6.28987E-027  1.00000E-040  4.49702E-037  7.42908E-025  2.56283E-020  2.59185E-008  4.74764E-016  1.87826E-010  1.23865E-019  2.86042E-008  8.29602E-011  3.74770E-006  4.87327E-009  2.09912E-013  9.62809E-016  2.75429E-010  1.57190E-009  4.13459E-011  3.51882E-012  2.59246E-013  2.00731E-021  1.08783E-016  1.00000E-040  4.02120E-010  7.22253E-017  1.54319E-012  7.86504E-020  2.66430E-019  1.36804E-038  2.47253E-036  1.00000E-040  1.00000E-040  3.70204E-014  1.39022E-036  1.78367E-031  4.78722E-021  3.87235E-023  2.63657E-025  7.52616E-029  1.04315E-028  1.60675E-018  1.21765E-015  1.72962E-014  4.19011E-025  1.89316E-034  1.00000E-040  4.84791E-020  6.94236E-034  5.72603E-021  2.48738E-028  1.09988E-021  3.60241E-023  3.93185E-013  1.12794E-023  1.00000E-040  1.66929E-021  1.99778E-038  1.00000E-040  4.07085E-019  1.02516E-038  5.75901E-028  4.50193E-039  2.11366E-015  1.00000E-040  1.00000E-003  1.00000E-005  1.00000E-005  1.00000E-005  1.00000E-005  1.00000E-005  1.00000E-005  1.00000E-005  1.00000E-005  1.00000E-005  1.00000E-005  1.00000E-005  1.00000E-005  1.00000E-005  1.00000E-005  1.00000E-005  
4.35000E+001  1.89623E-003  5.29089E+016  2.59584E+002  5.66624E+004  1.00000E-040  1.00000E-040  1.00000E-040  3.54763E-025  1.00000E-040  1.00000E-040  1.00000E-040  1.00000E-040  1.00000E-040  1.00000E-040  1.00000E-040  1.00000E-040  1.00000E-040  1.00000E-040  3.40032E-026  1.00000E-040  1.01423E-040  9.26615E-014  1.27339E-007  4.98866E-005  1.10235E-009  1.18518E-008  2.11916E-001  3.67034E-009  3.64922E-004  3.94832E-019  3.41937E-011  1.00000E-040  2.86154E-033  6.26164E-023  1.65116E-014  1.20872E-007  1.59583E-023  1.00000E-040  1.00000E-040  1.00000E-040  1.05426E-040  6.78881E-021  2.29886E-020  4.11690E-017  2.71962E-014  4.06218E-037  1.00000E-040  7.83804E-017  2.83151E-035  5.97836E-015  1.47668E-018  7.87665E-001  3.27640E-025  6.08349E-029  4.84671E-027  1.00000E-040  5.55624E-037  7.49081E-025  2.55904E-020  2.71643E-008  3.54415E-016  1.95545E-010  1.29940E-019  2.55556E-008  7.37624E-011  3.49271E-006  3.84398E-009  1.69498E-013  1.51577E-015  2.43847E-010  1.07046E-009  4.13212E-011  3.40950E-012  3.55480E-013  2.33917E-021  1.07341E-016  1.00000E-040  4.02053E-010  8.92914E-017  1.97683E-012  9.72518E-020  3.39781E-019  1.35993E-038  2.70590E-036  1.00000E-040  1.00000E-040  4.00840E-014  2.27116E-036  2.31118E-031  5.28575E-021  4.91382E-023  4.57640E-025  8.60435E-029  2.40095E-028  1.35183E-018  1.25895E-015  1.35837E-014  1.90088E-024  5.72312E-034  1.00000E-040  4.34977E-020  7.45319E-034  6.35409E-021  1.95226E-028  1.09532E-021  2.65442E-023  3.17784E-013  1.29305E-023  1.00000E-040  1.77251E-021  7.73196E-039  1.00000E-040  5.25266E-019  1.58108E-038  6.75821E-028  4.74178E-039  2.74278E-015  1.00000E-040  1.00000E-003  1.00000E-005  1.00000E-005  1.00000E-005  1.00000E-005  1.00000E-005  1.00000E-005  1.00000E-005  1.00000E-005  1.00000E-005  1.00000E-005  1.00000E-005  1.00000E-005  1.00000E-005  1.00000E-005  1.00000E-005  
4.45000E+001  1.66661E-003  4.60126E+016  2.62346E+002  6.33601E+004  1.00000E-040  1.00000E-040  1.00000E-040  8.21577E-025  1.00000E-040  1.00000E-040  1.00000E-040  1.00000E-040  1.00000E-040  1.00000E-040  1.00000E-040  1.00000E-040  1.00000E-040  1.00000E-040  3.42767E-026  1.00000E-040  1.01473E-040  1.93845E-013  1.18713E-007  4.99142E-005  1.35623E-009  1.71987E-008  2.11910E-001  3.39506E-009  3.64892E-004  4.46859E-019  3.03940E-011  1.00000E-040  5.13985E-033  9.29511E-023  2.04583E-014  1.02493E-007  2.51705E-023  3.01063E-032  1.36571E-034  1.51552E-033  1.05251E-040  8.35856E-021  3.37164E-020  5.85599E-017  3.57183E-014  6.36995E-037  1.00000E-040  1.96368E-017  4.85633E-035  6.40869E-015  6.21590E-018  7.87671E-001  3.91491E-025  7.56765E-029  3.77441E-027  1.00000E-040  5.99781E-037  6.76698E-025  2.33972E-020  2.80227E-008  2.59933E-016  2.03701E-010  1.33149E-019  2.29412E-008  6.69380E-011  3.24754E-006  2.96786E-009  1.32591E-013  2.46208E-015  2.12879E-010  7.05728E-010  4.12892E-011  3.37718E-012  4.82757E-013  2.61922E-021  1.01984E-016  1.00000E-040  4.01876E-010  1.04488E-016  2.42945E-012  1.13029E-019  4.07033E-019  1.19405E-038  2.63589E-036  1.00000E-040  1.00000E-040  4.27506E-014  4.32066E-036  2.67048E-031  5.47442E-021  6.11603E-023  7.41673E-025  8.65437E-029  5.27610E-028  1.30374E-018  1.25280E-015  1.07524E-014  6.95766E-024  1.61898E-033  1.00000E-040  3.81932E-020  6.95728E-034  6.60923E-021  1.37732E-028  1.08874E-021  1.76876E-023  2.45585E-013  1.73757E-023  1.00000E-040  1.87500E-021  1.17679E-037  1.00000E-040  6.34320E-019  2.38200E-038  7.72801E-028  4.51252E-039  3.47711E-015  1.00000E-040  1.00000E-003  1.00000E-005  1.00000E-005  1.00000E-005  1.00000E-005  1.00000E-005  1.00000E-005  1.00000E-005  1.00000E-005  1.00000E-005  1.00000E-005  1.00000E-005  1.00000E-005  1.00000E-005  1.00000E-005  1.00000E-005  
4.55000E+001  1.46685E-003  4.00758E+016  2.65107E+002  6.89710E+004  1.00000E-040  1.00000E-040  1.00000E-040  1.89082E-024  1.00000E-040  1.00000E-040  1.00000E-040  1.00000E-040  1.00000E-040  1.00000E-040  1.00000E-040  1.00000E-040  1.00000E-040  1.00000E-040  3.44838E-026  1.00000E-040  1.01525E-040  3.83854E-013  1.12527E-007  4.99321E-005  1.61865E-009  2.43619E-008  2.11904E-001  3.15837E-009  3.64856E-004  4.92120E-019  2.67277E-011  1.00000E-040  8.64210E-033  1.29532E-022  2.41603E-014  8.73082E-008  4.18490E-023  1.00000E-040  1.00000E-040  1.00000E-040  1.05070E-040  1.04375E-020  4.88982E-020  8.73672E-017  4.97060E-014  1.01219E-036  1.00000E-040  4.77458E-018  8.02688E-035  6.86131E-015  2.16864E-017  7.87678E-001  4.60532E-025  9.23987E-029  2.98022E-027  1.00000E-040  5.77480E-037  5.49951E-025  1.95862E-020  2.85080E-008  1.89701E-016  2.12267E-010  1.32949E-019  2.06634E-008  6.15804E-011  3.00263E-006  2.25681E-009  1.00431E-013  3.72776E-015  1.83583E-010  4.50858E-010  4.12506E-011  3.44510E-012  6.50614E-013  2.80314E-021  9.23616E-017  1.00000E-040  4.01557E-010  1.14989E-016  2.84813E-012  1.22595E-019  4.54561E-019  9.15432E-039  2.28414E-036  1.00000E-040  1.00000E-040  4.46176E-014  8.38216E-036  2.74033E-031  5.29757E-021  7.53575E-023  1.10993E-024  7.71562E-029  1.09464E-027  1.28573E-018  1.19143E-015  8.55427E-015  2.06006E-023  4.26652E-033  1.00000E-040  3.27178E-020  5.65078E-034  6.41769E-021  9.03816E-029  1.07986E-021  1.06906E-023  1.81968E-013  2.40385E-023  1.00000E-040  1.97631E-021  1.00000E-040  1.00000E-040  7.09431E-019  3.52154E-038  8.61344E-028  3.89751E-039  4.28460E-015  1.00000E-040  1.00000E-003  1.00000E-005  1.00000E-005  1.00000E-005  1.00000E-005  1.00000E-005  1.00000E-005  1.00000E-005  1.00000E-005  1.00000E-005  1.00000E-005  1.00000E-005  1.00000E-005  1.00000E-005  1.00000E-005  1.00000E-005  
4.65000E+001  1.29280E-003  3.49564E+016  2.67868E+002  7.80352E+004  1.00000E-040  1.00000E-040  1.00000E-040  4.32494E-024  1.00000E-040  1.00000E-040  1.00000E-040  1.00000E-040  1.00000E-040  1.00000E-040  1.00000E-040  1.00000E-040  1.00000E-040  1.00000E-040  3.45449E-026  1.00000E-040  1.01578E-040  7.16656E-013  1.08806E-007  4.99411E-005  1.87297E-009  3.35819E-008  2.11897E-001  2.95832E-009  3.64816E-004  5.29335E-019  2.33204E-011  1.00000E-040  1.36276E-032  1.69419E-022  2.71965E-014  7.50073E-008  6.80751E-023  7.92764E-033  5.26166E-035  5.72363E-034  1.04884E-040  1.24404E-020  6.60169E-020  1.27354E-016  6.80621E-014  1.51768E-036  1.00000E-040  1.13829E-018  1.27766E-034  7.33351E-015  6.40630E-017  7.87685E-001  5.35709E-025  1.10957E-028  2.40608E-027  1.00000E-040  4.90636E-037  4.06044E-025  1.50424E-020  2.86643E-008  1.40508E-016  2.21178E-010  1.29323E-019  1.86889E-008  5.70548E-011  2.75613E-006  1.70138E-009  7.39947E-014  5.03196E-015  1.56753E-010  2.80935E-010  4.12070E-011  3.63365E-012  8.70998E-013  2.87304E-021  7.94949E-017  1.00000E-040  4.01063E-010  1.18377E-016  3.17969E-012  1.23369E-019  4.70313E-019  6.13578E-039  1.77030E-036  1.00000E-040  1.00000E-040  4.54248E-014  1.53985E-035  2.50100E-031  4.77719E-021  9.24677E-023  1.53313E-024  6.17959E-029  2.13599E-027  1.22636E-018  1.08286E-015  6.82689E-015  5.05617E-023  1.02323E-032  1.00000E-040  2.73176E-020  4.03263E-034  5.80161E-021  5.94362E-029  1.06881E-021  5.89091E-024  1.30260E-013  3.17773E-023  1.00000E-040  2.07340E-021  1.21740E-038  1.00000E-040  7.34217E-019  5.11049E-038  9.35726E-028  3.06134E-039  5.12254E-015  1.00000E-040  1.00000E-003  1.00000E-005  1.00000E-005  1.00000E-005  1.00000E-005  1.00000E-005  1.00000E-005  1.00000E-005  1.00000E-005  1.00000E-005  1.00000E-005  1.00000E-005  1.00000E-005  1.00000E-005  1.00000E-005  1.00000E-005  
4.75000E+001  1.14084E-003  3.05721E+016  2.70282E+002  8.59767E+004  1.00000E-040  1.00000E-040  1.00000E-040  9.82283E-024  1.00000E-040  1.00000E-040  1.00000E-040  1.00000E-040  1.00000E-040  1.00000E-040  1.00000E-040  1.00000E-040  1.00000E-040  1.00000E-040  3.43090E-026  1.00000E-040  1.01632E-040  1.26049E-012  1.07490E-007  4.99420E-005  2.11097E-009  4.50431E-008  2.11891E-001  2.77819E-009  3.64773E-004  5.56350E-019  2.01562E-011  1.00000E-040  2.00854E-032  2.07232E-022  2.90124E-014  6.52313E-008  1.05507E-022  4.02716E-033  2.51977E-035  2.71013E-034  1.04695E-040  1.41335E-020  8.31288E-020  1.78902E-016  8.93159E-014  2.09135E-036  1.00000E-040  2.70030E-019  1.90730E-034  7.82158E-015  1.66002E-016  7.87692E-001  6.20239E-025  1.28444E-028  2.01200E-027  1.00000E-040  3.69482E-037  2.75536E-025  1.05951E-020  2.85507E-008  1.07907E-016  2.30315E-010  1.22898E-019  1.69858E-008  5.32042E-011  2.52412E-006  1.27729E-009  5.35108E-014  6.04913E-015  1.33457E-010  1.73075E-010  4.11602E-011  3.90906E-012  1.15296E-012  2.85823E-021  6.61279E-017  1.00000E-040  4.00420E-010  1.12886E-016  3.35789E-012  1.13779E-019  4.44584E-019  3.64286E-039  1.18889E-036  1.00000E-040  1.00000E-040  4.53699E-014  2.58637E-035  2.03201E-031  3.97561E-021  1.11390E-022  1.93848E-024  4.48033E-029  3.83649E-027  1.14200E-018  9.45001E-016  5.45448E-015  1.05756E-022  2.17285E-032  1.00000E-040  2.30784E-020  2.59728E-034  4.83743E-021  4.37485E-029  1.05608E-021  2.99272E-024  9.04330E-014  3.95518E-023  1.00000E-040  2.16330E-021  1.82065E-037  1.00000E-040  6.99900E-019  7.11386E-038  9.94067E-028  2.19491E-039  5.97015E-015  1.00000E-040  1.00000E-003  1.00000E-005  1.00000E-005  1.00000E-005  1.00000E-005  1.00000E-005  1.00000E-005  1.00000E-005  1.00000E-005  1.00000E-005  1.00000E-005  1.00000E-005  1.00000E-005  1.00000E-005  1.00000E-005  1.00000E-005  
4.85000E+001  1.00746E-003  2.69634E+016  2.70627E+002  9.43451E+004  1.00000E-040  1.00000E-040  1.00000E-040  2.20598E-023  1.00000E-040  1.00000E-040  1.00000E-040  1.00000E-040  1.00000E-040  1.00000E-040  1.00000E-040  1.00000E-040  1.00000E-040  1.00000E-040  3.34833E-026  1.00000E-040  1.01688E-040  2.05365E-012  1.08466E-007  4.99359E-005  2.34591E-009  5.84929E-008  2.11884E-001  2.59027E-009  3.64725E-004  5.55727E-019  1.68870E-011  1.00000E-040  2.66117E-032  2.29669E-022  2.82185E-014  5.74639E-008  1.55718E-022  1.52316E-030  1.37405E-032  1.47338E-031  1.04500E-040  1.63031E-020  1.05242E-019  2.56255E-016  1.12451E-013  2.62593E-036  1.00000E-040  6.42101E-020  2.32767E-034  8.32995E-015  4.11363E-016  7.87699E-001  7.05421E-025  1.29196E-028  1.75727E-027  1.00000E-040  2.43656E-037  1.76495E-025  6.88533E-021  2.82193E-008  8.75858E-017  2.38682E-010  1.14005E-019  1.54976E-008  5.04737E-011  2.34993E-006  9.51168E-010  3.83354E-014  6.63089E-015  1.15883E-010  1.07914E-010  4.11113E-011  4.13023E-012  1.48422E-012  2.81356E-021  5.63699E-017  1.00000E-040  3.99780E-010  9.79915E-017  3.28218E-012  9.37067E-020  3.71968E-019  1.95712E-039  5.93677E-037  1.00000E-040  1.00000E-040  4.55115E-014  3.80441E-035  1.47239E-031  2.97972E-021  1.20620E-022  2.11024E-024  2.92373E-029  5.63373E-027  1.14487E-018  8.01922E-016  4.37626E-015  1.96796E-022  4.00092E-032  1.00000E-040  2.33138E-020  1.65037E-034  3.63691E-021  3.72451E-029  1.04208E-021  1.48086E-024  6.06226E-014  4.85991E-023  1.00000E-040  2.24517E-021  6.47764E-036  1.00000E-040  5.93142E-019  8.58046E-038  1.04080E-027  1.43927E-039  6.87840E-015  1.00000E-040  1.00000E-003  1.00000E-005  1.00000E-005  1.00000E-005  1.00000E-005  1.00000E-005  1.00000E-005  1.00000E-005  1.00000E-005  1.00000E-005  1.00000E-005  1.00000E-005  1.00000E-005  1.00000E-005  1.00000E-005  1.00000E-005  
4.95000E+001  8.89786E-004  2.38139E+016  2.70627E+002  1.04470E+005  1.00000E-040  1.00000E-040  1.00000E-040  4.94474E-023  1.00000E-040  1.00000E-040  1.00000E-040  1.00000E-040  1.00000E-040  1.00000E-040  1.00000E-040  1.00000E-040  1.00000E-040  1.00000E-040  3.21429E-026  1.00000E-040  1.01745E-040  3.21866E-012  1.11592E-007  4.99237E-005  2.56623E-009  7.45710E-008  2.11877E-001  2.42803E-009  3.64675E-004  5.49722E-019  1.41689E-011  1.00000E-040  3.39020E-032  2.44401E-022  2.65403E-014  5.13533E-008  2.21573E-022  6.97773E-034  1.00000E-040  1.00000E-040  1.04300E-040  1.83001E-020  1.28122E-019  3.57867E-016  1.36877E-013  3.11967E-036  1.00000E-040  1.55114E-020  2.70655E-034  8.85396E-015  9.33594E-016  7.87706E-001  7.97869E-025  1.26684E-028  1.57881E-027  1.00000E-040  1.50107E-037  1.10317E-025  4.23482E-021  2.77191E-008  7.46954E-017  2.47053E-010  1.04221E-019  1.42037E-008  4.79909E-011  2.18570E-006  7.07590E-010  2.72289E-014  6.88827E-015  1.00519E-010  6.72091E-011  4.10606E-011  4.43425E-012  1.89514E-012  2.71214E-021  4.71200E-017  1.00000E-040  3.98975E-010  8.05474E-017  3.09414E-012  7.24911E-020  2.92085E-019  9.83309E-040  2.69338E-037  1.00000E-040  1.00000E-040  4.50769E-014  5.26098E-035  9.90679E-032  2.11081E-021  1.27846E-022  2.17112E-024  1.84336E-029  7.79603E-027  1.14498E-018  6.65017E-016  3.50732E-015  3.29668E-022  6.77671E-032  1.00000E-040  2.39366E-020  1.01546E-034  2.58221E-021  3.62293E-029  1.02733E-021  6.98763E-025  4.00551E-014  5.72263E-023  1.00000E-040  2.31750E-021  2.44913E-037  1.00000E-040  4.76587E-019  1.01798E-037  1.08795E-027  8.63112E-040  7.79618E-015  1.00000E-040  1.00000E-003  1.00000E-005  1.00000E-005  1.00000E-005  1.00000E-005  1.00000E-005  1.00000E-005  1.00000E-005  1.00000E-005  1.00000E-005  1.00000E-005  1.00000E-005  1.00000E-005  1.00000E-005  1.00000E-005  1.00000E-005  
5.05000E+001  7.85886E-004  2.10332E+016  2.70627E+002  1.14473E+005  1.00000E-040  1.00000E-040  1.00000E-040  1.10817E-022  1.00000E-040  1.00000E-040  1.00000E-040  1.00000E-040  1.00000E-040  1.00000E-040  1.00000E-040  1.00000E-040  1.00000E-040  1.00000E-040  3.02750E-026  1.00000E-040  1.01804E-040  4.89697E-012  1.16733E-007  4.99063E-005  2.76643E-009  9.35993E-008  2.11869E-001  2.30101E-009  3.64622E-004  5.43755E-019  1.20008E-011  1.00000E-040  4.22498E-032  2.53541E-022  2.44845E-014  4.65546E-008  3.06637E-022  4.77062E-033  4.93543E-035  5.22632E-034  1.04095E-040  2.00035E-020  1.50591E-019  4.86181E-016  1.62310E-013  3.56867E-036  1.00000E-040  3.83315E-021  3.09502E-034  9.39171E-015  1.94051E-015  7.87714E-001  9.02323E-025  1.23958E-028  1.45158E-027  1.00000E-040  7.12160E-038  6.90403E-026  2.51691E-021  2.70864E-008  6.65904E-017  2.55299E-010  9.41639E-020  1.30759E-008  4.55147E-011  2.02275E-006  5.27047E-010  1.91787E-014  6.89635E-015  8.67631E-011  4.16177E-011  4.10085E-011  4.87376E-012  2.41193E-012  2.56665E-021  3.82896E-017  1.00000E-040  3.97927E-010  6.40066E-017  2.85416E-012  5.39385E-020  2.20624E-019  4.74458E-040  1.17632E-037  1.00000E-040  1.00000E-040  4.39362E-014  6.99654E-035  6.34752E-032  1.44744E-021  1.35126E-022  2.15918E-024  1.16133E-029  1.04724E-026  1.13887E-018  5.40885E-016  2.81290E-015  5.03855E-022  1.07071E-031  1.00000E-040  2.41900E-020  6.15355E-035  1.77327E-021  3.84922E-029  1.01223E-021  3.18487E-025  2.62766E-014  6.46852E-023  1.00000E-040  2.38008E-021  2.03438E-038  1.00000E-040  3.70017E-019  1.22494E-037  1.14819E-027  4.45153E-040  8.68767E-015  1.00000E-040  1.00000E-003  1.00000E-005  1.00000E-005  1.00000E-005  1.00000E-005  1.00000E-005  1.00000E-005  1.00000E-005  1.00000E-005  1.00000E-005  1.00000E-005  1.00000E-005  1.00000E-005  1.00000E-005  1.00000E-005  1.00000E-005  
5.15000E+001  6.94119E-004  1.85890E+016  2.70455E+002  1.24475E+005  1.00000E-040  1.00000E-040  1.00000E-040  2.48184E-022  1.00000E-040  1.00000E-040  1.00000E-040  1.00000E-040  1.00000E-040  1.00000E-040  1.00000E-040  1.00000E-040  1.00000E-040  1.00000E-040  2.78937E-026  1.00000E-040  1.01866E-040  7.26831E-012  1.23840E-007  4.98841E-005  2.95239E-009  1.16037E-007  2.11862E-001  2.19952E-009  3.64565E-004  5.37455E-019  1.02456E-011  1.00000E-040  5.16096E-032  2.57010E-022  2.21513E-014  4.27627E-008  4.15465E-022  1.00000E-040  1.00000E-040  1.00000E-040  1.03884E-040  2.15875E-020  1.73578E-019  6.49985E-016  1.88722E-013  3.95951E-036  1.00000E-040  9.69016E-022  3.44491E-034  9.94541E-015  3.75613E-015  7.87721E-001  1.02284E-024  1.19893E-028  1.36289E-027  1.00000E-040  9.72117E-039  4.36572E-026  1.45387E-021  2.63420E-008  6.14516E-017  2.63437E-010  8.45610E-020  1.20820E-008  4.31935E-011  1.87120E-006  3.93128E-010  1.34549E-014  6.73278E-015  7.47499E-011  2.57375E-011  4.09547E-011  5.39752E-012  3.04838E-012  2.40286E-021  3.06755E-017  1.00000E-040  3.96672E-010  4.93429E-017  2.57414E-012  3.87146E-020  1.60687E-019  2.23834E-040  4.89467E-038  1.00000E-040  1.00000E-040  4.24020E-014  8.98303E-035  3.90676E-032  9.63173E-022  1.41277E-022  2.07733E-024  7.35608E-030  1.35822E-026  1.14402E-018  4.33604E-016  2.26022E-015  7.11293E-022  1.56190E-031  1.00000E-040  2.46627E-020  3.74285E-035  1.18113E-021  4.23950E-029  9.96896E-022  1.41700E-025  1.71192E-014  7.12143E-023  1.00000E-040  2.43379E-021  1.00000E-040  1.00000E-040  2.78211E-019  1.49084E-037  1.23354E-027  1.50823E-040  9.56938E-015  1.00000E-040  1.00000E-003  1.00000E-005  1.00000E-005  1.00000E-005  1.00000E-005  1.00000E-005  1.00000E-005  1.00000E-005  1.00000E-005  1.00000E-005  1.00000E-005  1.00000E-005  1.00000E-005  1.00000E-005  1.00000E-005  1.00000E-005  
5.25000E+001  6.12767E-004  1.65473E+016  2.68216E+002  1.34477E+005  1.00000E-040  1.00000E-040  1.00000E-040  5.52554E-022  1.00000E-040  1.00000E-040  1.00000E-040  1.00000E-040  1.00000E-040  1.00000E-040  1.00000E-040  1.00000E-040  1.00000E-040  1.00000E-040  2.49680E-026  1.00000E-040  1.01930E-040  1.03126E-011  1.32880E-007  4.98575E-005  3.15719E-009  1.41316E-007  2.11854E-001  2.10745E-009  3.64505E-004  5.12398E-019  8.62467E-012  1.00000E-040  5.93626E-032  2.47746E-022  1.89639E-014  3.97690E-008  5.52427E-022  1.00000E-040  1.00000E-040  1.00000E-040  1.03663E-040  2.42844E-020  2.09117E-019  9.05859E-016  2.15970E-013  4.26758E-036  1.00000E-040  2.54029E-022  3.18701E-034  1.05138E-014  7.34545E-015  7.87730E-001  1.11301E-024  1.02100E-028  1.28642E-027  1.00000E-040  1.00000E-040  2.88186E-026  8.28110E-022  2.55057E-008  5.78750E-017  2.70306E-010  7.49193E-020  1.12012E-008  4.16402E-011  1.76887E-006  2.91509E-010  9.48019E-015  6.49086E-015  6.57847E-011  1.62613E-011  4.08988E-011  5.79079E-012  3.75021E-012  2.21435E-021  2.58032E-017  1.00000E-040  3.95478E-010  3.66816E-017  2.23137E-012  2.64405E-020  1.10931E-019  1.06596E-040  1.65645E-038  1.00000E-040  1.00000E-040  4.16185E-014  1.07493E-034  2.32913E-032  6.11581E-022  1.31598E-022  1.81516E-024  4.65612E-030  1.48490E-026  1.25871E-018  3.50188E-016  1.84457E-015  9.65491E-022  2.04227E-031  1.00000E-040  3.03987E-020  2.53045E-035  7.50948E-022  4.40012E-029  9.81503E-022  6.58617E-026  1.10743E-014  8.06084E-023  1.00000E-040  2.47938E-021  1.00000E-040  1.00000E-040  1.95755E-019  1.64708E-037  1.35477E-027  1.00000E-040  1.05772E-014  1.00000E-040  1.00000E-003  1.00000E-005  1.00000E-005  1.00000E-005  1.00000E-005  1.00000E-005  1.00000E-005  1.00000E-005  1.00000E-005  1.00000E-005  1.00000E-005  1.00000E-005  1.00000E-005  1.00000E-005  1.00000E-005  1.00000E-005  
5.35000E+001  5.40342E-004  1.47429E+016  2.65462E+002  1.44478E+005  1.00000E-040  1.00000E-040  1.00000E-040  1.23368E-021  1.00000E-040  1.00000E-040  1.00000E-040  1.00000E-040  1.00000E-040  1.00000E-040  1.00000E-040  1.00000E-040  1.00000E-040  1.00000E-040  2.17528E-026  1.00000E-040  1.01997E-040  1.43981E-011  1.43803E-007  4.98268E-005  3.36810E-009  1.70928E-007  2.11845E-001  2.04020E-009  3.64442E-004  4.86307E-019  7.29994E-012  1.00000E-040  6.74116E-032  2.35583E-022  1.59717E-014  3.73959E-008  7.26605E-022  1.00000E-040  1.00000E-040  1.00000E-040  1.03433E-040  2.72455E-020  2.50770E-019  1.25888E-015  2.44301E-013  4.54544E-036  1.00000E-040  6.93866E-023  2.79123E-034  1.10940E-014  1.38435E-014  7.87738E-001  1.19666E-024  8.42264E-029  1.21904E-027  1.00000E-040  1.00000E-040  1.94726E-026  4.64644E-022  2.45933E-008  5.51125E-017  2.76867E-010  6.59684E-020  1.04183E-008  4.03234E-011  1.68098E-006  2.15600E-010  6.67283E-015  6.21123E-015  5.80427E-011  1.03492E-011  4.08405E-011  6.17701E-012  4.57348E-012  2.01635E-021  2.18484E-017  1.00000E-040  3.94164E-010  2.67530E-017  1.89990E-012  1.76077E-020  7.47070E-020  1.00000E-040  5.24085E-039  1.00000E-040  1.00000E-040  4.08421E-014  1.25734E-034  1.35773E-032  3.79555E-022  1.18473E-022  1.53835E-024  2.97993E-030  1.54117E-026  1.41065E-018  2.82524E-016  1.51893E-015  1.24687E-021  2.51915E-031  1.00000E-040  3.93618E-020  1.77364E-035  4.66354E-022  4.51619E-029  9.66127E-022  3.05581E-026  7.14075E-015  9.08768E-023  1.00000E-040  2.51771E-021  1.00000E-040  1.00000E-040  1.33906E-019  1.81317E-037  1.52247E-027  1.00000E-040  1.16599E-014  1.00000E-040  1.00000E-003  1.00000E-005  1.00000E-005  1.00000E-005  1.00000E-005  1.00000E-005  1.00000E-005  1.00000E-005  1.00000E-005  1.00000E-005  1.00000E-005  1.00000E-005  1.00000E-005  1.00000E-005  1.00000E-005  1.00000E-005  
5.45000E+001  4.75870E-004  1.31199E+016  2.62709E+002  1.54480E+005  1.00000E-040  1.00000E-040  1.00000E-040  2.76949E-021  1.00000E-040  1.00000E-040  1.00000E-040  1.00000E-040  1.00000E-040  1.00000E-040  1.00000E-040  1.00000E-040  1.00000E-040  1.00000E-040  1.84503E-026  1.00000E-040  1.02067E-040  1.99430E-011  1.56616E-007  4.97921E-005  3.57757E-009  2.05835E-007  2.11837E-001  2.00886E-009  3.64375E-004  4.63818E-019  6.24913E-012  1.00000E-040  7.67487E-032  2.23576E-022  1.34015E-014  3.54991E-008  9.49624E-022  1.04197E-032  1.43280E-034  1.48266E-033  1.03192E-040  3.00993E-020  2.95773E-019  1.72349E-015  2.74070E-013  4.82474E-036  1.00000E-040  1.97345E-023  2.41763E-034  1.16848E-014  2.48176E-014  7.87747E-001  1.28812E-024  6.94955E-029  1.16233E-027  1.00000E-040  1.00000E-040  1.33099E-026  2.58752E-022  2.36159E-008  5.27890E-017  2.83255E-010  5.78386E-020  9.71839E-009  3.90026E-011  1.59482E-006  1.59220E-010  4.67435E-015  5.90525E-015  5.09748E-011  6.56702E-012  4.07792E-011  6.64395E-012  5.57034E-012  1.81676E-021  1.82809E-017  1.00000E-040  3.92592E-010  1.93798E-017  1.60707E-012  1.16094E-020  4.98766E-020  1.00000E-040  1.63935E-039  1.00000E-040  1.00000E-040  3.97922E-014  1.46355E-034  7.82062E-033  2.33833E-022  1.06031E-022  1.29172E-024  1.92617E-030  1.57847E-026  1.57815E-018  2.26936E-016  1.26072E-015  1.53222E-021  3.01575E-031  1.00000E-040  5.09614E-020  1.25170E-035  2.87326E-022  4.65310E-029  9.50758E-022  1.40583E-026  4.59959E-015  1.01107E-022  1.00000E-040  2.54976E-021  3.32058E-038  1.00000E-040  9.04079E-020  2.04149E-037  1.74640E-027  1.00000E-040  1.27773E-014  1.00000E-040  1.00000E-003  1.00000E-005  1.00000E-005  1.00000E-005  1.00000E-005  1.00000E-005  1.00000E-005  1.00000E-005  1.00000E-005  1.00000E-005  1.00000E-005  1.00000E-005  1.00000E-005  1.00000E-005  1.00000E-005  1.00000E-005  
5.55000E+001  4.18546E-004  1.16617E+016  2.59956E+002  1.64481E+005  1.00000E-040  1.00000E-040  1.00000E-040  6.25178E-021  1.00000E-040  1.00000E-040  1.00000E-040  1.00000E-040  1.00000E-040  1.00000E-040  1.00000E-040  1.00000E-040  1.00000E-040  1.00000E-040  1.52304E-026  1.00000E-040  1.02142E-040  2.74455E-011  1.71373E-007  4.97534E-005  3.78670E-009  2.46948E-007  2.11827E-001  2.01879E-009  3.64303E-004  4.44345E-019  5.40546E-012  1.00000E-040  8.77461E-032  2.12069E-022  1.12130E-014  3.39698E-008  1.23612E-021  1.00000E-040  1.00000E-040  1.00000E-040  1.02936E-040  3.27709E-020  3.43866E-019  2.32808E-015  3.05587E-013  5.12021E-036  1.00000E-040  5.83793E-024  2.07219E-034  1.22848E-014  4.25263E-014  7.87757E-001  1.39526E-024  5.73605E-029  1.11863E-027  1.00000E-040  1.00000E-040  9.15431E-027  1.43999E-022  2.25832E-008  5.06565E-017  2.89429E-010  5.05193E-020  9.08893E-009  3.76637E-011  1.51062E-006  1.17399E-010  3.25823E-015  5.58283E-015  4.45444E-011  4.14501E-012  4.07142E-011  7.21170E-012  6.77745E-012  1.62051E-021  1.51173E-017  1.00000E-040  3.90703E-010  1.40359E-017  1.35460E-012  7.63170E-021  3.32358E-020  1.00000E-040  5.10477E-040  1.00000E-040  1.00000E-040  3.85095E-014  1.70029E-034  4.48549E-033  1.43962E-022  9.43495E-023  1.07639E-024  1.25086E-030  1.59719E-026  1.76300E-018  1.81624E-016  1.05537E-015  1.80063E-021  3.53673E-031  1.00000E-040  6.59989E-020  8.85485E-036  1.76836E-022  4.79964E-029  9.35363E-022  6.45823E-027  2.96080E-015  1.11343E-022  1.00000E-040  2.57646E-021  1.00000E-040  1.00000E-040  6.03991E-020  2.33622E-037  2.03572E-027  1.00000E-040  1.39292E-014  1.00000E-040  1.00000E-003  1.00000E-005  1.00000E-005  1.00000E-005  1.00000E-005  1.00000E-005  1.00000E-005  1.00000E-005  1.00000E-005  1.00000E-005  1.00000E-005  1.00000E-005  1.00000E-005  1.00000E-005  1.00000E-005  1.00000E-005  
5.65000E+001  3.67639E-004  1.03528E+016  2.57205E+002  1.74482E+005  1.00000E-040  1.00000E-040  1.00000E-040  1.41923E-020  1.00000E-040  1.00000E-040  1.00000E-040  1.00000E-040  1.00000E-040  1.00000E-040  1.00000E-040  1.00000E-040  1.00000E-040  1.00000E-040  1.22385E-026  1.00000E-040  1.02221E-040  3.76023E-011  1.88154E-007  4.97105E-005  3.99773E-009  2.95490E-007  2.11817E-001  2.07456E-009  3.64226E-004  4.27542E-019  4.71931E-012  1.00000E-040  1.00907E-031  2.01289E-022  9.36208E-015  3.27266E-008  1.60508E-021  1.00000E-040  1.00000E-040  1.00000E-040  1.02665E-040  3.51677E-020  3.94365E-019  3.10481E-015  3.39136E-013  5.44176E-036  1.00000E-040  1.79545E-024  1.75938E-034  1.28929E-014  6.99487E-014  7.87767E-001  1.53379E-024  4.73803E-029  1.09343E-027  1.00000E-040  1.00000E-040  6.30099E-027  8.04013E-023  2.15054E-008  4.85791E-017  2.95435E-010  4.40320E-020  8.51985E-009  3.63207E-011  1.42922E-006  8.64253E-011  2.26092E-015  5.25264E-015  3.87281E-011  2.60188E-012  4.06448E-011  7.88547E-012  8.23629E-012  1.43261E-021  1.23743E-017  1.00000E-040  3.88449E-010  1.02056E-017  1.13919E-012  5.02317E-021  2.21977E-020  1.00000E-040  1.58810E-040  1.00000E-040  1.00000E-040  3.70500E-014  1.97456E-034  2.57425E-033  8.89281E-023  8.34954E-023  8.91624E-025  8.11747E-031  1.59951E-026  1.96460E-018  1.44896E-016  8.90771E-016  2.03151E-021  4.08022E-031  1.00000E-040  8.56757E-020  6.25103E-036  1.09165E-022  4.94983E-029  9.19903E-022  2.97340E-027  1.90412E-015  1.21650E-022  1.00000E-040  2.59866E-021  1.17579E-037  1.00000E-040  3.99920E-020  2.70108E-037  2.39949E-027  1.00000E-040  1.51228E-014  1.00000E-040  1.00000E-003  1.00000E-005  1.00000E-005  1.00000E-005  1.00000E-005  1.00000E-005  1.00000E-005  1.00000E-005  1.00000E-005  1.00000E-005  1.00000E-005  1.00000E-005  1.00000E-005  1.00000E-005  1.00000E-005  1.00000E-005  
5.75000E+001  3.22485E-004  9.17946E+015  2.54454E+002  1.84483E+005  1.00000E-040  1.00000E-040  1.00000E-040  3.24025E-020  1.00000E-040  1.00000E-040  1.00000E-040  1.00000E-040  1.00000E-040  1.00000E-040  1.00000E-040  1.00000E-040  1.00000E-040  1.00000E-040  9.57964E-027  1.00000E-040  1.02306E-040  5.13732E-011  2.07073E-007  4.96633E-005  4.21310E-009  3.52962E-007  2.11806E-001  2.18233E-009  3.64143E-004  4.13095E-019  4.15403E-012  1.00000E-040  1.16880E-031  1.91359E-022  7.80448E-015  3.17079E-008  2.08119E-021  1.00000E-040  1.00000E-040  1.00000E-040  1.02376E-040  3.71941E-020  4.46322E-019  4.08973E-015  3.74994E-013  5.79826E-036  1.00000E-040  5.75111E-025  1.48051E-034  1.35083E-014  1.10881E-013  7.87778E-001  1.73037E-024  3.91734E-029  1.09529E-027  1.00000E-040  1.00000E-040  4.32004E-027  4.51664E-023  2.03934E-008  4.64868E-017  3.01322E-010  3.83467E-020  8.00293E-009  3.49887E-011  1.35116E-006  6.35224E-011  1.56251E-015  4.92176E-015  3.35015E-011  1.62483E-012  4.05706E-011  8.66742E-012  9.99585E-012  1.25670E-021  1.00403E-017  1.00000E-040  3.85778E-010  7.47176E-018  9.56540E-013  3.32042E-021  1.49038E-020  1.00000E-040  1.00000E-040  1.00000E-040  1.00000E-040  3.54628E-014  2.29400E-034  1.48366E-033  5.52713E-023  7.34852E-023  7.35141E-025  5.23918E-031  1.58714E-026  2.18108E-018  1.15268E-016  7.57623E-016  2.20837E-021  4.64040E-031  1.00000E-040  1.11728E-019  4.38708E-036  6.77911E-023  5.09948E-029  9.04337E-022  1.37599E-027  1.22315E-015  1.32113E-022  1.00000E-040  2.61708E-021  1.00000E-040  1.00000E-040  2.62768E-020  3.13824E-037  2.84706E-027  1.00000E-040  1.63672E-014  1.00000E-040  1.00000E-003  1.00000E-005  1.00000E-005  1.00000E-005  1.00000E-005  1.00000E-005  1.00000E-005  1.00000E-005  1.00000E-005  1.00000E-005  1.00000E-005  1.00000E-005  1.00000E-005  1.00000E-005  1.00000E-005  1.00000E-005  
5.85000E+001  2.82486E-004  8.12874E+015  2.51704E+002  1.94484E+005  1.00000E-040  1.00000E-040  1.00000E-040  7.44081E-020  1.00000E-040  1.00000E-040  1.00000E-040  1.00000E-040  1.00000E-040  1.00000E-040  1.00000E-040  1.00000E-040  1.00000E-040  1.00000E-040  7.31266E-027  1.00000E-040  1.02398E-040  7.00866E-011  2.28271E-007  4.96115E-005  4.43517E-009  4.21196E-007  2.11795E-001  2.35129E-009  3.64054E-004  4.00764E-019  3.68267E-012  1.00000E-040  1.36528E-031  1.82347E-022  6.49942E-015  3.08665E-008  2.69653E-021  9.88630E-033  1.41247E-034  1.44012E-033  1.02066E-040  3.87613E-020  4.98555E-019  5.32206E-015  4.13448E-013  6.19837E-036  1.00000E-040  1.93631E-025  1.23565E-034  1.41311E-014  1.69986E-013  7.87789E-001  2.02873E-024  3.24239E-029  1.13620E-027  1.00000E-040  1.00000E-040  2.93713E-027  2.55854E-023  1.92593E-008  4.43528E-017  3.07142E-010  3.33643E-020  7.53144E-009  3.36789E-011  1.27665E-006  4.66190E-011  1.07588E-015  4.59557E-015  2.88353E-011  1.00992E-012  4.04907E-011  9.55958E-012  1.21149E-011  1.09506E-021  8.08321E-018  1.00000E-040  3.82628E-010  5.52109E-018  8.02383E-013  2.20965E-021  1.00837E-020  1.00000E-040  1.00000E-040  1.00000E-040  1.00000E-040  3.37851E-014  2.66718E-034  8.61251E-034  3.46433E-023  6.43296E-023  6.04012E-025  3.34788E-031  1.56188E-026  2.40919E-018  9.14548E-017  6.48840E-016  2.32069E-021  5.20836E-031  1.00000E-040  1.46336E-019  3.04933E-036  4.24463E-023  5.24660E-029  8.88622E-022  6.41379E-028  7.84680E-016  1.42814E-022  1.00000E-040  2.63232E-021  1.72507E-037  1.00000E-040  1.71513E-020  3.64951E-037  3.38830E-027  1.00000E-040  1.76717E-014  1.00000E-040  1.00000E-003  1.00000E-005  1.00000E-005  1.00000E-005  1.00000E-005  1.00000E-005  1.00000E-005  1.00000E-005  1.00000E-005  1.00000E-005  1.00000E-005  1.00000E-005  1.00000E-005  1.00000E-005  1.00000E-005  1.00000E-005  
5.95000E+001  2.47098E-004  7.18893E+015  2.48955E+002  2.04485E+005  1.00000E-040  1.00000E-040  1.00000E-040  1.71876E-019  1.00000E-040  1.00000E-040  1.00000E-040  1.00000E-040  1.00000E-040  1.00000E-040  1.00000E-040  1.00000E-040  1.00000E-040  1.00000E-040  5.45233E-027  1.00000E-040  1.02497E-040  9.55841E-011  2.51922E-007  4.95546E-005  4.66630E-009  5.02410E-007  2.11782E-001  2.59501E-009  3.63958E-004  3.90341E-019  3.28514E-012  1.00000E-040  1.60994E-031  1.74272E-022  5.40961E-015  3.01658E-008  3.49278E-021  3.03098E-033  3.26964E-037  1.98192E-036  1.01733E-040  3.98019E-020  5.49787E-019  6.84403E-015  4.54807E-013  6.65112E-036  1.00000E-040  7.06913E-026  1.02339E-034  1.47620E-014  2.52832E-013  7.87802E-001  2.49893E-024  2.68552E-029  1.23218E-027  1.00000E-040  1.00000E-040  1.96956E-027  1.46436E-023  1.81156E-008  4.21759E-017  3.12950E-010  2.89223E-020  7.09977E-009  3.24002E-011  1.20570E-006  3.41696E-011  7.38396E-016  4.27813E-015  2.46978E-011  6.25114E-013  4.04045E-011  1.05634E-011  1.46635E-011  9.48838E-022  6.46137E-018  1.00000E-040  3.78927E-010  4.12584E-018  6.72726E-013  1.48345E-021  6.88913E-021  1.00000E-040  1.00000E-040  1.00000E-040  1.00000E-040  3.20456E-014  3.10334E-034  5.04804E-034  2.19403E-023  5.60151E-023  4.95020E-025  2.10626E-031  1.52505E-026  2.64494E-018  7.23716E-017  5.59059E-016  2.36478E-021  5.77172E-031  1.00000E-040  1.91541E-019  2.08905E-036  2.68501E-023  5.38995E-029  8.72714E-022  3.01691E-028  5.02704E-016  1.53844E-022  1.00000E-040  2.64491E-021  1.58666E-037  1.00000E-040  1.11307E-020  4.23586E-037  4.03388E-027  1.00000E-040  1.90454E-014  1.00000E-040  1.00000E-003  1.00000E-005  1.00000E-005  1.00000E-005  1.00000E-005  1.00000E-005  1.00000E-005  1.00000E-005  1.00000E-005  1.00000E-005  1.00000E-005  1.00000E-005  1.00000E-005  1.00000E-005  1.00000E-005  1.00000E-005  
6.05000E+001  2.15830E-004  6.34934E+015  2.46207E+002  2.14485E+005  1.00000E-040  1.00000E-040  1.00000E-040  3.99391E-019  1.00000E-040  1.00000E-040  1.00000E-040  1.00000E-040  1.00000E-040  1.00000E-040  1.00000E-040  1.00000E-040  1.00000E-040  1.00000E-040  3.97855E-027  1.00000E-040  1.02604E-040  1.30430E-010  2.78232E-007  4.94922E-005  4.90886E-009  5.99302E-007  2.11769E-001  2.93296E-009  3.63854E-004  3.81657E-019  2.94637E-012  1.49581E-036  1.91817E-031  1.67129E-022  4.50190E-015  2.95774E-008  4.52407E-021  9.65463E-033  1.28565E-034  1.30009E-033  1.01374E-040  4.02785E-020  5.98756E-019  8.70078E-015  4.99412E-013  7.16631E-036  1.00000E-040  3.03858E-026  8.41505E-035  1.54032E-014  3.65907E-013  7.87816E-001  3.25261E-024  2.22367E-029  1.40451E-027  1.81081E-031  1.00000E-040  1.29165E-027  8.48311E-024  1.69754E-008  3.99712E-017  3.18798E-010  2.48652E-020  6.70323E-009  3.11598E-011  1.13821E-006  2.50210E-011  5.05365E-016  3.97239E-015  2.10550E-011  3.85561E-013  4.03112E-011  1.16789E-011  1.77243E-011  8.18337E-022  5.13045E-018  1.00000E-040  3.74590E-010  3.12347E-018  5.63963E-013  1.00654E-021  4.76116E-021  1.00000E-040  1.00000E-040  1.00000E-040  1.00000E-040  3.02656E-014  3.61211E-034  2.99419E-034  1.40640E-023  4.85164E-023  4.04997E-025  1.29313E-031  1.47761E-026  2.88391E-018  5.71151E-017  4.84215E-016  2.34330E-021  6.31433E-031  1.00000E-040  2.48159E-019  1.39939E-036  1.71886E-023  5.52890E-029  8.56567E-022  1.43350E-028  3.21613E-016  1.65302E-022  1.00000E-040  2.65528E-021  1.00000E-040  1.00000E-040  7.18719E-021  4.89772E-037  4.79547E-027  1.00000E-040  2.04978E-014  1.00000E-040  1.00000E-003  1.00000E-005  1.00000E-005  1.00000E-005  1.00000E-005  1.00000E-005  1.00000E-005  1.00000E-005  1.00000E-005  1.00000E-005  1.00000E-005  1.00000E-005  1.00000E-005  1.00000E-005  1.00000E-005  1.00000E-005  
6.15000E+001  1.88241E-004  5.60021E+015  2.43459E+002  2.24486E+005  1.00000E-040  1.00000E-040  1.00000E-040  9.33702E-019  1.00000E-040  1.00000E-040  1.00000E-040  1.00000E-040  1.00000E-040  1.00000E-040  1.00000E-040  1.00000E-040  1.00000E-040  1.00000E-040  2.84817E-027  1.00000E-040  1.02720E-040  1.78212E-010  3.07443E-007  4.94238E-005  5.16544E-009  7.15159E-007  2.11754E-001  3.39246E-009  3.63740E-004  3.74573E-019  2.65490E-012  1.00000E-040  2.31078E-031  1.60889E-022  3.74721E-015  2.90787E-008  5.86080E-021  1.00000E-040  1.00000E-040  1.00000E-040  1.00985E-040  4.01871E-020  6.44325E-019  1.09406E-014  5.47646E-013  7.75488E-036  1.00000E-040  1.75967E-026  6.87233E-035  1.60578E-014  5.16611E-013  7.87830E-001  4.46607E-024  1.83902E-029  1.68090E-027  1.00000E-040  1.00000E-040  8.15537E-028  4.98185E-024  1.58516E-008  3.77631E-017  3.24746E-010  2.11223E-020  6.33788E-009  2.99642E-011  1.07404E-006  1.83131E-011  3.45113E-016  3.68046E-015  1.78709E-011  2.37140E-013  4.02098E-011  1.29031E-011  2.13942E-011  7.03226E-022  4.04755E-018  1.00000E-040  3.69523E-010  2.39905E-018  4.72897E-013  6.91330E-022  3.33377E-021  1.00000E-040  1.00000E-040  1.00000E-040  1.00000E-040  2.84618E-014  4.20269E-034  1.80072E-034  9.13812E-024  4.17998E-023  3.30993E-025  7.62091E-032  1.42002E-026  3.12174E-018  4.49411E-017  4.21218E-016  2.26380E-021  6.81622E-031  1.00000E-040  3.14904E-019  9.02767E-037  1.11524E-023  5.66292E-029  8.40132E-022  6.91052E-029  2.05476E-016  1.77309E-022  1.00000E-040  2.66383E-021  1.00000E-040  1.00000E-040  4.62018E-021  5.63473E-037  5.68589E-027  1.00000E-040  2.20383E-014  1.00000E-040  1.00000E-003  1.00000E-005  1.00000E-005  1.00000E-005  1.00000E-005  1.00000E-005  1.00000E-005  1.00000E-005  1.00000E-005  1.00000E-005  1.00000E-005  1.00000E-005  1.00000E-005  1.00000E-005  1.00000E-005  1.00000E-005  
6.25000E+001  1.63930E-004  4.93259E+015  2.40713E+002  2.34487E+005  1.00000E-040  1.00000E-040  1.00000E-040  2.19626E-018  1.00000E-040  1.00000E-040  1.00000E-040  1.00000E-040  1.00000E-040  1.00000E-040  1.00000E-040  1.00000E-040  1.00000E-040  1.00000E-040  2.00652E-027  1.00000E-040  1.02847E-040  2.43994E-010  3.39839E-007  4.93488E-005  5.43884E-009  8.54030E-007  2.11738E-001  4.01110E-009  3.63616E-004  3.69009E-019  2.40205E-012  1.00000E-040  2.81657E-031  1.55523E-022  3.12065E-015  2.86517E-008  7.59460E-021  1.00000E-040  1.00000E-040  1.00000E-040  1.00562E-040  3.95558E-020  6.85549E-019  1.36156E-014  5.99940E-013  8.42896E-036  1.00000E-040  1.45530E-026  5.57794E-035  1.67302E-014  7.13141E-013  7.87847E-001  6.41143E-024  1.51946E-029  2.09594E-027  1.00000E-040  1.00000E-040  4.79449E-028  2.96974E-024  1.47563E-008  3.55810E-017  3.30870E-010  1.77258E-020  6.00037E-009  2.88193E-011  1.01301E-006  1.34054E-011  2.35319E-016  3.40379E-015  1.51071E-011  1.45563E-013  4.00994E-011  1.42293E-011  2.57855E-011  6.02764E-022  3.17287E-018  1.00000E-040  3.63619E-010  1.87168E-018  3.96748E-013  4.81291E-022  2.36803E-021  1.00000E-040  1.00000E-040  1.00000E-040  1.00000E-040  2.66466E-014  4.88295E-034  1.09990E-034  6.02575E-024  3.58363E-023  2.70407E-025  4.16097E-032  1.35291E-026  3.35423E-018  3.52397E-017  3.67700E-016  2.13693E-021  7.25419E-031  1.00000E-040  3.88414E-019  5.42613E-037  7.34270E-024  5.79251E-029  8.23359E-022  3.37228E-029  1.31094E-016  1.89987E-022  1.00000E-040  2.67092E-021  5.46403E-038  1.00000E-040  2.95839E-021  6.44755E-037  6.71942E-027  1.00000E-040  2.36772E-014  1.00000E-040  1.00000E-003  1.00000E-005  1.00000E-005  1.00000E-005  1.00000E-005  1.00000E-005  1.00000E-005  1.00000E-005  1.00000E-005  1.00000E-005  1.00000E-005  1.00000E-005  1.00000E-005  1.00000E-005  1.00000E-005  1.00000E-005  
6.35000E+001  1.42538E-004  4.33841E+015  2.37967E+002  2.44487E+005  1.00000E-040  1.00000E-040  1.00000E-040  5.19821E-018  1.00000E-040  1.00000E-040  1.00000E-040  1.00000E-040  1.00000E-040  1.00000E-040  1.00000E-040  1.00000E-040  1.00000E-040  1.00000E-040  1.39667E-027  1.00000E-040  1.02986E-040  3.34949E-010  3.75747E-007  4.92664E-005  5.73244E-009  1.02090E-006  2.11721E-001  4.83995E-009  3.63480E-004  3.64885E-019  2.18100E-012  1.00000E-040  3.47526E-031  1.50984E-022  2.60070E-015  2.82823E-008  9.84487E-021  6.38893E-033  1.89940E-035  1.90845E-034  1.00101E-040  3.84409E-020  7.21751E-019  1.67825E-014  6.56787E-013  9.20245E-036  1.00000E-040  1.54412E-026  4.50072E-035  1.74262E-014  9.64499E-013  7.87864E-001  9.49640E-024  1.25604E-029  2.69067E-027  1.00000E-040  1.00000E-040  2.40156E-028  1.79887E-024  1.37006E-008  3.34553E-017  3.37251E-010  1.47503E-020  5.68780E-009  2.77321E-011  9.55022E-007  9.82161E-012  1.60342E-016  3.14333E-015  1.27254E-011  8.92587E-014  3.99789E-011  1.56447E-011  3.10244E-011  5.15887E-022  2.47150E-018  1.00000E-040  3.56761E-010  1.48451E-018  3.33110E-013  3.39965E-022  1.70799E-021  1.90499E-040  1.00000E-040  1.00000E-040  1.00000E-040  2.48314E-014  5.65713E-034  6.83314E-035  4.03600E-024  3.05794E-023  2.20927E-025  1.91133E-032  1.27610E-026  3.57798E-018  2.75193E-017  3.21858E-016  1.97479E-021  7.60238E-031  1.00000E-040  4.64213E-019  2.78186E-037  4.91015E-024  5.91740E-029  8.06193E-022  1.67131E-029  8.35173E-017  2.03506E-022  1.00000E-040  2.67689E-021  1.00000E-040  1.00000E-040  1.88765E-021  7.33536E-037  7.91199E-027  1.00000E-040  2.54260E-014  1.00000E-040  1.00000E-003  1.00000E-005  1.00000E-005  1.00000E-005  1.00000E-005  1.00000E-005  1.00000E-005  1.00000E-005  1.00000E-005  1.00000E-005  1.00000E-005  1.00000E-005  1.00000E-005  1.00000E-005  1.00000E-005  1.00000E-005  
6.45000E+001  1.23742E-004  3.81024E+015  2.35223E+002  2.54488E+005  1.00000E-040  1.00000E-040  1.00000E-040  1.23810E-017  1.00000E-040  1.00000E-040  1.00000E-040  1.00000E-040  1.00000E-040  1.00000E-040  1.00000E-040  1.00000E-040  1.00000E-040  1.00000E-040  9.65712E-028  1.00000E-040  1.03139E-040  4.61351E-010  4.15548E-007  4.91757E-005  6.05009E-009  1.22194E-006  2.11701E-001  5.94748E-009  3.63330E-004  3.62171E-019  1.98643E-012  1.00000E-040  4.34291E-031  1.47232E-022  2.16933E-015  2.79586E-008  1.27676E-020  6.37402E-033  2.26843E-039  4.11577E-038  1.00000E-040  3.69192E-020  7.52524E-019  2.05040E-014  7.18744E-013  1.00912E-035  1.00000E-040  1.84298E-026  3.61273E-035  1.81524E-014  1.28014E-012  7.87884E-001  1.43132E-023  1.04220E-029  3.51071E-027  1.00000E-040  1.00000E-040  6.74535E-029  1.10807E-024  1.26942E-008  3.14158E-017  3.43996E-010  1.22541E-020  5.39771E-009  2.67093E-011  8.99901E-007  7.20838E-012  1.09278E-016  2.89960E-015  1.06867E-011  5.47351E-014  3.98468E-011  1.71302E-011  3.72524E-011  4.41390E-022  1.91271E-018  1.00000E-040  3.48827E-010  1.19761E-018  2.79937E-013  2.43817E-022  1.25172E-021  4.15405E-040  1.00000E-040  1.00000E-040  1.00000E-040  2.30245E-014  6.52394E-034  4.32235E-035  2.74746E-024  2.59854E-023  1.80613E-025  4.51273E-033  1.18977E-026  3.79025E-018  2.13822E-017  2.82290E-016  1.78940E-021  7.83429E-031  1.00000E-040  5.37907E-019  8.00852E-038  3.33688E-024  6.03852E-029  7.88575E-022  8.41582E-030  5.31234E-017  2.18044E-022  1.00000E-040  2.68200E-021  1.00000E-040  1.00000E-040  1.20067E-021  8.29965E-037  9.28153E-027  1.00000E-040  2.72969E-014  1.00000E-040  1.00000E-003  1.00000E-005  1.00000E-005  1.00000E-005  1.00000E-005  1.00000E-005  1.00000E-005  1.00000E-005  1.00000E-005  1.00000E-005  1.00000E-005  1.00000E-005  1.00000E-005  1.00000E-005  1.00000E-005  1.00000E-005  
6.55000E+001  1.07250E-004  3.34142E+015  2.32479E+002  2.64488E+005  1.00000E-040  1.00000E-040  1.00000E-040  2.96763E-017  1.00000E-040  1.00000E-040  1.00000E-040  1.00000E-040  1.00000E-040  1.00000E-040  1.00000E-040  1.00000E-040  1.00000E-040  1.00000E-040  6.68130E-028  1.00000E-040  1.03307E-040  6.37959E-010  4.59679E-007  4.90760E-005  6.39643E-009  1.46478E-006  2.11680E-001  7.42452E-009  3.63165E-004  3.60815E-019  1.81404E-012  1.00000E-040  5.49848E-031  1.44219E-022  1.81126E-015  2.76711E-008  1.65668E-020  7.16483E-033  1.00000E-040  1.00000E-040  1.00000E-040  3.50795E-020  7.77737E-019  2.48503E-014  7.86451E-013  1.11140E-035  1.00000E-040  2.30929E-026  2.88570E-035  1.89169E-014  1.66986E-012  7.87905E-001  2.16988E-023  8.71645E-030  4.60384E-027  1.00000E-040  1.00000E-040  1.00000E-040  6.94413E-025  1.17449E-008  2.94887E-017  3.51221E-010  1.02412E-020  5.12794E-009  2.57587E-011  8.47531E-007  5.30465E-012  7.45667E-017  2.67275E-015  8.95311E-012  3.36060E-014  3.97018E-011  1.86591E-011  4.46215E-011  3.77935E-022  1.47042E-018  1.00000E-040  3.39690E-010  9.82836E-019  2.35490E-013  1.77601E-022  9.32346E-022  8.79883E-040  1.00000E-040  1.00000E-040  1.00000E-040  2.12335E-014  7.47293E-034  2.78652E-035  1.90126E-024  2.19949E-023  1.47795E-025  1.00000E-040  1.09358E-026  3.98934E-018  1.65125E-017  2.47917E-016  1.59186E-021  7.92494E-031  1.00000E-040  6.06088E-019  1.00000E-040  2.30512E-024  6.15580E-029  7.70443E-022  4.33326E-030  3.37329E-017  2.33842E-022  1.00000E-040  2.68649E-021  1.00000E-040  1.00000E-040  7.61509E-022  9.34041E-037  1.08483E-026  1.00000E-040  2.93034E-014  1.00000E-040  1.00000E-003  1.00000E-005  1.00000E-005  1.00000E-005  1.00000E-005  1.00000E-005  1.00000E-005  1.00000E-005  1.00000E-005  1.00000E-005  1.00000E-005  1.00000E-005  1.00000E-005  1.00000E-005  1.00000E-005  1.00000E-005  
6.65000E+001  9.28028E-005  2.92583E+015  2.29736E+002  2.74489E+005  1.00000E-040  1.00000E-040  1.00000E-040  7.15870E-017  1.00000E-040  1.00000E-040  1.00000E-040  1.00000E-040  1.00000E-040  1.00000E-040  1.00000E-040  1.00000E-040  1.00000E-040  1.00000E-040  4.66997E-028  1.00000E-040  1.03494E-040  8.86174E-010  5.08644E-007  4.89659E-005  6.77684E-009  1.75887E-006  2.11656E-001  9.39057E-009  3.62983E-004  3.60785E-019  1.66036E-012  1.00000E-040  7.05517E-031  1.41903E-022  1.51382E-015  2.74120E-008  2.15101E-020  7.98172E-033  1.00000E-040  1.00000E-040  1.00000E-040  3.30160E-020  7.97527E-019  2.99001E-014  8.60634E-013  1.22931E-035  1.00000E-040  2.95614E-026  2.29502E-035  1.97287E-014  2.14315E-012  7.87928E-001  3.27973E-023  7.38652E-030  6.01534E-027  1.00000E-040  1.00000E-040  1.00000E-040  4.42888E-025  1.08590E-008  2.76971E-017  3.59066E-010  8.66803E-021  4.87661E-009  2.48878E-011  7.97732E-007  3.91827E-012  5.09970E-017  2.46263E-015  7.48790E-012  2.06851E-014  3.95421E-011  2.01979E-011  5.32929E-011  3.24171E-022  1.12240E-018  1.00000E-040  3.29219E-010  8.20315E-019  1.98311E-013  1.31401E-022  7.05803E-022  1.81176E-039  1.00000E-040  1.00000E-040  1.00000E-040  1.94636E-014  8.48212E-034  1.83190E-035  1.33738E-024  1.85512E-023  1.21102E-025  1.00000E-040  9.87802E-027  4.17454E-018  1.26575E-017  2.17884E-016  1.39167E-021  7.85460E-031  1.00000E-040  6.66668E-019  1.00000E-040  1.61855E-024  6.27009E-029  7.51726E-022  2.28394E-030  2.13800E-017  2.51165E-022  1.00000E-040  2.69053E-021  1.00000E-040  1.00000E-040  4.81701E-022  1.04604E-036  1.26353E-026  1.00000E-040  3.14583E-014  1.00000E-040  1.00000E-003  1.00000E-005  1.00000E-005  1.00000E-005  1.00000E-005  1.00000E-005  1.00000E-005  1.00000E-005  1.00000E-005  1.00000E-005  1.00000E-005  1.00000E-005  1.00000E-005  1.00000E-005  1.00000E-005  1.00000E-005  
6.75000E+001  8.01655E-005  2.55795E+015  2.26993E+002  2.84489E+005  1.00000E-040  1.00000E-040  1.00000E-040  1.73790E-016  1.00000E-040  1.00000E-040  1.00000E-040  1.00000E-040  1.00000E-040  1.00000E-040  1.00000E-040  1.00000E-040  1.00000E-040  1.00000E-040  3.33722E-028  1.00000E-040  1.03700E-040  1.23718E-009  5.63022E-007  4.88443E-005  7.19774E-009  2.11582E-006  2.11630E-001  1.20016E-008  3.62780E-004  3.62021E-019  1.52250E-012  1.00000E-040  9.17607E-031  1.40240E-022  1.26644E-015  2.71745E-008  2.79489E-020  8.82085E-033  1.00000E-040  1.00000E-040  1.00000E-040  3.08200E-020  8.12250E-019  3.57423E-014  9.42128E-013  1.36553E-035  1.00000E-040  3.82455E-026  1.81808E-035  2.05982E-014  2.70871E-012  7.87955E-001  4.91213E-023  6.37720E-030  7.78201E-027  1.00000E-040  1.00000E-040  1.00000E-040  2.87513E-025  1.00409E-008  2.60599E-017  3.67689E-010  7.46249E-021  4.64207E-009  2.41051E-011  7.50318E-007  2.90831E-012  3.49951E-017  2.26886E-015  6.25650E-012  1.27818E-014  3.93658E-011  2.17080E-011  6.34283E-011  2.78738E-022  8.50204E-019  1.00000E-040  3.17290E-010  6.95926E-019  1.67183E-013  9.87215E-023  5.42856E-022  3.62984E-039  1.00000E-040  1.00000E-040  1.00000E-040  1.77196E-014  9.51516E-034  1.22880E-035  9.55900E-025  1.55936E-023  9.93853E-026  1.00000E-040  8.73213E-027  4.34619E-018  9.61725E-018  1.91520E-016  1.19647E-021  7.61268E-031  1.00000E-040  7.18802E-019  1.00000E-040  1.15474E-024  6.38164E-029  7.32349E-022  1.18750E-030  1.35233E-017  2.70346E-022  1.00000E-040  2.69423E-021  1.00000E-040  1.00000E-040  3.03939E-022  1.16622E-036  1.46686E-026  1.00000E-040  3.37736E-014  1.00000E-040  1.00000E-003  1.00000E-005  1.00000E-005  1.00000E-005  1.00000E-005  1.00000E-005  1.00000E-005  1.00000E-005  1.00000E-005  1.00000E-005  1.00000E-005  1.00000E-005  1.00000E-005  1.00000E-005  1.00000E-005  1.00000E-005  
6.85000E+001  6.91288E-005  2.23275E+015  2.24252E+002  2.94489E+005  1.00000E-040  1.00000E-040  1.00000E-040  4.24574E-016  1.00000E-040  1.00000E-040  1.00000E-040  1.00000E-040  1.00000E-040  1.00000E-040  1.00000E-040  1.00000E-040  1.00000E-040  1.00000E-040  2.47012E-028  1.00000E-040  1.03930E-040  1.73682E-009  6.23480E-007  4.87096E-005  7.66667E-009  2.54990E-006  2.11601E-001  1.54597E-008  3.62555E-004  3.64459E-019  1.39804E-012  1.00000E-040  1.21248E-030  1.39191E-022  1.06045E-015  2.69530E-008  3.63463E-020  9.68134E-033  1.00000E-040  1.00000E-040  1.00000E-040  2.85762E-020  8.22479E-019  4.24774E-014  1.03189E-012  1.52332E-035  1.00000E-040  4.97522E-026  1.44247E-035  2.15370E-014  3.37339E-012  7.87983E-001  7.25824E-023  5.64090E-030  9.92349E-027  1.00000E-040  1.00000E-040  1.00000E-040  1.89966E-025  9.29318E-009  2.45929E-017  3.77284E-010  6.54637E-021  4.42285E-009  2.34195E-011  7.05039E-007  2.17181E-012  2.41217E-017  2.09086E-015  5.22671E-012  7.94049E-015  3.91707E-011  2.31484E-011  7.51827E-011  2.40335E-022  6.38514E-019  1.00000E-040  3.03786E-010  5.99579E-019  1.41095E-013  7.52803E-023  4.23973E-022  7.08238E-039  1.00000E-040  1.00000E-040  1.00000E-040  1.60047E-014  1.05218E-033  8.41290E-036  6.93861E-025  1.30674E-023  8.17163E-026  1.00000E-040  7.52155E-027  4.50568E-018  7.23253E-018  1.68281E-016  1.01208E-021  7.20202E-031  1.00000E-040  7.62580E-019  1.00000E-040  8.36628E-025  6.49170E-029  7.12228E-022  6.65998E-031  8.53498E-018  2.91760E-022  1.00000E-040  2.69767E-021  1.00000E-040  1.00000E-040  1.91319E-022  1.29532E-036  1.69784E-026  1.00000E-040  3.62579E-014  1.00000E-040  1.00000E-003  1.00000E-005  1.00000E-005  1.00000E-005  1.00000E-005  1.00000E-005  1.00000E-005  1.00000E-005  1.00000E-005  1.00000E-005  1.00000E-005  1.00000E-005  1.00000E-005  1.00000E-005  1.00000E-005  1.00000E-005  
6.95000E+001  5.95057E-005  1.94571E+015  2.21512E+002  3.04490E+005  1.00000E-040  1.00000E-040  1.00000E-040  1.04359E-015  1.00000E-040  1.00000E-040  1.00000E-040  1.00000E-040  1.00000E-040  1.00000E-040  1.00000E-040  1.00000E-040  1.00000E-040  1.00000E-040  1.91519E-028  1.00000E-040  1.04186E-040  2.45279E-009  6.90781E-007  4.85602E-005  8.19284E-009  3.07853E-006  2.11569E-001  2.00258E-008  3.62303E-004  3.67980E-019  1.28489E-012  1.00000E-040  1.73785E-030  1.38713E-022  8.88603E-016  2.67423E-008  4.73122E-020  1.05661E-032  1.00000E-040  1.00000E-040  1.00000E-040  2.63584E-020  8.28921E-019  5.02162E-014  1.13101E-012  1.70664E-035  1.00000E-040  6.48710E-026  1.45653E-035  2.25581E-014  4.14162E-012  7.88016E-001  1.05488E-022  5.13626E-030  1.24333E-026  1.00000E-040  1.00000E-040  1.00000E-040  1.27771E-025  8.61710E-009  2.33088E-017  3.88076E-010  5.84855E-021  4.21766E-009  2.28415E-011  6.61648E-007  1.63381E-012  1.67203E-017  1.92801E-015  4.36931E-012  4.96715E-015  3.89539E-011  2.44804E-011  8.86861E-011  2.07715E-022  4.74913E-019  1.00000E-040  2.88616E-010  5.24016E-019  1.19213E-013  5.82281E-023  3.35988E-022  1.34695E-038  1.00000E-040  1.00000E-040  1.00000E-040  1.43232E-014  1.14403E-033  5.88228E-036  5.11118E-025  1.09176E-023  6.73233E-026  1.00000E-040  6.28293E-027  4.65541E-018  5.37684E-018  1.47732E-016  8.42601E-022  6.64157E-031  1.00000E-040  7.98676E-019  1.00000E-040  6.15109E-025  6.60061E-029  6.91271E-022  3.84901E-031  5.37423E-018  3.15892E-022  1.00000E-040  2.70091E-021  1.00000E-040  1.00000E-040  1.20145E-022  1.43405E-036  1.95989E-026  1.00000E-040  3.89164E-014  1.00000E-040  1.00000E-003  1.00000E-005  1.00000E-005  1.00000E-005  1.00000E-005  1.00000E-005  1.00000E-005  1.00000E-005  1.00000E-005  1.00000E-005  1.00000E-005  1.00000E-005  1.00000E-005  1.00000E-005  1.00000E-005  1.00000E-005  
7.05000E+001  5.11288E-005  1.69274E+015  2.18772E+002  3.14490E+005  1.00000E-040  1.00000E-040  1.00000E-040  2.57970E-015  1.00000E-040  1.00000E-040  1.00000E-040  1.00000E-040  1.00000E-040  1.00000E-040  1.00000E-040  1.00000E-040  1.00000E-040  1.00000E-040  1.56500E-028  1.00000E-040  1.04473E-040  3.48585E-009  7.65805E-007  4.83942E-005  8.78757E-009  3.72270E-006  2.11533E-001  2.60345E-008  3.62021E-004  3.72414E-019  1.18126E-012  1.00000E-040  5.54736E-030  1.38765E-022  7.44972E-016  2.65381E-008  6.16510E-020  1.14829E-032  2.26132E-038  1.96338E-037  1.00000E-040  2.42296E-020  8.32421E-019  5.90790E-014  1.24075E-012  1.92046E-035  1.00000E-040  8.45806E-026  1.03457E-034  2.36764E-014  5.01455E-012  7.88052E-001  1.50471E-022  4.83033E-030  1.52663E-026  1.00000E-040  1.00000E-040  1.00000E-040  8.75068E-026  8.01252E-009  2.22188E-017  4.00347E-010  5.31210E-021  4.02534E-009  2.23826E-011  6.19866E-007  1.23989E-012  1.16685E-017  1.77972E-015  3.65772E-012  3.13384E-015  3.87119E-011  2.56754E-011  1.04025E-010  1.79736E-022  3.49312E-019  1.00000E-040  2.71718E-010  4.63965E-019  1.00859E-013  4.56524E-023  2.69953E-022  2.49895E-038  1.00000E-040  1.00000E-040  1.00000E-040  1.26802E-014  1.22050E-033  4.20347E-036  3.81789E-025  9.09438E-024  5.55878E-026  1.00000E-040  5.06871E-027  4.79887E-018  3.94814E-018  1.29514E-016  6.90620E-022  5.96755E-031  1.00000E-040  8.28055E-019  1.00000E-040  4.58569E-025  6.70880E-029  6.69373E-022  2.11890E-031  3.37593E-018  3.43345E-022  1.00000E-040  2.70398E-021  3.57574E-040  1.00000E-040  7.53006E-023  1.58342E-036  2.25698E-026  1.00000E-040  4.17465E-014  1.00000E-040  1.00000E-003  1.00000E-005  1.00000E-005  1.00000E-005  1.00000E-005  1.00000E-005  1.00000E-005  1.00000E-005  1.00000E-005  1.00000E-005  1.00000E-005  1.00000E-005  1.00000E-005  1.00000E-005  1.00000E-005  1.00000E-005  
7.15000E+001  4.38492E-005  1.47014E+015  2.16033E+002  3.24490E+005  1.00000E-040  1.00000E-040  1.00000E-040  6.40761E-015  1.00000E-040  1.00000E-040  1.00000E-040  1.00000E-040  1.00000E-040  1.00000E-040  1.00000E-040  1.00000E-040  1.00000E-040  1.00000E-040  1.34633E-028  1.00000E-040  1.04795E-040  4.98748E-009  8.49559E-007  4.82092E-005  9.46560E-009  4.50739E-006  2.11492E-001  3.39144E-008  3.61704E-004  3.77568E-019  1.08564E-012  5.35161E-035  6.45996E-029  1.39341E-022  6.24745E-016  2.63362E-008  8.04258E-020  1.24464E-032  7.00874E-039  1.82466E-037  1.00000E-040  2.22561E-020  8.34092E-019  6.91963E-014  1.36259E-012  2.17181E-035  1.00000E-040  1.10049E-025  1.82401E-033  2.49083E-014  5.98831E-012  7.88092E-001  2.10347E-022  4.69847E-030  1.83135E-026  1.00000E-040  1.00000E-040  1.00000E-040  6.11422E-026  7.47827E-009  2.13366E-017  4.14500E-010  4.89636E-021  3.84485E-009  2.20497E-011  5.79326E-007  9.50709E-013  8.20815E-018  1.64567E-015  3.06686E-012  1.99652E-015  3.84391E-011  2.67264E-011  1.21227E-010  1.55388E-022  2.53373E-019  1.00000E-040  2.53071E-010  4.15569E-019  8.54989E-014  3.62599E-023  2.19736E-022  4.52597E-038  1.00000E-040  1.00000E-040  1.00000E-040  1.10813E-014  1.27615E-033  3.07754E-036  2.89011E-025  7.55451E-024  4.61093E-026  1.00000E-040  3.94032E-027  4.94147E-018  2.86300E-018  1.13325E-016  5.57407E-022  5.23177E-031  1.00000E-040  8.51761E-019  1.00000E-040  3.46432E-025  6.81829E-029  6.46418E-022  8.28381E-032  2.11577E-018  3.74879E-022  1.00000E-040  2.70688E-021  6.42379E-040  1.00000E-040  4.73656E-023  1.74536E-036  2.59367E-026  1.00000E-040  4.47313E-014  1.00000E-040  1.00000E-003  1.00000E-005  1.00000E-005  1.00000E-005  1.00000E-005  1.00000E-005  1.00000E-005  1.00000E-005  1.00000E-005  1.00000E-005  1.00000E-005  1.00000E-005  1.00000E-005  1.00000E-005  1.00000E-005  1.00000E-005  
7.25000E+001  3.75391E-005  1.27240E+015  2.13686E+002  3.34491E+005  1.00000E-040  1.00000E-040  1.00000E-040  1.59887E-014  1.00000E-040  1.00000E-040  1.00000E-040  1.00000E-040  1.00000E-040  1.00000E-040  1.00000E-040  1.00000E-040  1.00000E-040  1.00000E-040  1.21230E-028  1.00000E-040  1.05157E-040  7.22942E-009  9.43276E-007  4.80024E-005  1.02200E-008  5.46681E-006  2.11447E-001  4.42221E-008  3.61347E-004  3.86039E-019  9.97725E-013  9.20177E-034  7.88985E-028  1.41096E-022  5.27776E-016  2.61323E-008  1.05414E-019  1.36073E-032  1.00000E-040  1.00000E-040  1.00000E-040  2.05887E-020  8.40737E-019  8.11500E-014  1.49789E-012  2.47194E-035  1.00000E-040  1.42627E-025  2.43546E-032  2.62738E-014  7.02533E-012  7.88137E-001  2.86987E-022  4.79747E-030  2.13212E-026  1.00000E-040  1.00000E-040  1.00000E-040  4.41641E-026  7.01202E-009  2.07369E-017  4.31930E-010  4.58359E-021  3.67509E-009  2.18116E-011  5.35999E-007  7.38292E-013  5.80219E-018  1.52614E-015  2.56795E-012  1.28026E-015  3.81256E-011  2.76641E-011  1.40770E-010  1.35043E-022  1.78038E-019  1.00000E-040  2.32165E-010  3.75934E-019  7.27172E-014  2.91773E-023  1.81119E-022  8.01055E-038  1.00000E-040  1.00000E-040  1.00000E-040  9.44979E-015  1.31428E-033  2.34383E-036  2.22685E-025  6.47761E-024  4.02525E-026  1.00000E-040  3.13667E-027  5.10222E-018  2.04266E-018  9.83982E-017  4.45775E-022  4.49679E-031  1.00000E-040  8.70810E-019  1.00000E-040  2.66447E-025  7.08594E-029  6.22253E-022  9.24916E-032  1.32133E-018  4.06053E-022  1.00000E-040  2.70964E-021  2.12557E-039  1.00000E-040  3.16761E-023  1.99283E-036  2.97557E-026  1.00000E-040  4.76332E-014  1.00000E-040  1.00000E-003  1.00000E-005  1.00000E-005  1.00000E-005  1.00000E-005  1.00000E-005  1.00000E-005  1.00000E-005  1.00000E-005  1.00000E-005  1.00000E-005  1.00000E-005  1.00000E-005  1.00000E-005  1.00000E-005  1.00000E-005  
7.35000E+001  3.20877E-005  1.09767E+015  2.11731E+002  3.44491E+005  1.00000E-040  1.00000E-040  1.00000E-040  3.99630E-014  1.00000E-040  1.00000E-040  1.00000E-040  1.00000E-040  1.00000E-040  1.00000E-040  1.00000E-040  1.00000E-040  1.00000E-040  1.00000E-040  1.13013E-028  1.00000E-040  1.05565E-040  1.06128E-008  1.04844E-006  4.77703E-005  1.10650E-008  6.63440E-006  2.11395E-001  5.76652E-008  3.60943E-004  3.97509E-019  9.15543E-013  9.91026E-033  7.23919E-027  1.46492E-022  4.49033E-016  2.59224E-008  1.38854E-019  1.50654E-032  6.71874E-039  1.19494E-037  1.00000E-040  1.92530E-020  8.54670E-019  9.53376E-014  1.64863E-012  2.88795E-035  1.00000E-040  1.84077E-025  2.37203E-031  2.77968E-014  8.12365E-012  7.88188E-001  3.83561E-022  5.10956E-030  2.41726E-026  1.00000E-040  1.00000E-040  1.00000E-040  3.71731E-026  6.60985E-009  2.04319E-017  4.53442E-010  4.34885E-021  3.51493E-009  2.17069E-011  4.90270E-007  5.81624E-013  4.12597E-018  1.42345E-015  2.14823E-012  8.27010E-016  3.77492E-011  2.84359E-011  1.62555E-010  1.17658E-022  1.20657E-019  1.00000E-040  2.09151E-010  3.42909E-019  6.20658E-014  2.37786E-023  1.51052E-022  1.38998E-037  1.00000E-040  1.00000E-040  1.00000E-040  7.83361E-015  1.35849E-033  2.09435E-036  1.74679E-025  5.74837E-024  4.63572E-026  1.00000E-040  2.58596E-027  5.29446E-018  1.43931E-018  8.47256E-017  3.54787E-022  3.79324E-031  1.00000E-040  8.86134E-019  1.00000E-040  2.08682E-025  7.53947E-029  5.96716E-022  4.20159E-032  8.22975E-019  4.36517E-022  1.00000E-040  2.71225E-021  7.32056E-039  1.00000E-040  2.96863E-023  2.36431E-036  3.40958E-026  1.67695E-040  5.03370E-014  1.00000E-040  1.00000E-003  1.00000E-005  1.00000E-005  1.00000E-005  1.00000E-005  1.00000E-005  1.00000E-005  1.00000E-005  1.00000E-005  1.00000E-005  1.00000E-005  1.00000E-005  1.00000E-005  1.00000E-005  1.00000E-005  1.00000E-005  
7.45000E+001  2.73893E-005  9.45670E+014  2.09777E+002  3.54491E+005  1.00000E-040  1.00000E-040  1.00000E-040  9.96045E-014  1.00000E-040  1.00000E-040  1.00000E-040  1.00000E-040  1.00000E-040  1.00000E-040  1.00000E-040  1.00000E-040  1.00000E-040  1.00000E-040  1.07788E-028  1.00000E-040  1.06029E-040  1.56832E-008  1.16665E-006  4.75090E-005  1.20552E-008  8.03754E-006  2.11337E-001  7.51154E-008  3.60485E-004  4.08627E-019  8.37095E-013  7.98529E-032  5.00984E-026  1.71336E-022  3.82065E-016  2.57024E-008  1.83086E-019  1.67873E-032  1.31780E-038  1.00000E-040  1.00000E-040  1.81757E-020  8.72401E-019  1.11516E-013  1.81763E-012  3.83958E-035  1.00000E-040  2.36590E-025  1.74253E-030  2.95031E-014  9.31428E-012  7.88245E-001  5.05447E-022  5.59044E-030  2.69647E-026  1.00000E-040  1.00000E-040  2.08959E-028  5.57253E-026  6.26774E-009  2.03920E-017  4.79289E-010  4.17050E-021  3.36349E-009  2.18589E-011  4.45736E-007  4.65646E-013  2.96979E-018  1.34291E-015  1.80275E-012  5.42407E-016  3.72560E-011  2.89109E-011  1.85713E-010  1.01516E-022  7.98506E-020  1.00000E-040  1.85027E-010  3.14928E-019  5.31359E-014  1.96264E-023  1.27448E-022  2.37173E-037  1.00000E-040  1.00000E-040  1.00000E-040  6.34816E-015  1.55701E-033  3.35453E-036  1.38933E-025  5.11818E-024  1.17518E-025  2.98195E-032  2.09096E-027  5.51974E-018  1.01101E-018  7.26788E-017  2.80370E-022  3.12794E-031  1.00000E-040  8.98489E-019  3.42936E-037  1.65700E-025  8.04069E-029  5.69688E-022  3.84904E-032  5.12828E-019  4.72622E-022  1.00000E-040  2.71471E-021  2.28306E-038  1.00000E-040  5.96537E-023  2.81798E-036  3.90328E-026  1.52693E-039  5.29295E-014  1.00000E-040  1.00000E-003  1.00000E-005  1.00000E-005  1.00000E-005  1.00000E-005  1.00000E-005  1.00000E-005  1.00000E-005  1.00000E-005  1.00000E-005  1.00000E-005  1.00000E-005  1.00000E-005  1.00000E-005  1.00000E-005  1.00000E-005  
7.55000E+001  2.33454E-005  8.13624E+014  2.07823E+002  3.64489E+005  1.00000E-040  1.00000E-040  1.00000E-040  2.46096E-013  1.00000E-040  1.00000E-040  1.00000E-040  1.00000E-040  1.00000E-040  1.00000E-040  1.00000E-040  1.00000E-040  1.00000E-040  1.00000E-040  1.04370E-028  1.00000E-040  1.06554E-040  2.33315E-008  1.29961E-006  4.72143E-005  1.32300E-008  9.70623E-006  2.11271E-001  9.76636E-008  3.59963E-004  4.18777E-019  7.61915E-013  5.02909E-031  2.70806E-025  2.93342E-022  3.25210E-016  2.54684E-008  2.41542E-019  1.88867E-032  1.00000E-040  1.00000E-040  1.00000E-040  1.73830E-020  8.96087E-019  1.29760E-013  2.00761E-012  7.52515E-035  1.00000E-040  3.02534E-025  1.00407E-029  3.14208E-014  1.06081E-011  7.88310E-001  6.59010E-022  6.30332E-030  2.97531E-026  1.00000E-040  1.00000E-040  2.41929E-027  1.62483E-025  5.98256E-009  2.06606E-017  5.10853E-010  4.04365E-021  3.22007E-009  2.23920E-011  4.01979E-007  3.79883E-013  2.16728E-018  1.29573E-015  1.52000E-012  3.63471E-016  3.65045E-011  2.89975E-011  2.09805E-010  8.64066E-023  5.15207E-020  1.00000E-040  1.60327E-010  2.90817E-019  4.56559E-014  1.64216E-023  1.08850E-022  3.98214E-037  1.00000E-040  1.00000E-040  1.00000E-040  5.00811E-015  2.55988E-033  1.05275E-035  1.12159E-025  4.62282E-024  5.02449E-025  1.99389E-031  1.66488E-027  5.79387E-018  7.11863E-019  6.20577E-017  2.20777E-022  2.51581E-031  1.00000E-040  9.08457E-019  4.09190E-036  1.33514E-025  8.60138E-029  5.41065E-022  1.20314E-031  3.20275E-019  5.15973E-022  1.00000E-040  2.71697E-021  6.97463E-038  1.00000E-040  1.81046E-022  3.37945E-036  4.46507E-026  4.16572E-039  5.52684E-014  1.00000E-040  1.00000E-003  1.00000E-005  1.00000E-005  1.00000E-005  1.00000E-005  1.00000E-005  1.00000E-005  1.00000E-005  1.00000E-005  1.00000E-005  1.00000E-005  1.00000E-005  1.00000E-005  1.00000E-005  1.00000E-005  1.00000E-005  
7.65000E+001  1.98694E-005  6.99051E+014  2.05870E+002  3.74490E+005  1.00000E-040  1.00000E-040  1.00000E-040  5.94736E-013  1.00000E-040  1.00000E-040  1.00000E-040  1.00000E-040  1.00000E-040  1.00000E-040  1.00000E-040  1.00000E-040  1.00000E-040  1.00000E-040  1.02031E-028  1.00000E-040  1.07152E-040  3.49438E-008  1.44921E-006  4.68810E-005  1.46529E-008  1.16516E-005  2.11196E-001  1.26692E-007  3.59370E-004  4.27279E-019  6.89885E-013  2.57038E-030  1.18580E-024  8.08080E-022  2.77346E-016  2.52161E-008  3.18609E-019  2.15781E-032  1.00000E-040  1.00000E-040  1.00000E-040  1.69632E-020  9.29781E-019  1.49963E-013  2.22183E-012  2.35808E-034  1.00000E-040  3.84397E-025  4.72199E-029  3.35820E-014  1.20223E-011  7.88384E-001  8.54263E-022  7.36375E-030  3.26465E-026  1.00000E-040  1.00000E-040  9.73143E-027  5.43394E-025  5.75184E-009  2.13228E-017  5.50546E-010  3.97158E-021  3.08401E-009  2.35441E-011  3.58321E-007  3.17269E-013  1.60787E-018  1.30715E-015  1.28867E-012  2.50930E-016  3.51248E-011  2.86360E-011  2.34365E-010  7.23152E-023  3.22429E-020  1.00000E-040  1.35574E-010  2.69662E-019  3.94440E-014  1.39683E-023  9.42961E-023  6.57870E-037  1.00000E-040  1.00000E-040  1.00000E-040  3.82113E-015  6.51645E-033  3.82399E-035  9.21868E-026  4.40276E-024  2.12771E-024  7.95752E-031  1.31275E-027  6.14648E-018  5.06806E-019  5.26842E-017  1.74280E-022  1.97362E-031  1.00000E-040  9.16495E-019  1.71166E-035  1.09497E-025  9.24634E-029  5.10736E-022  3.90503E-031  2.01295E-019  5.69123E-022  1.00000E-040  2.71902E-021  2.12610E-037  1.00000E-040  5.40791E-022  4.08988E-036  5.10461E-026  9.17092E-039  5.71096E-014  1.00000E-040  1.00000E-003  1.00000E-005  1.00000E-005  1.00000E-005  1.00000E-005  1.00000E-005  1.00000E-005  1.00000E-005  1.00000E-005  1.00000E-005  1.00000E-005  1.00000E-005  1.00000E-005  1.00000E-005  1.00000E-005  1.00000E-005  
7.75000E+001  1.68858E-005  5.99772E+014  2.03917E+002  3.84490E+005  1.00000E-040  1.00000E-040  1.00000E-040  1.35403E-012  1.00000E-040  1.00000E-040  1.00000E-040  1.00000E-040  1.00000E-040  1.00000E-040  1.00000E-040  1.00000E-040  1.00000E-040  1.00000E-040  1.00325E-028  1.00000E-040  1.07834E-040  5.27263E-008  1.61755E-006  4.65031E-005  1.64620E-008  1.38198E-005  2.11111E-001  1.63961E-007  3.58692E-004  4.33493E-019  6.21306E-013  1.11032E-029  4.37943E-024  2.66138E-021  2.38159E-016  2.49408E-008  4.19381E-019  2.53310E-032  4.77023E-038  1.38904E-037  1.00000E-040  1.71505E-020  9.82367E-019  1.71330E-013  2.46472E-012  8.86046E-034  1.00000E-040  4.84549E-025  1.90059E-028  3.60235E-014  1.35577E-011  7.88468E-001  1.10848E-021  9.01352E-030  3.58582E-026  1.00000E-040  6.56348E-037  3.17487E-026  1.66968E-024  5.57398E-009  2.25829E-017  6.03919E-010  3.97412E-021  2.95472E-009  2.58623E-011  3.13494E-007  2.74088E-013  1.22021E-018  1.43277E-015  1.09898E-012  1.81491E-016  3.22442E-011  2.77940E-011  2.59034E-010  5.93938E-023  1.94129E-020  1.00000E-040  1.11163E-010  2.50747E-019  3.43885E-014  1.21813E-023  8.33956E-023  1.06879E-036  1.00000E-040  1.00000E-040  1.00000E-040  2.78450E-015  1.92233E-032  1.29464E-034  7.78728E-026  4.88058E-024  8.09054E-024  2.65335E-030  1.03427E-027  6.64256E-018  3.70460E-019  4.44031E-017  1.39424E-022  1.51632E-031  1.00000E-040  9.22954E-019  5.89034E-035  9.22399E-026  1.00432E-028  4.78578E-022  9.00051E-031  1.28705E-019  6.37737E-022  1.00000E-040  2.72080E-021  6.46695E-037  1.00000E-040  1.48067E-021  5.02876E-036  5.83309E-026  1.84613E-038  5.79907E-014  1.00000E-040  1.00000E-003  1.00000E-005  1.00000E-005  1.00000E-005  1.00000E-005  1.00000E-005  1.00000E-005  1.00000E-005  1.00000E-005  1.00000E-005  1.00000E-005  1.00000E-005  1.00000E-005  1.00000E-005  1.00000E-005  1.00000E-005  
7.85000E+001  1.43285E-005  5.13857E+014  2.01965E+002  3.94490E+005  1.00000E-040  1.00000E-040  1.00000E-040  2.53232E-012  1.00000E-040  1.00000E-040  1.00000E-040  1.00000E-040  1.00000E-040  1.00000E-040  1.00000E-040  1.00000E-040  1.00000E-040  1.00000E-040  9.89875E-029  1.00000E-040  1.08612E-040  8.05455E-008  1.80683E-006  4.60731E-005  1.90142E-008  1.60114E-005  2.11015E-001  2.11749E-007  3.57916E-004  4.37874E-019  5.57372E-013  4.26173E-029  1.43372E-023  8.64412E-021  2.08498E-016  2.46373E-008  5.48195E-019  3.11980E-032  1.00000E-040  4.74650E-038  1.00000E-040  1.85037E-020  1.07292E-018  1.91122E-013  2.74306E-012  3.28495E-033  1.00000E-040  6.04957E-025  6.96507E-028  3.87878E-014  1.51168E-011  7.88563E-001  1.45382E-021  1.18362E-029  3.97346E-026  1.00000E-040  1.26789E-035  9.47466E-026  4.73226E-024  5.44839E-009  2.49648E-017  6.85232E-010  4.10874E-021  2.83161E-009  3.05569E-011  2.65678E-007  2.50571E-013  9.61345E-019  1.79095E-015  9.42423E-013  1.42224E-016  2.66402E-011  2.64722E-011  2.83583E-010  4.78101E-023  1.11145E-020  1.00000E-040  8.73198E-011  2.33510E-019  3.04312E-014  1.11119E-023  7.64689E-023  1.70544E-036  1.00000E-040  1.00000E-040  1.00000E-040  1.89261E-015  5.31563E-032  4.15675E-034  6.91688E-026  7.34559E-024  2.91319E-023  8.06116E-030  8.29287E-028  7.42313E-018  2.85280E-019  3.70570E-017  1.15014E-022  1.15602E-031  1.00000E-040  9.28092E-019  1.90613E-034  8.16153E-026  1.11861E-028  4.44456E-022  2.28993E-030  8.56958E-020  7.36491E-022  1.00000E-040  2.72224E-021  1.99311E-036  1.00000E-040  3.86821E-021  6.38647E-036  6.66342E-026  3.52817E-038  5.71125E-014  1.00000E-040  1.00000E-003  1.00000E-005  1.00000E-005  1.00000E-005  1.00000E-005  1.00000E-005  1.00000E-005  1.00000E-005  1.00000E-005  1.00000E-005  1.00000E-005  1.00000E-005  1.00000E-005  1.00000E-005  1.00000E-005  1.00000E-005  
7.95000E+001  1.21397E-005  4.39610E+014  2.00013E+002  4.04490E+005  1.00000E-040  1.00000E-040  1.00000E-040  2.86963E-012  1.00000E-040  1.00000E-040  1.00000E-040  1.00000E-040  1.00000E-040  1.00000E-040  1.00000E-040  1.00000E-040  1.00000E-040  1.00000E-040  9.78589E-029  1.00000E-040  1.09504E-040  1.26362E-007  2.01923E-006  4.55804E-005  2.31728E-008  1.78532E-005  2.10905E-001  2.73128E-007  3.57026E-004  4.45490E-019  5.01954E-013  1.53939E-028  4.40328E-023  2.71434E-020  1.90497E-016  2.42998E-008  7.05651E-019  4.14774E-032  1.91780E-036  1.57762E-035  1.00000E-040  2.21674E-020  1.23622E-018  2.03434E-013  3.06730E-012  6.56032E-033  1.00000E-040  7.47683E-025  2.48106E-027  4.19239E-014  1.63997E-011  7.88672E-001  1.95267E-021  1.73458E-029  4.46747E-026  1.00000E-040  5.34681E-035  2.66550E-025  1.31167E-023  5.37518E-009  2.96754E-017  8.27587E-010  4.49537E-021  2.71410E-009  3.99008E-011  2.14041E-007  2.51673E-013  8.07270E-019  2.62640E-015  8.10897E-013  1.26296E-016  1.95174E-011  2.47368E-011  3.07507E-010  3.75409E-023  5.95966E-021  1.00000E-040  6.44867E-011  2.17551E-019  2.75434E-014  1.09518E-023  7.44354E-023  2.66668E-036  1.00000E-040  1.00000E-040  1.00000E-040  1.15954E-015  5.57328E-032  1.37727E-033  6.71665E-026  1.62467E-023  1.05725E-022  2.36443E-029  6.97530E-028  8.75262E-018  2.39441E-019  3.04481E-017  9.99827E-023  9.03816E-032  1.00000E-040  9.32068E-019  6.13543E-034  7.87675E-026  1.31249E-028  4.08225E-022  6.52369E-030  6.16660E-020  9.01011E-022  1.00000E-040  2.72324E-021  6.33854E-036  1.00000E-040  9.98073E-021  8.62546E-036  7.61059E-026  6.47150E-038  5.35421E-014  1.00000E-040  1.00000E-003  1.00000E-005  1.00000E-005  1.00000E-005  1.00000E-005  1.00000E-005  1.00000E-005  1.00000E-005  1.00000E-005  1.00000E-005  1.00000E-005  1.00000E-005  1.00000E-005  1.00000E-005  1.00000E-005  1.00000E-005  
8.05000E+001  1.02749E-005  3.72989E+014  1.99526E+002  4.06996E+005  1.00000E-040  1.00000E-040  1.00000E-040  1.00000E-040  1.00000E-040  1.00000E-040  1.00000E-040  1.00000E-040  1.00000E-040  1.00000E-040  1.00000E-040  1.00000E-040  1.00000E-040  1.00000E-040  9.74617E-029  1.00000E-040  1.10538E-040  2.10657E-007  2.25904E-006  4.50012E-005  2.99450E-008  1.91140E-005  2.10779E-001  3.53560E-007  3.55992E-004  4.85447E-019  4.68238E-013  5.53400E-028  1.32903E-022  8.23200E-020  1.92645E-016  2.39173E-008  9.06495E-019  2.28394E-031  6.31396E-033  6.25625E-032  1.00000E-040  3.01641E-020  1.55742E-018  2.08662E-013  3.44669E-012  1.00000E-040  1.00000E-040  9.20100E-025  8.98304E-027  4.55326E-014  1.71322E-011  7.88798E-001  2.73187E-021  3.00511E-029  5.06261E-026  2.22364E-031  1.78489E-034  6.91758E-025  3.65873E-023  5.35378E-009  3.90422E-017  1.08992E-009  5.31196E-021  2.60028E-009  5.69744E-011  1.56785E-007  2.82936E-013  7.16167E-019  4.45171E-015  6.92579E-013  1.26971E-016  1.89023E-011  2.27728E-011  3.30305E-010  2.89382E-023  2.74528E-021  1.00000E-040  4.29715E-011  2.02475E-019  2.56622E-014  1.18434E-023  7.74795E-023  4.08974E-036  1.00000E-040  1.00000E-040  1.00000E-040  5.95108E-016  1.00000E-040  4.94309E-033  7.41888E-026  4.82806E-023  3.89251E-022  6.92178E-029  8.39734E-028  1.10768E-017  2.23016E-019  2.37765E-017  9.77689E-023  7.77076E-032  1.00000E-040  9.34967E-019  1.78871E-033  8.63979E-026  1.80436E-028  3.69291E-022  1.86799E-029  4.92815E-020  1.12398E-021  1.00000E-040  2.72361E-021  2.14978E-035  1.00000E-040  2.50439E-020  1.47082E-035  8.70553E-026  1.14175E-037  4.61871E-014  1.00000E-040  1.00000E-003  1.00000E-005  1.00000E-005  1.00000E-005  1.00000E-005  1.00000E-005  1.00000E-005  1.00000E-005  1.00000E-005  1.00000E-005  1.00000E-005  1.00000E-005  1.00000E-005  1.00000E-005  1.00000E-005  1.00000E-005  
8.15000E+001  8.69515E-006  3.15642E+014  1.99526E+002  4.06996E+005  1.00000E-040  1.00000E-040  1.00000E-040  1.00000E-040  1.00000E-040  1.00000E-040  1.00000E-040  1.00000E-040  1.00000E-040  1.00000E-040  1.00000E-040  1.00000E-040  1.00000E-040  1.00000E-040  9.73230E-029  1.00000E-040  1.11754E-040  3.79830E-007  2.52963E-006  4.42941E-005  4.20067E-008  2.00773E-005  2.10632E-001  4.61809E-007  3.54770E-004  5.93620E-019  4.73591E-013  1.96757E-027  3.92498E-022  2.42755E-019  2.17732E-016  2.34746E-008  1.14835E-018  1.67375E-031  2.27569E-033  2.27243E-032  1.00000E-040  4.31349E-020  2.04239E-018  2.00210E-013  3.90078E-012  1.00000E-040  1.00000E-040  1.14270E-024  3.19983E-026  4.97545E-014  1.70210E-011  7.88945E-001  3.97441E-021  6.08782E-029  5.83035E-026  2.96984E-031  5.09763E-034  1.59564E-024  1.00297E-022  5.38417E-009  5.69795E-017  1.56958E-009  6.73704E-021  2.48791E-009  8.47482E-011  1.07242E-007  3.48606E-013  6.74760E-019  8.15848E-015  5.89737E-013  1.38130E-016  1.81906E-011  2.07040E-011  3.48338E-010  2.09632E-023  1.13594E-021  1.00000E-040  2.62832E-011  1.88123E-019  2.44516E-014  1.37664E-023  8.46750E-023  6.18094E-036  1.00000E-040  1.00000E-040  1.00000E-040  2.70708E-016  1.00000E-040  1.90236E-032  9.13225E-026  1.56418E-022  1.36136E-021  1.98672E-028  1.21162E-027  1.44884E-017  2.27371E-019  1.74833E-017  1.03700E-022  7.55992E-032  1.00000E-040  9.36702E-019  4.90278E-033  1.05197E-025  2.74427E-028  3.27170E-022  5.66907E-029  4.39426E-020  1.51089E-021  1.00000E-040  2.72300E-021  1.00000E-040  1.00000E-040  5.81569E-020  2.90141E-035  9.99163E-026  1.91687E-037  3.73715E-014  1.00000E-040  1.00000E-003  1.00000E-005  1.00000E-005  1.00000E-005  1.00000E-005  1.00000E-005  1.00000E-005  1.00000E-005  1.00000E-005  1.00000E-005  1.00000E-005  1.00000E-005  1.00000E-005  1.00000E-005  1.00000E-005  1.00000E-005  
8.25000E+001  7.35870E-006  2.67127E+014  1.99526E+002  4.06996E+005  1.00000E-040  1.00000E-040  1.00000E-040  1.00000E-040  1.00000E-040  1.00000E-040  1.00000E-040  1.00000E-040  1.00000E-040  1.00000E-040  1.00000E-040  1.00000E-040  1.00000E-040  1.00000E-040  9.72130E-029  1.00000E-040  1.13187E-040  7.52723E-007  2.82399E-006  4.33922E-005  5.76110E-008  2.41341E-005  2.10458E-001  6.11130E-007  3.53318E-004  8.19542E-019  5.28723E-013  6.78672E-027  1.10623E-021  6.81169E-019  2.32462E-016  2.29598E-008  1.47680E-018  5.89830E-030  1.99508E-031  1.99035E-030  1.00000E-040  4.97793E-020  2.29720E-018  1.97170E-013  4.41951E-012  1.00000E-040  1.00000E-040  1.45676E-024  1.07582E-025  5.47107E-014  1.75682E-011  7.89117E-001  5.88586E-021  1.20479E-028  6.74717E-026  1.00000E-040  1.15674E-033  2.95531E-024  2.26917E-022  5.46494E-009  8.05649E-017  2.16377E-009  8.21430E-021  2.37623E-009  1.11071E-010  7.83240E-008  3.61998E-013  5.82839E-019  1.51461E-014  5.05218E-013  1.27937E-016  1.73670E-011  1.89426E-011  3.58843E-010  1.36280E-023  4.81065E-022  1.00000E-040  1.67622E-011  1.74865E-019  2.28943E-014  1.40951E-023  8.41998E-023  9.20193E-036  1.00000E-040  1.00000E-040  1.00000E-040  1.44753E-016  1.00000E-040  5.90899E-032  9.63328E-026  4.29925E-022  4.31330E-021  4.82853E-028  1.67992E-027  1.62460E-017  2.00360E-019  1.17915E-017  9.39311E-023  7.72277E-032  1.00000E-040  9.36933E-019  1.05484E-032  1.10207E-025  3.90429E-028  2.82330E-022  1.20977E-028  3.20059E-020  1.98690E-021  1.00000E-040  2.72053E-021  1.00000E-040  1.00000E-040  1.19511E-019  5.52724E-035  1.15064E-025  2.98204E-037  3.23593E-014  1.00000E-040  1.00000E-003  1.00000E-005  1.00000E-005  1.00000E-005  1.00000E-005  1.00000E-005  1.00000E-005  1.00000E-005  1.00000E-005  1.00000E-005  1.00000E-005  1.00000E-005  1.00000E-005  1.00000E-005  1.00000E-005  1.00000E-005  
8.35000E+001  6.22807E-006  2.26084E+014  1.99526E+002  4.06996E+005  1.00000E-040  1.00000E-040  1.00000E-040  1.00000E-040  1.00000E-040  1.00000E-040  1.00000E-040  1.00000E-040  1.00000E-040  1.00000E-040  1.00000E-040  1.00000E-040  1.00000E-040  1.00000E-040  9.71431E-029  1.00000E-040  1.14875E-040  1.55855E-006  3.11430E-006  4.21968E-005  5.72191E-008  4.39988E-005  2.10244E-001  8.20607E-007  3.51585E-004  1.17477E-018  6.24262E-013  2.25209E-026  2.92041E-021  1.76173E-018  1.58247E-016  2.23614E-008  2.08407E-018  1.00000E-040  1.00000E-040  1.00000E-040  1.00000E-040  3.01814E-020  1.62123E-018  2.64503E-013  4.94422E-012  1.56459E-030  1.00000E-040  1.92858E-024  3.35314E-025  6.05262E-014  2.45737E-011  7.89312E-001  8.45605E-021  1.53773E-028  7.61700E-026  5.77093E-031  1.85171E-033  3.86136E-024  3.19984E-022  5.59352E-009  7.92252E-017  2.07486E-009  7.69555E-021  2.26489E-009  9.53731E-011  7.96000E-008  1.95653E-013  3.45057E-019  2.74183E-014  4.38648E-013  6.88864E-017  1.64192E-011  1.80467E-011  3.61159E-010  7.80517E-024  2.59873E-022  1.00000E-040  1.44831E-011  1.63160E-019  1.97396E-014  8.44084E-024  5.61844E-023  1.35909E-035  1.00000E-040  1.00000E-040  1.00000E-040  1.54487E-016  4.28757E-030  8.29277E-032  4.95642E-026  7.30967E-022  1.22547E-020  7.65061E-028  1.63599E-027  1.14701E-017  9.97607E-020  7.37809E-018  4.88665E-023  6.70540E-032  1.00000E-040  9.35267E-019  1.15936E-032  5.83177E-026  3.71134E-028  2.36305E-022  7.89877E-029  1.00018E-020  1.86310E-021  1.00000E-040  2.71461E-021  5.76480E-034  1.00000E-040  2.13793E-019  7.27569E-035  1.32858E-025  4.20785E-037  3.91054E-014  1.00000E-040  1.00000E-003  1.00000E-005  1.00000E-005  1.00000E-005  1.00000E-005  1.00000E-005  1.00000E-005  1.00000E-005  1.00000E-005  1.00000E-005  1.00000E-005  1.00000E-005  1.00000E-005  1.00000E-005  1.00000E-005  1.00000E-005  
8.45000E+001  5.27161E-006  1.91364E+014  1.99526E+002  4.06996E+005  1.00000E-040  1.00000E-040  1.00000E-040  1.00000E-040  1.00000E-040  1.00000E-040  1.00000E-040  1.00000E-040  1.00000E-040  1.00000E-040  1.00000E-040  1.00000E-040  1.00000E-040  1.00000E-040  9.71320E-029  1.00000E-040  1.16862E-040  2.89086E-006  3.36270E-006  4.06849E-005  3.91921E-008  1.11090E-004  2.09968E-001  1.10415E-006  3.49520E-004  1.98266E-018  7.06557E-013  7.07002E-026  7.18616E-021  4.06547E-018  8.74332E-017  2.16668E-008  3.37929E-018  6.05157E-031  7.15291E-032  5.61225E-031  1.00000E-040  9.79270E-021  7.60396E-019  4.97154E-013  5.38356E-012  1.45185E-030  1.00000E-040  2.62307E-024  9.70504E-025  6.73494E-014  5.05696E-011  7.89523E-001  1.13941E-020  1.17944E-028  8.36074E-026  1.00000E-040  2.14615E-033  3.63252E-024  3.03497E-022  5.77409E-009  5.09157E-017  1.30160E-009  5.33168E-021  2.15352E-009  5.22955E-011  1.11099E-007  6.22948E-014  1.38783E-019  4.76853E-014  3.86493E-013  2.50043E-017  1.53375E-011  1.78117E-011  3.57986E-010  4.28161E-024  1.79810E-022  1.00000E-040  1.69007E-011  1.52502E-019  1.65701E-014  2.80792E-024  2.11162E-023  2.06459E-035  1.00000E-040  1.00000E-040  1.00000E-040  2.99759E-016  4.73824E-030  5.43223E-032  1.35525E-026  8.38842E-022  3.15245E-020  8.40068E-028  1.04287E-027  5.40056E-018  3.58695E-020  4.80912E-018  2.22093E-023  4.19592E-032  1.00000E-040  9.31801E-019  6.32699E-033  1.70324E-026  2.21404E-028  1.91898E-022  1.73534E-029  1.89357E-021  1.16260E-021  1.00000E-040  2.70349E-021  1.00000E-040  1.00000E-040  3.43223E-019  6.19158E-035  1.53619E-025  5.51756E-037  6.49118E-014  1.00000E-040  1.00000E-003  1.00000E-005  1.00000E-005  1.00000E-005  1.00000E-005  1.00000E-005  1.00000E-005  1.00000E-005  1.00000E-005  1.00000E-005  1.00000E-005  1.00000E-005  1.00000E-005  1.00000E-005  1.00000E-005  1.00000E-005  
8.55000E+001  4.46255E-006  1.61995E+014  1.99526E+002  4.06996E+005  1.00000E-040  1.00000E-040  1.00000E-040  1.00000E-040  1.00000E-040  1.00000E-040  1.00000E-040  1.00000E-040  1.00000E-040  1.00000E-040  1.00000E-040  1.00000E-040  1.00000E-040  1.00000E-040  9.71472E-029  1.00000E-040  1.19195E-040  4.63842E-006  3.56465E-006  3.89043E-005  2.51298E-008  2.73729E-004  2.09595E-001  1.46408E-006  3.47074E-004  3.92678E-018  7.10267E-013  2.06919E-025  1.65061E-020  8.13230E-018  6.30438E-017  2.08631E-008  5.90507E-018  2.37666E-030  6.69603E-031  4.05290E-030  1.00000E-040  2.45460E-021  3.30434E-019  9.55974E-013  5.67578E-012  2.05953E-030  1.00000E-040  3.54750E-024  2.63022E-024  7.53631E-014  1.32199E-010  7.89735E-001  1.67650E-020  8.93945E-029  9.74927E-026  1.00000E-040  2.31715E-033  3.14876E-024  2.72555E-022  6.01870E-009  2.92880E-017  7.22338E-010  3.36171E-021  2.04176E-009  2.33286E-011  1.59954E-007  2.32587E-014  5.82730E-020  7.89849E-014  3.43113E-013  8.15753E-018  1.41172E-011  1.75677E-011  3.53627E-010  2.44619E-024  1.26494E-022  1.00000E-040  2.03206E-011  1.41853E-019  1.41765E-014  9.51194E-025  7.21329E-024  3.50855E-035  1.00000E-040  1.00000E-040  1.00000E-040  5.75551E-016  1.03356E-029  3.25545E-032  4.18648E-027  9.23444E-022  7.43810E-020  8.69840E-028  5.84524E-028  2.35395E-018  1.45351E-020  3.34046E-018  1.71417E-023  2.14556E-032  1.00000E-040  9.26922E-019  2.97838E-033  5.36897E-027  1.14171E-028  1.51970E-022  3.77160E-030  4.79044E-022  6.46522E-022  1.00000E-040  2.68674E-021  4.26609E-033  1.00000E-040  5.15220E-019  4.66980E-035  1.77588E-025  7.19259E-037  1.11260E-013  1.00000E-040  1.00000E-003  1.00000E-005  1.00000E-005  1.00000E-005  1.00000E-005  1.00000E-005  1.00000E-005  1.00000E-005  1.00000E-005  1.00000E-005  1.00000E-005  1.00000E-005  1.00000E-005  1.00000E-005  1.00000E-005  1.00000E-005  
8.65000E+001  3.77825E-006  1.37154E+014  1.99526E+002  4.06996E+005  1.00000E-040  1.00000E-040  1.00000E-040  1.00000E-040  1.00000E-040  1.00000E-040  1.00000E-040  1.00000E-040  1.00000E-040  1.00000E-040  1.00000E-040  1.00000E-040  1.00000E-040  1.00000E-040  9.71680E-029  1.00000E-040  1.21933E-040  6.71503E-006  3.73471E-006  3.68800E-005  1.71334E-008  5.88899E-004  2.09084E-001  1.90255E-006  3.44199E-004  7.62501E-018  6.69269E-013  6.59535E-025  3.54710E-020  1.39985E-017  5.62372E-017  1.99402E-008  1.02694E-017  1.60321E-033  1.00000E-040  1.00000E-040  1.00000E-040  6.02376E-022  1.51845E-019  1.65092E-012  5.80320E-012  2.87272E-030  1.00000E-040  4.62844E-024  6.72574E-024  8.48017E-014  4.09214E-010  7.89933E-001  2.97945E-020  8.67884E-029  1.27623E-025  1.00000E-040  2.73885E-033  2.93860E-024  2.60177E-022  6.31476E-009  1.75188E-017  4.12601E-010  2.17851E-021  1.92924E-009  9.49412E-012  2.12715E-007  1.32101E-014  3.28586E-020  1.23783E-013  3.03883E-013  2.62634E-018  1.27630E-011  1.70437E-011  3.50380E-010  1.47930E-024  8.17016E-023  1.00000E-040  2.26667E-011  1.30671E-019  1.23074E-014  4.94440E-025  3.48938E-024  7.36799E-035  7.87841E-037  1.00000E-040  1.00000E-040  8.88173E-016  2.13916E-029  2.43146E-032  1.98797E-027  1.09636E-021  1.62537E-019  9.47447E-028  3.36054E-028  1.08359E-018  7.08278E-021  2.41898E-018  2.21213E-023  1.04634E-032  1.00000E-040  9.20800E-019  1.60520E-033  2.54793E-027  5.97153E-029  1.18123E-022  8.08940E-031  1.70160E-022  3.61538E-022  1.00000E-040  2.66465E-021  1.00000E-040  1.00000E-040  7.36179E-019  3.63683E-035  2.04944E-025  9.75146E-037  1.76772E-013  1.00000E-040  1.00000E-003  1.00000E-005  1.00000E-005  1.00000E-005  1.00000E-005  1.00000E-005  1.00000E-005  1.00000E-005  1.00000E-005  1.00000E-005  1.00000E-005  1.00000E-005  1.00000E-005  1.00000E-005  1.00000E-005  1.00000E-005  
8.75000E+001  3.19951E-006  1.16145E+014  1.99526E+002  4.06996E+005  1.00000E-040  1.00000E-040  1.00000E-040  1.00000E-040  1.00000E-040  1.00000E-040  1.00000E-040  1.00000E-040  1.00000E-040  1.00000E-040  1.00000E-040  1.00000E-040  1.00000E-040  1.00000E-040  9.71885E-029  1.00000E-040  1.25141E-040  9.06110E-006  3.88662E-006  3.46275E-005  1.24303E-008  1.11675E-003  2.08393E-001  2.42429E-006  3.40838E-004  1.37924E-017  6.28530E-013  7.18598E-024  7.14991E-020  2.11798E-017  5.58648E-017  1.88927E-008  1.71267E-017  1.00000E-040  1.00000E-040  1.00000E-040  1.00000E-040  1.66431E-022  7.47457E-020  2.55400E-012  5.77661E-012  3.93996E-030  1.00000E-040  5.74571E-024  1.63316E-023  9.59829E-014  1.32868E-009  7.90099E-001  5.84794E-020  1.00561E-028  1.78338E-025  1.00000E-040  3.56761E-033  2.95591E-024  2.62014E-022  6.58197E-009  1.10075E-017  2.48535E-010  1.49478E-021  1.81573E-009  3.67201E-012  2.60839E-007  9.77869E-015  2.25010E-020  1.82860E-013  2.66245E-013  8.62325E-019  1.12924E-011  1.62464E-011  3.48707E-010  9.40609E-025  4.82321E-023  1.00000E-040  2.34294E-011  1.18833E-019  1.07513E-014  3.65681E-025  2.33463E-024  2.00681E-034  5.71409E-032  1.00000E-040  1.00000E-040  1.11821E-015  4.00161E-029  2.40049E-032  1.32040E-027  1.39978E-021  3.31195E-019  1.07928E-027  2.03538E-028  5.33923E-019  4.01513E-021  1.80997E-018  3.77482E-023  5.25494E-033  1.00000E-040  9.13431E-019  9.92357E-034  1.69637E-027  3.26131E-029  9.06993E-023  2.88857E-031  7.58792E-023  2.03124E-022  1.00000E-040  2.63750E-021  1.00000E-040  1.00000E-040  1.00695E-018  2.98919E-035  2.35766E-025  1.38579E-036  2.60486E-013  1.00000E-040  1.00000E-003  1.00000E-005  1.00000E-005  1.00000E-005  1.00000E-005  1.00000E-005  1.00000E-005  1.00000E-005  1.00000E-005  1.00000E-005  1.00000E-005  1.00000E-005  1.00000E-005  1.00000E-005  1.00000E-005  1.00000E-005  
8.85000E+001  2.71010E-006  9.83790E+013  1.99526E+002  4.06996E+005  1.00000E-040  1.00000E-040  1.00000E-040  1.00000E-040  1.00000E-040  1.00000E-040  1.00000E-040  1.00000E-040  1.00000E-040  1.00000E-040  1.00000E-040  1.00000E-040  1.00000E-040  1.00000E-040  9.72053E-029  1.00000E-040  1.28896E-040  1.16215E-005  4.02955E-006  3.21679E-005  9.41626E-009  1.91494E-003  2.07480E-001  3.03533E-006  3.36930E-004  2.32184E-017  6.05313E-013  1.82381E-022  1.35542E-019  2.91633E-017  5.87310E-017  1.77217E-008  2.71443E-017  1.00000E-040  1.00000E-040  1.00000E-040  1.00000E-040  5.39478E-023  3.89934E-020  3.60940E-012  5.62352E-012  7.71393E-030  1.00000E-040  6.78961E-024  3.78714E-023  1.09359E-013  4.08335E-009  7.90217E-001  1.14033E-019  1.23094E-028  2.47528E-025  1.00000E-040  4.98131E-033  3.10386E-024  2.71713E-022  6.66631E-009  7.06497E-018  1.57058E-010  1.07966E-021  1.70110E-009  1.37397E-012  2.99644E-007  7.87348E-015  1.61580E-020  2.54057E-013  2.29618E-013  2.93573E-019  9.73975E-012  1.52668E-011  3.48317E-010  6.22541E-025  2.64267E-023  1.00000E-040  2.27778E-011  1.06461E-019  9.39480E-015  3.20958E-025  1.83174E-024  3.71136E-034  1.38333E-031  1.00000E-040  1.00000E-040  1.20314E-015  6.81001E-029  2.95727E-032  1.03176E-027  1.88451E-021  6.32338E-019  1.25837E-027  1.29351E-028  2.78705E-019  2.55993E-021  1.39278E-018  7.12694E-023  2.77389E-033  1.00000E-040  9.04739E-019  6.68818E-034  1.32916E-027  1.86297E-029  6.92119E-023  1.12301E-031  3.94431E-023  1.12951E-022  1.00000E-040  2.60546E-021  1.00000E-040  1.00000E-040  1.32055E-018  2.57595E-035  2.70000E-025  2.04226E-036  3.62639E-013  1.28477E-040  1.00000E-003  1.00000E-005  1.00000E-005  1.00000E-005  1.00000E-005  1.00000E-005  1.00000E-005  1.00000E-005  1.00000E-005  1.00000E-005  1.00000E-005  1.00000E-005  1.00000E-005  1.00000E-005  1.00000E-005  1.00000E-005  
8.95000E+001  2.29622E-006  8.33550E+013  1.99526E+002  4.06996E+005  1.00000E-040  1.00000E-040  1.00000E-040  1.00000E-040  1.00000E-040  1.00000E-040  1.00000E-040  1.00000E-040  1.00000E-040  1.00000E-040  1.00000E-040  1.00000E-040  1.00000E-040  1.00000E-040  9.72148E-029  1.00000E-040  1.33288E-040  1.43360E-005  4.16856E-006  2.95345E-005  7.33217E-009  3.03318E-003  2.06310E-001  3.74173E-006  3.32418E-004  3.65354E-017  6.02198E-013  3.39053E-021  2.42224E-019  3.76716E-017  6.36527E-017  1.64379E-008  4.09892E-017  1.00000E-040  1.00000E-040  1.00000E-040  1.00000E-040  1.98961E-023  2.13109E-020  4.74758E-012  5.37430E-012  5.03042E-029  1.00000E-040  7.69808E-024  8.43093E-023  1.25598E-013  1.13858E-008  7.90273E-001  2.09975E-019  1.48914E-028  3.27097E-025  1.00000E-040  7.29218E-033  3.32218E-024  2.84351E-022  6.42333E-009  4.49273E-018  1.03175E-010  8.10833E-022  1.58546E-009  5.03079E-013  3.27117E-007  6.28314E-015  1.12790E-020  3.31391E-013  1.94789E-013  1.04238E-019  8.15578E-012  1.42000E-011  3.48701E-010  4.25050E-025  1.36499E-023  1.00000E-040  2.10968E-011  9.38204E-020  8.17885E-015  3.03369E-025  1.52262E-024  1.00000E-040  1.00000E-040  1.00000E-040  1.00000E-040  1.15035E-015  1.07694E-028  4.10607E-032  8.55628E-028  2.63294E-021  1.13521E-018  1.47591E-027  8.55209E-029  1.52378E-019  1.79095E-021  1.09939E-018  1.36156E-022  1.53364E-033  1.00000E-040  8.94611E-019  4.72414E-034  1.10445E-027  1.10571E-029  5.27789E-023  4.90142E-032  2.28182E-023  6.17106E-023  1.00000E-040  2.56863E-021  1.00000E-040  1.00000E-040  1.66105E-018  2.30717E-035  3.07463E-025  3.07532E-036  4.85435E-013  2.72062E-035  1.00000E-003  1.00000E-005  1.00000E-005  1.00000E-005  1.00000E-005  1.00000E-005  1.00000E-005  1.00000E-005  1.00000E-005  1.00000E-005  1.00000E-005  1.00000E-005  1.00000E-005  1.00000E-005  1.00000E-005  1.00000E-005  
9.05000E+001  1.94621E-006  7.06492E+013  1.99526E+002  4.06996E+005  1.00000E-040  1.00000E-040  1.00000E-040  1.00000E-040  1.00000E-040  1.00000E-040  1.00000E-040  1.00000E-040  1.00000E-040  1.00000E-040  1.00000E-040  1.00000E-040  1.00000E-040  1.00000E-040  9.72124E-029  1.00000E-040  1.38419E-040  1.71357E-005  4.30537E-006  2.67764E-005  5.80659E-009  4.50892E-003  2.04853E-001  4.54837E-006  3.27247E-004  5.39470E-017  6.16078E-013  4.21269E-020  4.08906E-019  4.65528E-017  6.99796E-017  1.50627E-008  5.93396E-017  1.00000E-040  1.00000E-040  1.00000E-040  1.00000E-040  8.00014E-024  1.20897E-020  5.89878E-012  5.05190E-012  4.67597E-028  1.00000E-040  8.45696E-024  1.81134E-022  1.45702E-013  2.84829E-008  7.90258E-001  3.58141E-019  1.72711E-028  4.04126E-025  2.22924E-032  1.09981E-032  3.56847E-024  2.95903E-022  5.85733E-009  2.79238E-018  6.98767E-011  6.27176E-022  1.46918E-009  1.82127E-013  3.43071E-007  4.81738E-015  7.48318E-021  4.05272E-013  1.62981E-013  3.84577E-020  6.60435E-012  1.31195E-011  3.49358E-010  2.97271E-025  6.73256E-024  1.00000E-040  1.87924E-011  8.12522E-020  7.07420E-015  2.96738E-025  1.28310E-024  1.90099E-034  5.98233E-032  1.00000E-040  1.00000E-040  1.00586E-015  1.61194E-028  5.95084E-032  7.20027E-028  3.77722E-021  1.92165E-018  1.71992E-027  5.83575E-029  8.64670E-020  1.35031E-021  8.89999E-019  2.52137E-022  8.80463E-034  1.00000E-040  8.82927E-019  3.40675E-034  9.30686E-028  6.81559E-030  4.04217E-023  2.30516E-032  1.42371E-023  3.30994E-023  1.00000E-040  2.52704E-021  1.00000E-040  1.00000E-040  2.00420E-018  2.13637E-035  3.47902E-025  4.67134E-036  6.34431E-013  1.09930E-030  1.00000E-003  1.00000E-005  1.00000E-005  1.00000E-005  1.00000E-005  1.00000E-005  1.00000E-005  1.00000E-005  1.00000E-005  1.00000E-005  1.00000E-005  1.00000E-005  1.00000E-005  1.00000E-005  1.00000E-005  1.00000E-005  
9.15000E+001  1.65017E-006  5.99027E+013  1.99526E+002  4.06996E+005  1.00000E-040  1.00000E-040  1.00000E-040  1.00000E-040  1.00000E-040  1.00000E-040  1.00000E-040  1.00000E-040  1.00000E-040  1.00000E-040  1.00000E-040  1.00000E-040  1.00000E-040  1.00000E-040  9.71924E-029  1.00000E-040  1.44410E-040  1.99436E-005  4.43923E-006  2.39587E-005  4.64420E-009  6.36470E-003  2.03092E-001  5.45773E-006  3.21370E-004  7.50612E-017  6.42136E-013  3.67942E-019  6.53441E-019  5.56247E-017  7.71913E-017  1.36289E-008  8.28953E-017  4.54026E-032  1.00000E-040  1.00000E-040  1.00000E-040  3.40732E-024  7.06743E-021  7.00067E-012  4.66997E-012  3.38928E-027  1.00000E-040  9.07852E-024  3.77599E-022  1.71187E-013  6.39831E-008  7.90167E-001  5.62584E-019  1.89432E-028  4.64467E-025  1.00000E-040  1.68220E-032  3.80747E-024  3.03107E-022  5.13886E-009  1.71283E-018  4.84595E-011  4.96960E-022  1.35301E-009  6.58978E-014  3.48459E-007  3.57490E-015  4.77509E-021  4.64276E-013  1.35093E-013  1.46360E-020  5.15381E-012  1.20738E-011  3.49868E-010  2.11825E-025  3.20268E-024  1.00000E-040  1.62109E-011  6.91229E-020  6.06836E-015  2.95113E-025  1.07678E-024  1.00000E-040  1.38390E-037  1.00000E-040  1.00000E-040  8.21088E-016  2.31190E-028  8.62057E-032  6.03722E-028  5.52861E-021  3.07522E-018  1.97421E-027  4.08308E-029  5.05568E-020  1.08156E-021  7.41165E-019  4.42893E-022  5.21096E-034  1.00000E-040  8.69570E-019  2.46549E-034  7.81074E-028  4.33888E-030  3.12329E-023  1.13518E-032  9.36845E-024  1.74568E-023  1.00000E-040  2.48074E-021  1.00000E-040  1.00000E-040  2.32053E-018  2.04489E-035  3.91127E-025  7.08929E-036  8.21353E-013  8.99967E-027  1.00000E-003  1.00000E-005  1.00000E-005  1.00000E-005  1.00000E-005  1.00000E-005  1.00000E-005  1.00000E-005  1.00000E-005  1.00000E-005  1.00000E-005  1.00000E-005  1.00000E-005  1.00000E-005  1.00000E-005  1.00000E-005  
9.25000E+001  1.39973E-006  5.08115E+013  1.99526E+002  4.06996E+005  1.00000E-040  1.00000E-040  1.00000E-040  1.00000E-040  1.00000E-040  1.00000E-040  1.00000E-040  1.00000E-040  1.00000E-040  1.00000E-040  1.00000E-040  1.00000E-040  1.00000E-040  1.00000E-040  9.71480E-029  1.00000E-040  1.51396E-040  2.26791E-005  4.56764E-006  2.11592E-005  3.73425E-009  8.60671E-003  2.01021E-001  6.46855E-006  3.14751E-004  9.89264E-017  6.75532E-013  2.37989E-018  9.91039E-019  6.46310E-017  8.48030E-017  1.21793E-008  1.12371E-016  3.29931E-031  1.20638E-030  2.02937E-030  1.00000E-040  1.51123E-024  4.23226E-021  8.00109E-012  4.23776E-012  1.84913E-026  1.00000E-040  9.57984E-024  7.68053E-022  2.04346E-013  1.30078E-007  7.90003E-001  8.15980E-019  1.95850E-028  4.98871E-025  3.29320E-032  2.57264E-032  4.00933E-024  3.03808E-022  4.44685E-009  1.05733E-018  3.42293E-011  4.02487E-022  1.23808E-009  2.40978E-014  3.44815E-007  2.62338E-015  3.00166E-021  4.98234E-013  1.11439E-013  5.71588E-021  3.86541E-012  1.10914E-011  3.49926E-010  1.53166E-025  1.48012E-024  1.00000E-040  1.36115E-011  5.77800E-020  5.15855E-015  2.95489E-025  8.93607E-025  1.00000E-040  1.00000E-040  1.00000E-040  1.00000E-040  6.34975E-016  3.20222E-028  1.22047E-031  5.00744E-028  8.22912E-021  4.66601E-018  2.21952E-027  2.91400E-029  3.02796E-020  9.09022E-022  6.40487E-019  7.31874E-022  3.16670E-034  1.00000E-040  8.54432E-019  1.77097E-034  6.48264E-028  2.85603E-030  2.44474E-023  5.74172E-033  6.39862E-024  9.06560E-024  1.00000E-040  2.42978E-021  1.00000E-040  1.00000E-040  2.58062E-018  2.03407E-035  4.37206E-025  1.06794E-035  1.07120E-012  1.81950E-023  1.00000E-003  1.00000E-005  1.00000E-005  1.00000E-005  1.00000E-005  1.00000E-005  1.00000E-005  1.00000E-005  1.00000E-005  1.00000E-005  1.00000E-005  1.00000E-005  1.00000E-005  1.00000E-005  1.00000E-005  1.00000E-005  
9.35000E+001  1.18781E-006  4.31184E+013  1.99526E+002  4.06996E+005  1.00000E-040  1.00000E-040  1.00000E-040  1.00000E-040  1.00000E-040  1.00000E-040  1.00000E-040  1.00000E-040  1.00000E-040  1.00000E-040  1.00000E-040  1.00000E-040  1.00000E-040  1.00000E-040  9.70723E-029  1.00000E-040  1.59537E-040  2.52648E-005  4.68716E-006  1.84626E-005  3.00922E-009  1.12243E-002  1.98643E-001  7.57439E-006  3.07368E-004  1.24289E-016  7.12341E-013  1.19264E-017  1.43169E-018  7.33023E-017  9.24065E-017  1.07640E-008  1.48469E-016  1.00000E-040  1.00000E-040  1.00000E-040  1.00000E-040  6.90775E-025  2.58402E-021  8.85890E-012  3.76618E-012  7.86413E-026  1.33348E-040  9.97139E-024  1.53303E-021  2.48657E-013  2.42164E-007  7.89769E-001  1.10129E-018  1.91544E-028  5.09856E-025  1.00000E-040  3.88868E-032  4.15284E-024  2.97440E-022  3.85722E-009  6.64869E-019  2.45272E-011  3.33098E-022  1.12592E-009  9.00292E-015  3.33839E-007  1.93217E-015  1.88924E-021  5.01509E-013  9.18858E-014  2.28423E-021  2.78215E-012  1.01865E-011  3.49328E-010  1.12035E-025  6.67851E-025  1.00000E-040  1.11658E-011  4.75169E-020  4.34716E-015  2.95903E-025  7.31931E-025  1.00000E-040  1.00000E-040  1.00000E-040  1.00000E-040  4.70037E-016  4.30753E-028  1.67299E-031  4.09998E-028  1.24432E-020  6.73775E-018  2.43701E-027  2.11294E-029  1.84893E-020  7.93165E-022  5.85530E-019  1.13888E-021  1.97735E-034  1.00000E-040  8.37431E-019  1.25456E-034  5.31024E-028  1.94175E-030  1.94580E-023  2.94882E-033  4.48777E-024  4.63798E-024  1.00000E-040  2.37423E-021  1.00000E-040  1.00000E-040  2.76173E-018  2.12098E-035  4.86711E-025  1.59029E-035  1.44210E-012  1.11561E-020  1.00000E-003  1.00000E-005  1.00000E-005  1.00000E-005  1.00000E-005  1.00000E-005  1.00000E-005  1.00000E-005  1.00000E-005  1.00000E-005  1.00000E-005  1.00000E-005  1.00000E-005  1.00000E-005  1.00000E-005  1.00000E-005  
9.45000E+001  1.00840E-006  3.66059E+013  1.99526E+002  4.06996E+005  1.00000E-040  1.00000E-040  1.00000E-040  1.00000E-040  1.00000E-040  1.00000E-040  1.00000E-040  1.00000E-040  1.00000E-040  1.00000E-040  1.00000E-040  1.00000E-040  1.00000E-040  1.00000E-040  9.69581E-029  1.00000E-040  1.69013E-040  2.76326E-005  4.79412E-006  1.59540E-005  2.42521E-009  1.41891E-002  1.95979E-001  8.76184E-006  2.99221E-004  1.50044E-016  7.50542E-013  4.81278E-017  1.98064E-018  8.14937E-017  9.98000E-017  9.43526E-009  1.91847E-016  7.39739E-032  2.89575E-031  1.00000E-040  1.00000E-040  3.23283E-025  1.60299E-021  9.54480E-012  3.27106E-012  2.70446E-025  2.03949E-040  1.02549E-023  3.01931E-021  3.09410E-013  4.18053E-007  7.89475E-001  1.39657E-018  1.78418E-028  5.21924E-025  1.11513E-032  5.76724E-032  4.23112E-024  2.85339E-022  3.37181E-009  4.30584E-019  1.77787E-011  2.81904E-022  1.01847E-009  3.46863E-015  3.17146E-007  1.43519E-015  1.19735E-021  4.74959E-013  7.60712E-014  9.32042E-022  1.92191E-012  9.36503E-012  3.47957E-010  8.26955E-026  2.95078E-025  1.00000E-040  8.97147E-012  3.85496E-020  3.63855E-015  2.95166E-025  5.92411E-025  1.00000E-040  1.00000E-040  1.00000E-040  1.00000E-040  3.35426E-016  5.65792E-028  2.22463E-031  3.31766E-028  1.91232E-020  9.30853E-018  2.61369E-027  1.55222E-029  1.14707E-020  7.12534E-022  5.86710E-019  1.68026E-021  1.28430E-034  1.00000E-040  8.18508E-019  8.74650E-035  4.29836E-028  1.36427E-030  1.58014E-023  1.53158E-033  3.21392E-024  2.33733E-024  1.00000E-040  2.31418E-021  1.00000E-040  1.00000E-040  2.85414E-018  2.33784E-035  5.40971E-025  2.33506E-035  2.08056E-012  2.49011E-018  1.00000E-003  1.00000E-005  1.00000E-005  1.00000E-005  1.00000E-005  1.00000E-005  1.00000E-005  1.00000E-005  1.00000E-005  1.00000E-005  1.00000E-005  1.00000E-005  1.00000E-005  1.00000E-005  1.00000E-005  1.00000E-005  
9.55000E+001  8.56463E-007  3.10904E+013  1.99526E+002  4.06996E+005  1.00000E-040  1.00000E-040  1.00000E-040  1.00000E-040  1.00000E-040  1.00000E-040  1.00000E-040  1.00000E-040  1.00000E-040  1.00000E-040  1.00000E-040  1.00000E-040  1.00000E-040  1.00000E-040  9.67972E-029  1.00000E-040  1.80033E-040  2.97283E-005  4.88522E-006  1.37123E-005  1.95194E-009  1.74527E-002  1.93061E-001  1.00076E-005  2.90332E-004  1.75823E-016  7.91328E-013  1.61618E-016  2.64512E-018  8.93750E-017  1.07186E-016  8.24429E-009  2.43080E-016  1.49725E-031  3.76034E-033  1.62072E-031  1.00000E-040  1.54330E-025  1.00830E-021  1.00422E-011  2.77252E-012  7.76807E-025  3.24889E-040  1.04256E-023  5.89740E-021  3.94680E-013  6.76942E-007  7.89137E-001  1.68117E-018  1.59676E-028  6.11202E-025  1.22770E-032  8.38092E-032  4.25868E-024  2.70715E-022  2.97267E-009  5.24436E-019  1.30135E-011  2.44191E-022  9.17958E-010  1.38794E-015  2.96141E-007  1.07566E-015  7.64890E-022  4.25623E-013  6.35525E-014  3.87439E-022  1.27731E-012  8.62961E-012  3.45758E-010  6.14712E-026  1.27821E-025  1.00000E-040  7.07122E-012  3.10086E-020  3.03695E-015  2.93076E-025  4.75842E-025  1.00000E-040  1.00000E-040  1.00000E-040  1.00000E-040  2.31804E-016  7.30811E-028  2.91133E-031  2.66446E-028  2.99115E-020  1.23980E-017  2.74830E-027  1.15319E-029  7.21566E-021  6.55953E-022  6.75639E-019  2.38028E-021  9.24301E-035  1.00000E-040  7.97647E-019  6.01846E-035  3.45282E-028  9.91821E-031  1.31337E-023  8.07776E-034  2.34952E-024  1.16020E-024  1.00000E-040  2.24976E-021  1.00000E-040  1.00000E-040  2.86524E-018  2.74250E-035  6.02288E-025  3.37426E-035  3.36829E-012  2.36860E-016  1.00000E-003  1.00000E-005  1.00000E-005  1.00000E-005  1.00000E-005  1.00000E-005  1.00000E-005  1.00000E-005  1.00000E-005  1.00000E-005  1.00000E-005  1.00000E-005  1.00000E-005  1.00000E-005  1.00000E-005  1.00000E-005  
9.65000E+001  7.27710E-007  2.64165E+013  1.99526E+002  4.06996E+005  1.00000E-040  1.00000E-040  1.00000E-040  1.00000E-040  1.00000E-040  1.00000E-040  1.00000E-040  1.00000E-040  1.00000E-040  1.00000E-040  1.00000E-040  1.00000E-040  1.00000E-040  1.00000E-040  9.65783E-029  1.00000E-040  1.92838E-040  3.15107E-005  4.95794E-006  1.18075E-005  1.56756E-009  2.09395E-002  1.89943E-001  1.12731E-005  2.80759E-004  2.02729E-016  8.41012E-013  4.64335E-016  3.45015E-018  9.76708E-017  1.15448E-016  7.23799E-009  3.02600E-016  1.00000E-040  1.32403E-031  1.00000E-040  1.00000E-040  7.50617E-026  6.42832E-022  1.03467E-011  2.29192E-012  1.91655E-024  5.28571E-040  1.04752E-023  1.14711E-020  5.16785E-013  1.03836E-006  7.88776E-001  1.97926E-018  1.41532E-028  1.00104E-024  2.18007E-032  1.20214E-031  4.27967E-024  2.58394E-022  2.64359E-009  8.34223E-018  9.61250E-012  2.16575E-022  8.26790E-010  5.79581E-016  2.71983E-007  8.13488E-016  4.92665E-022  3.64341E-013  5.38845E-014  1.63813E-022  8.21866E-013  7.98315E-012  3.42722E-010  4.59449E-026  5.42748E-026  1.00000E-040  5.47053E-012  2.49466E-020  2.54543E-015  2.90717E-025  3.82468E-025  2.10656E-038  1.00000E-040  1.00000E-040  1.00000E-040  1.55503E-016  9.38003E-028  3.86091E-031  2.14146E-028  4.77053E-020  1.60939E-017  2.85617E-027  8.65685E-030  4.60050E-021  6.19190E-022  9.26659E-019  3.40994E-021  9.36180E-035  1.00000E-040  7.74875E-019  4.12727E-035  2.77546E-028  7.47533E-031  1.12047E-023  4.38592E-034  1.76413E-024  5.67557E-025  1.00000E-040  2.18117E-021  1.00000E-040  1.00000E-040  2.82010E-018  3.46040E-035  6.74082E-025  4.78528E-035  6.30649E-012  1.09935E-014  1.00000E-003  1.00000E-005  1.00000E-005  1.00000E-005  1.00000E-005  1.00000E-005  1.00000E-005  1.00000E-005  1.00000E-005  1.00000E-005  1.00000E-005  1.00000E-005  1.00000E-005  1.00000E-005  1.00000E-005  1.00000E-005  
9.75000E+001  6.18529E-007  2.24532E+013  1.99526E+002  4.06996E+005  1.00000E-040  1.00000E-040  1.00000E-040  1.00000E-040  1.00000E-040  1.00000E-040  1.00000E-040  1.00000E-040  1.00000E-040  1.00000E-040  1.00000E-040  1.00000E-040  1.00000E-040  1.00000E-040  9.62710E-029  1.00000E-040  2.07708E-040  3.29461E-005  5.01068E-006  1.03034E-005  1.25579E-009  2.45308E-002  1.86706E-001  1.24950E-005  2.70605E-004  2.34402E-016  9.14704E-013  1.16903E-015  4.46803E-018  1.08013E-016  1.26633E-016  6.45936E-009  3.70576E-016  1.00000E-040  1.00000E-040  1.00000E-040  1.00000E-040  3.72545E-026  4.16052E-022  1.04632E-011  1.84917E-012  4.16515E-024  8.58427E-040  1.03916E-023  2.22824E-020  6.94380E-013  1.52126E-006  7.88430E-001  3.13333E-018  1.70929E-028  2.34300E-024  6.08711E-032  1.73862E-031  4.38347E-024  2.54916E-022  2.37747E-009  1.54835E-016  7.16870E-012  1.96504E-022  7.47455E-010  2.54021E-016  2.45578E-007  6.22306E-016  3.20762E-022  3.02519E-013  4.66586E-014  7.06711E-023  5.19306E-013  7.43161E-012  3.38868E-010  3.44916E-026  2.25601E-026  1.00000E-040  4.15192E-012  2.03628E-020  2.16594E-015  2.90698E-025  3.11997E-025  2.62122E-038  1.00000E-040  1.00000E-040  1.00000E-040  1.01283E-016  1.21512E-027  5.43067E-031  1.74687E-028  7.77466E-020  2.06744E-017  2.97300E-027  6.57023E-030  2.97763E-021  6.03956E-022  1.52956E-018  7.15123E-021  1.75091E-034  1.00000E-040  7.50278E-019  2.87870E-035  2.26419E-028  5.85534E-031  9.83377E-024  2.51541E-034  1.38061E-024  2.74310E-025  1.00000E-040  2.10870E-021  1.00000E-040  1.00000E-040  2.75919E-018  4.81517E-035  7.60948E-025  6.61841E-035  1.36530E-011  2.79974E-013  1.00000E-003  1.00000E-005  1.00000E-005  1.00000E-005  1.00000E-005  1.00000E-005  1.00000E-005  1.00000E-005  1.00000E-005  1.00000E-005  1.00000E-005  1.00000E-005  1.00000E-005  1.00000E-005  1.00000E-005  1.00000E-005  
9.85000E+001  5.25861E-007  1.90892E+013  1.99526E+002  4.06996E+005  1.00000E-040  1.00000E-040  1.00000E-040  1.00000E-040  1.00000E-040  1.00000E-040  1.00000E-040  1.00000E-040  1.00000E-040  1.00000E-040  1.00000E-040  1.00000E-040  1.00000E-040  1.00000E-040  9.56141E-029  1.00000E-040  2.24971E-040  3.39966E-005  5.04279E-006  9.26680E-006  1.00464E-009  2.80263E-002  1.83488E-001  1.35690E-005  2.60040E-004  2.79717E-016  1.04805E-012  2.65084E-015  5.87998E-018  1.23765E-016  1.45348E-016  5.95102E-009  4.46561E-016  2.81360E-032  8.92608E-032  1.05950E-031  1.00000E-040  1.89935E-026  2.74634E-022  1.03991E-011  1.46423E-012  8.21612E-024  1.38234E-039  1.01542E-023  4.32415E-020  9.54031E-013  2.14145E-006  7.88162E-001  1.58178E-017  6.59563E-028  6.40140E-024  1.80702E-031  2.66263E-031  4.75444E-024  2.70524E-022  2.21904E-009  1.89750E-015  5.41038E-012  1.81849E-022  6.82490E-010  1.19726E-016  2.17538E-007  4.94114E-016  2.16591E-022  2.49326E-013  4.15178E-014  3.21234E-023  3.32793E-013  6.98644E-012  3.34245E-010  2.59997E-026  9.16534E-027  1.00000E-040  3.08496E-012  1.72381E-020  1.90040E-015  2.97711E-025  2.64007E-025  2.67220E-038  1.00000E-040  1.00000E-040  1.00000E-040  6.38736E-017  1.62628E-027  8.65554E-031  1.47822E-028  1.29773E-019  2.68472E-017  3.16464E-027  5.08259E-030  1.96558E-021  6.19717E-022  3.12813E-018  3.97856E-020  4.48184E-034  1.00000E-040  7.24012E-019  2.12377E-035  1.91601E-028  4.78160E-031  8.89129E-024  3.74835E-033  1.15927E-024  1.32262E-025  1.00000E-040  2.03279E-021  1.00000E-040  1.00000E-040  2.73464E-018  7.78498E-035  8.68240E-025  8.78749E-035  3.46015E-011  4.36153E-012  1.00000E-003  1.00000E-005  1.00000E-005  1.00000E-005  1.00000E-005  1.00000E-005  1.00000E-005  1.00000E-005  1.00000E-005  1.00000E-005  1.00000E-005  1.00000E-005  1.00000E-005  1.00000E-005  1.00000E-005  1.00000E-005  
9.95000E+001  4.47093E-007  1.62299E+013  1.99526E+002  4.06996E+005  1.00000E-040  1.00000E-040  1.00000E-040  1.00000E-040  1.00000E-040  1.00000E-040  1.00000E-040  1.00000E-040  1.00000E-040  1.00000E-040  1.00000E-040  1.00000E-040  1.00000E-040  1.00000E-040  9.18489E-029  1.00000E-040  2.45037E-040  3.45998E-005  5.05522E-006  8.78929E-006  8.08665E-010  3.10279E-002  1.80546E-001  1.43143E-005  2.49349E-004  3.66711E-016  1.36299E-012  6.19285E-015  8.21010E-018  1.53537E-016  1.87373E-016  5.76375E-009  5.28494E-016  2.46809E-036  1.00000E-040  3.80510E-036  1.00000E-040  1.03922E-026  1.87066E-022  1.01464E-011  1.17110E-012  1.69157E-023  2.40807E-039  9.71131E-024  8.32931E-020  1.31812E-012  2.88832E-006  7.88111E-001  4.01016E-016  1.29626E-026  1.70252E-023  5.36525E-031  4.85947E-031  5.87611E-024  3.30379E-022  2.78842E-009  5.30234E-014  4.16129E-012  1.70693E-022  6.34723E-010  6.86865E-017  1.88036E-007  5.28097E-016  1.96605E-022  2.09913E-013  3.81575E-014  1.80650E-023  2.31506E-013  6.66835E-012  3.28924E-010  1.97200E-026  3.77496E-027  1.00000E-040  2.24187E-012  1.55822E-020  1.75272E-015  3.21839E-025  2.38527E-025  3.18631E-038  1.00000E-040  1.00000E-040  1.00000E-040  3.88313E-017  2.34308E-027  1.77602E-030  1.33590E-028  2.22155E-019  3.65084E-017  3.59364E-027  5.03292E-030  1.33886E-021  7.03200E-022  9.79339E-018  9.64202E-019  1.00274E-033  1.00000E-040  6.96341E-019  1.79640E-035  1.73114E-028  4.09520E-031  8.28352E-024  1.20001E-034  1.12958E-024  6.64304E-026  1.00000E-040  1.95409E-021  1.00000E-040  1.00000E-040  2.78860E-018  1.64262E-034  9.97152E-025  1.07177E-034  1.23762E-010  1.42279E-010  1.00000E-003  1.00000E-005  1.00000E-005  1.00000E-005  1.00000E-005  1.00000E-005  1.00000E-005  1.00000E-005  1.00000E-005  1.00000E-005  1.00000E-005  1.00000E-005  1.00000E-005  1.00000E-005  1.00000E-005  1.00000E-005  
