PRESS OH H2 H2O H O CH C CH2 CH3 CH4 C2 C2H2 C2H C2H3 C2H4 C2H5 C2H6 CO CO2 CH2OH H2CO HCO CH3O CH3OH CH3CO O2 H2CCO HCCO CH3O2 HO2 CH3OOH N NH CN HCN NH2 N2 NH3 NO N2H2 N2H N2H3 N2H4 HNO H2CN HNCO NO2 N2O C4H2 CH2NH2 CH2NH CH3NH2 CH3CHO O3 NO3 HNO3 HNO2 NCO N2O5 S SH S2 SO H2S CS COS CS2 NS HS2 SO2 S4 S8 HCS S3 H2O2 SO3 HSO3 HSO H2SO4 HC3N CH3CN CH2CN C2H3CN CH3SH CH3S C3H3 C3H2 C3H4 C6H5 C6H6 C4H3 C4H5 S2O O_1 CH2_1 N_2D He H2O_l_s H2SO4_l Ar
1.000000e+00 2.435852e-17 1.224055e-06 8.906709e-03 1.576202e-23 1.712663e-19 1.300149e-35 0.000000e+00 3.037722e-30 2.910613e-17 5.109982e-05 1.497372e-57 2.328676e-12 2.406994e-40 2.687835e-31 1.855061e-10 3.228649e-19 2.740539e-11 5.591251e-07 3.586594e-02 2.433855e-30 1.282977e-09 1.703028e-24 1.889735e-20 2.029858e-13 6.134982e-21 1.931053e-01 2.395315e-16 3.829586e-16 8.633855e-19 2.971131e-18 6.828805e-18 3.469067e-32 1.338909e-24 0.000000e+00 5.187223e-11 3.965064e-21 7.530480e-01 6.103093e-09 4.077666e-07 2.298193e-19 1.468699e-25 6.461891e-20 5.629605e-21 1.461986e-11 9.977152e-18 4.011161e-13 5.402594e-09 3.452682e-07 3.524276e-18 1.218731e-22 8.481474e-20 3.412424e-15 1.107010e-17 9.004166e-14 1.319442e-21 2.241882e-11 1.358454e-10 4.399790e-27 2.356863e-20 2.133515e-27 2.082958e-18 7.516549e-19 8.913959e-20 4.623594e-10 0.000000e+00 5.328740e-10 3.108609e-23 9.986366e-17 8.511193e-19 3.569820e-10 1.489890e-24 8.177814e-30 2.768505e-36 5.706674e-24 2.001466e-12 8.002164e-19 1.304746e-25 2.069538e-09 2.775076e-11 2.599390e-16 3.963652e-11 2.608140e-13 2.146908e-16 3.246679e-17 8.374813e-27 5.091947e-20 1.305801e-14 2.243523e-13 7.737251e-23 5.813165e-17 9.140817e-18 3.496763e-23 1.194044e-32 4.436138e-29 1.743334e-32 2.146870e-49 0.000000e+00 0.000000e+00 8.262367e-18 9.017996e-03
8.682540e-01 3.187886e-17 1.231156e-06 3.201464e-03 2.295119e-23 2.397003e-19 2.220785e-34 1.621041e-31 3.764728e-30 3.474889e-17 5.138616e-05 0.000000e+00 2.342451e-12 1.742021e-40 2.865044e-31 1.865869e-10 3.887037e-19 2.756584e-11 5.652996e-07 3.607239e-02 3.149457e-30 1.275494e-09 2.307441e-24 2.387210e-20 2.041849e-13 1.284305e-20 1.942169e-01 2.409275e-16 3.851608e-16 9.514668e-19 3.621353e-18 6.867266e-18 1.485056e-32 8.072327e-25 1.322407e-35 5.217737e-11 4.784849e-21 7.573830e-01 6.136338e-09 4.099994e-07 2.311175e-19 2.168882e-25 6.498887e-20 5.661226e-21 1.472388e-11 1.003514e-17 4.034472e-13 5.479645e-09 3.472648e-07 3.544985e-18 1.233783e-22 8.530928e-20 3.432280e-15 1.119310e-17 1.298278e-13 1.646346e-21 1.348595e-10 1.368337e-10 7.149776e-27 5.679936e-20 3.764867e-27 3.090877e-18 7.822984e-19 1.550426e-19 4.637963e-10 0.000000e+00 5.352122e-10 3.145303e-23 1.004567e-16 1.310601e-18 3.593722e-10 1.407921e-24 8.227836e-30 2.808606e-36 5.741334e-24 2.015568e-12 1.157113e-18 1.761574e-25 2.081441e-09 2.804514e-11 2.614570e-16 3.986420e-11 2.622716e-13 2.159452e-16 3.269583e-17 1.375351e-26 5.146481e-20 1.313431e-14 2.256633e-13 7.849840e-23 5.845808e-17 9.208903e-18 3.517960e-23 1.200740e-32 9.178521e-29 7.023863e-32 1.156244e-49 0.000000e+00 5.195390e-05 3.169524e-16 9.069908e-03
7.538651e-01 3.997701e-17 1.231990e-06 2.621765e-03 3.147408e-23 3.186676e-19 1.577480e-33 0.000000e+00 4.442522e-30 3.912753e-17 5.140806e-05 0.000000e+00 2.344754e-12 1.144778e-40 2.874638e-31 1.867240e-10 4.451369e-19 2.758780e-11 5.690740e-07 3.609336e-02 3.909778e-30 1.246827e-09 2.907060e-24 2.867264e-20 2.043759e-13 2.803085e-20 1.943299e-01 2.411052e-16 3.853793e-16 9.927051e-19 4.166341e-18 6.869896e-18 5.808621e-33 4.630723e-25 9.124548e-35 5.221535e-11 5.493745e-21 7.578235e-01 6.137817e-09 4.101440e-07 2.312077e-19 3.107970e-25 6.502345e-20 5.663185e-21 1.476545e-11 1.004246e-17 4.037344e-13 5.506240e-09 3.473965e-07 3.547978e-18 1.253314e-22 8.537284e-20 3.434745e-15 1.134405e-17 1.803394e-13 1.951986e-21 2.498756e-10 1.365737e-10 1.008980e-26 1.392882e-19 5.558579e-27 4.411040e-18 8.504685e-19 2.264465e-19 4.628287e-10 0.000000e+00 5.347238e-10 3.166720e-23 1.005561e-16 1.991883e-18 3.599822e-10 1.426090e-24 8.239496e-30 2.821048e-36 5.748739e-24 2.023145e-12 6.717869e-19 2.287021e-25 2.082612e-09 2.804378e-11 2.616569e-16 3.988692e-11 2.623268e-13 2.161118e-16 3.281550e-17 1.762702e-26 5.205522e-20 1.314446e-14 2.258375e-13 7.927519e-23 5.847808e-17 9.244262e-18 3.522169e-23 1.201208e-32 1.667562e-28 1.480557e-31 4.607109e-50 0.000000e+00 6.390050e-06 6.574902e-15 9.075182e-03
6.545464e-01 4.871680e-17 1.232935e-06 2.003689e-03 4.155414e-23 4.102604e-19 9.344867e-33 0.000000e+00 4.966861e-30 4.234126e-17 5.143214e-05 9.991884e-59 2.347869e-12 7.052129e-41 2.767972e-31 1.868845e-10 4.927244e-19 2.761419e-11 5.732504e-07 3.611572e-02 4.726464e-30 1.206972e-09 3.499152e-24 3.325231e-20 2.046217e-13 6.360519e-20 1.944503e-01 2.413136e-16 3.856093e-16 9.973345e-19 4.617594e-18 6.872732e-18 2.203428e-33 2.583667e-25 1.406222e-34 5.225619e-11 6.099166e-21 7.582931e-01 6.139410e-09 4.103319e-07 2.312955e-19 4.366623e-25 6.506042e-20 5.665141e-21 1.481362e-11 1.005136e-17 4.040722e-13 5.509112e-09 3.475474e-07 3.551638e-18 1.285281e-22 8.544768e-20 3.437610e-15 1.159711e-17 2.449120e-13 2.241975e-21 3.603681e-10 1.353421e-10 1.327300e-26 3.482694e-19 7.541181e-27 6.161070e-18 9.691091e-19 3.051123e-19 4.619379e-10 2.091101e-30 5.342325e-10 3.171762e-23 1.006839e-16 2.982152e-18 3.606521e-10 1.578125e-24 8.255715e-30 2.736249e-36 5.758788e-24 2.035423e-12 3.982871e-19 2.892023e-25 2.083820e-09 2.798689e-11 2.618940e-16 3.991122e-11 2.623386e-13 2.163099e-16 3.300191e-17 2.709188e-26 5.296894e-20 1.315653e-14 2.260448e-13 8.005159e-23 5.849739e-17 9.292047e-18 3.527521e-23 1.201710e-32 2.844035e-28 2.286086e-31 1.674533e-50 0.000000e+00 6.429338e-06 7.399586e-14 9.080805e-03
5.683125e-01 5.799149e-17 1.233882e-06 1.437382e-03 5.316822e-23 5.131667e-19 4.675404e-32 0.000000e+00 5.407896e-30 4.399599e-17 5.145384e-05 0.000000e+00 2.351719e-12 4.768692e-41 2.547960e-31 1.870522e-10 5.278773e-19 2.764264e-11 5.777585e-07 3.613621e-02 5.569571e-30 1.159331e-09 4.072193e-24 3.738045e-20 2.049076e-13 1.548719e-19 1.945606e-01 2.415317e-16 3.858166e-16 9.661865e-19 4.953684e-18 6.875549e-18 7.864323e-34 1.385272e-25 0.000000e+00 5.229514e-11 6.558062e-21 7.587234e-01 6.140580e-09 4.105255e-07 2.313670e-19 6.081615e-25 6.509479e-20 5.666858e-21 1.486225e-11 1.006116e-17 4.044279e-13 5.490626e-09 3.476903e-07 3.555664e-18 1.331130e-22 8.552639e-20 3.440572e-15 1.196609e-17 3.286394e-13 2.506115e-21 4.635533e-10 1.329903e-10 1.670138e-26 9.345009e-19 9.722067e-27 8.473268e-18 1.144937e-18 3.918909e-19 4.611037e-10 5.379124e-30 5.337105e-10 3.156390e-23 1.008324e-16 4.445515e-18 3.613406e-10 1.888003e-24 8.275853e-30 2.501272e-36 5.771091e-24 2.052895e-12 2.333815e-19 3.587852e-25 2.084870e-09 2.760667e-11 2.621458e-16 3.993350e-11 2.622862e-13 2.165209e-16 3.325534e-17 5.144806e-26 5.420733e-20 1.316940e-14 2.262657e-13 8.079277e-23 5.851275e-17 9.349710e-18 3.533650e-23 1.202146e-32 4.652423e-28 4.453238e-31 5.357935e-51 0.000000e+00 5.987463e-06 4.595635e-13 9.085957e-03
4.934396e-01 6.768510e-17 1.234774e-06 9.706612e-04 6.607391e-23 6.226636e-19 1.994035e-31 0.000000e+00 5.865351e-30 4.353594e-17 5.147072e-05 0.000000e+00 2.356327e-12 2.564887e-40 2.214574e-31 1.872189e-10 5.456445e-19 2.767198e-11 5.825858e-07 3.615309e-02 6.449138e-30 1.107184e-09 4.616252e-24 4.074996e-20 2.052268e-13 4.281818e-19 1.946516e-01 2.417489e-16 3.859834e-16 8.986695e-19 5.147155e-18 6.878350e-18 2.471510e-35 7.092711e-26 0.000000e+00 5.232972e-11 6.810793e-21 7.590781e-01 6.141025e-09 4.107016e-07 2.314163e-19 8.517587e-25 6.512413e-20 5.668289e-21 1.490740e-11 1.007158e-17 4.047858e-13 5.455092e-09 3.478092e-07 3.559908e-18 1.392577e-22 8.560523e-20 3.443480e-15 1.246583e-17 4.408008e-13 2.730855e-21 5.582523e-10 1.295757e-10 2.038784e-26 3.136251e-18 1.210383e-26 1.151858e-17 1.382468e-18 4.869876e-19 4.603068e-10 0.000000e+00 5.331423e-10 3.124260e-23 1.009986e-16 6.650835e-18 3.620265e-10 2.392326e-24 8.299486e-30 2.090859e-36 5.785501e-24 2.076103e-12 1.336352e-19 4.399617e-25 2.085662e-09 2.637153e-11 2.624008e-16 3.995184e-11 2.621613e-13 2.167356e-16 3.357611e-17 7.784936e-26 5.577567e-20 1.318249e-14 2.264905e-13 8.144205e-23 5.852273e-17 9.415846e-18 3.540379e-23 1.202459e-32 7.425342e-28 1.279534e-30 1.434041e-51 0.000000e+00 5.019180e-06 1.670634e-12 9.090202e-03
4.284310e-01 7.776894e-17 1.235592e-06 6.195113e-04 8.007964e-23 7.338228e-19 7.308783e-31 0.000000e+00 6.546838e-30 4.092250e-17 5.148198e-05 0.000000e+00 2.361770e-12 4.804288e-39 1.808562e-31 1.873819e-10 5.443378e-19 2.770186e-11 5.877261e-07 3.616578e-02 7.343214e-30 1.053996e-09 5.131290e-24 4.317926e-20 2.055772e-13 1.391703e-18 1.947200e-01 2.419618e-16 3.861047e-16 8.015918e-19 5.204669e-18 6.881313e-18 0.000000e+00 3.757662e-26 0.000000e+00 5.235910e-11 6.835418e-21 7.593449e-01 6.140643e-09 4.108483e-07 2.314441e-19 1.212018e-24 6.514795e-20 5.669532e-21 1.494646e-11 1.008260e-17 4.051420e-13 5.408196e-09 3.478969e-07 3.564329e-18 1.471274e-22 8.568306e-20 3.446285e-15 1.310936e-17 5.956941e-13 2.919681e-21 6.434452e-10 1.253412e-10 2.435318e-26 1.537199e-17 1.469432e-26 1.553871e-17 1.679487e-18 5.904383e-19 4.595399e-10 0.000000e+00 5.325296e-10 3.106603e-23 1.011819e-16 9.908334e-18 3.627000e-10 3.122445e-24 8.326138e-30 1.925264e-36 5.801969e-24 2.105502e-12 9.203417e-20 5.364638e-25 2.086166e-09 2.405187e-11 2.626556e-16 3.996561e-11 2.619662e-13 2.169509e-16 3.396433e-17 1.295774e-25 5.767659e-20 1.319564e-14 2.267162e-13 8.190010e-23 5.852743e-17 9.489502e-18 3.547643e-23 1.202632e-32 1.170224e-27 4.255749e-30 3.399165e-52 0.000000e+00 3.845630e-06 3.909547e-12 9.093397e-03
3.719869e-01 8.836540e-17 1.236343e-06 3.794558e-04 9.523056e-23 8.434621e-19 2.319119e-30 8.092030e-31 8.206387e-30 3.667297e-17 5.148786e-05 0.000000e+00 2.368156e-12 7.111568e-38 1.392337e-31 1.875423e-10 5.261851e-19 2.773242e-11 5.931778e-07 3.617446e-02 8.270511e-30 1.003088e-09 5.629316e-24 4.469137e-20 2.059594e-13 5.399856e-18 1.947667e-01 2.421717e-16 3.861837e-16 6.876218e-19 5.165836e-18 6.884717e-18 0.000000e+00 2.497169e-26 0.000000e+00 5.238350e-11 6.655644e-21 7.595273e-01 6.139459e-09 4.109613e-07 2.314549e-19 1.763516e-24 6.516698e-20 5.670761e-21 1.497794e-11 1.009438e-17 4.055000e-13 5.356423e-09 3.479529e-07 3.568946e-18 1.568787e-22 8.576031e-20 3.449004e-15 1.390788e-17 8.148443e-13 3.093472e-21 7.183890e-10 1.206715e-10 2.869107e-26 6.453676e-17 1.751619e-26 2.088631e-17 2.022582e-18 7.024354e-19 4.588010e-10 0.000000e+00 5.318832e-10 3.121963e-23 1.013833e-16 1.429833e-17 3.633590e-10 4.075769e-24 8.355114e-30 2.417783e-36 5.820480e-24 2.141435e-12 1.064358e-19 6.535538e-25 2.086397e-09 2.110480e-11 2.629116e-16 3.997498e-11 2.617097e-13 2.171682e-16 3.442131e-17 4.337594e-25 5.991243e-20 1.320891e-14 2.269439e-13 8.206394e-23 5.852786e-17 9.570057e-18 3.555443e-23 1.202671e-32 1.836227e-27 1.563705e-29 8.635715e-53 0.000000e+00 2.688173e-06 6.705540e-12 9.095580e-03
3.229791e-01 9.960718e-17 1.237084e-06 2.251952e-04 1.118174e-22 9.520503e-19 6.458996e-30 0.000000e+00 1.213076e-29 3.162796e-17 5.148935e-05 2.918704e-55 2.376004e-12 8.046044e-37 1.022451e-31 1.877117e-10 4.960621e-19 2.776580e-11 5.992471e-07 3.618003e-02 9.272727e-30 9.548830e-10 6.117760e-24 4.545005e-20 2.063975e-13 2.457164e-17 1.947968e-01 2.423938e-16 3.862308e-16 5.708799e-19 5.080589e-18 6.889115e-18 3.225753e-34 2.343166e-26 1.260164e-34 5.240490e-11 6.324828e-21 7.596445e-01 6.137478e-09 4.110455e-07 2.314559e-19 2.621937e-24 6.518356e-20 5.672264e-21 1.500250e-11 1.010783e-17 4.058869e-13 5.303783e-09 3.479823e-07 3.574074e-18 1.692781e-22 8.584255e-20 3.451839e-15 1.492168e-17 1.128495e-12 3.294201e-21 7.860029e-10 1.157962e-10 3.356622e-26 1.567060e-16 2.061761e-26 2.808108e-17 2.404828e-18 8.242147e-19 4.580538e-10 8.349354e-29 5.311840e-10 3.163297e-23 1.016163e-16 1.960800e-17 3.640412e-10 5.259668e-24 8.386995e-30 3.561351e-36 5.842109e-24 2.186398e-12 1.835886e-19 7.966049e-25 2.086403e-09 1.839559e-11 2.631870e-16 3.998093e-11 2.613878e-13 2.174027e-16 3.497835e-17 1.080551e-24 6.262258e-20 1.322324e-14 2.271898e-13 8.197168e-23 5.852537e-17 9.661743e-18 3.564267e-23 1.202593e-32 2.880314e-27 5.765087e-29 2.707786e-53 0.000000e+00 1.690612e-06 9.191182e-12 9.096982e-03
2.804279e-01 1.120401e-16 1.237888e-06 1.350600e-04 1.326784e-22 1.091343e-18 1.599728e-29 0.000000e+00 2.074652e-29 2.798882e-17 5.148724e-05 3.440113e-54 2.386135e-12 7.195756e-36 7.762909e-32 1.879056e-10 4.739255e-19 2.780499e-11 6.063725e-07 3.618327e-02 1.040930e-29 9.097452e-10 6.641077e-24 4.655699e-20 2.069280e-13 9.289586e-17 1.948143e-01 2.426486e-16 3.862550e-16 4.802408e-19 5.095112e-18 6.895318e-18 4.812366e-35 2.722587e-26 7.923388e-35 5.242537e-11 6.081472e-21 7.597130e-01 6.134625e-09 4.111043e-07 2.314552e-19 3.813022e-24 6.520038e-20 5.674421e-21 1.502053e-11 1.012430e-17 4.063398e-13 5.254637e-09 3.479891e-07 3.580168e-18 1.856104e-22 8.593731e-20 3.455052e-15 1.625237e-17 1.538867e-12 3.617135e-21 8.484122e-10 1.110110e-10 3.932800e-26 2.651311e-16 2.415943e-26 3.787922e-17 2.813034e-18 9.631423e-19 4.572594e-10 1.082486e-29 5.304054e-10 3.151307e-23 1.019012e-16 2.529380e-17 3.647953e-10 6.493236e-24 8.422327e-30 3.464501e-36 5.868533e-24 2.244551e-12 3.454772e-19 9.605928e-25 2.086215e-09 1.632531e-11 2.635067e-16 3.998433e-11 2.609870e-13 2.176757e-16 3.568893e-17 2.833028e-24 6.604176e-20 1.323993e-14 2.274762e-13 8.203339e-23 5.852126e-17 9.771205e-18 3.574840e-23 1.202408e-32 4.440320e-27 2.003175e-28 1.150125e-53 0.000000e+00 9.330560e-07 1.096675e-11 9.097801e-03
2.434827e-01 1.245394e-16 1.239303e-06 7.341308e-05 1.633405e-22 1.352463e-18 3.613351e-29 1.409284e-30 3.915344e-29 2.857785e-17 5.147943e-05 1.126975e-51 2.406349e-12 5.285152e-35 7.154695e-32 1.882596e-10 4.886027e-19 2.787767e-11 6.193891e-07 3.618547e-02 1.160802e-29 8.485213e-10 7.119258e-24 4.946958e-20 2.079285e-13 1.829037e-16 1.948263e-01 2.431140e-16 3.862674e-16 4.442370e-19 5.354941e-18 6.908928e-18 1.710643e-34 3.264749e-26 0.000000e+00 5.245751e-11 6.264252e-21 7.597599e-01 6.128835e-09 4.111544e-07 2.314656e-19 4.804390e-24 6.523027e-20 5.679381e-21 1.503698e-11 1.015598e-17 4.071827e-13 5.195846e-09 3.479685e-07 3.591553e-18 2.186120e-22 8.611099e-20 3.460879e-15 1.893013e-17 1.927713e-12 4.188624e-21 9.346393e-10 1.045806e-10 4.659928e-26 4.283691e-16 2.848221e-26 5.114399e-17 3.421269e-18 1.141657e-18 4.559506e-10 5.069077e-30 5.290845e-10 3.135277e-23 1.024440e-16 3.320084e-17 3.661080e-10 8.105720e-24 8.480437e-30 3.397188e-36 5.918394e-24 2.359746e-12 7.060657e-19 1.094583e-24 2.085664e-09 1.413115e-11 2.640955e-16 3.998648e-11 2.602408e-13 2.181793e-16 3.708466e-17 4.698837e-24 7.267956e-20 1.327073e-14 2.280045e-13 8.347735e-23 5.851469e-17 9.973881e-18 3.594617e-23 1.201975e-32 6.405634e-27 7.504278e-28 8.883406e-54 0.000000e+00 4.047144e-07 1.260229e-11 9.098359e-03
2.114048e-01 1.328481e-16 1.242471e-06 3.688074e-05 1.968581e-22 1.698397e-18 7.492011e-29 0.000000e+00 7.293741e-29 2.883973e-17 5.145948e-05 1.690734e-49 2.454954e-12 3.227166e-34 6.607108e-32 1.890657e-10 4.948012e-19 2.804435e-11 6.484222e-07 3.618673e-02 1.250821e-29 7.534642e-10 7.224223e-24 5.092051e-20 2.102332e-13 3.068460e-16 1.948334e-01 2.441744e-16 3.862719e-16 4.023080e-19 5.475875e-18 6.944291e-18 2.187311e-33 3.922669e-26 6.564415e-35 5.252402e-11 6.298345e-21 7.597878e-01 6.115417e-09 4.111869e-07 2.315324e-19 5.667110e-24 6.530108e-20 5.693227e-21 1.504510e-11 1.023061e-17 4.091314e-13 5.131989e-09 3.478871e-07 3.617749e-18 2.992365e-22 8.650727e-20 3.474111e-15 2.545720e-17 2.369604e-12 4.916232e-21 1.075151e-09 9.462375e-11 5.550151e-26 7.107229e-16 3.353208e-26 6.894936e-17 4.368642e-18 1.354679e-18 4.533401e-10 0.000000e+00 5.264062e-10 3.104091e-23 1.037071e-16 4.489656e-17 3.689245e-10 1.099762e-23 8.590724e-30 3.115971e-36 6.032392e-24 2.634960e-12 1.498490e-18 1.189566e-24 2.084265e-09 1.154225e-11 2.654417e-16 3.998735e-11 2.585970e-13 2.193313e-16 4.035214e-17 7.729997e-24 8.825701e-20 1.334120e-14 2.292134e-13 8.824298e-23 5.850799e-17 1.043108e-17 3.639897e-23 1.200944e-32 9.083482e-27 2.863409e-27 7.385967e-54 0.000000e+00 1.168585e-07 1.396118e-11 9.098685e-03
1.835531e-01 1.325169e-16 1.249532e-06 2.289086e-05 2.295683e-22 2.180790e-18 1.438786e-28 7.234249e-31 1.324482e-28 2.771399e-17 5.141790e-05 1.356759e-47 2.567207e-12 1.688430e-33 5.957157e-32 1.908706e-10 4.817958e-19 2.841836e-11 7.115183e-07 3.618709e-02 1.277674e-29 6.196197e-10 6.738683e-24 4.941006e-20 2.153854e-13 4.408188e-16 1.948361e-01 2.465490e-16 3.862865e-16 3.441689e-19 5.346674e-18 7.030037e-18 2.384433e-32 4.715571e-26 0.000000e+00 5.266519e-11 6.045941e-21 7.597986e-01 6.086084e-09 4.111552e-07 2.317590e-19 6.147042e-24 6.546582e-20 5.729775e-21 1.501699e-11 1.040066e-17 4.135456e-13 5.116074e-09 3.476910e-07 3.676588e-18 4.914706e-22 8.739520e-20 3.503710e-15 4.104734e-17 2.895286e-12 5.775671e-21 1.292012e-09 8.026972e-11 6.683760e-26 1.164793e-15 3.942089e-26 9.279215e-17 5.467049e-18 1.592685e-18 4.482583e-10 5.812159e-31 5.211874e-10 3.065029e-23 1.065653e-16 5.972389e-17 3.748234e-10 1.414514e-23 8.763718e-30 3.428921e-36 6.283272e-24 3.271462e-12 2.414955e-18 1.207106e-24 2.081227e-09 8.822154e-12 2.684593e-16 3.998681e-11 2.551412e-13 2.219143e-16 4.768712e-17 1.245617e-23 1.240433e-19 1.349921e-14 2.319238e-13 1.011368e-22 5.851609e-17 1.143432e-17 3.740857e-23 1.198738e-32 1.284074e-26 8.406807e-27 6.354547e-54 0.000000e+00 1.234605e-08 1.427761e-11 9.098797e-03
1.593707e-01 1.206155e-16 1.263658e-06 1.429397e-05 2.567689e-22 2.902047e-18 2.620863e-28 0.000000e+00 2.347102e-28 2.404500e-17 5.134493e-05 6.395432e-46 2.795350e-12 7.807105e-33 5.060708e-32 1.944795e-10 4.407709e-19 2.916660e-11 8.339875e-07 3.618711e-02 1.217772e-29 4.622362e-10 5.658576e-24 4.391073e-20 2.256026e-13 5.689930e-16 1.948376e-01 2.512968e-16 3.863569e-16 2.648327e-19 4.918750e-18 7.206960e-18 1.963786e-31 5.707033e-26 0.000000e+00 5.293808e-11 5.499246e-21 7.598056e-01 6.029380e-09 4.109757e-07 2.322519e-19 6.197480e-24 6.579233e-20 5.813121e-21 1.490279e-11 1.074241e-17 4.224561e-13 5.253095e-09 3.473272e-07 3.794326e-18 9.061381e-22 8.917116e-20 3.562887e-15 7.514203e-17 3.615236e-12 6.647812e-21 1.588915e-09 6.240772e-11 8.205417e-26 1.819187e-15 4.621118e-26 1.246277e-16 6.124846e-18 1.815900e-18 4.392981e-10 0.000000e+00 5.121577e-10 2.980378e-23 1.123215e-16 7.479983e-17 3.858043e-10 1.446791e-23 8.933750e-30 3.503143e-36 6.770394e-24 4.586775e-12 3.562532e-18 1.125445e-24 2.075665e-09 6.384985e-12 2.744943e-16 3.998528e-11 2.487441e-13 2.270802e-16 6.235398e-17 2.062131e-23 1.989558e-19 1.381525e-14 2.373448e-13 1.336359e-22 5.857569e-17 1.339813e-17 3.941443e-23 1.194634e-32 1.859489e-26 2.333006e-26 5.285726e-54 0.000000e+00 5.727932e-11 1.301921e-11 9.098847e-03
1.383743e-01 1.035995e-16 1.285590e-06 1.006062e-05 2.816696e-22 4.003451e-18 4.577221e-28 7.152695e-32 4.063989e-28 1.900623e-17 5.124573e-05 1.913426e-44 3.151271e-12 3.217384e-32 4.111259e-32 2.000723e-10 3.883496e-19 3.032676e-11 1.018926e-06 3.618684e-02 1.118376e-29 3.245989e-10 4.466675e-24 3.678350e-20 2.412498e-13 7.274304e-16 1.948382e-01 2.586543e-16 3.865189e-16 1.858502e-19 4.401962e-18 7.478067e-18 1.277617e-30 6.984637e-26 8.028432e-37 5.334944e-11 5.257500e-21 7.598094e-01 5.944056e-09 4.105949e-07 2.328657e-19 6.590390e-24 6.626233e-20 5.957186e-21 1.467895e-11 1.126929e-17 4.363783e-13 5.604611e-09 3.468209e-07 3.976912e-18 1.612972e-21 9.192421e-20 3.654589e-15 1.359004e-16 4.694365e-12 7.506498e-21 1.914469e-09 4.588619e-11 1.032759e-25 2.596943e-15 5.410148e-26 1.671093e-16 6.033226e-18 1.995722e-18 4.267312e-10 0.000000e+00 5.000089e-10 2.880670e-23 1.213152e-16 8.697409e-17 4.015758e-10 1.143552e-23 9.012901e-30 4.874211e-36 7.505027e-24 6.718774e-12 4.442022e-18 1.000072e-24 2.067964e-09 4.636876e-12 2.838480e-16 3.998289e-11 2.396387e-13 2.350862e-16 8.551768e-17 3.576939e-23 3.240484e-19 1.430511e-14 2.457472e-13 2.103825e-22 5.872433e-17 1.638685e-17 4.250674e-23 1.188697e-32 2.802790e-26 5.505895e-26 4.150147e-54 0.000000e+00 5.591646e-11 1.079621e-11 9.098842e-03
1.201440e-01 8.715705e-17 1.316596e-06 8.544698e-06 3.104917e-22 5.671038e-18 7.747763e-28 3.721523e-32 6.871766e-28 1.418435e-17 5.112237e-05 3.888076e-43 3.653303e-12 1.190962e-31 3.309616e-32 2.079619e-10 3.418565e-19 3.196444e-11 1.273967e-06 3.618630e-02 1.025791e-29 2.185921e-10 3.390374e-24 3.010968e-20 2.630140e-13 9.770083e-16 1.948381e-01 2.690323e-16 3.867998e-16 1.234153e-19 3.950874e-18 7.844806e-18 6.765870e-30 8.663701e-26 2.550143e-36 5.391616e-11 6.306982e-21 7.598114e-01 5.826703e-09 4.099952e-07 2.333171e-19 8.878113e-24 6.684477e-20 6.180816e-21 1.434001e-11 1.200353e-17 4.561606e-13 6.168623e-09 3.461807e-07 4.234710e-18 2.717514e-21 9.580916e-20 3.783942e-15 2.399320e-16 6.307163e-12 8.576331e-21 2.258687e-09 3.295947e-11 1.343130e-25 3.523138e-15 6.333921e-26 2.237321e-16 5.568709e-18 2.140193e-18 4.103315e-10 2.308074e-31 4.850773e-10 2.751371e-23 1.341347e-16 9.656997e-17 4.221280e-10 7.950340e-24 9.044250e-30 7.057465e-36 8.528601e-24 9.913315e-12 4.535212e-18 8.790627e-25 2.058402e-09 3.433853e-12 2.970448e-16 3.997963e-11 2.279356e-13 2.463804e-16 1.197283e-16 6.551523e-23 5.169542e-19 1.499629e-14 2.576023e-13 4.136593e-22 5.900011e-17 2.053973e-17 4.685197e-23 1.180845e-32 4.375829e-26 1.049533e-25 3.147269e-54 0.000000e+00 6.360018e-11 8.406951e-12 9.098797e-03
1.043155e-01 7.581646e-17 1.357469e-06 7.999135e-06 3.584861e-22 8.132835e-18 1.284046e-27 0.000000e+00 1.141448e-27 1.067786e-17 5.097855e-05 5.682425e-42 4.310913e-12 3.975064e-31 2.801493e-32 2.183400e-10 3.178134e-19 3.412059e-11 1.602778e-06 3.618555e-02 9.882244e-30 1.444885e-10 2.538413e-24 2.544275e-20 2.912190e-13 1.459987e-15 1.948378e-01 2.826819e-16 3.872079e-16 8.280532e-20 3.722633e-18 8.298769e-18 2.992092e-29 1.088669e-25 1.567322e-36 5.464632e-11 1.034724e-20 7.598129e-01 5.675776e-09 4.091925e-07 2.332401e-19 1.647386e-23 6.748799e-20 6.502048e-21 1.390032e-11 1.295404e-17 4.823531e-13 6.898053e-09 3.454224e-07 4.574217e-18 4.322325e-21 1.009215e-19 3.954084e-15 4.143639e-16 8.628541e-12 1.022052e-20 2.622614e-09 2.434017e-11 1.820042e-25 4.662894e-15 7.430107e-26 2.991774e-16 5.191671e-18 2.294001e-18 3.900915e-10 5.962228e-31 4.679112e-10 2.603536e-23 1.512290e-16 1.046654e-16 4.470754e-10 5.645431e-24 9.092374e-30 1.156925e-35 9.883416e-24 1.445160e-11 4.370241e-18 8.045333e-25 2.047381e-09 2.615637e-12 3.144066e-16 3.997555e-11 2.140205e-13 2.612370e-16 1.681379e-16 1.260338e-22 7.947892e-19 1.590569e-14 2.732000e-13 9.873171e-22 5.943531e-17 2.593476e-17 5.255256e-23 1.171124e-32 6.970208e-26 1.783166e-25 2.448901e-54 0.000000e+00 7.227705e-11 6.361398e-12 9.098725e-03
9.057237e-02 7.206283e-17 1.407582e-06 7.717275e-06 4.561243e-22 1.176191e-17 2.098368e-27 0.000000e+00 1.887334e-27 8.849100e-18 5.082160e-05 6.254300e-41 5.110973e-12 1.198889e-30 2.699873e-32 2.310418e-10 3.326042e-19 3.676244e-11 1.998008e-06 3.618464e-02 1.049358e-29 9.726989e-11 1.949232e-24 2.361539e-20 3.252391e-13 2.675894e-15 1.948373e-01 2.993847e-16 3.877171e-16 6.089718e-20 3.893027e-18 8.817215e-18 1.128635e-28 1.374945e-25 2.879623e-36 5.552363e-11 2.036598e-20 7.598144e-01 5.494942e-09 4.082311e-07 2.323080e-19 3.581724e-23 6.812493e-20 6.929874e-21 1.339645e-11 1.409770e-17 5.146038e-13 7.718995e-09 3.445813e-07 4.990346e-18 6.480671e-21 1.071815e-19 4.162300e-15 6.972203e-16 1.170358e-11 1.288221e-20 3.004404e-09 1.954238e-11 2.586826e-25 6.067918e-15 8.772589e-26 3.995060e-16 5.185335e-18 2.532482e-18 3.667038e-10 1.531590e-30 4.495005e-10 2.446516e-23 1.725262e-16 1.124824e-16 4.752864e-10 4.555454e-24 9.196147e-30 2.043133e-35 1.157992e-23 2.054766e-11 4.458169e-18 8.011509e-25 2.035471e-09 2.068883e-12 3.356594e-16 3.997076e-11 1.987414e-13 2.794196e-16 2.333626e-16 2.382011e-22 1.165985e-18 1.701904e-14 2.922947e-13 2.557819e-21 6.004173e-17 3.247075e-17 5.951891e-23 1.159893e-32 1.107983e-25 2.914830e-25 2.229092e-54 0.000000e+00 8.239539e-11 4.863078e-12 9.098634e-03
7.863982e-02 7.566849e-17 1.466070e-06 7.483646e-06 6.390525e-22 1.667495e-17 3.399454e-27 0.000000e+00 3.087709e-27 7.990817e-18 5.065743e-05 5.403531e-40 6.038010e-12 3.266918e-30 2.867500e-32 2.458472e-10 3.868876e-19 3.984590e-11 2.451212e-06 3.618359e-02 1.235064e-29 6.893699e-11 1.578700e-24 2.409639e-20 3.643654e-13 8.005166e-15 1.948367e-01 3.188492e-16 3.882767e-16 4.905520e-20 4.538830e-18 9.381096e-18 3.708560e-28 1.758607e-25 4.272037e-36 5.652939e-11 4.084857e-20 7.598160e-01 5.288655e-09 4.071736e-07 2.303240e-19 8.157186e-23 6.870684e-20 7.472014e-21 1.286616e-11 1.540939e-17 5.524079e-13 8.549560e-09 3.436872e-07 5.476233e-18 9.240604e-21 1.144819e-19 4.404968e-15 1.144813e-15 1.587923e-11 1.664699e-20 3.404127e-09 1.734074e-11 3.861398e-25 7.776073e-15 1.044043e-25 5.337995e-16 5.676573e-18 2.938028e-18 3.409613e-10 3.356432e-30 4.306514e-10 2.287781e-23 1.979208e-16 1.220500e-16 5.057639e-10 4.454157e-24 9.373532e-30 3.751512e-35 1.363134e-23 2.845116e-11 5.007411e-18 8.857489e-25 2.022966e-09 1.705986e-12 3.604365e-16 3.996534e-11 1.828819e-13 3.006127e-16 3.185326e-16 4.809371e-22 1.637550e-18 1.831721e-14 3.145582e-13 6.785007e-21 6.081916e-17 4.002658e-17 6.763467e-23 1.147504e-32 1.761440e-25 4.667013e-25 2.105350e-54 0.000000e+00 9.359519e-11 3.861876e-12 9.098530e-03
6.827934e-02 8.694430e-17 1.530674e-06 7.249243e-06 9.731135e-22 2.321299e-17 5.464118e-27 0.000000e+00 5.016537e-27 7.937912e-18 5.049385e-05 3.779377e-39 7.056455e-12 8.082610e-30 3.365629e-32 2.621884e-10 4.957584e-19 4.325426e-11 2.943980e-06 3.618245e-02 1.586475e-29 5.324001e-11 1.396160e-24 2.690655e-20 4.070418e-13 2.963928e-14 1.948361e-01 3.403263e-16 3.888145e-16 4.353703e-20 5.836714e-18 9.965202e-18 1.078853e-27 2.263382e-25 6.970766e-36 5.762291e-11 7.873698e-20 7.598177e-01 5.066255e-09 4.060838e-07 2.272773e-19 1.802590e-22 6.919327e-20 8.123019e-21 1.235244e-11 1.683676e-17 5.943577e-13 9.324270e-09 3.427819e-07 6.013565e-18 1.259507e-20 1.225441e-19 4.672758e-15 1.823645e-15 2.129776e-11 2.173013e-20 3.811283e-09 1.688155e-11 6.019916e-25 9.765314e-15 1.259982e-25 7.137917e-16 6.729230e-18 3.635475e-18 3.142362e-10 7.246880e-30 4.123486e-10 2.135404e-23 2.267412e-16 1.343280e-16 5.370720e-10 5.118367e-24 9.625091e-30 6.977889e-35 1.600539e-23 3.825128e-11 6.140047e-18 1.069121e-24 2.010169e-09 1.474651e-12 3.877888e-16 3.995951e-11 1.673903e-13 3.240021e-16 4.253588e-16 9.916070e-22 2.206224e-18 1.975055e-14 3.391383e-13 1.737291e-20 6.173921e-17 4.831092e-17 7.659481e-23 1.134539e-32 2.771454e-25 7.397882e-25 2.132878e-54 0.000000e+00 1.061939e-10 3.248367e-12 9.098416e-03
5.928381e-02 1.069788e-16 1.600777e-06 7.002228e-06 1.575370e-21 3.193536e-17 8.696997e-27 3.976971e-35 8.105009e-27 8.585167e-18 5.033267e-05 2.199589e-38 8.158380e-12 1.835858e-29 4.318441e-32 2.799143e-10 6.880387e-19 4.695732e-11 3.471201e-06 3.618122e-02 2.173674e-29 4.540080e-11 1.366770e-24 3.229323e-20 4.528710e-13 9.750943e-14 1.948354e-01 3.636153e-16 3.892742e-16 4.200211e-20 8.073278e-18 1.056565e-17 2.819649e-27 2.920754e-25 1.156407e-35 5.879300e-11 1.437033e-19 7.598196e-01 4.831434e-09 4.049883e-07 2.232015e-19 3.746557e-22 6.957452e-20 8.892120e-21 1.187540e-11 1.836725e-17 6.400994e-13 1.001904e-08 3.418760e-07 6.597663e-18 1.663456e-20 1.312944e-19 4.963178e-15 2.835800e-15 2.808144e-11 2.858877e-20 4.223910e-09 1.764832e-11 9.694755e-25 1.205737e-14 1.549436e-25 9.547575e-16 8.448645e-18 4.788557e-18 2.871489e-10 1.453140e-29 3.948634e-10 1.990549e-23 2.590485e-16 1.496587e-16 5.688300e-10 6.572838e-24 9.949114e-30 1.309513e-34 1.872574e-23 5.026340e-11 8.035220e-18 1.372280e-24 1.996854e-09 1.334008e-12 4.174644e-16 3.995333e-11 1.525930e-13 3.493707e-16 5.584769e-16 2.025868e-21 2.883864e-18 2.130594e-14 3.658095e-13 4.202589e-20 6.278639e-17 5.724955e-17 8.632335e-23 1.121180e-32 4.295047e-25 1.164414e-24 2.362683e-54 0.000000e+00 1.206046e-10 2.899798e-12 9.098294e-03
5.147341e-02 1.379549e-16 1.674137e-06 6.747087e-06 2.634921e-21 4.325336e-17 1.366804e-26 0.000000e+00 1.294198e-26 9.831353e-18 5.017851e-05 1.087749e-37 9.311635e-12 3.851959e-29 5.867147e-32 2.984648e-10 1.002806e-18 5.083897e-11 4.016014e-06 3.617996e-02 3.100696e-29 4.266743e-11 1.476705e-24 4.060547e-20 5.004395e-13 2.565847e-13 1.948347e-01 3.879782e-16 3.895933e-16 4.290860e-20 1.163293e-17 1.116848e-17 6.711284e-27 3.779308e-25 1.905634e-35 6.000242e-11 2.477149e-19 7.598215e-01 4.593423e-09 4.039401e-07 2.182894e-19 7.378192e-22 6.984057e-20 9.768938e-21 1.145875e-11 1.995512e-17 6.882140e-13 1.059938e-08 3.409968e-07 7.210283e-18 2.138083e-20 1.404571e-19 5.267031e-15 4.282276e-15 3.651168e-11 3.765115e-20 4.628427e-09 1.939071e-11 1.585664e-24 1.462263e-14 1.948626e-25 1.278133e-15 1.097845e-17 6.632911e-18 2.608835e-10 2.726794e-29 3.787377e-10 1.856583e-23 2.941572e-16 1.681341e-16 6.000669e-10 9.040672e-24 1.033141e-29 2.441165e-34 2.174586e-23 6.450301e-11 1.097733e-17 1.834948e-24 1.983028e-09 1.260670e-12 4.485256e-16 3.994700e-11 1.390160e-13 3.759156e-16 7.198825e-16 4.156840e-21 3.668606e-18 2.293431e-14 3.937297e-13 9.489931e-20 6.391050e-17 6.656437e-17 9.651903e-23 1.107881e-32 6.556921e-25 1.811090e-24 2.727914e-54 0.000000e+00 1.369301e-10 2.730689e-12 9.098167e-03
4.469200e-02 1.846383e-16 1.749963e-06 6.485606e-06 4.531485e-21 5.848848e-17 2.112590e-26 6.515741e-35 2.047872e-26 1.201676e-17 5.003195e-05 4.652668e-37 1.050776e-11 7.556236e-29 8.495160e-32 3.176464e-10 1.537426e-18 5.485898e-11 4.572850e-06 3.617866e-02 4.559365e-29 4.341076e-11 1.734078e-24 5.327960e-20 5.493143e-13 5.463714e-13 1.948340e-01 4.131588e-16 3.897316e-16 4.650763e-20 1.730411e-17 1.177474e-17 1.471879e-26 4.871456e-25 3.193003e-35 6.123891e-11 4.071166e-19 7.598234e-01 4.356556e-09 4.029522e-07 2.126922e-19 1.343131e-21 6.999426e-20 1.075476e-20 1.110926e-11 2.158789e-17 7.382194e-13 1.106754e-08 3.401497e-07 7.845155e-18 2.696068e-20 1.499366e-19 5.581126e-15 6.299883e-15 4.632250e-11 5.023821e-20 5.018786e-09 2.212640e-11 2.596580e-24 1.748542e-14 2.511965e-25 1.709769e-15 1.452139e-17 9.499156e-18 2.359606e-10 4.826027e-29 3.640428e-10 1.733277e-23 3.320152e-16 1.890780e-16 6.305808e-10 1.271572e-23 1.075983e-29 4.508647e-34 2.505862e-23 8.117331e-11 1.542517e-17 2.508640e-24 1.968420e-09 1.236776e-12 4.806476e-16 3.994056e-11 1.267519e-13 4.033582e-16 9.145254e-16 8.055899e-21 4.573484e-18 2.461868e-14 4.226074e-13 1.982427e-19 6.507276e-17 7.616341e-17 1.070802e-22 1.094778e-32 9.797610e-25 2.791020e-24 3.542878e-54 0.000000e+00 1.560904e-10 2.681798e-12 9.098036e-03
3.880401e-02 2.534284e-16 1.827721e-06 6.219258e-06 7.899295e-21 7.840233e-17 3.204271e-26 0.000000e+00 3.189838e-26 1.529696e-17 4.989285e-05 1.751724e-36 1.174288e-11 1.396429e-28 1.276611e-31 3.373289e-10 2.427356e-18 5.898990e-11 5.138183e-06 3.617734e-02 6.832881e-29 4.665666e-11 2.157062e-24 7.169031e-20 5.992424e-13 9.970834e-13 1.948332e-01 4.389845e-16 3.896518e-16 5.237336e-20 2.615355e-17 1.238865e-17 3.006879e-26 6.279221e-25 5.288907e-35 6.249468e-11 6.387372e-19 7.598254e-01 4.124331e-09 4.020611e-07 2.065544e-19 2.308923e-21 7.003954e-20 1.184890e-20 1.082904e-11 2.325940e-17 7.897960e-13 1.140177e-08 3.393363e-07 8.498041e-18 3.355406e-20 1.596686e-19 5.903314e-15 9.049728e-15 5.776470e-11 6.761969e-20 5.389771e-09 2.590728e-11 4.208761e-24 2.066634e-14 3.309397e-25 2.287057e-15 1.933224e-17 1.383701e-17 2.127297e-10 8.094816e-29 3.507570e-10 1.619981e-23 3.726863e-16 2.119067e-16 6.603169e-10 1.801363e-23 1.122055e-29 8.211925e-34 2.865038e-23 1.004887e-10 2.209193e-17 3.482750e-24 1.952772e-09 1.250152e-12 5.136116e-16 3.993407e-11 1.158036e-13 4.315109e-16 1.148562e-15 1.531986e-20 5.616476e-18 2.634761e-14 4.522459e-13 3.879854e-19 6.622400e-17 8.598659e-17 1.179387e-22 1.081952e-32 1.437623e-24 4.234904e-24 4.863080e-54 0.000000e+00 1.781878e-10 2.713561e-12 9.097902e-03
3.369173e-02 3.543223e-16 1.907240e-06 5.948439e-06 1.388226e-20 1.040606e-16 4.762162e-26 0.000000e+00 4.880559e-26 2.012334e-17 4.976039e-05 5.898116e-36 1.301956e-11 2.451280e-28 1.972366e-31 3.574749e-10 3.912304e-18 6.322311e-11 5.711233e-06 3.617600e-02 1.037490e-28 5.186180e-11 2.783608e-24 9.819615e-20 6.502171e-13 1.620856e-12 1.948324e-01 4.654043e-16 3.893222e-16 6.083530e-20 3.990094e-17 1.301798e-17 5.775234e-26 8.098849e-25 8.583176e-35 6.376800e-11 9.609294e-19 7.598274e-01 3.899043e-09 4.012963e-07 1.999920e-19 3.776391e-21 6.997904e-20 1.304923e-20 1.061642e-11 2.497204e-17 8.428657e-13 1.158500e-08 3.385541e-07 9.167716e-18 4.141973e-20 1.696343e-19 6.232961e-15 1.272653e-14 7.086778e-11 9.195491e-20 5.737758e-09 3.088067e-11 6.705641e-24 2.419810e-14 4.434392e-25 3.059557e-15 2.568637e-17 2.028077e-17 1.913531e-10 1.294126e-28 3.387816e-10 1.515631e-23 4.164181e-16 2.355340e-16 6.893764e-10 2.530143e-23 1.169876e-29 1.471033e-33 3.250008e-23 1.227254e-10 3.205963e-17 4.881992e-24 1.935827e-09 1.292527e-12 5.473530e-16 3.992755e-11 1.060956e-13 4.603181e-16 1.430318e-15 2.878648e-20 6.823642e-18 2.811779e-14 4.825876e-13 7.158166e-19 6.730552e-17 9.601935e-17 1.290762e-22 1.069411e-32 2.071405e-24 6.313539e-24 6.955323e-54 0.000000e+00 2.036266e-10 2.801164e-12 9.097765e-03
2.925298e-02 5.009026e-16 1.988501e-06 5.673201e-06 2.439280e-20 1.358043e-16 6.934057e-26 0.000000e+00 7.307885e-26 2.688915e-17 4.963360e-05 1.808497e-35 1.434337e-11 4.112686e-28 3.087634e-31 3.780831e-10 6.339246e-18 6.755715e-11 6.292279e-06 3.617464e-02 1.585958e-28 5.869413e-11 3.665946e-24 1.353998e-19 7.023336e-13 2.412819e-12 1.948317e-01 4.924147e-16 3.887147e-16 7.187307e-20 6.093869e-17 1.367224e-17 1.051236e-25 1.048835e-24 1.338358e-34 6.505942e-11 1.388602e-18 7.598294e-01 3.682439e-09 4.006860e-07 1.931028e-19 5.999713e-21 6.981291e-20 1.434821e-20 1.046794e-11 2.673190e-17 8.974481e-13 1.159929e-08 3.377997e-07 9.854132e-18 5.089656e-20 1.798326e-19 6.570024e-15 1.755812e-14 8.609198e-11 1.262514e-19 6.059854e-09 3.721002e-11 1.046315e-23 2.811932e-14 6.002796e-25 4.097552e-15 3.383449e-17 2.970534e-17 1.718938e-10 1.980755e-28 3.280013e-10 1.419154e-23 4.635409e-16 2.584275e-16 7.179112e-10 3.502982e-23 1.217745e-29 2.585477e-33 3.656396e-23 1.481919e-10 4.697232e-17 6.898146e-24 1.917379e-09 1.358147e-12 5.818680e-16 3.992098e-11 9.752785e-14 4.897762e-16 1.770343e-15 5.541871e-20 8.228143e-18 2.992906e-14 5.136289e-13 1.250168e-18 6.824475e-17 1.062645e-16 1.404934e-22 1.057141e-32 2.939030e-24 9.214563e-24 9.807721e-54 0.000000e+00 2.323910e-10 2.927549e-12 9.097627e-03
2.539902e-02 7.138412e-16 2.071742e-06 5.392830e-06 4.284261e-20 1.747041e-16 9.894588e-26 3.278732e-33 1.072394e-25 3.651056e-17 4.951126e-05 5.120247e-35 1.572507e-11 6.641854e-28 4.898970e-31 3.992173e-10 1.030956e-17 7.200375e-11 6.883423e-06 3.617325e-02 2.435474e-28 6.702620e-11 4.888376e-24 1.878004e-19 7.558627e-13 3.349271e-12 1.948309e-01 5.200979e-16 3.878086e-16 8.633509e-20 9.309607e-17 1.436386e-17 1.825952e-25 1.362305e-24 2.013022e-34 6.637349e-11 1.937457e-18 7.598315e-01 3.475409e-09 4.002281e-07 1.859560e-19 9.267591e-21 6.953812e-20 1.573486e-20 1.037838e-11 2.855148e-17 9.537389e-13 1.145379e-08 3.370679e-07 1.055940e-17 6.244105e-20 1.902944e-19 6.915528e-15 2.382121e-14 1.035010e-10 1.757784e-19 6.354312e-09 4.516244e-11 1.597345e-23 3.248538e-14 8.162400e-25 5.493347e-15 4.397020e-17 4.332525e-17 1.543108e-10 2.917638e-28 3.182800e-10 1.329337e-23 5.145354e-16 2.787083e-16 7.461546e-10 4.727542e-23 1.263764e-29 4.459346e-33 4.077430e-23 1.772889e-10 6.930244e-17 9.789966e-24 1.897229e-09 1.443086e-12 6.172614e-16 3.991437e-11 8.997013e-14 5.199747e-16 2.182852e-15 1.085881e-19 9.874841e-18 3.178703e-14 5.454644e-13 2.064685e-18 6.896917e-17 1.167564e-16 1.522267e-22 1.045087e-32 4.106290e-24 1.318245e-23 1.373683e-53 0.000000e+00 2.650142e-10 3.082346e-12 9.097486e-03
2.205280e-02 1.022234e-15 2.157065e-06 5.106821e-06 7.511158e-20 2.220363e-16 1.384945e-25 0.000000e+00 1.544429e-25 5.023219e-17 4.939250e-05 1.353413e-34 1.717440e-11 1.038453e-27 7.862746e-31 4.209064e-10 1.677261e-17 7.656678e-11 7.485774e-06 3.617184e-02 3.747414e-28 7.680190e-11 6.569347e-24 2.615073e-19 8.110022e-13 4.395846e-12 1.948300e-01 5.484905e-16 3.865911e-16 1.051203e-19 1.420384e-16 1.510543e-17 3.044952e-25 1.773168e-24 2.928978e-34 6.771253e-11 2.621719e-18 7.598336e-01 3.279000e-09 3.999042e-07 1.786267e-19 1.396155e-20 6.915010e-20 1.718913e-20 1.034177e-11 3.044139e-17 1.011846e-12 1.117373e-08 3.363555e-07 1.128445e-17 7.660216e-20 2.010339e-19 7.269928e-15 3.182260e-14 1.232948e-10 2.484563e-19 6.619118e-09 5.503379e-11 2.386719e-23 3.733788e-14 1.109471e-24 7.371636e-15 5.617163e-17 6.276573e-17 1.385630e-10 4.154468e-28 3.095143e-10 1.245236e-23 5.698098e-16 2.946533e-16 7.742823e-10 6.171693e-23 1.305745e-29 7.543730e-33 4.501942e-23 2.103962e-10 1.027112e-16 1.391237e-23 1.875266e-09 1.544285e-12 6.535804e-16 3.990769e-11 8.331083e-14 5.509535e-16 2.684867e-15 2.161052e-19 1.181555e-17 3.369427e-14 5.781363e-13 3.223682e-18 6.941358e-17 1.275118e-16 1.642928e-22 1.033217e-32 5.656969e-24 1.851062e-23 1.909993e-53 0.000000e+00 3.013069e-10 3.258499e-12 9.097342e-03
1.914743e-02 1.470388e-15 2.245374e-06 4.851839e-06 1.319173e-19 2.808223e-16 1.903313e-25 1.125650e-32 2.185562e-25 7.040162e-17 4.927551e-05 3.368711e-34 1.871635e-11 1.582108e-27 1.281817e-30 4.433817e-10 2.745023e-17 8.129209e-11 8.106026e-06 3.617038e-02 5.780564e-28 8.810614e-11 8.894922e-24 3.666456e-19 8.684859e-13 5.527289e-12 1.948292e-01 5.778942e-16 3.850417e-16 1.301508e-19 2.170792e-16 1.591849e-17 4.903860e-25 2.306364e-24 4.200201e-34 6.909118e-11 3.459391e-18 7.598357e-01 3.092298e-09 3.996722e-07 1.711181e-19 2.034865e-20 6.863920e-20 1.869930e-20 1.035129e-11 3.243145e-17 1.072424e-12 1.080123e-08 3.356532e-07 1.203703e-17 9.420839e-20 2.121652e-19 7.636989e-15 4.199793e-14 1.452222e-10 3.564359e-19 6.854818e-09 6.727379e-11 3.496366e-23 4.274808e-14 1.502966e-24 9.891572e-15 7.051971e-17 9.019375e-17 1.244523e-10 5.742562e-28 3.015390e-10 1.165192e-23 6.303198e-16 3.052954e-16 8.027205e-10 7.747610e-23 1.341918e-29 1.256085e-32 4.919414e-23 2.482558e-10 1.515141e-16 1.972436e-23 1.851208e-09 1.660315e-12 6.912111e-16 3.990090e-11 7.738971e-14 5.830418e-16 3.303043e-15 4.268287e-19 1.413360e-17 3.567122e-14 6.119923e-13 4.781316e-18 6.953846e-17 1.386470e-16 1.768214e-22 1.021392e-32 7.686153e-24 2.545891e-23 2.725015e-53 0.000000e+00 2.967133e-10 3.453356e-12 9.097194e-03
1.662484e-02 2.121931e-15 2.336964e-06 4.663802e-06 2.324585e-19 3.558268e-16 2.571222e-25 4.273697e-33 3.039130e-25 1.007994e-16 4.915946e-05 7.939114e-34 2.036780e-11 2.360369e-27 2.122341e-30 4.667214e-10 4.531229e-17 8.619235e-11 8.746574e-06 3.616887e-02 8.930951e-28 1.009089e-10 1.212220e-23 5.182020e-19 9.286884e-13 6.717487e-12 1.948283e-01 6.084099e-16 3.831456e-16 1.640250e-19 3.326954e-16 1.682231e-17 7.676027e-25 2.988931e-24 6.005377e-34 7.051449e-11 4.474055e-18 7.598378e-01 2.915708e-09 3.994934e-07 1.634838e-19 2.849416e-20 6.799788e-20 2.023982e-20 1.040038e-11 3.454032e-17 1.135725e-12 1.037803e-08 3.349577e-07 1.281973e-17 1.161713e-19 2.237265e-19 8.017965e-15 5.479781e-14 1.688549e-10 5.165573e-19 7.060109e-09 8.229647e-11 5.029629e-23 4.873187e-14 2.025541e-24 1.325788e-14 8.692666e-17 1.284174e-16 1.118930e-10 7.729380e-28 2.942716e-10 1.088113e-23 6.966970e-16 3.103274e-16 8.316844e-10 9.289951e-23 1.370643e-29 2.056077e-32 5.313945e-23 2.914551e-10 2.198772e-16 2.776939e-23 1.824956e-09 1.789503e-12 7.302825e-16 3.989397e-11 7.211342e-14 6.163496e-16 4.067149e-15 8.176363e-19 1.691641e-17 3.772492e-14 6.471484e-13 6.768218e-18 6.931691e-17 1.502021e-16 1.898564e-22 1.009565e-32 1.030608e-23 3.421095e-23 4.103790e-53 0.000000e+00 2.430173e-10 3.664894e-12 9.097038e-03
1.443458e-02 3.059367e-15 2.431558e-06 4.513596e-06 4.089296e-19 4.510531e-16 3.420260e-25 0.000000e+00 4.158822e-25 1.459272e-16 4.904432e-05 1.778964e-33 2.213693e-11 3.457006e-27 3.539247e-30 4.908561e-10 7.475344e-17 9.124806e-11 9.405789e-06 3.616731e-02 1.376389e-27 1.149329e-10 1.656356e-23 7.338906e-19 9.916364e-13 7.940014e-12 1.948274e-01 6.399454e-16 3.808959e-16 2.085479e-19 5.088737e-16 1.783337e-17 1.177254e-24 3.861409e-24 8.538130e-34 7.197844e-11 5.683489e-18 7.598400e-01 2.750452e-09 3.993527e-07 1.558234e-19 3.871178e-20 6.722480e-20 2.177377e-20 1.048197e-11 3.677547e-17 1.201602e-12 9.925117e-09 3.342700e-07 1.363022e-17 1.433865e-19 2.356830e-19 8.411701e-15 7.063999e-14 1.946061e-10 7.510707e-19 7.233108e-09 1.002916e-10 7.114369e-23 5.524345e-14 2.711593e-24 1.775138e-14 1.050713e-16 1.810570e-16 1.008561e-10 1.014899e-27 2.876794e-10 1.013201e-23 7.691986e-16 3.098501e-16 8.612034e-10 1.064557e-22 1.391129e-29 3.291190e-32 5.666989e-23 3.403451e-10 3.145390e-16 3.874565e-23 1.796608e-09 1.929583e-12 7.706771e-16 3.988695e-11 6.743117e-14 6.507762e-16 5.008282e-15 1.537694e-18 2.024819e-17 3.984951e-14 6.834990e-13 9.192960e-18 6.873301e-17 1.621438e-16 2.033597e-22 9.977632e-33 1.367510e-23 4.510694e-23 6.365625e-53 0.000000e+00 2.159817e-10 3.889593e-12 9.096877e-03
1.253288e-02 4.391810e-15 2.529647e-06 4.363851e-06 7.148966e-19 5.698622e-16 4.487826e-25 3.498990e-33 5.613806e-25 2.112692e-16 4.892915e-05 3.805862e-33 2.404780e-11 4.982270e-27 5.908766e-30 5.159138e-10 1.221912e-16 9.647962e-11 1.008747e-05 3.616571e-02 2.110202e-27 1.298675e-10 2.262575e-23 1.035208e-18 1.057903e-12 9.182436e-12 1.948264e-01 6.726663e-16 3.782667e-16 2.651183e-19 7.736135e-16 1.897958e-17 1.797098e-24 4.982840e-24 1.191782e-33 7.349099e-11 7.097051e-18 7.598422e-01 2.596057e-09 3.992406e-07 1.481702e-19 5.168904e-20 6.631555e-20 2.327783e-20 1.058947e-11 3.916485e-17 1.270441e-12 9.451658e-09 3.335858e-07 1.447275e-17 1.770090e-19 2.480975e-19 8.820255e-15 9.010571e-14 2.233739e-10 1.090786e-18 7.374300e-09 1.214027e-10 9.913397e-23 6.227360e-14 3.603119e-24 2.375202e-14 1.245979e-16 2.529195e-16 9.120224e-11 1.299692e-27 2.816763e-10 9.387864e-24 8.487030e-16 3.042188e-16 8.915442e-10 1.172846e-22 1.403865e-29 5.136993e-32 5.964856e-23 3.956968e-10 4.466760e-16 5.361110e-23 1.766059e-09 2.079576e-12 8.126068e-16 3.987980e-11 6.325784e-14 6.865024e-16 6.171424e-15 2.903606e-18 2.425218e-17 4.205663e-14 7.212350e-13 1.206770e-17 6.778223e-17 1.745361e-16 2.174028e-22 9.859201e-33 1.800609e-23 5.864811e-23 9.826835e-53 0.000000e+00 2.372048e-10 4.124930e-12 9.096710e-03
1.088173e-02 6.267136e-15 2.631731e-06 4.208292e-06 1.240801e-18 7.184634e-16 5.816831e-25 9.026789e-33 7.491159e-25 3.051185e-16 4.881308e-05 7.800283e-33 2.612720e-11 7.084973e-27 9.857465e-30 5.420240e-10 1.973645e-16 1.019060e-10 1.079544e-05 3.616403e-02 3.214743e-27 1.453427e-10 3.085196e-23 1.452174e-18 1.128116e-12 1.043390e-11 1.948254e-01 7.067399e-16 3.752305e-16 3.361220e-19 1.167751e-15 2.029420e-17 2.863366e-24 6.420103e-24 1.639084e-33 7.506007e-11 8.732902e-18 7.598445e-01 2.451994e-09 3.991395e-07 1.405571e-19 6.794972e-20 6.526756e-20 2.473139e-20 1.071626e-11 4.174018e-17 1.342639e-12 8.974112e-09 3.329009e-07 1.535166e-17 2.182321e-19 2.610331e-19 9.245700e-15 1.138604e-13 2.555557e-10 1.576834e-18 7.484456e-09 1.456764e-10 1.363241e-22 6.981133e-14 4.753780e-24 3.174616e-14 1.450165e-16 3.502148e-16 8.280803e-11 1.622137e-27 2.761892e-10 8.630786e-24 9.361825e-16 2.941034e-16 9.229655e-10 1.243144e-22 1.409961e-29 7.785621e-32 6.196029e-23 4.583856e-10 6.298333e-16 7.345869e-23 1.733203e-09 2.238676e-12 8.562861e-16 3.987252e-11 5.951978e-14 7.237105e-16 7.611943e-15 5.495082e-18 2.907356e-17 4.435822e-14 7.605495e-13 1.538730e-17 6.647761e-17 1.874436e-16 2.320583e-22 9.739722e-33 2.355495e-23 7.537623e-23 1.509406e-52 0.000000e+00 2.717363e-10 4.368653e-12 9.096537e-03
9.448103e-03 8.871305e-15 2.738279e-06 4.046330e-06 2.132733e-18 9.030505e-16 7.458310e-25 0.000000e+00 9.889694e-25 4.368714e-16 4.869537e-05 1.536931e-32 2.840406e-11 9.959749e-27 1.637906e-29 5.693087e-10 3.132391e-16 1.075427e-10 1.153338e-05 3.616229e-02 4.858403e-27 1.609129e-10 4.191154e-23 2.019374e-18 1.202939e-12 1.168466e-11 1.948244e-01 7.423236e-16 3.717595e-16 4.227381e-19 1.746166e-15 2.181651e-17 5.422000e-24 8.265985e-24 2.216512e-33 7.669306e-11 1.060395e-17 7.598470e-01 2.317739e-09 3.990355e-07 1.330194e-19 8.851853e-20 6.408096e-20 2.611731e-20 1.085577e-11 4.453679e-17 1.418577e-12 8.504612e-09 3.322117e-07 1.627103e-17 2.681185e-19 2.745494e-19 9.689986e-15 1.426514e-13 2.921572e-10 2.262937e-18 7.564716e-09 1.729785e-10 1.853149e-22 7.785193e-14 6.230514e-24 4.237462e-14 1.657350e-16 4.808120e-16 7.556895e-11 1.968908e-27 2.711575e-10 7.843764e-24 1.032686e-15 2.802746e-16 9.557079e-10 1.271751e-22 1.410884e-29 1.136689e-31 6.352331e-23 5.293804e-10 8.815588e-16 9.966758e-23 1.697943e-09 2.406091e-12 9.019174e-16 3.986509e-11 5.615378e-14 7.625728e-16 9.396329e-15 1.051152e-17 3.487880e-17 4.676587e-14 8.016246e-13 1.913318e-17 6.484505e-17 2.009270e-16 2.473949e-22 9.618640e-33 3.067158e-23 9.582303e-23 2.272017e-52 0.000000e+00 3.111551e-10 4.618180e-12 9.096357e-03
8.203354e-03 1.244962e-14 2.850337e-06 3.876263e-06 3.630034e-18 1.132193e-15 9.472165e-25 0.000000e+00 1.293756e-24 6.188359e-16 4.857469e-05 2.921352e-32 3.092294e-11 1.387149e-26 2.709512e-29 5.980381e-10 4.873296e-16 1.134332e-10 1.230894e-05 3.616047e-02 7.284790e-27 1.761938e-10 5.667782e-23 2.781540e-18 1.283513e-12 1.293230e-11 1.948233e-01 7.797675e-16 3.678068e-16 5.263953e-19 2.586478e-15 2.360254e-17 1.434327e-23 1.063860e-23 2.947904e-33 7.840611e-11 1.272585e-17 7.598495e-01 2.192088e-09 3.989136e-07 1.255530e-19 1.145367e-19 6.275160e-20 2.743019e-20 1.100219e-11 4.761069e-17 1.499053e-12 8.053213e-09 3.315114e-07 1.723993e-17 3.277176e-19 2.887785e-19 1.015746e-14 1.774982e-13 3.341037e-10 3.219955e-18 7.616881e-09 2.031978e-10 2.494729e-22 8.645133e-14 8.120381e-24 5.645588e-14 1.862405e-16 6.548653e-16 6.936477e-11 2.314144e-27 2.665050e-10 7.009357e-24 1.139914e-15 2.635044e-16 9.901786e-10 1.259550e-22 1.408117e-29 1.575373e-31 6.429956e-23 6.101858e-10 1.225964e-15 1.339394e-22 1.659983e-09 2.581937e-12 9.499493e-16 3.985746e-11 5.308768e-14 8.034712e-16 1.161544e-14 2.038018e-17 4.189520e-17 4.930454e-14 8.448646e-13 2.329453e-17 6.291410e-17 2.151198e-16 2.635644e-22 9.494797e-33 3.980486e-23 1.206494e-22 3.343579e-52 0.000000e+00 3.560850e-10 4.872083e-12 9.096168e-03
7.122595e-03 1.727637e-14 2.967003e-06 3.699401e-06 6.092817e-18 1.412990e-15 1.193139e-24 0.000000e+00 1.676986e-24 8.608456e-16 4.845187e-05 5.369803e-32 3.368713e-11 1.914209e-26 4.436842e-29 6.279825e-10 7.364051e-16 1.195166e-10 1.311638e-05 3.615856e-02 1.080542e-26 1.905473e-10 7.604563e-23 3.780081e-18 1.369645e-12 1.415360e-11 1.948221e-01 8.187701e-16 3.633965e-16 6.448984e-19 3.780259e-15 2.568602e-17 4.998054e-23 1.369702e-23 3.831125e-33 8.018550e-11 1.511539e-17 7.598521e-01 2.075971e-09 3.987723e-07 1.182810e-19 1.484608e-19 6.130105e-20 2.864757e-20 1.114731e-11 5.096993e-17 1.583467e-12 7.625456e-09 3.308054e-07 1.825061e-17 3.964749e-19 3.036049e-19 1.064431e-14 2.189066e-13 3.831876e-10 4.533685e-18 7.642244e-09 2.356220e-10 3.328402e-22 9.554112e-14 1.053017e-23 7.507721e-14 2.057655e-16 8.846831e-16 6.419571e-11 2.616754e-27 2.622424e-10 6.131583e-24 1.257808e-15 2.448018e-16 1.026174e-09 1.211333e-22 1.403011e-29 1.982382e-31 6.427847e-23 7.010264e-10 1.692290e-15 1.782399e-22 1.619690e-09 2.763245e-12 9.999957e-16 3.984971e-11 5.030711e-14 8.460766e-16 1.433563e-14 4.042187e-17 5.025604e-17 5.195553e-14 8.899220e-13 2.777941e-17 6.075642e-17 2.299087e-16 2.804376e-22 9.369213e-33 5.157910e-23 1.505040e-22 4.709912e-52 0.000000e+00 4.069243e-10 5.124429e-12 9.095971e-03
6.184222e-03 2.371011e-14 3.087815e-06 3.516458e-06 1.009149e-17 1.760053e-15 1.492073e-24 0.000000e+00 2.157782e-24 1.178107e-15 4.832721e-05 9.565059e-32 3.670806e-11 2.620058e-26 7.184713e-29 6.590244e-10 1.078405e-15 1.257547e-10 1.395300e-05 3.615659e-02 1.585293e-26 2.035511e-10 1.011507e-22 5.074199e-18 1.461457e-12 1.533274e-11 1.948209e-01 8.591768e-16 3.585510e-16 7.780777e-19 5.454213e-15 2.811139e-17 1.861911e-22 1.761819e-23 4.896597e-33 8.202432e-11 1.781722e-17 7.598548e-01 1.969445e-09 3.986036e-07 1.112808e-19 1.922769e-19 5.974935e-20 2.976112e-20 1.128392e-11 5.463609e-17 1.671522e-12 7.230149e-09 3.300959e-07 1.929905e-17 4.731468e-19 3.189674e-19 1.114859e-14 2.674655e-13 4.402855e-10 6.310289e-18 7.643323e-09 2.696067e-10 4.404875e-22 1.051101e-13 1.360155e-23 9.958477e-14 2.238069e-16 1.185472e-15 6.002031e-11 2.796565e-27 2.583531e-10 5.217537e-24 1.386658e-15 2.252118e-16 1.063610e-09 1.131754e-22 1.396654e-29 1.969429e-31 6.350958e-23 8.023901e-10 2.317205e-15 2.345252e-22 1.577297e-09 2.947666e-12 1.051858e-15 3.984189e-11 4.777986e-14 8.902197e-16 1.763572e-14 8.134157e-17 6.012305e-17 5.471040e-14 9.366179e-13 3.249576e-17 5.845228e-17 2.452357e-16 2.979477e-22 9.242348e-33 6.675849e-23 1.863808e-22 6.433890e-52 0.000000e+00 4.646553e-10 5.371171e-12 9.095769e-03
5.369475e-03 3.217238e-14 3.211987e-06 3.328684e-06 1.648314e-17 2.188360e-15 1.854276e-24 0.000000e+00 2.758267e-24 1.584398e-15 4.820134e-05 1.654569e-31 3.998638e-11 3.558199e-26 1.148101e-28 6.909624e-10 1.523389e-15 1.320934e-10 1.481390e-05 3.615457e-02 2.299200e-26 2.148847e-10 1.332510e-22 6.725530e-18 1.558818e-12 1.645361e-11 1.948197e-01 9.007239e-16 3.533165e-16 9.235110e-19 7.763473e-15 3.091981e-17 6.563619e-22 2.263636e-23 6.154265e-33 8.391077e-11 2.087851e-17 7.598576e-01 1.872577e-09 3.984078e-07 1.046309e-19 2.493911e-19 5.812295e-20 3.076639e-20 1.140536e-11 5.862172e-17 1.762670e-12 6.868500e-09 3.293867e-07 2.037839e-17 5.552499e-19 3.347628e-19 1.166695e-14 3.235574e-13 5.069479e-10 8.680739e-18 7.623388e-09 3.043393e-10 5.786473e-22 1.151489e-13 1.751622e-23 1.317308e-13 2.400220e-16 1.576129e-15 5.679860e-11 2.672858e-27 2.548252e-10 4.272450e-24 1.526340e-15 2.055904e-16 1.102276e-09 1.030771e-22 1.389854e-29 3.465598e-32 6.208841e-23 9.144277e-10 3.147351e-15 3.050857e-22 1.533167e-09 3.132269e-12 1.105197e-15 3.983407e-11 4.547912e-14 9.356123e-16 2.158505e-14 1.677867e-16 7.162396e-17 5.755367e-14 9.846477e-13 3.733602e-17 5.609080e-17 2.610014e-16 3.159804e-22 9.114957e-33 8.636802e-23 2.293745e-22 8.506198e-52 0.000000e+00 5.301290e-10 5.608208e-12 9.095561e-03
4.662069e-03 4.312006e-14 3.338319e-06 3.137912e-06 2.648559e-17 2.707577e-15 2.292374e-24 0.000000e+00 3.501600e-24 2.083476e-15 4.807528e-05 2.785554e-31 4.350650e-11 4.792209e-26 1.804577e-28 7.234869e-10 2.064954e-15 1.384595e-10 1.569128e-05 3.615250e-02 3.292238e-26 2.243667e-10 1.736319e-22 8.780608e-18 1.661215e-12 1.749990e-11 1.948185e-01 9.430082e-16 3.477691e-16 1.074142e-18 1.087754e-14 3.414248e-17 2.111085e-21 2.908382e-23 7.586839e-33 8.582679e-11 2.433622e-17 7.598604e-01 1.785463e-09 3.981925e-07 9.841058e-20 3.266503e-19 5.645478e-20 3.166154e-20 1.150586e-11 6.292391e-17 1.856040e-12 6.535353e-09 3.286837e-07 2.147813e-17 6.391865e-19 3.508330e-19 1.219432e-14 3.872189e-13 5.858216e-10 1.180901e-17 7.586417e-09 3.388532e-10 7.549161e-22 1.256377e-13 2.250661e-23 1.738507e-13 2.542386e-16 2.080412e-15 5.448735e-11 1.852713e-27 2.516518e-10 3.273312e-24 1.676112e-15 1.866018e-16 1.141806e-09 9.213245e-23 1.383161e-29 0.000000e+00 6.014599e-23 1.036759e-09 4.243268e-15 3.929927e-22 1.487821e-09 3.313492e-12 1.159496e-15 3.982632e-11 4.338441e-14 9.818136e-16 2.622853e-14 3.651372e-16 8.482036e-17 6.046056e-14 1.033545e-12 4.218045e-17 5.376497e-17 2.770528e-16 3.343597e-22 8.988151e-33 1.118007e-22 2.805407e-22 1.066045e-51 0.000000e+00 6.037834e-10 5.831092e-12 9.095350e-03
4.047860e-03 5.720649e-14 3.466270e-06 2.944664e-06 4.203498e-17 3.353295e-15 2.820519e-24 0.000000e+00 4.426649e-24 2.700830e-15 4.794935e-05 4.571661e-31 4.726499e-11 6.408648e-26 2.795442e-28 7.564579e-10 2.695281e-15 1.448166e-10 1.658188e-05 3.615041e-02 4.662388e-26 2.321274e-10 2.242266e-22 1.134605e-17 1.768589e-12 1.846361e-11 1.948172e-01 9.858471e-16 3.419698e-16 1.231694e-18 1.505523e-14 3.782472e-17 6.181305e-21 3.726915e-23 8.755176e-33 8.776440e-11 2.830235e-17 7.598633e-01 1.707526e-09 3.979478e-07 9.264616e-20 4.274731e-19 5.476860e-20 3.245390e-20 1.158141e-11 6.755838e-17 1.951229e-12 6.239738e-09 3.279885e-07 2.259345e-17 7.216496e-19 3.671028e-19 1.272838e-14 4.586255e-13 6.770921e-10 1.588709e-17 7.536473e-09 3.724295e-10 9.786881e-22 1.366225e-13 2.889654e-23 2.286529e-13 2.665556e-16 2.725903e-15 5.301986e-11 0.000000e+00 2.488038e-10 2.112715e-24 1.835820e-15 1.688869e-16 1.182011e-09 8.070329e-23 1.376860e-29 0.000000e+00 5.781327e-23 1.169447e-09 5.675303e-15 4.999979e-22 1.441556e-09 3.488726e-12 1.214518e-15 3.981869e-11 4.146439e-14 1.028624e-15 3.162016e-14 8.424558e-16 9.981416e-17 6.342159e-14 1.083097e-12 4.694090e-17 5.154958e-17 2.933209e-16 3.530051e-22 8.862318e-33 1.446839e-22 3.419452e-22 1.313558e-51 0.000000e+00 6.875837e-10 6.038161e-12 9.095136e-03
3.514571e-03 7.513665e-14 3.596002e-06 2.750431e-06 6.587215e-17 4.149306e-15 3.456375e-24 6.074095e-32 5.572662e-24 3.440022e-15 4.782322e-05 7.333140e-31 5.127484e-11 8.512859e-26 4.267838e-28 7.899158e-10 3.391163e-15 1.511661e-10 1.748727e-05 3.614829e-02 6.533507e-26 2.384155e-10 2.871692e-22 1.449814e-17 1.881430e-12 1.934419e-11 1.948160e-01 1.029293e-15 3.359522e-16 1.388960e-18 2.058074e-14 4.203391e-17 1.660393e-20 4.769513e-23 8.833218e-33 8.972625e-11 3.283589e-17 7.598662e-01 1.637753e-09 3.976716e-07 8.732161e-20 5.618954e-19 5.307748e-20 3.315555e-20 1.162952e-11 7.256540e-17 2.048351e-12 5.980246e-09 3.272991e-07 2.372567e-17 7.999890e-19 3.835846e-19 1.326973e-14 5.382378e-13 7.835039e-10 2.116767e-17 7.477286e-09 4.044902e-10 1.261932e-21 1.482248e-13 3.711304e-23 2.996264e-13 2.772131e-16 3.546481e-15 5.232433e-11 0.000000e+00 2.462389e-10 5.700998e-26 2.006129e-15 1.526478e-16 1.222896e-09 6.973535e-23 1.371056e-29 0.000000e+00 5.520261e-23 1.313201e-09 7.542999e-15 6.297179e-22 1.394423e-09 3.656296e-12 1.270331e-15 3.981117e-11 3.968271e-14 1.076101e-15 3.782379e-14 2.046152e-15 1.167634e-16 6.644382e-14 1.133365e-12 5.157185e-17 4.949094e-17 3.098257e-16 3.719378e-22 8.737146e-33 1.873011e-22 4.152985e-22 1.570296e-51 0.000000e+00 7.733124e-10 6.229080e-12 9.094920e-03
3.051540e-03 9.790879e-14 3.727900e-06 2.565783e-06 1.023247e-16 5.155545e-15 4.219769e-24 9.296335e-31 6.992539e-24 4.331971e-15 4.769635e-05 1.151668e-30 5.555435e-11 1.124748e-25 6.439130e-28 8.239589e-10 4.136572e-15 1.575217e-10 1.841056e-05 3.614613e-02 9.078909e-26 2.435897e-10 3.656378e-22 1.839745e-17 2.000432e-12 2.014268e-11 1.948147e-01 1.073475e-15 3.297433e-16 1.547515e-18 2.788654e-14 4.685270e-17 4.135495e-20 6.084983e-23 1.312713e-32 9.171833e-11 3.807498e-17 7.598691e-01 1.575139e-09 3.973508e-07 8.240976e-20 7.352098e-19 5.138998e-20 3.377872e-20 1.164823e-11 7.799651e-17 2.147685e-12 5.765429e-09 3.266123e-07 2.487805e-17 8.724855e-19 4.003171e-19 1.381992e-14 6.266390e-13 9.056755e-10 2.794692e-17 7.412096e-09 4.345820e-10 1.619460e-21 1.605952e-13 4.774997e-23 3.906472e-13 2.865109e-16 4.579379e-15 5.233855e-11 1.314721e-28 2.439162e-10 1.228675e-24 2.188033e-15 1.380706e-16 1.264512e-09 5.939570e-23 1.365763e-29 1.271686e-31 5.240390e-23 1.469009e-09 9.926430e-15 7.839347e-22 1.346398e-09 3.814790e-12 1.327098e-15 3.980372e-11 3.800674e-14 1.124382e-15 4.490462e-14 4.886274e-15 1.358689e-16 6.953991e-14 1.184496e-12 5.604754e-17 4.762028e-17 3.266155e-16 3.912121e-22 8.612136e-33 2.424310e-22 5.026954e-22 1.876222e-51 0.000000e+00 8.230217e-10 6.404514e-12 9.094700e-03
2.649512e-03 1.266585e-13 3.862532e-06 2.399595e-06 1.576735e-16 6.430762e-15 5.134848e-24 1.022393e-34 8.739048e-24 5.387053e-15 4.756806e-05 1.774575e-30 6.012693e-11 1.478941e-25 9.610082e-28 8.587334e-10 4.912683e-15 1.639071e-10 1.935617e-05 3.614392e-02 1.252250e-25 2.480047e-10 4.634250e-22 2.319074e-17 2.126482e-12 2.086147e-11 1.948134e-01 1.118580e-15 3.233619e-16 1.701929e-18 3.748264e-14 5.238208e-17 9.644887e-20 7.744524e-23 1.782200e-32 9.374939e-11 4.412228e-17 7.598721e-01 1.518741e-09 3.969799e-07 7.787736e-20 9.590835e-19 4.971082e-20 3.433456e-20 1.163601e-11 8.391534e-17 2.249655e-12 5.596040e-09 3.259242e-07 2.605548e-17 9.383973e-19 4.173601e-19 1.438124e-14 7.245577e-13 1.046151e-09 3.660667e-17 7.343667e-09 4.623147e-10 2.069959e-21 1.739136e-13 6.160597e-23 5.063986e-13 2.947526e-16 5.868421e-15 5.301032e-11 4.615101e-27 2.417978e-10 1.146581e-24 2.382886e-15 1.251161e-16 1.306941e-09 5.005859e-23 1.360946e-29 6.018349e-31 4.948613e-23 1.638158e-09 1.290076e-14 9.660231e-22 1.297402e-09 3.963038e-12 1.385061e-15 3.979632e-11 3.640827e-14 1.173676e-15 5.291888e-14 1.083286e-14 1.573717e-16 7.272754e-14 1.236707e-12 6.036088e-17 4.595388e-17 3.437622e-16 4.109092e-22 8.486648e-33 3.138195e-22 6.056552e-22 2.233321e-51 0.000000e+00 8.269969e-10 6.565341e-12 9.094474e-03
2.300449e-03 1.628152e-13 3.999076e-06 2.260013e-06 2.412980e-16 8.066415e-15 6.229669e-24 1.560418e-34 1.087472e-23 6.627772e-15 4.743902e-05 2.685843e-30 6.496648e-11 1.935430e-25 1.418831e-27 8.940259e-10 5.707375e-15 1.702814e-10 2.031870e-05 3.614167e-02 1.715235e-25 2.519839e-10 5.855022e-22 2.908617e-17 2.259163e-12 2.149607e-11 1.948120e-01 1.164332e-15 3.168952e-16 1.850115e-18 5.003061e-14 5.867423e-17 2.124346e-19 9.824509e-23 1.856587e-32 9.580712e-11 5.120370e-17 7.598751e-01 1.468276e-09 3.965574e-07 7.373622e-20 1.245369e-18 4.806040e-20 3.482741e-20 1.159192e-11 9.032619e-17 2.353627e-12 5.474618e-09 3.252382e-07 2.725068e-17 9.973778e-19 4.345950e-19 1.495021e-14 8.316788e-13 1.206192e-09 4.760219e-17 7.275051e-09 4.871156e-10 2.635389e-21 1.882227e-13 7.976165e-23 6.522552e-13 3.021541e-16 7.461004e-15 5.428202e-11 1.929305e-29 2.398718e-10 8.397965e-25 2.590059e-15 1.138387e-16 1.349803e-09 4.177178e-23 1.356603e-29 3.065532e-31 4.653197e-23 1.820194e-09 1.648156e-14 1.177720e-21 1.247876e-09 4.098568e-12 1.443864e-15 3.978900e-11 3.488026e-14 1.223678e-15 6.181613e-14 2.154109e-14 1.813082e-16 7.599179e-14 1.289678e-12 6.447076e-17 4.451485e-17 3.611603e-16 4.309067e-22 8.361360e-33 4.060736e-22 7.260691e-22 2.675046e-51 0.000000e+00 7.821642e-10 6.711141e-12 9.094244e-03
1.997374e-03 2.082343e-13 4.135759e-06 2.152104e-06 3.673697e-16 1.020636e-14 7.536673e-24 2.190972e-34 1.347994e-23 8.099540e-15 4.731079e-05 3.994867e-30 7.000547e-11 2.520319e-25 2.071847e-27 9.293761e-10 6.518459e-15 1.765638e-10 2.128589e-05 3.613941e-02 2.333843e-25 2.558162e-10 7.385390e-22 3.639310e-17 2.396989e-12 2.204081e-11 1.948107e-01 1.210133e-15 3.104764e-16 1.993856e-18 6.641298e-14 6.572585e-17 4.450305e-19 1.239986e-22 2.224472e-32 9.786490e-11 5.951341e-17 7.598781e-01 1.423721e-09 3.960840e-07 7.001421e-20 1.598123e-18 4.646747e-20 3.525813e-20 1.151660e-11 9.717849e-17 2.458227e-12 5.405764e-09 3.245622e-07 2.844799e-17 1.049522e-18 4.517813e-19 1.551936e-14 9.466867e-13 1.385280e-09 6.147227e-17 7.209323e-09 5.084062e-10 3.341017e-21 2.034370e-13 1.036768e-22 8.342213e-13 3.088380e-16 9.405013e-15 5.607087e-11 6.924910e-30 2.381370e-10 6.490011e-25 2.807225e-15 1.042961e-16 1.392400e-09 3.445013e-23 1.352738e-29 1.606658e-31 4.362989e-23 2.013098e-09 2.059817e-14 1.418091e-21 1.198621e-09 4.218680e-12 1.502738e-15 3.978186e-11 3.342820e-14 1.273735e-15 7.142730e-14 3.816003e-14 2.074965e-16 7.929438e-14 1.342716e-12 6.832276e-17 4.332160e-17 3.785825e-16 4.509420e-22 8.237789e-33 5.246993e-22 8.667946e-22 3.287172e-51 0.000000e+00 6.934967e-10 6.841377e-12 9.094013e-03
1.734228e-03 2.653039e-13 4.274394e-06 2.072837e-06 5.575019e-16 1.303743e-14 9.094340e-24 2.903836e-34 1.666084e-23 9.829884e-15 4.718154e-05 5.850236e-30 7.530370e-11 3.270200e-25 3.001598e-27 9.652530e-10 7.365249e-15 1.828408e-10 2.227084e-05 3.613712e-02 3.160956e-25 2.598258e-10 9.316371e-22 4.548105e-17 2.542009e-12 2.250696e-11 1.948093e-01 1.256593e-15 3.040690e-16 2.130017e-18 8.785040e-14 7.371316e-17 8.916280e-19 1.558184e-22 3.367225e-32 9.995022e-11 6.925233e-17 7.598811e-01 1.383875e-09 3.955453e-07 6.663563e-20 2.025795e-18 4.491647e-20 3.563826e-20 1.140968e-11 1.045951e-16 2.564823e-12 5.394974e-09 3.238863e-07 2.966323e-17 1.096774e-18 4.691293e-19 1.609618e-14 1.071123e-12 1.586247e-09 7.894239e-17 7.147393e-09 5.262688e-10 4.221429e-21 2.198476e-13 1.353296e-22 1.058295e-12 3.149721e-16 1.174870e-14 5.833070e-11 9.708534e-28 2.365473e-10 5.157275e-25 3.037601e-15 9.619033e-17 1.435142e-09 2.811849e-23 1.349248e-29 1.978480e-31 4.078024e-23 2.219747e-09 2.521724e-14 1.689253e-21 1.149161e-09 4.324485e-12 1.562464e-15 3.977478e-11 3.202227e-14 1.324513e-15 8.175948e-14 6.152237e-14 2.363755e-16 8.268359e-14 1.396525e-12 7.197369e-17 4.235179e-17 3.962595e-16 4.712792e-22 8.114203e-33 6.774952e-22 1.031101e-21 4.152837e-51 0.000000e+00 5.800802e-10 6.959142e-12 9.093778e-03
1.505751e-03 3.370209e-13 4.416043e-06 2.017965e-06 8.443776e-16 1.682686e-14 1.094777e-23 3.734490e-34 2.055586e-23 1.184234e-14 4.705022e-05 8.447254e-30 8.089656e-11 4.231479e-25 4.321774e-27 1.001932e-09 8.273362e-15 1.891630e-10 2.328138e-05 3.613477e-02 4.266968e-25 2.642651e-10 1.176733e-21 5.682273e-17 2.695646e-12 2.290129e-11 1.948079e-01 1.304064e-15 2.976757e-16 2.254726e-18 1.159527e-13 8.280313e-17 1.716227e-18 1.950157e-22 3.284857e-32 1.020791e-10 8.066773e-17 7.598841e-01 1.347990e-09 3.949285e-07 6.355662e-20 2.535576e-18 4.340103e-20 3.597444e-20 1.127082e-11 1.126739e-16 2.674219e-12 5.449753e-09 3.232047e-07 3.090564e-17 1.140692e-18 4.867488e-19 1.668505e-14 1.206066e-12 1.812064e-09 1.009152e-16 7.090248e-09 5.406777e-10 5.319002e-21 2.376751e-13 1.773098e-22 1.330284e-12 3.205781e-16 1.452993e-14 6.101289e-11 1.249690e-30 2.350738e-10 4.082594e-25 3.283409e-15 8.930227e-17 1.478172e-09 2.271958e-23 1.346065e-29 1.712177e-32 3.799271e-23 2.442238e-09 3.029639e-14 1.992782e-21 1.099325e-09 4.416475e-12 1.623497e-15 3.976771e-11 3.064554e-14 1.376397e-15 9.272152e-14 9.182928e-14 2.682934e-16 8.619079e-14 1.451514e-12 7.545628e-17 4.159230e-17 4.143262e-16 4.920724e-22 7.989615e-33 8.745668e-22 1.223464e-21 5.404423e-51 0.000000e+00 4.589242e-10 7.066402e-12 9.093536e-03
1.307374e-03 4.276026e-13 4.560678e-06 1.982474e-06 1.279590e-15 2.201552e-14 1.314841e-23 4.826758e-34 2.537251e-23 1.421769e-14 4.691679e-05 1.203474e-29 8.677728e-11 5.463447e-25 6.194152e-27 1.039405e-09 9.275242e-15 1.955317e-10 2.431760e-05 3.613236e-02 5.749142e-25 2.693166e-10 1.490702e-21 7.118213e-17 2.858209e-12 2.322701e-11 1.948065e-01 1.352536e-15 2.913528e-16 2.372277e-18 1.530720e-13 9.311522e-17 3.186424e-18 2.428002e-22 4.080585e-32 1.042513e-10 9.414573e-17 7.598872e-01 1.315704e-09 3.942227e-07 6.076244e-20 3.116287e-18 4.192632e-20 3.626934e-20 1.110082e-11 1.214572e-16 2.786382e-12 5.580015e-09 3.225169e-07 3.217490e-17 1.182159e-18 5.046085e-19 1.728576e-14 1.351622e-12 2.064618e-09 1.285112e-16 7.039022e-09 5.515754e-10 6.683700e-21 2.570029e-13 2.329881e-22 1.655834e-12 3.255569e-16 1.777227e-14 6.404691e-11 6.139649e-31 2.337026e-10 3.351481e-25 3.544951e-15 8.350330e-17 1.521277e-09 1.811560e-23 1.343156e-29 1.203767e-32 3.529345e-23 2.681114e-09 3.578905e-14 2.326630e-21 1.049356e-09 4.494673e-12 1.685823e-15 3.976066e-11 2.929488e-14 1.429376e-15 1.040888e-13 1.285256e-13 3.033886e-16 8.982125e-14 1.507671e-12 7.877576e-17 4.103655e-17 4.327783e-16 5.133154e-22 7.864040e-33 1.129028e-21 1.451573e-21 7.377739e-51 0.000000e+00 3.471545e-10 7.164289e-12 9.093288e-03
1.135133e-03 5.422985e-13 4.707904e-06 1.958704e-06 1.941286e-15 2.918875e-14 1.575780e-23 6.364118e-34 3.138580e-23 1.701899e-14 4.678155e-05 1.693224e-29 9.292222e-11 7.038714e-25 8.839842e-27 1.077570e-09 1.038985e-14 2.019328e-10 2.537691e-05 3.612991e-02 7.736144e-25 2.750768e-10 1.895244e-21 8.946443e-17 3.029571e-12 2.348769e-11 1.948050e-01 1.401875e-15 2.851744e-16 2.482461e-18 2.022329e-13 1.047491e-16 5.724037e-18 3.007493e-22 5.151101e-32 1.064607e-10 1.100910e-16 7.598903e-01 1.286755e-09 3.934246e-07 5.824451e-20 3.764020e-18 4.050007e-20 3.652436e-20 1.090156e-11 1.309626e-16 2.900991e-12 5.789981e-09 3.218244e-07 3.346747e-17 1.221374e-18 5.226270e-19 1.789660e-14 1.507459e-12 2.346519e-09 1.632031e-16 6.994618e-09 5.590064e-10 8.376147e-21 2.778463e-13 3.067575e-22 2.041587e-12 3.297158e-16 2.150222e-14 6.734742e-11 3.221260e-31 2.324247e-10 2.787648e-25 3.821531e-15 7.861515e-17 1.564129e-09 1.424576e-23 1.340496e-29 1.095886e-32 3.271078e-23 2.936266e-09 4.174540e-14 2.691038e-21 9.996375e-10 4.559391e-12 1.749267e-15 3.975363e-11 2.797254e-14 1.483302e-15 1.155299e-13 1.706349e-13 3.416616e-16 9.357122e-14 1.564839e-12 8.193179e-17 4.067678e-17 4.515644e-16 5.349485e-22 7.737823e-33 1.457581e-21 1.725724e-21 1.055133e-50 0.000000e+00 2.755778e-10 7.253677e-12 9.093034e-03
9.855837e-04 6.877756e-13 4.858766e-06 1.938305e-06 2.949391e-15 3.916785e-14 1.884844e-23 8.581784e-34 3.897239e-23 2.029753e-14 4.664349e-05 2.355762e-29 9.936709e-11 9.052740e-25 1.257449e-26 1.116700e-09 1.162631e-14 2.084157e-10 2.646710e-05 3.612739e-02 1.040568e-24 2.816403e-10 2.419191e-21 1.127897e-16 3.211293e-12 2.369012e-11 1.948035e-01 1.452430e-15 2.791574e-16 2.583191e-18 2.675127e-13 1.179309e-16 9.972977e-18 3.709835e-22 6.590997e-32 1.087233e-10 1.289272e-16 7.598935e-01 1.260632e-09 3.925254e-07 5.597068e-20 4.480531e-18 3.911553e-20 3.674277e-20 1.067342e-11 1.412998e-16 3.018850e-12 6.083781e-09 3.211217e-07 3.479248e-17 1.258289e-18 5.408934e-19 1.852185e-14 1.674731e-12 2.663282e-09 2.069158e-16 6.957235e-09 5.631938e-10 1.047437e-20 3.004102e-13 4.043485e-22 2.494733e-12 3.328213e-16 2.575032e-14 7.085610e-11 1.802937e-31 2.312198e-10 2.347127e-25 4.114658e-15 7.438474e-17 1.606805e-09 1.105108e-23 1.338039e-29 1.278464e-32 3.024504e-23 3.210107e-09 4.832816e-14 3.088995e-21 9.500831e-10 4.611938e-12 1.814280e-15 3.974658e-11 2.666964e-14 1.538558e-15 1.267354e-13 2.174483e-13 3.834249e-16 9.747416e-14 1.623423e-12 8.495567e-17 4.050122e-17 4.708173e-16 5.571236e-22 7.610093e-33 1.883031e-21 2.059217e-21 1.569061e-50 0.000000e+00 2.663717e-10 7.336175e-12 9.092773e-03
8.557371e-04 8.722735e-13 5.017729e-06 1.916151e-06 4.489649e-15 5.315571e-14 2.250489e-23 1.176643e-33 4.862300e-23 2.405101e-14 4.649849e-05 3.248300e-29 1.062993e-10 1.164261e-24 1.787590e-26 1.157956e-09 1.299740e-14 2.151737e-10 2.762090e-05 3.612474e-02 1.401416e-24 2.892416e-10 3.101843e-21 1.424894e-16 3.409334e-12 2.384356e-11 1.948019e-01 1.505698e-15 2.732023e-16 2.667479e-18 3.545567e-13 1.332568e-16 1.688689e-17 4.566713e-22 8.526890e-32 1.111059e-10 1.510498e-16 7.598969e-01 1.236397e-09 3.914952e-07 5.387051e-20 5.276206e-18 3.773734e-20 3.693069e-20 1.041109e-11 1.528365e-16 3.143452e-12 6.472802e-09 3.203878e-07 3.618914e-17 1.293090e-18 5.598945e-19 1.917994e-14 1.858671e-12 3.029402e-09 2.621258e-16 6.926332e-09 5.644306e-10 1.308791e-20 3.254480e-13 5.329592e-22 3.020551e-12 3.346090e-16 3.052281e-14 7.459253e-11 1.062175e-31 2.300458e-10 1.992485e-25 4.432046e-15 7.048865e-17 1.650294e-09 8.462854e-24 1.335694e-29 1.762457e-32 2.784628e-23 3.511811e-09 5.577532e-14 3.527707e-21 8.995742e-10 4.654610e-12 1.882786e-15 3.973930e-11 2.535141e-14 1.596780e-15 1.375306e-13 2.693881e-13 4.299761e-16 1.016553e-13 1.685157e-12 8.793909e-17 4.050185e-17 4.911072e-16 5.804963e-22 7.477166e-33 2.440829e-21 2.466117e-21 2.398649e-50 0.000000e+00 3.057299e-10 7.414723e-12 9.092498e-03
7.429971e-04 1.104454e-12 5.190254e-06 1.891880e-06 6.835078e-15 7.273248e-14 2.682871e-23 1.604005e-33 6.085961e-23 2.810498e-14 4.634156e-05 4.450379e-29 1.139611e-10 1.499205e-24 2.542010e-26 1.202763e-09 1.449966e-14 2.224375e-10 2.887875e-05 3.612185e-02 1.890530e-24 2.982178e-10 3.992624e-21 1.797075e-16 3.631513e-12 2.395336e-11 1.948002e-01 1.563510e-15 2.672180e-16 2.717723e-18 4.701887e-13 1.515810e-16 2.783692e-17 5.628595e-22 1.105932e-31 1.136905e-10 1.767202e-16 7.599005e-01 1.213242e-09 3.902986e-07 5.188536e-20 6.202782e-18 3.632819e-20 3.709180e-20 1.010624e-11 1.660703e-16 3.279109e-12 6.970020e-09 3.195977e-07 3.770550e-17 1.325465e-18 5.802008e-19 1.989337e-14 2.066307e-12 3.468814e-09 3.319396e-16 6.901700e-09 5.628869e-10 1.636678e-20 3.539719e-13 7.013384e-22 3.622561e-12 3.346962e-16 3.580013e-14 7.859348e-11 6.440419e-32 2.288615e-10 1.698676e-25 4.782758e-15 6.662917e-17 1.695703e-09 6.414003e-24 1.333379e-29 2.726521e-32 2.546563e-23 3.853695e-09 6.430853e-14 4.020699e-21 8.468625e-10 4.689292e-12 1.957138e-15 3.973156e-11 2.398100e-14 1.659967e-15 1.476389e-13 3.273285e-13 4.830976e-16 1.062735e-13 1.752165e-12 9.097576e-17 4.068592e-17 5.131314e-16 6.058694e-22 7.334684e-33 3.184260e-21 2.956128e-21 3.663914e-50 0.000000e+00 3.525705e-10 7.491856e-12 9.092199e-03
6.451103e-04 1.396151e-12 5.383055e-06 1.864772e-06 1.042087e-14 1.006371e-13 3.193307e-23 2.177173e-33 7.644328e-23 3.238287e-14 4.616663e-05 6.071194e-29 1.226624e-10 1.936652e-24 3.625568e-26 1.252872e-09 1.612819e-14 2.304852e-10 3.029077e-05 3.611862e-02 2.559271e-24 3.091104e-10 5.165810e-21 2.262527e-16 3.888053e-12 2.402031e-11 1.947983e-01 1.628116e-15 2.611394e-16 2.731720e-18 6.247935e-13 1.741199e-16 4.477368e-17 6.954815e-22 1.442426e-31 1.165775e-10 2.064017e-16 7.599046e-01 1.190462e-09 3.888855e-07 4.996828e-20 7.275151e-18 3.484845e-20 3.722752e-20 9.747122e-12 1.816689e-16 3.431153e-12 7.597708e-09 3.187211e-07 3.940063e-17 1.354470e-18 6.024771e-19 2.068974e-14 2.306929e-12 4.021545e-09 4.202378e-16 6.883568e-09 5.586288e-10 2.051422e-20 3.873254e-13 9.203355e-22 4.303501e-12 3.325836e-16 4.153568e-14 8.290510e-11 3.996553e-32 2.276249e-10 1.448768e-25 5.176661e-15 6.259530e-17 1.744266e-09 4.796843e-24 1.331015e-29 4.674643e-32 2.305705e-23 4.252134e-09 7.418772e-14 4.576557e-21 7.905745e-10 4.717518e-12 2.040229e-15 3.972307e-11 2.251894e-14 1.730580e-15 1.566955e-13 3.923987e-13 5.452699e-16 1.115309e-13 1.827053e-12 9.416339e-17 4.107829e-17 5.377474e-16 6.342300e-22 7.177457e-33 4.203499e-21 3.542515e-21 5.602467e-50 0.000000e+00 4.066196e-10 7.569986e-12 9.091865e-03
5.601196e-04 1.756383e-12 5.604808e-06 1.833721e-06 1.585136e-14 1.403383e-13 3.795921e-23 2.837695e-33 9.592021e-23 3.637960e-14 4.596584e-05 8.271769e-29 1.328145e-10 2.512363e-24 5.183840e-26 1.310555e-09 1.784592e-14 2.396724e-10 3.192229e-05 3.611490e-02 3.474452e-24 3.227701e-10 6.712991e-21 2.826150e-16 4.192834e-12 2.404044e-11 1.947961e-01 1.702426e-15 2.549374e-16 2.685053e-18 8.293236e-13 2.026528e-16 7.038520e-17 8.654344e-22 1.867635e-31 1.198968e-10 2.400635e-16 7.599093e-01 1.167386e-09 3.871995e-07 4.808060e-20 8.627260e-18 3.325279e-20 3.733689e-20 9.317604e-12 2.005573e-16 3.606514e-12 8.376152e-09 3.177193e-07 4.135098e-17 1.378355e-18 6.275351e-19 2.160469e-14 2.593197e-12 4.760832e-09 5.318535e-16 6.872693e-09 5.516335e-10 2.582363e-20 4.273516e-13 1.202605e-21 5.063924e-12 3.276256e-16 4.766011e-14 8.758285e-11 2.461961e-32 2.262892e-10 1.230824e-25 5.624089e-15 5.816465e-17 1.797427e-09 3.548921e-24 1.328519e-29 8.916736e-32 2.057582e-23 4.729645e-09 8.585619e-14 5.220343e-21 7.291123e-10 4.740720e-12 2.135801e-15 3.971348e-11 2.092056e-14 1.811797e-15 1.642116e-13 4.660970e-13 6.199926e-16 1.176977e-13 1.913195e-12 9.761272e-17 4.172511e-17 5.660641e-16 6.668548e-22 6.998940e-33 5.652629e-21 4.218314e-21 8.221124e-50 0.000000e+00 4.681532e-10 7.651380e-12 9.091483e-03
4.863261e-04 2.198150e-12 5.859350e-06 1.798254e-06 2.404475e-14 1.976787e-13 4.506702e-23 3.539294e-33 1.200829e-22 3.991762e-14 4.573580e-05 1.126596e-28 1.446168e-10 3.271801e-24 7.423134e-26 1.376825e-09 1.956860e-14 2.501511e-10 3.380365e-05 3.611061e-02 4.728867e-24 3.401270e-10 8.773246e-21 3.500405e-16 4.554128e-12 2.400422e-11 1.947936e-01 1.787722e-15 2.488350e-16 2.585968e-18 1.099183e-12 2.387372e-16 1.083727e-16 1.084979e-21 2.397937e-31 1.237055e-10 2.780462e-16 7.599146e-01 1.144039e-09 3.852171e-07 4.624662e-20 1.035769e-17 3.153857e-20 3.741431e-20 8.810995e-12 2.233564e-16 3.808322e-12 9.312609e-09 3.165761e-07 4.359036e-17 1.393567e-18 6.555393e-19 2.265379e-14 2.932351e-12 5.793285e-09 6.730267e-16 6.870553e-09 5.420764e-10 3.265705e-20 4.751656e-13 1.566947e-21 5.919485e-12 3.192938e-16 5.428530e-14 9.253687e-11 1.499571e-32 2.248421e-10 1.041845e-25 6.119260e-15 5.336566e-17 1.855182e-09 2.588994e-24 1.325874e-29 1.869568e-31 1.805307e-23 5.300440e-09 9.968802e-14 5.967984e-21 6.625419e-10 4.759814e-12 2.245502e-15 3.970268e-11 1.918596e-14 1.905019e-15 1.695479e-13 5.475548e-13 7.097197e-16 1.249247e-13 2.012081e-12 1.013426e-16 4.267248e-17 5.985711e-16 7.043063e-22 6.796744e-33 7.794473e-21 4.982554e-21 1.153217e-49 0.000000e+00 5.379642e-10 7.736018e-12 9.091046e-03
4.222546e-04 2.740344e-12 6.151019e-06 1.757799e-06 3.644306e-14 2.832682e-13 5.343594e-23 4.278968e-33 1.502222e-22 4.308335e-14 4.547264e-05 1.534665e-28 1.582950e-10 4.277046e-24 1.065568e-25 1.452832e-09 2.119780e-14 2.620951e-10 3.596928e-05 3.610570e-02 6.459029e-24 3.626133e-10 1.157139e-20 4.309227e-16 4.981623e-12 2.390016e-11 1.947907e-01 1.885452e-15 2.431436e-16 2.455963e-18 1.457415e-12 2.843738e-16 1.637563e-16 1.369073e-21 3.070717e-31 1.280680e-10 3.209892e-16 7.599208e-01 1.120433e-09 3.829138e-07 4.449325e-20 1.253146e-17 2.970237e-20 3.745455e-20 8.221093e-12 2.508214e-16 4.040114e-12 1.041355e-08 3.152730e-07 4.615693e-17 1.395997e-18 6.866144e-19 2.385465e-14 3.332718e-12 7.307880e-09 8.520442e-16 6.878612e-09 5.302487e-10 4.149419e-20 5.320547e-13 2.041763e-21 6.900404e-12 3.071986e-16 6.169782e-14 9.764574e-11 9.092996e-33 2.232691e-10 8.788308e-26 6.648089e-15 4.831003e-17 1.917436e-09 1.850346e-24 1.323064e-29 4.227599e-31 1.552262e-23 5.981303e-09 1.162110e-13 6.831962e-21 5.910291e-10 4.776376e-12 2.371191e-15 3.969050e-11 1.731897e-14 2.011828e-15 1.722668e-13 6.352908e-13 8.175881e-16 1.333892e-13 2.125390e-12 1.053730e-16 4.397301e-17 6.358204e-16 7.472187e-22 6.568266e-33 1.112268e-20 5.842694e-21 1.570169e-49 0.000000e+00 6.173724e-10 7.824112e-12 9.090546e-03
3.666242e-04 3.388482e-12 6.484285e-06 1.711749e-06 5.477911e-14 4.106992e-13 6.330772e-23 4.736738e-33 1.863574e-22 4.515769e-14 4.517238e-05 2.094499e-28 1.740840e-10 5.601338e-24 1.525658e-25 1.539771e-09 2.256062e-14 2.756848e-10 3.845517e-05 3.610007e-02 8.819557e-24 3.922662e-10 1.538857e-20 5.229634e-16 5.486043e-12 2.371585e-11 1.947875e-01 1.997111e-15 2.382873e-16 2.278456e-18 1.920134e-12 3.420700e-16 2.428757e-16 1.746929e-21 3.826412e-31 1.330509e-10 3.681831e-16 7.599278e-01 1.096588e-09 3.802920e-07 4.285248e-20 1.560488e-17 2.774249e-20 3.745262e-20 7.543902e-12 2.838470e-16 4.305553e-12 1.165842e-08 3.137912e-07 4.909012e-17 1.381457e-18 7.207860e-19 2.522544e-14 3.803261e-12 9.634463e-09 1.079521e-15 6.898356e-09 5.165413e-10 5.300231e-20 5.994277e-13 2.667765e-21 8.049331e-12 2.910861e-16 7.038996e-14 1.027315e-10 5.287834e-33 2.215562e-10 7.390024e-26 7.183651e-15 4.305159e-17 1.983884e-09 1.302687e-24 1.320071e-29 1.007973e-30 1.302521e-23 6.791069e-09 1.362352e-13 7.866130e-21 5.149973e-10 4.792725e-12 2.514785e-15 3.967681e-11 1.533137e-14 2.133855e-15 1.720077e-13 7.272813e-13 9.472058e-16 1.432882e-13 2.254856e-12 1.097192e-16 4.568458e-17 6.783822e-16 7.962463e-22 6.311020e-33 1.653509e-20 6.747910e-21 1.942012e-49 0.000000e+00 7.056983e-10 7.915493e-12 9.089980e-03
3.183230e-04 4.170996e-12 6.863797e-06 1.659457e-06 8.209419e-14 6.125251e-13 7.492188e-23 4.973316e-33 2.306604e-22 4.657916e-14 4.483091e-05 2.863327e-28 1.922292e-10 7.350959e-24 2.186022e-25 1.638889e-09 2.354508e-14 2.911086e-10 4.129892e-05 3.609364e-02 1.207203e-23 4.321084e-10 2.077287e-20 6.301368e-16 6.079243e-12 2.343764e-11 1.947837e-01 2.124245e-15 2.348399e-16 2.088198e-18 2.526059e-12 4.149761e-16 3.539929e-16 2.247265e-21 4.709591e-31 1.387230e-10 4.205717e-16 7.599358e-01 1.072531e-09 3.773209e-07 4.136116e-20 1.974514e-17 2.565822e-20 3.740465e-20 6.777967e-12 3.235356e-16 4.608442e-12 1.305957e-08 3.121111e-07 5.243071e-17 1.346131e-18 7.579711e-19 2.678501e-14 4.353618e-12 1.333627e-08 1.370457e-15 6.931266e-09 5.013461e-10 6.804466e-20 6.788103e-13 3.509938e-21 9.432185e-12 2.708863e-16 8.111764e-14 1.075231e-10 3.016933e-33 2.196885e-10 6.197534e-26 7.680137e-15 3.779630e-17 2.053947e-09 8.928361e-25 1.316877e-29 2.488507e-30 1.060384e-23 7.750802e-09 1.607263e-13 9.088288e-21 4.352167e-10 4.811789e-12 2.678267e-15 3.966145e-11 1.324283e-14 2.272787e-15 1.686909e-13 8.207130e-13 1.103151e-15 1.548408e-13 2.402275e-12 1.143919e-16 4.787070e-17 7.268457e-16 8.520650e-22 6.022658e-33 2.578385e-20 7.710443e-21 2.274405e-49 0.000000e+00 8.047916e-10 8.010259e-12 9.089337e-03
2.763852e-04 5.117006e-12 7.294977e-06 1.600139e-06 1.228015e-13 9.530683e-13 8.856592e-23 4.979646e-33 2.858581e-22 4.742921e-14 4.444341e-05 3.922129e-28 2.130157e-10 9.663165e-24 3.137064e-25 1.751650e-09 2.401854e-14 3.085873e-10 4.454451e-05 3.608631e-02 1.657502e-23 4.863964e-10 2.859326e-20 7.562510e-16 6.775331e-12 2.305194e-11 1.947795e-01 2.268656e-15 2.335366e-16 1.896344e-18 3.322328e-12 5.071905e-16 5.071794e-16 2.912931e-21 5.737472e-31 1.451647e-10 4.787416e-16 7.599449e-01 1.048247e-09 3.739483e-07 4.005878e-20 2.534099e-17 2.344735e-20 3.730752e-20 5.925439e-12 3.713500e-16 4.953215e-12 1.464806e-08 3.102096e-07 5.622631e-17 1.287170e-18 7.980238e-19 2.855538e-14 4.994981e-12 1.935704e-08 1.745215e-15 6.978915e-09 4.849923e-10 8.780517e-20 7.719862e-13 4.658742e-21 1.111749e-11 2.466155e-16 9.488967e-14 1.116133e-10 1.695641e-33 2.176482e-10 5.184591e-26 8.067001e-15 3.266662e-17 2.126760e-09 5.904884e-25 1.313459e-29 6.289281e-30 8.302691e-24 8.885675e-09 1.910279e-13 1.053506e-20 3.528676e-10 4.836975e-12 2.863944e-15 3.964423e-11 1.108117e-14 2.430590e-15 1.621976e-13 9.126641e-13 1.291042e-15 1.683112e-13 2.569738e-12 1.194038e-16 5.060391e-17 7.818982e-16 9.154628e-22 5.700644e-33 4.216495e-20 8.723215e-21 2.538806e-49 0.000000e+00 9.159302e-10 8.108742e-12 9.088608e-03
2.399726e-04 6.252910e-12 7.783681e-06 1.532887e-06 1.830550e-13 1.569871e-12 1.045822e-22 4.700820e-33 3.557558e-22 4.747770e-14 4.400470e-05 5.386018e-28 2.367519e-10 1.271322e-23 4.503427e-25 1.879664e-09 2.381322e-14 3.283592e-10 4.823975e-05 3.607799e-02 2.280717e-23 5.609665e-10 4.022846e-20 9.055772e-16 7.590367e-12 2.254631e-11 1.947747e-01 2.432290e-15 2.352979e-16 1.701113e-18 4.363199e-12 6.239684e-16 7.142294e-16 3.807530e-21 6.883768e-31 1.524625e-10 5.429859e-16 7.599552e-01 1.023708e-09 3.700605e-07 3.898984e-20 3.312883e-17 2.111010e-20 3.715870e-20 4.996199e-12 4.292256e-16 5.344664e-12 1.651545e-08 3.080621e-07 6.052825e-17 1.203170e-18 8.406907e-19 3.056035e-14 5.739597e-12 2.921260e-08 2.231191e-15 7.042924e-09 4.677193e-10 1.139287e-19 8.809280e-13 6.210553e-21 1.312238e-11 2.183936e-16 1.127558e-13 1.143818e-10 9.339205e-34 2.154155e-10 4.326985e-26 8.240695e-15 2.766731e-17 2.200914e-09 3.733272e-25 1.309794e-29 1.617084e-29 6.172728e-24 1.022457e-08 2.288885e-13 1.225829e-20 2.699412e-10 4.871876e-12 3.074304e-15 3.962495e-11 8.889656e-15 2.609385e-15 1.522031e-13 1.000286e-12 1.517372e-15 1.840043e-13 2.759501e-12 1.247648e-16 5.396452e-17 8.442807e-16 9.872895e-22 5.342747e-33 7.171713e-20 9.748324e-21 2.665230e-49 0.000000e+00 1.039781e-09 8.211222e-12 9.087786e-03
2.083571e-04 7.603725e-12 8.336011e-06 1.456638e-06 2.713364e-13 2.788165e-12 1.233644e-22 4.148570e-33 4.480049e-22 4.635729e-14 4.350935e-05 7.417801e-28 2.637614e-10 1.672709e-23 6.456012e-25 2.024650e-09 2.276229e-14 3.506730e-10 5.243494e-05 3.606855e-02 3.140744e-23 6.637417e-10 5.790618e-20 1.087565e-15 8.542248e-12 2.191027e-11 1.947692e-01 2.617167e-15 2.412170e-16 1.497873e-18 5.714468e-12 7.720063e-16 9.885250e-16 5.021206e-21 8.112083e-31 1.607067e-10 6.139564e-16 7.599668e-01 9.988844e-10 3.653612e-07 3.820342e-20 4.424981e-17 1.865302e-20 3.695636e-20 4.013429e-12 4.997628e-16 5.787784e-12 1.893569e-08 3.056429e-07 6.538997e-17 1.094847e-18 8.856065e-19 3.282468e-14 6.600369e-12 4.519626e-08 2.865664e-15 7.124768e-09 4.496593e-10 1.487589e-19 1.007717e-12 8.144214e-21 1.523215e-11 1.865725e-16 1.345286e-13 1.149373e-10 5.044616e-34 2.129702e-10 3.602984e-26 8.060879e-15 2.273675e-17 2.274155e-09 2.222581e-25 1.305854e-29 4.211756e-29 4.274047e-24 1.179991e-08 2.763719e-13 1.430713e-20 1.897738e-10 4.919989e-12 3.311925e-15 3.960340e-11 6.734379e-15 2.811374e-15 1.382427e-13 1.081021e-12 1.789580e-15 2.022656e-13 2.973912e-12 1.304781e-16 5.803956e-17 9.147628e-16 1.068427e-21 4.947592e-33 1.250646e-19 1.072136e-20 2.603997e-49 0.000000e+00 1.176996e-09 8.317865e-12 9.086859e-03
1.809069e-04 9.206491e-12 8.958835e-06 1.369978e-06 4.001684e-13 5.466697e-12 1.453245e-22 3.524794e-33 5.859463e-22 4.417715e-14 4.295133e-05 1.024190e-27 2.944065e-10 2.201538e-23 9.242355e-25 2.188628e-09 2.073112e-14 3.758075e-10 5.718672e-05 3.605788e-02 4.326917e-23 8.054900e-10 8.539707e-20 1.331880e-15 9.651761e-12 2.113536e-11 1.947630e-01 2.825551e-15 2.524458e-16 1.296453e-18 7.479689e-12 9.599930e-16 1.345306e-15 6.664261e-21 9.735780e-31 1.699982e-10 6.946211e-16 7.599799e-01 9.737189e-10 3.591938e-07 3.774889e-20 5.973657e-17 1.609302e-20 3.669897e-20 3.020643e-12 5.866101e-16 6.288174e-12 2.254147e-08 3.029229e-07 7.087130e-17 9.656180e-19 9.323712e-19 3.537615e-14 7.591399e-12 7.046477e-08 3.698353e-15 7.225300e-09 4.308640e-10 1.957464e-19 1.154543e-12 9.977643e-21 1.664847e-11 1.519623e-16 1.564889e-13 1.122055e-10 2.765374e-34 2.102888e-10 2.992763e-26 7.368080e-15 1.783776e-17 2.343168e-09 1.210618e-25 1.301610e-29 1.102236e-28 2.674512e-24 1.364944e-08 3.356771e-13 1.666066e-20 1.175310e-10 4.984636e-12 3.579692e-15 3.957934e-11 4.710619e-15 3.039023e-15 1.201221e-13 1.153012e-12 2.116676e-15 2.235029e-13 3.215598e-12 1.365453e-16 6.292665e-17 9.942067e-16 1.159866e-21 4.515117e-33 2.199567e-19 1.161502e-20 2.444700e-49 0.000000e+00 1.330319e-09 8.429063e-12 9.085816e-03
1.570732e-04 1.106078e-11 9.660263e-06 1.273005e-06 5.841525e-13 1.180855e-11 1.709918e-22 2.912962e-33 8.321446e-22 4.160231e-14 4.232345e-05 1.417810e-27 3.291140e-10 2.898309e-23 1.316168e-24 2.374169e-09 1.760276e-14 4.040924e-10 6.256195e-05 3.604582e-02 5.939729e-23 1.000740e-09 1.286579e-19 1.705577e-15 1.094380e-11 2.021560e-11 1.947561e-01 3.060115e-15 2.696941e-16 1.120558e-18 9.761184e-12 1.199334e-15 1.800129e-15 8.896034e-21 1.763172e-30 1.804562e-10 7.888409e-16 7.599948e-01 9.481157e-10 3.505864e-07 3.766678e-20 8.116312e-17 1.346965e-20 3.638424e-20 2.092528e-12 6.949928e-16 6.852442e-12 2.827741e-08 2.998681e-07 7.704293e-17 8.223394e-19 9.806372e-19 3.824760e-14 8.728292e-12 1.085419e-07 4.788879e-15 7.343718e-09 4.115221e-10 2.602864e-19 1.323603e-12 1.044953e-20 1.578468e-11 1.162088e-16 1.700453e-13 1.054174e-10 1.584139e-34 2.073430e-10 2.478549e-26 6.066049e-15 1.303397e-17 2.403430e-09 5.838386e-26 1.297026e-29 2.835004e-28 1.446606e-24 1.581826e-08 4.091191e-13 1.922842e-20 6.006229e-11 5.069035e-12 3.881007e-15 3.955247e-11 2.950768e-15 3.295244e-15 9.857421e-14 1.215515e-12 2.509663e-15 2.482131e-13 3.487662e-12 1.429688e-16 6.873862e-17 1.083630e-15 1.262774e-21 4.048035e-33 3.824671e-19 1.243813e-20 2.221704e-49 0.000000e+00 1.480520e-09 8.545335e-12 9.084640e-03
1.363794e-04 1.304347e-11 1.044930e-05 1.171775e-06 8.328861e-13 2.612515e-11 2.019077e-22 2.334781e-33 1.319007e-21 4.062676e-14 4.161776e-05 1.968733e-27 3.683591e-10 3.814977e-23 1.844411e-24 2.584600e-09 1.363641e-14 4.358935e-10 6.863511e-05 3.603222e-02 8.034640e-23 1.268656e-09 1.956939e-19 2.346593e-15 1.244694e-11 1.914879e-11 1.947482e-01 3.323823e-15 2.918422e-16 1.017757e-18 1.255681e-11 1.504691e-15 2.369631e-15 1.195412e-20 1.401949e-29 1.922130e-10 8.998917e-16 7.600115e-01 9.219643e-10 3.390824e-07 3.797183e-20 1.111716e-16 1.087086e-20 3.600831e-20 1.337076e-12 8.322338e-16 7.487921e-12 3.657249e-08 2.964403e-07 8.398321e-17 6.767320e-19 1.030166e-18 4.147546e-14 1.002696e-11 1.612120e-07 6.165227e-15 7.475904e-09 3.923549e-10 3.503949e-19 1.516626e-12 8.631095e-21 1.144900e-11 8.221309e-17 1.612463e-13 9.502061e-11 9.309071e-35 2.041013e-10 2.045632e-26 4.302812e-15 8.660097e-18 2.449572e-09 2.421579e-26 1.292060e-29 6.845332e-28 6.421814e-25 1.835827e-08 4.995921e-13 2.173966e-20 2.344542e-11 5.176256e-12 4.219630e-15 3.952247e-11 1.611152e-15 3.583262e-15 7.585727e-14 1.269008e-12 2.983013e-15 2.769760e-13 3.793543e-12 1.497460e-16 7.560189e-17 1.184159e-15 1.378449e-21 3.555510e-33 6.412358e-19 1.336936e-20 1.918017e-49 0.000000e+00 1.561302e-09 8.667043e-12 9.083318e-03
1.184120e-04 1.506633e-11 1.133613e-05 1.073341e-06 1.159727e-12 5.129440e-11 2.523174e-22 1.949638e-33 2.186249e-21 4.362895e-14 4.082530e-05 2.742041e-27 4.126767e-10 5.022065e-23 2.541275e-24 2.824565e-09 9.973411e-15 4.716209e-10 7.548983e-05 3.601687e-02 1.067972e-22 1.633735e-09 2.969800e-19 3.433591e-15 1.419363e-11 1.793629e-11 1.947394e-01 3.620006e-15 3.138466e-16 1.023285e-18 1.584521e-11 1.894436e-15 3.085633e-15 1.614409e-20 2.131389e-28 2.054177e-10 1.028935e-15 7.600303e-01 8.951344e-10 3.264387e-07 3.864226e-20 1.525960e-16 8.445767e-21 3.556546e-20 8.462338e-13 1.008248e-15 8.202864e-12 4.563972e-08 2.925967e-07 9.178024e-17 5.436576e-19 1.080954e-18 4.510065e-14 1.150432e-11 2.249713e-07 7.818420e-15 7.614249e-09 3.751712e-10 4.752900e-19 1.734725e-12 6.229378e-21 5.795108e-12 5.365043e-17 1.228862e-13 8.285685e-11 5.259293e-35 2.005280e-10 1.682419e-26 2.572768e-15 5.236559e-18 2.478308e-09 8.068499e-27 1.286666e-29 1.460678e-27 2.248467e-25 2.132842e-08 6.139056e-13 2.393717e-20 6.917594e-12 5.309070e-12 4.599784e-15 3.948897e-11 7.807486e-16 3.906700e-15 5.505356e-14 1.315109e-12 3.558854e-15 3.104564e-13 4.137109e-12 1.568692e-16 8.365905e-17 1.297062e-15 1.508351e-21 3.056434e-33 1.010403e-18 1.522521e-20 1.600645e-49 0.000000e+00 1.560122e-09 8.794563e-12 9.081829e-03
1.028117e-04 1.763727e-11 1.233303e-05 9.827722e-07 1.640391e-12 8.478043e-11 5.108588e-22 2.662598e-33 3.786559e-21 5.164927e-14 3.993526e-05 3.830531e-27 4.627086e-10 6.615452e-23 3.569389e-24 3.100470e-09 7.631123e-15 5.117651e-10 8.322598e-05 3.599958e-02 1.442139e-22 2.127316e-09 4.573888e-19 5.109591e-15 1.622185e-11 1.658109e-11 1.947294e-01 3.952675e-15 3.275891e-16 1.130155e-18 2.022299e-11 2.391489e-15 4.009744e-15 2.191920e-20 3.660170e-27 2.202499e-10 1.174841e-15 7.600514e-01 8.674523e-10 3.154881e-07 3.967918e-20 2.085254e-16 6.341105e-21 3.504811e-20 6.071279e-13 1.236354e-15 9.007200e-12 5.260700e-08 2.882855e-07 1.005400e-16 4.329817e-19 1.133279e-18 4.917241e-14 1.318272e-11 2.923546e-07 9.985798e-15 7.751725e-09 3.628295e-10 6.446278e-19 1.979315e-12 5.152211e-21 2.250385e-12 3.268791e-17 8.332206e-14 7.056732e-11 2.934730e-35 1.965797e-10 1.379137e-26 1.330519e-15 2.957934e-18 2.493220e-09 0.000000e+00 1.280788e-29 2.686311e-27 4.340090e-26 2.479775e-08 7.660595e-13 2.650553e-20 1.721968e-12 5.469843e-12 5.026541e-15 3.945151e-11 3.679111e-16 4.269920e-15 3.821734e-14 1.356124e-12 4.270423e-15 3.494393e-13 4.523018e-12 1.643299e-16 9.307778e-17 1.423864e-15 1.654238e-21 2.574066e-33 1.483913e-18 2.488787e-20 1.375571e-49 0.000000e+00 1.498236e-09 8.928405e-12 9.080148e-03
8.926665e-05 2.141461e-11 1.345448e-05 9.026152e-07 2.415670e-12 1.260081e-10 3.654563e-21 1.298471e-32 1.133916e-20 6.537111e-14 3.893489e-05 5.370761e-27 5.192140e-10 8.724067e-23 5.242217e-24 3.420120e-09 6.481789e-15 5.569029e-10 9.196205e-05 3.598006e-02 2.024184e-22 2.793118e-09 7.278483e-19 7.645674e-15 1.857797e-11 1.508731e-11 1.947182e-01 4.326565e-15 3.267372e-16 1.329696e-18 2.671442e-11 3.026463e-15 5.219651e-15 3.097580e-20 6.364276e-26 2.369218e-10 1.338448e-15 7.600752e-01 8.387085e-10 3.065428e-07 4.120735e-20 2.833641e-16 4.619816e-21 3.444761e-20 5.416968e-13 1.536033e-15 9.912648e-12 5.711259e-08 2.834457e-07 1.103876e-16 3.463893e-19 1.187452e-18 5.374878e-14 1.509110e-11 3.588357e-07 1.311788e-14 7.885319e-09 3.579936e-10 8.851251e-19 2.252920e-12 5.182800e-21 8.644546e-13 1.881868e-17 6.386132e-14 5.879375e-11 1.838965e-35 1.922050e-10 1.126623e-26 6.210902e-16 1.592829e-18 2.500928e-09 0.000000e+00 1.274362e-29 4.412912e-27 0.000000e+00 2.885005e-08 9.729814e-13 3.028541e-20 4.452107e-13 5.660320e-12 5.505874e-15 3.940958e-11 1.921747e-16 4.678068e-15 2.570000e-14 1.394234e-12 5.164408e-15 3.948984e-13 4.956763e-12 1.721154e-16 1.040524e-16 1.566362e-15 1.818182e-21 2.125248e-33 2.059970e-18 1.258818e-19 1.291582e-49 0.000000e+00 1.403648e-09 9.068960e-12 9.078250e-03
7.750613e-05 2.717550e-11 1.471805e-05 8.338455e-07 3.726270e-12 1.791217e-10 4.245441e-20 1.079251e-31 8.767899e-20 9.004933e-14 3.780876e-05 7.567156e-27 5.831150e-10 1.158058e-22 8.152621e-24 3.792873e-09 6.125190e-15 6.077300e-10 1.018429e-04 3.595802e-02 2.974028e-22 3.696762e-09 1.210661e-18 1.216101e-14 2.132179e-11 1.346027e-11 1.947056e-01 4.747387e-15 3.085345e-16 1.703168e-18 3.696074e-11 3.843382e-15 6.805601e-15 5.840325e-20 9.325408e-25 2.556895e-10 1.529657e-15 7.601021e-01 8.086451e-10 2.976787e-07 4.349955e-20 3.768077e-16 3.270611e-21 3.375394e-20 6.322476e-13 1.938659e-15 1.093334e-11 6.101928e-08 2.780037e-07 1.214741e-16 2.807266e-19 1.243661e-18 5.889976e-14 1.726450e-11 4.242800e-07 1.791436e-14 8.014949e-09 3.629368e-10 1.394328e-18 2.559104e-12 5.759005e-21 4.350386e-13 1.028983e-17 5.915915e-14 4.767977e-11 1.469218e-35 1.873420e-10 9.162564e-27 2.733787e-16 8.171044e-19 2.505336e-09 0.000000e+00 1.267308e-29 6.824853e-27 0.000000e+00 3.359234e-08 1.251530e-12 3.584647e-20 1.563496e-13 5.881543e-12 6.044969e-15 3.936254e-11 1.245398e-16 5.137348e-15 1.692136e-14 1.431214e-12 6.311817e-15 4.481180e-13 5.444975e-12 1.802079e-16 1.168107e-16 1.726727e-15 2.002679e-21 1.718457e-33 2.761455e-18 1.225427e-18 1.787557e-49 0.000000e+00 1.297477e-09 9.216759e-12 9.076098e-03
6.729501e-05 3.774798e-11 1.614497e-05 7.762857e-07 6.265017e-12 2.488744e-10 4.233545e-19 8.046834e-31 8.105828e-19 1.632789e-13 3.653820e-05 1.083247e-26 6.555368e-10 1.603964e-22 1.429856e-23 4.230301e-09 6.572219e-15 6.650885e-10 1.130465e-04 3.593308e-02 4.792016e-22 4.939564e-09 2.208945e-18 2.602749e-14 2.453232e-11 1.170811e-11 1.946914e-01 5.222052e-15 2.717953e-16 2.865956e-18 5.630025e-11 4.908298e-15 8.869679e-15 2.407001e-19 1.055247e-23 2.768627e-10 1.765557e-15 7.601324e-01 7.769490e-10 2.860274e-07 4.698662e-20 4.886533e-16 2.247002e-21 3.295407e-20 1.061194e-12 2.497978e-15 1.208636e-11 6.712076e-08 2.718703e-07 1.339827e-16 2.309556e-19 1.301866e-18 6.470995e-14 1.974367e-11 4.914235e-07 2.689250e-14 8.140489e-09 3.802304e-10 3.949048e-18 2.901679e-12 6.616225e-21 3.054059e-13 5.351412e-18 5.934520e-14 3.722096e-11 1.614102e-35 1.819153e-10 7.403419e-27 1.208393e-16 3.876653e-19 2.507789e-09 0.000000e+00 1.259533e-29 1.037102e-26 0.000000e+00 3.916434e-08 1.617899e-12 4.608998e-20 8.104524e-14 6.133746e-12 6.652489e-15 3.930964e-11 1.048486e-16 5.655264e-15 1.111529e-14 1.468489e-12 7.831092e-15 5.108393e-13 5.995672e-12 1.885826e-16 1.316171e-16 1.907581e-15 2.210746e-21 1.356832e-33 3.647055e-18 1.079471e-17 6.225985e-49 0.000000e+00 1.193989e-09 9.372135e-12 9.073653e-03
5.842916e-05 6.233297e-11 1.775968e-05 7.294958e-07 1.236801e-11 3.412566e-10 3.286058e-18 4.870564e-30 6.148772e-18 4.956621e-13 3.510177e-05 1.664457e-26 7.378002e-10 2.756360e-22 3.197529e-23 4.746216e-09 8.336882e-15 7.299440e-10 1.257863e-04 3.590477e-02 9.203890e-22 6.689806e-09 4.837380e-18 9.798923e-14 2.832008e-11 9.848747e-12 1.946753e-01 5.758481e-15 2.180948e-16 8.033698e-18 1.029095e-10 6.332835e-15 1.158177e-14 1.497560e-18 9.164398e-23 3.007940e-10 2.081711e-15 7.601667e-01 7.432723e-10 2.687611e-07 5.237178e-20 6.124673e-16 1.489959e-21 3.203057e-20 2.508103e-12 3.316651e-15 1.339110e-11 7.816541e-08 2.649433e-07 1.481245e-16 1.920167e-19 1.361380e-18 7.127579e-14 2.257175e-11 5.659665e-07 4.865075e-14 8.254617e-09 4.122192e-10 2.177611e-17 3.281172e-12 7.713700e-21 2.687442e-13 2.640198e-18 5.927739e-14 2.746354e-11 2.665456e-35 1.758395e-10 5.922533e-27 5.946732e-17 1.594360e-19 2.508515e-09 0.000000e+00 1.250935e-29 1.601663e-26 0.000000e+00 4.575705e-08 2.076214e-12 6.995014e-20 5.666224e-14 6.416054e-12 7.338304e-15 3.925005e-11 1.129604e-16 6.240407e-15 7.743090e-15 1.507015e-12 9.940381e-15 5.855558e-13 6.618040e-12 1.971960e-16 1.487583e-16 2.111926e-15 2.445836e-21 1.039945e-33 4.904283e-18 7.427925e-17 4.084144e-48 0.000000e+00 1.098593e-09 9.535035e-12 9.070873e-03
5.073136e-05 1.200121e-10 1.959106e-05 6.931280e-07 2.808016e-11 4.785151e-10 1.994545e-17 2.445200e-29 3.672444e-17 1.944622e-12 3.347427e-05 3.255972e-26 8.315303e-10 7.908728e-22 9.271965e-23 5.355683e-09 1.176692e-14 8.034314e-10 1.403380e-04 3.587257e-02 2.070347e-21 9.263290e-09 1.275990e-17 4.852633e-13 3.287148e-11 7.929133e-12 1.946570e-01 6.366019e-15 1.579727e-16 2.964187e-17 2.213906e-10 8.350851e-15 1.546906e-14 8.353838e-18 6.245090e-22 3.278869e-10 2.532931e-15 7.602055e-01 7.072145e-10 2.464068e-07 6.099116e-20 7.243211e-16 9.397364e-22 3.095792e-20 6.558283e-12 4.627662e-15 1.486944e-11 9.355296e-08 2.571020e-07 1.641511e-16 1.594311e-19 1.419811e-18 7.870765e-14 2.579014e-11 6.588206e-07 1.035825e-13 8.326616e-09 4.589194e-10 1.325748e-16 3.685286e-12 9.202401e-21 2.545755e-13 1.210822e-18 5.946037e-14 1.868126e-11 6.186705e-35 1.690140e-10 4.661389e-27 3.507222e-17 5.236018e-20 2.507280e-09 0.000000e+00 1.241394e-29 2.597908e-26 0.000000e+00 5.367755e-08 2.587506e-12 1.226121e-19 4.326450e-14 6.726431e-12 8.113971e-15 3.918283e-11 1.400429e-16 6.902887e-15 6.504150e-15 1.547003e-12 1.306026e-14 6.764428e-13 7.322874e-12 2.059841e-16 1.685309e-16 2.343298e-15 2.712004e-21 7.642120e-34 7.266980e-18 3.986398e-16 2.996946e-47 0.000000e+00 1.012796e-09 9.705187e-12 9.067701e-03
4.404770e-05 2.379952e-10 2.167389e-05 6.670191e-07 6.580451e-11 7.544121e-10 9.675096e-17 1.053979e-28 1.755128e-16 7.533958e-12 3.162577e-05 9.605001e-26 9.387537e-10 3.330496e-21 3.073883e-22 6.068937e-09 1.561309e-14 8.869046e-10 1.570881e-04 3.583574e-02 4.838729e-21 1.324755e-08 3.638217e-17 2.222766e-12 3.853831e-11 6.044605e-12 1.946363e-01 7.055968e-15 1.108963e-16 1.077077e-16 4.887066e-10 1.149006e-14 2.222708e-14 3.814576e-17 3.434505e-21 3.585768e-10 3.153753e-15 7.602496e-01 6.683077e-10 2.263145e-07 7.546897e-20 7.893986e-16 5.467691e-22 2.969785e-20 1.509252e-11 7.011731e-15 1.654373e-11 1.058872e-07 2.482009e-07 1.823702e-16 1.274462e-19 1.471427e-18 8.712435e-14 2.942992e-11 7.880445e-07 2.211987e-13 8.276014e-09 5.172199e-10 6.965138e-16 4.069665e-12 1.170557e-20 2.058140e-13 4.849142e-19 6.442778e-14 1.138771e-11 1.620609e-34 1.613188e-10 3.569127e-27 2.175674e-17 1.297062e-20 2.503625e-09 0.000000e+00 1.230768e-29 4.555524e-26 0.000000e+00 6.345999e-08 3.028458e-12 2.188660e-19 2.416385e-14 7.061601e-12 8.993274e-15 3.910693e-11 1.662305e-16 7.654820e-15 6.717314e-15 1.587239e-12 1.793553e-14 7.907602e-13 8.123041e-12 2.148598e-16 1.911991e-16 2.605945e-15 3.014065e-21 5.250583e-34 1.347677e-17 1.704134e-15 2.013591e-46 0.000000e+00 9.361103e-10 9.882082e-12 9.064070e-03
3.824460e-05 4.712693e-10 2.404787e-05 2.467678e-06 1.580746e-10 1.491841e-09 3.837291e-16 3.926422e-28 6.392545e-16 2.876411e-11 2.952338e-05 3.686186e-25 1.061634e-09 1.451566e-20 1.060048e-21 6.871115e-09 1.748197e-14 9.818342e-10 1.765775e-04 3.579331e-02 1.146510e-20 1.951212e-08 1.072198e-16 8.817190e-12 4.592090e-11 4.326439e-12 1.946125e-01 7.841515e-15 8.902791e-17 3.639847e-16 1.042379e-09 1.674710e-14 3.595104e-14 1.485639e-16 1.572637e-20 3.932062e-10 3.945306e-15 7.602984e-01 6.260456e-10 2.175699e-07 1.002726e-19 7.848820e-16 2.793263e-22 2.819894e-20 2.726279e-11 1.184824e-14 1.842751e-11 1.060786e-07 2.380729e-07 2.031337e-16 9.034078e-20 1.506199e-18 9.660852e-14 3.349376e-11 9.751233e-07 4.344970e-13 7.967087e-09 5.832436e-10 3.016194e-15 4.345186e-12 1.744266e-20 1.173410e-13 1.495200e-19 8.307305e-14 6.020798e-12 4.322642e-34 1.526191e-10 2.608034e-27 1.060233e-17 2.312608e-21 2.497154e-09 0.000000e+00 1.218897e-29 8.661049e-26 0.000000e+00 7.592334e-08 3.163902e-12 3.865603e-19 6.889957e-15 7.416521e-12 9.991764e-15 3.902121e-11 1.647446e-16 8.509840e-15 6.625412e-15 1.623725e-12 2.521799e-14 9.387690e-13 9.032848e-12 2.236989e-16 2.168527e-16 2.904739e-15 3.357185e-21 3.219924e-34 3.256567e-17 5.472470e-15 1.227979e-45 0.000000e+00 8.656802e-10 1.006455e-11 9.059893e-03
3.320603e-05 8.905874e-10 2.675565e-05 4.499227e-06 3.797232e-10 3.741627e-09 1.277561e-15 1.289353e-27 1.986892e-15 9.699901e-11 2.713600e-05 1.447063e-24 1.201411e-09 5.703861e-20 3.493033e-21 7.679218e-09 1.569630e-14 1.088556e-09 1.995839e-04 3.574410e-02 2.626321e-20 2.885005e-08 3.027293e-16 2.603150e-11 5.548085e-11 2.935379e-12 1.945855e-01 8.737705e-15 9.326667e-17 9.849355e-16 1.997701e-09 2.505769e-14 6.509944e-14 5.154311e-16 6.140846e-20 4.317062e-10 4.840137e-15 7.603538e-01 5.799444e-10 2.243766e-07 1.417449e-19 7.206775e-16 1.205956e-22 2.640150e-20 3.339680e-11 2.180142e-14 2.050830e-11 8.994215e-08 2.265391e-07 2.267754e-16 5.308635e-20 1.510554e-18 1.070401e-13 3.791288e-11 1.232378e-06 7.179021e-13 7.253186e-09 6.505948e-10 1.075410e-14 4.400871e-12 3.300427e-20 4.186099e-14 2.912089e-20 1.417082e-13 2.690837e-12 1.186923e-33 1.427782e-10 1.762799e-27 3.065318e-18 2.916195e-22 2.487838e-09 2.518631e-26 1.205607e-29 1.840032e-25 1.484451e-25 9.202029e-08 3.265580e-12 6.462825e-19 8.608217e-16 7.783702e-12 1.112570e-14 3.892469e-11 1.256095e-16 9.481469e-15 4.503174e-15 1.649308e-12 3.597616e-14 1.130431e-12 1.006650e-11 2.323281e-16 2.451999e-16 3.244889e-15 3.745540e-21 1.628647e-34 9.040964e-17 1.493208e-14 6.734847e-45 0.000000e+00 7.972151e-10 1.025071e-11 9.055102e-03
2.883127e-05 1.629418e-09 2.984047e-05 6.763433e-06 9.241906e-10 1.043580e-08 3.632609e-15 3.839576e-27 5.350376e-15 2.386037e-10 2.444161e-05 5.204334e-24 1.355271e-09 1.971848e-19 1.049641e-20 8.291861e-09 1.241580e-14 1.195605e-09 2.272281e-04 3.568644e-02 5.547624e-20 4.114553e-08 7.957156e-16 4.772864e-11 6.391754e-11 2.007793e-12 1.945553e-01 9.762053e-15 1.140201e-16 1.775977e-15 3.444672e-09 3.359324e-14 1.258375e-13 1.557238e-15 2.083071e-19 4.728132e-10 5.778887e-15 7.604167e-01 5.295994e-10 2.390531e-07 2.032956e-19 6.042304e-16 4.871166e-23 2.425006e-20 2.400444e-11 3.745366e-14 2.270515e-11 6.507168e-08 2.134161e-07 2.533847e-16 2.649040e-20 1.472930e-18 1.176715e-13 4.248153e-11 1.528889e-06 1.017752e-12 6.106425e-09 7.081293e-10 3.255850e-14 4.189931e-12 7.503208e-20 1.014553e-14 2.988712e-21 3.152249e-13 1.008095e-12 3.398822e-33 1.316725e-10 1.051607e-27 5.154924e-19 2.584692e-23 2.476203e-09 2.897523e-24 1.190701e-29 4.201512e-25 2.919785e-24 1.121400e-07 3.482358e-12 1.036245e-18 6.284880e-17 2.307000e-11 1.241015e-14 3.881644e-11 8.193855e-17 1.057885e-14 1.713336e-15 1.660333e-12 5.042285e-14 1.361378e-12 1.123502e-11 2.405227e-16 2.751951e-16 3.631308e-15 4.180252e-21 6.052181e-35 2.519308e-16 3.509557e-14 3.336835e-44 0.000000e+00 7.259449e-10 1.043816e-11 9.049589e-03
2.503286e-05 2.947602e-09 3.333907e-05 9.224331e-06 2.308066e-09 2.796095e-08 8.940577e-15 1.042115e-26 1.254185e-14 3.587378e-10 2.144238e-05 1.629388e-23 1.509726e-09 5.987708e-19 2.772101e-20 8.405926e-09 9.698429e-15 1.246639e-09 2.611450e-04 3.561804e-02 9.657944e-20 5.465804e-08 1.917763e-15 4.730545e-11 6.144350e-11 1.479629e-12 1.945219e-01 1.093421e-14 1.340168e-16 1.797274e-15 5.374093e-09 3.278864e-14 2.493896e-13 3.952633e-15 6.207080e-19 5.125377e-10 6.543302e-15 7.604879e-01 4.748483e-10 2.510533e-07 2.724098e-19 4.434398e-16 2.521843e-23 2.171041e-20 9.487148e-12 4.630998e-14 2.479646e-11 4.174057e-08 1.985466e-07 2.820886e-16 1.196576e-20 1.386777e-18 1.268309e-13 4.676292e-11 1.745497e-06 1.280693e-12 4.678209e-09 7.396508e-10 8.689520e-14 3.753315e-12 1.799323e-19 1.956554e-15 1.451037e-22 7.189444e-13 3.214680e-13 9.327402e-33 1.192314e-10 5.218109e-28 6.674007e-20 1.657394e-24 2.463100e-09 9.665729e-27 1.173959e-29 9.131634e-25 3.379523e-27 1.351287e-07 3.878859e-12 1.629822e-18 4.293619e-18 3.862229e-11 1.385288e-14 3.869569e-11 5.472509e-17 1.179458e-14 3.398858e-16 1.661713e-12 6.676622e-14 1.586806e-12 1.253871e-11 2.480037e-16 3.047006e-16 4.066255e-15 4.656493e-21 1.466137e-35 6.616865e-16 7.126544e-14 1.457373e-43 0.000000e+00 6.461790e-10 1.062378e-11 9.043235e-03
2.173488e-05 5.223073e-09 3.727510e-05 1.177945e-05 5.937551e-09 6.687809e-08 1.920150e-14 2.752906e-26 2.591089e-14 3.810289e-10 1.818198e-05 4.147714e-23 1.632562e-09 1.592298e-18 6.258448e-20 7.776198e-09 7.838230e-15 1.184125e-09 3.038790e-04 3.553550e-02 1.381028e-19 6.642906e-08 4.129521e-15 2.947795e-11 4.963652e-11 1.054576e-12 1.944857e-01 1.227311e-14 1.380239e-16 1.158433e-15 7.698430e-09 2.178941e-14 4.933385e-13 8.227084e-15 1.631860e-18 5.426700e-10 6.790258e-15 7.605681e-01 4.159651e-10 2.552393e-07 3.135551e-19 2.832870e-16 1.796457e-23 1.879751e-20 2.536324e-12 3.981586e-14 2.637044e-11 2.470810e-08 1.818328e-07 3.094041e-16 5.043349e-21 1.249746e-18 1.332985e-13 5.000145e-11 1.699843e-06 1.388338e-12 3.229584e-09 7.291948e-10 2.079596e-13 3.170931e-12 4.190949e-19 3.387282e-16 0.000000e+00 1.342529e-12 8.954032e-14 2.388782e-32 1.054838e-10 2.031939e-28 8.861916e-21 8.807645e-26 2.449453e-09 1.056806e-29 1.155119e-29 1.700653e-24 0.000000e+00 1.585318e-07 4.446030e-12 2.471965e-18 3.879794e-19 5.398505e-11 1.544310e-14 3.856206e-11 4.056849e-17 1.308402e-14 4.023908e-17 1.659734e-12 8.225971e-14 1.701210e-12 1.395560e-11 2.544502e-16 3.307513e-16 4.544820e-15 5.159082e-21 2.178572e-36 1.613462e-15 1.262792e-13 5.797724e-43 0.000000e+00 5.529417e-10 1.080456e-11 9.035857e-03
1.887140e-05 8.667778e-09 4.164362e-05 1.422756e-05 1.536990e-08 1.391859e-07 3.619536e-14 6.749105e-26 4.767380e-14 3.551148e-10 1.476591e-05 7.802642e-23 1.672700e-09 3.661301e-18 1.180334e-19 6.448406e-09 6.461319e-15 1.022497e-09 3.594625e-04 3.543367e-02 1.692721e-19 7.461130e-08 7.696351e-15 1.449058e-11 3.673987e-11 6.351305e-13 1.944475e-01 1.377946e-14 1.186850e-16 6.046984e-16 1.050501e-08 1.098260e-14 9.517542e-13 1.407425e-14 3.765404e-18 5.512553e-10 6.502792e-15 7.606581e-01 3.539551e-10 2.509880e-07 3.014767e-19 1.684740e-16 1.478684e-23 1.560702e-20 6.051086e-13 2.831074e-14 2.686529e-11 1.427915e-08 1.633096e-07 3.266961e-16 2.029667e-21 1.064744e-18 1.372674e-13 5.111606e-11 1.344523e-06 1.213035e-12 2.011015e-09 6.719326e-10 4.489762e-13 2.525937e-12 9.191761e-19 5.790030e-17 3.267029e-26 2.077647e-12 2.210483e-14 5.446078e-32 9.063457e-11 6.005371e-29 1.357536e-21 4.974788e-27 2.436041e-09 1.997563e-32 1.133882e-29 2.655195e-24 0.000000e+00 1.814322e-07 5.110346e-12 3.483863e-18 4.825664e-20 6.856476e-11 1.712922e-14 3.841592e-11 3.258420e-17 1.434420e-14 3.587048e-18 1.656838e-12 9.398106e-14 1.584662e-12 1.542552e-11 2.595128e-16 3.503891e-16 5.047683e-15 5.655293e-21 2.028380e-37 3.650046e-15 1.966880e-13 1.893185e-42 0.000000e+00 4.428137e-10 1.097664e-11 9.027293e-03
1.638517e-05 1.320225e-08 4.639463e-05 1.626612e-05 3.869343e-08 2.567736e-07 6.013112e-14 1.504022e-25 7.842766e-14 3.116961e-10 1.137172e-05 1.031835e-22 1.579306e-09 7.159112e-18 1.825284e-19 4.747054e-09 5.174875e-15 8.054208e-10 4.338346e-04 3.530535e-02 1.817329e-19 7.846975e-08 1.234498e-14 6.014592e-12 2.596724e-11 3.189913e-13 1.944086e-01 1.539269e-14 8.653408e-17 2.891604e-16 1.399765e-08 4.766904e-15 1.767451e-12 1.998580e-14 7.562216e-18 5.266850e-10 5.914506e-15 7.607580e-01 2.907921e-10 2.403965e-07 2.457827e-19 9.960453e-17 1.258270e-23 1.231602e-20 1.486339e-13 1.854536e-14 2.576192e-11 8.264216e-09 1.432485e-07 3.194607e-16 7.769998e-22 8.433527e-19 1.394433e-13 4.899051e-11 8.886224e-07 8.198304e-13 1.141691e-09 5.794756e-10 8.697828e-13 1.889223e-12 1.887546e-18 1.076130e-17 0.000000e+00 2.980251e-12 4.861630e-15 1.095189e-31 7.514407e-11 1.341556e-29 2.507979e-22 3.475801e-28 2.423137e-09 2.460873e-35 1.109957e-29 3.567289e-24 0.000000e+00 2.046828e-07 5.801923e-12 4.487350e-18 7.101302e-21 8.167292e-11 1.879067e-14 3.825874e-11 2.718594e-17 1.542371e-14 3.093751e-19 1.653462e-12 9.572459e-14 1.224723e-12 1.683668e-11 2.628381e-16 3.616409e-16 5.534597e-15 6.091443e-21 1.256730e-38 7.706268e-15 2.696058e-13 4.880557e-42 0.000000e+00 3.161467e-10 1.113541e-11 9.017351e-03
1.422649e-05 1.874753e-08 5.144114e-05 1.755076e-05 9.260105e-08 4.361018e-07 8.830166e-14 3.216437e-25 1.153461e-13 2.547613e-10 8.218266e-06 1.001603e-22 1.336297e-09 1.171173e-17 2.274455e-19 3.057292e-09 3.799106e-15 5.774661e-10 5.353012e-04 3.514069e-02 1.741318e-19 7.661460e-08 1.716888e-14 2.084173e-12 1.759708e-11 1.377329e-13 1.943709e-01 1.694754e-14 5.627071e-17 1.288207e-16 1.813351e-08 1.900995e-15 3.142867e-12 2.364279e-14 1.312338e-17 4.644147e-10 5.153527e-15 7.608675e-01 2.291655e-10 2.255605e-07 1.695749e-19 5.923914e-17 1.037339e-23 9.146586e-21 4.790328e-14 1.136314e-14 2.286624e-11 4.715382e-09 1.221663e-07 2.744881e-16 2.810304e-22 6.089156e-19 1.404827e-13 4.309502e-11 5.350973e-07 4.282156e-13 5.980184e-10 4.710460e-10 1.495737e-12 1.316004e-12 3.643340e-18 2.959315e-18 0.000000e+00 4.171279e-12 9.628496e-16 2.025372e-31 5.969573e-11 2.274451e-30 7.212909e-23 0.000000e+00 2.410488e-09 1.799597e-38 1.083017e-29 4.233856e-24 0.000000e+00 2.269135e-07 6.518457e-12 5.326128e-18 1.099051e-21 9.268735e-11 2.024389e-14 3.809240e-11 2.315078e-17 1.618999e-14 3.715696e-20 1.649603e-12 8.166684e-14 7.649919e-13 1.804222e-11 2.641308e-16 3.651560e-16 5.951830e-15 6.409849e-21 5.474765e-40 1.531074e-14 3.247616e-13 1.074189e-41 0.000000e+00 1.817443e-10 1.127696e-11 9.005733e-03
1.235221e-05 2.516689e-08 5.666243e-05 1.778765e-05 2.080032e-07 7.017090e-07 1.154457e-13 6.300291e-25 1.501834e-13 1.894073e-10 5.515106e-06 7.431500e-23 9.885311e-10 1.576166e-17 2.257351e-19 1.696595e-09 2.414722e-15 3.749500e-10 6.752444e-04 3.492655e-02 1.488229e-19 6.848394e-08 2.073426e-14 6.079796e-13 1.125726e-11 5.202291e-14 1.943377e-01 1.817915e-14 3.260102e-17 5.292195e-17 2.256125e-08 7.074943e-16 5.331731e-12 2.362828e-14 1.952853e-17 3.722292e-10 4.251475e-15 7.609858e-01 1.721148e-10 2.078137e-07 9.776504e-20 3.444535e-17 7.929517e-24 6.324569e-21 2.799519e-14 6.425749e-15 1.847296e-11 2.624196e-09 1.008240e-07 1.955391e-16 1.112763e-22 3.943983e-19 1.408869e-13 3.407708e-11 3.194025e-07 1.784775e-13 2.917475e-10 3.647068e-10 2.269518e-12 8.450642e-13 6.644567e-18 1.716482e-18 0.000000e+00 5.761737e-12 1.776976e-16 3.351097e-31 4.511428e-11 2.948161e-31 4.426841e-23 9.578989e-30 2.397428e-09 1.136836e-41 1.052717e-29 4.476849e-24 0.000000e+00 2.437721e-07 7.309537e-12 5.949924e-18 1.756022e-22 1.011524e-10 2.131533e-14 3.791912e-11 1.972430e-17 1.660937e-14 9.522163e-21 1.645186e-12 5.616051e-14 3.851614e-13 1.891907e-11 2.631990e-16 3.644200e-16 6.256882e-15 6.584616e-21 1.742945e-41 2.872850e-14 3.407053e-13 1.950888e-41 0.000000e+00 6.636643e-11 1.139763e-11 8.992175e-03
1.072485e-05 3.208331e-08 6.190868e-05 1.683860e-05 4.389637e-07 1.094474e-06 1.359471e-13 1.120592e-24 1.709018e-13 1.254543e-10 3.405380e-06 4.215167e-23 6.270237e-10 1.723682e-17 1.780265e-19 8.000701e-10 1.279140e-15 2.193994e-10 8.690999e-04 3.464564e-02 1.117436e-19 5.573506e-08 2.177662e-14 1.498559e-13 6.663134e-12 1.701188e-14 1.943135e-01 1.882117e-14 1.675497e-17 1.957562e-17 2.675320e-08 2.428066e-16 8.633331e-12 2.018998e-14 2.485768e-17 2.686557e-10 3.263842e-15 7.611104e-01 1.224969e-10 1.881802e-07 4.627625e-20 1.907864e-17 5.457848e-24 4.029570e-21 2.380950e-14 3.284901e-15 1.336322e-11 1.415718e-09 8.018049e-08 1.094111e-16 6.995367e-23 2.301808e-19 1.409844e-13 2.382669e-11 1.964037e-07 6.188635e-14 1.336794e-10 2.709318e-10 3.028522e-12 4.953528e-13 1.151483e-17 1.463984e-18 0.000000e+00 7.915953e-12 3.463797e-17 4.913117e-31 3.222458e-11 2.959627e-32 3.921012e-23 3.484307e-30 2.383030e-09 0.000000e+00 1.018752e-29 4.183878e-24 0.000000e+00 2.495919e-07 8.208472e-12 6.299765e-18 3.899853e-23 1.068098e-10 2.194443e-14 3.774153e-11 1.647596e-17 1.675910e-14 3.687188e-21 1.640117e-12 3.087231e-14 1.569464e-13 1.943670e-11 2.599865e-16 3.629377e-16 6.439196e-15 6.642835e-21 4.150460e-43 5.111719e-14 3.083546e-13 2.903796e-41 0.000000e+00 3.776690e-12 1.149432e-11 8.976353e-03
9.311897e-06 3.879398e-08 6.701415e-05 1.479250e-05 8.762104e-07 1.689405e-06 1.459694e-13 1.887043e-24 1.677281e-13 7.279866e-11 1.920123e-06 1.795077e-23 3.361574e-10 1.520629e-17 1.115026e-19 3.158529e-10 5.506680e-16 1.152162e-10 1.137810e-03 3.427504e-02 7.241041e-20 4.143215e-08 2.000188e-14 3.130375e-14 3.591076e-12 4.708856e-15 1.943045e-01 1.873977e-14 7.712832e-18 6.319734e-18 3.002161e-08 7.509727e-17 1.340833e-11 1.483903e-14 2.716870e-17 1.740156e-10 2.290342e-15 7.612374e-01 8.222059e-11 1.674764e-07 1.753228e-20 9.867238e-18 3.317467e-24 2.341951e-21 2.158582e-14 1.491571e-15 8.523600e-12 7.334714e-10 6.120442e-08 4.595539e-17 7.109128e-23 1.288814e-19 1.409545e-13 1.458108e-11 1.257798e-07 1.847863e-14 5.790478e-11 1.932737e-10 3.555122e-12 2.628309e-13 1.907443e-17 1.284708e-18 2.662673e-27 1.093342e-11 9.698249e-18 6.504650e-31 2.163110e-11 2.452802e-33 3.454985e-23 1.243808e-30 2.366209e-09 1.424930e-45 9.808262e-30 3.407838e-24 5.709327e-30 2.394219e-07 9.190174e-12 6.284340e-18 2.264769e-23 1.096475e-10 2.220948e-14 3.756196e-11 1.323950e-17 1.675718e-14 1.355699e-21 1.634290e-12 1.361559e-14 5.173779e-14 1.966829e-11 2.546004e-16 3.622818e-16 6.518948e-15 6.637705e-21 7.444711e-45 8.673068e-14 2.389538e-13 3.682061e-41 0.000000e+00 3.856443e-14 1.156551e-11 8.957817e-03
8.085092e-06 4.420863e-08 7.177876e-05 1.196503e-05 1.654069e-06 2.622693e-06 1.440542e-13 2.868319e-24 1.399211e-13 3.659884e-11 9.832865e-07 5.611826e-24 1.510217e-10 1.077678e-17 5.544996e-20 1.032782e-10 1.887072e-16 5.414066e-11 1.508370e-03 3.378569e-02 3.992790e-20 2.839566e-08 1.619536e-14 5.766367e-15 1.746947e-12 1.093377e-15 1.943189e-01 1.798317e-14 3.144658e-18 1.748662e-18 3.155365e-08 2.077313e-17 2.012063e-11 9.420014e-15 2.565658e-17 1.012894e-10 1.444696e-15 7.613610e-01 5.185972e-11 1.463291e-07 5.177073e-21 4.623640e-18 1.755812e-24 1.230731e-21 1.874656e-14 5.990330e-16 4.723621e-12 3.633185e-10 4.470160e-08 1.409298e-17 8.258889e-23 8.149794e-20 1.408746e-13 7.778854e-12 8.591990e-08 4.911775e-15 2.379471e-11 1.322646e-10 3.694384e-12 1.254548e-13 3.035784e-17 1.026712e-18 0.000000e+00 1.532240e-11 4.309155e-18 7.496423e-31 1.358346e-11 2.432497e-34 2.662273e-23 3.860652e-31 2.345790e-09 0.000000e+00 9.387017e-30 2.396870e-24 0.000000e+00 2.118577e-07 1.015724e-11 5.912260e-18 2.623285e-23 1.099143e-10 2.224892e-14 3.738216e-11 9.952564e-18 1.668931e-14 3.993227e-22 1.627582e-12 4.861895e-15 1.386600e-14 1.972815e-11 2.473420e-16 3.625539e-16 6.531080e-15 6.607941e-21 9.969071e-47 1.406861e-13 1.576595e-13 3.721811e-41 0.000000e+00 3.931951e-16 1.161038e-11 8.936171e-03
7.019914e-06 4.698588e-08 7.595954e-05 8.819777e-06 2.960023e-06 4.177021e-06 1.294521e-13 3.930573e-24 9.848906e-14 1.575328e-11 4.562040e-07 1.283498e-24 5.654771e-11 6.134179e-18 2.159009e-20 2.733032e-11 5.042635e-17 2.274745e-11 2.012670e-03 3.314371e-02 1.856403e-20 1.821794e-08 1.168075e-14 9.867084e-16 7.682760e-13 2.103516e-16 1.943661e-01 1.672097e-14 1.152502e-18 4.025898e-19 3.066298e-08 5.173061e-18 2.955050e-11 5.065328e-15 2.107877e-17 5.301823e-11 8.053241e-16 7.614735e-01 3.068213e-11 1.252089e-07 1.132363e-21 1.905015e-18 8.014939e-25 5.810195e-22 1.502258e-14 2.125650e-16 2.250618e-12 1.695649e-10 3.117411e-08 3.121880e-18 9.660293e-23 6.774990e-20 1.407685e-13 3.625098e-12 6.362631e-08 1.172554e-15 9.284456e-12 8.603306e-11 3.412907e-12 5.371134e-14 4.671781e-17 7.266638e-19 0.000000e+00 2.212435e-11 2.129740e-18 7.520344e-31 7.957649e-12 4.864668e-35 1.732831e-23 1.018768e-31 2.320268e-09 0.000000e+00 8.922504e-30 1.450865e-24 0.000000e+00 1.697654e-07 1.092972e-11 5.181434e-18 3.631528e-23 1.080853e-10 2.217494e-14 3.720267e-11 6.795577e-18 1.659335e-14 8.823301e-23 1.619860e-12 1.404458e-15 2.984830e-15 1.970567e-11 2.387115e-16 3.632400e-16 6.508132e-15 6.568640e-21 9.708837e-49 2.191748e-13 8.892282e-14 2.937460e-41 0.000000e+00 4.003506e-18 1.162899e-11 8.910892e-03
6.095068e-06 4.587492e-08 7.928416e-05 5.847251e-06 5.023595e-06 6.970791e-06 1.035876e-13 4.679489e-24 5.840564e-14 5.724641e-12 1.917664e-07 2.169828e-25 1.757409e-11 2.804610e-18 6.394464e-21 5.653810e-12 1.030258e-17 8.555060e-12 2.683416e-03 3.231452e-02 7.249077e-21 1.112752e-08 7.582516e-15 1.701886e-16 3.088522e-13 3.357506e-17 1.944556e-01 1.515000e-14 3.841295e-19 7.467341e-20 2.711458e-08 1.207643e-18 4.320132e-11 2.230528e-15 1.506491e-17 2.481485e-11 3.897634e-16 7.615672e-01 1.702034e-11 1.044101e-07 1.720784e-22 6.584391e-19 3.124215e-25 2.454534e-22 1.077329e-14 6.680459e-17 9.163771e-13 7.311235e-11 2.073565e-08 5.033174e-19 1.109013e-22 6.941331e-20 1.406397e-13 1.484998e-12 5.226223e-08 2.503555e-16 3.431414e-12 5.227417e-11 2.806078e-12 2.061884e-14 7.006769e-17 4.508812e-19 0.000000e+00 3.351044e-11 9.081374e-19 6.439060e-31 4.343655e-12 1.219838e-35 9.391418e-24 1.318040e-32 2.287153e-09 0.000000e+00 8.414607e-30 7.603498e-25 0.000000e+00 1.207231e-07 1.130647e-11 4.170473e-18 5.068336e-23 1.047716e-10 2.204753e-14 3.702216e-11 4.058180e-18 1.647949e-14 1.378090e-23 1.610981e-12 3.232477e-16 5.042140e-16 1.964792e-11 2.293718e-16 3.635855e-16 6.469403e-15 6.522809e-21 6.559755e-51 3.293160e-13 4.334749e-14 1.694946e-41 0.000000e+00 4.069329e-20 1.162187e-11 8.881454e-03
5.292068e-06 4.012414e-08 8.151599e-05 3.425287e-06 8.106367e-06 1.260568e-05 7.185485e-14 4.730082e-24 2.932762e-14 1.709464e-12 7.321016e-08 2.774529e-26 4.502114e-12 1.027217e-18 1.380869e-21 8.724507e-13 1.599030e-18 2.889392e-12 3.545541e-03 3.127176e-02 2.362533e-21 6.586308e-09 4.518609e-15 3.150198e-17 1.156860e-13 4.598587e-18 1.945923e-01 1.343427e-14 1.194299e-19 1.051294e-20 2.123012e-08 2.910487e-19 6.437568e-11 7.651040e-16 9.280224e-18 1.023311e-11 1.592103e-16 7.616370e-01 8.861827e-12 8.408375e-08 1.724298e-23 1.758668e-19 1.019056e-25 9.271511e-23 6.620211e-15 1.848767e-17 3.184351e-13 2.791598e-11 1.315459e-08 6.027988e-20 1.252722e-22 7.592860e-20 1.404864e-13 5.398132e-13 4.909007e-08 4.654041e-17 1.195954e-12 2.876340e-11 2.053002e-12 7.112541e-15 1.037584e-16 2.514941e-19 0.000000e+00 5.475660e-11 3.100941e-19 4.632709e-31 2.209813e-12 2.409198e-36 4.303162e-24 0.000000e+00 2.240913e-09 0.000000e+00 7.864806e-30 3.503733e-25 0.000000e+00 7.425077e-08 1.115074e-11 2.996819e-18 6.783948e-23 1.005730e-10 2.188936e-14 3.683721e-11 1.999246e-18 1.634832e-14 1.426448e-24 1.600800e-12 5.789041e-17 6.468922e-17 1.957264e-11 2.200728e-16 3.627439e-16 6.422053e-15 6.470244e-21 2.838129e-53 4.791668e-13 1.858054e-14 6.661359e-42 0.000000e+00 4.129286e-22 1.158984e-11 8.847300e-03
4.594859e-06 2.902114e-08 8.256358e-05 1.722591e-06 1.242537e-05 2.717547e-05 4.148501e-14 3.989218e-24 1.256117e-14 3.836699e-13 2.548721e-08 2.787228e-27 9.194237e-13 2.926522e-19 1.983447e-22 9.129566e-14 1.844618e-19 8.805646e-13 4.604917e-03 3.000880e-02 6.064487e-22 3.834907e-09 2.606073e-15 6.057115e-18 4.129416e-14 6.157248e-19 1.947707e-01 1.169152e-14 3.718051e-20 9.336054e-22 1.341098e-08 8.711077e-20 1.031345e-10 1.829700e-16 4.818071e-18 3.617502e-12 5.018397e-17 7.616835e-01 4.339184e-12 6.426435e-08 1.240236e-24 2.961627e-20 2.582586e-26 3.138602e-23 3.103038e-15 4.352443e-18 9.459008e-14 8.276749e-12 7.964782e-09 5.523539e-21 1.410731e-22 8.474788e-20 1.403064e-13 1.759590e-13 5.785127e-08 6.855226e-18 3.918801e-13 1.354044e-11 1.393916e-12 2.213140e-15 1.568246e-16 1.361894e-19 8.979837e-24 1.043268e-10 8.303936e-20 2.710049e-31 1.049179e-12 3.047903e-37 1.726680e-24 4.944059e-30 2.162825e-09 8.387693e-41 7.276138e-30 1.479761e-25 1.401241e-24 3.815755e-08 1.045628e-11 1.752985e-18 8.475705e-23 9.594909e-11 2.170572e-14 3.664248e-11 6.832366e-19 1.619829e-14 8.522482e-26 1.589169e-12 7.801802e-18 5.924938e-18 1.948425e-11 2.115567e-16 3.598782e-16 6.367430e-15 6.410242e-21 6.601215e-56 6.778913e-13 7.142563e-15 1.513173e-42 0.000000e+00 4.184947e-24 1.153408e-11 8.807821e-03
3.989505e-06 1.609995e-08 8.262481e-05 7.417362e-07 1.782605e-05 7.411831e-05 1.805619e-14 2.530988e-24 4.575986e-15 6.134397e-14 8.133436e-09 2.350192e-28 1.358943e-13 5.903512e-20 1.821542e-23 6.238667e-15 1.761016e-20 2.435492e-13 5.832618e-03 2.855476e-02 1.149580e-22 1.976833e-09 1.745601e-15 1.080590e-18 1.419431e-14 1.133995e-19 1.949600e-01 1.000661e-14 1.131493e-20 4.688093e-23 6.292435e-09 3.831682e-20 2.195297e-10 2.961843e-17 2.021112e-18 1.048406e-12 1.157414e-17 7.617146e-01 2.003152e-12 4.499805e-08 0.000000e+00 2.460085e-21 4.256863e-27 9.594610e-24 9.910971e-16 1.036118e-18 2.409653e-14 1.628872e-12 4.608471e-09 4.071313e-22 1.581770e-22 9.430781e-20 1.400984e-13 5.195812e-14 9.213243e-08 7.401532e-19 1.207808e-13 5.143041e-12 1.539659e-12 6.242116e-16 2.608966e-16 8.715838e-20 0.000000e+00 2.399033e-10 1.898817e-20 1.028231e-31 4.657263e-13 1.850455e-38 8.609484e-25 0.000000e+00 1.994952e-09 0.000000e+00 6.653517e-30 6.251019e-26 0.000000e+00 1.664412e-08 9.361174e-12 7.517407e-19 9.456173e-23 9.117324e-11 2.149609e-14 3.643092e-11 1.414683e-19 1.602753e-14 3.002563e-27 1.575943e-12 7.101589e-19 3.395665e-19 1.938282e-11 2.044556e-16 3.542668e-16 6.305201e-15 6.342055e-21 6.523845e-59 9.355108e-13 2.509592e-15 1.780019e-43 0.000000e+00 4.235393e-26 1.145580e-11 8.762495e-03
3.463904e-06 8.550813e-09 8.212822e-05 2.917021e-07 2.398054e-05 1.993182e-04 5.406885e-15 1.087574e-24 1.406113e-15 9.027154e-15 2.394673e-09 1.754280e-29 1.380930e-14 8.022305e-21 1.688770e-24 4.406101e-16 1.948526e-21 6.156081e-14 7.171432e-03 2.696792e-02 1.983399e-23 7.126342e-10 1.663073e-15 1.846950e-19 4.636852e-15 2.899585e-20 1.951038e-01 8.438923e-15 2.476189e-21 2.231648e-24 2.772039e-09 2.294149e-20 1.391758e-09 1.371913e-17 6.778883e-19 2.441625e-13 2.522750e-18 7.617401e-01 8.748359e-13 2.665634e-08 0.000000e+00 1.373742e-22 0.000000e+00 2.679797e-24 2.551208e-16 7.206898e-19 5.357953e-15 2.486112e-13 2.553600e-09 2.554459e-23 1.755727e-22 1.041710e-19 1.398613e-13 1.402917e-14 1.545975e-07 7.541022e-20 3.482241e-14 1.610082e-12 6.260452e-12 1.605662e-16 4.727412e-16 6.798586e-20 0.000000e+00 5.016486e-10 4.644573e-21 1.015513e-32 1.937827e-13 2.919855e-40 1.582577e-24 0.000000e+00 1.697386e-09 0.000000e+00 6.004289e-30 2.587232e-26 0.000000e+00 6.586791e-09 8.047305e-12 2.853765e-19 9.086927e-23 8.636462e-11 2.125845e-14 3.619541e-11 2.837691e-20 1.583415e-14 1.093353e-28 1.560974e-12 4.774797e-20 1.155892e-20 1.926736e-11 1.991004e-16 3.455029e-16 6.234717e-15 6.264940e-21 2.777375e-62 1.262510e-12 8.185394e-16 5.634337e-44 0.000000e+00 4.278926e-28 1.135600e-11 8.710836e-03
3.007548e-06 5.119552e-09 8.138103e-05 1.113545e-07 3.088837e-05 4.579165e-04 1.178367e-15 3.514939e-25 3.709919e-16 1.424156e-15 6.552800e-10 1.186453e-30 1.129925e-15 8.620626e-22 2.286003e-25 4.631929e-17 2.525541e-22 1.433269e-14 8.579305e-03 2.529112e-02 3.636582e-24 1.717374e-10 1.911417e-15 3.310781e-20 1.427605e-15 7.693001e-21 1.951460e-01 7.021162e-15 3.942405e-22 1.399144e-25 1.354655e-09 1.645282e-20 1.597217e-08 5.961967e-17 2.266608e-19 5.014855e-14 6.071659e-19 7.617611e-01 3.629892e-13 1.248567e-08 0.000000e+00 0.000000e+00 0.000000e+00 6.907582e-25 5.829528e-17 1.016401e-18 1.135271e-15 3.495489e-14 1.358598e-09 1.413267e-24 1.977037e-22 1.159159e-19 1.395920e-13 3.491797e-15 2.301470e-07 8.430307e-21 9.362198e-15 4.341036e-13 2.826404e-11 3.792656e-17 8.163269e-16 5.213885e-20 1.819445e-24 8.096775e-10 1.292082e-21 4.071634e-34 7.579474e-14 1.984317e-42 6.062232e-24 6.998393e-31 1.351086e-09 3.367995e-42 5.337625e-30 9.151414e-27 2.887328e-25 2.430609e-09 6.638053e-12 1.137455e-19 7.617513e-23 8.155108e-11 2.099003e-14 3.593037e-11 7.530010e-21 1.561593e-14 4.881178e-30 1.544084e-12 9.534322e-21 2.824181e-22 1.913634e-11 1.954497e-16 3.335498e-16 6.155157e-15 6.178023e-21 5.973784e-66 1.673155e-12 2.502684e-16 1.959775e-43 0.000000e+00 4.319419e-30 1.123588e-11 8.651940e-03
2.611316e-06 3.431103e-09 8.052684e-05 4.355364e-08 3.864421e-05 9.188458e-04 2.127048e-16 9.257473e-26 8.634081e-17 2.373139e-16 1.678859e-10 7.305719e-32 1.039452e-16 1.022299e-22 3.834465e-26 6.104307e-18 3.501427e-23 3.097816e-15 1.003219e-02 2.354889e-02 7.047066e-25 3.051152e-11 2.309065e-15 6.241582e-21 4.143672e-16 1.910051e-21 1.950288e-01 5.769892e-15 6.268940e-23 1.012200e-25 7.329546e-10 1.311874e-20 1.218747e-07 2.439471e-16 1.504474e-19 1.189441e-14 1.704698e-19 7.617665e-01 1.437473e-13 7.911348e-09 0.000000e+00 6.299803e-25 0.000000e+00 1.659500e-25 1.996687e-17 1.035258e-18 3.066582e-16 8.490462e-15 6.960873e-10 7.093307e-26 2.207791e-22 1.283251e-19 1.392849e-13 8.070732e-16 3.085816e-07 1.353263e-21 2.352332e-15 1.127325e-13 8.524851e-11 8.326439e-18 1.263538e-15 3.698016e-20 0.000000e+00 1.057147e-09 3.970627e-22 1.848938e-35 2.794771e-14 1.510950e-44 1.634849e-23 0.000000e+00 1.063731e-09 0.000000e+00 4.664838e-30 2.635008e-27 0.000000e+00 8.442591e-10 5.236393e-12 5.035133e-20 5.720209e-23 7.672748e-11 2.068765e-14 3.563097e-11 2.554346e-21 1.537040e-14 2.447951e-31 1.525062e-12 5.061363e-21 6.265582e-24 1.898783e-11 1.932222e-16 3.186185e-16 6.065585e-15 6.080325e-21 7.436448e-70 2.177314e-12 7.204220e-17 7.056827e-43 0.000000e+00 4.351399e-32 1.109589e-11 8.585125e-03
2.267286e-06 2.476808e-09 7.964736e-05 1.840296e-08 4.734070e-05 1.677770e-03 3.483568e-17 2.205136e-26 1.829909e-17 4.048958e-17 4.061825e-11 4.151903e-33 1.227821e-17 1.528351e-23 7.123164e-27 8.519639e-19 4.952621e-24 6.271926e-16 1.151479e-02 2.175713e-02 1.395917e-25 4.613376e-12 2.795888e-15 1.203045e-21 1.139503e-16 4.910202e-22 1.946822e-01 4.688214e-15 8.084074e-24 0.000000e+00 4.255364e-10 1.118185e-20 6.619916e-07 7.691894e-16 2.387678e-19 4.302995e-15 8.092632e-20 7.617308e-01 5.464152e-14 6.544019e-09 0.000000e+00 1.382002e-25 0.000000e+00 3.752264e-26 9.625305e-18 7.819162e-19 1.852863e-16 3.552228e-15 3.450237e-10 3.300147e-27 2.460100e-22 1.424460e-19 1.389320e-13 1.746973e-16 3.842233e-07 3.788304e-22 5.555877e-16 3.125244e-14 2.027176e-10 1.715865e-18 1.781865e-15 2.489606e-20 8.300843e-26 1.209470e-09 1.325199e-22 9.872790e-37 9.752242e-15 1.456385e-46 3.272975e-23 3.116412e-32 8.697069e-10 8.220217e-44 3.999459e-30 6.428924e-28 1.619340e-26 2.778347e-10 3.939452e-12 2.497047e-20 4.046109e-23 7.188541e-11 2.034790e-14 3.529237e-11 1.024134e-21 1.509506e-14 1.306611e-32 1.503688e-12 1.785651e-21 1.426101e-25 1.881959e-11 1.920011e-16 3.010826e-16 5.965043e-15 5.970863e-21 5.901086e-74 2.787947e-12 1.965607e-17 2.102710e-42 0.000000e+00 4.375216e-34 1.093644e-11 8.509325e-03
1.968580e-06 1.871324e-09 7.879490e-05 8.713326e-09 5.708815e-05 2.861972e-03 5.454445e-18 5.313236e-27 3.630488e-18 6.960358e-18 9.358005e-12 2.197565e-34 1.622885e-18 2.510443e-24 1.978315e-27 1.194590e-19 7.011227e-25 1.199947e-16 1.301911e-02 1.992414e-02 2.717234e-26 6.732658e-13 3.331517e-15 2.353841e-22 2.987089e-17 9.880331e-23 1.940193e-01 3.768444e-15 2.445552e-24 5.590433e-28 2.595595e-10 9.956821e-21 2.899843e-06 2.058268e-15 5.193387e-19 2.107141e-15 9.785833e-20 7.616131e-01 2.005000e-14 5.736617e-09 0.000000e+00 0.000000e+00 0.000000e+00 8.048735e-27 5.249461e-18 4.819028e-19 2.357146e-16 2.015029e-15 1.666034e-10 1.442150e-28 2.777456e-22 1.586814e-19 1.385220e-13 3.570221e-17 4.511765e-07 1.717882e-22 1.241685e-16 9.968676e-15 4.248884e-10 3.400592e-19 2.361751e-15 1.644355e-20 2.951458e-26 1.284222e-09 4.806151e-23 6.045269e-38 3.232522e-15 1.664067e-48 5.546846e-23 1.211178e-33 7.505145e-10 0.000000e+00 3.355641e-30 1.401933e-28 0.000000e+00 8.708905e-11 2.823628e-12 1.364212e-20 2.819080e-23 6.701475e-11 1.996696e-14 3.490911e-11 4.607919e-22 1.478712e-14 7.294333e-34 1.479704e-12 5.491175e-22 3.459452e-27 1.862893e-11 1.912990e-16 2.813960e-16 5.852450e-15 5.848542e-21 1.234112e-77 3.521610e-12 5.120203e-18 5.760463e-42 0.000000e+00 4.392683e-36 1.075781e-11 8.423113e-03
1.709227e-06 1.458876e-09 7.799178e-05 4.639214e-09 6.801228e-05 4.625705e-03 8.679061e-19 3.351841e-27 6.875057e-19 1.198130e-18 2.069351e-12 1.079573e-35 2.191362e-19 4.130545e-25 1.264051e-27 1.669749e-20 9.856369e-26 2.187179e-17 1.454143e-02 1.805425e-02 5.444291e-27 1.015377e-13 3.891908e-15 4.600380e-23 7.511148e-18 2.387830e-23 1.929396e-01 2.998436e-15 3.620870e-25 2.245563e-28 1.646626e-10 9.126144e-21 1.072320e-05 4.846016e-15 1.123289e-18 1.060397e-15 1.723335e-19 7.613564e-01 7.141159e-15 5.144230e-09 1.134762e-24 1.044516e-25 5.840480e-26 1.651204e-27 3.158829e-18 2.463333e-19 3.650847e-16 1.373414e-15 7.964807e-11 6.004155e-30 3.119293e-22 1.785288e-19 1.380411e-13 6.941494e-18 5.077244e-07 1.015003e-22 2.643298e-17 3.773248e-15 8.157603e-10 4.550083e-20 3.009257e-15 1.086178e-20 0.000000e+00 1.308537e-09 1.905141e-23 4.424513e-39 1.023275e-15 2.307753e-50 8.368434e-23 0.000000e+00 6.780051e-10 0.000000e+00 2.747919e-30 2.839399e-29 0.000000e+00 2.613909e-11 1.932229e-12 8.078974e-21 1.960145e-23 6.211197e-11 1.954110e-14 3.447529e-11 2.252248e-22 1.444389e-14 4.292052e-35 1.452846e-12 1.824754e-22 9.118088e-29 1.841286e-11 1.906088e-16 2.600655e-16 5.726731e-15 5.712295e-21 1.335893e-77 4.386250e-12 1.280568e-18 1.419465e-41 0.000000e+00 4.398405e-38 1.055968e-11 8.325364e-03
1.484044e-06 1.155174e-09 7.726838e-05 2.720772e-09 8.029096e-05 7.156327e-03 3.214906e-19 3.262946e-26 1.266280e-19 2.065777e-19 4.428712e-13 4.916218e-37 2.947368e-20 6.656084e-26 1.283815e-27 2.314231e-21 1.377529e-26 3.830744e-18 1.608103e-02 1.614888e-02 1.065029e-27 1.572641e-14 4.481357e-15 8.989704e-24 1.824263e-18 1.628519e-24 1.913241e-01 2.361822e-15 0.000000e+00 1.044277e-28 1.077178e-10 8.525536e-21 3.438034e-05 1.022505e-14 2.232251e-18 4.937788e-16 3.005161e-19 7.608830e-01 2.483247e-15 4.696902e-09 0.000000e+00 7.502834e-26 0.000000e+00 3.260678e-28 2.156323e-18 1.034843e-19 5.707054e-16 1.035140e-15 3.944340e-11 2.395860e-31 3.578955e-22 2.022698e-19 1.374721e-13 1.294230e-18 5.462156e-07 6.806104e-23 5.399021e-18 1.640619e-15 1.461069e-09 5.875869e-21 3.749405e-15 7.291786e-21 5.850657e-27 1.306574e-09 8.194034e-24 8.217833e-40 3.129492e-16 8.160615e-52 1.160461e-22 0.000000e+00 6.271585e-10 0.000000e+00 2.189779e-30 5.519588e-30 0.000000e+00 7.551333e-12 1.269962e-12 4.954320e-21 1.398961e-23 5.718082e-11 1.906661e-14 3.398453e-11 1.171747e-22 1.406273e-14 2.644586e-36 1.422838e-12 6.782541e-23 2.957285e-30 1.816809e-11 1.894381e-16 2.376175e-16 5.586812e-15 5.561080e-21 2.280528e-77 5.403162e-12 3.101656e-19 3.367764e-41 0.000000e+00 4.395851e-40 1.034180e-11 8.214146e-03
1.288527e-06 9.253823e-10 7.662296e-05 1.707568e-09 9.411460e-05 1.065566e-02 1.679415e-18 5.444935e-25 2.294604e-20 3.572551e-20 9.239880e-14 2.066059e-38 4.014845e-21 1.078182e-26 1.379607e-27 3.199225e-22 1.914160e-27 6.495083e-19 1.763707e-02 1.421023e-02 2.149991e-28 2.496495e-15 5.096306e-15 1.758267e-24 4.305738e-19 5.125171e-24 1.890467e-01 1.842551e-15 0.000000e+00 5.248733e-29 7.243388e-11 8.060453e-21 9.751753e-05 1.968831e-14 3.922248e-18 2.117493e-16 4.885696e-19 7.600932e-01 8.474764e-16 4.296775e-09 0.000000e+00 0.000000e+00 0.000000e+00 6.241482e-29 1.723648e-18 3.503955e-20 8.614743e-16 8.087403e-16 2.253755e-11 9.259616e-33 4.078751e-22 2.277901e-19 1.367954e-13 2.330186e-19 5.685834e-07 4.801027e-23 1.065070e-18 7.756275e-16 2.469690e-09 0.000000e+00 4.602887e-15 4.984030e-21 0.000000e+00 1.290024e-09 3.800367e-24 1.401558e-39 9.564423e-17 2.770116e-52 1.502390e-22 0.000000e+00 5.857454e-10 0.000000e+00 1.692728e-30 1.044887e-30 0.000000e+00 2.111587e-12 8.107949e-13 3.119753e-21 1.015172e-23 5.223491e-11 1.854018e-14 3.343029e-11 6.387767e-23 1.364138e-14 1.727699e-37 1.389418e-12 2.792851e-23 4.635829e-31 1.789118e-11 1.873447e-16 2.145778e-16 5.431737e-15 5.394009e-21 3.796851e-77 6.571846e-12 7.314350e-20 7.296982e-41 0.000000e+00 4.376660e-42 1.010299e-11 8.088344e-03
1.118769e-06 7.443346e-10 7.606423e-05 1.123345e-09 1.097232e-04 1.534370e-02 1.462917e-17 9.200289e-24 4.240281e-21 6.234335e-21 1.894140e-14 3.746843e-38 0.000000e+00 0.000000e+00 1.466197e-27 4.427674e-23 2.657923e-28 1.074727e-19 1.920299e-02 1.224706e-02 5.142134e-29 4.056185e-16 5.746506e-15 3.452387e-25 9.944152e-20 2.040766e-25 1.859701e-01 1.424102e-15 0.000000e+00 2.766619e-29 4.985834e-11 7.674364e-21 2.478250e-04 3.491297e-14 7.695445e-18 9.034047e-17 7.379936e-19 7.588557e-01 2.855285e-16 3.919440e-09 2.896161e-23 6.722708e-25 1.600592e-24 1.166203e-29 1.635126e-18 9.632605e-21 1.253634e-15 6.373395e-16 1.706552e-11 3.495109e-34 4.654952e-22 2.577898e-19 1.359890e-13 4.082289e-20 5.723585e-07 3.324927e-23 2.045263e-19 3.813592e-16 3.967132e-09 0.000000e+00 5.601563e-15 3.478905e-21 0.000000e+00 1.266590e-09 1.875798e-24 5.453183e-39 3.219090e-17 2.302515e-52 1.833985e-22 2.202043e-29 5.457782e-10 0.000000e+00 1.265217e-30 0.000000e+00 0.000000e+00 5.756779e-13 5.113426e-13 1.974736e-21 7.543063e-24 4.730172e-11 1.795941e-14 3.280629e-11 3.609938e-23 1.317836e-14 1.205388e-38 1.352368e-12 1.262009e-23 3.421470e-31 1.757878e-11 1.839600e-16 1.914709e-16 5.260808e-15 5.210501e-21 6.572033e-77 7.904854e-12 1.693343e-20 1.476949e-40 0.000000e+00 4.339919e-44 9.841999e-12 7.946288e-03
9.713753e-07 5.973967e-10 7.559547e-05 7.650369e-10 1.274073e-04 2.144938e-02 1.080668e-16 1.313913e-22 1.355298e-21 1.114765e-21 3.842263e-15 2.868253e-36 9.706425e-23 4.512371e-28 1.550890e-27 6.169471e-24 3.715490e-29 1.748165e-20 2.076334e-02 1.027747e-02 2.002191e-29 6.924098e-17 6.445643e-15 6.829411e-26 2.261197e-20 2.773140e-23 1.819503e-01 1.090381e-15 3.760525e-28 1.509025e-29 3.499750e-11 7.331265e-21 5.702344e-04 5.744756e-14 3.183668e-17 6.231223e-17 1.040487e-18 7.569995e-01 9.550003e-17 3.552214e-09 0.000000e+00 0.000000e+00 0.000000e+00 2.139694e-30 1.764876e-18 2.295352e-21 1.766042e-15 4.998910e-16 1.699347e-11 1.294774e-35 5.365209e-22 2.939104e-19 1.350273e-13 7.007092e-21 5.563363e-07 2.322641e-23 3.855019e-20 1.895593e-16 6.087307e-09 0.000000e+00 6.784587e-15 2.481555e-21 2.150423e-27 1.239977e-09 9.716558e-25 0.000000e+00 1.436689e-17 0.000000e+00 2.124528e-22 8.417992e-26 5.034618e-10 5.323751e-50 9.111274e-31 0.000000e+00 5.258688e-32 1.542693e-13 3.248707e-13 1.236850e-21 5.766625e-24 4.241594e-11 1.732241e-14 3.210615e-11 2.097165e-23 1.267268e-14 9.908006e-40 1.311488e-12 6.199992e-24 1.160649e-30 1.722742e-11 1.790126e-16 1.687694e-16 5.073483e-15 5.010168e-21 1.257125e-76 9.436745e-12 3.879796e-21 2.858087e-40 0.000000e+00 4.284152e-46 9.557001e-12 7.786207e-03
8.434005e-07 4.781727e-10 7.519927e-05 5.345338e-10 1.474689e-04 2.918742e-02 6.174327e-16 1.407231e-21 2.766035e-21 2.221874e-22 7.759390e-16 1.205703e-34 5.894756e-22 3.478787e-27 1.604971e-27 8.806280e-25 5.294063e-30 2.812844e-21 2.228708e-02 8.336024e-03 1.399501e-29 1.463925e-17 7.194710e-15 8.190005e-25 5.089934e-21 0.000000e+00 1.768493e-01 8.271495e-16 0.000000e+00 1.787083e-25 2.499517e-11 7.007801e-21 1.198524e-03 8.841097e-14 1.965031e-16 1.334573e-16 1.378419e-18 7.543114e-01 3.189428e-17 3.159890e-09 0.000000e+00 0.000000e+00 0.000000e+00 3.889194e-31 2.026040e-18 5.613499e-22 2.397914e-15 3.831167e-16 1.902364e-11 4.751758e-37 6.123270e-22 3.333314e-19 1.338829e-13 1.185728e-21 5.259850e-07 1.682260e-23 7.203453e-21 9.369535e-17 8.955934e-09 6.325143e-20 8.188199e-15 1.800832e-21 1.465012e-24 1.210223e-09 5.247395e-25 1.297949e-37 9.383505e-18 8.204911e-52 2.338052e-22 3.798877e-23 4.589042e-10 7.514779e-44 6.298759e-31 2.254045e-28 1.736305e-25 4.111721e-14 2.116675e-13 7.703573e-22 4.479948e-24 3.762326e-11 1.662859e-14 3.132422e-11 1.242944e-23 1.212445e-14 1.906628e-40 1.266650e-12 3.280071e-24 2.372078e-29 1.683393e-11 1.723471e-16 1.469011e-16 4.869597e-15 4.793052e-21 2.316941e-76 1.128503e-11 8.854885e-22 5.087286e-40 0.000000e+00 4.201890e-48 9.245324e-12 7.607118e-03
7.322859e-07 3.785720e-10 7.488806e-05 3.821074e-10 1.703189e-04 3.875990e-02 2.642418e-15 1.173819e-20 8.741711e-21 8.001946e-23 1.568932e-16 2.835229e-33 1.737975e-22 4.973180e-28 1.698336e-27 1.336248e-25 7.950705e-31 4.503373e-22 2.372592e-02 6.474538e-03 1.368944e-29 6.211446e-18 8.021838e-15 2.786024e-27 1.140033e-21 0.000000e+00 1.705350e-01 6.212343e-16 1.610626e-24 4.749474e-30 1.808878e-11 6.688895e-21 2.317779e-03 1.277695e-13 9.765192e-16 4.071838e-16 1.721217e-18 7.505343e-01 1.071864e-17 2.773522e-09 0.000000e+00 2.796737e-26 0.000000e+00 7.147355e-32 2.349959e-18 2.347087e-22 3.176417e-15 2.887587e-16 2.119707e-11 2.801957e-38 7.151253e-22 3.844306e-19 1.325262e-13 1.990668e-22 4.783467e-07 1.065018e-23 1.353898e-21 4.545028e-17 1.266369e-08 0.000000e+00 9.883784e-15 1.333947e-21 0.000000e+00 1.179105e-09 2.910954e-25 4.770336e-37 7.897006e-18 1.926957e-51 2.464151e-22 4.396622e-27 4.105812e-10 0.000000e+00 4.163339e-31 4.805471e-31 0.000000e+00 1.105959e-14 1.427050e-13 4.656760e-22 3.598775e-24 3.297472e-11 1.587849e-14 3.045544e-11 7.490629e-24 1.153469e-14 1.478738e-40 1.217783e-12 1.858355e-24 9.505991e-30 1.639541e-11 1.639278e-16 1.262214e-16 4.649307e-15 4.559559e-21 5.169157e-76 1.393024e-11 2.033024e-22 8.998475e-40 0.000000e+00 4.096250e-50 8.903966e-12 7.406874e-03
6.358102e-07 2.974516e-10 7.464227e-05 2.779060e-10 1.963231e-04 5.028924e-02 8.464630e-15 7.134758e-20 2.205303e-20 8.182520e-23 3.186322e-17 3.592995e-32 0.000000e+00 0.000000e+00 1.779663e-27 2.308779e-26 1.293084e-31 7.196973e-23 2.501107e-02 4.765726e-03 1.515103e-29 6.000345e-18 8.915826e-15 5.848515e-28 2.548149e-22 0.000000e+00 1.629243e-01 4.618588e-16 0.000000e+00 2.697101e-30 1.324947e-11 6.365061e-21 4.156947e-03 1.748928e-13 3.493788e-15 1.082704e-15 2.042373e-18 7.453959e-01 3.667744e-18 2.370260e-09 0.000000e+00 0.000000e+00 0.000000e+00 1.444929e-32 2.681060e-18 2.409620e-22 4.061176e-15 2.106735e-16 2.228603e-11 3.145076e-37 8.282146e-22 4.419398e-19 1.309301e-13 3.332042e-23 4.227278e-07 6.953076e-24 2.611987e-22 2.149255e-17 1.724049e-08 0.000000e+00 1.192942e-14 1.002565e-21 9.809116e-26 1.144703e-09 1.660733e-25 1.450587e-36 7.230961e-18 4.003183e-51 2.490355e-22 7.551775e-31 3.609374e-10 0.000000e+00 2.620290e-31 1.250264e-30 0.000000e+00 3.067400e-15 9.932131e-14 2.775572e-22 2.932017e-24 2.852656e-11 1.507455e-14 2.949672e-11 4.570445e-24 1.090596e-14 1.667355e-40 1.164937e-12 1.116600e-24 4.232459e-30 1.590991e-11 1.538470e-16 1.070153e-16 4.413337e-15 4.310702e-21 1.121137e-75 1.825643e-11 4.720849e-23 1.486355e-39 0.000000e+00 3.957475e-52 8.528669e-12 7.185421e-03
5.520448e-07 2.306189e-10 7.450162e-05 2.055166e-10 2.259747e-04 6.379260e-02 2.102338e-14 3.461235e-19 4.430858e-20 1.132092e-22 6.517388e-18 2.376957e-30 2.604007e-22 1.119505e-27 1.914978e-27 4.685885e-27 2.268567e-32 1.151354e-23 2.606123e-02 3.294088e-03 1.757702e-29 7.061430e-18 9.887058e-15 1.301831e-28 5.698932e-23 0.000000e+00 1.540060e-01 3.396394e-16 6.945408e-27 1.545368e-30 9.797098e-12 6.031210e-21 6.963598e-03 2.280053e-13 9.347117e-15 2.401941e-15 2.315573e-18 7.386399e-01 1.309132e-18 1.990454e-09 0.000000e+00 0.000000e+00 0.000000e+00 4.109925e-33 2.976291e-18 3.248941e-22 5.064568e-15 1.506405e-16 2.183411e-11 9.079050e-36 9.777748e-22 5.158156e-19 1.290726e-13 5.590610e-24 3.591213e-07 4.428398e-24 5.327805e-23 9.863572e-18 2.263390e-08 0.000000e+00 1.443881e-14 7.673163e-22 0.000000e+00 1.107801e-09 9.653176e-26 3.970902e-36 6.773770e-18 7.791181e-51 2.440155e-22 0.000000e+00 3.098750e-10 0.000000e+00 1.563500e-31 0.000000e+00 0.000000e+00 8.987960e-16 7.056554e-14 1.599527e-22 2.459333e-24 2.433687e-11 1.422164e-14 2.844789e-11 2.827226e-24 1.024266e-14 2.113303e-40 1.108320e-12 7.072589e-25 0.000000e+00 1.537696e-11 1.423157e-16 8.949858e-17 4.163111e-15 4.048227e-21 2.863330e-75 2.523976e-11 1.118051e-23 2.455155e-39 0.000000e+00 3.788695e-54 8.115051e-12 6.941760e-03
4.793151e-07 1.766392e-10 7.450763e-05 1.541754e-10 2.597571e-04 7.913106e-02 4.271584e-14 1.384113e-18 7.459902e-20 1.443462e-22 1.344239e-18 6.261476e-25 0.000000e+00 4.782283e-27 2.098747e-27 1.072509e-27 4.104876e-33 1.846147e-24 2.680627e-02 2.130388e-03 2.009546e-29 7.796335e-18 1.091360e-14 3.260015e-29 1.276936e-23 0.000000e+00 1.438833e-01 2.469429e-16 0.000000e+00 8.892745e-31 7.307168e-12 5.685311e-21 1.098376e-02 2.855172e-13 1.997526e-14 4.586505e-15 2.530922e-18 7.300539e-01 5.095926e-19 1.650250e-09 3.882606e-24 1.111391e-25 2.558304e-25 2.033975e-33 3.215231e-18 4.100300e-22 6.159029e-15 1.060943e-16 2.000313e-11 2.598983e-34 1.165547e-21 6.074302e-19 1.269400e-13 9.440172e-25 2.939159e-07 2.775689e-24 1.188221e-23 4.409687e-18 2.874387e-08 0.000000e+00 1.752999e-14 5.967677e-22 0.000000e+00 1.067267e-09 5.714276e-26 9.361591e-36 6.333612e-18 1.329585e-50 2.333634e-22 0.000000e+00 2.594435e-10 0.000000e+00 8.804205e-32 0.000000e+00 0.000000e+00 2.847906e-16 5.047067e-14 8.945877e-23 2.110121e-24 2.045882e-11 1.332678e-14 2.731178e-11 1.776537e-24 9.550826e-15 2.850377e-40 1.048290e-12 4.679619e-25 0.000000e+00 1.479763e-11 1.296444e-16 7.380404e-17 3.900682e-15 3.774517e-21 8.052023e-75 3.511290e-11 2.709705e-24 4.007184e-39 0.000000e+00 3.586858e-56 7.657416e-12 6.676669e-03
4.161673e-07 1.338715e-10 7.472180e-05 1.170643e-10 2.982049e-04 9.602125e-02 7.543962e-14 4.762459e-18 1.117674e-19 1.670165e-22 2.800163e-19 0.000000e+00 6.701581e-22 0.000000e+00 2.324952e-27 2.642887e-28 7.431757e-34 2.972305e-25 2.721917e-02 1.297324e-03 2.221280e-29 7.952778e-18 1.197889e-14 1.006008e-29 2.871301e-24 5.191771e-26 1.327808e-01 1.775475e-16 6.266991e-27 5.144511e-31 5.493786e-12 5.327799e-21 1.644388e-02 3.462284e-13 3.655274e-14 7.903271e-15 2.690600e-18 7.194727e-01 2.303578e-19 1.368380e-09 0.000000e+00 0.000000e+00 0.000000e+00 1.409966e-33 3.395426e-18 4.717867e-22 7.320642e-15 7.456705e-17 1.735969e-11 0.000000e+00 1.391472e-21 7.173356e-19 1.245252e-13 1.610400e-25 2.323081e-07 1.734853e-24 2.977805e-24 1.943842e-18 3.546050e-08 0.000000e+00 2.134280e-14 4.705050e-22 0.000000e+00 1.022085e-09 3.446095e-26 2.454464e-35 5.860205e-18 2.551215e-50 2.191154e-22 0.000000e+00 2.117237e-10 0.000000e+00 4.658164e-32 9.028606e-30 0.000000e+00 9.898651e-17 3.591821e-14 4.876392e-23 1.840808e-24 1.693842e-11 1.239935e-14 2.609456e-11 1.139818e-24 8.838256e-15 3.984576e-40 9.853681e-13 3.205521e-25 5.794598e-28 1.417471e-11 1.162202e-16 5.999714e-17 3.628797e-15 3.492653e-21 2.352093e-74 4.755454e-11 6.725781e-25 6.404177e-39 0.000000e+00 3.351646e-58 7.149176e-12 6.391704e-03
3.613389e-07 1.002752e-10 7.522940e-05 8.986382e-11 3.419955e-04 1.140966e-01 1.229588e-13 1.531084e-17 1.585193e-19 1.829932e-22 5.906293e-20 0.000000e+00 2.576035e-23 0.000000e+00 2.637701e-27 7.169538e-29 1.350472e-34 4.818546e-26 2.732702e-02 7.575990e-04 2.412594e-29 7.712873e-18 1.310243e-14 4.041602e-30 6.495444e-25 0.000000e+00 1.210044e-01 1.262900e-16 1.525039e-26 2.981847e-31 4.157372e-12 4.960633e-21 2.355284e-02 4.092669e-13 6.113438e-14 1.294515e-14 2.802858e-18 7.067558e-01 1.262191e-19 1.155508e-09 2.932720e-24 8.360500e-26 2.077529e-25 1.061820e-33 3.523576e-18 5.144722e-22 8.583945e-15 5.332179e-17 1.451933e-11 0.000000e+00 1.681324e-21 8.527195e-19 1.218240e-13 2.785977e-26 1.767349e-07 1.103941e-24 8.445488e-25 8.566469e-19 4.268958e-08 0.000000e+00 2.606213e-14 3.758413e-22 0.000000e+00 9.719710e-10 2.106122e-26 6.132498e-35 5.380259e-18 4.713699e-50 2.033529e-22 1.937927e-33 1.680735e-10 0.000000e+00 2.305024e-32 1.127535e-29 0.000000e+00 3.758683e-17 2.523354e-14 2.573779e-23 1.639013e-24 1.380686e-11 1.144994e-14 2.480433e-11 7.559719e-25 8.113590e-15 5.948426e-40 9.201702e-13 2.255399e-25 2.290417e-27 1.351194e-11 1.024642e-16 4.806840e-17 3.350555e-15 3.206049e-21 7.661205e-74 6.270022e-11 1.710396e-25 1.034413e-38 0.000000e+00 3.088156e-60 6.582443e-12 6.088269e-03
3.137339e-07 7.478547e-11 7.608419e-05 6.940329e-11 3.917185e-04 1.329328e-01 1.958848e-13 4.539636e-17 2.241670e-19 2.018312e-22 1.265294e-20 9.294840e-25 0.000000e+00 6.975238e-27 2.941859e-27 2.425374e-29 2.478900e-35 7.888359e-27 2.718891e-02 4.388874e-04 2.612294e-29 7.619552e-18 1.427293e-14 2.064043e-30 1.482086e-25 0.000000e+00 1.089101e-01 8.905129e-17 2.726761e-26 1.744996e-31 3.166816e-12 4.586943e-21 3.250819e-02 4.751348e-13 9.935029e-14 2.113002e-14 2.885249e-18 6.917833e-01 8.246783e-20 1.000071e-09 9.603336e-24 2.561203e-25 7.054369e-25 8.057791e-34 3.618829e-18 5.643508e-22 9.822168e-15 3.894146e-17 1.187801e-11 7.507189e-35 1.986269e-21 9.954296e-19 1.188350e-13 4.903989e-27 1.312221e-07 7.151847e-25 2.682744e-25 3.846192e-19 5.034228e-08 0.000000e+00 3.184549e-14 3.020046e-22 5.284098e-25 9.160330e-10 1.314752e-26 1.481451e-34 4.839438e-18 8.464496e-50 1.862991e-22 2.391984e-32 1.304728e-10 8.368531e-45 1.062568e-32 1.701003e-29 7.490096e-26 1.544660e-17 1.743395e-14 1.347401e-23 1.457605e-24 1.107864e-11 1.049036e-14 2.345127e-11 5.241149e-25 7.386271e-15 8.527900e-40 8.534063e-13 1.614898e-25 2.371016e-27 1.281418e-11 8.880471e-17 3.794919e-17 3.069405e-15 2.918436e-21 2.183755e-73 8.111999e-11 4.446409e-26 1.576324e-38 0.000000e+00 2.796744e-62 5.948419e-12 5.769823e-03
2.724008e-07 5.559502e-11 7.737916e-05 5.380815e-11 4.481663e-04 1.521031e-01 3.247857e-13 1.337965e-16 3.366657e-19 2.377984e-22 2.770813e-21 4.057638e-25 0.000000e+00 0.000000e+00 3.241506e-27 1.180988e-29 4.637787e-36 1.309457e-27 2.686847e-02 2.643984e-04 2.944788e-29 8.091118e-18 1.551056e-14 1.261066e-30 3.423333e-26 7.005235e-26 9.684921e-02 6.240469e-17 0.000000e+00 1.029823e-31 2.425163e-12 4.210600e-21 4.349967e-02 5.440936e-13 1.673616e-13 3.625624e-14 2.950424e-18 6.744506e-01 6.063309e-20 8.902151e-10 7.342619e-24 2.011197e-25 5.566602e-25 6.092342e-34 3.695282e-18 6.601836e-22 1.099279e-14 2.915695e-17 9.606191e-12 1.549066e-34 2.305380e-21 1.140477e-18 1.155590e-13 8.817635e-28 9.510061e-08 4.738891e-25 9.336573e-26 1.775067e-19 5.831571e-08 0.000000e+00 3.892027e-14 2.437241e-22 5.390078e-26 8.550633e-10 8.357807e-27 3.661821e-34 4.271465e-18 1.562159e-49 1.689492e-22 0.000000e+00 9.911253e-11 9.768531e-51 4.546170e-33 2.728972e-29 4.973217e-32 6.762357e-18 1.183254e-14 6.995176e-24 1.295604e-24 8.753245e-12 9.532960e-15 2.204730e-11 3.871948e-25 6.666026e-15 1.190117e-39 7.858477e-13 1.170243e-25 0.000000e+00 1.208714e-11 7.563895e-17 2.952073e-17 2.788963e-15 2.633656e-21 5.624931e-73 1.036652e-10 1.186079e-26 2.305565e-38 0.000000e+00 2.486928e-64 5.249264e-12 5.438851e-03
2.365131e-07 4.140326e-11 7.920018e-05 4.174660e-11 5.121150e-04 1.712096e-01 5.838574e-13 3.973501e-16 5.578390e-19 3.126804e-22 6.316827e-22 0.000000e+00 0.000000e+00 0.000000e+00 3.465794e-27 7.958371e-30 8.848632e-37 2.212560e-28 2.641500e-02 1.738396e-04 3.579526e-29 9.696666e-18 1.680090e-14 8.983846e-31 8.031706e-27 0.000000e+00 8.513335e-02 4.360335e-17 0.000000e+00 6.152476e-32 1.865994e-12 3.835742e-21 5.671099e-02 6.169855e-13 3.048519e-13 6.693249e-14 3.011736e-18 6.546670e-01 4.767576e-20 8.092082e-10 1.177991e-23 3.251662e-25 9.176198e-25 4.620728e-34 3.768474e-18 8.608913e-22 1.194767e-14 2.219691e-17 7.714304e-12 2.472460e-36 2.591710e-21 1.268593e-18 1.119981e-13 1.624846e-28 6.777656e-08 3.180892e-25 3.481896e-26 8.452649e-20 6.648762e-08 0.000000e+00 4.751739e-14 1.967550e-22 1.012913e-24 7.899980e-10 5.423701e-27 9.106122e-34 3.682113e-18 2.907545e-49 1.515280e-22 4.545586e-32 7.394210e-11 1.541690e-44 1.799039e-33 4.831264e-29 1.667628e-25 3.118124e-18 7.894339e-15 3.648740e-24 1.139888e-24 6.811778e-12 8.589828e-15 2.060520e-11 3.072185e-25 5.962167e-15 1.547526e-39 7.182737e-13 8.547531e-26 0.000000e+00 1.133704e-11 6.330150e-17 2.262404e-17 2.512758e-15 2.355386e-21 1.185256e-72 1.307318e-10 3.298266e-27 3.154294e-38 0.000000e+00 2.167040e-66 4.502468e-12 5.098697e-03
2.053534e-07 3.099011e-11 8.165518e-05 3.233162e-11 5.844724e-04 1.899104e-01 1.115847e-12 1.166745e-15 9.991280e-19 4.501487e-22 1.618793e-22 3.921707e-26 5.195092e-22 1.418166e-27 3.587643e-27 6.340917e-30 1.733254e-37 3.821551e-29 2.585935e-02 1.280576e-04 4.687201e-29 1.289805e-17 1.812525e-14 7.236742e-31 1.921354e-27 0.000000e+00 7.401097e-02 3.048554e-17 3.651702e-26 3.725537e-32 1.440961e-12 3.466522e-21 7.231030e-02 6.943281e-13 5.891864e-13 1.290862e-13 3.078308e-18 6.323624e-01 3.896550e-20 7.443935e-10 0.000000e+00 0.000000e+00 0.000000e+00 3.542068e-34 3.849140e-18 1.229893e-21 1.255296e-14 1.702644e-17 6.152510e-12 9.535111e-35 2.819857e-21 1.362513e-18 1.081561e-13 3.078738e-29 4.762182e-08 2.143700e-25 1.366049e-26 4.146059e-20 7.471112e-08 0.000000e+00 5.792003e-14 1.585658e-22 0.000000e+00 7.222561e-10 3.587435e-27 2.208760e-33 3.090921e-18 5.275211e-49 1.344104e-22 0.000000e+00 5.430990e-11 8.151080e-51 6.561560e-34 9.241739e-29 4.985249e-32 1.501848e-18 5.186197e-15 1.922838e-24 9.905882e-25 5.219620e-12 7.672303e-15 1.913834e-11 2.611715e-25 5.283240e-15 1.869691e-39 6.514471e-13 6.295854e-26 0.000000e+00 1.057046e-11 5.204509e-17 1.707737e-17 2.244104e-15 2.087002e-21 2.031411e-72 1.627167e-10 1.034186e-27 4.050329e-38 0.000000e+00 1.848126e-68 3.740862e-12 4.752321e-03
1.782989e-07 2.355355e-11 8.482027e-05 2.487859e-11 6.658831e-04 2.079217e-01 2.125911e-12 2.932019e-15 1.801703e-18 6.723270e-22 5.978908e-23 0.000000e+00 0.000000e+00 0.000000e+00 3.427371e-27 5.242909e-30 3.537310e-38 6.771475e-30 2.521763e-02 1.051218e-04 6.252785e-29 1.837514e-17 1.939616e-14 6.370426e-31 4.704490e-28 3.136373e-27 6.366488e-02 2.141285e-17 0.000000e+00 2.311077e-32 1.117143e-12 3.107021e-21 9.043073e-02 7.777586e-13 1.133876e-12 2.444525e-13 3.162250e-18 6.075051e-01 3.276608e-20 6.858556e-10 0.000000e+00 0.000000e+00 0.000000e+00 2.778897e-34 3.952007e-18 1.828565e-21 1.247578e-14 1.298758e-17 4.865109e-12 0.000000e+00 2.854487e-21 1.378116e-18 1.040398e-13 6.015605e-30 3.355230e-08 1.426175e-25 5.605594e-27 2.106422e-20 8.281050e-08 0.000000e+00 7.034651e-14 1.267498e-22 0.000000e+00 6.531408e-10 2.446153e-27 4.300038e-33 2.483276e-18 7.636143e-49 1.173102e-22 0.000000e+00 3.960733e-11 0.000000e+00 2.200146e-34 1.776620e-28 0.000000e+00 7.578007e-19 3.363089e-15 1.056987e-24 8.310832e-25 3.933787e-12 6.790891e-15 1.766082e-11 2.258706e-25 4.636941e-15 1.861515e-39 5.861100e-13 4.688253e-26 0.000000e+00 9.794419e-12 4.203661e-17 1.269309e-17 1.986070e-15 1.831542e-21 2.156196e-72 2.001431e-10 4.713810e-28 4.493442e-38 0.000000e+00 1.537805e-70 3.011105e-12 4.404094e-03
1.548088e-07 1.823970e-11 8.881867e-05 1.903694e-11 7.572547e-04 2.250226e-01 3.835443e-12 6.010585e-15 3.105441e-18 9.884838e-22 4.069065e-23 3.851532e-25 0.000000e+00 0.000000e+00 3.020577e-27 4.380025e-30 8.001558e-39 1.234245e-30 2.449758e-02 9.348680e-05 8.067392e-29 2.659297e-17 2.055711e-14 5.799293e-31 1.185154e-28 0.000000e+00 5.421042e-02 1.513434e-17 0.000000e+00 1.470980e-32 8.685357e-13 2.761008e-21 1.111614e-01 8.677323e-13 2.064497e-12 4.383398e-13 3.268769e-18 5.801114e-01 2.811269e-20 6.301827e-10 1.353535e-24 4.060363e-26 1.072769e-25 2.230317e-34 4.083384e-18 2.685565e-21 1.180772e-14 9.810961e-18 3.809591e-12 0.000000e+00 2.690472e-21 1.330402e-18 9.965966e-14 1.214910e-30 2.374384e-08 9.330417e-26 2.390185e-27 1.106195e-20 9.058548e-08 0.000000e+00 8.512585e-14 1.003868e-22 8.165324e-25 5.843874e-10 1.713327e-27 6.403889e-33 1.920946e-18 8.477211e-49 1.007318e-22 2.279598e-32 2.868299e-11 1.018657e-44 6.762489e-35 3.258438e-28 1.264320e-25 3.977940e-19 2.155176e-15 6.078186e-25 6.727308e-25 2.913421e-12 5.954725e-15 1.618691e-11 1.921010e-25 4.029705e-15 1.530160e-39 5.229494e-13 3.550100e-26 0.000000e+00 9.016152e-12 3.335348e-17 9.287328e-18 1.741324e-15 1.591547e-21 1.426184e-72 2.450795e-10 3.966533e-28 4.331267e-38 0.000000e+00 1.247416e-72 2.343891e-12 4.056899e-03
1.344133e-07 1.410437e-11 9.398468e-05 1.467322e-11 8.613864e-04 2.410668e-01 6.464638e-12 1.385529e-14 5.164958e-18 1.347752e-21 3.926112e-23 1.661310e-24 1.446820e-21 2.870580e-27 2.961718e-27 4.185123e-30 2.461793e-39 2.321857e-31 2.370207e-02 8.688262e-05 9.954321e-29 3.440461e-17 2.178266e-14 4.793441e-31 3.102939e-29 1.973296e-26 4.569096e-02 1.072955e-17 8.682645e-26 9.307001e-33 6.723344e-13 2.431154e-21 1.346011e-01 9.580441e-13 3.504184e-12 7.527516e-13 3.379633e-18 5.501885e-01 2.419570e-20 5.807099e-10 4.717161e-23 1.332208e-24 3.832650e-24 1.778381e-34 4.220470e-18 3.650347e-21 1.164288e-14 7.471950e-18 2.951614e-12 7.511533e-35 2.770201e-21 1.352569e-18 9.502269e-14 2.544297e-31 1.591554e-08 6.210819e-26 1.025631e-27 5.803078e-21 9.785947e-08 0.000000e+00 1.032281e-13 8.016677e-23 2.892421e-25 5.177941e-10 1.164479e-27 1.195189e-32 1.526894e-18 1.202570e-48 8.670902e-23 9.361970e-34 2.009327e-11 0.000000e+00 1.884588e-35 5.777394e-28 0.000000e+00 2.080413e-19 1.362177e-15 3.303094e-25 5.718958e-25 2.121148e-12 5.169728e-15 1.472801e-11 1.862987e-25 3.465395e-15 1.685431e-39 4.624594e-13 2.758833e-26 2.151396e-26 8.241495e-12 2.597810e-17 6.682223e-18 1.511593e-15 1.368541e-21 1.774922e-72 3.041406e-10 4.753575e-28 5.211488e-38 0.000000e+00 9.932382e-75 1.730834e-12 3.708250e-03
1.167049e-07 1.107241e-11 1.004480e-04 1.135249e-11 9.793781e-04 2.559066e-01 1.015422e-11 3.188757e-14 8.190120e-18 1.724128e-21 4.103193e-23 7.697606e-25 0.000000e+00 0.000000e+00 3.017297e-27 4.290177e-30 1.265031e-39 4.507881e-32 2.283109e-02 8.297145e-05 1.154431e-28 4.119811e-17 2.292798e-14 3.678281e-31 8.599675e-30 1.592156e-30 3.813154e-02 7.633213e-18 1.121319e-25 5.960809e-33 5.188474e-13 2.119700e-21 1.608286e-01 1.050126e-12 5.535564e-12 1.232103e-12 3.507052e-18 5.177764e-01 2.093273e-20 5.346533e-10 0.000000e+00 0.000000e+00 0.000000e+00 1.422303e-34 4.378395e-18 4.651199e-21 1.169717e-14 5.691547e-18 2.261629e-12 0.000000e+00 2.943394e-21 1.397442e-18 9.013917e-14 5.574950e-32 1.033330e-08 4.148509e-26 4.433443e-28 3.067260e-21 1.044795e-07 0.000000e+00 1.250572e-13 6.399540e-23 0.000000e+00 4.538101e-10 7.800413e-28 2.326255e-32 1.221096e-18 1.803835e-48 7.425283e-23 0.000000e+00 1.372640e-11 0.000000e+00 4.714216e-36 9.761392e-28 0.000000e+00 1.080895e-19 8.492581e-16 1.771934e-25 4.943447e-25 1.513725e-12 4.440428e-15 1.329498e-11 1.950647e-25 2.946718e-15 2.093071e-39 4.050626e-13 2.176800e-26 3.804209e-25 7.476092e-12 1.984376e-17 4.722115e-18 1.298195e-15 1.163592e-21 2.806772e-72 3.801399e-10 6.201563e-28 6.954107e-38 0.000000e+00 7.722940e-77 1.195700e-12 3.362796e-03
1.013295e-07 9.042996e-12 1.082382e-04 8.724474e-12 1.110941e-03 2.693645e-01 1.500384e-11 5.629409e-14 1.224976e-17 2.165776e-21 4.493704e-23 2.033625e-24 5.611637e-21 1.885599e-26 2.731277e-27 4.398600e-30 9.659582e-40 9.027474e-33 2.188626e-02 8.102132e-05 1.246707e-28 5.053599e-17 2.370715e-14 2.874248e-31 2.649578e-30 5.685613e-34 3.155701e-02 5.474602e-18 2.206470e-25 3.986889e-33 4.013752e-13 1.829142e-21 1.898095e-01 1.149825e-12 8.225837e-12 1.949487e-12 3.675134e-18 4.830550e-01 1.840932e-20 4.880652e-10 0.000000e+00 0.000000e+00 0.000000e+00 1.171709e-34 4.587151e-18 5.838126e-21 1.107674e-14 4.261178e-18 1.714131e-12 1.002731e-34 2.828627e-21 1.354913e-18 8.503512e-14 1.367029e-32 6.843876e-09 2.697271e-26 1.979518e-28 1.686635e-21 1.102728e-07 0.000000e+00 1.503588e-13 5.023784e-23 0.000000e+00 3.930439e-10 5.373402e-28 3.145060e-32 9.261023e-19 1.889948e-48 6.228503e-23 0.000000e+00 9.357561e-12 0.000000e+00 1.053299e-36 1.547493e-27 0.000000e+00 5.728824e-20 5.238516e-16 1.028367e-25 4.044639e-25 1.051848e-12 3.771592e-15 1.190142e-11 1.865133e-25 2.476396e-15 1.964398e-39 3.512373e-13 1.711212e-26 1.325686e-24 6.727175e-12 1.485868e-17 3.276990e-18 1.102520e-15 9.777698e-22 2.271802e-72 4.707368e-10 8.341899e-28 7.689668e-38 0.000000e+00 5.814780e-79 7.864651e-13 3.027381e-03
8.797976e-08 7.636287e-12 1.176737e-04 6.691213e-12 1.258348e-03 2.812888e-01 2.175595e-11 9.327426e-14 1.821945e-17 2.725760e-21 5.411369e-23 2.006485e-24 0.000000e+00 0.000000e+00 2.401722e-27 5.112648e-30 9.890724e-40 1.868338e-33 2.087165e-02 8.003279e-05 1.308201e-28 6.276138e-17 2.430677e-14 2.263397e-31 1.029188e-30 0.000000e+00 2.595680e-02 3.968652e-18 0.000000e+00 2.752254e-33 3.108946e-13 1.561419e-21 2.214375e-01 1.253546e-12 1.198831e-11 3.298874e-12 3.875714e-18 4.462863e-01 1.640455e-20 4.437720e-10 2.968449e-23 8.549552e-25 2.466757e-24 9.852840e-35 4.836544e-18 7.346636e-21 1.018608e-14 3.168817e-18 1.286470e-12 2.205237e-34 2.652687e-21 1.277752e-18 7.974498e-14 6.099015e-33 4.506489e-09 1.738258e-26 9.111786e-29 9.610169e-22 1.150798e-07 0.000000e+00 1.794253e-13 3.909679e-23 8.235173e-25 3.364323e-10 3.711309e-28 3.933240e-32 6.792016e-19 1.847798e-48 5.165478e-23 8.805700e-31 6.306160e-12 1.053132e-44 2.074715e-37 2.424853e-27 1.417739e-25 3.087336e-20 3.202073e-16 6.177626e-26 3.260475e-25 7.095980e-13 3.166267e-15 1.056043e-11 1.758483e-25 2.055759e-15 1.754602e-39 3.013688e-13 1.330624e-26 3.999446e-24 6.001872e-12 1.089818e-17 2.233656e-18 9.254532e-16 8.115973e-22 1.593945e-72 5.783032e-10 1.221031e-27 8.382048e-38 0.000000e+00 4.252020e-81 4.948720e-13 2.702772e-03
7.638878e-08 6.678897e-12 1.290344e-04 5.151834e-12 1.423412e-03 2.915609e-01 3.365702e-11 1.639432e-13 2.934498e-17 3.713645e-21 8.154129e-23 1.143331e-23 0.000000e+00 6.357491e-26 2.094300e-27 8.370490e-30 1.509035e-39 3.997962e-34 1.979215e-02 7.960082e-05 1.456002e-28 8.471576e-17 2.540358e-14 1.924396e-31 6.641344e-31 3.494729e-35 2.128473e-02 2.916732e-18 0.000000e+00 1.960122e-33 2.415403e-13 1.317739e-21 2.555663e-01 1.360380e-12 1.862859e-11 6.971732e-12 4.108755e-18 4.077725e-01 1.476035e-20 4.025426e-10 1.014818e-22 2.917407e-24 8.439004e-24 8.401630e-35 5.126505e-18 1.000741e-20 9.028522e-15 2.347983e-18 9.578156e-13 1.339663e-33 2.471792e-21 1.192150e-18 7.430692e-14 1.099888e-32 2.940294e-09 1.115825e-26 4.269423e-29 5.624492e-22 1.187773e-07 0.000000e+00 2.118825e-13 3.019812e-23 2.627638e-25 2.845083e-10 2.559058e-28 5.245222e-32 4.871611e-19 1.959995e-48 4.246342e-23 1.923941e-27 4.181115e-12 5.975590e-45 3.541330e-38 4.077360e-27 8.130988e-26 1.686698e-20 1.941821e-16 3.793346e-26 2.612632e-25 4.638444e-13 2.625546e-15 9.283345e-12 1.663617e-25 1.684658e-15 1.574873e-39 2.557154e-13 1.017552e-26 2.838627e-23 5.306495e-12 7.821535e-18 1.496073e-18 7.673086e-16 6.650116e-22 1.099742e-72 7.049463e-10 2.210194e-27 9.402516e-38 0.000000e+00 3.018107e-83 2.972940e-13 2.391293e-03
6.632487e-08 6.072235e-12 1.425974e-04 4.017390e-12 1.607757e-03 3.000788e-01 6.415020e-11 3.531183e-13 5.903340e-17 6.317854e-21 1.668210e-22 2.427588e-23 2.268349e-21 0.000000e+00 1.808968e-27 2.635886e-29 4.513845e-39 8.912200e-35 1.865428e-02 7.996942e-05 2.007675e-28 1.448394e-16 2.978778e-14 2.039420e-31 8.931271e-31 0.000000e+00 1.747461e-02 2.184563e-18 0.000000e+00 1.444131e-33 1.889453e-13 1.098796e-21 2.919773e-01 1.472423e-12 3.564437e-11 2.010509e-11 4.376343e-18 3.678890e-01 1.339067e-20 3.648430e-10 4.971735e-23 1.428786e-24 4.137144e-24 7.246449e-35 5.459614e-18 1.702090e-20 7.269814e-15 1.736438e-18 7.103565e-13 8.527938e-33 2.287501e-21 1.103820e-18 6.876677e-14 3.614859e-32 1.910022e-09 7.146424e-27 1.965714e-29 3.313864e-22 1.212352e-07 0.000000e+00 2.464001e-13 2.312805e-23 0.000000e+00 2.375877e-10 2.018948e-28 8.610554e-32 3.425698e-19 2.613116e-48 3.462780e-23 3.894757e-24 2.724999e-12 1.705584e-45 5.122336e-39 8.445960e-27 2.365913e-26 9.391726e-21 1.171509e-16 2.377270e-26 2.078922e-25 2.931675e-13 2.149154e-15 8.080464e-12 1.574219e-25 1.361932e-15 1.417964e-39 2.144468e-13 7.659347e-27 1.163398e-22 4.646964e-12 5.486427e-18 9.859050e-19 6.280001e-16 5.375508e-22 7.451485e-73 8.568697e-10 5.419450e-27 1.086913e-37 0.000000e+00 2.076226e-85 1.711705e-13 2.095610e-03
5.758683e-08 5.798447e-12 1.586488e-04 3.238614e-12 1.813073e-03 3.067541e-01 1.972269e-10 1.220557e-12 1.939345e-16 1.755043e-20 4.231357e-22 2.577252e-22 2.474154e-21 4.281631e-25 1.546354e-27 1.927892e-28 3.160594e-38 2.374718e-35 1.746682e-02 8.190902e-05 4.678854e-28 4.384002e-16 5.447902e-14 3.551756e-31 1.933791e-30 0.000000e+00 1.445035e-02 1.680727e-18 0.000000e+00 1.111866e-33 1.496987e-13 9.048056e-22 3.303505e-01 1.607873e-12 1.099628e-10 7.168501e-11 4.679091e-18 3.271062e-01 1.225639e-20 3.315190e-10 0.000000e+00 0.000000e+00 0.000000e+00 6.312048e-35 5.836625e-18 4.727158e-20 4.561709e-15 1.286272e-18 5.298591e-13 5.826723e-32 2.101637e-21 1.015054e-18 6.317932e-14 1.237801e-31 1.243265e-09 4.582601e-27 8.128202e-30 1.865147e-22 1.221969e-07 0.000000e+00 2.803391e-13 1.755051e-23 2.454375e-25 1.958359e-10 1.191128e-28 2.275529e-31 2.366032e-19 5.719097e-48 2.806228e-23 0.000000e+00 1.747150e-12 1.418936e-45 6.089164e-40 2.801857e-26 2.034707e-26 5.458454e-21 7.077354e-17 1.530184e-26 1.641320e-25 1.787031e-13 1.735608e-15 6.961046e-12 1.486926e-25 1.085563e-15 1.278336e-39 1.776483e-13 5.838543e-27 4.936319e-22 4.028762e-12 3.756719e-18 6.409925e-19 5.070882e-16 4.284132e-22 4.952494e-73 1.069716e-09 1.692258e-26 1.317259e-37 0.000000e+00 1.382294e-87 9.738575e-14 1.818208e-03
5.000000e-08 7.028726e-12 1.774532e-04 2.836225e-12 2.041666e-03 3.115557e-01 2.187717e-09 1.512735e-11 2.323613e-15 1.778968e-19 1.110981e-21 3.166770e-20 1.490855e-19 5.389531e-23 1.310463e-27 5.422711e-27 8.555181e-37 1.939678e-35 1.624576e-02 8.587502e-05 3.961259e-27 3.874781e-15 4.488955e-13 2.310929e-30 4.676943e-30 5.009796e-34 1.215462e-02 1.342621e-18 5.062086e-24 1.089653e-33 1.220594e-13 7.356927e-22 3.698057e-01 2.183264e-12 1.223385e-09 2.599539e-10 5.008583e-18 2.863714e-01 1.139369e-20 3.056718e-10 2.306041e-26 2.163468e-27 4.912192e-29 5.553203e-35 6.247120e-18 4.790587e-19 1.782164e-15 9.669555e-19 4.064256e-13 3.479665e-31 1.916793e-21 9.290229e-19 5.762220e-14 3.894362e-31 8.191920e-10 2.980728e-27 2.754026e-30 9.679489e-23 1.206169e-07 0.000000e+00 3.090286e-13 1.320142e-23 5.141457e-27 1.593154e-10 7.923416e-29 2.160351e-30 1.621472e-19 4.546022e-47 2.318060e-23 0.000000e+00 1.115018e-12 0.000000e+00 5.707306e-41 3.282260e-25 0.000000e+00 3.591126e-21 4.340900e-17 1.216489e-26 1.285376e-25 1.046254e-13 1.382669e-15 5.934494e-12 1.409956e-25 8.530065e-16 1.152478e-39 1.453580e-13 5.010075e-27 1.902716e-21 3.457648e-12 2.508522e-18 4.134525e-19 4.039134e-16 3.365898e-22 3.227080e-73 2.070753e-09 6.740339e-26 2.472323e-37 0.000000e+00 1.366971e-87 6.331467e-14 1.561700e-03
