PRESS OH H2 H2O H O CH C CH2 CH3 CH4 C2 C2H2 C2H C2H3 C2H4 C2H5 C2H6 CO CO2 CH2OH H2CO HCO CH3O CH3OH CH3CO O2 H2CCO HCCO CH3O2 HO2 CH3OOH N NH CN HCN NH2 N2 NH3 NO N2H2 N2H N2H3 N2H4 HNO H2CN HNCO NO2 N2O C4H2 CH2NH2 CH2NH CH3NH2 CH3CHO O3 NO3 HNO3 HNO2 NCO N2O5 S SH S2 SO H2S CS COS CS2 NS HS2 SO2 S4 S8 HCS S3 H2O2 SO3 HSO3 HSO H2SO4 HC3N CH3CN CH2CN C2H3CN CH3SH CH3S C3H3 C3H2 C3H4 C6H5 C6H6 C4H3 C4H5 S2O O_1 CH2_1 N_2D He H2O_l_s H2SO4_l Ar
1.000000e+00 2.266256e-17 1.217900e-06 8.906695e-03 1.468778e-23 1.716161e-19 1.302299e-35 9.673022e-32 3.404509e-30 2.704304e-17 5.118420e-05 2.367246e-57 3.302589e-12 3.175976e-40 2.495282e-31 1.850959e-10 2.884413e-19 2.658970e-11 5.601640e-07 3.586589e-02 2.834150e-30 1.200254e-09 1.571315e-24 1.761480e-20 2.540607e-13 7.428741e-21 1.931059e-01 2.406339e-16 4.915676e-16 7.911565e-19 2.726901e-18 1.221786e-17 3.517851e-32 1.327090e-24 1.499062e-34 5.187258e-11 9.025584e-22 7.530494e-01 1.513887e-09 4.134531e-07 3.487171e-20 3.389792e-26 1.968711e-20 4.378252e-22 1.456542e-11 1.416173e-17 4.054407e-13 5.433403e-09 3.452682e-07 3.566119e-18 4.197342e-23 1.996659e-20 8.349172e-16 1.125884e-17 8.898494e-14 1.293966e-21 2.087639e-11 1.282792e-10 4.302296e-27 2.325755e-20 2.131097e-27 1.864239e-18 6.204480e-19 8.853401e-20 4.671738e-10 0.000000e+00 5.330578e-10 2.560653e-23 8.051893e-17 7.605836e-19 3.570172e-10 1.015145e-24 3.815729e-30 8.379791e-36 3.459795e-24 2.189505e-12 8.000903e-19 1.214019e-25 1.856382e-09 2.774875e-11 2.615796e-16 3.963669e-11 2.313842e-13 2.178614e-16 3.121802e-17 8.419736e-27 6.138973e-20 1.361739e-14 2.258811e-13 8.398010e-23 6.201327e-17 6.960765e-18 3.204616e-23 1.187605e-32 4.381079e-29 1.768284e-32 1.979765e-49 0.000000e+00 0.000000e+00 8.240423e-18 9.018013e-03
8.682540e-01 2.964265e-17 1.224973e-06 3.194750e-03 2.138372e-23 2.403147e-19 2.226951e-34 0.000000e+00 4.241240e-30 3.225573e-17 5.147138e-05 9.933741e-58 3.322094e-12 2.297231e-40 2.658424e-31 1.861755e-10 3.469897e-19 2.674551e-11 5.663931e-07 3.607258e-02 3.670381e-30 1.193252e-09 2.129893e-24 2.223850e-20 2.555608e-13 1.590683e-20 1.942188e-01 2.420379e-16 4.943978e-16 8.710422e-19 3.322156e-18 1.228688e-17 1.509422e-32 8.001021e-25 0.000000e+00 5.217815e-11 1.088538e-21 7.573894e-01 1.522149e-09 4.157266e-07 3.507001e-20 5.003031e-26 1.979944e-20 4.402721e-22 1.466849e-11 1.424403e-17 4.077999e-13 5.513140e-09 3.472648e-07 3.587098e-18 4.249315e-23 2.008298e-20 8.397807e-16 1.138389e-17 1.283687e-13 1.610156e-21 1.255191e-10 1.291777e-10 7.020923e-27 5.588516e-20 3.760592e-27 2.765859e-18 6.456517e-19 1.539273e-19 4.687312e-10 0.000000e+00 5.354013e-10 2.586699e-23 8.099755e-17 1.170986e-18 3.594567e-10 9.590179e-25 3.838904e-30 8.441849e-36 3.480876e-24 2.204913e-12 1.159109e-18 1.638374e-25 1.867071e-09 2.804052e-11 2.631089e-16 3.986468e-11 2.326766e-13 2.191359e-16 3.143815e-17 1.080623e-26 6.206567e-20 1.369705e-14 2.272025e-13 8.525608e-23 6.236179e-17 7.017109e-18 3.224274e-23 1.194270e-32 9.068302e-29 7.411973e-32 1.065889e-49 0.000000e+00 5.032970e-05 3.161004e-16 9.069986e-03
7.538651e-01 3.714291e-17 1.225797e-06 2.620506e-03 2.931547e-23 3.197897e-19 1.580006e-33 1.087526e-30 4.955978e-30 3.626808e-17 5.149305e-05 2.082314e-57 3.325212e-12 1.508375e-40 2.665039e-31 1.863111e-10 3.969580e-19 2.676657e-11 5.702183e-07 3.609335e-02 4.545709e-30 1.166403e-09 2.683770e-24 2.668831e-20 2.557926e-13 3.537550e-20 1.943307e-01 2.422150e-16 4.946757e-16 9.074803e-19 3.819803e-18 1.229174e-17 6.211436e-33 4.589768e-25 1.601561e-34 5.221595e-11 1.248793e-21 7.578258e-01 1.522512e-09 4.158755e-07 3.508550e-20 7.163495e-26 1.980878e-20 4.403892e-22 1.470846e-11 1.425409e-17 4.080883e-13 5.544636e-09 3.473965e-07 3.590106e-18 4.317090e-23 2.009752e-20 8.403783e-16 1.153705e-17 1.784811e-13 1.903673e-21 2.324762e-10 1.288579e-10 9.938630e-27 1.367895e-19 5.552203e-27 3.946573e-18 7.016484e-19 2.246215e-19 4.678550e-10 2.301779e-29 5.349109e-10 2.613819e-23 8.107695e-17 1.779334e-18 3.601152e-10 9.706617e-25 3.843901e-30 8.523801e-36 3.485443e-24 2.213111e-12 6.715362e-19 2.125663e-25 1.868108e-09 2.803613e-11 2.633085e-16 3.988721e-11 2.327191e-13 2.193039e-16 3.155318e-17 1.612556e-26 6.282798e-20 1.370755e-14 2.273766e-13 8.620032e-23 6.238255e-17 7.052508e-18 3.228505e-23 1.194724e-32 1.648877e-28 1.143554e-31 4.242835e-50 0.000000e+00 5.531584e-06 6.556924e-15 9.075211e-03
6.545464e-01 4.521505e-17 1.226734e-06 2.006403e-03 3.868624e-23 4.122789e-19 9.349254e-33 0.000000e+00 5.595703e-30 3.916975e-17 5.151697e-05 7.387641e-58 3.329390e-12 9.287122e-41 2.563486e-31 1.864704e-10 4.388318e-19 2.679191e-11 5.744536e-07 3.611557e-02 5.487208e-30 1.129078e-09 3.230437e-24 3.091744e-20 2.560897e-13 8.138422e-20 1.944503e-01 2.424234e-16 4.949692e-16 9.099150e-19 4.230379e-18 1.229704e-17 2.267120e-33 2.561025e-25 0.000000e+00 5.225670e-11 1.384929e-21 7.582924e-01 1.522904e-09 4.160661e-07 3.510133e-20 1.005380e-25 1.981835e-20 4.404889e-22 1.475442e-11 1.426623e-17 4.084285e-13 5.554715e-09 3.475474e-07 3.593793e-18 4.428339e-23 2.011465e-20 8.410742e-16 1.179387e-17 2.427253e-13 2.179822e-21 3.351258e-10 1.275872e-10 1.309447e-26 3.414181e-19 7.532458e-27 5.511636e-18 7.990370e-19 3.022576e-19 4.670527e-10 6.896092e-30 5.344184e-10 2.604566e-23 8.117916e-17 2.663530e-18 3.608352e-10 1.072825e-24 3.850791e-30 8.323726e-36 3.491671e-24 2.226401e-12 3.969617e-19 2.685508e-25 1.869180e-09 2.797628e-11 2.635460e-16 3.991139e-11 2.327205e-13 2.195044e-16 3.173399e-17 2.446706e-26 6.402623e-20 1.372007e-14 2.275843e-13 8.718248e-23 6.240259e-17 7.100640e-18 3.233925e-23 1.195213e-32 2.815680e-28 1.976319e-31 1.540394e-50 0.000000e+00 5.555351e-06 7.379378e-14 9.080798e-03
5.683125e-01 5.375142e-17 1.227675e-06 1.442526e-03 4.946808e-23 5.166195e-19 4.672709e-32 0.000000e+00 6.149306e-30 4.059905e-17 5.153859e-05 9.042245e-59 3.334507e-12 6.509383e-41 2.356763e-31 1.866370e-10 4.694158e-19 2.681923e-11 5.790285e-07 3.613596e-02 6.460659e-30 1.084465e-09 3.759253e-24 3.470862e-20 2.564331e-13 2.000467e-19 1.945602e-01 2.426418e-16 4.952342e-16 8.793015e-19 4.534336e-18 1.230232e-17 3.983759e-34 1.373665e-25 0.000000e+00 5.229565e-11 1.487141e-21 7.587209e-01 1.523192e-09 4.162604e-07 3.511514e-20 1.398367e-25 1.982667e-20 4.405530e-22 1.480033e-11 1.427947e-17 4.087876e-13 5.545472e-09 3.476903e-07 3.597855e-18 4.588079e-23 2.013263e-20 8.417948e-16 1.216838e-17 3.262920e-13 2.427759e-21 4.308626e-10 1.252315e-10 1.650939e-26 9.142449e-19 9.710744e-27 7.579431e-18 9.432410e-19 3.875624e-19 4.663018e-10 0.000000e+00 5.338959e-10 2.579057e-23 8.129807e-17 3.970359e-18 3.615744e-10 1.281397e-24 3.859267e-30 7.925701e-36 3.499324e-24 2.245317e-12 2.313603e-19 3.327685e-25 1.870111e-09 2.759376e-11 2.637985e-16 3.993360e-11 2.326623e-13 2.197184e-16 3.198223e-17 4.066200e-26 6.567544e-20 1.373344e-14 2.278060e-13 8.815723e-23 6.241845e-17 7.159003e-18 3.240173e-23 1.195638e-32 4.613416e-28 4.282038e-31 4.923603e-51 0.000000e+00 5.161838e-06 4.583330e-13 9.085927e-03
4.934396e-01 6.263585e-17 1.228563e-06 9.768855e-04 6.142814e-23 6.282076e-19 1.991105e-31 0.000000e+00 6.631175e-30 4.005489e-17 5.155545e-05 0.000000e+00 3.340576e-12 4.051889e-40 2.045068e-31 1.868028e-10 4.843432e-19 2.684738e-11 5.839306e-07 3.615280e-02 7.461311e-30 1.035639e-09 4.261032e-24 3.777572e-20 2.568141e-13 5.563667e-19 1.946509e-01 2.428596e-16 4.954482e-16 8.154273e-19 4.706834e-18 1.230753e-17 2.153708e-34 7.042289e-26 0.000000e+00 5.233032e-11 1.541978e-21 7.590747e-01 1.523300e-09 4.164351e-07 3.512584e-20 1.955324e-25 1.983299e-20 4.405773e-22 1.484237e-11 1.429336e-17 4.091497e-13 5.520887e-09 3.478092e-07 3.602143e-18 4.802040e-23 2.015058e-20 8.425026e-16 1.267561e-17 4.386016e-13 2.632424e-21 5.185734e-10 1.218522e-10 2.017928e-26 3.051161e-18 1.208965e-26 1.030298e-17 1.137835e-18 4.806189e-19 4.655823e-10 0.000000e+00 5.333280e-10 2.600407e-23 8.143115e-17 5.941004e-18 3.623113e-10 1.620568e-24 3.869123e-30 8.021336e-36 3.508312e-24 2.270444e-12 1.307919e-19 4.074626e-25 1.870812e-09 2.635812e-11 2.640546e-16 3.995193e-11 2.325375e-13 2.199366e-16 3.229974e-17 6.765274e-26 6.779566e-20 1.374706e-14 2.280319e-13 8.905752e-23 6.242862e-17 7.226193e-18 3.247070e-23 1.195943e-32 7.376713e-28 1.188521e-30 1.317301e-51 0.000000e+00 4.299451e-06 1.666284e-12 9.090163e-03
4.284310e-01 7.183426e-17 1.229380e-06 6.258232e-04 7.438089e-23 7.421704e-19 7.293110e-31 2.699650e-31 7.333536e-30 3.752341e-17 5.156673e-05 6.565996e-56 3.347692e-12 7.671421e-39 1.667005e-31 1.869651e-10 4.822003e-19 2.687602e-11 5.891536e-07 3.616550e-02 8.478485e-30 9.858465e-10 4.735699e-24 3.995257e-20 2.572297e-13 1.813442e-18 1.947193e-01 2.430734e-16 4.956047e-16 7.248973e-19 4.754492e-18 1.231293e-17 0.000000e+00 3.743450e-26 0.000000e+00 5.235986e-11 1.544693e-21 7.593414e-01 1.523203e-09 4.165786e-07 3.513335e-20 2.777166e-25 1.983718e-20 4.405692e-22 1.487805e-11 1.430787e-17 4.095106e-13 5.486188e-09 3.478969e-07 3.606611e-18 5.075479e-23 2.016823e-20 8.431855e-16 1.332881e-17 5.941820e-13 2.794573e-21 5.972944e-10 1.176877e-10 2.413442e-26 1.477884e-17 1.467702e-26 1.389873e-17 1.380823e-18 5.813577e-19 4.648863e-10 0.000000e+00 5.327160e-10 2.605451e-23 8.157793e-17 8.855470e-18 3.630353e-10 2.110647e-24 3.880134e-30 7.868951e-36 3.518600e-24 2.302273e-12 8.746572e-20 4.959850e-25 1.871254e-09 2.404014e-11 2.643108e-16 3.996573e-11 2.323482e-13 2.201558e-16 3.268803e-17 1.426682e-25 7.040226e-20 1.376074e-14 2.282588e-13 8.976943e-23 6.243320e-17 7.301210e-18 3.254545e-23 1.196108e-32 1.164848e-27 4.075203e-30 3.127074e-52 0.000000e+00 3.263756e-06 3.899645e-12 9.093357e-03
3.719869e-01 8.145406e-17 1.230131e-06 3.852094e-04 8.836116e-23 8.553086e-19 2.313237e-30 0.000000e+00 8.979682e-30 3.350447e-17 5.157265e-05 0.000000e+00 3.355993e-12 1.135035e-37 1.281263e-31 1.871247e-10 4.650806e-19 2.690527e-11 5.946955e-07 3.617419e-02 9.543532e-30 9.381897e-10 5.194244e-24 4.126570e-20 2.576806e-13 7.038713e-18 1.947662e-01 2.432842e-16 4.957077e-16 6.195783e-19 4.714070e-18 1.231897e-17 7.405826e-35 2.501586e-26 0.000000e+00 5.238446e-11 1.500979e-21 7.595243e-01 1.522906e-09 4.166869e-07 3.513821e-20 4.032480e-25 1.983947e-20 4.405422e-22 1.490596e-11 1.432319e-17 4.098737e-13 5.447309e-09 3.479529e-07 3.611280e-18 5.413110e-23 2.018568e-20 8.438473e-16 1.413930e-17 8.149345e-13 2.931477e-21 6.663213e-10 1.131103e-10 2.846177e-26 6.148939e-17 1.749548e-26 1.868258e-17 1.660969e-18 6.898973e-19 4.642116e-10 1.014447e-29 5.320705e-10 2.635401e-23 8.173917e-17 1.278988e-17 3.637436e-10 2.748638e-24 3.891982e-30 8.176467e-36 3.530172e-24 2.341178e-12 9.783866e-20 6.030766e-25 1.871452e-09 2.109566e-11 2.645682e-16 3.997514e-11 2.321026e-13 2.203772e-16 3.314942e-17 3.500269e-25 7.350815e-20 1.377456e-14 2.284880e-13 9.017453e-23 6.243324e-17 7.383360e-18 3.262593e-23 1.196140e-32 1.831345e-27 1.518430e-29 7.972393e-53 0.000000e+00 2.251921e-06 6.688974e-12 9.095545e-03
3.229791e-01 9.160460e-17 1.230874e-06 2.300283e-04 1.036258e-22 9.681610e-19 6.442088e-30 0.000000e+00 1.286658e-29 2.878150e-17 5.157420e-05 0.000000e+00 3.366151e-12 1.283799e-36 9.382449e-32 1.872933e-10 4.373700e-19 2.693718e-11 6.008674e-07 3.617979e-02 1.067659e-29 8.930545e-10 5.643359e-24 4.186893e-20 2.581951e-13 3.198180e-17 1.947964e-01 2.435074e-16 4.957708e-16 5.123711e-19 4.631289e-18 1.232656e-17 0.000000e+00 2.357672e-26 0.000000e+00 5.240611e-11 1.423095e-21 7.596422e-01 1.522411e-09 4.167651e-07 3.514153e-20 5.981466e-25 1.984037e-20 4.405115e-22 1.492671e-11 1.434050e-17 4.102664e-13 5.408320e-09 3.479823e-07 3.616466e-18 5.840551e-23 2.020419e-20 8.445369e-16 1.516829e-17 1.131844e-12 3.080566e-21 7.283147e-10 1.083362e-10 3.332113e-26 1.487187e-16 2.059314e-26 2.512007e-17 1.972206e-18 8.073229e-19 4.635252e-10 0.000000e+00 5.313724e-10 2.647790e-23 8.192563e-17 1.755707e-17 3.644760e-10 3.537461e-24 3.904858e-30 8.221022e-36 3.543689e-24 2.389858e-12 1.658039e-19 7.334808e-25 1.871448e-09 1.838822e-11 2.648451e-16 3.998115e-11 2.317965e-13 2.206163e-16 3.371614e-17 9.006606e-25 7.731664e-20 1.378948e-14 2.287354e-13 9.032210e-23 6.243015e-17 7.476887e-18 3.271703e-23 1.196056e-32 2.878163e-27 5.611219e-29 2.505115e-53 0.000000e+00 1.389719e-06 9.168412e-12 9.096956e-03
2.804279e-01 1.027742e-16 1.231682e-06 1.388578e-04 1.227851e-22 1.113174e-18 1.595922e-29 6.128740e-31 2.147232e-29 2.535848e-17 5.157214e-05 1.443759e-53 3.379231e-12 1.147106e-35 7.117697e-32 1.874863e-10 4.167080e-19 2.697460e-11 6.081150e-07 3.618308e-02 1.194260e-29 8.507644e-10 6.124032e-24 4.277853e-20 2.588160e-13 1.205947e-16 1.948142e-01 2.437633e-16 4.958058e-16 4.291447e-19 4.639141e-18 1.233704e-17 8.135079e-35 2.743896e-26 2.816105e-35 5.242688e-11 1.364867e-21 7.597115e-01 1.521696e-09 4.168171e-07 3.514454e-20 8.676451e-25 1.984036e-20 4.404947e-22 1.494050e-11 1.436156e-17 4.107263e-13 5.373669e-09 3.479891e-07 3.622628e-18 6.400806e-23 2.022545e-20 8.453179e-16 1.651888e-17 1.548143e-12 3.335303e-21 7.851585e-10 1.036422e-10 3.906388e-26 2.513783e-16 2.413063e-26 3.388846e-17 2.303129e-18 9.406852e-19 4.627911e-10 2.039757e-29 5.305950e-10 2.683818e-23 8.215364e-17 2.266949e-17 3.652833e-10 4.352555e-24 3.918887e-30 8.905868e-36 3.560188e-24 2.452819e-12 3.087565e-19 8.823302e-25 1.871270e-09 1.631911e-11 2.651666e-16 3.998462e-11 2.314169e-13 2.208948e-16 3.444297e-17 2.464405e-24 8.217019e-20 1.380686e-14 2.290235e-13 9.067897e-23 6.242529e-17 7.588484e-18 3.282615e-23 1.195864e-32 4.444934e-27 1.943912e-28 1.063079e-53 0.000000e+00 7.452811e-07 1.093779e-11 9.097784e-03
2.434827e-01 1.137795e-16 1.233102e-06 7.583722e-05 1.508054e-22 1.385892e-18 3.607823e-29 0.000000e+00 4.001234e-29 2.570403e-17 5.156440e-05 3.662763e-51 3.405278e-12 8.406398e-35 6.532541e-32 1.878384e-10 4.277635e-19 2.704393e-11 6.213568e-07 3.618533e-02 1.326000e-29 7.933257e-10 6.562472e-24 4.527198e-20 2.599843e-13 2.363101e-16 1.948264e-01 2.442307e-16 4.958302e-16 3.940988e-19 4.865962e-18 1.235970e-17 3.696987e-34 3.291521e-26 6.892280e-35 5.245954e-11 1.400385e-21 7.597594e-01 1.520245e-09 4.168564e-07 3.515061e-20 1.088918e-24 1.983971e-20 4.405256e-22 1.494969e-11 1.440189e-17 4.115820e-13 5.337520e-09 3.479685e-07 3.634139e-18 7.527221e-23 2.026436e-20 8.467330e-16 1.923658e-17 1.948352e-12 3.828127e-21 8.629038e-10 9.730024e-11 4.630535e-26 4.068582e-16 2.844812e-26 4.575897e-17 2.792634e-18 1.110029e-18 4.615752e-10 2.443616e-29 5.292757e-10 2.718241e-23 8.258790e-17 2.978492e-17 3.666834e-10 5.400590e-24 3.941428e-30 9.575626e-36 3.591279e-24 2.577532e-12 6.255161e-19 1.001585e-24 1.870760e-09 1.412599e-11 2.657585e-16 3.998686e-11 2.307114e-13 2.214085e-16 3.587696e-17 4.220610e-24 9.168150e-20 1.383890e-14 2.295548e-13 9.280030e-23 6.241744e-17 7.794886e-18 3.302995e-23 1.195416e-32 6.428576e-27 7.258501e-28 8.181526e-54 0.000000e+00 3.056878e-07 1.256352e-11 9.098354e-03
2.114048e-01 1.204307e-16 1.236282e-06 3.788622e-05 1.808818e-22 1.754588e-18 7.489688e-29 0.000000e+00 7.402677e-29 2.558807e-17 5.154450e-05 4.729820e-49 3.467833e-12 5.110961e-34 5.991288e-32 1.886398e-10 4.295998e-19 2.720283e-11 6.508946e-07 3.618663e-02 1.416718e-29 7.039766e-10 6.653749e-24 4.623969e-20 2.626710e-13 3.926725e-16 1.948338e-01 2.452952e-16 4.958572e-16 3.520824e-19 4.955405e-18 1.241799e-17 4.163074e-33 3.955589e-26 3.088573e-35 5.252715e-11 1.397900e-21 7.597884e-01 1.516878e-09 4.168702e-07 3.516829e-20 1.275174e-24 1.983881e-20 4.407787e-22 1.494263e-11 1.449662e-17 4.135594e-13 5.314740e-09 3.478871e-07 3.660616e-18 1.026520e-22 2.035311e-20 8.499441e-16 2.586068e-17 2.414646e-12 4.450822e-21 9.876159e-10 8.743188e-11 5.516309e-26 6.787072e-16 3.349182e-26 6.168925e-17 3.544377e-18 1.306551e-18 4.591385e-10 1.173311e-29 5.265996e-10 2.721254e-23 8.359856e-17 4.031450e-17 3.696741e-10 7.239059e-24 3.982827e-30 9.252520e-36 3.662223e-24 2.875474e-12 1.325159e-18 1.080566e-24 1.869473e-09 1.153806e-11 2.671112e-16 3.998786e-11 2.291581e-13 2.225835e-16 3.925759e-17 7.129087e-24 1.142250e-19 1.391221e-14 2.307702e-13 9.928901e-23 6.240840e-17 8.259804e-18 3.349554e-23 1.194353e-32 9.161819e-27 2.788033e-27 6.751466e-54 0.000000e+00 7.985676e-08 1.390341e-11 9.098693e-03
1.835531e-01 1.184350e-16 1.243368e-06 2.290586e-05 2.089405e-22 2.282389e-18 1.440157e-28 2.645202e-31 1.340388e-28 2.400554e-17 5.150292e-05 3.324734e-47 3.612102e-12 2.654311e-33 5.336241e-32 1.904336e-10 4.119634e-19 2.755928e-11 7.150898e-07 3.618703e-02 1.424384e-29 5.778817e-10 6.195240e-24 4.423591e-20 2.686703e-13 5.540139e-16 1.948366e-01 2.476784e-16 4.959267e-16 2.940699e-19 4.798830e-18 1.255811e-17 4.158319e-32 4.755792e-26 1.324738e-35 5.267061e-11 1.326495e-21 7.598000e-01 1.509507e-09 4.168124e-07 3.521500e-20 1.367222e-24 1.983896e-20 4.417714e-22 1.488368e-11 1.471211e-17 4.180379e-13 5.368069e-09 3.476910e-07 3.720076e-18 1.675250e-22 2.055203e-20 8.571250e-16 4.168142e-17 2.989074e-12 5.179008e-21 1.175409e-09 7.320657e-11 6.645865e-26 1.123460e-15 3.937364e-26 8.300811e-17 4.386505e-18 1.516197e-18 4.543741e-10 8.836771e-30 5.213839e-10 2.686455e-23 8.588590e-17 5.364965e-17 3.759123e-10 9.106211e-24 4.043598e-30 7.904507e-36 3.817948e-24 3.564482e-12 2.163287e-18 1.081964e-24 1.866691e-09 8.818521e-12 2.701429e-16 3.998751e-11 2.258944e-13 2.252174e-16 4.692069e-17 1.157614e-23 1.664707e-19 1.407654e-14 2.334946e-13 1.165265e-22 6.241302e-17 9.278381e-18 3.453134e-23 1.192076e-32 1.305910e-26 8.406911e-27 5.727717e-54 0.000000e+00 6.346833e-09 1.418518e-11 9.098815e-03
1.593707e-01 1.053725e-16 1.257542e-06 1.386981e-05 2.297554e-22 3.088310e-18 2.626930e-28 1.925947e-32 2.376117e-28 2.008326e-17 5.142990e-05 1.396964e-45 3.904768e-12 1.213308e-32 4.449979e-32 1.940201e-10 3.677104e-19 2.827234e-11 8.396943e-07 3.618707e-02 1.322990e-29 4.293160e-10 5.183111e-24 3.842927e-20 2.805540e-13 6.939968e-16 1.948382e-01 2.524431e-16 4.961240e-16 2.182078e-19 4.349755e-18 1.284444e-17 3.211495e-31 5.756561e-26 0.000000e+00 5.294790e-11 1.193637e-21 7.598073e-01 1.495245e-09 4.166087e-07 3.530942e-20 1.363618e-24 1.983956e-20 4.445608e-22 1.471376e-11 1.514425e-17 4.270769e-13 5.606294e-09 3.473272e-07 3.839052e-18 3.061985e-22 2.095014e-20 8.714799e-16 7.627608e-17 3.795297e-12 5.930608e-21 1.423238e-09 5.569542e-11 8.164495e-26 1.779911e-15 4.615682e-26 1.114462e-16 4.826911e-18 1.699840e-18 4.459342e-10 1.101550e-30 5.123581e-10 2.633329e-23 9.049447e-17 6.714067e-17 3.874860e-10 8.985802e-24 4.093060e-30 6.711815e-36 4.119468e-24 4.988068e-12 3.221599e-18 9.874970e-25 1.861629e-09 6.380956e-12 2.762056e-16 3.998626e-11 2.198593e-13 2.304848e-16 6.242368e-17 1.943571e-23 2.763985e-19 1.440518e-14 2.389433e-13 1.598480e-22 6.246903e-17 1.126938e-17 3.658512e-23 1.187831e-32 1.909981e-26 2.405782e-26 4.657901e-54 0.000000e+00 3.383180e-11 1.287366e-11 9.098869e-03
1.383743e-01 8.798370e-17 1.279543e-06 9.044858e-06 2.460949e-22 4.323899e-18 4.598947e-28 1.679128e-32 4.139692e-28 1.522169e-17 5.133062e-05 3.782136e-44 4.360222e-12 4.928361e-32 3.540273e-32 1.995782e-10 3.141167e-19 2.937791e-11 1.027856e-06 3.618681e-02 1.176078e-29 2.993159e-10 4.066331e-24 3.129604e-20 2.987303e-13 8.540491e-16 1.948389e-01 2.598267e-16 4.965034e-16 1.468315e-19 3.811166e-18 1.327806e-17 1.974703e-30 7.046574e-26 2.588654e-36 5.336595e-11 1.157489e-21 7.598115e-01 1.473771e-09 4.162229e-07 3.543218e-20 1.470812e-24 1.983181e-20 4.500406e-22 1.441200e-11 1.580871e-17 4.411994e-13 6.073358e-09 3.468209e-07 4.023558e-18 5.394947e-22 2.156766e-20 8.937242e-16 1.379132e-16 5.001628e-12 6.741406e-21 1.682254e-09 3.982821e-11 1.028955e-25 2.580888e-15 5.404200e-26 1.493651e-16 4.651561e-18 1.840721e-18 4.340418e-10 7.112331e-31 5.002133e-10 2.560874e-23 9.770029e-17 7.792733e-17 4.040722e-10 6.797664e-24 4.100865e-30 6.189325e-36 4.573559e-24 7.294955e-12 4.222362e-18 8.546046e-25 1.854669e-09 4.630987e-12 2.856022e-16 3.998425e-11 2.112861e-13 2.386483e-16 8.718076e-17 3.431121e-23 4.598220e-19 1.491457e-14 2.473884e-13 2.620269e-22 6.261647e-17 1.429580e-17 3.974599e-23 1.181685e-32 2.895720e-26 6.104620e-26 3.556015e-54 0.000000e+00 3.374021e-11 1.058908e-11 9.098869e-03
1.201440e-01 7.162718e-17 1.310641e-06 7.199121e-06 2.629720e-22 6.191697e-18 7.811140e-28 9.713267e-33 7.078867e-28 1.086411e-17 5.120714e-05 7.045908e-43 5.000873e-12 1.794938e-31 2.789715e-32 2.074189e-10 2.666486e-19 3.093851e-11 1.287335e-06 3.618628e-02 1.038393e-29 1.992790e-10 3.055514e-24 2.479223e-20 3.239808e-13 1.096568e-15 1.948390e-01 2.702414e-16 4.971101e-16 9.324144e-20 3.324178e-18 1.385671e-17 9.948728e-30 8.742661e-26 3.706997e-36 5.394191e-11 1.473077e-21 7.598138e-01 1.444224e-09 4.156477e-07 3.554855e-20 2.102162e-24 1.980034e-20 4.593271e-22 1.397392e-11 1.673191e-17 4.612658e-13 6.760579e-09 3.461807e-07 4.284062e-18 8.981216e-22 2.243950e-20 9.251010e-16 2.434214e-16 6.792686e-12 7.856412e-21 1.941886e-09 2.767975e-11 1.341404e-25 3.548689e-15 6.328305e-26 1.998853e-16 4.193573e-18 1.953871e-18 4.184605e-10 4.546247e-31 4.852852e-10 2.452102e-23 1.079823e-16 8.633688e-17 4.256609e-10 4.508700e-24 4.087915e-30 6.516767e-36 5.206994e-24 1.075033e-11 4.460944e-18 7.284721e-25 1.846092e-09 3.424091e-12 2.988593e-16 3.998147e-11 2.002962e-13 2.501646e-16 1.240372e-16 6.399780e-23 7.409437e-19 1.563328e-14 2.593037e-13 5.297544e-22 6.289548e-17 1.849679e-17 4.418126e-23 1.173548e-32 4.518562e-26 1.236172e-25 2.610224e-54 0.000000e+00 3.837368e-11 8.135037e-12 9.098826e-03
1.043155e-01 6.001147e-17 1.351627e-06 6.619208e-06 2.919356e-22 8.942125e-18 1.300336e-27 2.215891e-33 1.189042e-27 7.805900e-18 5.106316e-05 9.547787e-42 5.837703e-12 5.891781e-31 2.311114e-32 2.177329e-10 2.377187e-19 3.299309e-11 1.621858e-06 3.618553e-02 9.579735e-30 1.294224e-10 2.250084e-24 2.018133e-20 3.566659e-13 1.553640e-15 1.948386e-01 2.839391e-16 4.979581e-16 5.970044e-20 3.015887e-18 1.456227e-17 4.208937e-29 1.098942e-25 1.468787e-36 5.468404e-11 2.580472e-21 7.598153e-01 1.406216e-09 4.149054e-07 3.561306e-20 4.165682e-24 1.972789e-20 4.735624e-22 1.341658e-11 1.792346e-17 4.878339e-13 7.616521e-09 3.454224e-07 4.627128e-18 1.409568e-21 2.358726e-20 9.663705e-16 4.202753e-16 9.356702e-12 9.595054e-21 2.203209e-09 1.967619e-11 1.825136e-25 4.728044e-15 7.427296e-26 2.671914e-16 3.823319e-18 2.083439e-18 3.991738e-10 5.530528e-31 4.681211e-10 2.300806e-23 1.217125e-16 9.340947e-17 4.518599e-10 3.061743e-24 4.079892e-30 8.251847e-36 6.048374e-24 1.565717e-11 4.225299e-18 6.436294e-25 1.836277e-09 2.599219e-12 3.163002e-16 3.997796e-11 1.872706e-13 2.653135e-16 1.764019e-16 1.249941e-22 1.141766e-18 1.657890e-14 2.749804e-13 1.270220e-21 6.334006e-17 2.394967e-17 4.999302e-23 1.163467e-32 7.147904e-26 2.138989e-25 1.956817e-54 0.000000e+00 4.360521e-11 6.024557e-12 9.098755e-03
9.057237e-02 5.476244e-17 1.401869e-06 6.435383e-06 3.547740e-22 1.298646e-17 2.136471e-27 1.713225e-33 1.985305e-27 6.170250e-18 5.090602e-05 9.838432e-41 6.852967e-12 1.748678e-30 2.178057e-32 2.303567e-10 2.375846e-19 3.551041e-11 2.023942e-06 3.618461e-02 9.710202e-30 8.484425e-11 1.683304e-24 1.799037e-20 3.960483e-13 2.676530e-15 1.948381e-01 3.007007e-16 4.990038e-16 4.186629e-20 3.011066e-18 1.535479e-17 1.526157e-28 1.388496e-25 2.886117e-36 5.557581e-11 5.255170e-21 7.598167e-01 1.360678e-09 4.140420e-07 3.558241e-20 9.373589e-24 1.960235e-20 4.935095e-22 1.278264e-11 1.935302e-17 5.205469e-13 8.561856e-09 3.445813e-07 5.047617e-18 2.083489e-21 2.499314e-20 1.016874e-15 7.069664e-16 1.274099e-11 1.232613e-20 2.467249e-09 1.515193e-11 2.609749e-25 6.128720e-15 8.778606e-26 3.566899e-16 3.748197e-18 2.298862e-18 3.768419e-10 1.486697e-30 4.497106e-10 2.117044e-23 1.388498e-16 1.003043e-16 4.814963e-10 2.380267e-24 4.091933e-30 1.250963e-35 7.107435e-24 2.224541e-11 4.116079e-18 6.167675e-25 1.825732e-09 2.042266e-12 3.376497e-16 3.997381e-11 1.730202e-13 2.838542e-16 2.470209e-16 2.385507e-22 1.670438e-18 1.773655e-14 2.941718e-13 3.249034e-21 6.396273e-17 3.055106e-17 5.708804e-23 1.151816e-32 1.121362e-25 3.483313e-25 1.710749e-54 0.000000e+00 4.970549e-11 4.462223e-12 9.098663e-03
7.863982e-02 5.517411e-17 1.460498e-06 6.342700e-06 4.735771e-22 1.845830e-17 3.481235e-27 4.174457e-34 3.275200e-27 5.323525e-18 5.074167e-05 8.024904e-40 8.026008e-12 4.694398e-30 2.268058e-32 2.450718e-10 2.635115e-19 3.844841e-11 2.484984e-06 3.618354e-02 1.090680e-29 5.790008e-11 1.312565e-24 1.762734e-20 4.412956e-13 7.656834e-15 1.948375e-01 3.202337e-16 5.001670e-16 3.221066e-20 3.338223e-18 1.620113e-17 4.840708e-28 1.776905e-25 4.497836e-36 5.659826e-11 1.066022e-20 7.598182e-01 1.308743e-09 4.131188e-07 3.542843e-20 2.159822e-23 1.941843e-20 5.198484e-22 1.211530e-11 2.098793e-17 5.588935e-13 9.510838e-09 3.436872e-07 5.538589e-18 2.925868e-21 2.663317e-20 1.075732e-15 1.160481e-15 1.732497e-11 1.596287e-20 2.736984e-09 1.288707e-11 3.924804e-25 7.724754e-15 1.046808e-25 4.764739e-16 4.046303e-18 2.675518e-18 3.522244e-10 3.205632e-30 4.308601e-10 1.914998e-23 1.593310e-16 1.089183e-16 5.135328e-10 2.263137e-24 4.131080e-30 2.115575e-35 8.396401e-24 3.078290e-11 4.374499e-18 6.557669e-25 1.814707e-09 1.664948e-12 3.625394e-16 3.996912e-11 1.582883e-13 3.054651e-16 3.391600e-16 4.834862e-22 2.332050e-18 1.908635e-14 3.165478e-13 8.450410e-21 6.476298e-17 3.817805e-17 6.534662e-23 1.138963e-32 1.752946e-25 5.517898e-25 1.551189e-54 0.000000e+00 5.645714e-11 3.397984e-12 9.098558e-03
6.827934e-02 6.101377e-17 1.525250e-06 6.255788e-06 6.892898e-22 2.573484e-17 5.625833e-27 0.000000e+00 5.356196e-27 5.079300e-18 5.057789e-05 5.337833e-39 9.310730e-12 1.145722e-29 2.620505e-32 2.613139e-10 3.226515e-19 4.169583e-11 2.986254e-06 3.618239e-02 1.341869e-29 4.263055e-11 1.105960e-24 1.897526e-20 4.905962e-13 2.804676e-14 1.948369e-01 3.417864e-16 5.013294e-16 2.744558e-20 4.093273e-18 1.706020e-17 1.364422e-27 2.288517e-25 7.228867e-36 5.771005e-11 2.056362e-20 7.598198e-01 1.252781e-09 4.121938e-07 3.514340e-20 4.778544e-23 1.918125e-20 5.525739e-22 1.146473e-11 2.276176e-17 6.014463e-13 1.039243e-08 3.427819e-07 6.081541e-18 3.923509e-21 2.844472e-20 1.140682e-15 1.848081e-15 2.326228e-11 2.053668e-20 3.007851e-09 1.206429e-11 6.165248e-25 9.426183e-15 1.267328e-25 6.369749e-16 4.751142e-18 3.329606e-18 3.266330e-10 6.513203e-30 4.125540e-10 1.713067e-23 1.826384e-16 1.201877e-16 5.464605e-10 2.551508e-24 4.198508e-30 3.735191e-35 9.899662e-24 4.136350e-11 5.080839e-18 7.633753e-25 1.803450e-09 1.414842e-12 3.900158e-16 3.996405e-11 1.439613e-13 3.293164e-16 4.544948e-16 9.956354e-22 3.116266e-18 2.057665e-14 3.412519e-13 2.119045e-20 6.571066e-17 4.653634e-17 7.445783e-23 1.125513e-32 2.704871e-25 8.639362e-25 1.513459e-54 0.000000e+00 6.405154e-11 2.722235e-12 9.098442e-03
5.928381e-02 7.256156e-17 1.595504e-06 6.151710e-06 1.072690e-21 3.543301e-17 8.993331e-27 0.000000e+00 8.692099e-27 5.310498e-18 5.041652e-05 2.973392e-38 1.069589e-11 2.570064e-29 3.319389e-32 2.789332e-10 4.292829e-19 4.522389e-11 3.522538e-06 3.618115e-02 1.769391e-29 3.448650e-11 1.025970e-24 2.207592e-20 5.434766e-13 9.245951e-14 1.948361e-01 3.651574e-16 5.024068e-16 2.558307e-20 5.431204e-18 1.792383e-17 3.466907e-27 2.955718e-25 1.209151e-35 5.889986e-11 3.738921e-20 7.598215e-01 1.193740e-09 4.112908e-07 3.472749e-20 9.899407e-23 1.889464e-20 5.923523e-22 1.085326e-11 2.465767e-17 6.478472e-13 1.118039e-08 3.418760e-07 6.671742e-18 5.089712e-21 3.041128e-20 1.211118e-15 2.873011e-15 3.068075e-11 2.624914e-20 3.280436e-09 1.218435e-11 9.990725e-25 1.118701e-14 1.565521e-25 8.517607e-16 5.929921e-18 4.414924e-18 3.006562e-10 1.232209e-29 3.950643e-10 1.520557e-23 2.088475e-16 1.345434e-16 5.798712e-10 3.237998e-24 4.293858e-30 6.711599e-35 1.163788e-23 5.432452e-11 6.324672e-18 9.488528e-25 1.791737e-09 1.250871e-12 4.198258e-16 3.995867e-11 1.303400e-13 3.551868e-16 5.978028e-16 2.023395e-21 4.032750e-18 2.219378e-14 3.680575e-13 5.024666e-20 6.678835e-17 5.555109e-17 8.434429e-23 1.111659e-32 4.104158e-25 1.342289e-24 1.621813e-54 0.000000e+00 7.273760e-11 2.310324e-12 9.098319e-03
5.147341e-02 9.087783e-17 1.669015e-06 6.028132e-06 1.735992e-21 4.800071e-17 1.417513e-26 2.411744e-35 1.390858e-26 5.914787e-18 5.026218e-05 1.415361e-37 1.213967e-11 5.331190e-29 4.464040e-32 2.973732e-10 6.021727e-19 4.892198e-11 4.076675e-06 3.617986e-02 2.442088e-29 3.087052e-11 1.054128e-24 2.705001e-20 5.982900e-13 2.442599e-13 1.948354e-01 3.896060e-16 5.032971e-16 2.540523e-20 7.560502e-18 1.877015e-17 8.047362e-27 3.828395e-25 2.000598e-35 6.012981e-11 6.408356e-20 7.598233e-01 1.133963e-09 4.104551e-07 3.419877e-20 1.939466e-22 1.857129e-20 6.387806e-22 1.030912e-11 2.661765e-17 6.966583e-13 1.183605e-08 3.409968e-07 7.290755e-18 6.414320e-21 3.247082e-20 1.284809e-15 4.337349e-15 3.987786e-11 3.309532e-20 3.547192e-09 1.300223e-11 1.640667e-24 1.293295e-14 1.979966e-25 1.139858e-15 7.686091e-18 6.152751e-18 2.754188e-10 2.174891e-29 3.789334e-10 1.347168e-23 2.374283e-16 1.522564e-16 6.127291e-10 4.431291e-24 4.412856e-30 1.200402e-34 1.358823e-23 6.967861e-11 8.265342e-18 1.234275e-24 1.779554e-09 1.150300e-12 4.510274e-16 3.995313e-11 1.179028e-13 3.822576e-16 7.709371e-16 4.115517e-21 5.071457e-18 2.388672e-14 3.961182e-13 1.114073e-19 6.794241e-17 6.494199e-17 9.470004e-23 1.097874e-32 6.134219e-25 2.060615e-24 1.820420e-54 0.000000e+00 8.257711e-11 2.076816e-12 9.098191e-03
4.469200e-02 1.187190e-16 1.744991e-06 5.886284e-06 2.907809e-21 6.487932e-17 2.194169e-26 9.715472e-36 2.200637e-26 7.070086e-18 5.011545e-05 5.856649e-37 1.362991e-11 1.034810e-28 6.395241e-32 3.164415e-10 8.922123e-19 5.275187e-11 4.642984e-06 3.617855e-02 3.493245e-29 3.022574e-11 1.188452e-24 3.475113e-20 6.545193e-13 5.220950e-13 1.948347e-01 4.148751e-16 5.039394e-16 2.691261e-20 1.094072e-17 1.959960e-17 1.726079e-26 4.940245e-25 3.360128e-35 6.138746e-11 1.046290e-19 7.598252e-01 1.074553e-09 4.096950e-07 3.357262e-20 3.509507e-22 1.821902e-20 6.919784e-22 9.840270e-12 2.862482e-17 7.473914e-13 1.235982e-08 3.401497e-07 7.932245e-18 7.913754e-21 3.460184e-20 1.360982e-15 6.379367e-15 5.054131e-11 4.187019e-20 3.805276e-09 1.448749e-11 2.691333e-24 1.465881e-14 2.568131e-25 1.524176e-15 1.017322e-17 8.854864e-18 2.514089e-10 3.623842e-29 3.642329e-10 1.194851e-23 2.683627e-16 1.729202e-16 6.448037e-10 6.240841e-24 4.551697e-30 2.127939e-34 1.575449e-23 8.763987e-11 1.117540e-17 1.649385e-24 1.766647e-09 1.095734e-12 4.832944e-16 3.994749e-11 1.067242e-13 4.102448e-16 9.788128e-16 7.883926e-21 6.241562e-18 2.563780e-14 4.251410e-13 2.289266e-19 6.913093e-17 7.461657e-17 1.054222e-22 1.084302e-32 8.968080e-25 3.133686e-24 2.310242e-54 0.000000e+00 9.412459e-11 1.960926e-12 9.098058e-03
3.880401e-02 1.598416e-16 1.822896e-06 5.728814e-06 4.968177e-21 8.688387e-17 3.328591e-26 5.431557e-35 3.420986e-26 8.841083e-18 4.997619e-05 2.142621e-36 1.516002e-11 1.893606e-28 9.516777e-32 3.360091e-10 1.367076e-18 5.668758e-11 5.217860e-06 3.617722e-02 5.119778e-29 3.165474e-11 1.435781e-24 4.595723e-20 7.118526e-13 9.560288e-13 1.948339e-01 4.407915e-16 5.042792e-16 2.975324e-20 1.619130e-17 2.041716e-17 3.457510e-26 6.375326e-25 5.564161e-35 6.266491e-11 1.630346e-19 7.598271e-01 1.016400e-09 4.090441e-07 3.286440e-20 5.995575e-22 1.784454e-20 7.518901e-22 9.449387e-12 3.066994e-17 7.997236e-13 1.272776e-08 3.393363e-07 8.591931e-18 9.614147e-21 3.678984e-20 1.439115e-15 9.161853e-15 6.292544e-11 5.287206e-20 4.052210e-09 1.665295e-11 4.361641e-24 1.636963e-14 3.403515e-25 2.037858e-15 1.359883e-17 1.294466e-17 2.289523e-10 5.735390e-29 3.509414e-10 1.062904e-23 3.017270e-16 1.962720e-16 6.760180e-10 8.913383e-24 4.706162e-30 3.722985e-34 1.813835e-23 1.084328e-10 1.548756e-17 2.248854e-24 1.752776e-09 1.075570e-12 5.164069e-16 3.994179e-11 9.679625e-14 4.389572e-16 1.227508e-15 1.478016e-20 7.557629e-18 2.743512e-14 4.549282e-13 4.415366e-19 7.030103e-17 8.451456e-17 1.164421e-22 1.071027e-32 1.288658e-24 4.691415e-24 3.114250e-54 0.000000e+00 1.074414e-10 1.922713e-12 9.097923e-03
3.369173e-02 2.203357e-16 1.902562e-06 5.558223e-06 8.610436e-21 1.151485e-16 4.942818e-26 5.057173e-35 5.215556e-26 1.147458e-17 4.984357e-05 7.037343e-36 1.673112e-11 3.293183e-28 1.457843e-31 3.560386e-10 2.147735e-18 6.072123e-11 5.800488e-06 3.617586e-02 7.643118e-29 3.468112e-11 1.818107e-24 6.209870e-20 7.702572e-13 1.558966e-12 1.948331e-01 4.673041e-16 5.042718e-16 3.407496e-20 2.433853e-17 2.123242e-17 6.526618e-26 8.232220e-25 9.021623e-35 6.396039e-11 2.436090e-19 7.598290e-01 9.600837e-10 4.085296e-07 3.208657e-20 9.745882e-22 1.745239e-20 8.183161e-22 9.134943e-12 3.275394e-17 8.535768e-13 1.292105e-08 3.385541e-07 9.268573e-18 1.155644e-20 3.903054e-20 1.519054e-15 1.288154e-14 7.703736e-11 6.685532e-20 4.286429e-09 1.959246e-11 6.938546e-24 1.809924e-14 4.583543e-25 2.724778e-15 1.820684e-17 1.902027e-17 2.081989e-10 8.681415e-29 3.389607e-10 9.490599e-24 3.377476e-16 2.215668e-16 7.064576e-10 1.271198e-23 4.871870e-30 6.416820e-34 2.073917e-23 1.323465e-10 2.186614e-17 3.111083e-24 1.737706e-09 1.082036e-12 5.503000e-16 3.993603e-11 8.803952e-14 4.683381e-16 1.525215e-15 2.730999e-20 9.043220e-18 2.927520e-14 4.854218e-13 8.043204e-19 7.138998e-17 9.462152e-17 1.277414e-22 1.058059e-32 1.820867e-24 6.899604e-24 4.396487e-54 0.000000e+00 1.227709e-10 1.937233e-12 9.097786e-03
2.925298e-02 3.086572e-16 1.983969e-06 5.376773e-06 1.500698e-20 1.499948e-16 7.185973e-26 5.703060e-34 7.771436e-26 1.518848e-17 4.971663e-05 2.112156e-35 1.834768e-11 5.476179e-28 2.268357e-31 3.765291e-10 3.407124e-18 6.485188e-11 6.391124e-06 3.617449e-02 1.154705e-28 3.905153e-11 2.368575e-24 8.476808e-20 8.298124e-13 2.327488e-12 1.948323e-01 4.944094e-16 5.038794e-16 3.985293e-20 3.683702e-17 2.205678e-17 1.170020e-25 1.067228e-24 1.403121e-34 6.527445e-11 3.497246e-19 7.598309e-01 9.060388e-10 4.081774e-07 3.124980e-20 1.539238e-21 1.704579e-20 8.907086e-22 8.893575e-12 3.488196e-17 9.089721e-13 1.292087e-08 3.377997e-07 9.962122e-18 1.379491e-20 4.132367e-20 1.600788e-15 1.776858e-14 9.335305e-11 8.466896e-20 4.506705e-09 2.342693e-11 1.080033e-23 1.990573e-14 6.228078e-25 3.647160e-15 2.425130e-17 2.790716e-17 1.892079e-10 1.262643e-28 3.281754e-10 8.506724e-24 3.767192e-16 2.475643e-16 7.362605e-10 1.799675e-23 5.043797e-30 1.087834e-33 2.354366e-23 1.597015e-10 3.132262e-17 4.359280e-24 1.721242e-09 1.109864e-12 5.849697e-16 3.993023e-11 8.035325e-14 4.983838e-16 1.882214e-15 5.157290e-20 1.072931e-17 3.115788e-14 5.166184e-13 1.389583e-18 7.232093e-17 1.049405e-16 1.393213e-22 1.045384e-32 2.540489e-24 9.932050e-24 6.149614e-54 0.000000e+00 1.401030e-10 1.988023e-12 9.097647e-03
2.539902e-02 4.380804e-16 2.067356e-06 5.185946e-06 2.628927e-20 1.925180e-16 1.023343e-25 0.000000e+00 1.133588e-25 2.052766e-17 4.959414e-05 5.870736e-35 2.002006e-11 8.767720e-28 3.585190e-31 3.975439e-10 5.449531e-18 6.909135e-11 6.991871e-06 3.617309e-02 1.761509e-28 4.469848e-11 3.142917e-24 1.168899e-19 8.907924e-13 3.239983e-12 1.948315e-01 5.221898e-16 5.030762e-16 4.761850e-20 5.608105e-17 2.290470e-17 2.005269e-25 1.387448e-24 2.104830e-34 6.661175e-11 4.849251e-19 7.598329e-01 8.544818e-10 4.079826e-07 3.036150e-20 2.364410e-21 1.662606e-20 9.683001e-22 8.720159e-12 3.706639e-17 9.661093e-13 1.273726e-08 3.370679e-07 1.067471e-17 1.640418e-20 4.367620e-20 1.684568e-15 2.410246e-14 1.119019e-10 1.085882e-19 4.712421e-09 2.836499e-11 1.643986e-23 2.187925e-14 8.488979e-25 4.886748e-15 3.197018e-17 4.075757e-17 1.719413e-10 1.773738e-28 3.184496e-10 7.649978e-24 4.190604e-16 2.724679e-16 7.656482e-10 2.499279e-23 5.216173e-30 1.815170e-33 2.652383e-23 1.909137e-10 4.538483e-17 6.164991e-24 1.703200e-09 1.155520e-12 6.205217e-16 3.992435e-11 7.361132e-14 5.291856e-16 2.312246e-15 9.891305e-20 1.265926e-17 3.308893e-14 5.486129e-13 2.274063e-18 7.301806e-17 1.155063e-16 1.512190e-22 1.032945e-32 3.499218e-24 1.401056e-23 8.585898e-54 0.000000e+00 1.597590e-10 2.065089e-12 9.097505e-03
2.205280e-02 6.278722e-16 2.152828e-06 4.986989e-06 4.620903e-20 2.440037e-16 1.429108e-25 8.425140e-34 1.621141e-25 2.826269e-17 4.947524e-05 1.527173e-34 2.175680e-11 1.359229e-27 5.744253e-31 4.191118e-10 8.759385e-18 7.344421e-11 7.603816e-06 3.617167e-02 2.705876e-28 5.163071e-11 4.220727e-24 1.625858e-19 9.533804e-13 4.264360e-12 1.948307e-01 5.506820e-16 5.018473e-16 5.798259e-20 8.571245e-17 2.379011e-17 3.305136e-25 1.807197e-24 3.054800e-34 6.797463e-11 6.523792e-19 7.598349e-01 8.056629e-10 4.079224e-07 2.943003e-20 3.543606e-21 1.619478e-20 1.049810e-21 8.609264e-12 3.931682e-17 1.025098e-12 1.239805e-08 3.363555e-07 1.140728e-17 1.947191e-20 4.609123e-20 1.770502e-15 3.219306e-14 1.328521e-10 1.423139e-19 4.902573e-09 3.465922e-11 2.448627e-23 2.411475e-14 1.155151e-24 6.554233e-15 4.153635e-17 5.912410e-17 1.563649e-10 2.416140e-28 3.096799e-10 6.897847e-24 4.651289e-16 2.943344e-16 7.947811e-10 3.374686e-23 5.381704e-30 2.980517e-33 2.962038e-23 2.263720e-10 6.631567e-17 8.771396e-24 1.683472e-09 1.216436e-12 6.570031e-16 3.991840e-11 6.770577e-14 5.607843e-16 2.831473e-15 1.923770e-19 1.488292e-17 3.507099e-14 5.814478e-13 3.523506e-18 7.341453e-17 1.263358e-16 1.634517e-22 1.020708e-32 4.764464e-24 1.939176e-23 1.195668e-53 0.000000e+00 1.820633e-10 2.161945e-12 9.097360e-03
1.914743e-02 9.083357e-16 2.241287e-06 4.785096e-06 8.177121e-20 3.075756e-16 1.959378e-25 0.000000e+00 2.281339e-25 3.987573e-17 4.935810e-05 3.748546e-34 2.358399e-11 2.053259e-27 9.365721e-31 4.414631e-10 1.422919e-17 7.795529e-11 8.233712e-06 3.617020e-02 4.187257e-28 5.997085e-11 5.727410e-24 2.288709e-19 1.018359e-12 5.377275e-12 1.948298e-01 5.801889e-16 5.001712e-16 7.222201e-20 1.318820e-16 2.473674e-17 5.269280e-25 2.351868e-24 4.363542e-34 6.937801e-11 8.562002e-19 7.598370e-01 7.593429e-10 4.079515e-07 2.845466e-20 5.140307e-21 1.574923e-20 1.134440e-21 8.554245e-12 4.166498e-17 1.086605e-12 1.194855e-08 3.356532e-07 1.216766e-17 2.313769e-20 4.859446e-20 1.859505e-15 4.248042e-14 1.558614e-10 1.921298e-19 5.077786e-09 4.269534e-11 3.575501e-23 2.672164e-14 1.564928e-24 8.791570e-15 5.313936e-17 8.510571e-17 1.422914e-10 3.203778e-28 3.017010e-10 6.224924e-24 5.157389e-16 3.117240e-16 8.240767e-10 4.399319e-23 5.533773e-30 4.832484e-33 3.277614e-23 2.668463e-10 9.743180e-17 1.250890e-23 1.661798e-09 1.291340e-12 6.948017e-16 3.991231e-11 6.248748e-14 5.935157e-16 3.465367e-15 3.710618e-19 1.748435e-17 3.712525e-14 6.154723e-13 5.192250e-18 7.347086e-17 1.375464e-16 1.761510e-22 1.008530e-32 6.408674e-24 2.640392e-23 1.716601e-53 0.000000e+00 2.012777e-10 2.275635e-12 9.097211e-03
1.662484e-02 1.324561e-15 2.333033e-06 4.620049e-06 1.458577e-19 3.881656e-16 2.640791e-25 2.847055e-33 3.160159e-25 5.782069e-17 4.924190e-05 8.726863e-34 2.551723e-11 3.036944e-27 1.553903e-30 4.646753e-10 2.342241e-17 8.263815e-11 8.883929e-06 3.616868e-02 6.519845e-28 6.977098e-11 7.837415e-24 3.264032e-19 1.086089e-12 6.554280e-12 1.948289e-01 6.108116e-16 4.980313e-16 9.212081e-20 2.044402e-16 2.576463e-17 8.177034e-25 3.048943e-24 6.228953e-34 7.082702e-11 1.101893e-18 7.598391e-01 7.156088e-10 4.080270e-07 2.744115e-20 7.167104e-21 1.528974e-20 1.220642e-21 8.549429e-12 4.412845e-17 1.150886e-12 1.143425e-08 3.349577e-07 1.295846e-17 2.754940e-20 5.119446e-20 1.951882e-15 5.541965e-14 1.803943e-10 2.671136e-19 5.237145e-09 5.287608e-11 5.127240e-23 2.977533e-14 2.107348e-24 1.178268e-14 6.684204e-17 1.214653e-16 1.296475e-10 4.145121e-28 2.944305e-10 5.614920e-24 5.714359e-16 3.236604e-16 8.537317e-10 5.493032e-23 5.664822e-30 7.726635e-33 3.588844e-23 3.129323e-10 1.422294e-16 1.779379e-23 1.638076e-09 1.379039e-12 7.340473e-16 3.990608e-11 5.786842e-14 6.274918e-16 4.241822e-15 6.945043e-19 2.055008e-17 3.925891e-14 6.508034e-13 7.309461e-18 7.316157e-17 1.491784e-16 1.893618e-22 9.963609e-33 8.514315e-24 3.527275e-23 2.613122e-53 0.000000e+00 1.822227e-10 2.404234e-12 9.097055e-03
1.443458e-02 1.937616e-15 2.427786e-06 4.478107e-06 2.607412e-19 4.898074e-16 3.504891e-25 3.002532e-33 4.312249e-25 8.522727e-17 4.912661e-05 1.934569e-33 2.756143e-11 4.408894e-27 2.602928e-30 4.886796e-10 3.870363e-17 8.747593e-11 9.552745e-06 3.616711e-02 1.016677e-27 8.090615e-11 1.076649e-23 4.684491e-19 1.156533e-12 7.770089e-12 1.948280e-01 6.424577e-16 4.954190e-16 1.191817e-19 3.175376e-16 2.689011e-17 1.245103e-24 3.939617e-24 8.816592e-34 7.231757e-11 1.393548e-18 7.598413e-01 6.747487e-10 4.081283e-07 2.640178e-20 9.699685e-21 1.481967e-20 1.306267e-21 8.588808e-12 4.671111e-17 1.217791e-12 1.088003e-08 3.342700e-07 1.377733e-17 3.284937e-20 5.388340e-20 2.047352e-15 7.143255e-14 2.068462e-10 3.793741e-19 5.378952e-09 6.549088e-11 7.230627e-23 3.330713e-14 2.816907e-24 1.578177e-14 8.251054e-17 1.718052e-16 1.184212e-10 5.242286e-28 2.878357e-10 5.057521e-24 6.324500e-16 3.295778e-16 8.837537e-10 6.564827e-23 5.768943e-30 1.211846e-32 3.882256e-23 3.649638e-10 2.060512e-16 2.518159e-23 1.612385e-09 1.478002e-12 7.746216e-16 3.989973e-11 5.379905e-14 6.626102e-16 5.189553e-15 1.278224e-18 2.416310e-17 4.146578e-14 6.873346e-13 9.881423e-18 7.247271e-17 1.611984e-16 2.030453e-22 9.842287e-33 1.120909e-23 4.633500e-23 4.113255e-53 0.000000e+00 1.740162e-10 2.545136e-12 9.096894e-03
1.253288e-02 2.831942e-15 2.526040e-06 4.332574e-06 4.647220e-19 6.157683e-16 4.589029e-25 8.720455e-33 5.806458e-25 1.262223e-16 4.901128e-05 4.099865e-33 2.973962e-11 6.296788e-27 4.376960e-30 5.136032e-10 6.362990e-17 9.249039e-11 1.024393e-05 3.616549e-02 1.582384e-27 9.322427e-11 1.480327e-23 6.720818e-19 1.230256e-12 9.012744e-12 1.948270e-01 6.752933e-16 4.923039e-16 1.549018e-19 4.918242e-16 2.814186e-17 1.890162e-24 5.083901e-24 1.226354e-33 7.385777e-11 1.733219e-18 7.598435e-01 6.366313e-10 4.082436e-07 2.534041e-20 1.290693e-20 1.433877e-20 1.389963e-21 8.666090e-12 4.944005e-17 1.287714e-12 1.029817e-08 3.335858e-07 1.462856e-17 3.923532e-20 5.667538e-20 2.146416e-15 9.110625e-14 2.361332e-10 5.463835e-19 5.503064e-09 8.083151e-11 1.004705e-22 3.735766e-14 3.735450e-24 2.113598e-14 9.996203e-17 2.409655e-16 1.084907e-10 6.476777e-28 2.818303e-10 4.539375e-24 6.995316e-16 3.293311e-16 9.143946e-10 7.549052e-23 5.844683e-30 1.859008e-32 4.146847e-23 4.237116e-10 2.975491e-16 3.545562e-23 1.584616e-09 1.587622e-12 8.167377e-16 3.989323e-11 5.020084e-14 6.990551e-16 6.351016e-15 2.368081e-18 2.845023e-17 4.375776e-14 7.252579e-13 1.291888e-17 7.140122e-17 1.736709e-16 2.172743e-22 9.720629e-33 1.467371e-23 6.006308e-23 6.465096e-53 0.000000e+00 1.957362e-10 2.696486e-12 9.096727e-03
1.088173e-02 4.126378e-15 2.628294e-06 4.180712e-06 8.245015e-19 7.723038e-16 5.936076e-25 0.000000e+00 7.729669e-25 1.872464e-16 4.889506e-05 8.333595e-33 3.207742e-11 8.870746e-27 7.374130e-30 5.395749e-10 1.037847e-16 9.770230e-11 1.096130e-05 3.616381e-02 2.453876e-27 1.065090e-10 2.034447e-23 9.618431e-19 1.307870e-12 1.027140e-11 1.948260e-01 7.094863e-16 4.886533e-16 2.016194e-19 7.584274e-16 2.955381e-17 3.002532e-24 6.549738e-24 1.682658e-33 7.545568e-11 2.125174e-18 7.598458e-01 6.011131e-10 4.083529e-07 2.426118e-20 1.691592e-20 1.384702e-20 1.470564e-21 8.774806e-12 5.234584e-17 1.361059e-12 9.708386e-09 3.329009e-07 1.551654e-17 4.692203e-20 5.958465e-20 2.249577e-15 1.151130e-13 2.686298e-10 7.930893e-19 5.609385e-09 9.914527e-11 1.378035e-22 4.196190e-14 4.916184e-24 2.829536e-14 1.188567e-16 3.353027e-16 9.974878e-11 7.816596e-28 2.763413e-10 4.049496e-24 7.735102e-16 3.232030e-16 9.458988e-10 8.350925e-23 5.893281e-30 2.779287e-32 4.372064e-23 4.900437e-10 4.278098e-16 4.956795e-23 1.554661e-09 1.707455e-12 8.606109e-16 3.988657e-11 4.700627e-14 7.370127e-16 7.778907e-15 4.412603e-18 3.356256e-17 4.614706e-14 7.647672e-13 1.641467e-17 6.996221e-17 1.866610e-16 2.321224e-22 9.597974e-33 1.912184e-23 7.697511e-23 1.013884e-52 0.000000e+00 2.242207e-10 2.856733e-12 9.096554e-03
9.448103e-03 5.977147e-15 2.735020e-06 4.022036e-06 1.451481e-18 9.656252e-16 7.597078e-25 5.051737e-33 1.018092e-24 2.763029e-16 4.877718e-05 1.630166e-32 3.460242e-11 1.234982e-26 1.240433e-29 5.667161e-10 1.669775e-16 1.031295e-10 1.170845e-05 3.616206e-02 3.782435e-27 1.204590e-10 2.790180e-23 1.367744e-18 1.390021e-12 1.153577e-11 1.948250e-01 7.451947e-16 4.844341e-16 2.612088e-19 1.160918e-15 3.116587e-17 5.689005e-24 8.431409e-24 2.268783e-33 7.711885e-11 2.572440e-18 7.598482e-01 5.680529e-10 4.084402e-07 2.316896e-20 2.197792e-20 1.334494e-20 1.547126e-21 8.908184e-12 5.546223e-17 1.438211e-12 9.126209e-09 3.322117e-07 1.644538e-17 5.612094e-20 6.262462e-20 2.357311e-15 1.442081e-13 3.053753e-10 1.153615e-18 5.697961e-09 1.205535e-10 1.868834e-22 4.715420e-14 6.425061e-24 3.786076e-14 1.387091e-16 4.629788e-16 9.210589e-11 9.197961e-28 2.713079e-10 3.578924e-24 8.552788e-16 3.117684e-16 9.784932e-10 8.908035e-23 5.918253e-30 4.027277e-32 4.548857e-23 5.649121e-10 6.118104e-16 6.875299e-23 1.522420e-09 1.837078e-12 9.064443e-16 3.987974e-11 4.415752e-14 7.766585e-16 9.537425e-15 8.346182e-18 3.967540e-17 4.864540e-14 8.060458e-13 2.034798e-17 6.818388e-17 2.002297e-16 2.476593e-22 9.473737e-33 2.485944e-23 9.759270e-23 1.561434e-52 0.000000e+00 2.567288e-10 3.024178e-12 9.096374e-03
8.203354e-03 8.597220e-15 2.847264e-06 3.855047e-06 2.533773e-18 1.204443e-15 9.631992e-25 6.259906e-33 1.328830e-24 4.044238e-16 4.865633e-05 3.079026e-32 3.735913e-11 1.702842e-26 2.081894e-29 5.952955e-10 2.643748e-16 1.088172e-10 1.249304e-05 3.616022e-02 5.792221e-27 1.347957e-10 3.817385e-23 1.929827e-18 1.477863e-12 1.280252e-11 1.948239e-01 7.827697e-16 4.795894e-16 3.359488e-19 1.762798e-15 3.303526e-17 1.507217e-23 1.084893e-23 3.010332e-33 7.886370e-11 3.078764e-18 7.598507e-01 5.371443e-10 4.084891e-07 2.206336e-20 2.837195e-20 1.283077e-20 1.619377e-21 9.059894e-12 5.884512e-17 1.519982e-12 8.564299e-09 3.315114e-07 1.742427e-17 6.707364e-20 6.582511e-20 2.470673e-15 1.794218e-13 3.473231e-10 1.675200e-18 5.769423e-09 1.451847e-10 2.510486e-22 5.300604e-14 8.347492e-24 5.061166e-14 1.590495e-16 6.346682e-16 8.545268e-11 1.050835e-27 2.666540e-10 3.117943e-24 9.462842e-16 2.957987e-16 1.012572e-09 9.186038e-23 5.924411e-30 5.620595e-32 4.671172e-23 6.498162e-10 8.705382e-16 9.458478e-23 1.487610e-09 1.976771e-12 9.546889e-16 3.987267e-11 4.158989e-14 8.183823e-16 1.171583e-14 1.607508e-17 4.702935e-17 5.127832e-14 8.494997e-13 2.470644e-17 6.609751e-17 2.145116e-16 2.640389e-22 9.346720e-33 3.228277e-23 1.225614e-22 2.354594e-52 0.000000e+00 2.937794e-10 3.197931e-12 9.096184e-03
7.122595e-03 1.223442e-14 2.964123e-06 3.681138e-06 4.363194e-18 1.496186e-15 1.211394e-24 0.000000e+00 1.718577e-24 5.820429e-16 4.853332e-05 5.628429e-32 4.034677e-11 2.325899e-26 3.464046e-29 6.250846e-10 4.080827e-16 1.147100e-10 1.330913e-05 3.615831e-02 8.777216e-27 1.489599e-10 5.192813e-23 2.688195e-18 1.571090e-12 1.404672e-11 1.948227e-01 8.219090e-16 4.741497e-16 4.256578e-19 2.642243e-15 3.519564e-17 5.240299e-23 1.396391e-23 3.904385e-33 8.067627e-11 3.648212e-18 7.598533e-01 5.086076e-10 4.084952e-07 2.096344e-20 3.670146e-20 1.231200e-20 1.686124e-21 9.220657e-12 6.249704e-17 1.605762e-12 8.032070e-09 3.308054e-07 1.844534e-17 7.977170e-20 6.916020e-20 2.588745e-15 2.212663e-13 3.964117e-10 2.417199e-18 5.823444e-09 1.726308e-10 3.343073e-22 5.950069e-14 1.078753e-23 6.759413e-14 1.790842e-16 8.633353e-16 7.980649e-11 1.158650e-27 2.623901e-10 2.666430e-24 1.046478e-15 2.764770e-16 1.047927e-09 9.175441e-23 5.916756e-30 7.437182e-32 4.733738e-23 7.448946e-10 1.229927e-15 1.288975e-22 1.450558e-09 2.124307e-12 1.004957e-15 3.986546e-11 3.928735e-14 8.618484e-16 1.438110e-14 3.182042e-17 5.576690e-17 5.402595e-14 8.947799e-13 2.939316e-17 6.377923e-17 2.293925e-16 2.811303e-22 9.217953e-33 4.197095e-23 1.525095e-22 3.400358e-52 0.000000e+00 3.356999e-10 3.374017e-12 9.095988e-03
6.184222e-03 1.721449e-14 3.085135e-06 3.501054e-06 7.411353e-18 1.856338e-15 1.512781e-24 6.972547e-33 2.206318e-24 8.242675e-16 4.840847e-05 9.977430e-32 4.357457e-11 3.150831e-26 5.704552e-29 6.559666e-10 6.128208e-16 1.207736e-10 1.415393e-05 3.615633e-02 1.315005e-26 1.625193e-10 7.016700e-23 3.698206e-18 1.669759e-12 1.525068e-11 1.948216e-01 8.624571e-16 4.681437e-16 5.312644e-19 3.908393e-15 3.769216e-17 1.942676e-22 1.795601e-23 4.985058e-33 8.254953e-11 4.291594e-18 7.598560e-01 4.824484e-10 4.084497e-07 1.988262e-20 4.745112e-20 1.179390e-20 1.746968e-21 9.381703e-12 6.643609e-17 1.695249e-12 7.540666e-09 3.300959e-07 1.950455e-17 9.412576e-20 7.261636e-20 2.711052e-15 2.703379e-13 4.536224e-10 3.455768e-18 5.860768e-09 2.024480e-10 4.416882e-22 6.665121e-14 1.388303e-23 9.012212e-14 1.982084e-16 1.165114e-15 7.513917e-11 1.210765e-27 2.584996e-10 2.224127e-24 1.156107e-15 2.551585e-16 1.084478e-09 8.876498e-23 5.900114e-30 9.138292e-32 4.736464e-23 8.505581e-10 1.723005e-15 1.736150e-22 1.411470e-09 2.277813e-12 1.057048e-15 3.985813e-11 3.721850e-14 9.068840e-16 1.761460e-14 6.419729e-17 6.606018e-17 5.687906e-14 9.417065e-13 3.431166e-17 6.131336e-17 2.448142e-16 2.988661e-22 9.087897e-33 5.462651e-23 1.884058e-22 4.760832e-52 0.000000e+00 3.833000e-10 3.549623e-12 9.095786e-03
5.369475e-03 2.392622e-14 3.209513e-06 3.316003e-06 1.240156e-17 2.301068e-15 1.877639e-24 0.000000e+00 2.813899e-24 1.146176e-15 4.828240e-05 1.718630e-31 4.704126e-11 4.235303e-26 9.271958e-29 6.877409e-10 8.911094e-16 1.269574e-10 1.502239e-05 3.615430e-02 1.945505e-26 1.750843e-10 9.405220e-23 5.019307e-18 1.773666e-12 1.639638e-11 1.948203e-01 9.041497e-16 4.616299e-16 6.518121e-19 5.697770e-15 4.056674e-17 6.812114e-22 2.306309e-23 6.257817e-33 8.447144e-11 5.020281e-18 7.598588e-01 4.586768e-10 4.083532e-07 1.883549e-20 6.145463e-20 1.128277e-20 1.801723e-21 9.534413e-12 7.067149e-17 1.787886e-12 7.092777e-09 3.293867e-07 2.059498e-17 1.098529e-19 7.617053e-20 2.836787e-15 3.270249e-13 5.206972e-10 4.886312e-18 5.882745e-09 2.339591e-10 5.793731e-22 7.446319e-14 1.781022e-23 1.199216e-13 2.159425e-16 1.559999e-15 7.142308e-11 1.136275e-27 2.549707e-10 1.796965e-24 1.275064e-15 2.330872e-16 1.122028e-09 8.343089e-23 5.878571e-30 1.005105e-31 4.683459e-23 9.668650e-10 2.391809e-15 2.309538e-22 1.370675e-09 2.434804e-12 1.110623e-15 3.985076e-11 3.535626e-14 9.531951e-16 2.149115e-14 1.333916e-16 7.804576e-17 5.982106e-14 9.899734e-13 3.934983e-17 5.879318e-17 2.606765e-16 3.171305e-22 8.957315e-33 7.122007e-23 2.313124e-22 6.445210e-52 0.000000e+00 4.372806e-10 3.721765e-12 9.095578e-03
4.662069e-03 3.279885e-14 3.336053e-06 3.127714e-06 2.038199e-17 2.841548e-15 2.318623e-24 0.000000e+00 3.564038e-24 1.555811e-15 4.815613e-05 2.882746e-31 5.072975e-11 5.647161e-26 1.481741e-28 7.200997e-10 1.247327e-15 1.331908e-10 1.590660e-05 3.615223e-02 2.837293e-26 1.863528e-10 1.248315e-22 6.700687e-18 1.882228e-12 1.746575e-11 1.948191e-01 9.465819e-16 4.547041e-16 7.824123e-19 8.163865e-15 4.385124e-17 2.180250e-21 2.962254e-23 7.666299e-33 8.642361e-11 5.843129e-18 7.598616e-01 4.373111e-10 4.082147e-07 1.783759e-20 8.038961e-20 1.078593e-20 1.850349e-21 9.670818e-12 7.519728e-17 1.882786e-12 6.683980e-09 3.286837e-07 2.170599e-17 1.264607e-19 7.978751e-20 2.964722e-15 3.913670e-13 6.005907e-10 6.828537e-18 5.891330e-09 2.662606e-10 7.548971e-22 8.292416e-14 2.279402e-23 1.593126e-13 2.319654e-16 2.072976e-15 6.862631e-11 8.493722e-28 2.517964e-10 1.403105e-24 1.402718e-15 2.113152e-16 1.160238e-09 7.669471e-23 5.855232e-30 9.416091e-32 4.582504e-23 1.093330e-09 3.290568e-15 3.037508e-22 1.328655e-09 2.592122e-12 1.165160e-15 3.984342e-11 3.367866e-14 1.000332e-15 2.606431e-14 2.941549e-16 9.179076e-17 6.282576e-14 1.039111e-12 4.438337e-17 5.631575e-17 2.768259e-16 3.357453e-22 8.827338e-33 9.311826e-23 2.822483e-22 8.258959e-52 0.000000e+00 4.980017e-10 3.887078e-12 9.095367e-03
4.047860e-03 4.442981e-14 3.464216e-06 2.936713e-06 3.302700e-17 3.516199e-15 2.849909e-24 1.028496e-31 4.495062e-24 2.077677e-15 4.802999e-05 4.715936e-31 5.463685e-11 7.479027e-26 2.331867e-28 7.529034e-10 1.685775e-15 1.394382e-10 1.680322e-05 3.615014e-02 4.085264e-26 1.962961e-10 1.642906e-22 8.838838e-18 1.995366e-12 1.844978e-11 1.948179e-01 9.895707e-16 4.474426e-16 9.241072e-19 1.153485e-14 4.759176e-17 6.356047e-21 3.794730e-23 9.289076e-33 8.839788e-11 6.786996e-18 7.598645e-01 4.182048e-10 4.080271e-07 1.689652e-20 1.050865e-19 1.030722e-20 1.893296e-21 9.785140e-12 8.002837e-17 1.979542e-12 6.322693e-09 3.279885e-07 2.283274e-17 1.434611e-19 8.345072e-20 3.094295e-15 4.635439e-13 6.936834e-10 9.426466e-18 5.888966e-09 2.986019e-10 9.775757e-22 9.206761e-14 2.914904e-23 2.110291e-13 2.462409e-16 2.733393e-15 6.668789e-11 4.479568e-28 2.489477e-10 1.072292e-24 1.538944e-15 1.907673e-16 1.198944e-09 6.886905e-23 5.832002e-30 7.574629e-32 4.442760e-23 1.229940e-09 4.483283e-15 3.938887e-22 1.285687e-09 2.747333e-12 1.220425e-15 3.983615e-11 3.215528e-14 1.048091e-15 3.139746e-14 6.923965e-16 1.074009e-16 6.588286e-14 1.088908e-12 4.932119e-17 5.395854e-17 2.931928e-16 3.546291e-22 8.698357e-33 1.218822e-22 3.432225e-22 1.038746e-51 0.000000e+00 5.670830e-10 4.044045e-12 9.095153e-03
3.514571e-03 5.948297e-14 3.594161e-06 2.744558e-06 5.274857e-17 4.351890e-15 3.489196e-24 2.961308e-32 5.645306e-24 2.720535e-15 4.790365e-05 7.543260e-31 5.877704e-11 9.842421e-26 3.613358e-28 7.861926e-10 2.199584e-15 1.456998e-10 1.771384e-05 3.614801e-02 5.810414e-26 2.050271e-10 2.144813e-22 1.151054e-17 2.113595e-12 1.934741e-11 1.948166e-01 1.033169e-15 4.398871e-16 1.071203e-18 1.606914e-14 5.185635e-17 1.700834e-20 4.854763e-23 1.111511e-32 9.039696e-11 7.865910e-18 7.598674e-01 4.011067e-10 4.077910e-07 1.601298e-20 1.379998e-19 9.847340e-21 1.931262e-21 9.873596e-12 8.520571e-17 2.078266e-12 6.006377e-09 3.272991e-07 2.397655e-17 1.604187e-19 8.716337e-20 3.225655e-15 5.440237e-13 8.031093e-10 1.286919e-17 5.878243e-09 3.303419e-10 1.259281e-21 1.019869e-13 3.729078e-23 2.786364e-13 2.589147e-16 3.577293e-15 6.553718e-11 1.771593e-28 2.463821e-10 8.255131e-25 1.684319e-15 1.718396e-16 1.238170e-09 6.083119e-23 5.809878e-30 6.753720e-32 4.272999e-23 1.377356e-09 6.059477e-15 5.047496e-22 1.241821e-09 2.898787e-12 1.276484e-15 3.982894e-11 3.075257e-14 1.096530e-15 3.756621e-14 1.720741e-15 1.250406e-16 6.899914e-14 1.139424e-12 5.411671e-17 5.176898e-17 3.097973e-16 3.738037e-22 8.570053e-33 1.597985e-22 4.158746e-22 1.265365e-51 0.000000e+00 6.380204e-10 4.192103e-12 9.094937e-03
3.051540e-03 7.888073e-14 3.726276e-06 2.561484e-06 8.337018e-17 5.413723e-15 4.256341e-24 1.157110e-31 7.066635e-24 3.514924e-15 4.777655e-05 1.181749e-30 6.317038e-11 1.288855e-25 5.527587e-28 8.200649e-10 2.784015e-15 1.519877e-10 1.864158e-05 3.614584e-02 8.181545e-26 2.127803e-10 2.783504e-22 1.486210e-17 2.237640e-12 2.015967e-11 1.948153e-01 1.077505e-15 4.320700e-16 1.224382e-18 2.215226e-14 5.672776e-17 4.222234e-20 6.191837e-23 1.323309e-32 9.242695e-11 9.112879e-18 7.598703e-01 3.857677e-10 4.074967e-07 1.518557e-20 1.804162e-19 9.405957e-21 1.964942e-21 9.933442e-12 9.078190e-17 2.179243e-12 5.742153e-09 3.266123e-07 2.514071e-17 1.769872e-19 9.093469e-20 3.359177e-15 6.333980e-13 9.298019e-10 1.738384e-17 5.861586e-09 3.609389e-10 1.614699e-21 1.128037e-13 4.780061e-23 3.661565e-13 2.702153e-16 4.644764e-15 6.511078e-11 7.053360e-29 2.440587e-10 6.615871e-25 1.839711e-15 1.548211e-16 1.277980e-09 5.282978e-23 5.789277e-30 1.099863e-31 4.080759e-23 1.536526e-09 8.096705e-15 6.383060e-22 1.197040e-09 3.045060e-12 1.333500e-15 3.982177e-11 2.944082e-14 1.145791e-15 4.464711e-14 4.192489e-15 1.449151e-16 7.218718e-14 1.190806e-12 5.874388e-17 4.977863e-17 3.266882e-16 3.933240e-22 8.441910e-33 2.096264e-22 5.022279e-22 1.538130e-51 0.000000e+00 6.796123e-10 4.331387e-12 9.094716e-03
2.649512e-03 1.036929e-13 3.861129e-06 2.396491e-06 1.305108e-16 6.767023e-15 5.175530e-24 9.072314e-35 8.810211e-24 4.476051e-15 4.764804e-05 1.816998e-30 6.784209e-11 1.680353e-25 8.356107e-28 8.546658e-10 3.428618e-15 1.583238e-10 1.959086e-05 3.614363e-02 1.141800e-25 2.198190e-10 3.594923e-22 1.903455e-17 2.368428e-12 2.088918e-11 1.948140e-01 1.122768e-15 4.240133e-16 1.378829e-18 3.024768e-14 6.230629e-17 9.819083e-20 7.878157e-23 1.874208e-32 9.449674e-11 1.055234e-17 7.598733e-01 3.719547e-10 4.071411e-07 1.441144e-20 2.351851e-19 8.982046e-21 1.994963e-21 9.962679e-12 9.682155e-17 2.282903e-12 5.529331e-09 3.259242e-07 2.633017e-17 1.929323e-19 9.477870e-20 3.495421e-15 7.324052e-13 1.076810e-09 2.326423e-17 5.841210e-09 3.899109e-10 2.062359e-21 1.246687e-13 6.146500e-23 4.785072e-13 2.803984e-16 5.983168e-15 6.535370e-11 6.128300e-27 2.419397e-10 5.724409e-25 2.006305e-15 1.397204e-16 1.318470e-09 4.530015e-23 5.770292e-30 2.882090e-31 3.872221e-23 1.708701e-09 1.066960e-14 7.978392e-22 1.151278e-09 3.184935e-12 1.391719e-15 3.981462e-11 2.819461e-14 1.196085e-15 5.270800e-14 9.434167e-15 1.672693e-16 7.546466e-14 1.243275e-12 6.319599e-17 4.800346e-17 3.439377e-16 4.132724e-22 8.313276e-33 2.751943e-22 6.037061e-22 1.859925e-51 0.000000e+00 6.833904e-10 4.462223e-12 9.094491e-03
2.300449e-03 1.352436e-13 3.997897e-06 2.257815e-06 2.025928e-16 8.513052e-15 6.274858e-24 1.434631e-34 1.093647e-23 5.628152e-15 4.751877e-05 2.744850e-30 7.276691e-11 2.181424e-25 1.248194e-27 8.897831e-10 4.123216e-15 1.646657e-10 2.055627e-05 3.614137e-02 1.580097e-25 2.263687e-10 4.624979e-22 2.421962e-17 2.505532e-12 2.153182e-11 1.948126e-01 1.168680e-15 4.158245e-16 1.531805e-18 4.095136e-14 6.864203e-17 2.157404e-19 9.991106e-23 1.868850e-32 9.659380e-11 1.223819e-17 7.598763e-01 3.595968e-10 4.067254e-07 1.369518e-20 3.051984e-19 8.578710e-21 2.021578e-21 9.959735e-12 1.033287e-16 2.388602e-12 5.369203e-09 3.252382e-07 2.753756e-17 2.080048e-19 9.866917e-20 3.633538e-15 8.407277e-13 1.245923e-09 3.086006e-17 5.819304e-09 4.165672e-10 2.624024e-21 1.376136e-13 7.935674e-23 6.213822e-13 2.896233e-16 7.644218e-15 6.620897e-11 8.403318e-30 2.400130e-10 3.534215e-25 2.183598e-15 1.266166e-16 1.359289e-09 3.837757e-23 5.753033e-30 8.568245e-32 3.654573e-23 1.893364e-09 1.380162e-14 9.851529e-22 1.104955e-09 3.315915e-12 1.450780e-15 3.980752e-11 2.700580e-14 1.247103e-15 6.170549e-14 1.895588e-14 1.921313e-16 7.881578e-14 1.296506e-12 6.743132e-17 4.646702e-17 3.614399e-16 4.335250e-22 8.184848e-33 3.612535e-22 7.220831e-22 2.259722e-51 0.000000e+00 6.468913e-10 4.583850e-12 9.094261e-03
1.997374e-03 1.752334e-13 4.134803e-06 2.150517e-06 3.123795e-16 1.081058e-14 7.586813e-24 2.074583e-34 1.352293e-23 7.014672e-15 4.739030e-05 4.075857e-30 7.787782e-11 2.819575e-25 1.841843e-27 9.249589e-10 4.861223e-15 1.709305e-10 2.152555e-05 3.613912e-02 2.169112e-25 2.326285e-10 5.933969e-22 3.069687e-17 2.647436e-12 2.208248e-11 1.948113e-01 1.214642e-15 4.076703e-16 1.683580e-18 5.505378e-14 7.572850e-17 4.510051e-19 1.260651e-22 2.237361e-32 9.869098e-11 1.421670e-17 7.598792e-01 3.486875e-10 4.062525e-07 1.304404e-20 3.914383e-19 8.200929e-21 2.044843e-21 9.924578e-12 1.102525e-16 2.494942e-12 5.265417e-09 3.245622e-07 2.874708e-17 2.219895e-19 1.025523e-19 3.771716e-15 9.570358e-13 1.437101e-09 4.058493e-17 5.797970e-09 4.401872e-10 3.324719e-21 1.515528e-13 1.029361e-22 8.011520e-13 2.979562e-16 9.680462e-15 6.759586e-11 2.940325e-30 2.382777e-10 2.825015e-25 2.369633e-15 1.155662e-16 1.399784e-09 3.206397e-23 5.737593e-30 3.744746e-32 3.435569e-23 2.088431e-09 1.744055e-14 1.199676e-21 1.058835e-09 3.435149e-12 1.509913e-15 3.980056e-11 2.587652e-14 1.298177e-15 7.146968e-14 3.382530e-14 2.192996e-16 8.220094e-14 1.349805e-12 7.139460e-17 4.518825e-17 3.789660e-16 4.538160e-22 8.058187e-33 4.735174e-22 8.600573e-22 2.812317e-51 0.000000e+00 5.741944e-10 4.695301e-12 9.094030e-03
1.734228e-03 2.259068e-13 4.273665e-06 2.071652e-06 4.795170e-16 1.386791e-14 9.149921e-24 2.809108e-34 1.667218e-23 8.666801e-15 4.726083e-05 5.960135e-30 8.323718e-11 3.633094e-25 2.693779e-27 9.606600e-10 5.653938e-15 1.772024e-10 2.251185e-05 3.613682e-02 2.960688e-25 2.389230e-10 7.606916e-22 3.881357e-17 2.796270e-12 2.255311e-11 1.948099e-01 1.261263e-15 3.995023e-16 1.830949e-18 7.366339e-14 8.373887e-17 9.019721e-19 1.583703e-22 2.702829e-32 1.008163e-10 1.653577e-17 7.598822e-01 3.389318e-10 4.057097e-07 1.244689e-20 4.959672e-19 7.843196e-21 2.065385e-21 9.857305e-12 1.177175e-16 2.603313e-12 5.222298e-09 3.238863e-07 2.997469e-17 2.351410e-19 1.064761e-19 3.911777e-15 1.082889e-12 1.653891e-09 5.300917e-17 5.778475e-09 4.607776e-10 4.198713e-21 1.667458e-13 1.341955e-22 1.024250e-12 3.055616e-16 1.214533e-14 6.945883e-11 1.229899e-30 2.366875e-10 2.238748e-25 2.567201e-15 1.062117e-16 1.440349e-09 2.646232e-23 5.723598e-30 1.771227e-32 3.216332e-23 2.296779e-09 2.156540e-14 1.443616e-21 1.012486e-09 3.543467e-12 1.569901e-15 3.979364e-11 2.478206e-14 1.349987e-15 8.200585e-14 5.482279e-14 2.492202e-16 8.566932e-14 1.403878e-12 7.514509e-17 4.414275e-17 3.967482e-16 4.744128e-22 7.931520e-33 6.202340e-22 1.020711e-21 3.594056e-51 0.000000e+00 4.810169e-10 4.798699e-12 9.093794e-03
1.505751e-03 2.900850e-13 4.415545e-06 2.016999e-06 7.338836e-16 1.798491e-14 1.100935e-23 3.663839e-34 2.051828e-23 1.061088e-14 4.712927e-05 8.594900e-30 8.888207e-11 4.670430e-25 3.912147e-27 9.971601e-10 6.518653e-15 1.835300e-10 2.352302e-05 3.613447e-02 4.023918e-25 2.455044e-10 9.755670e-22 4.901432e-17 2.953502e-12 2.295105e-11 1.948085e-01 1.308900e-15 3.913209e-16 1.969616e-18 9.824676e-14 9.283561e-17 1.733465e-18 1.981537e-22 3.298612e-32 1.029861e-10 1.925443e-17 7.598853e-01 3.301460e-10 4.050850e-07 1.189765e-20 6.205441e-19 7.502635e-21 2.083565e-21 9.757819e-12 1.258221e-16 2.714533e-12 5.246659e-09 3.232047e-07 3.122974e-17 2.476497e-19 1.104659e-19 4.054777e-15 1.219377e-12 1.900134e-09 6.884761e-17 5.761954e-09 4.782359e-10 5.287997e-21 1.833951e-13 1.757549e-22 1.296845e-12 3.124485e-16 1.508029e-14 7.174169e-11 5.443317e-31 2.352134e-10 1.774543e-25 2.778233e-15 9.828458e-17 1.481122e-09 2.158097e-23 5.710802e-30 9.988224e-33 2.998482e-23 2.520485e-09 2.614506e-14 1.718671e-21 9.657689e-10 3.641111e-12 1.631202e-15 3.978672e-11 2.370816e-14 1.402926e-15 9.321283e-14 8.215224e-14 2.822423e-16 8.925268e-14 1.459138e-12 7.871710e-17 4.331608e-17 4.149223e-16 4.954716e-22 7.803841e-33 8.122510e-22 1.208301e-21 4.726611e-51 0.000000e+00 3.811709e-10 4.895319e-12 9.093553e-03
1.307374e-03 3.716923e-13 4.560416e-06 1.981502e-06 1.122745e-15 2.365503e-14 1.321659e-23 4.775530e-34 2.526141e-23 1.292223e-14 4.699559e-05 1.223127e-29 9.480680e-11 5.993521e-25 5.650952e-27 1.034452e-09 7.479496e-15 1.899130e-10 2.455917e-05 3.613207e-02 5.454039e-25 2.525474e-10 1.253658e-21 6.200429e-17 3.119455e-12 2.328002e-11 1.948071e-01 1.357542e-15 3.831956e-16 2.102036e-18 1.309331e-13 1.031323e-16 3.214198e-18 2.466371e-22 4.094452e-32 1.052000e-10 2.246489e-17 7.598883e-01 3.222410e-10 4.043685e-07 1.139515e-20 7.624408e-19 7.179213e-21 2.099525e-21 9.626797e-12 1.346090e-16 2.828567e-12 5.348004e-09 3.225169e-07 3.251190e-17 2.595756e-19 1.145152e-19 4.200671e-15 1.366608e-12 2.178617e-09 8.898735e-17 5.749422e-09 4.924069e-10 6.642050e-21 2.015798e-13 2.310219e-22 1.624663e-12 3.184960e-16 1.850906e-14 7.436860e-11 2.582432e-31 2.338417e-10 1.415479e-25 3.002992e-15 9.161652e-17 1.521898e-09 1.733757e-23 5.699078e-30 7.057925e-33 2.784805e-23 2.760053e-09 3.114162e-14 2.023234e-21 9.189356e-10 3.727792e-12 1.693800e-15 3.977979e-11 2.265161e-14 1.456982e-15 1.048430e-13 1.153213e-13 3.184943e-16 9.295603e-14 1.515570e-12 8.211659e-17 4.270095e-17 4.334837e-16 5.169861e-22 7.675173e-33 1.063755e-21 1.430107e-21 6.514412e-51 0.000000e+00 2.885570e-10 4.985718e-12 9.093305e-03
1.135133e-03 4.756366e-13 4.707882e-06 1.957646e-06 1.718050e-15 3.154195e-14 1.583327e-23 6.327795e-34 3.116564e-23 1.566026e-14 4.686010e-05 1.719167e-29 1.009887e-10 7.678020e-25 8.121464e-27 1.072435e-09 8.551043e-15 1.963359e-10 2.561774e-05 3.612962e-02 7.377215e-25 2.601498e-10 1.615219e-21 7.862891e-17 3.294009e-12 2.354397e-11 1.948056e-01 1.407053e-15 3.752185e-16 2.226924e-18 1.744765e-13 1.147218e-16 5.767457e-18 3.054126e-22 5.164711e-32 1.074521e-10 2.626371e-17 7.598915e-01 3.151523e-10 4.035575e-07 1.093907e-20 9.207129e-19 6.873529e-21 2.113338e-21 9.465783e-12 1.440955e-16 2.945090e-12 5.530421e-09 3.218244e-07 3.381760e-17 2.708620e-19 1.186061e-19 4.349043e-15 1.524245e-12 2.493125e-09 1.145919e-16 5.741643e-09 5.032315e-10 8.320903e-21 2.213163e-13 3.044277e-22 2.014235e-12 3.234966e-16 2.245515e-14 7.724943e-11 1.314407e-31 2.325633e-10 1.141413e-25 3.240837e-15 8.599360e-17 1.562356e-09 1.371282e-23 5.688334e-30 5.168587e-33 2.578212e-23 3.015343e-09 3.659676e-14 2.357560e-21 8.723712e-10 3.803428e-12 1.757523e-15 3.977287e-11 2.161371e-14 1.512006e-15 1.165333e-13 1.534396e-13 3.579638e-16 9.677523e-14 1.573019e-12 8.534382e-17 4.228901e-17 4.523810e-16 5.388959e-22 7.545876e-33 1.393192e-21 1.695817e-21 9.397794e-51 0.000000e+00 2.289386e-10 5.070262e-12 9.093051e-03
9.855837e-04 6.082124e-13 4.858989e-06 1.937362e-06 2.630812e-15 4.258717e-14 1.893199e-23 8.557987e-34 3.859145e-23 1.887254e-14 4.672178e-05 2.389766e-29 1.074645e-10 9.823003e-25 1.162641e-26 1.111380e-09 9.741782e-15 2.028467e-10 2.670652e-05 3.612710e-02 9.968062e-25 2.684335e-10 2.087560e-21 9.994826e-17 3.478757e-12 2.374996e-11 1.948041e-01 1.457785e-15 3.674084e-16 2.341494e-18 2.326141e-13 1.278219e-16 1.003905e-17 3.766202e-22 6.603586e-32 1.097582e-10 3.075212e-17 7.598947e-01 3.087547e-10 4.026428e-07 1.052465e-20 1.095805e-18 6.583159e-21 2.125175e-21 9.275095e-12 1.543912e-16 3.064919e-12 5.798411e-09 3.211217e-07 3.515604e-17 2.814543e-19 1.227594e-19 4.500928e-15 1.693458e-12 2.850980e-09 1.472019e-16 5.739077e-09 5.108671e-10 1.040185e-20 2.428026e-13 4.017146e-22 2.472320e-12 3.272181e-16 2.694071e-14 8.031671e-11 7.010854e-32 2.313579e-10 9.318134e-26 3.492940e-15 8.112321e-17 1.602562e-09 1.068167e-23 5.678386e-30 6.373056e-34 2.379316e-23 3.288729e-09 4.265059e-14 2.724431e-21 8.260260e-10 3.869007e-12 1.822821e-15 3.976591e-11 2.058724e-14 1.568386e-15 1.279413e-13 1.958449e-13 4.009637e-16 1.007440e-13 1.631891e-12 8.843135e-17 4.206744e-17 4.717478e-16 5.613548e-22 7.415067e-33 1.826271e-21 2.017856e-21 1.408629e-50 0.000000e+00 2.211378e-10 5.150074e-12 9.092790e-03
8.557371e-04 7.773549e-13 5.018209e-06 1.915639e-06 4.034238e-15 5.818662e-14 2.259740e-23 1.175527e-33 4.801022e-23 2.255484e-14 4.657651e-05 3.292655e-29 1.144234e-10 1.256988e-24 1.662633e-26 1.152443e-09 1.106649e-14 2.096390e-10 2.785819e-05 3.612445e-02 1.347940e-24 2.776972e-10 2.708853e-21 1.272528e-16 3.679749e-12 2.390748e-11 1.948025e-01 1.511239e-15 3.596310e-16 2.438653e-18 3.105739e-13 1.430157e-16 1.698503e-17 4.634587e-22 6.892887e-32 1.121869e-10 3.602492e-17 7.598980e-01 3.028186e-10 4.015927e-07 1.013985e-20 1.290282e-18 6.300005e-21 2.135363e-21 9.050025e-12 1.658618e-16 3.191604e-12 6.164404e-09 3.203878e-07 3.656686e-17 2.914121e-19 1.270866e-19 4.660806e-15 1.879539e-12 3.270245e-09 1.888641e-16 5.742157e-09 5.156191e-10 1.299348e-20 2.667647e-13 5.299891e-22 3.003152e-12 3.294087e-16 3.195171e-14 8.357026e-11 0.000000e+00 2.301833e-10 7.673742e-26 3.765681e-15 7.663656e-17 1.643427e-09 8.201534e-24 5.668872e-30 0.000000e+00 2.184564e-23 3.589317e-09 4.951954e-14 3.130740e-21 7.788911e-10 3.926819e-12 1.891627e-15 3.975871e-11 1.954463e-14 1.627793e-15 1.388595e-13 2.428892e-13 4.488221e-16 1.049892e-13 1.693928e-12 9.147320e-17 4.202646e-17 4.921574e-16 5.850270e-22 7.278983e-33 2.403850e-21 2.409352e-21 2.169403e-50 0.000000e+00 2.535895e-10 5.227712e-12 9.092514e-03
7.429971e-04 9.916215e-13 5.191014e-06 1.891819e-06 6.185091e-15 8.021979e-14 2.693118e-23 1.604472e-33 5.993147e-23 2.653480e-14 4.641929e-05 4.508100e-29 1.221086e-10 1.610703e-24 2.377707e-26 1.197043e-09 1.252636e-14 2.169439e-10 2.911307e-05 3.612156e-02 1.825124e-24 2.883429e-10 3.528323e-21 1.617073e-16 3.904896e-12 2.402209e-11 1.948008e-01 1.569254e-15 3.517589e-16 2.501363e-18 4.147674e-13 1.611367e-16 2.797950e-17 5.710262e-22 1.106487e-31 1.148214e-10 4.214554e-17 7.599017e-01 2.971458e-10 4.003684e-07 9.774562e-21 1.516823e-18 6.016095e-21 2.144094e-21 8.782881e-12 1.790005e-16 3.329530e-12 6.643371e-09 3.195977e-07 3.809858e-17 3.006797e-19 1.317191e-19 4.834143e-15 2.089596e-12 3.781002e-09 2.422131e-16 5.751654e-09 5.176777e-10 1.624457e-20 2.941876e-13 6.977393e-22 3.608707e-12 3.296881e-16 3.743523e-14 8.702257e-11 2.412515e-32 2.289984e-10 6.374136e-26 4.066371e-15 7.219978e-17 1.685967e-09 6.223278e-24 5.659460e-30 3.075447e-32 1.990363e-23 3.929286e-09 5.741779e-14 3.589200e-21 7.298491e-10 3.978873e-12 1.966304e-15 3.975103e-11 1.845647e-14 1.692267e-15 1.489716e-13 2.953233e-13 5.033584e-16 1.096712e-13 1.761264e-12 9.456500e-17 4.217190e-17 5.143116e-16 6.107255e-22 7.133183e-33 3.189120e-21 2.879613e-21 3.337329e-50 0.000000e+00 2.924224e-10 5.305536e-12 9.092216e-03
6.451103e-04 1.262669e-12 5.384127e-06 1.865094e-06 9.494464e-15 1.119586e-13 3.204665e-23 2.179597e-33 7.509655e-23 3.072194e-14 4.624402e-05 6.146285e-29 1.308309e-10 2.070603e-24 3.409748e-26 1.246924e-09 1.412071e-14 2.250411e-10 3.052109e-05 3.611834e-02 2.479100e-24 3.009752e-10 4.620071e-21 2.051148e-16 4.164511e-12 2.409479e-11 1.947989e-01 1.634086e-15 3.436915e-16 2.526459e-18 5.549321e-13 1.833693e-16 4.497686e-17 7.053096e-22 1.442156e-31 1.177643e-10 4.922646e-17 7.599058e-01 2.915633e-10 3.989153e-07 9.420668e-21 1.779123e-18 5.723490e-21 2.151437e-21 8.462619e-12 1.944672e-16 3.484119e-12 7.260662e-09 3.187211e-07 3.981085e-17 3.090445e-19 1.368106e-19 5.027648e-15 2.333029e-12 4.433873e-09 3.106281e-16 5.768795e-09 5.171282e-10 2.035687e-20 3.263878e-13 9.151694e-22 4.289093e-12 3.275463e-16 4.329449e-14 9.068914e-11 1.456387e-32 2.277612e-10 5.288580e-26 4.402608e-15 6.757487e-17 1.731297e-09 4.652506e-24 5.649825e-30 5.569435e-32 1.793276e-23 4.324786e-09 6.659492e-14 4.108217e-21 6.776864e-10 4.026918e-12 2.049759e-15 3.974260e-11 1.729111e-14 1.764318e-15 1.578610e-13 3.541128e-13 5.670911e-16 1.149936e-13 1.836520e-12 9.780611e-17 4.252744e-17 5.390726e-16 6.394501e-22 6.972380e-33 4.290692e-21 3.441077e-21 5.138421e-50 0.000000e+00 3.372308e-10 5.385915e-12 9.091882e-03
5.601196e-04 1.599978e-12 5.606239e-06 1.834339e-06 1.453964e-14 1.577319e-13 3.808522e-23 2.842552e-33 9.406937e-23 3.461780e-14 4.604286e-05 8.369712e-29 1.410021e-10 2.673022e-24 4.901244e-26 1.304349e-09 1.581853e-14 2.342883e-10 3.214727e-05 3.611462e-02 3.376138e-24 3.165141e-10 6.078364e-21 2.581489e-16 4.472568e-12 2.412181e-11 1.947967e-01 1.708655e-15 3.353664e-16 2.490881e-18 7.415955e-13 2.114414e-16 7.066918e-17 8.773220e-22 1.866016e-31 1.211478e-10 5.726370e-17 7.599104e-01 2.859066e-10 3.971710e-07 9.071554e-21 2.110016e-18 5.413612e-21 2.157333e-21 8.073953e-12 2.131754e-16 3.662415e-12 8.040751e-09 3.177193e-07 4.178091e-17 3.160866e-19 1.425496e-19 5.249983e-15 2.622640e-12 5.321620e-09 3.984680e-16 5.795437e-09 5.139662e-10 2.562181e-20 3.651796e-13 1.193987e-21 5.042616e-12 3.223169e-16 4.940779e-14 9.458556e-11 8.736487e-33 2.264248e-10 4.373809e-26 4.781703e-15 6.252164e-17 1.780715e-09 3.434769e-24 5.639625e-30 1.121216e-31 1.589963e-23 4.797980e-09 7.746983e-14 4.711246e-21 6.210064e-10 4.072670e-12 2.145749e-15 3.973307e-11 1.601263e-14 1.847189e-15 1.649811e-13 4.205335e-13 6.435622e-16 1.212278e-13 1.923085e-12 1.013087e-16 4.313824e-17 5.675562e-16 6.724940e-22 6.789924e-33 5.898836e-21 4.087909e-21 7.591898e-50 0.000000e+00 3.882408e-10 5.471246e-12 9.091500e-03
4.863261e-04 2.016661e-12 5.861194e-06 1.799071e-06 2.219966e-14 2.249195e-13 4.520699e-23 3.546737e-33 1.176593e-22 3.803322e-14 4.581238e-05 1.139414e-28 1.528218e-10 3.464152e-24 7.054195e-26 1.370331e-09 1.753728e-14 2.448386e-10 3.402171e-05 3.611035e-02 4.608130e-24 3.359018e-10 8.043678e-21 3.221652e-16 4.837344e-12 2.409362e-11 1.947942e-01 1.794249e-15 3.270469e-16 2.402226e-18 9.894399e-13 2.468482e-16 1.087620e-16 1.099436e-21 2.394287e-31 1.250303e-10 6.634291e-17 7.599158e-01 2.801819e-10 3.951067e-07 8.732339e-21 2.533733e-18 5.086534e-21 2.161469e-21 7.610195e-12 2.357351e-16 3.867603e-12 8.995752e-09 3.165761e-07 4.404289e-17 3.209029e-19 1.489776e-19 5.504937e-15 2.965747e-12 6.580377e-09 5.113475e-16 5.833122e-09 5.082663e-10 3.239932e-20 4.116869e-13 1.551738e-21 5.883220e-12 3.134524e-16 5.585720e-14 9.859697e-11 5.186816e-33 2.249768e-10 3.607392e-26 5.196300e-15 5.707883e-17 1.834146e-09 2.495096e-24 5.628794e-30 2.458921e-31 1.383333e-23 5.362725e-09 9.039332e-14 5.413141e-21 5.599708e-10 4.116634e-12 2.255929e-15 3.972231e-11 1.462116e-14 1.942310e-15 1.696409e-13 4.937026e-13 7.352052e-16 1.285241e-13 2.022456e-12 1.050915e-16 4.405053e-17 6.002544e-16 7.104271e-22 6.583438e-33 8.341120e-21 4.819372e-21 1.072099e-49 0.000000e+00 4.461088e-10 5.561592e-12 9.091063e-03
4.222546e-04 2.531490e-12 6.153334e-06 1.758721e-06 3.385874e-14 3.270983e-13 5.359163e-23 4.288863e-33 1.471816e-22 4.103762e-14 4.554872e-05 1.551505e-28 1.665153e-10 4.507003e-24 1.017428e-25 1.446016e-09 1.917481e-14 2.568670e-10 3.617858e-05 3.610544e-02 6.310271e-24 3.605744e-10 1.074119e-20 3.996351e-16 5.268530e-12 2.399861e-11 1.947913e-01 1.892320e-15 3.191032e-16 2.281105e-18 1.320367e-12 2.915046e-16 1.642792e-16 1.386730e-21 3.064165e-31 1.294774e-10 7.662312e-17 7.599219e-01 2.743916e-10 3.926910e-07 8.408757e-21 3.066377e-18 4.742253e-21 2.163549e-21 7.065641e-12 2.628881e-16 4.103276e-12 1.013832e-08 3.152730e-07 4.663534e-17 3.224508e-19 1.561276e-19 5.796788e-15 3.370755e-12 8.448486e-09 6.568112e-16 5.883386e-09 5.002190e-10 4.116692e-20 4.672083e-13 2.014936e-21 6.839055e-12 3.005532e-16 6.291102e-14 1.025752e-10 3.069341e-33 2.234030e-10 2.968240e-26 5.630820e-15 5.137366e-17 1.891425e-09 1.771149e-24 5.617255e-30 5.737678e-31 1.176587e-23 6.035375e-09 1.058567e-13 6.225632e-21 4.948487e-10 4.159836e-12 2.382168e-15 3.971017e-11 1.312059e-14 2.051295e-15 1.713653e-13 5.721745e-13 8.451155e-16 1.370588e-13 2.136321e-12 1.091742e-16 4.531702e-17 6.377229e-16 7.538920e-22 6.350351e-33 1.223305e-20 5.641932e-21 1.469203e-49 0.000000e+00 5.119282e-10 5.657168e-12 9.090563e-03
3.666242e-04 3.151143e-12 6.487139e-06 1.712678e-06 5.119990e-14 4.829269e-13 6.348119e-23 4.748178e-33 1.828449e-22 4.294253e-14 4.524790e-05 2.116743e-28 1.823176e-10 5.875443e-24 1.463104e-25 1.532601e-09 2.055408e-14 2.705554e-10 3.865356e-05 3.609982e-02 8.636413e-24 3.925635e-10 1.445637e-20 4.887836e-16 5.776848e-12 2.382413e-11 1.947880e-01 2.004369e-15 3.120405e-16 2.113205e-18 1.750410e-12 3.478039e-16 2.435566e-16 1.768711e-21 3.816195e-31 1.345570e-10 8.794499e-17 7.599290e-01 2.685410e-10 3.899171e-07 8.107614e-21 3.819918e-18 4.381155e-21 2.163291e-21 6.437381e-12 2.955135e-16 4.373162e-12 1.145669e-08 3.137912e-07 4.959805e-17 3.196641e-19 1.640107e-19 6.129958e-15 3.846699e-12 1.133607e-08 8.446980e-16 5.947721e-09 4.901144e-10 5.259010e-20 5.331644e-13 2.621794e-21 7.951256e-12 2.833714e-16 7.105090e-14 1.063164e-10 1.744611e-33 2.216889e-10 2.437666e-26 6.057374e-15 4.547500e-17 1.952172e-09 1.234555e-24 5.604933e-30 1.393336e-30 9.735679e-24 6.834269e-09 1.246067e-13 7.198210e-21 4.261668e-10 4.203935e-12 2.526389e-15 3.969651e-11 1.152236e-14 2.175809e-15 1.697790e-13 6.540220e-13 9.768392e-16 1.470277e-13 2.266422e-12 1.135718e-16 4.699570e-17 6.805349e-16 8.035514e-22 6.088258e-33 1.869398e-20 6.509118e-21 1.828503e-49 0.000000e+00 5.851342e-10 5.757875e-12 9.089996e-03
3.183230e-04 3.903361e-12 6.867264e-06 1.660286e-06 7.715661e-14 7.362570e-13 7.511553e-23 4.985348e-33 2.270014e-22 4.414259e-14 4.490577e-05 2.892856e-28 2.004738e-10 7.677005e-24 2.104444e-25 1.631336e-09 2.154781e-14 2.860937e-10 4.148398e-05 3.609340e-02 1.184525e-23 4.348620e-10 1.973252e-20 5.937558e-16 6.374142e-12 2.355623e-11 1.947843e-01 2.131947e-15 3.065369e-16 1.930784e-18 2.316397e-12 4.187447e-16 3.548389e-16 2.274308e-21 4.695094e-31 1.403393e-10 1.005482e-16 7.599369e-01 2.626366e-10 3.867363e-07 7.836732e-21 4.835846e-18 4.003909e-21 2.160472e-21 5.726288e-12 3.346944e-16 4.681126e-12 1.298067e-08 3.121111e-07 5.297224e-17 3.115849e-19 1.726139e-19 6.509031e-15 4.403273e-12 1.592911e-08 1.088875e-15 6.027539e-09 4.782513e-10 6.753298e-20 6.110942e-13 3.429022e-21 9.271944e-12 2.618604e-16 8.092441e-14 1.095247e-10 9.751605e-34 2.198201e-10 1.999192e-26 6.430339e-15 3.959318e-17 2.015725e-09 8.343419e-25 5.591752e-30 3.467883e-30 7.783655e-24 7.779898e-09 1.475176e-13 8.346837e-21 3.548163e-10 4.251206e-12 2.690585e-15 3.968115e-11 9.845987e-15 2.317572e-15 1.647863e-13 7.366349e-13 1.134845e-15 1.586484e-13 2.414564e-12 1.182947e-16 4.915019e-17 7.292833e-16 8.600902e-22 5.794960e-33 2.987384e-20 7.429474e-21 2.154076e-49 0.000000e+00 6.672592e-10 5.863762e-12 9.089354e-03
2.763852e-04 4.816234e-12 7.299140e-06 1.600747e-06 1.159772e-13 1.175762e-12 8.878259e-23 4.991433e-33 2.828690e-22 4.467408e-14 4.451754e-05 3.961529e-28 2.212690e-10 1.005023e-23 3.029330e-25 1.743694e-09 2.200646e-14 3.037044e-10 4.471343e-05 3.608610e-02 1.628941e-23 4.916768e-10 2.742843e-20 7.188958e-16 7.074508e-12 2.318091e-11 1.947800e-01 2.276864e-15 3.034410e-16 1.743699e-18 3.063171e-12 5.082218e-16 5.081365e-16 2.946682e-21 5.718756e-31 1.469062e-10 1.145952e-16 7.599460e-01 2.566749e-10 3.830616e-07 7.604515e-21 6.210120e-18 3.611038e-21 2.154906e-21 4.938383e-12 3.818692e-16 5.031677e-12 1.477556e-08 3.102096e-07 5.680596e-17 2.975243e-19 1.819107e-19 6.939363e-15 5.051702e-12 2.334857e-08 1.408258e-15 6.124307e-09 4.648838e-10 8.718825e-20 7.027852e-13 4.503787e-21 1.083233e-11 2.361016e-16 9.323775e-14 1.117763e-10 5.392871e-34 2.177784e-10 1.637728e-26 6.681637e-15 3.384431e-17 2.081124e-09 5.412294e-25 5.577615e-30 8.768683e-30 5.952294e-24 8.896756e-09 1.757783e-13 9.703017e-21 2.821319e-10 4.304563e-12 2.877072e-15 3.966393e-11 8.119890e-15 2.478592e-15 1.562829e-13 8.173607e-13 1.324601e-15 1.721833e-13 2.582848e-12 1.233554e-16 5.185305e-17 7.846592e-16 9.243068e-22 5.468171e-33 4.974730e-20 8.391406e-21 2.417261e-49 0.000000e+00 7.593615e-10 5.975082e-12 9.088625e-03
2.399726e-04 5.913879e-12 7.788633e-06 1.533163e-06 1.735286e-13 1.993518e-12 1.048253e-22 4.711579e-33 3.555481e-22 4.428019e-14 4.407798e-05 5.438878e-28 2.450116e-10 1.317169e-23 4.357463e-25 1.871300e-09 2.174620e-14 3.236280e-10 4.838936e-05 3.607780e-02 2.243313e-23 5.687589e-10 3.889850e-20 8.697019e-16 7.893986e-12 2.268515e-11 1.947752e-01 2.441069e-15 3.037708e-16 1.550316e-18 4.041785e-12 6.212187e-16 7.150713e-16 3.849886e-21 6.862767e-31 1.543460e-10 1.301916e-16 7.599563e-01 2.506497e-10 3.787175e-07 7.420360e-21 8.124089e-18 3.203691e-21 2.146436e-21 4.089308e-12 4.389418e-16 5.429687e-12 1.699422e-08 3.080621e-07 6.115106e-17 2.772015e-19 1.918519e-19 7.426740e-15 5.804210e-12 3.533339e-08 1.828315e-15 6.239392e-09 4.502017e-10 1.132297e-19 8.101964e-13 5.880808e-21 1.256258e-11 2.063618e-16 1.083545e-13 1.124705e-10 2.952605e-34 2.155442e-10 1.340249e-26 6.715813e-15 2.822784e-17 2.146855e-09 3.333389e-25 5.562413e-30 2.240457e-29 4.289897e-24 1.021293e-08 2.108987e-13 1.130885e-20 2.102765e-10 4.367273e-12 3.088348e-15 3.964464e-11 6.387935e-15 2.661031e-15 1.440603e-13 8.937028e-13 1.552393e-15 1.879351e-13 2.773542e-12 1.287635e-16 5.518461e-17 8.474081e-16 9.970623e-22 5.106098e-33 8.541069e-20 9.352560e-21 2.548759e-49 0.000000e+00 8.619927e-10 6.092033e-12 9.087803e-03
2.083571e-04 7.216085e-12 8.341854e-06 1.456533e-06 2.577189e-13 3.639720e-12 1.236382e-22 4.157713e-33 4.561862e-22 4.267912e-14 4.358169e-05 7.489116e-28 2.720250e-10 1.726880e-23 6.249469e-25 2.015912e-09 2.058687e-14 3.461153e-10 5.256165e-05 3.606838e-02 3.088128e-23 6.738767e-10 5.631247e-20 1.058357e-15 8.850425e-12 2.205785e-11 1.947697e-01 2.626592e-15 3.086374e-16 1.349737e-18 5.312305e-12 7.640656e-16 9.886197e-16 5.074574e-21 8.094522e-31 1.627506e-10 1.475407e-16 7.599680e-01 2.445543e-10 3.733193e-07 7.294509e-21 1.085812e-17 2.784442e-21 2.134934e-21 3.210044e-12 5.084694e-16 5.880235e-12 1.999900e-08 3.056429e-07 6.606147e-17 2.509358e-19 2.023652e-19 7.977184e-15 6.673581e-12 5.437570e-08 2.383422e-15 6.373719e-09 4.343363e-10 1.480727e-19 9.353646e-13 7.412379e-21 1.409567e-11 1.732714e-16 1.250294e-13 1.108380e-10 1.625822e-34 2.130971e-10 1.095735e-26 6.413808e-15 2.270266e-17 2.210599e-09 1.917033e-25 5.546039e-30 5.749475e-29 2.851024e-24 1.175993e-08 2.546350e-13 1.319825e-20 1.426866e-10 4.442633e-12 3.327003e-15 3.962305e-11 4.715517e-15 2.867138e-15 1.279847e-13 9.635490e-13 1.825412e-15 2.062457e-13 2.989004e-12 1.345219e-16 5.923193e-17 9.183041e-16 1.079251e-21 4.708134e-33 1.488734e-19 1.025101e-20 2.497507e-49 0.000000e+00 9.756913e-10 6.214697e-12 9.086877e-03
1.809069e-04 8.748414e-12 8.965682e-06 1.369671e-06 3.798215e-13 7.245412e-12 1.456340e-22 3.532280e-33 6.169888e-22 4.030846e-14 4.302260e-05 1.033860e-27 3.026717e-10 2.265438e-23 8.930929e-25 2.179624e-09 1.840891e-14 3.714480e-10 5.728645e-05 3.605774e-02 4.244822e-23 8.175134e-10 8.329838e-20 1.320417e-15 9.964512e-12 2.128986e-11 1.947635e-01 2.835704e-15 3.189901e-16 1.160623e-18 6.964909e-12 9.449407e-16 1.343311e-15 6.730976e-21 9.742309e-31 1.722229e-10 1.673856e-16 7.599811e-01 2.383752e-10 3.661562e-07 7.237256e-21 1.466392e-17 2.358132e-21 2.120280e-21 2.352696e-12 5.940250e-16 6.389014e-12 2.447640e-08 3.029229e-07 7.159762e-17 2.198370e-19 2.133745e-19 8.597454e-15 7.673650e-12 8.359113e-08 3.118136e-15 6.527212e-09 4.174273e-10 1.952942e-19 1.080388e-12 8.506193e-21 1.451783e-11 1.380808e-16 1.391095e-13 1.061360e-10 9.542218e-35 2.104137e-10 8.947812e-27 5.664529e-15 1.730613e-17 2.269087e-09 9.994976e-26 5.528362e-30 1.462725e-28 1.691780e-24 1.357433e-08 3.089188e-13 1.533112e-20 8.426263e-11 4.533858e-12 3.595935e-15 3.959894e-11 3.192548e-15 3.099430e-15 1.084733e-13 1.025538e-12 2.152472e-15 2.275183e-13 3.231875e-12 1.406319e-16 6.409265e-17 9.982144e-16 1.171876e-21 4.275550e-33 2.590271e-19 1.108249e-20 2.346316e-49 0.000000e+00 1.102730e-09 6.343332e-12 9.085834e-03
1.570732e-04 1.048692e-11 9.668241e-06 1.272992e-06 5.519200e-13 1.535312e-11 1.713444e-22 2.918966e-33 9.140159e-22 3.832322e-14 4.239352e-05 1.430984e-27 3.373784e-10 2.973579e-23 1.265284e-24 2.365158e-09 1.524025e-14 3.999586e-10 6.263000e-05 3.604572e-02 5.794716e-23 1.013662e-09 1.253600e-19 1.731524e-15 1.126093e-11 2.037469e-11 1.947565e-01 3.071087e-15 3.348296e-16 1.015259e-18 9.071054e-12 1.174506e-15 1.794318e-15 8.976553e-21 1.793952e-30 1.828846e-10 1.905707e-16 7.599959e-01 2.320901e-10 3.564729e-07 7.257574e-21 1.992346e-17 1.934000e-21 2.102303e-21 1.594926e-12 7.006660e-16 6.962743e-12 3.115460e-08 2.998681e-07 7.783086e-17 1.860181e-19 2.248219e-19 9.295533e-15 8.819637e-12 1.257549e-07 4.078611e-15 6.697760e-09 3.998835e-10 2.603392e-19 1.247320e-12 8.218532e-21 1.256577e-11 1.029757e-16 1.431484e-13 9.816903e-11 6.101644e-35 2.074658e-10 7.294698e-27 4.457311e-15 1.223112e-17 2.318145e-09 4.583196e-26 5.509227e-30 3.584612e-28 8.595044e-25 1.569977e-08 3.761394e-13 1.758385e-20 4.060931e-11 4.644120e-12 3.898559e-15 3.957201e-11 1.931250e-15 3.360875e-15 8.693161e-14 1.079376e-12 2.544680e-15 2.522410e-13 3.505272e-12 1.470957e-16 6.987967e-17 1.088162e-15 1.276122e-21 3.813290e-33 4.408347e-19 1.190605e-20 2.125500e-49 0.000000e+00 1.226193e-09 6.478319e-12 9.084658e-03
1.363794e-04 1.232129e-11 1.045856e-05 1.172235e-06 7.827890e-13 3.158173e-11 2.023363e-22 2.339739e-33 1.465123e-21 3.862239e-14 4.168648e-05 1.986773e-27 3.766201e-10 3.903507e-23 1.762197e-24 2.576107e-09 1.164620e-14 4.320152e-10 6.866599e-05 3.603215e-02 7.785399e-23 1.280471e-09 1.896330e-19 2.421601e-15 1.276781e-11 1.930982e-11 1.947486e-01 3.335716e-15 3.535695e-16 9.514214e-19 1.161433e-11 1.466299e-15 2.360799e-15 1.204228e-20 1.453475e-29 1.948706e-10 2.175502e-16 7.600127e-01 2.256722e-10 3.445775e-07 7.361541e-21 2.729161e-17 1.528831e-21 2.080740e-21 1.025635e-12 8.353265e-16 7.608878e-12 3.969748e-08 2.964403e-07 8.484031e-17 1.526590e-19 2.366801e-19 1.008027e-14 1.012730e-11 1.807870e-07 5.283535e-15 6.880095e-09 3.828154e-10 3.506610e-19 1.437809e-12 6.545043e-21 8.179621e-12 7.115531e-17 1.267719e-13 8.782168e-11 3.848975e-35 2.042216e-10 5.935087e-27 3.014456e-15 7.896371e-18 2.353573e-09 1.813848e-26 5.488459e-30 8.067185e-28 3.624373e-25 1.818611e-08 4.602815e-13 1.973115e-20 1.506407e-11 4.776452e-12 4.238654e-15 3.954192e-11 1.034577e-15 3.654766e-15 6.574569e-14 1.125819e-12 3.017110e-15 2.809789e-13 3.812653e-12 1.539104e-16 7.671952e-17 1.189282e-15 1.393304e-21 3.333421e-33 7.163430e-19 1.291739e-20 1.825182e-49 0.000000e+00 1.291477e-09 6.619910e-12 9.083336e-03
1.184120e-04 1.435714e-11 1.134681e-05 1.074124e-06 1.099894e-12 5.672905e-11 2.531497e-22 1.956070e-33 2.352453e-21 4.285107e-14 4.089250e-05 2.766858e-27 4.209313e-10 5.126079e-23 2.444395e-24 2.817378e-09 8.729306e-15 4.680302e-10 7.547707e-05 3.601685e-02 1.040878e-22 1.640909e-09 2.879368e-19 3.534213e-15 1.451694e-11 1.809633e-11 1.947398e-01 3.632933e-15 3.688593e-16 9.842014e-19 1.474527e-11 1.837101e-15 3.080049e-15 1.622418e-20 2.206786e-28 2.083330e-10 2.483133e-16 7.600315e-01 2.190901e-10 3.327144e-07 7.554760e-21 3.749511e-17 1.164828e-21 2.055246e-21 6.866353e-13 1.007223e-15 8.335811e-12 4.782828e-08 2.925967e-07 9.271486e-17 1.229659e-19 2.489729e-19 1.096162e-14 1.161453e-11 2.436479e-07 6.797173e-15 7.067078e-09 3.683923e-10 4.742437e-19 1.653212e-12 5.065218e-21 3.866942e-12 4.569952e-17 9.356569e-14 7.659839e-11 2.200598e-35 2.006456e-10 4.819667e-27 1.743072e-15 4.701992e-18 2.374543e-09 6.553044e-27 5.465861e-30 1.592968e-27 1.312466e-25 2.108982e-08 5.700158e-13 2.185531e-20 4.381472e-12 4.933594e-12 4.620458e-15 3.950832e-11 5.142405e-16 3.984801e-15 4.728700e-14 1.166471e-12 3.592285e-15 3.143766e-13 4.157904e-12 1.610682e-16 8.475492e-17 1.302848e-15 1.524901e-21 2.855709e-33 1.090957e-18 1.492285e-20 1.532866e-49 0.000000e+00 1.288374e-09 6.768354e-12 9.081847e-03
1.028117e-04 1.713490e-11 1.234531e-05 9.835850e-07 1.588061e-12 8.893929e-11 5.156378e-22 2.687508e-33 3.948525e-21 5.174896e-14 4.000076e-05 3.864819e-27 4.709545e-10 6.737625e-23 3.493914e-24 3.095400e-09 7.002431e-15 5.084970e-10 8.316244e-05 3.599961e-02 1.429077e-22 2.125255e-09 4.472978e-19 5.214535e-15 1.654628e-11 1.673672e-11 1.947298e-01 3.966765e-15 3.732650e-16 1.103600e-18 1.913486e-11 2.308384e-15 4.013316e-15 2.197145e-20 3.774619e-27 2.234548e-10 2.828405e-16 7.600526e-01 2.123015e-10 3.228041e-07 7.854814e-21 5.128521e-17 8.581237e-22 2.025404e-21 5.348923e-13 1.229025e-15 9.153637e-12 5.358468e-08 2.882855e-07 1.015615e-16 9.857901e-20 2.617679e-19 1.195154e-14 1.330504e-11 3.079859e-07 8.888024e-15 7.253701e-09 3.592632e-10 6.407418e-19 1.895463e-12 4.601006e-21 1.511029e-12 2.760671e-17 6.698849e-14 6.547409e-11 1.308874e-35 1.966943e-10 3.906886e-27 8.880238e-16 2.642738e-18 2.385540e-09 3.070981e-26 5.441196e-30 2.758630e-27 5.363462e-26 2.447813e-08 7.190672e-13 2.463836e-20 1.124864e-12 5.117906e-12 5.049068e-15 3.947073e-11 2.632255e-16 4.355430e-15 3.271986e-14 1.203272e-12 4.302683e-15 3.532123e-13 4.545705e-12 1.685603e-16 9.415363e-17 1.430394e-15 1.672694e-21 2.399907e-33 1.559221e-18 2.489359e-20 1.339574e-49 0.000000e+00 1.235211e-09 6.924028e-12 9.080167e-03
8.926665e-05 2.111998e-11 1.346857e-05 9.031976e-07 2.375976e-12 1.292160e-10 3.703370e-21 1.315813e-32 1.158383e-20 6.603555e-14 3.899848e-05 5.418382e-27 5.274514e-10 8.867678e-23 5.199588e-24 3.417873e-09 6.182025e-15 5.539966e-10 9.184024e-05 3.598016e-02 2.031253e-22 2.777001e-09 7.166044e-19 7.755652e-15 1.890298e-11 1.523504e-11 1.947185e-01 4.341960e-15 3.621234e-16 1.305047e-18 2.561913e-11 2.909645e-15 5.233640e-15 3.098077e-20 6.543433e-26 2.404524e-10 3.216560e-16 7.600764e-01 2.052549e-10 3.144007e-07 8.302608e-21 6.969288e-17 6.125950e-22 1.990745e-21 5.094366e-13 1.519825e-15 1.007427e-11 5.736060e-08 2.834457e-07 1.115067e-16 7.955657e-20 2.751271e-19 1.306414e-14 1.522829e-11 3.709519e-07 1.191978e-14 7.438531e-09 3.576468e-10 8.779804e-19 2.167450e-12 4.852376e-21 6.295696e-13 1.582483e-17 5.596632e-14 5.479557e-11 9.832161e-36 1.923163e-10 3.160235e-27 4.148298e-16 1.421763e-18 2.391593e-09 9.932068e-28 5.414185e-30 4.364983e-27 9.804006e-27 2.843405e-08 9.224297e-13 2.856289e-20 3.181785e-13 5.331137e-12 5.530480e-15 3.942865e-11 1.554258e-16 4.771903e-15 2.199728e-14 1.237968e-12 5.193840e-15 3.984706e-13 4.981577e-12 1.763736e-16 1.051101e-16 1.573728e-15 1.838780e-21 1.978883e-33 2.124640e-18 1.275475e-19 1.274016e-49 0.000000e+00 1.155723e-09 7.087220e-12 9.078270e-03
7.750613e-05 2.704310e-11 1.473417e-05 8.340204e-07 3.698473e-12 1.817189e-10 4.295367e-20 1.091943e-31 8.878519e-20 9.098774e-14 3.787019e-05 7.633811e-27 5.913464e-10 1.175099e-22 8.143800e-24 3.794123e-09 5.982267e-15 6.052303e-10 1.016547e-04 3.595819e-02 3.004784e-22 3.661376e-09 1.195907e-18 1.228595e-14 2.164781e-11 1.359693e-11 1.947059e-01 4.764252e-15 3.338776e-16 1.669651e-18 3.573912e-11 3.683324e-15 6.828803e-15 5.841222e-20 9.568093e-25 2.595869e-10 3.672223e-16 7.601032e-01 1.978872e-10 3.055607e-07 8.965150e-21 9.260726e-17 4.236652e-22 1.950712e-21 6.192405e-13 1.910470e-15 1.111209e-11 6.103558e-08 2.780037e-07 1.227029e-16 6.510435e-20 2.890871e-19 1.431644e-14 1.741941e-11 4.330474e-07 1.654585e-14 7.622415e-09 3.656560e-10 1.385228e-18 2.472924e-12 5.473616e-21 3.523668e-13 8.636586e-18 5.451123e-14 4.463838e-11 9.861422e-36 1.874494e-10 2.547987e-27 1.861051e-16 7.289876e-19 2.395258e-09 0.000000e+00 5.384498e-30 6.606079e-27 0.000000e+00 3.306335e-08 1.195750e-12 3.410444e-20 1.250513e-13 5.574341e-12 6.071912e-15 3.938144e-11 1.127310e-16 5.240553e-15 1.450717e-14 1.272019e-12 6.335622e-15 4.514489e-13 5.472183e-12 1.844902e-16 1.178523e-16 1.735034e-15 2.025690e-21 1.598923e-33 2.812589e-18 1.241739e-18 1.779121e-49 0.000000e+00 1.067423e-09 7.258334e-12 9.076118e-03
6.729501e-05 3.783594e-11 1.616340e-05 7.759928e-07 6.260374e-12 2.507369e-10 4.275332e-19 8.126259e-31 8.185006e-19 1.643990e-13 3.659720e-05 1.092835e-26 6.637666e-10 1.625568e-22 1.435940e-23 4.235746e-09 6.523562e-15 6.630470e-10 1.127832e-04 3.593332e-02 4.867462e-22 4.878635e-09 2.188985e-18 2.623268e-14 2.486068e-11 1.183096e-11 1.946916e-01 5.240575e-15 2.879881e-16 2.800686e-18 5.481308e-11 4.692828e-15 8.900129e-15 2.413097e-19 1.081029e-23 2.811739e-10 4.236354e-16 7.601336e-01 1.901215e-10 2.935776e-07 9.941944e-21 1.199677e-16 2.830384e-22 1.904568e-21 1.069375e-12 2.453643e-15 1.228445e-11 6.723816e-08 2.718703e-07 1.353353e-16 5.409582e-20 3.036376e-19 1.572900e-14 1.991927e-11 4.970585e-07 2.522970e-14 7.805810e-09 3.859433e-10 3.948183e-18 2.815817e-12 6.313881e-21 2.644210e-13 4.491881e-18 5.554549e-14 3.499644e-11 1.306225e-35 1.820185e-10 2.043343e-27 8.624911e-17 3.452606e-19 2.397345e-09 0.000000e+00 5.351739e-30 9.916424e-27 0.000000e+00 3.850364e-08 1.554759e-12 4.416277e-20 6.982574e-14 5.847777e-12 6.682064e-15 3.932835e-11 1.016794e-16 5.769035e-15 9.573929e-15 1.306641e-12 7.845189e-15 5.138977e-13 6.025582e-12 1.928850e-16 1.326454e-16 1.916949e-15 2.236478e-21 1.262107e-33 3.681643e-18 1.092308e-17 6.256294e-49 0.000000e+00 9.820090e-10 7.437624e-12 9.073673e-03
5.842916e-05 6.294960e-11 1.778071e-05 7.287647e-07 1.244060e-11 3.418931e-10 3.313274e-18 4.910903e-30 6.198091e-18 4.970643e-13 3.515801e-05 1.679924e-26 7.460355e-10 2.793386e-22 3.228637e-23 4.756588e-09 8.384520e-15 7.284201e-10 1.254379e-04 3.590511e-02 9.404383e-22 6.595504e-09 4.817188e-18 9.870786e-14 2.865357e-11 9.955622e-12 1.946755e-01 5.778877e-15 2.265813e-16 7.833857e-18 1.009009e-10 6.045545e-15 1.161611e-14 1.500120e-18 9.376561e-23 3.055730e-10 4.994459e-16 7.601679e-01 1.818723e-10 2.757390e-07 1.139368e-20 1.501897e-16 1.813218e-22 1.851316e-21 2.572637e-12 3.250114e-15 1.361108e-11 7.859801e-08 2.649433e-07 1.496170e-16 4.540594e-20 3.186151e-19 1.732527e-14 2.277123e-11 5.686139e-07 4.640097e-14 7.981486e-09 4.209674e-10 2.183830e-17 3.196849e-12 7.370936e-21 2.414803e-13 2.220276e-18 5.562687e-14 2.592661e-11 2.410489e-35 1.759379e-10 1.624102e-27 4.610581e-17 1.414348e-19 2.397934e-09 0.000000e+00 5.315469e-30 1.521442e-26 0.000000e+00 4.494331e-08 2.003535e-12 6.752798e-20 5.110246e-14 6.150577e-12 7.370850e-15 3.926854e-11 1.132204e-16 6.366117e-15 6.749004e-15 1.342662e-12 9.939067e-15 5.883255e-13 6.651001e-12 2.015137e-16 1.497773e-16 2.122493e-15 2.474642e-21 9.674850e-34 4.918691e-18 7.507152e-17 4.131596e-48 0.000000e+00 9.037061e-10 7.624972e-12 9.070894e-03
5.073136e-05 1.218955e-10 1.961504e-05 6.920394e-07 2.837518e-11 4.772823e-10 2.008388e-17 2.462171e-29 3.696694e-17 1.943583e-12 3.352740e-05 3.290232e-26 8.397834e-10 8.019173e-22 9.390836e-23 5.371717e-09 1.194259e-14 8.024936e-10 1.398942e-04 3.587300e-02 2.124904e-21 9.126227e-09 1.276692e-17 4.886561e-13 3.321646e-11 8.018914e-12 1.946572e-01 6.388537e-15 1.609898e-16 2.885279e-17 2.181747e-10 7.967767e-15 1.549942e-14 8.343818e-18 6.383031e-22 3.331952e-10 6.078866e-16 7.602067e-01 1.730413e-10 2.527106e-07 1.362676e-20 1.773792e-16 1.094755e-22 1.789489e-21 6.778531e-12 4.529342e-15 1.511418e-11 9.437369e-08 2.571020e-07 1.658020e-16 3.801283e-20 3.334439e-19 1.913211e-14 2.601678e-11 6.585866e-07 1.002533e-13 8.117606e-09 4.707015e-10 1.328875e-16 3.604137e-12 8.800635e-21 2.344426e-13 1.021520e-18 5.582249e-14 1.770458e-11 5.842258e-35 1.691069e-10 1.271356e-27 2.981796e-17 4.615691e-20 2.396763e-09 0.000000e+00 5.275179e-30 2.460991e-26 0.000000e+00 5.268689e-08 2.503915e-12 1.190468e-19 4.027514e-14 6.480711e-12 8.149878e-15 3.920107e-11 1.424183e-16 7.042114e-15 5.795655e-15 1.380253e-12 1.303596e-14 6.789494e-13 7.359290e-12 2.103121e-16 1.695468e-16 2.355222e-15 2.744289e-21 7.113164e-34 7.258280e-18 4.024827e-16 3.040327e-47 0.000000e+00 8.335354e-10 7.820038e-12 9.067722e-03
4.404770e-05 2.424213e-10 2.170122e-05 6.656824e-07 6.662858e-11 7.505645e-10 9.731139e-17 1.060084e-28 1.764608e-16 7.516117e-12 3.167537e-05 9.716879e-26 9.470472e-10 3.374160e-21 3.113972e-22 6.091275e-09 1.591890e-14 8.866325e-10 1.565386e-04 3.583629e-02 4.976185e-21 1.305735e-08 3.652002e-17 2.237099e-12 3.890951e-11 6.117413e-12 1.946364e-01 7.080895e-15 1.111009e-16 1.047651e-16 4.828158e-10 1.097269e-14 2.223154e-14 3.798162e-17 3.507301e-21 3.644834e-10 7.574291e-16 7.602509e-01 1.635139e-10 2.320437e-07 1.725033e-20 1.929668e-16 6.012142e-23 1.716880e-21 1.563484e-11 6.864491e-15 1.681641e-11 1.069674e-07 2.482009e-07 1.842015e-16 3.056708e-20 3.467317e-19 2.117846e-14 2.968682e-11 7.850237e-07 2.165075e-13 8.130125e-09 5.317912e-10 6.973233e-16 3.993894e-12 1.120520e-20 1.925548e-13 4.106098e-19 6.059601e-14 1.083468e-11 1.551258e-34 1.614055e-10 9.691454e-28 1.967865e-17 1.135457e-20 2.393381e-09 0.000000e+00 5.230271e-30 4.314759e-26 0.000000e+00 6.226729e-08 2.935196e-12 2.131196e-19 2.293377e-14 6.834918e-12 9.032995e-15 3.912490e-11 1.700760e-16 7.809391e-15 6.120339e-15 1.418259e-12 1.788013e-14 7.931210e-13 8.163377e-12 2.191923e-16 1.922220e-16 2.619410e-15 3.050298e-21 4.890828e-34 1.344617e-17 1.719070e-15 2.042214e-46 0.000000e+00 7.709671e-10 8.022253e-12 9.064092e-03
3.824460e-05 4.803475e-10 2.407902e-05 2.470700e-06 1.601106e-10 1.483917e-09 3.855724e-16 3.945283e-28 6.418394e-16 2.869115e-11 2.956898e-05 3.729087e-25 1.070006e-09 1.468310e-20 1.072681e-21 6.900055e-09 1.784578e-14 9.823212e-10 1.759141e-04 3.579398e-02 1.179502e-20 1.926002e-08 1.078433e-16 8.872871e-12 4.634952e-11 4.382912e-12 1.946125e-01 7.869185e-15 8.834069e-17 3.545720e-16 1.031452e-09 1.603678e-14 3.587294e-14 1.475897e-16 1.604791e-20 3.997833e-10 9.488107e-16 7.602996e-01 1.531660e-10 2.229336e-07 2.331844e-20 1.914363e-16 2.827401e-23 1.630519e-21 2.823435e-11 1.161971e-14 1.873124e-11 1.071817e-07 2.380729e-07 2.051709e-16 2.174256e-20 3.560316e-19 2.348471e-14 3.378333e-11 9.694153e-07 4.287707e-13 7.877281e-09 6.000613e-10 3.017016e-15 4.277065e-12 1.671490e-20 1.109024e-13 1.270563e-19 7.838292e-14 5.751734e-12 4.161544e-34 1.526990e-10 7.057016e-28 9.887993e-18 2.015091e-21 2.387405e-09 0.000000e+00 5.180059e-30 8.212737e-26 0.000000e+00 7.450749e-08 3.067476e-12 3.766903e-19 6.605757e-15 7.208161e-12 1.003583e-14 3.903889e-11 1.687956e-16 8.681854e-15 6.122078e-15 1.452881e-12 2.512255e-14 9.412487e-13 9.077630e-12 2.280291e-16 2.178995e-16 2.919954e-15 3.397886e-21 3.002104e-34 3.252428e-17 5.514043e-15 1.243427e-45 0.000000e+00 7.135842e-10 8.230419e-12 9.059916e-03
3.320603e-05 9.063326e-10 2.679113e-05 4.507084e-06 3.841085e-10 3.726266e-09 1.282625e-15 1.294463e-27 1.992806e-15 9.685754e-11 2.717710e-05 1.462972e-24 1.209915e-09 5.760797e-20 3.529376e-21 7.714201e-09 1.600194e-14 1.089918e-09 1.988030e-04 3.574489e-02 2.698819e-20 2.853778e-08 3.046441e-16 2.621692e-11 5.602195e-11 2.976094e-12 1.945855e-01 8.768505e-15 9.250041e-17 9.634308e-16 1.979903e-09 2.410993e-14 6.482081e-14 5.115833e-16 6.262442e-20 4.390159e-10 1.166377e-15 7.603550e-01 1.418795e-10 2.295362e-07 3.335524e-20 1.755399e-16 1.068890e-23 1.526940e-21 3.453367e-11 2.144384e-14 2.084533e-11 9.088151e-08 2.265391e-07 2.290470e-16 1.280764e-20 3.580290e-19 2.602262e-14 3.823550e-11 1.224266e-06 7.120245e-13 7.206037e-09 6.687680e-10 1.075592e-14 4.341715e-12 3.164881e-20 3.983406e-14 2.483722e-20 1.340688e-13 2.581261e-12 1.146229e-33 1.428503e-10 4.757378e-28 2.898782e-18 2.543306e-22 2.378796e-09 2.390349e-26 5.123808e-30 1.748524e-25 4.989261e-26 9.038130e-08 3.163462e-12 6.288812e-19 8.292764e-16 7.592942e-12 1.117474e-14 3.894207e-11 1.284176e-16 9.673293e-15 4.197409e-15 1.477280e-12 3.585326e-14 1.133497e-12 1.011630e-11 2.366481e-16 2.462993e-16 3.262096e-15 3.791242e-21 1.520098e-34 9.038400e-17 1.503101e-14 6.802754e-45 0.000000e+00 6.578056e-10 8.442633e-12 9.055125e-03
2.883127e-05 1.653015e-09 2.988085e-05 6.776448e-06 9.324915e-10 1.040746e-08 3.644446e-15 3.852087e-27 5.361993e-15 2.388407e-10 2.447774e-05 5.257407e-24 1.363951e-09 1.988884e-19 1.059041e-20 8.330755e-09 1.261982e-14 1.198017e-09 2.263333e-04 3.568736e-02 5.688428e-20 4.079951e-08 8.002070e-16 4.818451e-11 6.460429e-11 2.034448e-12 1.945552e-01 9.796429e-15 1.134292e-16 1.748525e-15 3.420583e-09 3.253427e-14 1.251613e-13 1.544896e-15 2.123085e-19 4.808751e-10 1.396537e-15 7.604179e-01 1.295557e-10 2.440388e-07 4.822322e-20 1.473550e-16 3.513540e-24 1.402901e-21 2.479756e-11 3.698193e-14 2.307524e-11 6.578978e-08 2.134161e-07 2.559188e-16 6.411094e-21 3.499074e-19 2.861262e-14 4.283337e-11 1.519248e-06 1.011778e-12 6.086615e-09 7.264914e-10 3.257581e-14 4.139727e-12 7.195799e-20 9.707655e-15 2.558212e-21 2.984739e-13 9.707941e-13 3.285422e-33 1.317361e-10 2.832727e-28 4.909780e-19 2.274874e-23 2.368047e-09 2.662859e-24 5.060681e-30 4.002172e-25 2.385010e-24 1.103293e-07 3.367082e-12 1.005335e-18 6.072087e-17 2.233563e-11 1.246490e-14 3.883350e-11 8.339912e-17 1.079299e-14 1.608880e-15 1.487898e-12 5.031881e-14 1.365646e-12 1.129044e-11 2.448230e-16 2.763901e-16 3.650783e-15 4.231399e-21 5.655106e-35 2.519584e-16 3.529918e-14 3.358330e-44 0.000000e+00 5.996638e-10 8.656435e-12 9.049613e-03
2.503286e-05 2.979047e-09 3.338494e-05 9.242522e-06 2.322034e-09 2.791485e-08 8.964517e-15 1.044906e-26 1.256065e-14 3.598932e-10 2.147315e-05 1.644813e-23 1.518549e-09 6.032753e-19 2.793372e-20 8.444725e-09 9.822261e-15 1.250110e-09 2.601474e-04 3.561907e-02 9.868616e-20 5.433443e-08 1.926343e-15 4.786831e-11 6.212114e-11 1.496193e-12 1.945216e-01 1.097267e-14 1.337695e-16 1.781075e-15 5.347892e-09 3.197723e-14 2.480138e-13 3.918217e-15 6.322649e-19 5.212723e-10 1.586961e-15 7.604891e-01 1.161553e-10 2.558195e-07 6.498843e-20 1.085702e-16 1.531921e-24 1.256357e-21 9.791400e-12 4.591938e-14 2.519418e-11 4.224854e-08 1.985466e-07 2.848997e-16 2.908131e-21 3.300731e-19 3.084919e-14 4.713379e-11 1.736139e-06 1.274057e-12 4.673330e-09 7.569583e-10 8.697246e-14 3.711462e-12 1.725263e-19 1.881294e-15 1.260861e-22 6.813108e-13 3.105438e-13 9.011134e-33 1.192859e-10 1.403818e-28 6.388016e-20 1.488436e-24 2.355966e-09 1.164621e-26 4.989737e-30 8.716605e-25 4.150374e-26 1.332745e-07 3.741190e-12 1.575564e-18 4.155456e-18 3.732316e-11 1.391423e-14 3.871244e-11 5.542775e-17 1.203332e-14 3.212814e-16 1.489350e-12 6.674786e-14 1.592744e-12 1.260026e-11 2.522727e-16 3.060414e-16 4.088303e-15 4.713331e-21 1.371283e-35 6.617851e-16 7.162095e-14 1.460096e-43 0.000000e+00 5.344261e-10 8.868704e-12 9.043260e-03
2.173488e-05 5.261383e-09 3.732703e-05 1.180245e-05 5.958790e-09 6.681260e-08 1.924401e-14 2.759000e-26 2.593562e-14 3.824695e-10 1.820717e-05 4.185069e-23 1.641323e-09 1.602808e-18 6.299668e-20 7.810136e-09 7.912595e-15 1.187999e-09 3.027948e-04 3.553661e-02 1.404866e-19 6.618559e-08 4.144018e-15 2.984468e-11 5.012566e-11 1.064375e-12 1.944853e-01 1.231623e-14 1.381329e-16 1.153271e-15 7.675587e-09 2.137990e-14 4.908339e-13 8.143369e-15 1.661225e-18 5.518268e-10 1.652785e-15 7.605693e-01 1.017456e-10 2.597136e-07 7.510439e-20 6.969008e-17 1.045279e-24 1.088096e-21 2.608649e-12 3.961140e-14 2.678268e-11 2.503736e-08 1.818328e-07 3.124624e-16 1.230860e-21 2.979417e-19 3.243200e-14 5.037421e-11 1.692926e-06 1.382076e-12 3.231407e-09 7.444011e-10 2.081929e-13 3.136857e-12 4.017492e-19 3.270361e-16 1.848987e-23 1.275401e-12 8.668270e-14 2.305056e-32 1.055290e-10 5.461874e-29 8.518453e-21 8.158602e-26 2.343431e-09 0.000000e+00 4.909861e-30 1.626025e-24 2.452489e-24 1.568112e-07 4.278128e-12 2.382319e-18 3.758365e-19 5.211630e-11 1.551199e-14 3.857851e-11 4.092450e-17 1.334850e-14 3.827927e-17 1.487615e-12 8.236567e-14 1.708602e-12 1.402363e-11 2.586738e-16 3.322743e-16 4.569745e-15 5.221554e-21 2.039105e-36 1.613558e-15 1.268086e-13 5.780824e-43 0.000000e+00 4.578882e-10 9.076323e-12 9.035882e-03
1.887140e-05 8.711714e-09 4.170215e-05 1.425459e-05 1.539941e-08 1.390949e-07 3.626240e-14 6.761605e-26 4.770341e-14 3.563712e-10 1.478559e-05 7.872467e-23 1.680964e-09 3.682660e-18 1.187076e-19 6.474290e-09 6.507504e-15 1.026068e-09 3.583082e-04 3.543487e-02 1.715163e-19 7.446214e-08 7.719106e-15 1.466646e-11 3.703923e-11 6.402736e-13 1.944471e-01 1.382773e-14 1.189640e-16 6.038296e-16 1.048779e-08 1.083451e-14 9.476022e-13 1.389799e-14 3.830576e-18 5.603680e-10 1.586869e-15 7.606593e-01 8.657301e-11 2.550791e-07 7.234723e-20 4.158414e-17 8.572426e-25 9.036112e-22 6.163326e-13 2.822875e-14 2.727059e-11 1.447804e-08 1.633096e-07 3.298759e-16 4.967992e-22 2.541878e-19 3.340471e-14 5.146861e-11 1.340847e-06 1.209660e-12 2.014794e-09 6.844321e-10 4.495602e-13 2.499181e-12 8.809771e-19 5.609961e-17 2.472612e-24 1.978971e-12 2.142712e-14 5.248683e-32 9.067047e-11 1.613410e-29 1.310244e-21 4.745676e-27 2.331174e-09 0.000000e+00 4.819793e-30 2.541550e-24 4.517544e-26 1.799834e-07 4.908570e-12 3.350795e-18 4.678972e-20 6.614587e-11 1.720646e-14 3.843209e-11 3.278485e-17 1.463329e-14 3.437347e-18 1.485021e-12 9.419592e-14 1.592274e-12 1.550003e-11 2.636734e-16 3.520997e-16 5.075704e-15 5.722919e-21 1.899565e-37 3.649852e-15 1.973816e-13 1.878952e-42 0.000000e+00 3.671501e-10 9.275439e-12 9.027319e-03
1.638517e-05 1.325017e-08 4.646019e-05 1.629600e-05 3.873117e-08 2.566303e-07 6.022571e-14 1.506387e-25 7.846509e-14 3.126961e-10 1.138625e-05 1.041216e-22 1.586507e-09 7.196310e-18 1.834466e-19 4.764444e-09 5.204228e-15 8.082964e-10 4.326221e-04 3.530661e-02 1.835848e-19 7.839630e-08 1.237701e-14 6.085880e-12 2.613699e-11 3.212933e-13 1.944081e-01 1.544628e-14 8.679526e-17 2.893149e-16 1.398643e-08 4.725487e-15 1.761154e-12 1.966796e-14 7.687262e-18 5.351167e-10 1.445439e-15 7.607591e-01 7.112031e-11 2.440217e-07 5.895281e-20 2.462496e-17 7.293029e-25 7.131764e-22 1.468038e-13 1.851937e-14 2.613352e-11 8.379103e-09 1.432485e-07 3.224972e-16 1.904750e-22 2.015706e-19 3.393844e-14 4.930028e-11 8.871191e-07 8.196838e-13 1.145155e-09 5.891419e-10 8.711030e-13 1.869256e-12 1.808923e-18 1.048429e-17 1.532144e-22 2.843901e-12 4.716008e-15 1.054328e-31 7.517138e-11 3.603673e-30 2.435580e-22 4.675926e-28 2.319437e-09 0.000000e+00 4.718281e-30 3.416994e-24 2.381135e-23 2.035660e-07 5.566208e-12 4.310911e-18 6.892721e-21 7.875308e-11 1.887642e-14 3.827465e-11 2.731128e-17 1.573318e-14 2.992864e-19 1.481994e-12 9.600074e-14 1.230902e-12 1.691720e-11 2.669150e-16 3.635152e-16 5.565713e-15 6.163241e-21 1.177504e-38 7.705157e-15 2.704171e-13 4.820376e-42 0.000000e+00 2.623602e-10 9.461413e-12 9.017379e-03
1.422649e-05 1.879706e-08 5.151405e-05 1.758188e-05 9.264661e-08 4.358471e-07 8.842162e-14 3.220807e-25 1.153997e-13 2.555135e-10 8.228335e-06 1.010724e-22 1.341950e-09 1.176652e-17 2.284701e-19 3.067637e-09 3.817391e-15 5.795318e-10 5.340345e-04 3.514201e-02 1.755098e-19 7.659401e-08 1.720804e-14 2.108058e-12 1.768959e-11 1.386132e-13 1.943704e-01 1.700589e-14 5.644791e-17 1.290465e-16 1.812935e-08 1.891985e-15 3.134200e-12 2.315734e-14 1.332890e-17 4.715244e-10 1.260497e-15 7.608686e-01 5.604527e-11 2.286649e-07 4.056179e-20 1.465256e-17 6.012323e-25 5.296942e-22 4.394043e-14 1.135936e-14 2.317900e-11 4.778493e-09 1.221663e-07 2.770197e-16 6.890495e-23 1.456879e-19 3.419355e-14 4.334473e-11 5.344920e-07 4.292947e-13 6.004393e-10 4.780965e-10 1.498438e-12 1.302056e-12 3.491459e-18 2.919599e-18 0.000000e+00 3.985340e-12 9.344597e-16 1.947969e-31 5.971551e-11 6.114132e-31 7.095897e-23 2.465922e-29 2.307948e-09 0.000000e+00 4.603941e-30 4.057248e-24 0.000000e+00 2.261366e-07 6.248958e-12 5.113048e-18 1.068224e-21 8.934334e-11 2.033735e-14 3.810807e-11 2.323511e-17 1.651328e-14 3.651470e-20 1.478533e-12 8.193517e-14 7.688618e-13 1.812772e-11 2.681005e-16 3.671602e-16 5.985718e-15 6.484446e-21 5.132392e-40 1.530776e-14 3.256130e-13 1.054914e-41 0.000000e+00 1.507075e-10 9.630260e-12 9.005761e-03
1.235221e-05 2.521614e-08 5.674288e-05 1.781818e-05 2.080573e-07 7.012540e-07 1.155833e-13 6.307803e-25 1.502630e-13 1.899286e-10 5.521593e-06 7.498001e-23 9.924489e-10 1.582906e-17 2.266588e-19 1.702008e-09 2.425195e-15 3.762814e-10 6.739164e-04 3.492793e-02 1.497594e-19 6.849348e-08 2.077589e-14 6.144667e-13 1.130597e-11 5.231791e-14 1.943371e-01 1.824079e-14 3.270049e-17 5.305134e-17 2.256501e-08 7.061637e-16 5.321091e-12 2.300228e-14 1.981493e-17 3.776025e-10 1.040358e-15 7.609868e-01 4.209097e-11 2.103742e-07 2.327258e-20 8.517652e-18 4.595784e-25 3.662839e-22 2.434340e-14 6.428821e-15 1.871072e-11 2.656896e-09 1.008240e-07 1.972857e-16 2.722772e-23 9.446711e-20 3.429288e-14 3.425943e-11 3.191080e-07 1.793098e-13 2.931743e-10 3.695716e-10 2.274399e-12 8.360709e-13 6.367632e-18 1.712396e-18 1.707703e-25 5.509576e-12 1.726560e-16 3.220484e-31 4.512786e-11 7.966211e-32 4.404524e-23 1.001658e-29 2.296033e-09 0.000000e+00 4.475308e-30 4.291418e-24 0.000000e+00 2.433070e-07 7.004306e-12 5.709453e-18 1.711117e-22 9.748174e-11 2.141456e-14 3.793457e-11 1.978381e-17 1.693972e-14 9.498193e-21 1.474570e-12 5.635811e-14 3.870535e-13 1.900810e-11 2.670365e-16 3.665351e-16 6.292907e-15 6.660610e-21 1.634946e-41 2.872264e-14 3.415021e-13 1.902921e-41 0.000000e+00 5.471419e-11 9.778298e-12 8.992204e-03
1.072485e-05 3.213166e-08 6.199675e-05 1.686675e-05 4.390317e-07 1.093701e-06 1.360920e-13 1.121787e-24 1.710093e-13 1.257774e-10 3.409237e-06 4.251926e-23 6.293822e-10 1.730541e-17 1.786976e-19 8.025223e-10 1.284351e-15 2.201700e-10 8.676907e-04 3.464711e-02 1.123232e-19 5.575497e-08 2.181531e-14 1.512694e-13 6.687605e-12 1.709901e-14 1.943128e-01 1.888392e-14 1.680352e-17 1.963016e-17 2.676467e-08 2.427914e-16 8.621907e-12 1.950958e-14 2.519433e-17 2.722545e-10 7.989066e-16 7.611113e-01 2.995568e-11 1.902077e-07 1.094203e-20 4.714102e-18 3.163130e-25 2.333743e-22 2.098223e-14 3.288476e-15 1.352381e-11 1.431611e-09 8.018049e-08 1.103602e-16 1.705680e-23 5.522953e-20 3.431696e-14 2.394599e-11 1.962336e-07 6.225907e-14 1.344163e-10 2.741094e-10 3.036121e-12 4.900598e-13 1.103528e-17 1.464583e-18 1.595001e-27 7.573869e-12 3.382105e-17 4.718620e-31 3.223340e-11 8.270807e-33 3.914129e-23 3.488224e-30 2.282767e-09 4.443813e-45 4.331075e-30 4.011532e-24 4.334970e-29 2.493811e-07 7.864082e-12 6.043828e-18 3.810410e-23 1.029222e-10 2.204704e-14 3.775678e-11 1.651914e-17 1.709162e-14 3.693782e-21 1.470025e-12 3.098380e-14 1.576850e-13 1.952777e-11 2.636672e-16 3.651654e-16 6.476579e-15 6.719203e-21 3.895920e-43 5.110784e-14 3.090136e-13 2.810173e-41 0.000000e+00 2.909635e-12 9.902411e-12 8.976383e-03
9.311897e-06 3.884177e-08 6.710975e-05 1.481683e-05 8.763117e-07 1.688137e-06 1.461128e-13 1.888896e-24 1.678507e-13 7.297454e-11 1.922227e-06 1.810325e-23 3.373751e-10 1.526371e-17 1.118966e-19 3.167981e-10 5.528374e-16 1.156162e-10 1.136288e-03 3.427662e-02 7.273266e-20 4.145035e-08 2.003349e-14 3.154949e-14 3.602611e-12 4.731196e-15 1.943037e-01 1.880130e-14 7.734072e-18 6.338176e-18 3.003960e-08 7.516923e-17 1.339777e-11 1.421632e-14 2.750267e-17 1.761388e-10 5.607172e-16 7.612383e-01 2.010577e-11 1.690130e-07 4.109963e-21 2.435417e-18 1.922551e-25 1.356347e-22 1.962983e-14 1.493820e-15 8.618428e-12 7.406629e-10 6.120442e-08 4.634439e-17 1.730774e-23 3.103627e-20 3.430980e-14 1.465043e-11 1.256704e-07 1.860244e-14 5.824524e-11 1.952318e-10 3.565146e-12 2.600124e-13 1.828078e-17 1.285473e-18 1.613051e-27 1.046487e-11 9.579183e-18 6.244208e-31 2.163651e-11 8.397227e-34 3.451689e-23 1.245040e-30 2.267085e-09 5.227239e-44 4.169991e-30 3.268053e-24 2.151015e-28 2.393916e-07 8.804119e-12 6.028522e-18 2.198507e-23 1.056541e-10 2.231349e-14 3.757703e-11 1.327109e-17 1.708930e-14 1.358887e-21 1.464799e-12 1.366498e-14 5.197144e-14 1.976024e-11 2.581019e-16 3.646329e-16 6.556979e-15 6.713922e-21 6.993220e-45 8.671810e-14 2.394298e-13 3.531900e-41 0.000000e+00 2.971231e-14 1.000102e-11 8.957847e-03
8.085092e-06 4.425629e-08 7.188167e-05 1.198462e-05 1.654254e-06 2.620630e-06 1.441900e-13 2.871024e-24 1.400353e-13 3.668221e-11 9.843322e-07 5.658356e-24 1.515567e-10 1.081615e-17 5.563750e-20 1.035849e-10 1.894430e-16 5.432663e-11 1.506693e-03 3.378743e-02 4.008620e-20 2.840799e-08 1.621831e-14 5.801355e-15 1.751979e-12 1.098311e-15 1.943180e-01 1.804147e-14 3.152960e-18 1.753813e-18 3.157626e-08 2.080336e-17 2.011201e-11 8.938516e-15 2.593705e-17 1.023917e-10 3.537224e-16 7.613619e-01 1.268114e-11 1.474407e-07 1.200280e-21 1.139781e-18 1.017475e-25 7.127691e-23 1.754103e-14 6.000723e-16 4.771826e-12 3.663449e-10 4.470160e-08 1.420993e-17 2.010238e-23 1.976444e-20 3.429039e-14 7.814507e-12 8.584233e-08 4.945689e-15 2.393763e-11 1.334011e-10 3.705559e-12 1.241054e-13 2.909571e-17 1.026949e-18 0.000000e+00 1.466916e-11 4.294084e-18 7.194164e-31 1.358657e-11 1.483219e-34 2.660128e-23 3.819168e-31 2.247850e-09 0.000000e+00 3.991040e-30 2.298836e-24 0.000000e+00 2.119333e-07 9.730945e-12 5.671550e-18 2.525958e-23 1.059166e-10 2.235314e-14 3.739707e-11 9.975115e-18 1.701996e-14 4.001816e-22 1.458784e-12 4.879544e-15 1.392683e-14 1.982030e-11 2.506471e-16 3.650369e-16 6.569265e-15 6.683798e-21 9.371688e-47 1.406718e-13 1.579555e-13 3.535391e-41 0.000000e+00 3.029569e-16 1.007332e-11 8.936203e-03
7.019914e-06 4.703318e-08 7.606930e-05 8.834381e-06 2.960403e-06 4.173560e-06 1.295744e-13 3.934285e-24 9.857515e-14 1.578758e-11 4.566770e-07 1.293901e-24 5.674682e-11 6.156287e-18 2.166179e-20 2.741251e-11 5.062581e-17 2.282487e-11 2.010800e-03 3.314564e-02 1.863175e-20 1.822490e-08 1.169576e-14 9.909766e-16 7.703003e-13 2.112781e-16 1.943651e-01 1.677462e-14 1.155454e-18 4.037781e-19 3.068794e-08 5.181367e-18 2.954295e-11 4.750669e-15 2.127938e-17 5.352193e-11 1.971850e-16 7.614745e-01 7.502455e-12 1.259753e-07 2.581814e-22 4.690269e-19 4.644377e-26 3.364854e-23 1.437113e-14 2.129459e-16 2.271515e-12 1.707399e-10 3.117411e-08 3.147344e-18 2.351342e-23 1.662822e-20 3.426459e-14 3.641308e-12 6.356516e-08 1.180556e-15 9.339692e-12 8.665112e-11 3.423481e-12 5.313214e-14 4.477641e-17 7.262218e-19 5.283999e-27 2.118382e-11 2.127351e-18 7.216263e-31 7.959328e-12 4.324069e-35 1.730645e-23 1.070963e-31 2.223627e-09 1.355397e-43 3.793674e-30 1.391610e-24 7.703801e-28 1.698846e-07 1.047192e-11 4.970647e-18 3.484920e-23 1.041657e-10 2.227881e-14 3.721744e-11 6.810761e-18 1.692207e-14 8.836526e-23 1.451860e-12 1.409604e-15 2.997772e-15 1.979769e-11 2.418102e-16 3.658558e-16 6.546211e-15 6.644045e-21 9.134491e-49 2.191616e-13 8.908071e-14 2.757769e-41 0.000000e+00 3.084869e-18 1.011938e-11 8.910924e-03
6.095068e-06 4.592083e-08 7.940007e-05 5.857269e-06 5.024371e-06 6.964527e-06 1.036883e-13 4.684038e-24 5.845846e-14 5.736877e-12 1.919609e-07 2.187014e-25 1.763674e-11 2.814789e-18 6.415962e-21 5.671473e-12 1.034511e-17 8.583946e-12 2.681322e-03 3.231667e-02 7.274123e-21 1.113092e-08 7.591448e-15 1.706954e-16 3.096082e-13 3.372321e-17 1.944545e-01 1.519811e-14 3.850934e-19 7.489830e-20 2.713973e-08 1.209445e-18 4.319045e-11 2.057411e-15 1.518757e-17 2.501714e-11 9.543522e-17 7.615682e-01 4.161764e-12 1.049131e-07 3.791093e-23 1.619359e-19 1.810366e-26 1.421450e-23 1.047076e-14 6.692014e-17 9.240810e-13 7.353067e-11 2.073565e-08 5.073524e-19 2.699405e-23 1.758212e-20 3.423327e-14 1.491537e-12 5.220692e-08 2.520115e-16 3.451288e-12 5.258693e-11 2.814659e-12 2.039602e-14 6.715599e-17 4.497224e-19 1.752550e-27 3.208726e-11 9.064041e-19 6.178885e-31 4.344504e-12 1.161981e-35 9.363895e-24 2.480028e-32 2.192047e-09 7.269342e-45 3.577844e-30 7.292996e-25 2.934815e-29 1.208427e-07 1.083405e-11 4.001077e-18 4.859414e-23 1.009874e-10 2.215081e-14 3.703680e-11 4.067503e-18 1.680593e-14 1.377937e-23 1.443899e-12 3.244594e-16 5.064148e-16 1.973967e-11 2.322631e-16 3.663249e-16 6.507263e-15 6.597690e-21 6.177191e-51 3.293075e-13 4.342013e-14 1.564969e-41 0.000000e+00 3.135759e-20 1.013974e-11 8.881488e-03
5.292068e-06 4.016953e-08 8.163703e-05 3.431639e-06 8.107972e-06 1.259164e-05 7.192894e-14 4.734959e-24 2.935441e-14 1.713349e-12 7.328300e-08 2.795892e-26 4.518823e-12 1.031083e-18 1.385860e-21 8.754511e-13 1.606318e-18 2.899083e-12 3.543218e-03 3.127414e-02 2.370650e-21 6.587510e-09 4.523492e-15 3.157611e-17 1.159517e-13 4.619707e-18 1.945911e-01 1.347641e-14 1.197168e-19 1.054841e-20 2.125533e-08 2.913632e-19 6.434928e-11 6.864797e-16 9.344441e-18 1.030426e-11 3.898808e-17 7.616380e-01 2.166832e-12 8.439773e-08 3.432882e-24 4.322293e-20 5.905771e-27 5.369036e-24 6.504268e-15 1.851837e-17 3.208602e-13 2.805280e-11 1.315459e-08 6.075322e-20 3.049229e-23 1.846920e-20 3.419598e-14 5.421686e-13 4.902536e-08 4.684094e-17 1.202675e-12 2.890939e-11 2.059028e-12 7.035542e-15 9.944307e-17 2.496577e-19 1.963804e-24 5.242547e-11 3.084382e-19 4.446283e-31 2.210216e-12 2.313492e-36 4.271644e-24 1.215687e-30 2.147844e-09 2.898289e-41 3.344178e-30 3.360415e-25 3.043726e-25 7.434833e-08 1.068600e-11 2.875622e-18 6.503902e-23 9.695760e-11 2.199190e-14 3.685174e-11 2.004530e-18 1.667215e-14 1.420732e-24 1.434771e-12 5.811484e-17 6.498031e-17 1.966405e-11 2.227651e-16 3.655876e-16 6.459640e-15 6.544522e-21 2.675572e-53 4.791667e-13 1.860983e-14 5.983613e-42 0.000000e+00 3.182134e-22 1.013525e-11 8.847335e-03
4.594859e-06 2.906880e-08 8.268831e-05 1.726269e-06 1.242926e-05 2.712861e-05 4.153605e-14 3.994127e-24 1.257271e-14 3.847546e-13 2.551216e-08 2.807621e-27 9.231976e-13 2.938661e-19 1.992239e-22 9.168899e-14 1.854723e-19 8.835017e-13 4.602404e-03 3.001136e-02 6.087588e-22 3.835078e-09 2.608662e-15 6.072217e-18 4.138328e-14 6.187320e-19 1.947695e-01 1.172759e-14 3.725696e-20 9.378453e-22 1.343655e-08 8.712767e-20 1.030495e-10 1.557921e-16 4.846903e-18 3.639339e-12 1.229567e-17 7.616847e-01 1.060972e-12 6.445039e-08 1.634048e-25 7.280836e-21 1.497086e-27 1.817427e-24 3.071148e-15 4.359738e-18 9.524765e-14 8.316880e-12 7.964782e-09 5.565478e-21 3.433851e-23 2.050129e-20 3.415219e-14 1.767224e-13 5.773306e-08 6.900462e-18 3.940300e-13 1.360240e-11 1.397305e-12 2.189146e-15 1.502786e-16 1.337773e-19 0.000000e+00 9.983972e-11 8.196308e-20 2.602082e-31 1.049358e-12 2.931867e-37 1.696975e-24 0.000000e+00 2.073145e-09 0.000000e+00 3.093965e-30 1.418852e-25 0.000000e+00 3.822244e-08 1.002149e-11 1.683069e-18 8.127750e-23 9.251712e-11 2.180742e-14 3.665690e-11 6.858106e-19 1.651914e-14 8.416332e-26 1.424345e-12 7.833941e-18 5.953894e-18 1.957526e-11 2.140672e-16 3.627970e-16 6.404700e-15 6.483833e-21 6.233841e-56 6.779027e-13 7.153117e-15 1.290533e-42 0.000000e+00 3.225205e-24 1.010712e-11 8.807857e-03
3.989505e-06 1.613273e-08 8.275120e-05 7.434961e-07 1.783542e-05 7.396416e-05 1.808757e-14 2.535387e-24 4.580370e-15 6.153668e-14 8.141291e-09 2.365824e-28 1.365539e-13 5.932393e-20 1.831248e-23 6.271297e-15 1.771119e-20 2.443578e-13 5.830038e-03 2.855737e-02 1.154302e-22 1.977687e-09 1.746745e-15 1.083780e-18 1.422358e-14 1.139198e-19 1.949587e-01 1.003679e-14 1.134049e-20 4.712468e-23 6.308267e-09 3.828866e-20 2.191322e-10 2.286649e-17 2.032112e-18 1.054183e-12 2.836770e-18 7.617158e-01 4.897842e-13 4.510147e-08 0.000000e+00 6.051139e-22 0.000000e+00 5.555292e-25 9.850381e-16 1.036899e-18 2.425168e-14 1.637055e-12 4.608471e-09 4.100389e-22 3.850196e-23 2.285446e-20 3.410158e-14 5.218245e-14 9.189214e-08 7.447651e-19 1.214336e-13 5.165396e-12 1.538718e-12 6.174362e-16 2.499306e-16 8.442749e-20 0.000000e+00 2.295412e-10 1.852850e-20 9.883587e-32 4.658018e-13 1.782710e-38 8.341094e-25 0.000000e+00 1.912514e-09 0.000000e+00 2.829295e-30 5.990864e-26 0.000000e+00 1.667571e-08 8.972618e-12 7.221480e-19 9.071357e-23 8.792852e-11 2.159682e-14 3.644525e-11 1.421076e-19 1.634498e-14 2.927198e-27 1.412488e-12 7.135244e-19 3.414804e-19 1.947335e-11 2.068088e-16 3.572235e-16 6.342109e-15 6.414864e-21 6.173608e-59 9.355346e-13 2.513046e-15 1.377045e-43 0.000000e+00 3.264263e-26 1.005653e-11 8.762532e-03
3.463904e-06 8.565007e-09 8.225465e-05 2.924269e-07 2.399779e-05 1.989917e-04 5.418856e-15 1.089981e-24 1.407540e-15 9.051229e-15 2.396960e-09 1.764504e-29 1.388534e-14 8.066760e-21 1.697470e-24 4.428331e-16 1.958372e-21 6.176447e-14 7.168903e-03 2.697046e-02 1.990710e-23 7.134647e-10 1.663849e-15 1.852405e-19 4.646219e-15 2.912136e-20 1.951027e-01 8.463651e-15 2.484042e-21 2.241084e-24 2.778455e-09 2.291295e-20 1.387876e-09 1.218203e-17 6.813357e-19 2.454403e-13 6.187409e-19 7.617414e-01 2.139014e-13 2.670744e-08 0.000000e+00 3.305956e-23 0.000000e+00 1.551401e-25 2.538295e-16 7.200256e-19 5.390238e-15 2.497232e-13 2.553600e-09 2.571081e-23 4.273642e-23 2.518632e-20 3.404388e-14 1.408946e-14 1.542327e-07 7.575643e-20 3.500931e-14 1.616703e-12 6.247719e-12 1.588230e-16 4.528654e-16 6.542296e-20 9.475979e-25 4.802740e-10 4.491319e-21 9.774572e-33 1.938126e-13 2.815680e-40 1.521148e-24 4.110700e-31 1.627458e-09 2.608044e-42 2.553292e-30 2.479187e-26 1.497071e-25 6.599637e-09 7.713772e-12 2.740756e-19 8.720287e-23 8.330623e-11 2.135807e-14 3.620964e-11 2.848186e-20 1.614776e-14 1.057009e-28 1.399069e-12 4.800852e-20 1.162950e-20 1.935736e-11 2.013248e-16 3.484555e-16 6.271215e-15 6.336865e-21 2.632586e-62 1.262546e-12 8.195911e-16 5.011395e-44 0.000000e+00 3.297997e-28 9.984550e-12 8.710873e-03
3.007548e-06 5.125667e-09 8.150673e-05 1.116373e-07 3.091498e-05 4.573893e-04 1.181164e-15 3.523281e-25 3.713801e-16 1.427226e-15 6.559000e-10 1.192299e-30 1.136091e-15 8.667972e-22 2.296686e-25 4.652779e-17 2.536879e-22 1.437997e-14 8.576879e-03 2.529353e-02 3.648191e-24 1.720302e-10 1.912578e-15 3.319989e-20 1.430461e-15 7.725941e-21 1.951450e-01 7.041014e-15 3.957013e-22 1.403412e-25 1.357351e-09 1.642832e-20 1.594244e-08 5.925527e-17 2.275561e-19 5.038868e-14 1.522383e-19 7.617624e-01 8.875190e-14 1.250167e-08 0.000000e+00 0.000000e+00 0.000000e+00 3.998322e-26 5.791834e-17 1.015763e-18 1.141412e-15 3.507037e-14 1.358598e-09 1.421374e-24 4.812341e-23 2.864210e-20 3.397834e-14 3.506737e-15 2.296837e-07 8.452882e-21 9.412275e-15 4.357578e-13 2.823047e-11 3.752003e-17 7.821789e-16 5.008883e-20 3.770575e-25 7.756291e-10 1.244167e-21 3.916622e-34 7.580567e-14 1.911803e-42 5.819732e-24 1.451150e-31 1.295424e-09 6.694214e-43 2.269855e-30 8.770218e-27 5.983554e-26 2.435383e-09 6.363309e-12 1.091902e-19 7.311887e-23 7.867701e-11 2.108842e-14 3.594450e-11 7.550660e-21 1.592521e-14 4.704971e-30 1.383928e-12 9.607926e-21 2.840830e-22 1.922574e-11 1.975731e-16 3.364562e-16 6.191191e-15 6.248951e-21 5.668899e-66 1.673204e-12 2.505715e-16 1.950132e-43 0.000000e+00 3.329395e-30 9.892378e-12 8.651977e-03
2.611316e-06 3.434056e-09 8.065147e-05 4.366532e-08 3.868153e-05 9.181040e-04 2.131967e-16 9.278882e-26 8.643129e-17 2.377394e-16 1.680436e-10 7.334747e-32 1.044322e-16 1.027122e-22 3.852117e-26 6.129474e-18 3.515859e-23 3.108010e-15 1.002989e-02 2.355115e-02 7.066954e-25 3.056972e-11 2.310785e-15 6.257032e-21 4.151917e-16 1.924511e-21 1.950281e-01 5.785530e-15 6.267303e-23 0.000000e+00 7.342443e-10 1.309761e-20 1.217403e-07 2.440115e-16 1.506464e-19 1.193677e-14 5.344675e-20 7.617678e-01 3.514644e-14 7.915636e-09 0.000000e+00 1.928615e-25 0.000000e+00 9.603915e-27 1.986681e-17 1.034910e-18 3.078395e-16 8.506797e-15 6.960873e-10 7.127801e-26 5.374027e-23 3.149050e-20 3.390362e-14 8.105124e-16 3.080346e-07 1.354589e-21 2.364889e-15 1.131080e-13 8.519313e-11 8.202666e-18 1.210916e-15 3.551002e-20 0.000000e+00 1.013033e-09 3.817501e-22 1.777347e-35 2.795114e-14 1.453992e-44 1.569392e-23 0.000000e+00 1.019790e-09 0.000000e+00 1.983797e-30 2.525475e-27 0.000000e+00 8.459194e-10 5.019945e-12 4.831313e-20 5.491237e-23 7.403588e-11 2.078463e-14 3.564498e-11 2.559616e-21 1.567480e-14 2.356763e-31 1.366877e-12 5.107072e-21 6.298358e-24 1.907654e-11 1.952689e-16 3.214394e-16 6.101097e-15 6.150133e-21 7.062633e-70 2.177373e-12 7.212531e-17 7.064790e-43 0.000000e+00 3.354235e-32 9.780579e-12 8.585163e-03
2.267286e-06 2.478382e-09 7.977080e-05 1.845018e-08 4.739015e-05 1.676808e-03 3.491114e-17 2.209909e-26 1.831797e-17 4.055217e-17 4.065618e-11 4.164285e-33 1.232769e-17 1.534568e-23 7.165811e-27 8.552651e-19 4.971821e-24 6.292529e-16 1.151262e-02 2.175923e-02 1.399400e-25 4.621701e-12 2.798274e-15 1.211008e-21 1.141762e-16 4.613208e-22 1.946816e-01 4.700312e-15 8.700555e-24 3.020841e-25 4.262211e-10 1.116317e-20 6.614935e-07 7.698242e-16 2.387450e-19 4.311206e-15 4.963683e-20 7.617321e-01 1.335989e-14 6.546282e-09 2.976832e-27 8.515920e-26 7.503464e-30 2.171080e-27 9.605017e-18 7.816567e-19 1.856117e-16 3.556159e-15 3.450237e-10 3.313062e-27 5.988181e-23 3.431442e-20 3.381773e-14 1.754390e-16 3.836023e-07 3.803462e-22 5.585491e-16 3.133495e-14 2.026314e-10 1.706860e-18 1.707841e-15 2.390219e-20 0.000000e+00 1.159190e-09 1.273354e-22 9.486575e-37 9.752839e-15 1.400361e-46 3.141753e-23 0.000000e+00 8.336638e-10 0.000000e+00 1.700873e-30 6.161766e-28 0.000000e+00 2.783808e-10 3.776800e-12 2.395091e-20 3.884184e-23 6.937473e-11 2.044330e-14 3.530626e-11 1.025777e-21 1.539400e-14 1.257110e-32 1.347718e-12 1.802632e-21 1.432386e-25 1.890752e-11 1.939903e-16 3.037835e-16 5.999967e-15 6.039416e-21 5.607664e-74 2.788015e-12 1.967787e-17 2.105788e-42 0.000000e+00 3.372788e-34 9.649651e-12 8.509364e-03
1.968580e-06 1.872230e-09 7.891714e-05 8.735588e-09 5.715123e-05 2.860790e-03 5.465351e-18 5.323251e-27 3.634150e-18 6.969929e-18 9.366706e-12 2.201895e-34 1.629450e-18 2.520722e-24 2.002949e-27 1.199611e-19 7.037238e-25 1.203883e-16 1.301708e-02 1.992609e-02 2.831490e-26 6.743164e-13 3.334651e-15 2.359242e-22 2.992998e-17 9.922072e-23 1.940190e-01 3.777636e-15 2.452029e-24 5.589307e-28 2.599519e-10 9.939837e-21 2.898265e-06 2.060255e-15 5.191609e-19 2.109306e-15 8.940545e-20 7.616145e-01 4.902241e-15 5.738041e-09 5.840138e-24 1.880180e-25 2.928153e-25 4.656026e-28 5.247981e-18 4.817104e-19 2.359755e-16 2.016168e-15 1.666034e-10 1.446339e-28 6.760666e-23 3.802658e-20 3.371795e-14 3.585327e-17 4.504932e-07 1.720505e-22 1.248296e-16 9.987049e-15 4.247601e-10 3.515694e-19 2.263747e-15 1.578560e-20 0.000000e+00 1.230922e-09 4.616879e-23 5.806804e-38 3.232105e-15 1.598908e-48 5.324205e-23 0.000000e+00 7.193393e-10 5.346520e-50 1.427103e-30 1.343628e-28 6.815831e-33 8.725998e-11 2.707152e-12 1.308180e-20 2.706179e-23 6.468377e-11 2.006059e-14 3.492284e-11 4.613867e-22 1.507995e-14 7.014983e-34 1.326220e-12 5.543755e-22 3.471868e-27 1.871597e-11 1.932440e-16 2.839480e-16 5.886717e-15 5.915692e-21 1.144380e-77 3.521687e-12 5.125703e-18 5.768826e-42 0.000000e+00 3.386451e-36 9.500010e-12 8.423152e-03
1.709227e-06 1.459430e-09 7.811287e-05 4.651010e-09 6.809064e-05 4.624313e-03 8.694463e-19 3.349766e-27 6.881830e-19 1.199634e-18 2.071269e-12 1.080600e-35 2.199344e-19 4.146151e-25 1.287973e-27 1.675742e-20 9.891767e-26 2.194347e-17 1.453952e-02 1.805603e-02 5.444120e-27 1.016743e-13 3.895839e-15 4.610559e-23 7.525983e-18 2.123671e-23 1.929394e-01 3.005296e-15 3.344781e-25 2.243351e-28 1.649012e-10 9.110384e-21 1.071881e-05 4.851059e-15 1.122939e-18 1.061117e-15 1.702005e-19 7.613579e-01 1.746044e-15 5.145204e-09 0.000000e+00 3.015235e-26 0.000000e+00 9.549700e-29 3.161006e-18 2.462006e-19 3.654878e-16 1.373788e-15 7.964807e-11 6.015266e-30 7.592742e-23 4.372816e-20 3.360089e-14 6.970772e-18 5.069889e-07 1.022324e-22 2.657360e-17 3.777661e-15 8.155767e-10 5.456001e-20 2.884431e-15 1.042650e-20 1.319753e-26 1.254259e-09 1.829852e-23 4.248310e-39 1.022521e-15 2.214897e-50 8.032209e-23 0.000000e+00 6.498114e-10 4.457623e-45 1.168671e-30 2.721164e-29 2.055021e-27 2.619032e-11 1.852572e-12 7.745971e-21 1.881569e-23 5.995958e-11 1.963275e-14 3.448885e-11 2.254669e-22 1.472992e-14 4.126457e-35 1.302145e-12 1.842197e-22 9.141831e-29 1.849890e-11 1.925168e-16 2.624459e-16 5.760263e-15 5.777881e-21 1.227736e-77 4.386335e-12 1.281909e-18 1.421483e-41 0.000000e+00 3.391063e-38 9.331522e-12 8.325403e-03
1.484044e-06 1.155530e-09 7.738843e-05 2.727678e-09 8.038650e-05 7.154736e-03 3.216083e-19 3.256742e-26 1.267503e-19 2.068191e-19 4.432809e-13 4.915937e-37 2.948379e-20 6.630843e-26 1.310517e-27 2.322341e-21 1.382362e-26 3.843291e-18 1.607925e-02 1.615051e-02 1.055579e-27 1.574541e-14 4.486128e-15 9.009050e-24 1.827862e-18 3.652156e-24 1.913241e-01 2.366846e-15 0.000000e+00 1.043026e-28 1.078696e-10 8.510707e-21 3.436946e-05 1.023624e-14 2.231724e-18 4.939509e-16 3.002869e-19 7.608845e-01 6.072036e-16 4.697621e-09 2.795208e-24 1.388285e-25 1.470418e-25 1.885386e-29 2.158827e-18 1.033910e-19 5.713750e-16 1.035279e-15 3.944340e-11 2.397679e-31 8.711618e-23 4.956456e-20 3.346240e-14 1.299673e-18 5.454474e-07 6.904968e-23 5.427716e-18 1.641844e-15 1.460815e-09 2.060777e-20 3.593884e-15 6.999259e-21 0.000000e+00 1.252384e-09 7.869614e-24 7.881562e-40 3.120915e-16 7.806849e-52 1.113803e-22 0.000000e+00 6.010724e-10 2.231064e-49 9.313154e-31 5.289456e-30 8.680701e-32 7.566117e-12 1.217618e-12 4.749712e-21 1.342834e-23 5.520577e-11 1.915605e-14 3.399790e-11 1.172830e-22 1.434120e-14 2.542013e-36 1.275248e-12 6.847280e-23 2.959561e-30 1.825299e-11 1.913105e-16 2.398092e-16 5.619527e-15 5.624931e-21 2.095747e-77 5.403253e-12 3.104835e-19 3.372485e-41 0.000000e+00 3.389298e-40 9.144110e-12 8.214185e-03
1.288527e-06 9.256208e-10 7.674208e-05 1.711911e-09 9.422947e-05 1.065389e-02 1.678556e-18 5.434557e-25 2.296784e-20 3.576466e-20 9.248417e-14 2.063831e-38 3.906085e-21 1.036249e-26 1.408712e-27 3.210249e-22 1.920764e-27 6.516349e-19 1.763542e-02 1.421169e-02 2.045207e-28 2.499285e-15 5.101955e-15 1.761973e-24 4.314228e-19 0.000000e+00 1.890468e-01 1.846159e-15 0.000000e+00 5.241800e-29 7.253426e-11 8.046373e-21 9.749323e-05 1.971068e-14 3.921539e-18 2.116655e-16 4.890996e-19 7.600947e-01 2.072757e-16 4.297339e-09 0.000000e+00 3.956034e-26 0.000000e+00 3.608618e-30 1.726000e-18 3.496676e-20 8.625358e-16 8.088023e-16 2.253755e-11 9.256274e-33 9.928186e-23 5.559507e-20 3.329771e-14 2.339958e-19 5.677987e-07 4.837614e-23 1.070723e-18 7.760345e-16 2.469353e-09 3.852191e-20 4.411950e-15 4.783938e-21 1.006391e-24 1.236518e-09 3.649781e-24 1.343161e-39 9.476864e-17 2.630754e-52 1.441956e-22 0.000000e+00 5.613851e-10 1.703192e-43 7.199315e-31 1.009010e-30 1.634753e-25 2.115722e-12 7.773692e-13 2.990776e-21 9.744158e-24 5.043548e-11 1.862716e-14 3.344344e-11 6.392997e-23 1.391149e-14 1.660369e-37 1.245293e-12 2.819494e-23 4.576651e-31 1.797479e-11 1.891778e-16 2.165702e-16 5.463546e-15 5.455943e-21 3.489000e-77 6.571942e-12 7.321719e-20 7.307150e-41 0.000000e+00 3.374705e-42 8.936903e-12 8.088383e-03
1.118769e-06 7.445005e-10 7.618255e-05 1.126216e-09 1.098599e-04 1.534175e-02 1.462226e-17 9.183429e-24 4.244302e-21 6.240515e-21 1.895889e-14 3.736312e-38 2.326428e-22 7.945204e-28 1.497206e-27 4.442742e-23 2.666981e-28 1.078245e-19 1.920146e-02 1.224836e-02 4.132559e-29 4.060316e-16 5.753076e-15 3.459549e-25 9.963757e-20 8.915912e-26 1.859704e-01 1.426641e-15 2.089164e-27 2.762741e-29 4.992677e-11 7.660924e-21 2.477759e-04 3.495392e-14 7.693594e-18 9.013120e-17 7.390347e-19 7.588573e-01 6.989520e-17 3.919902e-09 1.516952e-24 1.087858e-25 8.354359e-26 6.749675e-31 1.637489e-18 9.573278e-21 1.255236e-15 6.373741e-16 1.706552e-11 3.489851e-34 1.133073e-22 6.275540e-20 3.310142e-14 4.099363e-20 5.715777e-07 3.385952e-23 2.056089e-19 3.815170e-16 3.966698e-09 2.170435e-20 5.369175e-15 3.339172e-21 5.557330e-28 1.214050e-09 1.801461e-24 7.559378e-39 3.132723e-17 3.601669e-52 1.760199e-22 0.000000e+00 5.230860e-10 1.039272e-49 5.381158e-31 2.031901e-28 5.908135e-32 5.768078e-13 4.902472e-13 1.893050e-21 7.240093e-24 4.567527e-11 1.804368e-14 3.281921e-11 3.612627e-23 1.343930e-14 1.157647e-38 1.212084e-12 1.274049e-23 4.099013e-31 1.766093e-11 1.857459e-16 1.932588e-16 5.291618e-15 5.270329e-21 6.038878e-77 7.904952e-12 1.695024e-20 1.479008e-40 0.000000e+00 3.346574e-44 8.708935e-12 7.946328e-03
9.713753e-07 5.975157e-10 7.571314e-05 7.670049e-10 1.275687e-04 2.144727e-02 1.080243e-16 1.311614e-22 1.356711e-21 1.115437e-21 3.845812e-15 2.861105e-36 1.277877e-22 6.256589e-28 1.583711e-27 6.190238e-24 3.728037e-29 1.753888e-20 2.076195e-02 1.027861e-02 1.043190e-29 6.928989e-17 6.453192e-15 6.843229e-26 2.265655e-20 0.000000e+00 1.819507e-01 1.092125e-15 6.050433e-28 1.500022e-29 3.504530e-11 7.318405e-21 5.701444e-04 5.751684e-14 3.182482e-17 6.203684e-17 1.042028e-18 7.570012e-01 2.344532e-17 3.552605e-09 2.790049e-23 6.553391e-25 1.583431e-24 1.250110e-31 1.767487e-18 2.249096e-21 1.768365e-15 4.999148e-16 1.699347e-11 1.291317e-35 1.305959e-22 7.154204e-20 3.286733e-14 7.036323e-21 5.555822e-07 2.355145e-23 3.875302e-20 1.896268e-16 6.086769e-09 2.696832e-20 6.503091e-15 2.381853e-21 0.000000e+00 1.188536e-09 9.331556e-25 3.689359e-35 1.352467e-17 4.869419e-49 2.039054e-22 0.000000e+00 4.825348e-10 4.453921e-50 3.875220e-31 7.696183e-24 4.588928e-32 1.545739e-13 3.114532e-13 1.185672e-21 5.534941e-24 4.095871e-11 1.740370e-14 3.211879e-11 2.098619e-23 1.292360e-14 9.450300e-40 1.175443e-12 6.259173e-24 5.023713e-32 1.730793e-11 1.807399e-16 1.703530e-16 5.103197e-15 5.067696e-21 1.155098e-76 9.436836e-12 3.883603e-21 2.862096e-40 0.000000e+00 3.303759e-46 8.458727e-12 7.786246e-03
8.434005e-07 4.782603e-10 7.531638e-05 5.359195e-10 1.476582e-04 2.918514e-02 6.172375e-16 1.404877e-21 2.769419e-21 2.220435e-22 7.766563e-16 1.203058e-34 0.000000e+00 0.000000e+00 1.638946e-27 8.835364e-25 5.311808e-30 2.822055e-21 2.228581e-02 8.337001e-03 4.992064e-30 1.463399e-17 7.203291e-15 0.000000e+00 5.099973e-21 3.315148e-23 1.768498e-01 8.283166e-16 0.000000e+00 0.000000e+00 2.502926e-11 6.995497e-21 1.198374e-03 8.852024e-14 1.964362e-16 1.331655e-16 1.380496e-18 7.543132e-01 7.901127e-18 3.160223e-09 2.358643e-23 5.646759e-25 1.373017e-24 2.418593e-32 2.029080e-18 5.273247e-22 2.401138e-15 3.831352e-16 1.902364e-11 4.722483e-37 1.490481e-22 8.113688e-20 3.258878e-14 1.190662e-21 5.252743e-07 1.653335e-23 7.240846e-21 9.372573e-17 8.955295e-09 2.374507e-19 7.848438e-15 1.728469e-21 7.468424e-25 1.160012e-09 5.038614e-25 1.259550e-37 8.572548e-18 8.032599e-52 2.244002e-22 0.000000e+00 4.398340e-10 6.283327e-44 2.679033e-31 7.200384e-28 1.514282e-25 4.119945e-14 2.029136e-13 7.384773e-22 4.299930e-24 3.633004e-11 1.670664e-14 3.133655e-11 1.243763e-23 1.236451e-14 1.758693e-40 1.135255e-12 3.311401e-24 0.000000e+00 1.691261e-11 1.740024e-16 1.482854e-16 4.898118e-15 4.848088e-21 2.128844e-76 1.128507e-11 8.863488e-22 5.094491e-40 0.000000e+00 3.240488e-48 8.184057e-12 7.607157e-03
7.322859e-07 3.786380e-10 7.500474e-05 3.831061e-10 1.705401e-04 3.875744e-02 2.641780e-15 1.171942e-20 8.753284e-21 7.974316e-23 1.570384e-16 2.829712e-33 1.463079e-22 0.000000e+00 1.734302e-27 1.340431e-25 7.977159e-31 4.518127e-22 2.372480e-02 6.475346e-03 5.082446e-30 6.203440e-18 8.031529e-15 2.790930e-27 1.142283e-21 0.000000e+00 1.705358e-01 6.219900e-16 5.334122e-24 4.770063e-30 1.811348e-11 6.677146e-21 2.317551e-03 1.279309e-13 9.762663e-16 4.069982e-16 1.723837e-18 7.505361e-01 2.725566e-18 2.773806e-09 1.179135e-24 7.367626e-26 7.011408e-26 6.042085e-33 2.353525e-18 2.089917e-22 3.180768e-15 2.887735e-16 2.119707e-11 0.000000e+00 1.740705e-22 9.357514e-20 3.225856e-14 1.998930e-22 4.777011e-07 1.080588e-23 1.360720e-21 4.546421e-17 1.266297e-08 9.929418e-21 9.473637e-15 1.280342e-21 7.117448e-26 1.130183e-09 2.795768e-25 4.569821e-37 7.116632e-18 1.666685e-51 2.365051e-22 0.000000e+00 3.935226e-10 5.699771e-45 1.770803e-31 4.764870e-31 1.786514e-26 1.108220e-14 1.367956e-13 4.464041e-22 3.454157e-24 3.183875e-11 1.595302e-14 3.046744e-11 7.495413e-24 1.176307e-14 1.334716e-40 1.091456e-12 1.876119e-24 3.854192e-29 1.647204e-11 1.654967e-16 1.274153e-16 4.676540e-15 4.611916e-21 4.749412e-76 1.393012e-11 2.034983e-22 9.011370e-40 0.000000e+00 3.159152e-50 7.882392e-12 7.406913e-03
6.358102e-07 2.975023e-10 7.475863e-05 2.786385e-10 1.965805e-04 5.028658e-02 8.463152e-15 7.123805e-20 2.208365e-20 8.159473e-23 3.189278e-17 3.584476e-32 0.000000e+00 0.000000e+00 1.817361e-27 2.315156e-26 1.297361e-31 7.220568e-23 2.501009e-02 4.766365e-03 6.987571e-30 5.995372e-18 8.926681e-15 5.859674e-28 2.553182e-22 0.000000e+00 1.629252e-01 4.623283e-16 0.000000e+00 2.692963e-30 1.326760e-11 6.353878e-21 4.156629e-03 1.751179e-13 3.493144e-15 1.083002e-15 2.045508e-18 7.453979e-01 9.983926e-19 2.370496e-09 0.000000e+00 0.000000e+00 0.000000e+00 2.771282e-33 2.685165e-18 2.200476e-22 4.066822e-15 2.106847e-16 2.228603e-11 0.000000e+00 2.015979e-22 1.075733e-19 3.187003e-14 3.345834e-23 4.221571e-07 6.974143e-24 2.624357e-22 2.149893e-17 1.723971e-08 1.437038e-21 1.143435e-14 9.622761e-22 0.000000e+00 1.097206e-09 1.595060e-25 1.389480e-36 6.489630e-18 3.449037e-51 2.390228e-22 0.000000e+00 3.459439e-10 0.000000e+00 1.114507e-31 1.198455e-30 0.000000e+00 3.073891e-15 9.520411e-14 2.660712e-22 2.814193e-24 2.753940e-11 1.514532e-14 2.950835e-11 4.573323e-24 1.112188e-14 1.500261e-40 1.044091e-12 1.127283e-24 1.547342e-29 1.598428e-11 1.553157e-16 1.080308e-16 4.439189e-15 4.360203e-21 1.030084e-75 1.825605e-11 4.725366e-23 1.488513e-39 0.000000e+00 3.052208e-52 7.550085e-12 7.185460e-03
5.520448e-07 2.306585e-10 7.461781e-05 2.060627e-10 2.262734e-04 6.378974e-02 2.102084e-14 3.456098e-19 4.437247e-20 1.130482e-22 6.523453e-18 0.000000e+00 8.049036e-22 3.358586e-27 1.955552e-27 4.696640e-27 2.276051e-32 1.155132e-23 2.606039e-02 3.294561e-03 9.715342e-30 7.060392e-18 9.899136e-15 1.304051e-28 5.710205e-23 0.000000e+00 1.540070e-01 3.399149e-16 1.579721e-26 1.542986e-30 9.810544e-12 6.020612e-21 6.963189e-03 2.283034e-13 9.345945e-15 2.403588e-15 2.319152e-18 7.386420e-01 4.141049e-19 1.990643e-09 0.000000e+00 0.000000e+00 0.000000e+00 2.033149e-33 2.980883e-18 3.084790e-22 5.071699e-15 1.506485e-16 2.183411e-11 0.000000e+00 2.380027e-22 1.255556e-19 3.141791e-14 5.613682e-24 3.586361e-07 4.431346e-24 5.350213e-23 9.866450e-18 2.263309e-08 2.050889e-22 1.383958e-14 7.364821e-22 1.198878e-25 1.061835e-09 9.271715e-26 3.803124e-36 6.072905e-18 6.706129e-51 2.342071e-22 0.000000e+00 2.970044e-10 0.000000e+00 6.650219e-32 0.000000e+00 0.000000e+00 9.007884e-16 6.763829e-14 1.533344e-22 2.360508e-24 2.348841e-11 1.428842e-14 2.845911e-11 2.829017e-24 1.044545e-14 1.899449e-40 9.933466e-13 7.140310e-25 3.643485e-28 1.544884e-11 1.436718e-16 9.035026e-17 4.187499e-15 4.094714e-21 2.630758e-75 2.523914e-11 1.119115e-23 2.458771e-39 0.000000e+00 2.922058e-54 7.183356e-12 6.941800e-03
4.793151e-07 1.766707e-10 7.462385e-05 1.545882e-10 2.601029e-04 7.912799e-02 4.271235e-14 1.382110e-18 7.470944e-20 1.442477e-22 1.345495e-18 0.000000e+00 8.758051e-23 0.000000e+00 2.143224e-27 1.074660e-27 4.118427e-33 1.852212e-24 2.680557e-02 2.130712e-03 1.246484e-29 7.798207e-18 1.092693e-14 3.264064e-29 1.279466e-23 0.000000e+00 1.438845e-01 2.470911e-16 2.778857e-27 8.879048e-31 7.317231e-12 5.675321e-21 1.098327e-02 2.858954e-13 1.997359e-14 4.590841e-15 2.534856e-18 7.300562e-01 2.082045e-19 1.650393e-09 0.000000e+00 0.000000e+00 0.000000e+00 1.667292e-33 3.220222e-18 3.962514e-22 6.167791e-15 1.060994e-16 2.000313e-11 0.000000e+00 2.837089e-22 1.478557e-19 3.089880e-14 9.479004e-25 2.935185e-07 2.776140e-24 1.192299e-23 4.410964e-18 2.874306e-08 2.888282e-23 1.680244e-14 5.727879e-22 9.239438e-26 1.022981e-09 5.488623e-26 8.921560e-36 5.676889e-18 1.138940e-50 2.239852e-22 6.756713e-34 2.486688e-10 0.000000e+00 3.744833e-32 0.000000e+00 0.000000e+00 2.854563e-16 4.837614e-14 8.575814e-23 2.025334e-24 1.973748e-11 1.338936e-14 2.732256e-11 1.777698e-24 9.739917e-15 2.560249e-40 9.395426e-13 4.724468e-25 0.000000e+00 1.486681e-11 1.308781e-16 7.450811e-17 3.923535e-15 3.817862e-21 7.397944e-75 3.511219e-11 2.712275e-24 4.013177e-39 0.000000e+00 2.766331e-56 6.777254e-12 6.676708e-03
4.161673e-07 1.338970e-10 7.483836e-05 1.173800e-10 2.986042e-04 9.601798e-02 7.543540e-14 4.755681e-18 1.119356e-19 1.669650e-22 2.802790e-19 0.000000e+00 4.547845e-22 0.000000e+00 2.374231e-27 2.648802e-28 7.456324e-34 2.982084e-25 2.721858e-02 1.297527e-03 1.479435e-29 7.956286e-18 1.199346e-14 1.006475e-29 2.877001e-24 0.000000e+00 1.327821e-01 1.776157e-16 2.237884e-26 5.136627e-31 5.501379e-12 5.318438e-21 1.644333e-02 3.466921e-13 3.655069e-14 7.912134e-15 2.694799e-18 7.194750e-01 1.283911e-19 1.368482e-09 4.137034e-25 2.362953e-26 2.778748e-26 1.347194e-33 3.400720e-18 4.594306e-22 7.331141e-15 7.456983e-17 1.735969e-11 0.000000e+00 3.387020e-22 1.746079e-19 3.031101e-14 1.617000e-25 2.319937e-07 1.734931e-24 2.985325e-24 1.944404e-18 3.545971e-08 4.018895e-24 2.045697e-14 4.515997e-22 0.000000e+00 9.796740e-10 3.310098e-26 2.350088e-35 5.252290e-18 2.195634e-50 2.103113e-22 0.000000e+00 2.029317e-10 0.000000e+00 1.981349e-32 4.496633e-30 0.000000e+00 9.922989e-17 3.442729e-14 4.674741e-23 1.766846e-24 1.633140e-11 1.245758e-14 2.610487e-11 1.140612e-24 9.013238e-15 3.577788e-40 8.831478e-13 3.236271e-25 1.128953e-28 1.424098e-11 1.173251e-16 6.057072e-17 3.650058e-15 3.532762e-21 2.161017e-74 4.755380e-11 6.732152e-25 6.413915e-39 0.000000e+00 2.584779e-58 6.326037e-12 6.391743e-03
3.613389e-07 1.002962e-10 7.534673e-05 9.010765e-11 3.424557e-04 1.140932e-01 1.229538e-13 1.528925e-17 1.587601e-19 1.829713e-22 5.911863e-20 0.000000e+00 1.662868e-22 0.000000e+00 2.693618e-27 7.196732e-29 1.354940e-34 4.834423e-26 2.732651e-02 7.577155e-04 1.683605e-29 7.717004e-18 1.311822e-14 4.040153e-30 6.508367e-25 0.000000e+00 1.210058e-01 1.263106e-16 1.177785e-26 2.977324e-31 4.163137e-12 4.951919e-21 2.355225e-02 4.098196e-13 6.113193e-14 1.296124e-14 2.807244e-18 7.067582e-01 9.154679e-20 1.155578e-09 0.000000e+00 0.000000e+00 0.000000e+00 1.052684e-33 3.529086e-18 5.028575e-22 8.596331e-15 5.332305e-17 1.451933e-11 0.000000e+00 4.092556e-22 2.075627e-19 2.965350e-14 2.797352e-26 1.764956e-07 1.103950e-24 8.459773e-25 8.568969e-19 4.268882e-08 5.537718e-25 2.498038e-14 3.607404e-22 1.377256e-24 9.316390e-10 2.023052e-26 5.870978e-35 4.822083e-18 4.057378e-50 1.951833e-22 4.111753e-32 1.610947e-10 1.159380e-44 9.804503e-33 1.080907e-29 9.543751e-26 3.768305e-17 2.418603e-14 2.467398e-23 1.573164e-24 1.330066e-11 1.150372e-14 2.481412e-11 7.565589e-25 8.274223e-15 5.340316e-40 8.247129e-13 2.277056e-25 1.203295e-27 1.357512e-11 1.034378e-16 4.852881e-17 3.370187e-15 3.242868e-21 7.038806e-74 6.269932e-11 1.712018e-25 1.036016e-38 0.000000e+00 2.381330e-60 5.822817e-12 6.088308e-03
3.137339e-07 7.480311e-11 7.620279e-05 6.959264e-11 3.922479e-04 1.329292e-01 1.958783e-13 4.533264e-17 2.245089e-19 2.018496e-22 1.266494e-20 1.180999e-24 4.639723e-22 1.117904e-26 3.004233e-27 2.444507e-29 2.487110e-35 7.914393e-27 2.718845e-02 4.389488e-04 1.908507e-29 7.624561e-18 1.428986e-14 2.062271e-30 1.485041e-25 7.992427e-27 1.089115e-01 8.904602e-17 3.466757e-26 1.742390e-31 3.171222e-12 4.578887e-21 3.250758e-02 4.757807e-13 9.934712e-14 2.115802e-14 2.889771e-18 6.917858e-01 7.063507e-20 1.000116e-09 7.105325e-24 1.913825e-25 5.218263e-25 8.057410e-34 3.624497e-18 5.532878e-22 9.836389e-15 3.894184e-17 1.187801e-11 2.944128e-34 4.834830e-22 2.423005e-19 2.892594e-14 4.923928e-27 1.310444e-07 7.151768e-25 2.685623e-25 3.847348e-19 5.034155e-08 7.576407e-26 3.052365e-14 2.898710e-22 0.000000e+00 8.780223e-10 1.262919e-26 1.418148e-34 4.337364e-18 7.288242e-50 1.788153e-22 9.115994e-33 1.250556e-10 3.154114e-45 4.519707e-33 1.630680e-29 2.934157e-26 1.548727e-17 1.671020e-14 1.291745e-23 1.399048e-24 1.065959e-11 1.053964e-14 2.346054e-11 5.245872e-25 7.532505e-15 7.655638e-40 7.648746e-13 1.630419e-25 5.859977e-27 1.287410e-11 8.964818e-17 3.831327e-17 3.087391e-15 2.951954e-21 2.006340e-73 8.111873e-11 4.450637e-26 1.578819e-38 0.000000e+00 2.156271e-62 5.259953e-12 5.769861e-03
2.724008e-07 5.561006e-11 7.749969e-05 5.395565e-11 4.487743e-04 1.520993e-01 3.247761e-13 1.336089e-16 3.371795e-19 2.378877e-22 2.773466e-21 0.000000e+00 0.000000e+00 1.248189e-27 3.310242e-27 1.197212e-29 4.653198e-36 1.313786e-27 2.686806e-02 2.644283e-04 2.274530e-29 8.097930e-18 1.552853e-14 1.259846e-30 3.430174e-26 8.326262e-26 9.685067e-02 6.238713e-17 2.834609e-26 1.028319e-31 2.428548e-12 4.203207e-21 4.349904e-02 5.448369e-13 1.673568e-13 3.630632e-14 2.955050e-18 6.744532e-01 5.660058e-20 8.902447e-10 0.000000e+00 0.000000e+00 0.000000e+00 6.104381e-34 3.701073e-18 6.496226e-22 1.100872e-14 2.915689e-17 9.606191e-12 0.000000e+00 5.611587e-22 2.776079e-19 2.812851e-14 8.853326e-28 9.497177e-08 4.738779e-25 9.343065e-26 1.775634e-19 5.831501e-08 1.033336e-26 3.730472e-14 2.339324e-22 3.892731e-25 8.195826e-10 8.028425e-27 3.505130e-34 3.828314e-18 1.345719e-49 1.621628e-22 7.888407e-34 9.499769e-11 0.000000e+00 1.933760e-33 2.616137e-29 0.000000e+00 6.780485e-18 1.134134e-14 6.706471e-24 1.243559e-24 8.408644e-12 9.577750e-15 2.205602e-11 3.876113e-25 6.798000e-15 1.068361e-39 7.043241e-13 1.181501e-25 7.601928e-27 1.214366e-11 7.635723e-17 2.980434e-17 2.805307e-15 2.663904e-21 5.167934e-73 1.036635e-10 1.187216e-26 2.309306e-38 0.000000e+00 1.916967e-64 4.639993e-12 5.438889e-03
2.365131e-07 4.141631e-11 7.932340e-05 4.186149e-11 5.128120e-04 1.712057e-01 5.838410e-13 3.967931e-16 5.586893e-19 3.129093e-22 6.323092e-22 0.000000e+00 0.000000e+00 0.000000e+00 3.539293e-27 8.102386e-30 8.878398e-37 2.219886e-28 2.641461e-02 1.738532e-04 2.957360e-29 9.707242e-18 1.681968e-14 8.976706e-31 8.047793e-27 0.000000e+00 8.513480e-02 4.358156e-17 0.000000e+00 6.143750e-32 1.868606e-12 3.829008e-21 5.671035e-02 6.178316e-13 3.048437e-13 6.702747e-14 3.016456e-18 6.546696e-01 4.632627e-20 8.092287e-10 0.000000e+00 0.000000e+00 0.000000e+00 4.632073e-34 3.774378e-18 8.510469e-22 1.196494e-14 2.219670e-17 7.714304e-12 1.445293e-34 6.308550e-22 3.087941e-19 2.726175e-14 1.631392e-28 6.768475e-08 3.180790e-25 3.483650e-26 8.455611e-20 6.648694e-08 1.410411e-27 4.554492e-14 1.888506e-22 0.000000e+00 7.572176e-10 5.210000e-27 8.716129e-34 3.300104e-18 2.506458e-49 1.454417e-22 0.000000e+00 7.087243e-11 0.000000e+00 7.652451e-34 4.631472e-29 0.000000e+00 3.126573e-18 7.566634e-15 3.498307e-24 1.094101e-24 6.530219e-12 8.630191e-15 2.061335e-11 3.076118e-25 6.080206e-15 1.389189e-39 6.437601e-13 8.629825e-26 0.000000e+00 1.139006e-11 6.390259e-17 2.284165e-17 2.527484e-15 2.382439e-21 1.088959e-72 1.307297e-10 3.301537e-27 3.159564e-38 0.000000e+00 1.669878e-66 3.978427e-12 5.098733e-03
2.053534e-07 3.100160e-11 8.178202e-05 3.242090e-11 5.852700e-04 1.899064e-01 1.115818e-12 1.165110e-15 1.000649e-18 4.506202e-22 1.620671e-22 4.319831e-25 5.924439e-22 4.066900e-28 3.663730e-27 6.469220e-30 1.739358e-37 3.834227e-29 2.585898e-02 1.280633e-04 4.124900e-29 1.291505e-17 1.814452e-14 7.233010e-31 1.925211e-27 0.000000e+00 7.401236e-02 3.046388e-17 0.000000e+00 3.720454e-32 1.442983e-12 3.460438e-21 7.230965e-02 6.952830e-13 5.891717e-13 1.292727e-13 3.083126e-18 6.323650e-01 3.854397e-20 7.444092e-10 3.756678e-23 1.045008e-24 2.991062e-24 3.551149e-34 3.855163e-18 1.221158e-21 1.257101e-14 1.702620e-17 6.152510e-12 8.832512e-35 6.863888e-22 3.316575e-19 2.632656e-14 3.091086e-29 4.755732e-08 2.143621e-25 1.366640e-26 4.147701e-20 7.471047e-08 1.934818e-28 5.551568e-14 1.521959e-22 9.534052e-27 6.922869e-10 3.446101e-27 2.114120e-33 2.770244e-18 4.552077e-49 1.290118e-22 0.000000e+00 5.205537e-11 0.000000e+00 2.791065e-34 8.859495e-29 0.000000e+00 1.505943e-18 4.970919e-15 1.843665e-24 9.508002e-25 4.991496e-12 7.708358e-15 1.914592e-11 2.615590e-25 5.387838e-15 1.678378e-39 5.838658e-13 6.356518e-26 0.000000e+00 1.061989e-11 5.253930e-17 1.724180e-17 2.257256e-15 2.110973e-21 1.866365e-72 1.627143e-10 1.035387e-27 4.057331e-38 0.000000e+00 1.423564e-68 3.304274e-12 4.752356e-03
1.782989e-07 2.356385e-11 8.495177e-05 2.494749e-11 6.667937e-04 2.079177e-01 2.125863e-12 2.927918e-15 1.804442e-18 6.731846e-22 5.989196e-23 4.057976e-25 0.000000e+00 7.156703e-27 3.500066e-27 5.352229e-30 3.551779e-38 6.793969e-30 2.521728e-02 1.051240e-04 5.774479e-29 1.840238e-17 1.941536e-14 6.368804e-31 4.713951e-28 0.000000e+00 6.366618e-02 2.139338e-17 1.972929e-26 2.308075e-32 1.118713e-12 3.101569e-21 9.043008e-02 7.788305e-13 1.133852e-12 2.448097e-13 3.167191e-18 6.075077e-01 3.266571e-20 6.858689e-10 1.378318e-23 3.882485e-25 1.107154e-24 2.786086e-34 3.958179e-18 1.821666e-21 1.249352e-14 1.298737e-17 4.865109e-12 9.096727e-35 6.948182e-22 3.354542e-19 2.532461e-14 6.039645e-30 3.350687e-08 1.426118e-25 5.608021e-27 2.107382e-20 8.280988e-08 2.678105e-29 6.742624e-14 1.216581e-22 0.000000e+00 6.260398e-10 2.349779e-27 4.115812e-33 2.225639e-18 6.599699e-49 1.125986e-22 0.000000e+00 3.796322e-11 0.000000e+00 9.358735e-35 1.703128e-28 0.000000e+00 7.598759e-19 3.223494e-15 1.013533e-24 7.977034e-25 3.751326e-12 6.822808e-15 1.766782e-11 2.262422e-25 4.728744e-15 1.671029e-39 5.253067e-13 4.733476e-26 3.218956e-26 9.840231e-12 4.243582e-17 1.281541e-17 1.997712e-15 1.852580e-21 1.981010e-72 2.001407e-10 4.721895e-28 4.501515e-38 0.000000e+00 1.183947e-70 2.658738e-12 4.404128e-03
1.548088e-07 1.824908e-11 8.895605e-05 1.908977e-11 7.582924e-04 2.250186e-01 3.835372e-12 6.002198e-15 3.110155e-18 9.898752e-22 4.078898e-23 1.539157e-24 0.000000e+00 5.909400e-27 3.084647e-27 4.468924e-30 8.048189e-39 1.238351e-30 2.449724e-02 9.348748e-05 7.684844e-29 2.663476e-17 2.057553e-14 5.798857e-31 1.187542e-28 7.375428e-26 5.421161e-02 1.511778e-17 0.000000e+00 1.469181e-32 8.697592e-13 2.756164e-21 1.111607e-01 8.689302e-13 2.064461e-12 4.389852e-13 3.273864e-18 5.801140e-01 2.812155e-20 6.301950e-10 0.000000e+00 0.000000e+00 0.000000e+00 2.236102e-34 4.089747e-18 2.681066e-21 1.182424e-14 9.810807e-18 3.809591e-12 1.973397e-35 6.548949e-22 3.238329e-19 2.425842e-14 1.219763e-30 2.371170e-08 9.330033e-26 2.391322e-27 1.106779e-20 9.058489e-08 3.751239e-30 8.159197e-14 9.635431e-23 8.311941e-25 5.601394e-10 1.645815e-27 6.129704e-33 1.721648e-18 7.343704e-49 9.668618e-23 2.627578e-32 2.749240e-11 1.079136e-44 2.876569e-35 3.123630e-28 1.393598e-25 3.988865e-19 2.065723e-15 5.828758e-25 6.457122e-25 2.769816e-12 5.982714e-15 1.619333e-11 1.924397e-25 4.109486e-15 1.373576e-39 4.686983e-13 3.584342e-26 0.000000e+00 9.058327e-12 3.367027e-17 9.376892e-18 1.751532e-15 1.609828e-21 1.310309e-72 2.450774e-10 3.975964e-28 4.339389e-38 0.000000e+00 9.598063e-73 2.068871e-12 4.056931e-03
1.344133e-07 1.411297e-11 9.412967e-05 1.471402e-11 8.625686e-04 2.410628e-01 6.464541e-12 1.383600e-14 5.172786e-18 1.349716e-21 3.936839e-23 1.432257e-24 0.000000e+00 2.599830e-28 3.024543e-27 4.264831e-30 2.486469e-39 2.329591e-31 2.370174e-02 8.688279e-05 9.622664e-29 3.445957e-17 2.179962e-14 4.793487e-31 3.109206e-29 0.000000e+00 4.569203e-02 1.071594e-17 0.000000e+00 9.296495e-33 6.732830e-13 2.426889e-21 1.346005e-01 9.593680e-13 3.504134e-12 7.538660e-13 3.384887e-18 5.501910e-01 2.423842e-20 5.807218e-10 6.733431e-23 1.900550e-24 5.470489e-24 1.782975e-34 4.227029e-18 3.647777e-21 1.165893e-14 7.471837e-18 2.951614e-12 7.762073e-35 6.743018e-22 3.292311e-19 2.312972e-14 2.554571e-31 1.589401e-08 6.210558e-26 1.026192e-27 5.806658e-21 9.785891e-08 5.326706e-31 9.894261e-14 7.694659e-23 0.000000e+00 4.963095e-10 1.118587e-27 1.144020e-32 1.368478e-18 1.044309e-48 8.322660e-23 0.000000e+00 1.925926e-11 0.000000e+00 8.016543e-36 5.538340e-28 0.000000e+00 2.086134e-19 1.305641e-15 3.167847e-25 5.489278e-25 2.009784e-12 5.194029e-15 1.473385e-11 1.866474e-25 3.534003e-15 1.512946e-39 4.144835e-13 2.785406e-26 0.000000e+00 8.280048e-12 2.622487e-17 6.746702e-18 1.520454e-15 1.384262e-21 1.630713e-72 3.041394e-10 4.766198e-28 5.221758e-38 0.000000e+00 7.636996e-75 1.527166e-12 3.708280e-03
1.167049e-07 1.108037e-11 1.006025e-04 1.138410e-11 9.807240e-04 2.559027e-01 1.015409e-11 3.184325e-14 8.202507e-18 1.726680e-21 4.114813e-23 1.011674e-24 0.000000e+00 0.000000e+00 3.081302e-27 4.364754e-30 1.283517e-39 4.522912e-32 2.283078e-02 8.297151e-05 1.124526e-28 4.126413e-17 2.294257e-14 3.678482e-31 8.617154e-30 6.523520e-30 3.813248e-02 7.622283e-18 0.000000e+00 5.954727e-33 5.195804e-13 2.115982e-21 1.608280e-01 1.051578e-12 5.535502e-12 1.233933e-12 3.512488e-18 5.177789e-01 2.098299e-20 5.346653e-10 3.226168e-23 9.277608e-25 2.675037e-24 1.425954e-34 4.385180e-18 4.650361e-21 1.171309e-14 5.691467e-18 2.261629e-12 5.251497e-35 7.164591e-22 3.401602e-19 2.194101e-14 5.598555e-32 1.031933e-08 4.148331e-26 4.436271e-28 3.069469e-21 1.044790e-07 7.658924e-32 1.198654e-13 6.142484e-23 0.000000e+00 4.349805e-10 7.492934e-28 2.226646e-32 1.094406e-18 1.570690e-48 7.127069e-23 0.000000e+00 1.315667e-11 0.000000e+00 2.005314e-36 9.357438e-28 0.000000e+00 1.083868e-19 8.140113e-16 1.699567e-25 4.744918e-25 1.429150e-12 4.461303e-15 1.330025e-11 1.954449e-25 3.005058e-15 1.878854e-39 3.630410e-13 2.197736e-26 0.000000e+00 7.511066e-12 2.003229e-17 4.767702e-18 1.305806e-15 1.176958e-21 2.578726e-72 3.801401e-10 6.218427e-28 6.968573e-38 0.000000e+00 5.933442e-77 1.054534e-12 3.362823e-03
1.013295e-07 9.050516e-12 1.084042e-04 8.748798e-12 1.112470e-03 2.693605e-01 1.500369e-11 5.621596e-14 1.226822e-17 2.169019e-21 4.506598e-23 2.648917e-24 0.000000e+00 0.000000e+00 2.789210e-27 4.463737e-30 9.805944e-40 9.057600e-33 2.188596e-02 8.102143e-05 1.221790e-28 5.061694e-17 2.371839e-14 2.874503e-31 2.655079e-30 2.118685e-33 3.155782e-02 5.465934e-18 0.000000e+00 3.983268e-33 4.019427e-13 1.825934e-21 1.898090e-01 1.151416e-12 8.225763e-12 1.952384e-12 3.680813e-18 4.830573e-01 1.845875e-20 4.880773e-10 0.000000e+00 0.000000e+00 0.000000e+00 1.174709e-34 4.594238e-18 5.839659e-21 1.109154e-14 4.261124e-18 1.714131e-12 1.198070e-34 6.885232e-22 3.298061e-19 2.069861e-14 1.373631e-32 6.834622e-09 2.697153e-26 1.980988e-28 1.688039e-21 1.102724e-07 1.113823e-32 1.441166e-13 4.821991e-23 4.319476e-25 3.767358e-10 5.161514e-28 3.010467e-32 8.300170e-19 1.652270e-48 5.978353e-23 0.000000e+00 8.969177e-12 0.000000e+00 4.480500e-37 1.483443e-27 8.679460e-33 5.744584e-20 5.021108e-16 9.864786e-26 3.882210e-25 9.897818e-13 3.789323e-15 1.190614e-11 1.868850e-25 2.525424e-15 1.763340e-39 3.147996e-13 1.727651e-26 5.413207e-25 6.758646e-12 1.499988e-17 3.308638e-18 1.108984e-15 9.890019e-22 2.087221e-72 4.707393e-10 8.364733e-28 7.706532e-38 0.000000e+00 4.463501e-79 6.932746e-13 3.027405e-03
8.797976e-08 7.643503e-12 1.178536e-04 6.709880e-12 1.260080e-03 2.812849e-01 2.175578e-11 9.314494e-14 1.824682e-17 2.729867e-21 5.426983e-23 4.137328e-24 0.000000e+00 0.000000e+00 2.452672e-27 5.170871e-30 1.001541e-39 1.874577e-33 2.087136e-02 8.003297e-05 1.287692e-28 6.286149e-17 2.431382e-14 2.263649e-31 1.031460e-30 0.000000e+00 2.595748e-02 3.961813e-18 0.000000e+00 2.750064e-33 3.113345e-13 1.558681e-21 2.214370e-01 1.255279e-12 1.198823e-11 3.303770e-12 3.881685e-18 4.462884e-01 1.645067e-20 4.437842e-10 1.614207e-22 4.641800e-24 1.342715e-23 9.878035e-35 4.843995e-18 7.351077e-21 1.019941e-14 3.168782e-18 1.286470e-12 2.040539e-34 6.456971e-22 3.110218e-19 1.941093e-14 6.132453e-33 4.500396e-09 1.738181e-26 9.119561e-29 9.619269e-22 1.150794e-07 1.634343e-33 1.719762e-13 3.752638e-23 4.106889e-25 3.224731e-10 3.564474e-28 3.765061e-32 6.087324e-19 1.623602e-48 4.958021e-23 0.000000e+00 6.044428e-12 6.743259e-45 8.825409e-38 2.324473e-27 9.439690e-26 3.095828e-20 3.069185e-16 5.926667e-26 3.129540e-25 6.657390e-13 3.181153e-15 1.056463e-11 1.762038e-25 2.096459e-15 1.575007e-39 2.701045e-13 1.343500e-26 4.211666e-24 6.029950e-12 1.100175e-17 2.255234e-18 9.308789e-16 8.209205e-22 1.464438e-72 5.783085e-10 1.224387e-27 8.401378e-38 0.000000e+00 3.260829e-81 4.360021e-13 2.702795e-03
7.638878e-08 6.685929e-12 1.292311e-04 5.166206e-12 1.425373e-03 2.915570e-01 3.365682e-11 1.637161e-13 2.938889e-17 3.719260e-21 8.177714e-23 4.858406e-24 0.000000e+00 0.000000e+00 2.138728e-27 8.430634e-30 1.521960e-39 4.011316e-34 1.979187e-02 7.960106e-05 1.439253e-28 8.485014e-17 2.540527e-14 1.924645e-31 6.657781e-31 0.000000e+00 2.128530e-02 2.911333e-18 0.000000e+00 1.958773e-33 2.418823e-13 1.315428e-21 2.555658e-01 1.362259e-12 1.862849e-11 6.982051e-12 4.115067e-18 4.077744e-01 1.480266e-20 4.025549e-10 7.269760e-23 2.090380e-24 6.050354e-24 8.423080e-35 5.134380e-18 1.001643e-20 9.040009e-15 2.347962e-18 9.578156e-13 1.222184e-33 6.016649e-22 2.901842e-19 1.808723e-14 1.105123e-32 2.936318e-09 1.115775e-26 4.273537e-29 5.630444e-22 1.187769e-07 2.384038e-34 2.030859e-13 2.898515e-23 0.000000e+00 2.727036e-10 2.449690e-28 5.021169e-32 4.366165e-19 1.732162e-48 4.075798e-23 5.750331e-29 4.007583e-12 0.000000e+00 1.506412e-38 3.908544e-27 0.000000e+00 1.691336e-20 1.861236e-16 3.639638e-26 2.507714e-25 4.340333e-13 2.637889e-15 9.287029e-12 1.667010e-25 1.718010e-15 1.413667e-39 2.291871e-13 1.027064e-26 2.473331e-23 5.331320e-12 7.895882e-18 1.510529e-18 7.718070e-16 6.726509e-22 1.010389e-72 7.049549e-10 2.216308e-27 9.425205e-38 0.000000e+00 2.312283e-83 2.617778e-13 2.391312e-03
6.632487e-08 6.079217e-12 1.428142e-04 4.028576e-12 1.609974e-03 3.000749e-01 6.414990e-11 3.526298e-13 5.912137e-17 6.327420e-21 1.673038e-22 2.784668e-23 0.000000e+00 0.000000e+00 1.847338e-27 2.646490e-29 4.538286e-39 8.941946e-35 1.865402e-02 7.996966e-05 1.994779e-28 1.450677e-16 2.978030e-14 2.039720e-31 8.955521e-31 0.000000e+00 1.747508e-02 2.180273e-18 0.000000e+00 1.443276e-33 1.892128e-13 1.096869e-21 2.919769e-01 1.474450e-12 3.564421e-11 2.013476e-11 4.383049e-18 3.678906e-01 1.342937e-20 3.648555e-10 0.000000e+00 0.000000e+00 0.000000e+00 7.264932e-35 5.467979e-18 1.704098e-20 7.278486e-15 1.736426e-18 7.103565e-13 8.691422e-33 5.568061e-22 2.686833e-19 1.673868e-14 3.630600e-32 1.907438e-09 7.146090e-27 1.967813e-29 3.317711e-22 1.212349e-07 3.283748e-35 2.361704e-13 2.219907e-23 3.023530e-25 2.277298e-10 1.813160e-28 8.243171e-32 3.070268e-19 2.323497e-48 3.323704e-23 1.554100e-24 2.611902e-12 1.232438e-45 2.178943e-39 8.096212e-27 1.782894e-26 9.417524e-21 1.122892e-16 2.281162e-26 1.995438e-25 2.737077e-13 2.159258e-15 8.083669e-12 1.577446e-25 1.388895e-15 1.272814e-39 1.921997e-13 7.736112e-27 1.211264e-22 4.668702e-12 5.538582e-18 9.954323e-19 6.316817e-16 5.437258e-22 6.846054e-73 8.568818e-10 5.434548e-27 1.089637e-37 0.000000e+00 1.589096e-85 1.506280e-13 2.095627e-03
5.758683e-08 5.805602e-12 1.588894e-04 3.247568e-12 1.815573e-03 3.067501e-01 1.972258e-10 1.218868e-12 1.942218e-16 1.757696e-20 4.243603e-22 2.557178e-22 4.598331e-21 3.538609e-25 1.579161e-27 1.933728e-28 3.174561e-38 2.382548e-35 1.746657e-02 8.190922e-05 4.672942e-28 4.390869e-16 5.443958e-14 3.552337e-31 1.939223e-30 3.714118e-36 1.445073e-02 1.677277e-18 0.000000e+00 1.111304e-33 1.499105e-13 9.032184e-22 3.303502e-01 1.610047e-12 1.099622e-10 7.179066e-11 4.686244e-18 3.271076e-01 1.229193e-20 3.315318e-10 0.000000e+00 0.000000e+00 0.000000e+00 6.328132e-35 5.845546e-18 4.733741e-20 4.565909e-15 1.286267e-18 5.298591e-13 5.919817e-32 5.115642e-22 2.470762e-19 1.537862e-14 1.243094e-31 1.241582e-09 4.582380e-27 8.137676e-30 1.867486e-22 1.221966e-07 3.632418e-36 2.687003e-13 1.684555e-23 0.000000e+00 1.877103e-10 1.114706e-28 2.178558e-31 2.120546e-19 5.115388e-48 2.693514e-23 0.000000e+00 1.674637e-12 6.710741e-46 2.590207e-40 2.685804e-26 1.003559e-26 5.473410e-21 6.783650e-17 1.468447e-26 1.575408e-25 1.665350e-13 1.743766e-15 6.963805e-12 1.489981e-25 1.107054e-15 1.147478e-39 1.592187e-13 5.888696e-27 4.875486e-22 4.047608e-12 3.792433e-18 6.471870e-19 5.100608e-16 4.333343e-22 4.550102e-73 1.069732e-09 1.696956e-26 1.320639e-37 0.000000e+00 1.056942e-87 8.564094e-14 1.818221e-03
5.000000e-08 7.038085e-12 1.777217e-04 2.843923e-12 2.044483e-03 3.115516e-01 2.187714e-09 1.510648e-11 2.327050e-15 1.781661e-19 1.114198e-21 3.162656e-20 1.507602e-19 5.392664e-23 1.338223e-27 5.438493e-27 8.591989e-37 1.945750e-35 1.624552e-02 8.587517e-05 3.966602e-27 3.880834e-15 4.483988e-13 2.311335e-30 4.690234e-30 5.038266e-34 1.215494e-02 1.339795e-18 5.114530e-24 1.089228e-33 1.222298e-13 7.344018e-22 3.698056e-01 2.185586e-12 1.223384e-09 2.603371e-10 5.016226e-18 2.863725e-01 1.142675e-20 3.056874e-10 1.210120e-26 1.855063e-27 0.000000e+00 5.567340e-35 6.256651e-18 4.797729e-19 1.781554e-15 9.669617e-19 4.064256e-13 3.539657e-31 4.665709e-22 2.261343e-19 1.402595e-14 3.910998e-31 8.180824e-10 2.980603e-27 2.757541e-30 9.692581e-23 1.206167e-07 2.184363e-37 2.961987e-13 1.267115e-23 0.000000e+00 1.527050e-10 7.585122e-29 2.068415e-30 1.453236e-19 4.086943e-47 2.224867e-23 0.000000e+00 1.068741e-12 0.000000e+00 2.427756e-41 3.146304e-25 0.000000e+00 3.600906e-21 4.160754e-17 1.167520e-26 1.233758e-25 9.737936e-14 1.389168e-15 5.936843e-12 1.412851e-25 8.698931e-16 1.034547e-39 1.302782e-13 5.049228e-27 1.901280e-21 3.473820e-12 2.532368e-18 4.174478e-19 4.062810e-16 3.404560e-22 2.964876e-73 2.070786e-09 6.757619e-26 2.478197e-37 0.000000e+00 1.045225e-87 5.567806e-14 1.561711e-03
