PRESS OH H2 H2O H O CH C CH2 CH3 CH4 C2 C2H2 C2H C2H3 C2H4 C2H5 C2H6 CO CO2 CH2OH H2CO HCO CH3O CH3OH CH3CO O2 H2CCO HCCO CH3O2 HO2 CH3OOH N NH CN HCN NH2 N2 NH3 NO N2H2 N2H N2H3 N2H4 HNO H2CN HNCO NO2 N2O C4H2 CH2NH2 CH2NH CH3NH2 CH3CHO O3 NO3 HNO3 HNO2 NCO N2O5 S SH S2 SO H2S CS COS CS2 NS HS2 SO2 S4 S8 HCS S3 H2O2 SO3 HSO3 HSO H2SO4 HC3N CH3CN CH2CN C2H3CN CH3SH CH3S C3H3 C3H2 C3H4 C6H5 C6H6 C4H3 C4H5 S2O O_1 CH2_1 N_2D He H2O_l_s H2SO4_l Ar
1.000000e+00 3.511563e-17 1.435026e-06 8.922743e-03 2.501794e-23 2.336030e-19 6.764050e-36 1.126945e-31 5.900561e-31 4.282670e-17 4.553179e-05 0.000000e+00 4.742154e-14 2.144171e-41 5.526051e-32 1.838929e-11 2.885721e-19 1.404875e-11 5.144384e-07 3.992279e-04 1.055484e-30 2.049375e-09 2.850586e-24 2.459359e-20 6.190465e-14 1.117613e-21 2.002569e-01 4.001529e-17 8.391367e-15 1.226549e-18 5.113649e-18 2.829920e-19 3.443946e-31 3.324325e-24 1.139896e-33 5.417535e-11 6.190745e-22 7.810199e-01 5.373577e-10 3.875744e-07 1.059998e-21 1.475313e-26 8.928183e-22 1.821916e-23 1.191206e-11 6.612625e-18 1.057711e-13 6.473748e-09 3.249418e-07 9.312198e-20 4.703928e-24 1.100370e-20 3.772115e-16 1.261806e-16 9.612151e-14 2.508776e-21 3.736636e-11 1.899068e-10 1.549800e-27 1.176464e-20 2.156458e-27 2.551366e-18 1.249842e-18 7.888764e-20 4.518645e-10 0.000000e+00 5.451398e-10 5.285380e-23 9.152026e-20 1.020387e-18 3.721684e-10 2.527473e-24 5.692772e-28 3.136443e-39 1.399379e-22 1.114022e-17 3.999292e-18 1.728082e-25 2.560026e-09 2.894452e-11 4.983809e-15 4.134066e-11 4.180993e-13 4.738022e-14 5.374587e-17 1.222684e-26 4.209077e-20 1.396065e-14 5.678029e-15 3.598502e-24 9.051542e-18 2.487455e-17 2.275152e-22 1.445778e-31 6.279332e-29 3.568369e-32 2.208157e-48 0.000000e+00 0.000000e+00 1.094488e-21 9.352891e-03
8.682540e-01 4.605463e-17 1.438651e-06 6.464165e-03 3.581007e-23 3.202924e-19 8.138485e-35 1.560006e-31 7.515328e-31 5.014669e-17 4.563618e-05 1.781934e-58 4.754586e-14 1.357582e-41 5.625080e-32 1.843688e-11 3.417390e-19 1.408519e-11 5.158929e-07 4.002195e-04 1.364449e-30 2.028326e-09 3.856190e-24 3.137972e-20 6.207838e-14 1.879655e-21 2.007537e-01 4.011759e-17 8.412531e-15 1.349230e-18 6.176963e-18 2.836452e-19 1.239289e-31 1.781657e-24 6.671707e-33 5.433012e-11 7.343474e-22 7.829574e-01 5.384938e-10 3.883686e-07 1.062495e-21 2.239331e-26 8.949336e-22 1.826637e-23 1.198157e-11 6.629168e-18 1.060410e-13 6.542167e-09 3.257052e-07 9.334327e-20 4.746815e-24 1.103155e-20 3.781802e-16 1.272280e-16 1.415627e-13 3.098591e-21 2.344164e-10 1.908969e-10 2.369970e-27 3.336128e-20 3.831029e-27 3.767925e-18 1.301335e-18 1.379990e-19 4.510596e-10 2.716582e-30 5.456457e-10 5.305403e-23 9.177998e-20 1.602290e-18 3.732095e-10 3.098891e-24 5.710978e-28 4.219630e-38 1.403435e-22 1.118353e-17 2.363361e-18 2.361552e-25 2.566364e-09 2.903319e-11 4.996602e-15 4.144213e-11 4.190588e-13 4.750153e-14 5.397640e-17 1.692365e-26 4.237326e-20 1.399634e-14 5.692679e-15 3.651966e-24 9.073174e-18 2.494060e-17 2.281145e-22 1.449077e-31 1.308432e-28 7.431183e-32 8.368634e-49 0.000000e+00 1.976803e-05 1.882444e-19 9.376092e-03
7.538651e-01 5.813490e-17 1.440593e-06 5.219549e-03 4.892368e-23 4.246019e-19 6.761438e-34 0.000000e+00 9.339246e-31 5.673268e-17 4.568464e-05 0.000000e+00 4.762428e-14 8.701685e-42 5.614949e-32 1.846430e-11 3.926100e-19 1.410630e-11 5.167198e-07 4.007213e-04 1.705616e-30 1.981011e-09 4.873149e-24 3.820452e-20 6.220267e-14 2.984847e-21 2.010051e-01 4.017450e-17 8.423832e-15 1.423093e-18 7.144338e-18 2.838833e-19 4.656687e-32 9.961094e-25 0.000000e+00 5.442165e-11 8.445782e-22 7.839382e-01 5.389502e-10 3.887213e-07 1.063584e-21 3.244437e-26 8.958740e-22 1.829494e-23 1.205800e-11 6.638059e-18 1.061915e-13 6.567128e-09 3.260694e-07 9.345613e-20 4.825527e-24 1.104676e-20 3.787262e-16 1.291849e-16 1.983067e-13 3.711108e-21 4.350784e-10 1.911381e-10 3.253312e-27 8.564239e-20 5.688650e-27 5.387114e-18 1.427905e-18 2.029903e-19 4.496988e-10 0.000000e+00 5.454041e-10 5.306976e-23 9.196790e-20 2.458667e-18 3.738451e-10 3.454842e-24 5.727102e-28 0.000000e+00 1.406509e-22 1.123609e-17 1.335663e-18 3.091450e-25 2.569522e-09 2.906808e-11 5.003806e-15 4.149278e-11 4.194143e-13 4.756934e-14 5.427846e-17 2.280842e-26 4.279566e-20 1.401618e-14 5.701050e-15 3.691424e-24 9.083135e-18 2.498099e-17 2.284764e-22 1.450535e-31 2.413888e-28 1.299858e-31 3.232855e-49 0.000000e+00 8.973692e-06 1.432368e-17 9.387836e-03
6.545464e-01 7.136360e-17 1.442459e-06 4.077384e-03 6.474226e-23 5.494965e-19 4.649613e-33 1.044014e-31 1.145269e-30 6.268479e-17 4.572863e-05 1.069005e-58 4.771443e-14 5.600746e-42 5.516675e-32 1.849228e-11 4.407290e-19 1.412793e-11 5.174840e-07 4.011819e-04 2.069136e-30 1.916131e-09 5.887720e-24 4.501314e-20 6.234966e-14 4.596221e-21 2.012359e-01 4.023106e-17 8.434697e-15 1.458263e-18 8.018808e-18 2.840188e-19 1.784998e-32 5.720520e-25 3.055768e-33 5.450999e-11 9.490083e-22 7.848383e-01 5.393402e-10 3.890784e-07 1.064498e-21 4.547714e-26 8.966713e-22 1.832657e-23 1.214114e-11 6.646981e-18 1.063426e-13 6.554146e-09 3.264011e-07 9.356955e-20 4.950991e-24 1.106177e-20 3.792742e-16 1.324021e-16 2.683161e-13 4.344741e-21 6.265678e-10 1.902357e-10 4.217797e-27 2.055250e-19 7.753551e-27 7.544029e-18 1.648170e-18 2.757263e-19 4.484038e-10 0.000000e+00 5.450811e-10 5.304506e-23 9.218928e-20 3.687601e-18 3.744859e-10 3.987641e-24 5.747715e-28 0.000000e+00 1.410228e-22 1.131475e-17 8.152615e-19 3.922593e-25 2.572349e-09 2.910594e-11 5.011029e-15 4.153907e-11 4.196371e-13 4.763695e-14 5.473065e-17 3.273913e-26 4.337949e-20 1.403588e-14 5.709536e-15 3.723701e-24 9.091825e-18 2.502352e-17 2.288572e-22 1.451825e-31 4.131691e-28 2.269616e-31 1.282668e-49 0.000000e+00 7.925700e-06 5.341005e-16 9.398614e-03
5.683125e-01 8.558659e-17 1.444186e-06 3.084140e-03 8.311685e-23 6.916515e-19 2.703044e-32 2.335770e-31 1.388833e-30 6.696879e-17 4.576610e-05 2.800327e-58 4.781831e-14 3.439295e-42 5.229818e-32 1.852006e-11 4.806958e-19 1.414950e-11 5.181581e-07 4.015825e-04 2.449542e-30 1.839046e-09 6.875926e-24 5.145172e-20 6.251881e-14 7.209544e-21 2.014366e-01 4.028554e-17 8.444754e-15 1.447671e-18 8.722100e-18 2.840408e-19 5.980705e-33 3.174924e-25 3.166796e-33 5.459262e-11 1.036588e-21 7.856211e-01 5.396408e-10 3.894215e-07 1.065219e-21 6.284911e-26 8.973079e-22 1.836153e-23 1.222319e-11 6.655854e-18 1.064908e-13 6.506527e-09 3.266854e-07 9.368062e-20 5.129417e-24 1.107614e-20 3.798083e-16 1.370822e-16 3.564923e-13 4.960009e-21 8.047768e-10 1.879422e-10 5.251058e-27 5.053429e-19 1.003396e-26 1.039165e-17 1.977572e-18 3.572952e-19 4.471827e-10 0.000000e+00 5.446711e-10 5.299864e-23 9.244282e-20 5.470519e-18 3.751115e-10 4.912047e-24 5.772788e-28 0.000000e+00 1.414593e-22 1.142302e-17 4.898006e-19 4.873975e-25 2.574712e-09 2.912864e-11 5.018064e-15 4.157909e-11 4.197127e-13 4.770237e-14 5.534182e-17 4.940912e-26 4.408969e-20 1.405485e-14 5.717904e-15 3.751682e-24 9.098975e-18 2.506707e-17 2.292482e-22 1.452887e-31 6.734918e-28 4.052475e-31 4.612947e-50 0.000000e+00 6.788600e-06 1.028463e-14 9.407987e-03
4.934396e-01 1.008423e-16 1.445779e-06 2.237999e-03 1.045730e-22 8.548779e-19 1.373427e-31 0.000000e+00 1.768991e-30 7.001813e-17 4.579711e-05 4.989165e-58 4.794030e-14 3.746593e-42 4.851070e-32 1.854786e-11 5.140329e-19 1.417118e-11 5.187418e-07 4.019239e-04 2.871892e-30 1.754665e-09 7.837041e-24 5.752629e-20 6.271274e-14 1.159553e-20 2.016076e-01 4.033829e-17 8.454047e-15 1.405670e-18 9.295917e-18 2.839611e-19 1.660494e-33 1.742597e-25 0.000000e+00 5.466989e-11 1.110456e-21 7.862879e-01 5.398526e-10 3.897475e-07 1.065773e-21 8.568900e-26 8.978033e-22 1.840096e-23 1.229994e-11 6.664900e-18 1.066375e-13 6.429929e-09 3.269227e-07 9.379042e-20 5.369839e-24 1.108998e-20 3.803320e-16 1.434580e-16 4.663160e-13 5.584132e-21 9.681100e-10 1.842980e-10 6.379266e-27 1.253250e-18 1.255460e-26 1.416094e-17 2.430765e-18 4.495475e-19 4.460400e-10 0.000000e+00 5.441840e-10 5.316418e-23 9.273247e-20 8.072103e-18 3.757220e-10 6.331676e-24 5.802672e-28 4.020803e-37 1.419684e-22 1.156511e-17 3.055794e-19 5.951931e-25 2.576609e-09 2.905964e-11 5.024955e-15 4.161293e-11 4.196482e-13 4.776599e-14 5.612108e-17 8.572053e-26 4.489302e-20 1.407321e-14 5.726211e-15 3.774573e-24 9.104704e-18 2.511187e-17 2.296526e-22 1.453725e-31 1.057719e-27 8.092523e-31 1.582327e-50 0.000000e+00 5.739146e-06 1.027407e-13 9.415971e-03
4.284310e-01 1.168680e-16 1.447221e-06 1.554200e-03 1.280721e-22 1.024508e-18 6.174067e-31 0.000000e+00 2.474844e-30 6.980983e-17 4.582098e-05 1.839494e-56 4.808357e-14 4.173103e-41 4.248239e-32 1.857552e-11 5.309797e-19 1.419286e-11 5.192269e-07 4.022000e-04 3.314956e-30 1.667520e-09 8.747654e-24 6.250634e-20 6.293235e-14 2.100438e-20 2.017457e-01 4.038891e-17 8.462472e-15 1.314236e-18 9.607392e-18 2.837933e-19 8.858092e-34 8.644681e-26 0.000000e+00 5.474111e-11 1.150539e-21 7.868268e-01 5.399665e-10 3.900443e-07 1.066164e-21 1.181442e-25 8.981588e-22 1.844554e-23 1.236848e-11 6.674190e-18 1.067824e-13 6.331321e-09 3.271082e-07 9.389818e-20 5.682239e-24 1.110318e-20 3.808419e-16 1.517522e-16 6.117724e-13 6.157991e-21 1.115249e-09 1.794674e-10 7.573675e-27 3.660814e-18 1.530633e-26 1.909957e-17 3.015282e-18 5.523193e-19 4.449705e-10 1.903888e-29 5.436208e-10 5.359812e-23 9.306010e-20 1.190429e-17 3.763105e-10 8.439545e-24 5.837556e-28 1.783719e-36 1.425550e-22 1.174455e-17 1.784523e-19 7.216316e-25 2.578001e-09 2.860059e-11 5.031656e-15 4.163997e-11 4.194463e-13 4.782736e-14 5.706970e-17 1.459954e-25 4.574857e-20 1.409081e-14 5.734412e-15 3.792282e-24 9.108945e-18 2.515774e-17 2.300691e-22 1.454317e-31 1.630736e-27 1.902776e-30 4.253669e-51 0.000000e+00 4.596514e-06 5.673000e-13 9.422422e-03
3.719869e-01 1.341938e-16 1.448488e-06 1.051071e-03 1.559179e-22 1.221788e-18 2.474490e-30 0.000000e+00 4.156379e-30 6.926446e-17 4.583685e-05 0.000000e+00 4.825124e-14 6.814728e-40 3.709212e-32 1.860286e-11 5.448261e-19 1.421440e-11 5.196037e-07 4.024033e-04 3.781720e-30 1.582196e-09 9.659781e-24 6.726599e-20 6.317812e-14 4.042323e-20 2.018474e-01 4.043688e-17 8.469899e-15 1.217828e-18 9.892078e-18 2.835596e-19 7.447898e-34 4.469790e-26 0.000000e+00 5.480549e-11 1.184173e-21 7.872233e-01 5.399714e-10 3.902969e-07 1.066389e-21 1.610380e-25 8.983699e-22 1.849582e-23 1.242671e-11 6.683759e-18 1.069247e-13 6.218882e-09 3.272358e-07 9.400285e-20 6.079643e-24 1.111560e-20 3.813335e-16 1.622013e-16 7.933962e-13 6.813852e-21 1.245341e-09 1.738333e-10 8.913330e-27 1.191566e-17 1.836449e-26 2.566968e-17 3.724079e-18 6.694238e-19 4.439602e-10 4.718173e-29 5.429782e-10 5.384371e-23 9.342733e-20 1.726700e-17 3.768700e-10 1.113541e-23 5.877605e-28 2.914266e-36 1.432228e-22 1.196475e-17 1.281728e-19 8.649428e-25 2.578846e-09 2.733446e-11 5.038108e-15 4.165943e-11 4.191095e-13 4.788590e-14 5.819047e-17 2.866092e-25 4.662001e-20 1.410748e-14 5.742443e-15 3.802912e-24 9.111584e-18 2.520441e-17 2.304962e-22 1.454634e-31 2.456675e-27 5.401048e-30 1.191297e-51 0.000000e+00 3.344651e-06 1.803957e-12 9.427169e-03
3.229791e-01 1.519475e-16 1.449691e-06 6.776174e-04 1.838643e-22 1.396754e-18 8.922402e-30 0.000000e+00 7.670300e-30 6.369275e-17 4.584671e-05 0.000000e+00 4.845843e-14 8.530239e-39 2.938626e-32 1.863203e-11 5.318603e-19 1.423750e-11 5.199046e-07 4.025545e-04 4.254987e-30 1.498290e-09 1.049279e-23 6.988186e-20 6.346735e-14 1.058277e-19 2.019228e-01 4.048612e-17 8.476973e-15 1.066397e-18 9.815083e-18 2.832821e-19 0.000000e+00 2.067232e-26 0.000000e+00 5.486799e-11 1.161894e-21 7.875176e-01 5.398793e-10 3.905205e-07 1.066501e-21 2.288676e-25 8.984810e-22 1.855607e-23 1.247652e-11 6.694476e-18 1.070763e-13 6.095123e-09 3.273203e-07 9.411342e-20 6.601052e-24 1.112826e-20 3.818464e-16 1.756994e-16 1.055666e-12 7.425971e-21 1.363807e-09 1.674143e-10 1.032991e-26 5.371948e-17 2.167079e-26 3.427931e-17 4.567894e-18 7.975308e-19 4.429680e-10 0.000000e+00 5.422441e-10 5.365490e-23 9.386105e-20 2.451196e-17 3.774399e-10 1.496055e-23 5.925535e-28 2.820578e-36 1.440209e-22 1.224273e-17 1.170856e-19 1.042513e-24 2.579255e-09 2.501658e-11 5.044830e-15 4.167335e-11 4.186391e-13 4.794634e-14 5.954931e-17 6.846188e-25 4.750883e-20 1.412457e-14 5.750942e-15 3.802767e-24 9.113025e-18 2.525538e-17 2.309664e-22 1.454729e-31 3.721728e-27 1.689088e-29 2.295022e-52 0.000000e+00 2.318110e-06 4.025281e-12 9.430692e-03
2.804279e-01 1.711192e-16 1.450888e-06 4.284541e-04 2.166148e-22 1.596906e-18 2.886468e-29 0.000000e+00 1.501783e-29 5.855537e-17 4.585050e-05 5.921935e-55 4.872469e-14 8.329778e-38 2.336097e-32 1.866485e-11 5.178446e-19 1.426360e-11 5.201359e-07 4.026558e-04 4.782327e-30 1.417000e-09 1.132752e-23 7.228021e-20 6.382047e-14 3.089082e-19 2.019732e-01 4.053947e-17 8.484040e-15 9.289169e-19 9.775254e-18 2.829848e-19 0.000000e+00 1.218361e-26 9.569731e-33 5.493165e-11 1.136499e-21 7.877140e-01 5.396750e-10 3.907130e-07 1.066511e-21 3.231303e-25 8.985003e-22 1.863132e-23 1.251817e-11 6.707167e-18 1.072470e-13 5.963786e-09 3.273620e-07 9.423693e-20 7.307133e-24 1.114191e-20 3.824111e-16 1.935684e-16 1.395121e-12 8.226680e-21 1.473322e-09 1.605448e-10 1.201490e-26 1.722307e-16 2.539312e-26 4.583430e-17 5.534550e-18 9.450766e-19 4.419456e-10 0.000000e+00 5.413845e-10 5.347537e-23 9.439335e-20 3.319740e-17 3.780503e-10 1.958610e-23 5.984764e-28 2.995199e-37 1.450090e-22 1.260256e-17 1.698889e-19 1.247147e-24 2.579219e-09 2.197937e-11 5.052223e-15 4.168185e-11 4.180107e-13 4.801222e-14 6.125162e-17 1.302791e-24 4.842258e-20 1.414307e-14 5.760429e-15 3.795973e-24 9.113265e-18 2.531390e-17 2.315104e-22 1.454585e-31 5.564336e-27 5.454958e-29 5.643215e-53 0.000000e+00 1.367028e-06 6.870646e-12 9.433041e-03
2.434827e-01 1.891969e-16 1.452580e-06 2.418078e-04 2.482848e-22 1.779756e-18 8.817738e-29 0.000000e+00 2.868901e-29 5.150900e-17 4.584811e-05 1.603763e-52 4.918981e-14 6.482782e-37 1.753805e-32 1.871636e-11 4.870720e-19 1.430470e-11 5.203642e-07 4.027323e-04 5.303099e-30 1.316071e-09 1.189385e-23 7.266766e-20 6.440714e-14 1.117917e-18 2.020109e-01 4.062077e-17 8.494065e-15 7.794608e-19 9.480633e-18 2.826156e-19 1.718687e-34 9.677540e-27 0.000000e+00 5.502273e-11 1.072525e-21 7.878611e-01 5.392410e-10 3.909283e-07 1.066433e-21 4.617641e-25 8.984367e-22 1.875958e-23 1.256183e-11 6.728093e-18 1.075159e-13 5.788201e-09 3.273656e-07 9.443086e-20 8.595659e-24 1.116262e-20 3.832829e-16 2.253536e-16 1.856845e-12 9.217953e-21 1.606687e-09 1.513962e-10 1.401693e-26 4.281351e-16 2.954485e-26 6.134617e-17 6.911840e-18 1.119446e-18 4.405172e-10 0.000000e+00 5.400524e-10 5.330311e-23 9.528313e-20 4.495209e-17 3.789626e-10 2.767626e-23 6.083749e-28 0.000000e+00 1.466696e-22 1.322855e-17 3.223383e-19 1.479646e-24 2.578599e-09 1.855358e-11 5.063621e-15 4.168669e-11 4.169403e-13 4.811309e-14 6.413308e-17 3.857018e-24 4.964400e-20 1.417125e-14 5.775231e-15 3.792682e-24 9.112134e-18 2.540699e-17 2.323821e-22 1.454075e-31 8.291727e-27 1.880318e-28 1.610725e-53 0.000000e+00 6.424189e-07 9.874127e-12 9.434800e-03
2.114048e-01 1.993573e-16 1.456357e-06 9.675730e-05 2.681638e-22 1.918865e-18 2.704675e-28 3.240315e-31 5.243065e-29 4.330621e-17 4.583137e-05 1.931773e-50 5.039541e-14 4.153620e-36 1.239365e-32 1.883972e-11 4.358658e-19 1.440334e-11 5.206903e-07 4.027941e-04 5.687740e-30 1.143429e-09 1.153436e-23 6.931531e-20 6.585754e-14 4.638956e-18 2.020401e-01 4.081183e-17 8.516494e-15 6.255045e-19 8.660256e-18 2.821011e-19 4.453830e-33 1.030381e-26 0.000000e+00 5.522504e-11 9.555822e-22 7.879755e-01 5.380581e-10 3.912714e-07 1.066224e-21 6.397534e-25 8.982311e-22 1.908548e-23 1.262169e-11 6.780359e-18 1.081642e-13 5.471048e-09 3.272895e-07 9.489907e-20 1.208303e-23 1.121127e-20 3.853491e-16 3.089737e-16 2.426488e-12 1.051466e-20 1.838711e-09 1.352757e-10 1.670429e-26 9.935260e-16 3.420464e-26 8.238220e-17 9.513739e-18 1.353811e-18 4.375597e-10 0.000000e+00 5.370649e-10 5.354417e-23 9.749783e-20 6.518584e-17 3.810492e-10 4.787082e-23 6.328007e-28 0.000000e+00 1.508123e-22 1.483483e-17 8.639039e-19 1.685183e-24 2.576378e-09 1.429405e-11 5.090612e-15 4.168585e-11 4.143499e-13 4.835089e-14 7.139098e-17 1.053376e-23 5.198322e-20 1.423744e-14 5.810544e-15 3.855818e-24 9.107636e-18 2.563131e-17 2.344959e-22 1.452490e-31 1.205621e-26 8.617503e-28 5.472629e-54 0.000000e+00 1.903907e-07 1.289479e-11 9.436162e-03
1.835531e-01 2.013409e-16 1.463262e-06 3.180005e-05 2.746778e-22 2.019772e-18 6.698463e-28 1.426964e-30 9.133063e-29 3.463991e-17 4.579606e-05 1.271797e-48 5.277215e-14 2.246898e-35 8.313410e-33 1.907112e-11 3.733881e-19 1.458855e-11 5.210988e-07 4.028262e-04 5.967130e-30 9.347113e-10 1.041976e-23 6.304895e-20 6.860094e-14 2.178289e-17 2.020531e-01 4.116768e-17 8.557467e-15 4.781678e-19 7.493647e-18 2.819370e-19 4.392512e-32 1.263220e-26 0.000000e+00 5.558603e-11 8.090847e-22 7.880268e-01 5.358061e-10 3.916932e-07 1.066039e-21 8.694902e-25 8.979715e-22 1.972015e-23 1.267211e-11 6.881200e-18 1.093908e-13 5.083102e-09 3.271071e-07 9.579010e-20 1.939183e-23 1.130204e-20 3.892103e-16 4.788087e-16 3.153002e-12 1.214191e-20 2.139243e-09 1.154336e-10 2.053595e-26 1.772828e-15 3.947950e-26 1.111994e-16 1.278262e-17 1.659388e-18 4.328747e-10 0.000000e+00 5.320877e-10 5.409137e-23 1.017198e-19 9.205747e-17 3.847888e-10 7.960313e-23 6.780405e-28 6.900116e-37 1.586982e-22 1.798042e-17 2.739851e-18 1.857143e-24 2.571996e-09 1.067157e-11 5.141025e-15 4.167614e-11 4.097273e-13 4.879429e-14 8.549740e-17 3.378327e-23 5.544073e-20 1.436070e-14 5.876690e-15 4.183428e-24 9.099150e-18 2.605184e-17 2.384779e-22 1.449409e-31 1.733118e-26 4.501703e-27 1.880757e-54 0.000000e+00 3.538336e-08 1.418875e-11 9.436762e-03
1.593707e-01 1.856500e-16 1.478424e-06 3.181059e-05 2.538574e-22 2.104262e-18 1.157938e-27 7.014964e-32 1.521632e-28 2.591627e-17 4.572239e-05 5.056226e-47 5.820562e-14 1.079707e-34 5.326933e-33 1.958260e-11 3.012246e-19 1.499816e-11 5.217838e-07 4.028390e-04 5.993307e-30 6.651733e-10 8.093468e-24 5.257833e-20 7.465535e-14 1.001577e-16 2.020528e-01 4.195228e-17 8.647208e-15 3.392498e-19 5.815034e-18 2.831894e-19 3.313556e-31 1.629203e-26 1.735745e-33 5.635587e-11 6.381470e-22 7.880272e-01 5.309274e-10 3.922538e-07 1.065997e-21 1.087968e-24 8.976436e-22 2.116294e-23 1.269230e-11 7.107590e-18 1.121244e-13 4.625512e-09 3.267128e-07 9.778837e-20 3.769587e-23 1.150273e-20 3.977361e-16 8.917202e-16 3.997680e-12 1.376476e-20 2.590247e-09 8.937444e-11 2.569988e-26 2.774947e-15 4.539091e-26 1.508436e-16 1.685257e-17 2.070954e-18 4.240231e-10 5.994490e-30 5.224976e-10 5.497725e-23 1.111219e-19 1.342210e-16 3.926494e-10 1.267265e-22 7.722246e-28 2.510194e-36 1.761857e-22 2.520833e-17 2.629158e-18 1.880049e-24 2.562894e-09 7.333409e-12 5.252272e-15 4.164976e-11 4.002079e-13 4.977214e-14 1.181032e-16 1.164257e-22 6.179490e-20 1.463242e-14 6.022809e-15 6.312968e-24 9.082691e-18 2.697873e-17 2.472900e-22 1.442811e-31 2.431346e-26 7.509560e-27 6.408694e-55 0.000000e+00 1.583127e-09 1.321876e-11 9.436733e-03
1.383743e-01 1.660671e-16 1.499771e-06 3.182428e-05 2.296343e-22 2.316876e-18 1.928944e-27 0.000000e+00 2.456601e-28 1.868040e-17 4.563221e-05 1.296984e-45 6.598992e-14 4.575848e-34 3.506019e-33 2.030051e-11 2.420830e-19 1.557334e-11 5.226339e-07 4.028564e-04 5.986374e-30 4.545447e-10 6.047302e-24 4.283900e-20 8.309381e-14 3.041797e-16 2.020525e-01 4.305280e-17 8.772962e-15 2.298866e-19 4.421030e-18 2.866701e-19 1.990272e-30 2.130502e-26 0.000000e+00 5.740763e-11 5.281004e-22 7.880276e-01 5.243014e-10 3.926737e-07 1.065864e-21 1.392322e-24 8.971175e-22 2.323846e-23 1.264649e-11 7.425693e-18 1.159894e-13 4.386714e-09 3.262271e-07 1.006296e-19 6.771015e-23 1.178515e-20 4.097045e-16 1.560865e-15 5.238602e-12 1.514317e-20 3.041141e-09 6.753747e-11 3.318865e-26 3.611822e-15 5.233171e-26 2.055210e-16 1.991664e-17 2.494244e-18 4.130930e-10 0.000000e+00 5.108552e-10 5.552422e-23 1.243730e-19 1.829785e-16 4.030140e-10 1.605812e-22 8.867455e-28 2.994680e-36 2.006791e-22 3.585972e-17 2.451919e-18 1.844259e-24 2.551658e-09 5.235772e-12 5.408297e-15 4.161400e-11 3.878626e-13 5.114348e-14 1.671604e-16 3.887592e-22 7.024736e-20 1.501351e-14 6.227822e-15 1.711654e-23 9.063931e-18 2.827487e-17 2.596561e-22 1.434081e-31 3.533503e-26 1.212514e-26 2.303244e-55 0.000000e+00 7.737042e-13 1.088340e-11 9.436693e-03
1.201440e-01 1.464340e-16 1.529269e-06 3.184328e-05 2.120185e-22 2.897478e-18 3.192873e-27 3.996458e-32 3.992300e-28 1.448370e-17 4.552315e-05 2.277122e-44 7.685091e-14 1.754592e-33 2.732476e-33 2.128936e-11 2.103782e-19 1.636605e-11 5.237270e-07 4.028797e-04 6.031812e-30 3.001666e-10 4.430460e-24 3.578689e-20 9.462411e-14 5.482718e-16 2.020520e-01 4.456704e-17 8.945740e-15 1.617463e-19 3.440912e-18 2.930850e-19 9.906217e-30 2.727062e-26 0.000000e+00 5.882213e-11 5.524668e-22 7.880282e-01 5.154227e-10 3.928653e-07 1.064788e-21 1.871499e-24 8.957277e-22 2.617099e-23 1.252704e-11 7.859953e-18 1.213463e-13 4.428892e-09 3.256360e-07 1.045839e-19 1.165715e-22 1.217498e-20 4.261917e-16 2.677776e-15 6.809980e-12 1.611136e-20 3.515024e-09 5.054806e-11 4.454725e-26 4.411432e-15 6.090794e-26 2.784356e-16 2.241199e-17 2.879094e-18 3.994227e-10 0.000000e+00 4.969409e-10 5.589823e-23 1.427180e-19 2.426718e-16 4.162650e-10 1.740056e-22 1.014622e-27 3.653267e-36 2.343817e-22 5.149181e-17 2.224478e-18 1.723156e-24 2.538267e-09 3.852455e-12 5.622947e-15 4.156612e-11 3.721089e-13 5.302980e-14 2.413709e-16 9.282555e-22 8.235911e-20 1.553777e-14 6.510021e-15 5.948420e-23 9.043101e-18 3.005402e-17 2.766858e-22 1.422674e-31 5.193211e-26 1.969344e-26 1.318986e-55 0.000000e+00 3.136257e-16 8.249512e-12 9.436635e-03
1.043155e-01 1.309440e-16 1.568004e-06 3.186789e-05 2.014270e-22 3.960524e-18 5.226470e-27 5.017522e-33 6.451744e-28 1.153313e-17 4.539692e-05 2.902462e-43 9.115822e-14 6.078110e-33 2.370479e-33 2.258441e-11 1.956473e-19 1.740493e-11 5.251093e-07 4.029095e-04 6.268276e-30 1.959090e-10 3.243282e-24 3.085265e-20 1.095999e-13 7.443097e-16 2.020513e-01 4.654725e-17 9.171247e-15 1.151421e-19 2.757752e-18 3.027798e-19 4.161853e-29 3.478228e-26 1.626755e-34 6.063542e-11 7.931326e-22 7.880290e-01 5.040721e-10 3.927796e-07 1.061530e-21 3.171570e-24 8.925586e-22 3.011808e-23 1.233435e-11 8.419451e-18 1.283986e-13 4.756996e-09 3.249474e-07 1.098058e-19 1.918913e-22 1.268643e-20 4.477861e-16 4.526148e-15 9.107295e-12 1.726395e-20 4.026407e-09 3.853717e-11 6.214718e-26 5.368360e-15 7.134424e-26 3.751831e-16 2.511418e-17 3.184792e-18 3.828259e-10 9.693581e-31 4.810797e-10 5.627828e-23 1.669094e-19 3.146805e-16 4.322063e-10 1.819423e-22 1.150275e-27 6.275561e-36 2.786161e-22 7.362323e-17 2.036711e-18 1.609439e-24 2.523204e-09 5.958512e-12 5.903593e-15 4.150485e-11 3.529742e-13 5.549562e-14 3.496902e-16 1.930926e-21 9.945636e-20 1.622317e-14 6.879261e-15 1.886773e-22 9.021306e-18 3.237648e-17 2.989847e-22 1.408427e-31 7.919381e-26 3.179399e-26 9.588054e-56 0.000000e+00 1.118216e-19 5.940133e-12 9.436560e-03
9.057237e-02 1.259383e-16 1.615794e-06 3.189774e-05 2.145841e-22 6.150987e-18 8.705277e-27 0.000000e+00 1.076731e-27 1.109669e-17 4.525873e-05 2.799536e-42 1.087937e-13 1.925098e-32 2.669666e-33 2.417924e-11 2.192373e-19 1.868535e-11 5.267835e-07 4.029455e-04 7.040022e-30 1.325344e-10 2.519027e-24 3.007318e-20 1.278943e-13 7.784276e-16 2.020505e-01 4.898114e-17 9.447736e-15 9.498913e-20 2.489426e-18 3.156457e-19 1.523914e-28 4.282794e-26 0.000000e+00 6.282510e-11 1.521230e-21 7.880299e-01 4.904076e-10 3.923688e-07 1.054877e-21 5.618562e-24 8.867637e-22 3.512903e-23 1.208082e-11 9.094380e-18 1.371220e-13 5.366861e-09 3.241887e-07 1.162790e-19 3.001013e-22 1.331721e-20 4.743805e-16 7.503303e-15 1.162513e-11 1.945736e-20 4.579317e-09 3.166130e-11 9.065824e-26 6.705280e-15 8.482967e-26 4.980801e-16 2.892129e-17 3.491347e-18 3.636724e-10 2.486103e-30 4.640483e-10 5.644119e-23 1.969804e-19 3.982505e-16 4.501108e-10 1.851460e-22 1.288888e-27 1.165393e-35 3.334374e-22 1.035007e-16 1.955779e-18 1.533030e-24 2.507281e-09 8.724031e-12 6.248453e-15 4.143090e-11 3.311380e-13 5.852491e-14 5.001961e-16 2.587486e-21 1.224890e-19 1.706533e-14 7.333410e-15 4.710241e-22 9.000170e-18 3.522739e-17 3.264399e-22 1.391636e-31 1.182902e-25 5.298816e-26 1.403947e-55 0.000000e+00 3.837517e-23 4.228417e-12 9.436463e-03
7.863982e-02 1.320998e-16 1.673330e-06 3.193314e-05 2.537618e-22 9.893914e-18 1.444339e-26 1.208160e-33 1.794954e-27 1.161397e-17 4.511001e-05 2.145618e-41 1.299639e-13 5.540174e-32 3.418299e-33 2.609794e-11 2.779396e-19 2.022717e-11 5.287827e-07 4.029881e-04 8.645533e-30 9.728418e-11 2.142707e-24 3.227505e-20 1.497468e-13 7.026138e-16 2.020496e-01 5.190240e-17 9.778612e-15 8.459617e-20 2.507710e-18 3.317832e-19 4.893076e-28 5.285165e-26 7.562095e-36 6.541208e-11 3.146160e-21 7.880310e-01 4.743404e-10 3.916692e-07 1.043709e-21 1.023580e-23 8.775786e-22 4.136723e-23 1.177763e-11 9.888605e-18 1.476560e-13 6.185496e-09 3.233669e-07 1.241071e-19 4.508905e-22 1.407700e-20 5.063752e-16 1.229110e-14 1.486997e-11 2.397830e-20 5.190487e-09 2.843698e-11 1.378942e-25 8.701147e-15 1.018197e-25 6.584014e-16 3.479694e-17 3.887819e-18 3.420180e-10 6.677317e-30 4.461481e-10 5.631956e-23 2.336270e-19 4.919361e-16 4.696905e-10 2.011274e-22 1.435444e-27 2.274809e-35 4.002048e-22 1.433544e-16 2.030839e-18 1.570827e-24 2.490681e-09 1.251512e-11 6.662244e-15 4.134347e-11 3.068994e-13 6.215865e-14 7.059359e-16 3.269974e-21 1.527543e-19 1.807574e-14 7.878943e-15 1.021779e-21 8.980480e-18 3.864631e-17 3.594627e-22 1.372251e-31 1.780491e-25 8.818545e-26 2.550250e-55 0.000000e+00 1.303110e-26 3.031507e-12 9.436347e-03
6.827934e-02 1.521424e-16 1.739469e-06 3.197331e-05 3.395529e-22 1.627668e-17 2.395937e-26 0.000000e+00 3.003118e-27 1.363217e-17 4.495613e-05 1.349580e-40 1.542320e-13 1.455968e-31 5.033820e-33 2.830411e-11 4.020926e-19 2.200173e-11 5.310749e-07 4.030364e-04 1.160544e-29 8.229077e-11 2.119896e-24 3.852625e-20 1.747260e-13 5.640447e-16 2.020485e-01 5.525207e-17 1.015673e-14 8.358233e-20 2.889978e-18 3.508913e-19 1.402323e-27 6.505030e-26 3.523582e-35 6.833638e-11 6.457235e-21 7.880322e-01 4.563211e-10 3.907200e-07 1.027553e-21 1.737799e-23 8.647674e-22 4.882437e-23 1.144773e-11 1.078249e-17 1.598072e-13 7.144334e-09 3.225116e-07 1.331440e-19 6.519444e-22 1.495146e-20 5.431611e-16 1.975763e-14 1.860468e-11 3.221333e-20 5.853285e-09 2.807273e-11 2.177384e-25 1.156713e-14 1.239287e-25 8.674067e-16 4.347632e-17 4.526365e-18 3.186747e-10 1.599260e-29 4.281527e-10 5.586510e-23 2.765075e-19 5.921730e-16 4.901464e-10 2.287440e-22 1.588572e-27 4.534238e-35 4.784697e-22 1.946544e-16 2.282674e-18 1.730065e-24 2.473867e-09 1.760357e-11 7.136555e-15 4.124451e-11 2.813667e-13 6.632247e-14 9.771443e-16 3.744455e-21 1.908214e-19 1.923381e-14 8.505068e-15 1.940064e-21 8.963400e-18 4.256486e-17 3.974224e-22 1.350825e-31 2.642101e-25 1.472542e-25 6.006185e-55 0.000000e+00 4.612294e-30 2.235732e-12 9.436215e-03
5.928381e-02 1.891771e-16 1.815052e-06 3.201874e-05 5.009454e-22 2.654281e-17 3.935017e-26 0.000000e+00 4.974342e-27 1.714753e-17 4.479674e-05 7.184032e-40 1.819361e-13 3.517310e-31 8.025788e-33 3.082847e-11 6.372137e-19 2.403429e-11 5.336957e-07 4.030910e-04 1.675626e-29 8.221745e-11 2.487197e-24 4.963979e-20 2.031853e-13 4.347260e-16 2.020473e-01 5.907290e-17 1.058640e-14 8.850837e-20 3.711097e-18 3.733662e-19 3.625330e-27 8.085494e-26 7.006719e-35 7.162890e-11 1.258640e-20 7.880335e-01 4.362883e-10 3.895671e-07 1.005808e-21 2.804920e-23 8.479828e-22 5.773828e-23 1.110592e-11 1.178582e-17 1.737497e-13 8.181595e-09 3.216208e-07 1.435150e-19 9.209494e-22 1.595278e-20 5.852465e-16 3.140577e-14 2.309496e-11 4.617153e-20 6.578057e-09 2.995209e-11 3.533634e-25 1.555686e-14 1.530027e-25 1.142982e-15 5.608880e-17 5.547681e-18 2.937746e-10 3.530549e-29 4.101414e-10 5.505949e-23 3.267325e-19 6.980090e-16 5.114531e-10 2.753060e-22 1.751258e-27 9.228820e-35 5.705410e-22 2.608053e-16 2.747820e-18 2.041302e-24 2.456524e-09 2.443213e-11 7.677372e-15 4.113292e-11 2.548705e-13 7.106839e-14 1.335919e-15 4.380502e-21 2.385306e-19 2.055413e-14 9.220005e-15 3.396685e-21 8.949161e-18 4.703401e-17 4.408415e-22 1.327239e-31 3.893917e-25 2.433679e-25 1.536021e-54 0.000000e+00 1.708239e-33 1.700735e-12 9.436066e-03
5.147341e-02 2.501196e-16 1.896993e-06 3.206758e-05 7.962378e-22 4.238635e-17 6.368954e-26 0.000000e+00 8.114180e-27 2.286924e-17 4.463908e-05 3.299031e-39 2.120255e-13 7.829639e-31 1.345274e-32 3.357084e-11 1.076065e-18 2.624465e-11 5.365435e-07 4.031496e-04 2.547611e-29 9.501662e-11 3.385501e-24 6.783030e-20 2.340254e-13 3.466205e-16 2.020460e-01 6.320942e-17 1.104969e-14 9.958912e-20 5.174023e-18 3.985688e-19 8.558447e-27 1.013613e-25 1.370769e-34 7.515119e-11 2.312599e-20 7.880349e-01 4.152617e-10 3.882983e-07 9.792686e-22 4.325053e-23 8.279394e-22 6.789954e-23 1.078540e-11 1.285843e-17 1.889342e-13 9.209869e-09 3.207356e-07 1.548057e-19 1.268057e-21 1.704115e-20 6.309563e-16 4.867423e-14 2.834306e-11 6.854885e-20 7.333840e-09 3.396292e-11 5.807007e-25 2.064491e-14 1.923318e-25 1.508231e-15 7.357749e-17 7.163210e-18 2.687496e-10 7.224663e-29 3.930269e-10 5.395180e-23 3.829924e-19 8.037182e-16 5.325966e-10 3.419970e-22 1.916288e-27 1.868897e-34 6.743274e-22 3.421785e-16 3.487255e-18 2.543348e-24 2.439073e-09 3.313893e-11 8.262628e-15 4.101331e-11 2.290833e-13 7.620225e-14 1.790859e-15 5.289482e-21 2.954897e-19 2.198279e-14 9.994881e-15 5.535774e-21 8.938445e-18 5.187310e-17 4.879899e-22 1.302583e-31 5.671183e-25 3.960304e-25 4.060236e-54 0.000000e+00 6.956292e-37 1.342273e-12 9.435908e-03
4.469200e-02 3.492062e-16 1.985554e-06 3.212001e-05 1.348799e-21 6.695209e-17 1.015940e-25 0.000000e+00 1.305637e-26 3.270831e-17 4.448258e-05 1.330204e-38 2.447312e-13 1.626867e-30 2.398117e-32 3.654301e-11 1.942953e-18 2.864258e-11 5.396317e-07 4.032124e-04 4.057751e-29 1.211036e-10 5.110972e-24 9.814445e-20 2.674340e-13 2.851629e-16 2.020446e-01 6.767596e-17 1.154780e-14 1.198452e-19 7.732368e-18 4.269707e-19 1.869324e-26 1.275472e-25 2.741308e-34 7.891295e-11 4.028360e-20 7.880364e-01 3.934032e-10 3.869457e-07 9.480065e-22 6.245132e-23 8.047541e-22 7.948298e-23 1.050292e-11 1.400693e-17 2.054296e-13 1.020096e-08 3.198538e-07 1.670598e-19 1.723714e-21 1.822111e-20 6.804801e-16 7.405983e-14 3.408782e-11 1.044249e-19 8.119120e-09 4.054371e-11 9.562588e-25 2.685512e-14 2.466802e-25 1.991165e-15 9.783445e-17 9.620997e-18 2.438828e-10 1.381995e-28 3.768126e-10 5.257137e-23 4.463893e-19 9.072747e-16 5.536256e-10 4.317750e-22 2.082731e-27 3.780583e-34 7.920699e-22 4.422404e-16 4.615578e-18 3.300105e-24 2.421056e-09 4.420995e-11 8.894294e-15 4.088532e-11 2.043923e-13 8.174091e-14 2.371464e-15 6.318259e-21 3.635266e-19 2.352458e-14 1.083256e-14 8.421194e-21 8.931194e-18 5.710011e-17 5.390618e-22 1.276874e-31 8.113900e-25 6.355804e-25 1.175860e-53 0.000000e+00 3.125292e-40 1.086430e-12 9.435739e-03
3.880401e-02 5.080369e-16 2.079922e-06 3.217557e-05 2.373566e-21 1.031953e-16 1.585777e-25 0.000000e+00 2.053489e-26 4.876762e-17 4.432845e-05 4.786295e-38 2.799488e-13 3.174055e-30 4.380896e-32 3.972081e-11 3.647352e-18 3.120872e-11 5.429359e-07 4.032788e-04 6.683452e-29 1.623690e-10 8.153761e-24 1.473691e-19 3.032217e-13 2.552252e-16 2.020432e-01 7.243281e-17 1.207593e-14 1.508438e-19 1.202375e-17 4.588452e-19 3.808004e-26 1.618385e-25 5.348389e-34 8.287887e-11 6.641713e-20 7.880380e-01 3.711766e-10 3.855856e-07 9.125791e-22 8.711195e-23 7.788754e-22 9.249453e-23 1.027809e-11 1.522588e-17 2.231064e-13 1.109105e-08 3.189835e-07 1.801718e-19 2.327648e-21 1.948285e-20 7.334064e-16 1.105283e-13 4.058117e-11 1.608701e-19 8.919998e-09 5.028324e-11 1.560446e-24 3.401370e-14 3.221438e-25 2.632596e-15 1.310402e-16 1.325509e-17 2.197390e-10 2.482027e-28 3.616697e-10 5.096624e-23 5.175431e-19 1.003087e-15 5.743811e-10 5.548255e-22 2.247097e-27 7.572289e-34 9.248807e-22 5.636463e-16 6.319201e-18 4.439221e-24 2.402221e-09 5.805972e-11 9.566702e-15 4.075012e-11 1.814490e-13 8.763430e-14 3.108569e-15 7.936013e-21 4.438477e-19 2.516565e-14 1.172576e-14 1.224969e-20 8.927210e-18 6.266977e-17 5.936313e-22 1.250445e-31 1.146986e-24 9.968578e-25 3.385776e-53 0.000000e+00 1.565354e-43 8.867403e-13 9.435562e-03
3.369173e-02 7.657114e-16 2.179701e-06 3.223406e-05 4.305139e-21 1.560662e-16 2.422606e-25 0.000000e+00 3.160334e-26 7.610686e-17 4.417688e-05 1.558458e-37 3.178006e-13 5.868952e-30 8.232236e-32 4.309392e-11 7.108212e-18 3.393467e-11 5.464460e-07 4.033487e-04 1.132784e-28 2.222138e-10 1.338122e-23 2.289816e-19 3.413883e-13 2.439738e-16 2.020416e-01 7.746130e-17 1.263171e-14 1.988418e-19 1.928772e-17 4.947540e-19 7.305786e-26 2.062592e-25 1.026073e-33 8.703230e-11 1.044268e-19 7.880396e-01 3.489515e-10 3.842698e-07 8.735156e-22 1.166372e-22 7.506787e-22 1.069199e-22 1.012580e-11 1.651753e-17 2.419131e-13 1.184332e-08 3.181273e-07 1.940930e-19 3.142727e-21 2.082199e-20 7.895521e-16 1.619465e-13 4.759438e-11 2.501320e-19 9.723926e-09 6.425078e-11 2.508075e-24 4.185716e-14 4.273196e-25 3.484182e-15 1.758774e-16 1.853124e-17 1.966958e-10 4.217149e-28 3.476449e-10 4.917860e-23 5.976377e-19 1.085086e-15 5.948635e-10 7.147348e-22 2.405756e-27 1.495674e-33 1.074286e-21 7.097436e-16 8.882334e-18 6.133283e-24 2.382254e-09 7.513009e-11 1.027717e-14 4.060828e-11 1.606623e-13 9.385857e-14 4.045627e-15 1.023820e-20 5.381518e-19 2.689946e-14 1.267112e-14 1.708997e-20 8.926307e-18 6.856132e-17 6.515085e-22 1.223497e-31 1.596660e-24 1.529649e-24 9.970866e-53 0.000000e+00 8.793099e-47 7.123464e-13 9.435378e-03
2.925298e-02 1.184341e-15 2.285796e-06 3.229604e-05 7.937649e-21 2.302180e-16 3.611781e-25 5.362047e-34 4.740274e-26 1.220216e-16 4.402609e-05 4.660425e-37 3.590043e-13 1.036323e-29 1.558511e-31 4.669610e-11 1.417221e-17 3.684745e-11 5.501986e-07 4.034226e-04 1.961370e-28 3.056430e-10 2.227407e-23 3.633485e-19 3.824818e-13 2.559705e-16 2.020400e-01 8.280836e-17 1.322005e-14 2.703439e-19 3.143522e-17 5.359662e-19 1.328928e-25 2.646333e-25 1.894354e-33 9.141100e-11 1.567853e-19 7.880414e-01 3.268169e-10 3.830427e-07 8.309155e-22 1.526820e-22 7.201814e-22 1.228283e-22 1.005590e-11 1.790390e-17 2.620451e-13 1.242330e-08 3.172767e-07 2.089554e-19 4.278197e-21 2.225160e-20 8.494638e-16 2.339507e-13 5.535297e-11 3.916454e-19 1.052638e-08 8.386746e-11 3.955619e-24 5.019186e-14 5.726934e-25 4.615848e-15 2.357391e-16 2.605962e-17 1.747858e-10 6.812857e-28 3.345923e-10 4.722537e-23 6.892980e-19 1.146471e-15 6.153712e-10 9.242286e-22 2.556734e-27 2.915689e-33 1.243467e-21 8.863161e-16 1.275439e-17 8.676912e-24 2.360625e-09 9.579550e-11 1.103229e-14 4.045852e-11 1.420964e-13 1.004711e-13 5.254323e-15 1.406175e-20 6.496271e-19 2.874209e-14 1.367759e-14 2.324746e-20 8.928108e-18 7.483076e-17 7.132558e-22 1.195881e-31 2.197388e-24 2.287194e-24 2.847657e-52 0.000000e+00 5.486799e-50 5.449858e-13 9.435184e-03
2.539902e-02 1.863111e-15 2.397184e-06 3.236093e-05 1.474905e-20 3.320036e-16 5.259393e-25 3.888289e-34 6.937768e-26 1.997145e-16 4.387711e-05 1.294141e-36 4.036728e-13 1.758009e-29 2.951750e-31 5.049586e-11 2.862948e-17 3.992116e-11 5.541634e-07 4.034999e-04 3.437855e-28 4.171237e-10 3.724705e-23 5.840617e-19 4.263776e-13 2.898196e-16 2.020383e-01 8.842379e-17 1.383516e-14 3.764105e-19 5.160603e-17 5.833497e-19 2.308229e-25 3.408051e-25 3.366400e-33 9.597314e-11 2.261517e-19 7.880431e-01 3.052630e-10 3.819467e-07 7.857306e-22 1.957933e-22 6.879548e-22 1.398792e-22 1.007509e-11 1.938581e-17 2.833353e-13 1.281196e-08 3.164391e-07 2.246217e-19 5.880865e-21 2.375874e-20 9.125987e-16 3.323098e-13 6.378991e-11 6.167701e-19 1.130526e-08 1.106916e-10 6.109300e-24 5.864201e-14 7.719844e-25 6.120037e-15 3.131497e-16 3.668672e-17 1.544032e-10 1.052558e-27 3.226077e-10 4.515637e-23 7.939613e-19 1.180802e-15 6.358529e-10 1.180454e-21 2.694431e-27 5.562942e-33 1.431687e-21 1.096768e-15 1.854490e-17 1.245329e-23 2.337254e-09 1.193391e-10 1.182492e-14 4.030234e-11 1.260727e-13 1.074093e-13 6.809053e-15 2.036197e-20 7.799944e-19 3.067617e-14 1.473585e-14 3.088200e-20 8.932264e-18 8.142019e-17 7.783139e-22 1.167955e-31 2.988159e-24 3.336524e-24 7.882763e-52 0.000000e+00 3.838826e-53 3.853424e-13 9.434984e-03
2.205280e-02 2.969637e-15 2.515898e-06 3.242991e-05 2.757481e-20 4.699536e-16 7.492255e-25 1.037164e-35 9.927492e-26 3.328430e-16 4.372689e-05 3.373205e-36 4.533243e-13 2.889526e-29 5.602094e-31 5.456603e-11 5.868941e-17 4.321406e-11 5.584212e-07 4.035819e-04 6.093604e-28 5.644860e-10 6.280012e-23 9.483879e-19 4.742542e-13 3.475935e-16 2.020365e-01 9.441147e-17 1.448819e-14 5.348803e-19 8.527477e-17 6.395172e-19 3.853041e-25 4.400222e-25 5.822544e-33 1.008023e-10 3.147652e-19 7.880450e-01 2.841631e-10 3.809769e-07 7.377694e-22 2.457933e-22 6.537011e-22 1.580623e-22 1.018440e-11 2.101016e-17 3.062023e-13 1.301990e-08 3.155990e-07 2.413837e-19 8.229555e-21 2.537178e-20 9.801427e-16 4.669923e-13 7.287162e-11 9.804666e-19 1.205787e-08 1.471727e-10 9.250900e-24 6.698551e-14 1.042309e-24 8.116709e-15 4.123076e-16 5.153557e-17 1.353250e-10 1.562937e-27 3.114474e-10 4.296293e-23 9.164331e-19 1.185219e-15 6.568533e-10 1.487261e-21 2.817250e-27 1.045762e-32 1.642058e-21 1.351097e-15 2.721418e-17 1.806544e-23 2.311481e-09 1.440591e-10 1.266970e-14 4.013697e-11 1.123675e-13 1.148007e-13 8.859436e-15 3.098545e-20 9.350489e-19 3.273742e-14 1.586557e-14 4.016051e-20 8.938737e-18 8.845239e-17 8.479058e-22 1.139303e-31 4.018084e-24 4.757661e-24 2.133307e-51 0.000000e+00 2.958866e-56 2.559332e-13 9.434774e-03
1.914743e-02 4.755600e-15 2.641345e-06 3.250264e-05 5.151833e-20 6.545700e-16 1.045717e-24 0.000000e+00 1.391476e-25 5.597192e-16 4.357594e-05 8.307068e-36 5.086824e-13 4.623300e-29 1.057133e-30 5.889015e-11 1.209743e-16 4.671195e-11 5.629628e-07 4.036682e-04 1.083153e-27 7.532983e-10 1.064589e-22 1.543067e-18 5.264050e-13 4.332396e-16 2.020346e-01 1.007429e-16 1.517580e-14 7.684810e-19 1.409281e-16 7.066368e-19 6.219172e-25 5.684592e-25 9.815275e-33 1.058746e-10 4.247883e-19 7.880470e-01 2.638709e-10 3.801401e-07 6.880087e-22 3.030563e-22 6.179144e-22 1.768569e-22 1.037775e-11 2.279685e-17 3.305657e-13 1.306456e-08 3.147608e-07 2.591642e-19 1.171484e-20 2.708358e-20 1.051791e-15 6.477404e-13 8.263110e-11 1.566836e-18 1.276083e-08 1.953610e-10 1.373890e-23 7.458958e-14 1.405085e-24 1.076549e-14 5.358784e-16 7.208511e-17 1.177698e-10 2.240045e-27 3.011510e-10 4.068366e-23 1.059743e-18 1.160960e-15 6.784659e-10 1.832958e-21 2.920738e-27 1.924472e-32 1.871615e-21 1.655755e-15 3.998266e-17 2.627553e-23 2.283250e-09 1.691180e-10 1.356256e-14 3.996335e-11 1.010568e-13 1.226098e-13 1.157027e-14 4.922273e-20 1.118577e-18 3.491603e-14 1.706152e-14 5.104801e-20 8.947434e-18 9.589482e-17 9.217210e-22 1.110166e-31 5.349572e-24 6.643813e-24 5.610166e-51 0.000000e+00 2.528038e-59 1.606417e-13 9.434553e-03
1.662484e-02 7.644976e-15 2.775088e-06 3.258000e-05 9.659380e-20 9.063935e-16 1.435902e-24 0.000000e+00 1.921709e-25 9.568331e-16 4.342217e-05 1.943144e-35 5.717515e-13 7.254677e-29 2.011872e-30 6.352624e-11 2.528890e-16 5.046063e-11 5.678606e-07 4.037599e-04 1.933071e-27 9.925611e-10 1.824950e-22 2.523975e-18 5.842194e-13 5.332779e-16 2.020326e-01 1.074985e-16 1.590648e-14 1.120352e-18 2.344003e-16 7.889256e-19 9.781231e-25 7.321332e-25 1.656513e-32 1.112533e-10 5.595604e-19 7.880491e-01 2.443510e-10 3.794058e-07 6.366755e-22 3.624683e-22 5.805263e-22 1.959872e-22 1.064504e-11 2.480734e-17 3.567657e-13 1.298795e-08 3.139146e-07 2.781914e-19 1.702714e-20 2.891636e-20 1.128464e-15 8.897290e-13 9.265218e-11 2.514585e-18 1.340171e-08 2.580198e-10 2.006817e-23 8.048392e-14 1.888764e-24 1.427269e-14 6.893294e-16 1.003174e-16 1.016090e-10 3.112503e-27 2.915738e-10 3.831662e-23 1.230192e-18 1.114765e-15 7.011917e-10 2.203201e-21 3.003496e-27 3.480955e-32 2.119574e-21 2.024195e-15 5.859439e-17 3.806829e-23 2.252067e-09 1.946113e-10 1.451479e-14 3.977952e-11 9.193809e-14 1.309348e-13 1.522723e-14 7.897950e-20 1.338931e-18 3.723965e-14 1.833898e-14 6.304967e-20 8.959054e-18 1.038428e-16 1.000716e-21 1.080280e-31 7.043077e-24 9.138546e-24 1.502881e-50 0.000000e+00 2.373987e-62 9.307780e-14 9.434319e-03
1.443458e-02 1.220223e-14 2.916492e-06 3.266158e-05 1.795800e-19 1.243319e-15 1.938842e-24 0.000000e+00 2.613903e-25 1.626860e-15 4.326615e-05 4.333164e-35 6.439754e-13 1.118927e-28 3.777152e-30 6.845688e-11 5.270173e-16 5.444451e-11 5.731119e-07 4.038565e-04 3.426154e-27 1.286957e-09 3.144513e-22 4.091840e-18 6.484444e-13 6.588907e-16 2.020305e-01 1.146477e-16 1.667673e-14 1.626543e-18 3.874177e-16 8.906016e-19 1.510726e-24 9.413523e-25 2.752348e-32 1.169132e-10 7.203863e-19 7.880513e-01 2.258748e-10 3.787685e-07 5.849529e-22 4.272393e-22 5.421721e-22 2.148213e-22 1.096584e-11 2.708661e-17 3.847170e-13 1.282134e-08 3.130649e-07 2.983815e-19 2.518015e-20 3.086234e-20 1.209820e-15 1.207646e-12 1.034814e-10 4.011555e-18 1.395649e-08 3.360175e-10 2.883930e-23 8.342726e-14 2.526791e-24 1.890643e-14 8.773841e-16 1.385947e-16 8.698111e-11 4.200993e-27 2.827431e-10 3.589925e-23 1.432674e-18 1.056016e-15 7.251846e-10 2.598974e-21 3.064322e-27 6.150245e-32 2.379723e-21 2.466975e-15 8.504027e-17 5.466136e-23 2.217980e-09 2.201706e-10 1.552205e-14 3.958661e-11 8.494221e-14 1.397375e-13 2.017288e-14 1.304760e-19 1.602885e-18 3.969787e-14 1.969228e-14 7.579735e-20 8.973823e-18 1.122611e-16 1.084552e-21 1.049886e-31 9.214823e-24 1.237667e-23 3.904283e-50 0.000000e+00 2.466782e-65 4.884681e-14 9.434074e-03
1.253288e-02 1.948124e-14 3.066923e-06 3.274808e-05 3.372135e-19 1.732582e-15 2.597332e-24 0.000000e+00 3.554756e-25 2.845608e-15 4.310626e-05 9.234691e-35 7.283170e-13 1.711079e-28 7.330095e-30 7.373466e-11 1.124699e-15 5.870417e-11 5.787914e-07 4.039588e-04 6.089083e-27 1.646472e-09 5.489246e-22 6.702119e-18 7.210658e-13 7.170166e-16 2.020283e-01 1.222610e-16 1.749402e-14 2.405396e-18 6.510231e-16 1.018820e-18 2.333676e-24 1.197346e-24 4.848035e-32 1.229089e-10 9.180701e-19 7.880536e-01 2.084033e-10 3.781682e-07 5.333422e-22 4.768332e-22 5.030156e-22 2.330197e-22 1.131878e-11 2.973140e-17 4.147308e-13 1.263827e-08 3.122041e-07 3.199363e-19 3.793269e-20 3.294118e-20 1.296652e-15 1.623689e-12 1.134896e-10 6.353050e-18 1.441086e-08 4.304929e-10 4.096777e-23 8.132025e-14 3.371692e-24 2.501444e-14 1.111072e-15 1.901635e-16 7.378020e-11 5.537468e-27 2.745536e-10 3.343307e-23 1.676294e-18 9.997627e-16 7.509637e-10 2.969970e-21 3.104161e-27 1.065778e-31 2.647603e-21 3.004239e-15 1.220071e-16 7.684093e-23 2.180594e-09 2.457696e-10 1.659424e-14 3.938311e-11 7.983263e-14 1.491043e-13 2.697396e-14 2.014967e-19 1.924251e-18 4.231514e-14 2.113490e-14 8.712441e-20 8.994145e-18 1.212337e-16 1.174076e-21 1.018785e-31 1.190371e-23 1.674946e-23 1.133262e-49 0.000000e+00 2.835395e-68 2.188013e-14 9.433811e-03
1.088173e-02 3.069796e-14 3.228453e-06 3.284055e-05 6.269358e-19 2.412380e-15 3.435992e-24 0.000000e+00 4.816369e-25 4.917972e-15 4.294027e-05 1.890248e-34 8.289330e-13 2.596663e-28 1.406553e-29 7.943878e-11 2.393246e-15 6.330074e-11 5.850063e-07 4.040682e-04 1.072624e-26 2.077512e-09 9.605839e-22 1.083701e-17 8.049863e-13 7.603114e-16 2.020259e-01 1.304451e-16 1.836968e-14 3.512370e-18 1.086729e-15 1.183713e-18 3.756405e-24 1.518625e-24 8.588349e-32 1.293231e-10 1.151193e-18 7.880560e-01 1.918330e-10 3.776071e-07 4.822134e-22 5.233576e-22 4.631946e-22 2.502953e-22 1.168096e-11 3.288493e-17 4.472684e-13 1.244622e-08 3.113215e-07 3.431611e-19 5.806844e-20 3.518257e-20 1.390150e-15 2.167843e-12 1.242238e-10 9.894745e-18 1.475515e-08 5.392035e-10 5.753214e-23 7.398987e-14 4.479584e-24 3.302356e-14 1.401753e-15 2.586233e-16 6.188399e-11 7.116509e-27 2.668869e-10 3.091452e-23 1.974559e-18 9.498477e-16 7.791808e-10 3.363537e-21 3.126088e-27 1.805060e-31 2.919668e-21 3.665591e-15 1.728317e-16 1.062084e-22 2.139331e-09 2.714554e-10 1.774633e-14 3.916674e-11 7.638307e-14 1.591656e-13 3.645536e-14 3.137386e-19 2.318649e-18 4.512850e-14 2.268718e-14 9.728946e-20 9.020193e-18 1.308872e-16 1.270563e-21 9.866806e-32 1.532787e-23 2.257140e-23 3.243528e-49 0.000000e+00 3.571094e-71 7.895382e-15 9.433530e-03
9.448103e-03 4.802655e-14 3.402654e-06 3.293969e-05 1.170631e-18 3.420162e-15 4.519819e-24 0.000000e+00 6.627844e-25 8.616236e-15 4.276669e-05 3.725201e-34 9.507478e-13 3.935352e-28 2.764620e-29 8.563238e-11 5.147078e-15 6.828152e-11 5.918453e-07 4.041857e-04 1.887677e-26 2.586905e-09 1.687334e-21 1.755604e-17 9.035549e-13 7.122135e-16 2.020233e-01 1.392816e-16 1.931232e-14 5.150851e-18 1.832867e-15 1.398041e-18 7.088083e-24 1.908293e-24 1.627413e-31 1.362173e-10 1.434841e-18 7.880587e-01 1.761399e-10 3.770469e-07 4.322070e-22 5.487670e-22 4.231041e-22 2.663251e-22 1.202695e-11 3.672948e-17 4.827007e-13 1.229511e-08 3.104102e-07 3.682911e-19 8.983789e-20 3.760939e-20 1.491181e-15 2.876444e-12 1.342589e-10 1.513322e-17 1.497908e-08 6.581122e-10 8.020261e-23 6.110497e-14 5.941998e-24 4.349903e-14 1.764409e-15 3.489765e-16 5.125042e-11 8.945852e-27 2.596774e-10 2.835232e-23 2.344516e-18 9.153257e-16 8.104203e-10 3.717937e-21 3.132652e-27 2.985271e-31 3.188118e-21 4.488876e-15 2.433434e-16 1.429649e-22 2.093740e-09 2.971344e-10 1.898975e-14 3.893608e-11 7.437607e-14 1.700209e-13 4.977724e-14 4.571187e-19 2.806762e-18 4.816652e-14 2.436472e-14 1.046162e-19 9.054015e-18 1.413188e-16 1.375000e-21 9.534212e-32 1.958173e-23 3.086708e-23 1.017779e-48 0.000000e+00 4.934254e-74 2.028307e-15 9.433225e-03
8.203354e-03 7.388679e-14 3.593639e-06 3.304749e-05 2.159744e-18 4.860269e-15 5.887280e-24 6.492717e-34 9.321336e-25 1.481118e-14 4.258170e-05 7.104022e-34 1.101838e-12 5.963017e-28 5.364429e-29 9.247161e-11 1.089142e-14 7.376762e-11 5.994954e-07 4.043137e-04 3.294852e-26 3.178094e-09 2.941104e-21 2.797442e-17 1.022455e-12 6.539515e-16 2.020205e-01 1.489814e-16 2.034443e-14 7.403994e-18 3.060673e-15 1.681170e-18 1.823870e-23 2.394301e-24 3.132886e-31 1.437533e-10 1.765831e-18 7.880616e-01 1.611068e-10 3.764950e-07 3.833402e-22 5.677055e-22 3.827304e-22 2.809917e-22 1.233631e-11 4.157694e-17 5.219300e-13 1.217735e-08 3.094512e-07 3.959314e-19 1.392322e-19 4.028017e-20 1.602031e-15 3.806747e-12 1.452243e-10 2.262045e-17 1.507990e-08 7.808520e-10 1.110466e-22 4.584441e-14 7.863973e-24 5.709094e-14 2.213672e-15 4.670338e-16 4.173555e-11 1.096789e-26 2.527805e-10 2.572922e-23 2.816198e-18 8.921553e-16 8.457283e-10 4.076449e-21 3.127109e-27 4.806727e-31 3.447443e-21 5.539686e-15 3.438449e-16 1.887874e-22 2.042698e-09 3.230388e-10 2.035410e-14 3.868672e-11 7.356111e-14 1.819283e-13 6.870327e-14 6.667773e-19 3.413946e-18 5.150273e-14 2.620776e-14 1.103131e-19 9.095410e-18 1.527788e-16 1.489911e-21 9.184376e-32 2.500492e-23 4.311027e-23 3.143847e-48 0.000000e+00 7.358022e-77 3.295155e-16 9.432893e-03
7.122595e-03 1.113552e-13 3.799045e-06 3.316215e-05 3.921180e-18 6.927199e-15 7.603385e-24 0.000000e+00 1.365067e-24 2.488363e-14 4.238793e-05 1.312460e-33 1.286682e-12 9.020977e-28 1.021828e-28 9.988106e-11 2.202239e-14 7.969556e-11 6.078697e-07 4.044506e-04 5.671003e-26 3.831701e-09 5.021885e-21 4.368518e-17 1.164098e-12 5.878430e-16 2.020175e-01 1.594262e-16 2.145356e-14 1.038919e-17 5.030019e-15 2.046058e-18 6.172228e-23 2.996411e-24 6.107527e-31 1.518359e-10 2.153034e-18 7.880647e-01 1.470412e-10 3.759647e-07 3.372885e-22 5.810709e-22 3.434990e-22 2.937508e-22 1.258230e-11 4.766953e-17 5.645372e-13 1.209818e-08 3.084585e-07 4.257499e-19 2.108384e-19 4.316259e-20 1.721124e-15 4.996225e-12 1.572334e-10 3.289562e-17 1.505480e-08 8.964899e-10 1.527123e-22 3.168763e-14 1.038950e-23 7.465888e-14 2.749240e-15 6.200767e-16 3.353206e-11 1.313657e-26 2.463025e-10 2.312279e-23 3.413486e-18 8.802548e-16 8.849484e-10 4.372002e-21 3.112293e-27 7.452721e-31 3.678500e-21 6.868560e-15 4.944757e-16 2.435329e-22 1.986837e-09 3.484844e-10 2.182270e-14 3.842303e-11 7.367022e-14 1.947415e-13 9.491792e-14 9.583125e-19 4.151646e-18 5.509791e-14 2.819401e-14 1.148603e-19 9.143317e-18 1.651285e-16 1.613924e-21 8.823983e-32 3.192497e-23 6.267254e-23 9.528972e-48 0.000000e+00 1.207476e-79 3.128672e-17 9.432538e-03
6.184222e-03 1.641024e-13 4.021638e-06 3.328460e-05 6.973227e-18 9.848765e-15 9.728986e-24 9.127475e-34 2.106130e-24 4.047539e-14 4.218312e-05 2.356862e-33 1.515072e-12 1.363597e-27 1.889132e-28 1.079665e-10 4.149665e-14 8.615412e-11 6.170617e-07 4.045978e-04 9.611172e-26 4.536561e-09 8.355460e-21 6.653035e-17 1.334359e-12 5.382693e-16 2.020143e-01 1.707583e-16 2.265524e-14 1.413948e-17 8.078349e-15 2.514218e-18 2.261132e-22 3.750916e-24 1.176683e-30 1.605723e-10 2.595538e-18 7.880680e-01 1.338303e-10 3.754533e-07 2.942502e-22 5.947854e-22 3.057014e-22 3.045490e-22 1.275495e-11 5.549073e-17 6.111617e-13 1.205365e-08 3.074206e-07 4.581577e-19 3.066244e-19 4.629547e-20 1.849718e-15 6.516961e-12 1.711556e-10 4.654918e-17 1.491060e-08 9.977600e-10 2.087620e-22 2.099701e-14 1.370747e-23 9.718175e-14 3.376121e-15 8.173230e-16 2.655250e-11 1.535398e-26 2.401640e-10 2.054246e-23 4.185635e-18 8.752129e-16 9.288248e-10 4.605019e-21 3.090834e-27 1.114080e-30 3.867872e-21 8.578289e-15 7.343015e-16 3.083552e-22 1.925469e-09 3.735053e-10 2.341546e-14 3.814300e-11 7.436644e-14 2.086341e-13 1.310503e-13 1.385092e-18 5.044547e-18 5.900324e-14 3.035070e-14 1.193317e-19 9.197323e-18 1.785375e-16 1.748758e-21 8.450591e-32 4.085254e-23 9.600121e-23 2.739616e-47 0.000000e+00 2.160758e-82 1.665663e-18 9.432156e-03
5.369475e-03 2.358940e-13 4.257594e-06 3.341199e-05 1.208370e-17 1.391681e-14 1.233273e-23 6.517168e-35 3.418755e-24 6.332311e-14 4.197117e-05 4.116996e-33 1.791060e-12 2.051197e-27 3.352855e-28 1.165860e-10 7.082339e-14 9.305060e-11 6.268585e-07 4.047525e-04 1.593246e-25 5.260960e-09 1.343614e-20 9.839921e-17 1.533771e-12 5.115479e-16 2.020109e-01 1.827837e-16 2.392962e-14 1.857835e-17 1.258579e-14 3.092500e-18 7.904382e-22 4.696665e-24 2.191963e-30 1.698099e-10 3.096554e-18 7.880715e-01 1.217294e-10 3.749691e-07 2.554546e-22 6.140337e-22 2.705928e-22 3.131510e-22 1.284867e-11 6.542238e-17 6.610601e-13 1.203798e-08 3.063568e-07 4.926035e-19 4.182752e-19 4.962342e-20 1.985092e-15 8.404022e-12 1.877452e-10 6.405535e-17 1.466319e-08 1.077093e-09 2.833115e-22 1.409398e-14 1.805161e-23 1.258994e-13 4.079870e-15 1.069289e-15 2.087443e-11 1.754389e-26 2.344655e-10 1.807063e-23 5.175161e-18 8.746647e-16 9.767324e-10 4.736294e-21 3.065519e-27 1.598303e-30 3.995513e-21 1.074905e-14 1.122296e-15 3.834662e-22 1.859799e-09 3.974325e-10 2.510505e-14 3.785313e-11 7.527827e-14 2.233672e-13 1.791464e-13 2.017314e-18 6.095463e-18 6.315473e-14 3.264103e-14 1.244837e-19 9.255561e-18 1.927771e-16 1.892127e-21 8.072942e-32 5.245685e-23 1.548147e-22 7.300656e-47 0.000000e+00 4.298839e-85 5.201482e-20 9.431755e-03
4.662069e-03 3.329547e-13 4.507192e-06 3.354363e-05 2.059244e-17 1.967007e-14 1.553043e-23 1.843750e-35 5.838542e-24 9.658389e-14 4.175214e-05 7.008927e-33 2.122955e-12 3.072575e-27 5.807614e-28 1.257326e-10 1.095339e-13 1.004252e-10 6.371814e-07 4.049146e-04 2.596520e-25 5.993563e-09 2.100534e-20 1.426991e-16 1.764813e-12 4.864707e-16 2.020073e-01 1.955161e-16 2.527927e-14 2.381777e-17 1.921027e-14 3.792719e-18 2.529645e-21 5.871026e-24 4.032053e-30 1.795574e-10 3.672259e-18 7.880752e-01 1.106961e-10 3.744835e-07 2.209651e-22 6.337483e-22 2.384441e-22 3.196810e-22 1.287018e-11 7.811020e-17 7.143370e-13 1.206404e-08 3.052660e-07 5.291298e-19 5.318706e-19 5.314676e-20 2.126739e-15 1.072080e-11 2.067850e-10 8.616123e-17 1.433067e-08 1.132252e-09 3.823737e-22 9.586510e-15 2.375624e-23 1.623575e-13 4.856656e-15 1.389460e-15 1.637442e-11 1.961410e-26 2.291777e-10 1.573043e-23 6.456101e-18 8.793912e-16 1.028745e-09 4.737062e-21 3.038308e-27 2.212690e-30 4.048459e-21 1.351698e-14 1.797488e-15 4.688259e-22 1.789981e-09 4.201572e-10 2.689337e-14 3.755477e-11 7.608186e-14 2.389572e-13 2.421374e-13 2.895635e-18 7.326346e-18 6.756085e-14 3.506776e-14 1.300872e-19 9.318180e-18 2.078646e-16 2.044212e-21 7.692563e-32 6.749789e-23 2.628313e-22 1.877895e-46 0.000000e+00 9.521791e-88 9.567530e-22 9.431334e-03
4.047860e-03 4.609458e-13 4.770036e-06 3.367843e-05 3.434936e-17 2.765416e-14 1.940872e-23 4.974173e-36 1.022284e-23 1.424608e-13 4.152673e-05 1.165361e-32 2.518410e-12 4.573273e-27 9.705529e-28 1.353598e-10 1.542755e-13 1.083135e-10 6.478950e-07 4.050835e-04 4.144172e-25 6.716283e-09 3.187786e-20 2.021070e-16 2.027914e-12 4.799794e-16 2.020035e-01 2.089348e-16 2.670347e-14 2.964563e-17 2.855761e-14 4.619510e-18 7.374559e-21 7.339755e-24 7.135976e-30 1.897967e-10 4.320523e-18 7.880790e-01 1.007014e-10 3.739837e-07 1.907321e-22 6.606212e-22 2.094388e-22 3.243072e-22 1.283014e-11 9.434200e-17 7.709482e-13 1.212640e-08 3.041502e-07 5.676792e-19 6.311755e-19 5.685400e-20 2.273581e-15 1.352680e-11 2.296156e-10 1.134992e-16 1.393356e-08 1.163325e-09 5.128946e-22 6.818937e-15 3.122237e-23 2.082634e-13 5.691077e-15 1.792787e-15 1.291542e-11 2.144586e-26 2.242828e-10 1.354534e-23 8.126024e-18 8.851297e-16 1.084702e-09 4.628813e-21 3.010764e-27 2.957082e-30 4.019535e-21 1.704487e-14 2.914602e-15 5.661499e-22 1.716422e-09 4.415694e-10 2.877744e-14 3.725014e-11 7.650703e-14 2.553779e-13 3.226443e-13 4.176298e-18 8.744632e-18 7.221900e-14 3.762699e-14 1.368518e-19 9.384174e-18 2.237759e-16 2.204779e-21 7.311990e-32 8.722395e-23 4.577032e-22 4.512394e-46 0.000000e+00 2.352504e-90 1.095941e-23 9.430894e-03
3.514571e-03 6.290944e-13 5.045060e-06 3.381491e-05 5.645436e-17 3.883952e-14 2.411742e-23 9.418226e-36 1.816715e-23 2.051591e-13 4.129617e-05 1.895159e-32 2.983747e-12 6.758748e-27 1.582448e-27 1.453832e-10 2.015077e-13 1.167367e-10 6.588141e-07 4.052583e-04 6.495275e-25 7.419704e-09 4.722020e-20 2.815459e-16 2.321210e-12 4.795055e-16 2.019996e-01 2.229832e-16 2.819811e-14 3.610012e-17 4.165685e-14 5.570952e-18 1.971401e-20 9.163306e-24 1.233881e-29 2.004829e-10 5.061210e-18 7.880831e-01 9.172038e-11 3.734416e-07 1.645944e-22 6.919909e-22 1.836420e-22 3.272521e-22 1.274023e-11 1.150548e-16 8.306936e-13 1.223529e-08 3.030138e-07 6.080914e-19 7.059530e-19 6.072167e-20 2.424034e-15 1.687303e-11 2.564753e-10 1.471074e-16 1.349264e-08 1.172349e-09 6.844078e-22 5.006852e-15 4.100237e-23 2.658086e-13 6.565786e-15 2.297210e-15 1.034837e-11 2.293072e-26 2.197708e-10 1.153491e-23 1.031014e-17 8.918403e-16 1.144207e-09 4.402564e-21 2.983995e-27 3.818036e-30 3.907033e-21 2.152016e-14 4.789859e-15 6.759042e-22 1.639768e-09 4.615654e-10 3.074931e-14 3.694215e-11 7.637222e-14 2.725597e-13 4.229951e-13 5.964000e-18 1.036089e-17 7.711501e-14 4.030804e-14 1.445786e-19 9.453238e-18 2.404448e-16 2.373159e-21 6.934505e-32 1.131209e-22 8.091498e-22 1.040724e-45 0.000000e+00 6.516629e-93 8.098939e-26 9.430438e-03
3.051540e-03 8.484882e-13 5.336262e-06 3.395406e-05 9.162616e-17 5.453316e-14 2.981203e-23 1.763387e-35 3.232607e-23 2.888356e-13 4.105752e-05 3.022816e-32 3.534008e-12 9.932567e-27 2.524942e-27 1.558948e-10 2.492750e-13 1.258695e-10 6.699369e-07 4.054411e-04 1.002097e-24 8.106574e-09 6.858319e-20 3.866551e-16 2.646615e-12 4.870331e-16 2.019954e-01 2.378640e-16 2.978710e-14 4.307443e-17 5.978735e-14 6.657201e-18 4.881671e-20 1.143488e-23 2.084894e-29 2.117680e-10 5.900574e-18 7.880873e-01 8.356528e-11 3.728189e-07 1.418570e-22 7.281844e-22 1.605696e-22 3.287900e-22 1.260911e-11 1.418632e-16 8.944724e-13 1.240329e-08 3.018404e-07 6.509511e-19 7.549055e-19 6.479527e-20 2.579122e-15 2.087514e-11 2.884897e-10 1.881636e-16 1.301884e-08 1.162496e-09 9.098177e-22 3.785025e-15 5.383064e-23 3.372101e-13 7.471909e-15 2.923246e-15 8.489069e-12 2.387493e-26 2.155514e-10 9.678892e-24 1.322326e-17 8.975507e-16 1.207881e-09 4.092021e-21 2.958250e-27 4.765803e-30 3.713809e-21 2.726258e-14 7.863654e-15 8.003829e-22 1.559295e-09 4.804359e-10 3.283735e-14 3.662807e-11 7.556512e-14 2.907499e-13 5.467260e-13 8.471051e-18 1.220586e-17 8.232609e-14 4.314962e-14 1.533747e-19 9.526168e-18 2.581119e-16 2.551788e-21 6.556499e-32 1.474007e-22 1.432103e-21 2.309841e-45 0.000000e+00 1.997401e-95 3.937018e-28 9.429958e-03
2.649512e-03 1.134457e-12 5.640601e-06 3.409338e-05 1.473945e-16 7.671140e-14 3.670113e-23 3.270744e-35 5.736973e-23 3.998153e-13 4.081367e-05 4.731874e-32 4.171634e-12 1.448288e-26 3.964538e-27 1.667265e-10 2.961893e-13 1.356573e-10 6.809715e-07 4.056297e-04 1.522205e-24 8.766026e-09 9.796087e-20 5.256972e-16 2.996944e-12 4.958432e-16 2.019911e-01 2.534181e-16 3.145631e-14 5.059745e-17 8.478532e-14 7.859057e-18 1.130801e-19 1.424574e-23 3.472269e-29 2.235296e-10 6.867575e-18 7.880917e-01 7.626428e-11 3.720987e-07 1.224098e-22 7.687058e-22 1.402896e-22 3.291391e-22 1.244548e-11 1.761639e-16 9.616401e-13 1.263536e-08 3.006422e-07 6.958031e-19 7.807055e-19 6.901902e-20 2.735938e-15 2.556005e-11 3.263555e-10 2.383545e-16 1.253179e-08 1.137104e-09 1.205011e-21 2.917902e-15 7.065308e-23 4.254431e-13 8.376849e-15 3.694223e-15 7.226980e-12 2.415509e-26 2.116464e-10 8.003290e-24 1.708138e-17 9.020874e-16 1.274735e-09 3.699604e-21 2.934143e-27 5.725305e-30 3.450113e-21 3.452383e-14 1.293172e-14 9.402839e-22 1.476273e-09 4.980027e-10 3.501924e-14 3.631290e-11 7.405428e-14 3.097536e-13 6.943290e-13 1.185476e-17 1.427741e-17 8.780442e-14 4.612145e-14 1.631846e-19 9.601939e-18 2.765893e-16 2.738765e-21 6.183828e-32 1.929068e-22 2.527746e-21 5.003538e-45 0.000000e+00 6.858816e-98 1.297787e-30 9.429459e-03
2.300449e-03 1.503594e-12 5.962408e-06 3.423380e-05 2.346655e-16 1.079261e-13 4.498297e-23 6.017342e-35 1.004427e-22 5.425985e-13 4.056161e-05 7.286857e-32 4.913676e-12 2.097894e-26 6.107876e-27 1.779737e-10 3.423508e-13 1.462610e-10 6.918900e-07 4.058264e-04 2.276954e-24 9.396272e-09 1.377617e-19 7.067638e-16 3.371581e-12 5.143145e-16 2.019866e-01 2.698638e-16 3.323252e-14 5.842110e-17 1.186371e-13 9.177397e-18 2.473139e-19 1.774391e-23 5.650468e-29 2.359307e-10 7.963797e-18 7.880964e-01 6.965801e-11 3.712568e-07 1.056270e-22 8.161137e-22 1.223159e-22 3.285142e-22 1.225230e-11 2.205830e-16 1.033172e-12 1.293428e-08 2.994022e-07 7.432791e-19 7.888659e-19 7.343761e-20 2.895313e-15 3.106347e-11 3.720644e-10 2.993231e-16 1.203703e-08 1.099287e-09 1.591147e-21 2.322646e-15 9.271157e-23 5.332310e-13 9.259771e-15 4.638686e-15 6.435157e-12 2.355314e-26 2.079787e-10 6.490737e-24 2.226831e-17 9.026124e-16 1.345316e-09 3.266461e-21 2.911487e-27 6.594897e-30 3.126438e-21 4.378444e-14 2.081228e-14 1.098953e-21 1.389997e-09 5.145547e-10 3.732554e-14 3.599390e-11 7.182632e-14 3.298370e-13 8.680810e-13 1.652115e-17 1.660141e-17 9.363598e-14 4.926527e-14 1.746359e-19 9.680910e-18 2.961365e-16 2.936716e-21 5.813136e-32 2.539286e-22 4.400316e-21 1.046122e-44 0.000000e+00 2.604414e-100 2.964848e-33 9.428935e-03
1.997374e-03 1.977342e-12 6.291117e-06 3.436978e-05 3.696194e-16 1.516254e-13 5.490969e-23 1.098237e-34 1.731317e-22 7.239232e-13 4.030995e-05 1.102667e-31 5.741840e-12 3.002543e-26 9.215770e-27 1.892151e-10 3.865477e-13 1.573227e-10 7.021629e-07 4.060245e-04 3.342003e-24 9.971188e-09 1.906079e-19 9.405777e-16 3.751599e-12 5.417029e-16 2.019820e-01 2.866558e-16 3.506032e-14 6.649219e-17 1.637620e-13 1.054844e-17 5.145292e-19 2.205689e-23 8.960722e-29 2.485591e-10 9.231178e-18 7.881011e-01 6.388884e-11 3.703196e-07 9.165487e-23 8.745841e-22 1.069547e-22 3.271490e-22 1.203857e-11 2.761144e-16 1.106716e-12 1.328063e-08 2.981607e-07 7.918067e-19 7.841768e-19 7.788924e-20 3.050737e-15 3.726007e-11 4.268556e-10 3.736875e-16 1.156006e-08 1.053271e-09 2.090190e-21 1.918659e-15 1.215340e-22 6.652710e-13 1.006255e-14 5.791703e-15 6.041667e-12 2.211051e-26 2.046406e-10 5.191274e-24 2.900851e-17 8.991731e-16 1.416831e-09 2.800696e-21 2.891002e-27 7.234545e-30 2.769380e-21 5.514860e-14 3.248731e-14 1.276834e-21 1.303780e-09 5.296345e-10 3.967976e-14 3.568290e-11 6.902175e-14 3.503339e-13 1.061892e-12 2.281912e-17 1.911261e-17 9.963678e-14 5.247688e-14 1.879312e-19 9.759678e-18 3.161057e-16 3.139075e-21 5.458052e-32 3.358236e-22 7.541815e-21 2.107210e-44 0.000000e+00 1.130404e-102 5.036580e-36 9.428404e-03
1.734228e-03 2.583887e-12 6.633742e-06 3.450345e-05 5.771856e-16 2.131032e-13 6.678601e-23 1.991202e-34 2.937477e-22 9.511884e-13 4.005356e-05 1.644017e-31 6.678214e-12 4.262197e-26 1.368090e-26 2.006494e-10 4.297413e-13 1.690362e-10 7.118609e-07 4.062280e-04 4.829995e-24 1.049669e-08 2.602871e-19 1.241270e-15 4.137086e-12 5.787553e-16 2.019772e-01 3.041487e-16 3.698209e-14 7.470648e-17 2.235859e-13 1.197210e-17 1.024139e-18 2.739448e-23 1.392089e-28 2.616810e-10 1.068786e-17 7.881060e-01 5.875339e-11 3.692532e-07 7.979998e-23 9.435436e-22 9.358168e-23 3.251903e-22 1.180115e-11 3.467347e-16 1.183833e-12 1.368738e-08 2.968903e-07 8.424118e-19 7.710352e-19 8.245176e-20 3.204377e-15 4.432417e-11 4.930926e-10 4.642653e-16 1.109765e-08 1.001144e-09 2.736851e-21 1.636118e-15 1.592749e-22 8.252432e-13 1.076725e-14 7.197002e-15 5.954848e-12 1.975282e-26 2.015296e-10 4.074952e-24 3.789987e-17 8.907897e-16 1.490275e-09 2.337422e-21 2.872123e-27 7.535979e-30 2.391860e-21 6.929340e-14 4.934407e-14 1.477146e-21 1.216284e-09 5.436809e-10 4.213161e-14 3.537431e-11 6.567987e-14 3.716771e-13 1.276068e-12 3.129196e-17 2.184816e-17 1.059432e-13 5.582406e-14 2.034999e-19 9.839585e-18 3.369185e-16 3.350105e-21 5.112086e-32 4.466239e-22 1.272201e-20 4.120293e-44 0.000000e+00 5.489393e-105 6.422713e-39 9.427854e-03
1.505751e-03 3.355807e-12 6.993851e-06 3.463527e-05 8.933071e-16 2.996593e-13 8.094219e-23 3.587863e-34 4.893378e-22 1.230187e-12 3.979016e-05 2.419120e-31 7.738434e-12 6.008436e-26 1.998292e-26 2.123542e-10 4.719713e-13 1.814537e-10 7.209178e-07 4.064388e-04 6.876670e-24 1.096901e-08 3.510529e-19 1.624275e-15 4.522810e-12 6.301010e-16 2.019722e-01 3.225199e-16 3.902191e-14 8.284531e-17 3.019228e-13 1.342738e-17 1.959932e-18 3.401951e-23 2.115076e-28 2.754279e-10 1.235098e-17 7.881111e-01 5.414977e-11 3.680372e-07 6.966857e-23 1.024972e-21 8.185988e-23 3.227465e-22 1.153696e-11 4.368508e-16 1.265323e-12 1.416080e-08 2.955777e-07 8.956112e-19 7.519186e-19 8.715138e-20 3.356513e-15 5.238296e-11 5.740923e-10 5.743316e-16 1.065108e-08 9.448323e-10 3.573918e-21 1.444696e-15 2.086561e-22 1.017020e-12 1.134348e-14 8.906313e-15 6.115280e-12 1.662207e-26 1.985954e-10 3.132524e-24 4.961883e-17 8.763459e-16 1.565779e-09 1.899447e-21 2.854568e-27 7.431360e-30 2.009729e-21 8.692552e-14 7.249481e-14 1.703298e-21 1.127225e-09 5.569086e-10 4.470592e-14 3.506630e-11 6.186678e-14 3.940828e-13 1.507337e-12 4.271557e-17 2.482000e-17 1.126313e-13 5.934079e-14 2.219073e-19 9.920873e-18 3.587861e-16 3.571944e-21 4.773412e-32 5.978742e-22 2.106674e-20 7.806815e-44 0.000000e+00 2.953845e-107 6.302459e-42 9.427280e-03
1.307374e-03 4.335412e-12 7.366112e-06 3.476243e-05 1.370995e-15 4.214665e-13 9.778601e-23 6.426404e-34 8.020958e-22 1.570336e-12 3.952400e-05 3.512935e-31 8.911548e-12 8.394479e-26 2.873954e-26 2.241260e-10 5.122179e-13 1.942882e-10 7.290535e-07 4.066533e-04 9.637477e-24 1.137608e-08 4.678390e-19 2.110012e-15 4.893605e-12 6.959467e-16 2.019670e-01 3.414912e-16 4.115363e-14 9.090340e-17 4.035692e-13 1.485431e-17 3.620261e-18 4.220486e-23 3.146884e-28 2.895909e-10 1.427338e-17 7.881164e-01 5.009652e-11 3.666898e-07 6.116023e-23 1.122291e-21 7.176337e-23 3.199648e-22 1.124776e-11 5.491955e-16 1.349964e-12 1.468922e-08 2.942422e-07 9.506029e-19 7.285654e-19 9.189575e-20 3.503751e-15 6.135961e-11 6.728725e-10 7.086551e-16 1.023123e-08 8.869448e-10 4.650516e-21 1.318110e-15 2.732009e-22 1.246812e-12 1.175375e-14 1.099187e-14 6.470089e-12 1.317999e-26 1.958630e-10 2.372915e-24 6.461689e-17 8.567826e-16 1.641522e-09 1.499182e-21 2.838485e-27 6.974574e-30 1.645180e-21 1.083905e-13 1.031924e-13 1.956651e-21 1.038597e-09 5.691985e-10 4.736369e-14 3.476460e-11 5.775325e-14 4.172114e-13 1.746222e-12 5.785036e-17 2.798241e-17 1.196124e-13 6.297385e-14 2.434412e-19 1.000161e-17 3.813776e-16 3.801224e-21 4.448632e-32 8.049718e-22 3.432596e-20 1.436966e-43 0.000000e+00 1.788451e-109 4.986481e-45 9.426690e-03
1.135133e-03 5.575190e-12 7.752102e-06 3.488484e-05 2.088160e-15 5.933142e-13 1.177931e-22 1.144714e-33 1.295503e-21 1.981639e-12 3.925418e-05 5.040678e-31 1.020570e-11 1.163593e-25 4.077763e-26 2.360025e-10 5.499151e-13 2.074586e-10 7.361904e-07 4.068724e-04 1.330672e-23 1.171408e-08 6.166363e-19 2.723426e-15 5.241108e-12 7.784161e-16 2.019617e-01 3.611379e-16 4.339035e-14 9.883218e-17 5.345117e-13 1.621327e-17 6.474378e-18 5.232071e-23 4.596000e-28 3.042256e-10 1.650242e-17 7.881219e-01 4.652337e-11 3.652052e-07 5.400492e-23 1.237904e-21 6.305375e-23 3.169184e-22 1.093000e-11 6.883360e-16 1.438090e-12 1.527199e-08 2.928777e-07 1.007608e-18 7.019279e-19 9.668213e-20 3.645827e-15 7.131779e-11 7.938612e-10 8.727933e-16 9.839040e-09 8.288611e-10 6.032955e-21 1.238353e-15 3.575653e-22 1.520530e-12 1.197561e-14 1.354959e-14 6.972276e-12 9.900296e-27 1.933006e-10 1.778162e-24 8.351098e-17 8.325550e-16 1.717070e-09 1.148179e-21 2.823667e-27 6.330176e-30 1.310542e-21 1.343883e-13 1.427576e-13 2.239677e-21 9.507359e-10 5.806960e-10 5.011544e-14 3.446878e-11 5.343782e-14 4.411544e-13 1.984613e-12 7.765116e-17 3.133418e-17 1.269265e-13 6.673760e-14 2.686886e-19 1.008151e-17 4.047822e-16 4.038842e-21 4.137609e-32 1.090266e-21 5.511145e-20 2.578737e-43 0.000000e+00 1.213375e-111 3.256804e-48 9.426083e-03
9.855837e-04 7.138470e-12 8.150802e-06 3.500158e-05 3.157195e-15 8.360630e-13 1.415208e-22 2.027811e-33 2.064501e-21 2.475984e-12 3.898162e-05 7.152221e-31 1.162002e-11 1.600404e-25 5.713352e-26 2.479566e-10 5.837914e-13 2.207645e-10 7.422199e-07 4.070952e-04 1.809796e-23 1.197294e-08 8.037701e-19 3.494196e-15 5.553671e-12 8.798213e-16 2.019562e-01 3.814023e-16 4.573012e-14 1.066144e-16 7.016975e-13 1.744497e-17 1.123842e-17 6.480631e-23 6.598289e-28 3.192890e-10 1.910276e-17 7.881275e-01 4.339275e-11 3.635921e-07 4.802800e-23 1.375496e-21 5.559071e-23 3.136743e-22 1.058216e-11 8.578425e-16 1.529441e-12 1.590091e-08 2.914872e-07 1.066466e-18 6.725710e-19 1.014738e-19 3.781621e-15 8.224648e-11 9.422207e-10 1.073615e-15 9.477444e-09 7.722322e-10 7.802145e-21 1.197091e-15 4.678609e-22 1.845805e-12 1.198754e-14 1.671588e-14 7.572107e-12 7.182801e-27 1.908966e-10 1.328510e-24 1.066263e-16 8.042234e-16 1.791389e-09 8.515093e-22 2.810024e-27 5.728640e-30 1.017045e-21 1.654765e-13 1.923878e-13 2.553476e-21 8.646739e-10 5.914589e-10 5.295309e-14 3.418032e-11 4.903896e-14 4.658416e-13 2.209086e-12 1.029982e-16 3.484238e-17 1.345650e-13 7.062102e-14 2.981912e-19 1.015966e-17 4.289313e-16 4.284092e-21 3.842388e-32 1.484943e-21 8.730613e-20 4.522246e-43 0.000000e+00 9.250240e-114 1.805392e-51 9.425459e-03
8.557371e-04 9.075673e-12 8.571081e-06 3.511462e-05 4.713614e-15 1.176768e-12 1.694107e-22 3.566908e-33 3.210588e-21 3.040125e-12 3.870053e-05 1.005822e-30 1.318944e-11 2.189160e-25 7.848641e-26 2.602753e-10 6.122862e-13 2.342995e-10 7.471896e-07 4.073265e-04 2.418349e-23 1.213914e-08 1.032699e-18 4.436173e-15 5.825328e-12 1.028176e-15 2.019505e-01 4.027306e-16 4.822946e-14 1.134907e-16 9.081111e-13 1.850192e-17 1.900189e-17 8.038582e-23 9.171566e-28 3.351119e-10 2.204974e-17 7.881334e-01 4.060194e-11 3.618170e-07 4.295772e-23 1.544078e-21 4.910000e-23 3.101948e-22 1.019489e-11 1.065135e-15 1.626024e-12 1.658507e-08 2.900398e-07 1.128477e-18 6.400948e-19 1.063498e-19 3.913356e-15 9.440473e-11 1.128636e-09 1.316641e-15 9.140526e-09 7.176801e-10 1.005771e-20 1.214969e-15 6.110630e-22 2.225426e-12 1.176722e-14 2.063934e-14 8.228324e-12 5.102325e-27 1.885849e-10 9.914722e-25 1.344881e-16 7.690933e-16 1.865130e-09 6.114138e-22 2.797159e-27 5.373696e-30 7.665979e-22 2.030439e-13 2.457730e-13 2.904289e-21 7.795093e-10 6.018027e-10 5.593910e-14 3.389369e-11 4.455875e-14 4.918164e-13 2.404120e-12 1.362600e-16 3.850602e-17 1.427111e-13 7.470961e-14 3.333590e-19 1.023697e-17 4.543565e-16 4.542361e-21 3.558051e-32 2.038314e-21 1.349507e-19 7.597328e-43 0.000000e+00 7.748215e-116 8.736721e-55 9.424807e-03
7.429971e-04 1.146591e-11 9.036801e-06 3.522912e-05 6.966419e-15 1.664425e-12 2.021637e-22 6.233502e-33 4.871410e-21 3.664832e-12 3.839557e-05 1.407527e-30 1.501212e-11 2.997186e-25 1.064344e-25 2.736905e-10 6.350984e-13 2.485775e-10 7.512266e-07 4.075790e-04 3.181107e-23 1.220572e-08 1.308344e-18 5.580179e-15 6.054888e-12 1.236598e-15 2.019442e-01 4.263284e-16 5.103710e-14 1.190318e-16 1.161338e-12 1.935095e-17 3.133635e-17 1.000786e-22 1.246801e-27 3.525859e-10 2.533644e-17 7.881399e-01 3.799548e-11 3.597449e-07 3.846645e-23 1.741068e-21 4.320813e-23 3.063084e-22 9.744326e-12 1.326347e-15 1.733325e-12 1.739168e-08 2.884541e-07 1.197160e-18 6.035891e-19 1.115458e-19 4.047126e-15 1.085372e-10 1.369932e-09 1.608603e-15 8.813810e-09 6.642487e-10 1.297224e-20 1.290739e-15 7.946037e-22 2.650326e-12 1.127879e-14 2.544816e-14 8.909133e-12 3.619270e-27 1.862373e-10 7.330530e-25 1.681012e-16 7.246993e-16 1.940979e-09 4.206225e-22 2.784355e-27 5.478674e-30 5.535587e-22 2.503531e-13 3.020024e-13 3.296979e-21 6.920347e-10 6.123180e-10 5.924216e-14 3.359450e-11 3.987531e-14 5.205458e-13 2.552458e-12 1.782573e-16 4.247022e-17 1.518485e-13 7.923454e-14 3.766816e-19 1.031721e-17 4.824951e-16 4.828245e-21 3.272007e-32 2.832286e-21 2.033969e-19 1.238986e-42 0.000000e+00 6.774097e-118 3.640764e-58 9.424088e-03
6.451103e-04 1.434870e-11 9.560173e-06 3.534626e-05 1.011912e-14 2.360524e-12 2.401451e-22 1.080106e-32 7.105607e-21 4.290210e-12 3.805976e-05 1.963597e-30 1.715092e-11 4.107920e-25 1.410654e-25 2.886221e-10 6.494839e-13 2.636698e-10 7.542226e-07 4.078585e-04 4.098720e-23 1.214942e-08 1.626605e-18 6.915061e-15 6.228818e-12 1.575177e-15 2.019371e-01 4.528045e-16 5.423321e-14 1.220281e-16 1.457089e-12 1.990297e-17 5.060432e-17 1.253628e-22 1.622808e-27 3.721574e-10 2.884562e-17 7.881473e-01 3.553523e-11 3.572918e-07 3.446220e-23 1.981543e-21 3.782620e-23 3.019463e-22 9.215858e-12 1.652883e-15 1.854162e-12 1.836392e-08 2.866909e-07 1.274308e-18 5.623169e-19 1.171409e-19 4.184518e-15 1.251060e-10 1.693217e-09 1.955333e-15 8.495577e-09 6.127913e-10 1.672202e-20 1.475176e-15 1.023371e-21 3.103358e-12 1.049610e-14 3.121227e-14 9.544997e-12 2.566592e-27 1.838080e-10 5.365744e-25 2.068437e-16 6.679038e-16 2.018764e-09 2.754702e-22 2.771377e-27 6.317601e-30 3.799938e-22 3.104478e-13 3.438056e-13 3.742599e-21 6.023175e-10 6.232426e-10 6.294737e-14 3.327791e-11 3.503047e-14 5.527695e-13 2.625484e-12 2.326950e-16 4.673060e-17 1.622473e-13 8.431273e-14 4.309495e-19 1.040065e-17 5.140740e-16 5.149122e-21 2.982370e-32 3.998342e-21 2.944546e-19 1.907784e-42 0.000000e+00 6.076254e-120 1.381760e-61 9.423289e-03
5.601196e-04 1.786473e-11 1.016337e-05 3.546876e-05 1.459650e-14 3.397248e-12 2.846128e-22 1.859899e-32 1.010618e-20 4.920916e-12 3.768010e-05 2.737797e-30 1.971737e-11 5.659137e-25 1.862282e-25 3.058480e-10 6.549139e-13 2.799340e-10 7.560720e-07 4.081761e-04 5.195622e-23 1.196336e-08 1.991205e-18 8.506926e-15 6.337328e-12 2.042403e-15 2.019289e-01 4.832683e-16 5.795670e-14 1.229153e-16 1.812016e-12 2.008760e-17 7.994163e-17 1.578948e-22 2.094785e-27 3.946406e-10 3.269054e-17 7.881556e-01 3.316064e-11 3.542742e-07 3.083057e-23 2.250658e-21 3.281933e-23 2.969809e-22 8.585528e-12 2.061805e-15 1.993672e-12 1.961425e-08 2.846783e-07 1.363182e-18 5.161750e-19 1.233021e-19 4.329287e-15 1.449360e-10 2.135036e-09 2.369457e-15 8.180298e-09 5.629932e-10 2.165379e-20 1.789099e-15 1.300078e-21 3.549548e-12 9.405306e-15 3.795093e-14 1.005085e-11 1.887729e-27 1.812173e-10 3.864140e-25 2.489913e-16 6.001130e-16 2.098887e-09 1.676227e-22 2.757827e-27 8.471216e-30 2.436103e-22 3.887272e-13 3.846592e-13 4.233871e-21 5.097279e-10 6.349394e-10 6.720978e-14 3.293410e-11 3.004755e-14 5.898354e-13 2.598139e-12 2.934508e-16 5.146658e-17 1.743877e-13 9.015721e-14 5.002439e-19 1.048881e-17 5.504172e-16 5.518441e-21 2.684173e-32 5.757639e-21 4.151184e-19 2.904884e-42 0.000000e+00 5.449401e-122 5.825166e-63 9.422371e-03
4.863261e-04 2.191123e-11 1.085579e-05 3.559608e-05 2.040560e-14 4.887388e-12 3.347848e-22 3.163650e-32 1.343433e-20 5.362907e-12 3.725206e-05 3.818720e-30 2.277814e-11 7.799691e-25 2.359367e-25 3.259249e-10 6.453603e-13 2.974052e-10 7.565975e-07 4.085356e-04 6.394867e-23 1.160542e-08 2.367999e-18 1.019952e-14 6.368446e-12 2.971909e-15 2.019196e-01 5.181787e-16 6.225269e-14 1.191308e-16 2.180598e-12 1.981365e-17 1.246056e-16 2.010810e-22 2.483686e-27 4.203680e-10 3.637785e-17 7.881653e-01 3.088323e-11 3.506280e-07 2.757416e-23 2.605551e-21 2.821553e-23 2.914089e-22 7.846684e-12 2.559648e-15 2.154046e-12 2.117123e-08 2.823884e-07 1.465156e-18 4.638044e-19 1.300456e-19 4.481668e-15 1.684764e-10 2.773548e-09 2.853029e-15 7.871159e-09 5.164111e-10 2.796520e-20 2.530499e-15 1.612243e-21 3.935463e-12 8.044325e-15 4.534743e-14 1.031562e-11 1.308471e-27 1.784518e-10 2.737114e-25 2.902420e-16 5.161311e-16 2.178944e-09 9.476283e-23 2.743668e-27 1.315315e-29 1.445348e-22 4.907388e-13 3.701022e-13 4.807366e-21 4.167690e-10 6.475449e-10 7.209336e-14 3.256180e-11 2.508741e-14 6.322988e-13 2.448417e-12 3.751108e-16 5.642515e-17 1.885083e-13 9.685633e-14 5.906491e-19 1.057778e-17 5.920732e-16 5.941767e-21 2.381641e-32 8.502173e-21 5.460351e-19 3.955095e-42 0.000000e+00 4.874245e-124 1.887658e-59 9.421334e-03
4.222546e-04 2.674533e-11 1.164725e-05 3.572793e-05 2.829509e-14 7.153959e-12 3.928754e-22 5.345556e-32 1.737515e-20 5.708991e-12 3.677077e-05 5.329062e-30 2.640752e-11 1.077521e-24 2.980355e-25 3.496209e-10 6.236065e-13 3.163914e-10 7.557022e-07 4.089411e-04 7.743131e-23 1.111075e-08 2.767005e-18 1.213355e-14 6.328084e-12 4.420295e-15 2.019090e-01 5.580108e-16 6.714756e-14 1.132063e-16 2.599973e-12 1.910852e-17 1.906408e-16 2.574930e-22 2.914021e-27 4.496838e-10 4.031440e-17 7.881762e-01 2.870975e-11 3.461909e-07 2.468789e-23 3.013045e-21 2.401748e-23 2.852731e-22 7.004486e-12 3.150374e-15 2.337574e-12 2.316388e-08 2.797924e-07 1.581660e-18 4.084916e-19 1.373948e-19 4.642598e-15 1.962163e-10 3.688273e-09 3.432844e-15 7.569958e-09 4.729171e-10 3.627748e-20 4.030582e-15 1.949300e-21 4.203155e-12 6.517228e-15 5.325887e-14 1.023726e-11 9.203350e-28 1.754974e-10 1.907287e-25 3.233586e-16 4.260592e-16 2.255980e-09 4.819977e-23 2.728865e-27 2.378559e-29 7.810741e-23 6.248448e-13 3.484153e-13 5.431907e-21 3.264612e-10 6.610923e-10 7.766425e-14 3.215932e-11 2.037497e-14 6.807336e-13 2.186165e-12 4.577064e-16 6.180692e-17 2.048615e-13 1.045016e-13 7.065422e-19 1.066545e-17 6.396094e-16 6.424855e-21 2.079679e-32 1.285390e-20 6.972722e-19 5.309489e-42 0.000000e+00 4.363008e-126 5.894079e-56 9.420151e-03
3.666242e-04 3.230135e-11 1.254902e-05 3.586431e-05 3.830438e-14 1.052636e-11 4.583093e-22 8.943347e-32 2.134358e-20 5.832212e-12 3.623046e-05 7.446050e-30 3.069446e-11 1.487334e-24 3.667149e-25 3.780610e-10 5.879301e-13 3.374311e-10 7.533778e-07 4.093973e-04 9.180690e-23 1.047573e-08 3.153039e-18 1.415255e-14 6.232685e-12 7.185830e-15 2.018969e-01 6.033131e-16 7.262331e-14 1.043205e-16 3.025445e-12 1.802562e-17 2.876880e-16 3.328124e-22 3.213198e-27 4.829864e-10 4.409402e-17 7.881887e-01 2.664088e-11 3.409142e-07 2.215392e-23 3.532529e-21 2.022888e-23 2.786180e-22 6.082703e-12 3.835558e-15 2.546909e-12 2.560452e-08 2.768567e-07 1.714347e-18 3.513183e-19 1.453902e-19 4.813657e-15 2.287099e-10 5.038108e-09 4.121815e-15 7.276790e-09 4.330598e-10 4.705317e-20 7.467601e-15 2.278912e-21 4.275437e-12 4.953607e-15 6.101234e-14 9.756719e-12 6.018631e-28 1.723348e-10 1.306007e-25 3.407494e-16 3.314258e-16 2.326581e-09 2.189554e-23 2.713360e-27 4.859997e-29 3.786830e-23 8.032851e-13 2.935842e-13 6.140069e-21 2.422150e-10 6.757165e-10 8.399878e-14 3.172422e-11 1.609423e-14 7.358025e-13 1.835665e-12 5.514492e-16 6.738339e-17 2.237394e-13 1.131985e-13 8.554883e-19 1.074691e-17 6.936806e-16 6.974348e-21 1.783788e-32 1.990480e-20 8.430626e-19 6.563662e-42 0.000000e+00 3.901835e-128 1.711998e-52 9.418819e-03
3.183230e-04 3.873951e-11 1.357205e-05 3.600539e-05 5.105119e-14 1.559258e-11 5.324496e-22 1.484614e-31 2.543649e-20 5.809663e-12 3.562546e-05 1.041877e-29 3.573596e-11 2.051706e-24 4.459802e-25 4.127712e-10 5.423995e-13 3.612949e-10 7.497211e-07 4.099087e-04 1.075956e-22 9.735941e-09 3.519057e-18 1.628481e-14 6.115470e-12 1.241300e-14 2.018832e-01 6.546117e-16 7.858749e-14 9.439866e-17 3.465377e-12 1.670395e-17 4.272601e-16 4.331481e-22 3.420051e-27 5.206586e-10 4.783985e-17 7.882028e-01 2.467527e-11 3.348157e-07 1.995644e-23 4.169409e-21 1.685355e-23 2.715200e-22 5.130139e-12 4.617070e-15 2.784635e-12 2.844319e-08 2.735493e-07 1.864810e-18 2.956486e-19 1.540799e-19 4.996798e-15 2.665296e-10 7.007645e-09 4.945931e-15 6.990253e-09 3.967307e-10 6.116709e-20 1.472817e-14 2.571596e-21 4.089691e-12 3.500579e-15 6.808097e-14 8.882598e-12 3.750305e-28 1.689470e-10 8.785525e-26 3.351641e-16 2.407302e-16 2.386984e-09 8.671952e-24 2.697107e-27 1.064625e-28 1.618390e-23 1.044137e-12 2.322120e-13 6.915480e-21 1.676977e-10 6.914900e-10 9.117011e-14 3.125398e-11 1.241414e-14 7.981403e-13 1.443108e-12 6.406043e-16 7.319914e-17 2.454321e-13 1.230485e-13 1.043836e-18 1.081835e-17 7.549146e-16 7.596617e-21 1.500333e-32 3.135123e-20 9.848235e-19 7.733962e-42 0.000000e+00 3.491631e-130 4.149242e-49 9.417316e-03
2.763852e-04 4.614601e-11 1.472889e-05 3.615181e-05 6.699627e-14 2.305578e-11 6.159281e-22 8.303565e-32 2.971947e-20 5.695668e-12 3.494907e-05 1.460429e-29 4.164960e-11 2.826555e-24 5.366747e-25 4.559042e-10 4.916989e-13 3.889199e-10 7.449246e-07 4.104805e-04 1.255691e-22 8.923608e-09 3.849616e-18 1.847784e-14 6.020169e-12 2.307150e-14 2.018677e-01 7.125129e-16 8.484347e-14 8.462928e-17 3.906413e-12 1.530881e-17 6.244593e-16 5.675272e-22 3.507974e-27 5.631421e-10 5.145392e-17 7.882188e-01 2.280569e-11 3.281071e-07 1.808254e-23 4.959448e-21 1.389533e-23 2.640577e-22 4.212145e-12 5.500875e-15 3.053738e-12 3.143276e-08 2.698330e-07 2.034882e-18 2.442714e-19 1.635373e-19 5.194490e-15 3.103424e-10 9.820125e-09 5.922751e-15 6.707134e-09 3.639501e-10 7.964465e-20 2.826800e-14 2.799105e-21 3.613596e-12 2.279220e-15 7.365144e-14 7.702679e-12 2.200715e-28 1.653114e-10 5.805170e-26 3.035632e-16 1.605451e-16 2.433648e-09 2.942152e-24 2.680036e-27 2.349270e-28 5.999952e-24 1.374115e-12 1.725810e-13 7.757008e-21 1.062156e-10 7.085305e-10 9.926246e-14 3.074510e-11 9.423916e-15 8.684774e-13 1.057585e-12 7.162871e-16 7.923610e-17 2.702707e-13 1.341685e-13 1.278014e-18 1.087633e-17 8.240343e-16 8.298996e-21 1.235586e-32 4.968803e-20 1.121880e-18 8.658413e-42 0.000000e+00 3.127453e-132 7.840436e-46 9.415626e-03
2.399726e-04 5.462056e-11 1.603245e-05 3.630443e-05 8.660204e-14 3.363416e-11 7.090553e-22 4.011798e-31 3.443436e-20 5.554843e-12 3.419428e-05 2.051467e-29 4.857025e-11 3.886164e-24 6.391236e-25 5.103731e-10 4.412908e-13 4.212899e-10 7.392697e-07 4.111181e-04 1.472786e-22 8.072989e-09 4.133129e-18 2.066207e-14 5.997665e-12 4.634803e-14 2.018503e-01 7.776360e-16 9.105088e-14 7.593571e-17 4.330285e-12 1.401219e-17 8.983665e-16 7.486541e-22 3.450064e-27 6.108895e-10 5.477442e-17 7.882368e-01 2.102230e-11 3.212027e-07 1.654095e-23 5.961960e-21 1.135631e-23 2.563195e-22 3.393100e-12 6.498070e-15 3.357301e-12 3.412444e-08 2.656697e-07 2.226441e-18 1.993022e-19 1.738487e-19 5.409310e-15 3.608799e-10 1.368027e-08 7.058244e-15 6.423500e-09 3.348582e-10 1.037230e-19 4.993996e-14 2.952238e-21 2.882588e-12 1.356884e-15 7.675735e-14 6.366761e-12 1.195026e-28 1.614045e-10 3.771395e-26 2.494331e-16 9.614419e-17 2.463942e-09 8.123874e-25 2.662076e-27 4.965431e-28 1.923987e-24 1.831896e-12 1.204341e-13 8.675156e-21 6.003609e-11 7.269639e-10 1.083618e-13 3.019372e-11 7.124138e-15 9.475596e-13 7.194625e-13 7.725131e-16 8.551742e-17 2.985992e-13 1.466777e-13 1.563049e-18 1.091886e-17 9.017778e-16 9.088979e-21 9.954109e-33 7.815173e-20 1.259959e-18 9.133882e-42 0.000000e+00 2.804295e-134 1.076009e-42 9.413734e-03
2.083571e-04 6.471760e-11 1.749882e-05 3.646464e-05 1.122634e-13 4.837343e-11 8.149542e-22 6.372716e-31 4.109265e-20 5.556344e-12 3.335224e-05 2.888191e-29 5.666724e-11 5.342544e-24 7.723908e-25 5.801475e-10 3.979834e-13 4.594415e-10 7.330970e-07 4.118283e-04 1.767345e-22 7.230414e-09 4.399372e-18 2.305284e-14 6.104065e-12 9.526142e-14 2.018307e-01 8.507510e-16 9.673616e-14 6.979208e-17 4.796737e-12 1.298511e-17 1.270470e-15 9.900645e-22 3.453673e-27 6.644643e-10 5.816292e-17 7.882570e-01 1.930966e-11 3.145311e-07 1.538292e-23 7.145985e-21 9.218406e-24 2.483871e-22 2.714260e-12 7.627022e-15 3.699140e-12 3.604599e-08 2.610118e-07 2.441807e-18 1.622650e-19 1.851314e-19 5.644273e-15 4.190708e-10 1.867746e-08 8.369056e-15 6.135185e-09 3.094246e-10 1.354775e-19 7.991229e-14 3.058387e-21 2.013374e-12 7.339183e-16 7.697230e-14 5.037050e-12 6.508609e-29 1.571938e-10 2.412364e-26 1.820922e-16 5.070516e-17 2.477185e-09 1.996412e-25 2.643122e-27 9.747502e-28 5.140628e-25 2.474199e-12 8.620979e-14 9.633424e-21 2.936316e-11 7.469539e-10 1.185750e-13 2.959447e-11 5.441321e-15 1.036313e-12 4.522674e-13 7.707245e-16 9.247841e-17 3.308333e-13 1.607247e-13 1.901379e-18 1.094734e-17 9.890618e-16 9.975875e-21 7.838151e-33 1.205815e-19 1.450660e-18 9.691788e-42 0.000000e+00 2.522387e-136 9.901355e-40 9.411602e-03
1.809069e-04 7.672119e-11 1.914517e-05 3.663400e-05 1.447063e-13 6.774243e-11 9.338015e-22 1.148532e-30 4.977700e-20 5.641427e-12 3.241342e-05 4.079105e-29 6.613948e-11 7.326765e-24 9.310574e-25 6.705093e-10 3.620191e-13 5.043957e-10 7.267974e-07 4.126184e-04 2.184618e-22 6.402162e-09 4.635246e-18 2.547902e-14 6.398707e-12 1.947280e-13 2.018087e-01 9.326850e-16 1.012379e-13 6.537723e-17 5.257427e-12 1.236904e-17 1.771784e-15 1.318297e-21 6.571344e-27 7.244728e-10 6.105443e-17 7.882798e-01 1.765136e-11 3.084446e-07 1.473807e-23 8.698863e-21 7.449424e-24 2.403347e-22 2.178981e-12 8.901341e-15 4.083367e-12 3.679590e-08 2.558081e-07 2.683480e-18 1.319303e-19 1.975103e-19 5.902349e-15 4.859656e-10 2.501732e-08 9.867119e-15 5.839879e-09 2.884813e-10 1.766442e-19 1.177692e-13 3.169154e-21 1.193088e-12 3.588822e-16 7.465482e-14 3.840321e-12 3.218790e-29 1.526436e-10 1.524014e-26 1.159093e-16 2.265331e-17 2.475062e-09 4.015042e-26 2.623060e-27 1.752661e-27 1.168878e-25 3.382245e-12 5.975708e-14 1.076270e-20 1.199646e-11 7.687016e-10 1.300167e-13 2.894154e-11 4.232882e-15 1.135733e-12 2.607537e-13 7.415399e-16 1.000154e-16 3.674265e-13 1.764688e-13 2.295505e-18 1.096338e-17 1.086871e-15 1.096968e-20 6.029162e-33 1.820767e-19 1.691010e-18 9.662250e-42 0.000000e+00 2.271540e-138 6.100319e-37 9.409223e-03
1.570732e-04 9.231273e-11 2.099111e-05 3.681427e-05 1.908128e-13 9.388247e-11 1.184068e-21 2.332006e-30 6.384264e-20 5.990354e-12 3.136713e-05 5.779999e-29 7.722054e-11 1.005153e-23 1.161136e-24 7.883168e-10 3.363533e-13 5.572036e-10 7.208084e-07 4.134967e-04 2.843498e-22 5.620858e-09 4.916972e-18 2.848898e-14 6.953312e-12 3.651898e-13 2.017840e-01 1.024362e-15 1.038084e-13 6.379987e-17 5.863170e-12 1.235937e-17 2.436077e-15 1.763949e-21 1.862311e-25 7.915937e-10 6.417155e-17 7.883053e-01 1.602910e-11 3.028479e-07 1.486962e-23 1.054758e-20 5.988586e-24 2.322356e-22 1.770490e-12 1.033212e-14 4.514584e-12 3.641387e-08 2.500013e-07 2.954246e-18 1.076907e-19 2.111245e-19 6.186671e-15 5.628046e-10 3.291701e-08 1.167784e-14 5.537052e-09 2.725106e-10 2.314991e-19 1.623560e-13 3.357869e-21 5.773179e-13 1.579993e-16 7.238380e-14 2.836107e-12 1.628889e-29 1.477129e-10 9.561327e-27 6.246370e-17 8.363122e-18 2.461153e-09 2.285635e-27 2.601761e-27 2.893728e-27 1.996462e-26 4.674146e-12 4.508743e-14 1.209687e-20 3.938554e-12 7.924115e-10 1.428149e-13 2.822833e-11 3.379701e-15 1.246929e-12 1.369956e-13 6.515899e-16 1.088479e-16 4.088884e-13 1.940883e-13 2.743044e-18 1.097395e-17 1.196303e-15 1.208154e-20 4.523966e-33 2.704275e-19 2.090107e-18 1.000397e-41 0.000000e+00 2.053611e-140 2.301255e-34 9.406545e-03
1.363794e-04 1.140211e-10 2.305808e-05 3.700730e-05 2.575671e-13 1.288907e-10 4.818561e-21 1.267244e-29 8.601890e-20 6.540193e-12 3.020150e-05 8.229055e-29 9.018947e-11 1.375933e-23 1.484201e-24 9.427856e-10 3.195793e-13 6.189982e-10 7.156261e-07 4.144722e-04 3.950659e-22 4.880865e-09 5.299480e-18 3.231684e-14 7.858349e-12 6.252230e-13 2.017564e-01 1.126809e-15 1.035067e-13 6.434195e-17 6.668374e-12 1.322065e-17 3.311074e-15 2.583830e-21 6.178814e-24 8.665815e-10 6.715652e-17 7.883339e-01 1.442414e-11 2.973838e-07 1.627129e-23 1.307300e-20 4.768878e-24 2.241454e-22 1.467505e-12 1.190889e-14 4.997895e-12 3.519208e-08 2.435275e-07 3.257207e-18 8.762153e-20 2.261214e-19 6.500466e-15 6.509687e-10 4.319270e-08 1.411327e-14 5.228345e-09 2.631964e-10 3.140916e-19 2.134511e-13 3.666461e-21 2.217156e-13 6.246623e-17 7.302053e-14 2.027362e-12 7.497020e-30 1.423553e-10 6.042992e-27 2.790820e-17 2.441246e-18 2.439364e-09 1.619118e-27 2.579080e-27 4.450791e-27 5.245201e-27 6.523690e-12 3.603780e-14 1.407479e-20 1.004857e-12 8.183171e-10 1.571117e-13 2.744771e-11 2.785274e-15 1.371132e-12 6.495448e-14 5.569161e-16 1.188499e-16 4.558002e-13 2.137812e-13 3.241566e-18 1.098655e-17 1.318579e-15 1.332383e-20 3.302797e-33 3.994940e-19 2.730339e-18 1.083977e-41 0.000000e+00 1.859258e-142 5.421573e-32 9.403563e-03
1.184120e-04 1.523173e-10 2.536894e-05 3.721482e-05 3.791077e-13 1.786926e-10 7.129342e-20 3.126200e-28 1.386372e-19 7.717958e-12 2.890436e-05 1.178549e-28 1.053693e-10 1.888581e-23 2.090146e-24 1.146206e-09 3.227991e-13 6.910187e-10 7.118629e-07 4.155538e-04 6.183840e-22 4.204340e-09 6.125304e-18 3.937839e-14 9.243556e-12 9.727999e-13 2.017255e-01 1.241080e-15 9.932170e-14 7.017638e-17 8.261209e-12 1.545115e-17 4.453238e-15 7.708437e-21 1.351187e-22 9.502123e-10 7.195750e-17 7.883658e-01 1.281883e-11 2.913114e-07 1.988886e-23 1.652012e-20 3.719723e-24 2.161130e-22 1.283869e-12 1.361151e-14 5.538563e-12 3.380479e-08 2.363212e-07 3.595564e-18 7.169806e-20 2.426467e-19 6.846890e-15 7.519028e-10 5.697304e-08 1.832347e-14 4.916305e-09 2.623273e-10 6.264331e-19 2.711448e-13 4.109812e-21 6.812722e-14 2.215526e-17 7.812774e-14 1.385453e-12 3.914227e-30 1.365232e-10 3.999586e-27 1.025915e-17 5.450190e-19 2.412576e-09 4.103642e-27 2.554878e-27 6.505824e-27 4.497992e-27 9.197490e-12 3.442261e-14 1.763882e-20 2.027213e-13 8.466263e-10 1.730527e-13 2.659268e-11 2.470204e-15 1.509603e-12 2.729117e-14 4.523119e-16 1.311105e-16 5.087933e-13 2.357510e-13 3.782907e-18 1.101454e-17 1.454947e-15 1.470922e-20 2.335815e-33 5.940851e-19 4.373659e-18 2.601125e-41 0.000000e+00 1.689665e-144 7.297081e-30 9.400220e-03
1.028117e-04 2.469174e-10 2.795241e-05 3.743845e-05 6.814770e-13 2.509400e-10 9.249222e-19 8.265944e-27 3.647766e-19 1.069437e-11 2.746041e-05 1.714070e-28 1.231962e-10 2.666042e-23 3.672310e-24 1.416299e-09 3.753258e-13 7.749859e-10 7.104223e-07 4.167530e-04 1.223827e-21 3.598302e-09 8.505711e-18 5.772232e-14 1.131846e-11 1.403482e-12 2.016909e-01 1.368520e-15 9.011889e-14 9.043200e-17 1.252809e-11 1.999511e-17 5.937931e-15 6.587617e-20 2.023539e-21 1.043474e-09 8.349904e-17 7.884016e-01 1.119617e-11 2.836534e-07 2.773037e-23 2.265484e-20 2.784378e-24 2.081354e-22 1.288205e-12 1.540457e-14 6.143184e-12 3.314436e-08 2.282989e-07 3.973440e-18 6.013941e-20 2.608679e-19 7.229591e-15 8.671171e-10 7.644457e-08 2.876048e-14 4.602800e-09 2.719083e-10 3.671020e-18 3.360752e-13 4.668915e-21 2.041777e-14 7.039513e-18 8.500109e-14 8.768646e-13 7.853830e-30 1.301549e-10 3.040135e-27 3.294907e-18 8.982146e-20 2.382184e-09 4.586856e-27 2.528964e-27 9.236219e-27 8.115693e-27 1.316438e-11 4.377124e-14 2.685338e-20 4.015695e-14 8.775698e-10 1.908236e-13 2.565532e-11 2.600326e-15 1.663952e-12 9.594171e-15 3.724737e-16 1.474499e-16 5.687273e-13 2.602569e-13 4.358521e-18 1.107307e-17 1.607003e-15 1.625383e-20 1.588385e-33 9.041573e-19 1.201314e-17 2.123409e-40 0.000000e+00 1.540114e-146 5.659531e-28 9.396483e-03
8.926665e-05 5.292065e-10 3.084010e-05 3.767814e-05 1.647286e-12 3.603487e-10 8.732230e-18 2.147984e-25 1.744634e-18 1.864536e-11 2.585388e-05 2.674181e-28 1.442709e-10 4.557681e-23 9.241414e-24 1.777629e-09 5.195706e-13 8.736051e-10 7.132333e-07 4.180799e-04 3.353515e-21 3.090573e-09 1.559878e-17 1.122483e-13 1.449429e-11 1.903935e-12 2.016522e-01 1.510561e-15 7.533282e-14 1.478954e-16 2.565869e-11 2.896148e-17 7.876511e-15 5.982290e-19 2.180454e-20 1.147404e-09 1.150899e-16 7.884416e-01 9.551623e-12 2.733333e-07 4.492608e-23 3.662611e-20 1.937434e-24 2.001185e-22 1.555867e-12 1.727877e-14 6.818432e-12 3.420358e-08 2.193714e-07 4.395439e-18 5.354302e-20 2.809046e-19 7.651334e-15 9.973973e-10 1.056096e-07 5.980524e-14 4.287336e-09 2.891210e-10 3.224729e-17 4.078316e-13 5.340255e-21 9.476050e-15 1.987694e-18 8.683871e-14 4.865123e-13 8.674414e-29 1.231870e-10 3.040969e-27 1.121423e-18 1.256535e-20 2.348668e-09 0.000000e+00 2.501147e-27 1.304302e-26 0.000000e+00 1.949162e-11 7.953453e-14 5.398251e-20 1.268205e-14 9.112420e-10 2.106217e-13 2.463072e-11 3.431907e-15 1.835887e-12 2.560123e-15 3.053681e-16 1.736528e-16 6.367846e-13 2.875753e-13 4.957074e-18 1.118044e-17 1.776440e-15 1.797472e-20 1.025422e-33 1.468988e-18 5.934964e-17 2.417195e-39 0.000000e+00 1.408530e-148 2.482131e-26 9.392300e-03
7.750613e-05 1.293913e-09 3.407203e-05 3.792970e-05 4.753089e-12 5.557486e-10 6.169514e-17 4.946047e-24 9.658855e-18 3.670367e-11 2.406687e-05 5.498400e-28 1.695941e-10 1.377565e-22 3.099607e-23 2.260024e-09 7.292057e-13 9.921439e-10 7.254516e-07 4.195431e-04 1.112907e-20 2.750296e-09 3.385753e-17 2.565951e-13 1.968198e-11 2.433330e-12 2.016089e-01 1.668969e-15 5.661520e-14 2.746099e-16 6.255906e-11 4.766096e-17 1.052954e-14 4.210206e-18 1.766368e-19 1.263175e-09 1.847704e-16 7.884864e-01 7.907370e-12 2.604421e-07 8.708010e-23 6.773224e-20 1.209836e-24 1.916961e-22 1.968076e-12 1.947498e-14 7.570591e-12 3.680495e-08 2.094292e-07 4.867880e-18 4.945984e-20 3.027339e-19 8.112028e-15 1.141570e-09 1.524320e-07 1.422573e-13 3.959823e-09 3.012641e-10 2.412917e-16 4.818173e-13 6.220955e-21 6.106329e-15 4.785095e-19 8.027275e-14 2.213690e-13 1.045990e-27 1.155447e-10 4.173679e-27 4.643816e-19 2.093980e-21 2.312342e-09 0.000000e+00 2.471191e-27 1.894425e-26 0.000000e+00 3.138949e-11 1.702550e-13 1.231066e-19 5.457046e-15 9.474268e-10 2.326898e-13 2.352105e-11 4.761907e-15 2.027508e-12 5.429249e-16 2.294233e-16 2.237080e-16 7.150995e-13 3.180453e-13 5.566038e-18 1.135770e-17 1.965343e-15 1.989248e-20 6.117421e-34 2.816355e-18 3.265482e-16 2.479339e-38 0.000000e+00 1.293269e-150 6.193876e-25 9.387604e-03
6.729501e-05 2.939076e-09 3.769736e-05 3.818028e-05 1.432928e-11 1.034700e-09 3.373650e-16 9.010032e-23 4.661744e-17 7.371687e-11 2.208111e-05 1.872431e-27 2.009343e-10 6.757935e-22 1.201723e-22 2.880227e-09 8.688509e-13 1.139324e-09 7.597099e-07 4.211429e-04 3.665662e-20 2.689244e-09 7.540996e-17 5.727314e-13 2.853729e-11 2.862891e-12 2.015604e-01 1.845840e-15 3.878223e-14 5.144821e-16 1.530856e-10 8.920657e-17 1.473493e-14 2.302998e-17 1.116171e-18 1.391701e-09 2.915563e-16 7.885365e-01 6.325999e-12 2.480118e-07 1.991356e-22 1.224481e-19 6.730328e-25 1.818842e-22 2.146765e-12 2.319835e-14 8.399089e-12 3.783812e-08 1.983445e-07 5.399834e-18 4.135175e-20 3.259025e-19 8.601318e-15 1.294465e-09 2.302494e-07 3.073175e-13 3.578986e-09 2.966785e-10 1.437780e-15 5.438268e-13 7.810046e-21 3.131863e-15 8.607252e-20 7.318316e-14 7.900967e-14 9.599789e-27 1.071495e-10 6.910013e-27 1.705064e-19 3.543240e-22 2.274008e-09 9.989948e-26 2.438827e-27 2.941511e-26 5.652614e-26 5.916682e-11 3.410973e-13 2.597258e-19 1.517408e-15 9.852845e-10 2.573130e-13 2.234358e-11 5.213146e-15 2.241264e-12 1.296166e-16 1.798407e-16 3.365639e-16 8.074664e-13 3.520636e-13 6.172167e-18 1.162804e-17 2.176169e-15 2.202926e-20 3.183945e-34 7.005105e-18 1.542708e-15 1.860318e-37 0.000000e+00 1.191677e-152 9.222718e-24 9.382329e-03
5.842916e-05 5.644348e-09 4.177660e-05 3.840320e-05 4.597292e-11 2.477911e-09 1.472238e-15 1.267859e-21 1.836375e-16 1.461852e-10 1.987986e-05 8.592906e-27 2.411017e-10 3.483097e-21 4.928057e-22 3.592111e-09 8.304987e-13 1.319103e-09 8.403712e-07 4.228656e-04 1.050916e-19 3.126067e-09 1.697224e-16 1.102259e-12 4.257312e-11 2.978059e-12 2.015061e-01 2.043694e-15 2.680714e-14 9.058044e-16 3.654351e-10 1.824108e-16 2.307108e-14 1.014905e-16 5.680143e-18 1.532370e-09 3.914023e-16 7.885928e-01 4.894552e-12 2.393783e-07 4.718583e-22 1.876209e-19 3.581085e-25 1.688855e-22 1.792099e-12 3.096698e-14 9.277765e-12 3.388900e-08 1.859716e-07 6.004485e-18 2.792652e-20 3.491875e-19 9.084157e-15 1.443179e-09 3.493142e-07 5.223353e-13 3.071452e-09 2.782659e-10 6.906408e-15 5.701666e-13 1.202900e-20 1.141965e-15 9.275621e-21 7.832520e-14 2.224681e-14 6.161150e-26 9.792401e-11 1.132923e-26 4.154836e-20 5.273300e-23 2.235210e-09 8.986005e-27 2.403743e-27 5.008078e-26 0.000000e+00 1.356498e-10 5.789852e-13 4.591706e-19 2.154246e-16 1.023252e-09 2.848229e-13 2.113290e-11 3.823354e-15 2.479883e-12 3.818168e-17 1.427923e-16 6.259081e-16 9.188273e-13 3.900836e-13 6.760781e-18 1.201767e-17 2.411849e-15 2.439908e-20 1.301197e-34 2.114974e-17 5.915801e-15 9.959455e-37 0.000000e+00 1.102641e-154 8.622512e-23 9.376374e-03
5.073136e-05 9.077132e-09 4.637938e-05 3.854943e-05 1.556252e-10 6.679805e-09 5.249151e-15 1.144631e-20 5.598125e-16 2.438286e-10 1.745311e-05 3.984046e-26 2.929885e-10 1.597151e-20 1.899192e-21 4.229533e-09 6.297985e-13 1.488659e-09 1.002439e-06 4.246787e-04 2.315246e-19 4.495733e-09 3.967512e-16 1.592261e-12 5.828946e-11 2.768386e-12 2.014451e-01 2.265624e-15 2.095071e-14 1.226759e-15 8.538630e-10 3.451509e-16 4.238474e-14 3.658307e-16 2.384244e-17 1.679692e-09 4.201785e-16 7.886561e-01 3.680038e-12 2.324454e-07 9.744568e-22 2.274235e-19 2.257398e-25 1.510832e-22 1.047503e-12 4.296356e-14 1.011267e-11 2.689146e-08 1.721562e-07 6.698049e-18 1.427757e-20 3.704190e-19 9.488231e-15 1.558509e-09 4.881948e-07 6.760464e-13 2.440280e-09 2.532341e-10 2.742025e-14 5.466564e-13 2.480069e-20 4.019347e-16 5.338701e-22 1.117761e-13 5.276182e-15 2.176478e-25 8.780765e-11 1.412276e-26 9.204175e-21 8.979510e-24 2.197823e-09 6.457419e-26 2.365571e-27 9.219865e-26 0.000000e+00 3.620551e-10 8.287085e-13 6.746227e-19 2.485606e-17 1.059444e-09 3.155782e-13 1.993132e-11 2.069123e-15 2.745704e-12 1.221712e-17 1.044411e-16 1.349668e-15 1.050512e-12 4.325785e-13 7.316092e-18 1.255503e-17 2.675871e-15 2.697383e-20 3.622412e-35 6.619963e-17 1.749614e-14 3.819865e-36 0.000000e+00 1.024084e-156 5.535572e-22 9.369641e-03
4.404770e-05 1.295352e-08 5.157334e-05 3.852886e-05 5.215283e-10 1.725467e-08 1.557686e-14 5.233825e-20 1.350196e-15 3.105825e-10 1.481294e-05 1.695488e-25 3.552730e-10 6.288461e-20 6.262914e-21 4.536711e-09 3.912103e-13 1.532321e-09 1.280422e-06 4.265271e-04 3.755630e-19 7.337195e-09 9.319211e-16 1.653114e-12 6.624012e-11 2.308433e-12 2.013767e-01 2.515122e-15 1.734079e-14 1.106842e-15 1.867183e-09 4.823793e-16 8.898083e-14 1.079824e-15 8.383307e-17 1.816782e-09 3.635945e-16 7.887275e-01 2.697652e-12 2.236851e-07 1.544834e-21 2.152281e-19 3.437886e-25 1.286542e-22 4.428038e-13 5.151961e-14 1.070098e-11 2.013919e-08 1.567764e-07 7.479113e-18 5.441655e-21 3.872236e-19 9.747096e-15 1.593859e-09 5.661465e-07 7.065167e-13 1.792397e-09 2.241174e-10 9.226712e-14 4.809367e-13 6.129908e-20 1.694140e-16 1.958767e-23 2.005722e-13 1.236544e-15 3.438829e-25 7.680002e-11 9.791653e-27 2.966139e-21 2.053918e-24 2.163278e-09 2.306985e-28 2.323899e-27 1.622292e-25 0.000000e+00 9.992793e-10 1.056300e-12 8.713580e-19 3.441546e-18 1.092284e-09 3.498177e-13 1.877288e-11 1.034817e-15 3.037826e-12 4.046301e-18 7.096036e-17 2.985787e-15 1.185526e-12 4.798833e-13 7.819774e-18 1.326698e-17 2.971862e-15 2.962417e-20 6.138928e-36 1.952606e-16 4.085450e-14 1.131742e-35 0.000000e+00 9.547171e-159 2.646923e-21 9.361998e-03
3.824460e-05 1.735613e-08 5.740888e-05 3.817795e-05 1.688900e-09 3.968348e-08 3.895366e-14 1.442966e-19 2.771296e-15 3.297500e-10 1.201721e-05 6.474065e-25 4.153906e-10 2.076162e-19 1.694384e-20 4.337602e-09 2.157229e-13 1.390597e-09 1.693182e-06 4.283237e-04 4.844462e-19 1.171529e-08 2.003783e-15 1.335853e-12 6.373248e-11 1.544032e-12 2.013000e-01 2.794673e-15 1.326629e-14 7.191633e-16 3.678031e-09 4.768218e-16 1.967112e-13 2.621950e-15 2.482036e-16 1.908713e-09 2.601490e-16 7.888081e-01 1.925691e-12 2.121167e-07 1.782517e-21 1.615473e-19 3.613142e-24 1.033460e-22 1.600535e-13 4.888906e-14 1.076223e-11 1.446466e-08 1.398035e-07 8.228746e-18 1.681082e-21 3.992567e-19 9.869243e-15 1.509701e-09 5.022120e-07 6.256797e-13 1.222941e-09 1.926954e-10 2.665470e-13 3.904009e-13 1.544305e-19 8.728400e-17 2.024751e-24 3.854290e-13 4.002327e-16 3.136736e-25 6.502663e-11 3.939100e-27 1.447095e-21 6.046659e-25 2.132237e-09 4.058435e-31 2.278256e-27 2.494533e-25 5.930593e-28 2.544595e-09 1.267623e-12 1.045725e-18 5.948545e-19 1.120733e-09 3.872451e-13 1.767893e-11 5.500756e-16 3.345922e-12 1.424992e-18 4.715755e-17 6.256737e-15 1.260696e-12 5.319348e-13 8.250630e-18 1.415955e-17 3.301742e-15 3.210045e-20 6.181932e-37 5.258535e-16 8.125565e-14 2.782616e-35 0.000000e+00 8.932563e-161 1.022041e-20 9.353288e-03
3.320603e-05 2.241405e-08 6.389301e-05 3.723713e-05 5.148189e-09 8.030001e-08 8.262136e-14 3.042959e-19 4.928398e-15 3.161520e-10 9.194416e-06 2.123896e-24 4.473451e-10 5.573235e-19 3.667842e-20 3.662036e-09 1.119491e-13 1.110279e-09 2.235322e-06 4.299330e-04 5.359957e-19 1.678803e-08 3.718534e-15 8.953101e-13 5.454057e-11 8.017868e-13 2.012138e-01 3.097974e-15 8.863789e-15 3.883358e-16 6.463936e-09 3.626304e-16 4.262660e-13 5.264943e-15 6.160187e-16 1.904455e-09 1.619556e-16 7.888995e-01 1.332377e-12 1.978021e-07 1.512169e-21 1.018720e-19 9.408275e-26 7.739289e-23 5.851405e-14 3.803744e-14 1.004195e-11 9.882264e-09 1.214104e-07 8.487312e-18 5.982223e-22 4.096943e-19 9.906695e-15 1.301855e-09 3.463277e-07 4.729626e-13 7.754046e-10 1.612640e-10 6.623162e-13 2.922519e-13 3.656834e-19 5.458684e-17 0.000000e+00 7.166882e-13 2.187251e-16 2.208949e-25 5.282485e-11 1.170996e-27 9.662992e-22 2.156636e-25 2.104721e-09 4.607097e-34 2.228144e-27 3.355146e-25 2.870583e-25 5.606139e-09 1.485502e-12 1.201987e-18 1.285090e-19 1.144127e-09 4.260543e-13 1.666451e-11 3.226792e-16 3.642542e-12 5.603369e-19 3.201247e-17 1.127652e-14 1.173861e-12 5.876342e-13 8.584223e-18 1.515413e-17 3.657799e-15 3.409771e-20 3.876308e-38 1.286156e-15 1.408349e-13 5.718783e-35 0.000000e+00 8.379250e-163 3.422569e-20 9.343368e-03
2.883127e-05 2.845107e-08 7.096851e-05 3.538306e-05 1.418152e-08 1.457762e-07 1.492919e-13 5.433436e-19 7.517427e-15 2.777598e-10 6.539725e-06 5.334343e-24 4.231298e-10 1.178449e-18 6.148637e-20 2.685571e-09 5.572342e-14 7.785023e-10 2.888655e-06 4.311648e-04 5.278879e-19 2.073997e-08 5.841572e-15 5.039486e-13 4.224968e-11 3.650907e-13 2.011168e-01 3.389602e-15 5.220444e-15 1.891921e-16 1.006453e-08 2.235618e-16 8.719890e-13 8.765232e-15 1.270397e-15 1.758167e-09 9.438393e-17 7.890034e-01 8.872596e-13 1.811964e-07 1.013177e-21 5.814764e-20 9.532319e-26 5.312169e-23 2.636611e-14 2.619771e-14 8.485991e-12 6.304065e-09 1.020692e-07 7.455774e-18 4.829561e-22 4.256121e-19 9.902605e-15 1.008445e-09 2.123855e-07 3.021569e-13 4.543294e-10 1.314378e-10 1.408313e-12 2.004488e-13 7.965562e-19 4.021108e-17 0.000000e+00 1.237970e-12 1.612027e-16 1.370400e-25 4.077372e-11 3.070929e-28 8.016129e-22 8.660219e-26 2.080282e-09 3.551644e-37 2.173078e-27 3.991857e-25 4.646010e-25 1.027969e-08 1.749272e-12 1.351003e-18 3.624354e-20 1.161994e-09 4.619257e-13 1.574212e-11 2.088364e-16 3.885192e-12 2.399896e-19 2.218510e-17 1.557125e-14 8.956962e-13 6.436836e-13 8.794765e-18 1.600082e-17 4.005943e-15 3.539674e-20 1.621785e-39 2.869286e-15 2.118253e-13 9.968497e-35 0.000000e+00 7.877010e-165 1.038701e-19 9.332061e-03
2.503286e-05 3.547468e-08 7.850713e-05 3.233746e-05 3.491001e-08 2.458484e-07 2.304147e-13 8.410127e-19 9.722545e-15 2.186114e-10 4.264330e-06 8.349394e-24 3.354092e-10 1.900777e-18 7.703843e-20 1.654523e-09 2.577179e-14 4.768040e-10 3.674781e-06 4.317708e-04 4.570552e-19 2.193114e-08 7.717319e-15 2.353078e-13 2.928100e-11 1.567400e-13 2.010077e-01 3.582584e-15 2.701757e-15 8.342395e-17 1.398992e-08 1.133675e-16 1.664286e-12 1.210527e-14 2.156958e-15 1.464555e-09 5.294018e-17 7.891218e-01 5.646451e-13 1.629099e-07 5.497742e-22 3.096798e-20 7.265893e-26 3.275440e-23 1.729587e-14 1.634782e-14 6.366384e-12 3.736642e-09 8.256267e-08 4.920124e-18 6.790500e-22 4.574122e-19 9.879771e-15 6.932086e-10 1.307235e-07 1.594598e-13 2.447832e-10 1.043540e-10 2.541593e-12 1.246840e-13 1.598505e-18 3.181561e-17 0.000000e+00 1.992358e-12 1.265226e-16 7.749127e-26 2.961005e-11 7.425065e-29 7.178229e-22 3.489219e-26 2.058214e-09 1.683972e-40 2.112582e-27 4.181632e-25 0.000000e+00 1.570668e-08 2.096110e-12 1.486070e-18 1.279397e-20 1.173947e-09 4.889876e-13 1.492472e-11 1.438724e-16 4.038764e-12 1.000946e-19 1.522531e-17 1.550221e-14 5.349502e-13 6.936407e-13 8.861525e-18 1.643575e-17 4.282303e-15 3.599645e-20 4.783418e-41 5.891345e-15 2.745677e-13 1.458478e-34 0.000000e+00 7.417209e-167 2.950203e-19 9.319178e-03
2.173488e-05 4.277938e-08 8.630933e-05 2.802141e-05 7.805286e-08 3.991855e-07 3.044049e-13 1.132332e-18 1.062542e-14 1.495063e-10 2.518328e-06 6.433299e-24 2.130815e-10 2.267081e-18 7.005988e-20 8.222229e-10 1.047218e-14 2.543992e-10 4.736611e-06 4.314401e-04 3.348778e-19 2.008951e-08 8.556601e-15 8.930976e-14 1.775186e-11 6.312882e-14 2.008848e-01 3.557599e-15 1.195654e-15 3.213574e-17 1.764250e-08 4.729132e-17 2.979171e-12 1.385736e-14 2.998071e-15 1.078741e-09 2.818296e-17 7.892567e-01 3.415553e-13 1.437752e-07 2.381137e-22 1.521492e-20 4.672510e-26 1.777512e-23 1.475567e-14 9.042095e-15 4.184917e-12 2.068865e-09 6.388936e-08 2.161401e-18 9.885134e-22 5.155643e-19 9.847965e-15 4.181856e-10 8.453614e-08 6.823225e-14 1.211902e-10 8.070874e-11 3.863513e-12 6.955295e-14 2.981542e-18 2.462888e-17 0.000000e+00 3.066839e-12 9.368239e-17 4.062921e-26 2.004427e-11 1.623108e-29 6.127829e-22 1.273529e-26 2.037688e-09 0.000000e+00 2.046209e-27 3.801080e-25 0.000000e+00 2.057905e-08 2.555173e-12 1.576442e-18 5.079094e-21 1.179687e-09 5.038639e-13 1.422550e-11 1.002910e-16 4.103420e-12 3.604039e-20 1.011912e-17 1.090132e-14 2.387448e-13 7.300516e-13 8.775714e-18 1.652887e-17 4.438582e-15 3.611604e-20 1.023784e-42 1.126940e-14 3.055970e-13 1.748935e-34 0.000000e+00 6.993503e-169 8.021110e-19 9.304501e-03
1.887140e-05 4.901484e-08 9.410574e-05 2.266720e-05 1.618109e-07 6.430859e-07 3.448637e-13 1.321757e-18 9.873503e-15 8.653723e-11 1.334203e-06 2.246544e-24 1.044158e-10 1.948195e-18 4.530100e-20 3.176212e-10 3.538218e-15 1.186136e-10 6.417254e-06 4.297782e-04 1.999449e-19 1.620567e-08 7.968546e-15 2.710112e-14 9.229433e-12 2.384355e-14 2.007463e-01 3.245034e-15 4.385153e-16 1.037524e-17 2.039805e-08 1.612860e-17 5.084307e-12 1.309994e-14 3.409465e-15 6.929039e-10 1.387841e-17 7.894104e-01 1.957125e-13 1.246338e-07 7.914542e-23 6.743402e-21 2.458214e-26 8.329162e-24 1.323122e-14 4.329307e-15 2.393244e-12 1.072577e-09 4.706066e-08 5.799030e-19 1.338202e-21 6.044448e-19 9.810636e-15 2.194734e-10 5.829575e-08 2.363924e-14 5.521771e-11 6.076783e-11 4.926279e-12 3.445589e-14 5.224718e-18 1.751673e-17 0.000000e+00 4.651760e-12 6.101292e-17 2.044586e-26 1.254532e-11 3.179322e-30 4.618665e-22 3.910970e-27 2.017805e-09 0.000000e+00 1.973567e-27 2.981546e-25 0.000000e+00 2.374408e-08 3.148375e-12 1.585826e-18 2.057269e-21 1.179115e-09 5.086618e-13 1.365426e-11 6.749818e-17 4.111594e-12 1.020511e-20 6.560263e-18 5.345538e-15 7.585912e-14 7.499267e-13 8.542209e-18 1.654815e-17 4.489671e-15 3.601862e-20 1.594988e-44 2.033316e-14 2.913833e-13 1.668440e-34 0.000000e+00 6.600666e-171 2.121521e-18 9.287794e-03
1.638517e-05 5.230719e-08 1.015605e-04 1.680952e-05 3.168846e-07 1.057420e-06 3.346966e-13 1.343650e-18 7.926965e-15 4.137909e-11 6.299747e-07 4.016500e-25 3.815530e-11 1.179509e-18 2.049383e-20 9.192112e-11 9.438069e-16 4.863436e-11 9.318514e-06 4.262465e-04 9.415530e-20 1.172624e-08 6.247846e-15 6.494903e-15 4.063321e-12 8.586649e-15 2.005896e-01 2.692875e-15 1.303162e-16 2.680902e-18 2.164866e-08 4.450869e-18 8.486301e-12 1.007433e-14 3.181387e-15 3.844249e-10 6.153987e-18 7.895854e-01 1.060112e-13 1.060600e-07 1.895359e-23 2.615727e-21 1.031682e-26 3.311587e-24 1.122875e-14 1.768466e-15 1.186409e-12 5.160354e-10 3.286147e-08 9.066475e-20 1.685711e-21 7.170445e-19 9.768625e-15 9.965357e-11 4.327503e-08 6.641364e-15 2.314390e-11 4.428375e-11 5.265161e-12 1.505111e-14 8.698515e-18 1.101463e-17 0.000000e+00 7.175396e-12 3.313121e-17 1.069618e-26 7.208079e-12 5.796411e-31 2.949085e-22 9.402426e-28 1.997520e-09 0.000000e+00 1.894328e-27 2.033813e-25 0.000000e+00 2.440679e-08 3.859621e-12 1.480965e-18 8.735133e-22 1.172429e-09 5.082754e-13 1.321344e-11 4.188553e-17 4.096258e-12 2.095779e-21 4.264346e-18 1.808241e-15 1.636329e-14 7.570099e-13 8.176870e-18 1.663161e-17 4.487288e-15 3.585123e-20 1.767860e-46 3.499777e-14 2.372612e-13 1.229563e-34 0.000000e+00 6.236454e-173 5.516572e-18 9.268769e-03
1.422649e-05 5.053186e-08 1.082819e-04 1.116203e-05 5.942515e-07 1.834948e-06 2.740501e-13 1.176981e-18 5.612239e-15 1.586884e-11 2.640237e-07 4.887202e-26 1.001493e-11 4.895427e-19 6.302324e-21 1.892391e-11 1.870380e-16 1.762828e-11 1.431226e-05 4.200965e-04 3.394117e-20 7.769348e-09 4.130597e-15 1.236515e-15 1.513398e-12 2.953541e-15 2.004117e-01 2.036370e-15 3.087699e-17 5.222364e-19 2.083172e-08 9.899984e-19 1.433161e-11 6.028210e-15 2.432299e-15 1.819534e-10 2.380792e-18 7.897844e-01 5.418802e-14 8.828506e-08 2.932973e-24 8.537835e-22 3.356745e-27 1.099304e-24 8.602408e-15 6.114299e-16 5.085505e-13 2.245038e-10 2.167994e-08 8.144544e-21 1.993530e-21 8.341760e-19 9.721941e-15 3.904303e-11 3.525181e-08 1.494916e-15 8.879684e-12 3.078013e-11 4.700916e-12 5.771853e-15 1.391739e-17 5.912690e-18 2.633664e-25 1.169313e-11 1.406996e-17 6.079857e-27 3.776159e-12 9.904147e-32 1.540943e-22 1.801692e-28 1.975202e-09 3.319522e-41 1.808235e-27 1.228260e-25 3.528466e-25 2.211906e-08 4.586627e-12 1.245904e-18 5.378927e-22 1.160189e-09 5.061120e-13 1.289529e-11 2.254850e-17 4.073240e-12 2.814846e-22 2.856840e-18 4.154750e-16 2.263405e-15 7.575763e-13 7.704381e-18 1.678637e-17 4.467692e-15 3.565512e-20 1.319136e-48 5.797970e-14 1.639682e-13 6.539980e-35 0.000000e+00 5.898563e-175 1.427838e-17 9.247093e-03
1.235221e-05 4.221683e-08 1.138579e-04 6.444894e-06 1.072434e-06 3.520478e-06 1.790162e-13 8.197754e-19 3.539422e-15 4.674298e-12 9.805246e-08 6.346277e-27 1.801312e-12 1.339128e-19 1.226154e-21 2.523943e-12 2.525731e-17 5.661632e-12 2.239724e-05 4.104530e-04 9.164270e-21 4.774087e-09 2.298177e-15 1.977264e-16 4.888695e-13 9.366268e-16 2.002094e-01 1.412553e-15 5.753344e-18 7.046629e-20 1.757521e-08 1.855229e-19 2.552797e-11 2.506585e-15 1.493005e-15 7.147988e-11 7.701805e-19 7.900100e-01 2.607724e-14 7.133965e-08 2.302512e-25 2.237500e-22 0.000000e+00 3.010284e-25 5.637444e-15 1.777954e-16 1.876848e-13 8.402474e-11 1.348044e-08 4.320442e-22 2.201323e-21 9.275556e-19 9.670519e-15 1.320376e-11 3.299898e-08 2.626947e-16 3.095208e-12 1.980234e-11 3.438199e-12 1.939774e-15 2.169098e-17 2.566657e-18 0.000000e+00 2.118009e-11 4.235008e-18 3.349917e-27 1.790539e-12 1.353836e-32 6.209948e-23 2.368819e-29 1.947273e-09 9.721194e-46 1.715197e-27 6.688880e-26 1.986879e-30 1.696765e-08 5.145195e-12 9.043354e-19 5.849559e-22 1.143264e-09 5.033616e-13 1.268072e-11 9.565593e-18 4.046540e-12 2.102358e-23 2.005081e-18 6.286882e-17 1.844946e-16 7.558504e-13 7.157525e-18 1.697987e-17 4.442888e-15 3.543425e-20 5.984567e-51 9.292888e-14 9.533892e-14 2.082871e-35 0.000000e+00 5.580633e-177 3.733257e-17 9.222478e-03
1.072485e-05 2.869090e-08 1.179960e-04 3.163516e-06 1.857665e-06 7.952389e-06 8.132161e-14 3.956495e-19 1.956651e-15 9.991291e-13 3.229555e-08 7.218559e-28 2.132766e-13 2.335525e-20 1.329689e-22 1.851118e-13 2.116824e-18 1.611114e-12 3.423900e-05 3.967430e-04 1.859867e-21 2.559121e-09 1.082009e-15 2.899903e-17 1.460533e-13 2.649575e-16 1.999784e-01 9.051554e-16 8.646082e-19 5.850685e-21 1.221886e-08 3.560450e-20 4.997022e-11 5.671296e-16 6.976902e-16 2.211830e-11 1.990526e-19 7.902649e-01 1.176569e-14 5.530873e-08 1.349558e-26 4.411556e-23 1.884809e-28 6.767897e-26 2.914519e-15 4.292975e-17 5.907588e-14 2.469777e-11 7.888760e-09 1.459199e-23 2.287979e-21 9.748370e-19 9.614481e-15 3.869211e-12 3.789932e-08 3.548082e-17 9.759334e-13 1.106171e-11 1.964037e-12 5.718902e-16 3.379835e-17 8.617347e-19 0.000000e+00 4.536783e-11 8.080911e-19 1.481976e-27 7.605976e-13 1.137405e-33 1.806112e-23 1.029719e-30 1.903348e-09 4.121671e-42 1.615362e-27 3.325487e-26 1.003778e-25 1.023095e-08 5.391504e-12 5.298043e-19 7.865642e-22 1.122573e-09 5.002268e-13 1.253990e-11 2.818567e-18 4.016496e-12 7.127399e-25 1.481366e-18 6.041998e-18 7.952858e-18 7.534277e-13 6.574764e-18 1.717083e-17 4.414740e-15 3.518632e-20 1.401733e-53 1.446946e-13 4.647137e-14 2.924547e-36 0.000000e+00 5.281405e-179 9.867787e-17 9.194560e-03
9.311897e-06 1.666004e-08 1.207439e-04 1.368179e-06 3.028637e-06 2.023039e-05 2.253468e-14 1.115023e-19 9.149861e-16 1.633948e-13 9.463984e-09 3.680933e-29 1.920379e-14 3.012509e-21 1.266606e-23 7.988272e-15 1.301643e-19 4.058791e-13 4.952467e-05 3.793422e-04 3.156939e-22 9.243362e-10 4.633778e-16 4.224108e-18 4.252711e-14 6.514608e-17 1.997120e-01 5.404290e-16 1.165129e-19 3.313481e-22 7.094743e-09 9.355969e-21 1.053864e-10 5.980131e-17 2.353283e-16 5.224374e-12 4.450443e-20 7.905505e-01 4.947338e-15 4.069453e-08 6.707478e-25 7.772832e-24 7.549594e-26 1.265283e-26 1.199290e-15 9.070405e-18 1.567492e-14 5.714574e-12 4.344094e-09 3.529400e-25 2.224223e-21 9.637611e-19 9.554240e-15 9.904468e-13 5.246815e-08 4.425211e-18 2.787902e-13 5.089359e-12 8.534654e-13 1.484165e-16 5.503909e-17 2.652703e-19 0.000000e+00 1.075212e-10 1.097612e-19 4.056038e-28 2.855209e-13 4.672415e-35 4.607380e-24 0.000000e+00 1.819578e-09 0.000000e+00 1.509199e-27 1.552669e-26 0.000000e+00 4.801001e-09 5.350075e-12 2.614450e-19 1.004658e-21 1.098779e-09 4.966961e-13 1.243902e-11 6.287849e-19 3.982881e-12 1.355741e-26 1.153914e-18 3.891769e-19 1.944592e-19 7.506469e-13 5.995103e-18 1.731770e-17 4.383118e-15 3.490856e-20 1.502940e-56 2.190033e-13 1.909914e-14 1.555790e-37 0.000000e+00 4.994642e-181 2.629267e-16 9.163100e-03
8.085092e-06 1.069492e-08 1.225109e-04 5.933656e-07 4.765863e-06 4.564708e-05 4.716178e-15 2.362168e-20 3.577858e-16 2.630491e-14 2.481893e-09 1.130231e-30 2.012253e-15 4.419165e-22 7.270794e-24 4.747241e-16 1.013869e-20 9.075732e-14 6.722733e-05 3.593198e-04 5.688765e-23 2.132757e-10 1.834324e-16 6.707634e-19 1.183375e-14 1.411313e-17 1.994034e-01 3.021719e-16 1.676377e-20 2.083352e-23 4.396533e-09 3.344749e-21 2.202535e-10 6.571365e-18 5.926158e-17 9.939126e-13 1.167533e-20 7.908688e-01 1.932487e-15 2.849651e-08 0.000000e+00 2.407921e-24 0.000000e+00 1.986001e-27 5.104344e-16 1.936742e-18 3.508339e-15 1.390900e-12 2.253407e-09 6.517622e-27 2.105138e-21 9.178109e-19 9.490351e-15 2.234226e-13 6.679440e-08 7.266708e-19 7.207663e-14 2.034348e-12 3.031334e-13 3.411117e-17 9.342667e-17 1.364072e-19 0.000000e+00 2.166536e-10 2.064017e-20 7.498513e-29 9.408517e-14 1.273963e-36 2.194042e-24 0.000000e+00 1.686748e-09 0.000000e+00 1.397452e-27 6.547557e-27 0.000000e+00 1.978726e-09 5.097956e-12 1.384427e-19 1.189069e-21 1.072163e-09 4.927331e-13 1.235355e-11 1.749683e-19 3.945428e-12 4.334430e-28 9.449153e-19 1.957691e-20 3.643280e-21 7.475244e-13 5.444007e-18 1.739277e-17 4.347697e-15 3.459816e-20 8.332897e-60 3.230982e-13 6.751005e-15 9.485715e-39 0.000000e+00 4.725832e-183 6.877421e-16 9.127587e-03
7.019914e-06 8.223117e-09 1.235627e-04 3.062847e-07 7.521939e-06 8.498859e-05 9.448698e-16 4.429413e-21 1.174647e-16 4.521170e-15 5.868032e-10 2.901388e-32 2.796908e-16 8.406528e-23 9.264066e-24 5.498786e-17 1.081520e-21 1.813426e-14 8.655211e-05 3.375025e-04 1.145829e-23 4.141924e-11 6.952133e-17 1.200789e-19 3.074751e-15 2.651267e-18 1.990488e-01 1.598044e-16 2.564100e-21 1.713387e-24 3.275665e-09 1.449504e-21 4.449157e-10 3.985232e-18 1.193297e-17 1.619719e-13 4.427094e-21 7.912227e-01 7.025498e-16 1.940919e-08 0.000000e+00 1.428293e-24 0.000000e+00 2.637280e-28 2.568411e-16 4.253639e-19 6.696051e-16 4.249780e-13 1.103622e-09 9.336475e-29 1.905033e-21 8.394700e-19 9.423628e-15 4.477709e-14 7.095653e-08 1.687746e-19 1.687930e-14 7.773277e-13 9.577767e-14 6.995944e-18 1.554339e-16 1.207312e-19 0.000000e+00 3.473010e-10 8.204437e-21 9.999042e-30 2.750440e-14 2.720234e-38 2.106780e-24 0.000000e+00 1.530516e-09 0.000000e+00 1.281243e-27 2.265723e-27 0.000000e+00 8.059508e-10 4.672296e-12 8.716113e-20 1.336208e-21 1.042790e-09 4.883031e-13 1.227265e-11 7.004768e-20 3.903911e-12 3.238560e-29 8.111752e-19 1.214155e-21 6.430313e-23 7.440337e-13 4.936987e-18 1.737911e-17 4.308171e-15 3.425256e-20 4.364674e-63 4.634030e-13 2.090329e-15 3.496508e-39 0.000000e+00 4.465459e-185 1.752034e-15 9.087974e-03
6.095068e-06 6.703216e-09 1.239546e-04 2.014220e-07 1.178880e-05 1.467310e-04 1.776985e-16 7.752837e-22 3.251288e-17 7.491132e-16 1.264033e-10 6.597252e-34 4.056644e-17 1.637718e-23 1.258032e-23 7.551690e-18 1.257353e-22 3.273795e-15 1.070341e-04 3.143805e-04 2.280510e-24 7.336034e-12 3.840535e-17 2.188839e-20 7.439228e-16 4.462819e-19 1.986394e-01 8.319346e-17 3.814714e-22 1.473975e-25 2.603768e-09 7.298992e-22 8.921612e-10 5.965792e-18 2.014064e-18 2.392156e-14 2.604037e-21 7.916129e-01 2.391353e-16 1.329812e-08 0.000000e+00 1.004626e-24 2.741278e-32 4.586173e-29 1.391797e-16 9.032465e-20 1.112427e-16 1.456763e-13 5.123551e-10 1.054433e-30 1.714809e-21 7.581831e-19 9.355056e-15 8.055334e-15 7.043023e-08 4.738678e-20 3.607096e-15 2.953289e-13 2.901182e-14 1.294774e-18 2.525442e-16 1.266961e-19 0.000000e+00 4.981778e-10 4.513809e-21 1.138444e-30 7.191042e-15 4.791003e-40 2.567831e-24 0.000000e+00 1.352306e-09 0.000000e+00 1.161980e-27 6.501188e-28 0.000000e+00 3.387238e-10 4.111087e-12 5.671489e-20 1.436806e-21 1.010653e-09 4.833710e-13 1.219165e-11 3.204821e-20 3.858114e-12 3.026885e-30 7.242697e-19 4.953684e-22 1.117447e-24 7.401423e-13 4.493406e-18 1.725646e-17 4.264233e-15 3.386923e-20 8.815973e-64 6.488942e-13 5.788661e-16 3.352021e-39 0.000000e+00 4.223204e-187 4.170166e-15 9.043583e-03
5.292068e-06 5.446811e-09 1.236261e-04 1.515396e-07 1.789686e-05 2.493779e-04 3.024155e-17 1.108343e-22 7.568070e-18 1.137295e-16 2.506847e-11 1.122081e-35 5.537303e-18 2.941946e-24 1.570126e-23 9.916647e-19 1.422398e-23 5.399761e-16 1.282808e-04 2.903726e-04 4.223636e-25 1.201674e-12 3.948522e-17 3.827967e-21 1.681691e-16 6.622607e-20 1.981605e-01 4.806348e-17 5.246047e-23 1.222452e-26 2.042277e-09 4.206192e-22 2.025168e-09 1.068907e-17 3.169701e-19 3.625551e-15 2.438042e-21 7.920351e-01 7.672943e-17 9.433333e-09 8.676132e-31 6.273411e-25 8.899431e-32 1.739533e-28 7.694606e-17 2.074657e-20 1.651890e-17 5.333916e-14 2.265370e-10 9.903130e-33 1.469490e-21 6.552869e-19 9.285870e-15 1.318985e-15 7.233281e-08 1.493026e-20 7.096028e-16 1.146607e-13 9.919398e-15 2.226715e-19 3.987531e-16 1.281257e-19 0.000000e+00 6.665539e-10 2.504025e-21 8.518771e-32 1.697648e-15 5.177381e-42 3.468353e-24 0.000000e+00 1.155047e-09 0.000000e+00 1.041377e-27 1.573897e-28 0.000000e+00 1.460562e-10 3.465438e-12 3.621205e-20 1.383952e-21 9.757621e-10 4.779032e-13 1.210766e-11 1.466902e-20 3.807853e-12 2.610212e-31 6.675606e-19 4.989755e-22 1.850763e-26 7.358152e-13 4.134351e-18 1.700365e-17 4.215588e-15 3.344574e-20 3.339853e-64 8.845586e-13 1.451166e-16 3.411515e-39 0.000000e+00 3.987931e-189 9.218354e-15 8.994507e-03
4.594859e-06 4.231254e-09 1.226100e-04 1.138984e-07 2.597404e-05 4.341860e-04 4.490333e-18 1.382940e-23 1.486677e-18 1.546983e-17 4.637060e-12 1.512655e-37 6.841967e-19 4.704441e-25 1.857071e-23 1.166667e-19 1.518448e-24 8.249573e-17 1.499281e-04 2.658689e-04 7.068673e-26 1.761061e-13 5.282804e-17 6.176533e-22 3.581177e-17 9.087183e-21 1.975840e-01 3.688667e-17 7.091910e-24 9.800098e-28 1.495434e-09 2.753955e-22 7.746101e-09 3.010649e-17 6.323398e-20 7.790005e-16 4.387694e-21 7.924775e-01 2.342069e-17 6.992041e-09 7.736202e-30 3.611894e-25 8.041400e-31 2.006079e-27 4.148048e-17 7.627855e-21 2.427694e-18 2.010616e-14 9.604692e-11 8.407813e-35 1.258359e-21 5.651858e-19 9.216960e-15 1.997236e-16 7.953633e-08 5.021870e-21 1.300338e-16 4.520362e-14 6.732710e-15 4.625951e-20 6.113533e-16 1.161989e-19 4.947259e-25 8.471148e-10 1.220142e-21 3.249631e-33 3.617623e-16 2.550963e-44 6.910198e-24 5.417904e-31 9.442935e-10 5.878226e-43 9.213131e-28 3.266121e-29 8.839939e-26 6.047108e-11 2.791432e-12 2.116136e-20 1.181238e-21 9.381660e-10 4.718644e-13 1.201836e-11 6.266195e-21 3.752909e-12 1.766318e-32 6.290559e-19 4.818426e-22 2.767092e-28 7.310109e-13 3.873870e-18 1.660715e-17 4.161928e-15 3.297964e-20 1.113704e-64 1.180948e-12 3.353786e-17 5.218634e-39 0.000000e+00 3.771413e-191 1.829735e-14 8.939744e-03
3.989505e-06 3.210799e-09 1.210101e-04 8.133884e-08 3.592972e-05 7.595775e-04 5.967437e-19 1.577876e-24 2.516143e-19 1.944363e-18 8.085909e-13 1.731200e-39 8.818107e-20 7.718377e-26 2.039340e-23 1.262493e-20 1.554720e-25 1.180485e-17 1.716835e-04 2.411826e-04 1.105895e-26 2.381271e-14 7.110051e-17 9.343610e-23 7.232062e-18 1.162275e-21 1.968702e-01 3.917672e-17 1.011819e-24 1.041458e-28 1.038317e-09 2.007494e-22 4.827126e-08 1.307661e-16 2.129918e-20 3.083585e-16 1.343531e-20 7.929215e-01 6.857623e-18 5.383494e-09 7.732180e-29 2.004538e-25 7.869226e-30 2.622452e-26 2.204765e-17 4.407969e-21 7.109546e-19 8.262431e-15 3.933682e-11 1.463235e-36 1.067171e-21 4.833814e-19 9.148746e-15 2.836657e-17 9.242729e-08 1.863134e-21 2.242635e-17 1.824610e-14 1.349656e-14 1.341488e-20 8.898694e-16 9.328344e-20 4.441055e-27 1.003376e-09 5.272271e-22 6.655952e-35 6.963623e-17 1.158250e-42 1.975957e-23 4.158438e-33 7.568028e-10 2.075151e-44 8.035580e-28 5.816637e-30 4.190388e-27 2.350022e-11 2.148184e-12 1.188702e-20 8.868937e-22 8.978861e-10 4.652071e-13 1.192159e-11 2.596071e-21 3.692936e-12 9.773258e-34 6.015503e-19 3.178422e-22 3.995967e-30 7.256735e-13 3.714251e-18 1.606451e-17 4.102834e-15 3.246755e-20 3.008499e-65 1.545240e-12 7.225109e-18 1.176167e-38 0.000000e+00 3.569846e-193 3.285922e-14 8.878742e-03
3.463904e-06 2.433966e-09 1.190029e-04 5.535602e-08 4.758685e-05 1.306234e-03 8.557210e-20 7.317531e-25 3.810183e-20 2.339380e-19 1.343688e-13 9.055613e-41 2.228701e-20 2.441455e-26 2.116344e-23 1.291908e-21 1.559490e-26 1.600129e-18 1.933422e-04 2.165376e-04 1.709182e-27 3.065195e-15 9.136286e-17 1.370821e-23 1.395853e-18 1.420031e-22 1.959660e-01 4.926456e-17 2.932476e-25 3.408013e-26 7.003917e-10 1.590371e-22 2.957903e-07 5.426199e-16 9.885691e-21 1.760923e-16 4.127672e-20 7.933404e-01 1.955685e-18 4.216272e-09 7.357684e-28 1.224711e-25 8.094802e-29 3.699080e-25 1.164033e-17 2.535386e-21 8.302807e-19 3.878843e-15 1.581392e-11 3.356592e-37 9.119309e-22 4.162208e-19 9.081121e-15 3.828713e-18 1.097949e-07 7.882559e-22 3.685472e-18 7.560930e-15 3.581812e-14 2.296587e-20 1.222277e-15 6.808287e-20 0.000000e+00 1.108607e-09 2.122963e-22 3.458930e-36 1.213036e-17 1.163054e-38 5.137680e-23 0.000000e+00 6.192446e-10 1.042210e-45 6.899065e-28 9.134705e-31 2.940035e-28 8.655763e-12 1.589050e-12 6.794902e-21 6.072530e-22 8.549814e-10 4.578796e-13 1.181543e-11 1.095042e-21 3.627532e-12 4.761284e-35 5.804988e-19 1.127773e-22 9.525130e-32 7.197380e-13 3.647553e-18 1.538387e-17 4.037850e-15 3.190583e-20 7.589445e-66 1.987860e-12 1.468903e-18 2.580743e-38 0.000000e+00 3.384956e-195 5.388694e-14 8.810479e-03
3.007548e-06 1.872868e-09 1.167525e-04 3.658118e-08 6.080506e-05 2.174262e-03 9.591826e-20 4.511248e-24 5.377665e-21 2.768981e-20 2.148508e-14 4.953680e-40 1.571694e-20 2.119514e-26 2.087071e-23 1.329683e-22 1.551041e-27 2.075057e-19 2.148027e-04 1.920513e-04 2.931702e-28 3.870532e-16 1.121517e-16 1.935572e-24 2.594029e-19 1.675416e-23 1.948063e-01 6.378715e-17 2.105937e-25 7.291348e-30 4.693552e-10 1.339128e-22 1.463176e-06 1.808008e-15 5.967185e-21 1.138753e-16 1.054737e-19 7.936994e-01 5.750725e-19 3.367972e-09 0.000000e+00 7.388211e-26 0.000000e+00 5.472189e-24 6.325517e-18 1.258501e-21 1.320103e-18 2.138125e-15 6.576472e-12 1.467525e-37 7.880520e-22 3.619206e-19 9.013528e-15 4.964374e-19 1.300741e-07 3.876996e-22 5.864707e-19 3.259508e-15 8.673975e-14 0.000000e+00 1.596892e-15 4.692251e-20 6.428888e-27 1.159925e-09 8.460021e-23 3.106909e-36 1.920665e-18 1.634724e-34 1.051675e-22 0.000000e+00 5.340246e-10 1.394954e-45 5.820476e-28 1.318247e-31 5.643997e-28 3.103430e-12 1.146425e-12 4.142246e-21 3.946403e-22 8.095307e-10 4.498225e-13 1.169808e-11 4.856460e-22 3.556216e-12 2.209583e-36 5.631465e-19 3.232849e-23 5.056067e-32 7.131270e-13 3.658713e-18 1.458046e-17 3.966453e-15 3.129034e-20 1.918375e-66 2.518720e-12 2.847165e-19 4.751093e-38 0.000000e+00 3.214915e-197 8.198172e-14 8.733943e-03
2.611316e-06 1.472166e-09 1.143820e-04 2.387521e-08 7.552554e-05 3.483272e-03 5.287483e-19 3.025361e-23 7.652205e-22 3.292418e-21 3.335756e-15 1.474532e-38 1.470282e-20 2.401015e-26 1.946067e-23 1.491062e-23 1.534923e-28 2.598585e-20 2.359845e-04 1.678221e-04 7.259792e-29 4.974281e-17 1.325971e-16 2.743590e-25 4.676416e-20 1.946785e-24 1.933147e-01 8.012550e-17 2.738315e-25 3.088883e-30 3.166986e-10 1.177720e-22 5.783850e-06 4.856578e-15 1.539942e-20 7.816288e-17 2.233678e-19 7.939541e-01 2.200337e-19 2.754700e-09 1.191482e-25 7.419869e-26 1.146287e-26 8.293000e-23 3.701212e-18 5.752224e-22 1.953322e-18 1.347791e-15 3.351858e-12 6.906290e-38 6.836462e-22 3.161185e-19 8.945127e-15 6.244485e-20 1.520287e-07 2.162825e-22 9.305844e-20 1.480575e-15 1.853394e-13 0.000000e+00 2.010696e-15 3.149015e-20 4.243687e-27 1.170525e-09 3.492636e-23 4.462927e-36 2.790713e-19 3.115242e-30 1.739253e-22 0.000000e+00 4.872912e-10 5.420497e-49 4.816153e-28 1.901546e-32 0.000000e+00 1.115793e-12 8.242521e-13 2.729372e-21 2.503071e-22 7.616897e-10 4.409775e-13 1.156785e-11 2.287390e-22 3.478517e-12 1.038816e-37 5.478069e-19 1.031799e-23 2.397936e-31 7.057574e-13 3.728885e-18 1.367420e-17 3.888129e-15 3.061708e-20 4.820662e-67 3.145210e-12 5.310283e-20 7.287753e-38 0.000000e+00 3.056143e-199 1.174406e-13 8.648222e-03
2.267286e-06 1.177688e-09 1.119884e-04 1.558798e-08 9.179569e-05 5.379546e-03 2.707613e-18 1.765726e-22 2.261712e-22 4.121801e-22 5.072948e-16 3.538784e-37 1.376742e-20 2.671721e-26 1.747741e-23 2.564312e-24 1.524511e-29 3.170542e-21 2.567965e-04 1.439591e-04 3.212634e-29 7.150680e-18 1.523815e-16 3.896250e-26 8.239667e-21 0.000000e+00 1.913993e-01 9.634847e-17 2.991491e-25 1.455748e-30 2.160531e-10 1.068069e-22 1.882734e-05 1.088747e-14 1.330617e-19 5.695977e-17 4.033832e-19 7.940457e-01 1.560297e-19 2.310962e-09 1.526220e-25 6.462611e-26 1.435717e-26 1.632744e-22 2.471197e-18 2.834940e-22 2.671737e-18 9.294940e-16 2.704650e-12 3.610626e-38 6.021172e-22 2.803165e-19 8.874766e-15 7.683778e-21 1.736026e-07 1.310085e-22 1.568896e-20 7.079928e-16 3.554473e-13 0.000000e+00 2.472268e-15 2.102540e-20 0.000000e+00 1.157101e-09 1.522703e-23 1.102600e-34 3.753531e-20 7.746444e-26 2.441778e-22 0.000000e+00 4.617183e-10 0.000000e+00 3.900387e-28 5.685614e-33 0.000000e+00 4.088278e-13 6.034402e-13 1.893781e-21 1.590879e-22 7.116843e-10 4.312854e-13 1.142301e-11 1.141496e-22 3.393961e-12 5.257885e-39 5.333787e-19 3.861896e-24 1.089412e-30 6.975368e-13 3.837548e-18 1.268744e-17 3.802358e-15 2.988209e-20 1.341422e-67 3.879303e-12 9.627584e-21 9.880331e-38 0.000000e+00 2.908456e-201 1.601673e-13 8.551959e-03
1.968580e-06 9.514837e-10 1.096396e-04 1.027864e-08 1.097791e-04 8.034384e-03 1.179693e-17 9.319000e-22 3.871350e-22 6.835769e-23 7.613822e-17 6.439647e-36 1.268476e-20 2.874876e-26 1.559787e-23 9.450157e-25 1.543481e-30 3.797542e-22 2.770820e-04 1.206344e-04 2.127315e-29 1.630484e-18 1.716286e-16 5.574786e-27 1.428133e-21 0.000000e+00 1.889531e-01 1.112208e-16 3.243937e-25 7.326935e-31 1.491490e-10 9.893724e-23 5.222163e-05 2.110583e-14 1.001656e-18 4.551581e-17 6.403899e-19 7.938996e-01 1.700575e-19 1.992832e-09 3.249788e-25 6.159843e-26 3.013988e-26 4.320662e-22 1.981281e-18 1.734107e-22 3.475792e-18 6.804085e-16 3.264530e-12 2.279847e-38 5.493994e-22 2.566366e-19 8.801037e-15 9.305154e-22 1.916553e-07 8.426597e-23 3.167694e-21 3.529758e-16 6.241382e-13 1.596410e-22 2.999013e-15 1.417527e-20 0.000000e+00 1.132458e-09 7.024912e-24 0.000000e+00 4.658982e-21 0.000000e+00 3.045468e-22 0.000000e+00 4.439770e-10 2.045129e-49 3.083619e-28 9.871138e-33 4.847475e-32 1.529749e-13 4.555124e-13 1.333189e-21 1.037295e-22 6.597623e-10 4.206777e-13 1.126165e-11 6.006373e-23 3.301999e-12 3.609818e-40 5.191385e-19 1.665595e-24 4.207611e-30 6.883557e-13 3.964102e-18 1.164247e-17 3.708535e-15 2.908077e-20 4.844099e-68 4.739427e-12 1.713230e-21 1.279908e-37 0.000000e+00 2.772309e-203 2.102336e-13 8.443349e-03
1.709227e-06 7.758953e-10 1.073447e-04 6.868931e-09 1.296878e-04 1.162465e-02 4.387955e-17 4.260795e-21 9.513372e-22 2.608445e-23 1.134821e-17 8.373139e-35 1.137613e-20 2.952824e-26 1.361457e-23 5.291963e-25 1.609044e-31 4.493092e-23 2.965201e-04 9.818996e-05 1.656744e-29 8.747161e-19 1.901400e-16 8.086750e-28 2.448002e-22 6.593632e-26 1.858673e-01 1.233909e-16 3.393030e-25 3.895088e-31 1.044914e-10 9.294404e-23 1.271453e-04 3.657676e-14 5.726495e-18 4.235968e-17 9.203511e-19 7.934275e-01 1.992962e-19 1.758314e-09 0.000000e+00 4.343861e-26 0.000000e+00 8.026507e-23 1.888938e-18 1.264743e-22 4.296503e-18 5.162279e-16 4.480877e-12 1.552492e-38 5.080259e-22 2.379470e-19 8.722565e-15 1.115077e-22 2.056642e-07 5.591068e-23 8.689470e-22 1.828605e-16 1.018544e-12 1.414922e-20 3.604192e-15 9.693518e-21 9.392437e-25 1.102200e-09 3.446920e-24 1.889963e-35 5.475104e-22 2.050085e-31 3.484417e-22 9.625189e-26 4.281342e-10 1.043284e-43 2.373275e-28 2.467662e-32 1.636164e-25 5.904850e-14 3.545313e-13 9.485858e-22 6.907144e-23 6.071706e-10 4.090927e-13 1.108185e-11 3.310052e-23 3.202164e-12 5.934532e-41 5.046408e-19 8.048816e-25 1.367100e-29 6.781021e-13 4.088762e-18 1.056211e-17 3.606116e-15 2.820916e-20 1.966141e-68 5.730221e-12 3.011465e-22 1.553093e-37 0.000000e+00 2.641549e-205 2.173619e-13 8.321406e-03
1.484044e-06 6.354442e-10 1.051145e-04 4.662946e-09 1.518145e-04 1.634294e-02 1.404750e-16 1.712932e-20 2.130624e-21 2.158621e-23 1.691011e-18 7.923759e-34 1.005430e-20 2.930190e-26 1.178015e-23 3.292682e-25 1.840224e-32 5.286762e-24 3.145982e-04 7.715925e-05 1.424813e-29 8.054995e-19 2.079481e-16 1.204805e-28 4.174619e-23 0.000000e+00 1.820270e-01 1.324235e-16 3.466676e-25 2.157246e-31 7.423645e-11 8.809160e-23 2.781944e-04 5.801421e-14 2.542823e-17 5.183643e-17 1.222155e-18 7.925183e-01 2.237263e-19 1.585379e-09 6.102982e-26 3.840986e-26 5.337232e-27 3.852046e-23 2.007989e-18 1.024448e-22 5.091207e-18 4.017836e-16 6.098177e-12 1.158422e-38 4.775252e-22 2.243622e-19 8.637900e-15 1.330126e-23 2.140760e-07 3.802600e-23 3.197374e-22 9.773167e-17 1.558060e-12 7.031755e-20 4.309044e-15 6.747223e-21 0.000000e+00 1.070198e-09 1.785202e-24 3.284429e-35 6.827087e-23 6.932113e-27 3.745153e-22 0.000000e+00 4.101301e-10 6.891540e-50 1.773118e-28 5.644378e-32 2.669733e-32 2.355505e-14 2.817879e-13 6.721797e-22 4.720462e-23 5.541367e-10 3.964850e-13 1.088178e-11 1.901600e-23 3.094146e-12 2.192607e-41 4.895776e-19 4.259778e-25 3.795780e-29 6.666668e-13 4.193162e-18 9.469784e-18 3.494702e-15 2.726462e-20 9.201811e-69 6.867817e-12 5.273925e-23 1.813881e-37 0.000000e+00 2.514600e-207 1.910730e-13 8.184662e-03
1.288527e-06 5.202307e-10 1.029445e-04 3.218034e-09 1.765272e-04 2.239468e-02 3.909274e-16 6.172887e-20 4.260220e-21 2.347491e-23 2.534192e-19 5.643037e-33 8.844717e-21 2.842918e-26 1.024202e-23 2.121324e-25 2.782563e-33 6.223083e-25 3.307031e-04 5.816548e-05 1.347156e-29 8.905218e-19 2.251457e-16 1.929227e-29 7.119609e-24 0.000000e+00 1.773123e-01 1.384756e-16 3.516448e-25 1.229942e-31 5.339112e-11 8.391036e-23 5.575502e-04 8.576238e-14 9.051739e-17 8.590223e-17 1.523352e-18 7.910353e-01 2.370341e-19 1.459259e-09 0.000000e+00 3.027470e-26 0.000000e+00 0.000000e+00 2.228169e-18 9.158835e-23 5.814915e-18 3.192311e-16 7.954897e-12 1.017115e-38 4.580835e-22 2.156241e-19 8.545470e-15 1.587974e-24 2.157600e-07 2.647338e-23 1.390971e-22 5.346669e-17 2.242520e-12 5.484642e-21 5.140276e-15 4.786165e-21 0.000000e+00 1.038225e-09 9.657414e-25 5.260047e-35 1.203010e-23 2.340910e-31 3.846708e-22 0.000000e+00 3.881140e-10 0.000000e+00 1.281929e-28 1.157839e-31 0.000000e+00 9.670345e-15 2.258925e-13 4.692986e-22 3.321010e-23 5.005966e-10 3.828179e-13 1.065962e-11 1.136317e-23 2.977720e-12 1.098215e-41 4.737258e-19 2.422953e-25 9.172249e-29 6.539366e-13 4.261406e-18 8.387609e-18 3.373970e-15 2.624528e-20 5.110534e-69 8.184150e-12 9.276491e-24 2.089746e-37 0.000000e+00 2.389897e-209 1.644869e-13 8.031553e-03
1.118769e-06 4.247842e-10 1.008108e-04 2.255162e-09 2.042455e-04 2.998582e-02 9.559831e-16 1.993725e-19 7.654543e-21 2.764362e-23 3.839563e-20 3.086869e-32 7.780178e-21 2.707859e-26 8.953534e-24 1.397009e-25 7.146153e-34 7.364969e-26 3.442273e-04 4.180589e-05 1.376119e-29 1.032032e-18 2.417417e-16 3.938864e-30 1.219742e-24 0.000000e+00 1.716084e-01 1.417547e-16 3.193187e-25 7.165670e-32 3.881354e-11 8.009266e-23 1.039254e-03 1.199286e-13 2.663451e-16 1.670059e-16 1.805306e-18 7.888144e-01 2.386132e-19 1.367228e-09 0.000000e+00 0.000000e+00 0.000000e+00 0.000000e+00 2.482306e-18 9.082337e-23 6.379231e-18 2.576877e-16 9.907898e-12 1.213473e-38 4.459065e-22 2.099180e-19 8.443637e-15 1.909865e-25 2.109235e-07 1.920725e-23 6.497896e-23 2.977626e-17 3.040628e-12 1.306394e-19 6.127624e-15 3.455376e-21 8.582400e-25 1.006320e-09 5.415694e-25 8.638456e-35 4.706825e-24 3.537250e-36 3.818693e-22 0.000000e+00 3.620954e-10 5.407039e-44 8.938634e-29 2.143384e-31 1.932191e-25 4.074730e-15 1.807923e-13 3.224366e-22 2.396592e-23 4.471833e-10 3.680714e-13 1.041360e-11 7.065714e-24 2.852825e-12 6.144405e-42 4.569308e-19 1.458275e-25 1.951210e-28 6.398014e-13 4.280833e-18 7.335983e-18 3.243746e-15 2.515063e-20 3.234487e-69 9.745402e-12 1.650184e-24 2.375420e-37 0.000000e+00 2.264665e-211 1.382621e-13 7.860802e-03
9.713753e-07 3.450075e-10 9.868859e-05 1.602310e-09 2.354555e-04 3.931035e-02 2.078717e-15 5.840423e-19 1.248440e-20 3.291598e-23 5.916158e-21 1.345661e-31 6.869491e-21 2.552870e-26 7.911753e-24 9.426373e-26 2.929439e-34 8.802568e-27 3.547040e-04 2.850704e-05 1.472732e-29 1.181337e-18 2.579227e-16 1.405859e-30 2.107632e-25 5.824698e-25 1.648139e-01 1.425222e-16 3.655422e-25 4.236667e-32 2.846747e-11 7.643644e-23 1.823337e-03 1.604485e-13 6.659510e-16 3.296340e-16 2.054093e-18 7.856637e-01 2.301966e-19 1.300824e-09 2.411628e-25 2.801907e-26 2.136802e-26 0.000000e+00 2.729333e-18 9.727487e-23 6.718568e-18 2.106988e-16 1.180665e-11 2.226560e-38 4.402699e-22 2.071391e-19 8.330727e-15 2.346582e-26 1.998989e-07 1.259386e-23 3.118976e-23 1.678190e-17 3.890587e-12 0.000000e+00 7.311298e-15 2.536428e-21 0.000000e+00 9.742569e-10 3.131337e-25 1.393159e-34 3.413195e-24 4.860008e-41 3.697091e-22 0.000000e+00 3.324618e-10 0.000000e+00 5.990109e-29 3.618221e-31 0.000000e+00 1.755367e-15 1.434840e-13 2.173218e-22 1.772184e-23 3.946017e-10 3.522497e-13 1.014220e-11 4.596774e-24 2.719610e-12 3.579569e-42 4.390912e-19 9.176526e-26 3.707536e-28 6.241622e-13 4.242662e-18 6.333053e-18 3.104066e-15 2.398204e-20 2.324369e-69 1.170860e-11 2.992374e-25 2.689420e-37 0.000000e+00 2.137123e-213 1.131954e-13 7.671134e-03
8.434005e-07 2.787001e-10 9.654405e-05 1.150770e-09 2.706652e-04 5.051657e-02 4.066331e-15 1.532691e-18 1.864814e-20 3.823670e-23 9.387968e-22 4.723504e-31 6.061218e-21 2.373198e-26 7.001102e-24 6.472107e-26 1.474704e-34 1.066197e-27 3.619139e-04 1.841472e-05 1.589606e-29 1.305110e-18 2.738140e-16 8.456744e-31 3.685524e-26 0.000000e+00 1.568643e-01 1.407796e-16 2.504423e-25 2.536238e-32 2.104250e-11 7.281153e-23 3.039384e-03 2.073632e-13 1.449557e-15 6.154237e-16 2.263085e-18 7.813701e-01 2.147702e-19 1.250506e-09 0.000000e+00 1.302882e-26 0.000000e+00 0.000000e+00 2.947383e-18 1.069420e-22 6.754705e-18 1.734974e-16 1.348023e-11 4.965665e-38 4.357623e-22 2.048032e-19 8.205148e-15 3.087189e-27 1.842764e-07 9.410389e-24 1.513615e-23 9.536883e-18 4.720095e-12 0.000000e+00 8.737043e-15 1.888167e-21 0.000000e+00 9.410795e-10 1.861510e-25 2.126344e-34 2.814148e-24 6.195269e-46 3.510274e-22 0.000000e+00 3.004773e-10 0.000000e+00 3.844363e-29 5.618367e-31 0.000000e+00 7.743465e-16 1.124706e-13 1.444924e-22 1.332901e-23 3.436081e-10 3.353902e-13 9.844346e-12 3.149113e-24 2.578517e-12 2.101442e-42 4.201603e-19 5.977564e-26 6.321063e-28 6.069443e-13 4.142511e-18 5.394266e-18 2.955263e-15 2.274341e-20 1.745609e-69 1.436281e-11 5.609181e-26 2.981182e-37 0.000000e+00 2.004593e-215 9.016920e-14 7.461936e-03
7.322859e-07 2.241293e-10 9.435018e-05 8.326828e-10 3.103963e-04 6.367031e-02 7.240096e-15 3.537147e-18 2.574266e-20 4.272903e-23 1.615525e-22 1.337399e-30 5.304164e-21 2.161971e-26 6.119957e-24 4.477391e-26 7.952487e-35 1.312300e-28 3.659457e-04 1.133593e-05 1.684285e-29 1.388394e-18 2.895997e-16 6.122408e-31 6.543903e-27 0.000000e+00 1.477557e-01 1.366164e-16 3.378990e-25 1.537206e-32 1.566521e-11 6.914099e-23 4.847754e-03 2.609107e-13 2.804756e-15 1.062043e-15 2.431366e-18 7.757108e-01 1.952734e-19 1.207441e-09 0.000000e+00 3.211175e-27 0.000000e+00 0.000000e+00 3.127485e-18 1.163745e-22 6.460216e-18 1.429065e-16 1.475126e-11 3.316138e-38 4.260751e-22 1.999413e-19 8.065514e-15 5.083667e-28 1.659138e-07 6.793258e-24 7.380678e-24 5.449285e-18 5.474650e-12 0.000000e+00 1.046120e-14 1.421600e-21 1.751968e-25 9.059035e-10 1.140698e-25 2.937224e-34 2.372707e-24 1.592276e-50 3.280894e-22 3.034182e-32 2.674873e-10 4.798158e-45 2.355181e-29 8.097708e-31 3.258857e-26 3.515456e-16 8.686572e-14 9.553175e-23 1.010867e-23 2.949856e-10 3.175765e-13 9.519712e-12 2.278757e-24 2.430368e-12 1.231414e-42 4.001509e-19 3.999040e-26 9.698191e-28 5.881149e-13 3.980615e-18 4.532165e-18 2.798074e-15 2.144199e-20 1.237171e-69 1.815469e-11 1.146099e-26 3.155746e-37 0.000000e+00 1.865055e-217 6.988758e-14 7.233257e-03
6.358102e-07 1.787655e-10 9.212247e-05 6.067836e-10 3.553045e-04 7.873979e-02 1.188604e-14 7.472468e-18 3.333164e-20 4.576041e-23 3.660097e-23 2.685877e-30 4.643141e-21 1.970236e-26 5.378940e-24 3.165606e-26 4.505297e-35 1.644672e-29 3.671766e-04 6.766861e-06 1.739602e-29 1.414829e-18 3.061479e-16 4.476141e-31 1.185380e-27 3.066716e-27 1.375537e-01 1.307494e-16 3.185369e-25 9.377224e-33 1.172320e-11 6.538474e-23 7.439754e-03 3.211916e-13 4.915940e-15 1.697979e-15 2.558750e-18 7.684605e-01 1.735359e-19 1.169604e-09 0.000000e+00 0.000000e+00 0.000000e+00 0.000000e+00 3.265126e-18 1.231172e-22 5.981916e-18 1.176875e-16 1.548384e-11 0.000000e+00 4.168622e-22 1.862099e-19 7.910611e-15 1.385377e-28 1.449793e-07 4.870888e-24 3.584481e-24 3.105686e-18 6.134839e-12 0.000000e+00 1.257884e-14 1.084008e-21 8.344367e-27 8.690974e-10 7.157767e-26 3.863392e-34 2.022472e-24 9.368414e-51 3.038307e-22 0.000000e+00 2.336745e-10 3.125552e-51 1.372633e-29 1.101218e-30 7.903911e-33 1.632107e-16 6.595292e-14 6.213594e-23 7.784005e-24 2.494487e-10 2.989275e-13 9.168637e-12 1.760323e-24 2.276272e-12 7.141612e-43 3.791201e-19 2.733888e-26 1.366887e-27 5.676802e-13 3.761589e-18 3.755208e-18 2.633549e-15 2.008758e-20 9.052209e-70 2.369032e-11 3.107970e-27 3.300958e-37 0.000000e+00 1.720039e-219 5.255617e-14 6.984712e-03
5.520448e-07 1.411618e-10 8.988634e-05 4.449871e-10 4.061146e-04 9.557064e-02 1.821777e-14 1.478197e-17 4.102126e-20 4.707185e-23 1.481144e-23 0.000000e+00 4.199553e-21 1.657983e-26 4.788330e-24 2.301319e-26 2.677401e-35 2.100480e-30 3.661308e-04 4.053517e-06 1.747439e-29 1.384537e-18 3.242816e-16 3.156850e-31 2.210517e-28 0.000000e+00 1.264070e-01 1.237938e-16 3.048161e-25 5.739124e-33 8.806928e-12 6.152795e-23 1.103788e-02 3.885994e-13 7.938622e-15 2.536986e-15 2.649329e-18 7.594015e-01 1.511901e-19 1.133437e-09 0.000000e+00 0.000000e+00 0.000000e+00 0.000000e+00 3.362586e-18 1.262781e-22 5.436028e-18 9.665389e-17 1.560380e-11 0.000000e+00 4.099969e-22 1.875223e-19 7.739483e-15 6.353495e-29 1.225676e-07 3.480449e-24 1.721298e-24 1.753698e-18 6.711945e-12 0.000000e+00 1.521074e-14 8.370754e-22 0.000000e+00 8.305207e-10 4.581710e-26 4.953904e-34 1.743983e-24 1.036720e-50 2.799491e-22 0.000000e+00 1.998292e-10 2.938176e-45 7.581702e-30 0.000000e+00 2.730980e-26 7.703227e-17 4.912892e-14 3.956961e-23 6.098513e-24 2.075835e-10 2.795898e-13 8.792096e-12 1.461021e-24 2.117547e-12 4.103600e-43 3.571662e-19 1.900364e-26 1.811291e-27 5.456830e-13 3.493765e-18 3.067426e-18 2.462980e-15 1.869186e-20 7.062322e-70 3.159749e-11 1.515267e-27 3.465867e-37 0.000000e+00 1.570438e-221 3.816327e-14 6.716625e-03
4.793151e-07 1.103840e-10 8.767637e-05 3.279255e-10 4.636149e-04 1.138843e-01 2.640934e-14 2.758567e-17 4.859824e-20 4.687167e-23 9.706297e-24 0.000000e+00 3.862942e-21 1.440811e-26 4.307096e-24 1.717323e-26 1.662845e-35 2.735053e-31 3.633272e-04 2.561605e-06 1.710683e-29 1.313647e-18 3.445877e-16 2.139358e-31 4.341028e-29 6.960420e-28 1.145467e-01 1.161420e-16 2.964122e-25 3.522113e-33 6.634994e-12 5.757568e-23 1.589161e-02 4.638383e-13 1.200600e-14 3.583637e-15 2.709645e-18 7.483300e-01 1.296351e-19 1.094874e-09 0.000000e+00 0.000000e+00 0.000000e+00 0.000000e+00 3.426174e-18 1.254245e-22 4.880284e-18 7.885466e-17 1.511488e-11 0.000000e+00 4.041549e-22 1.900582e-19 7.551517e-15 3.730554e-29 1.002579e-07 2.470138e-24 8.139844e-25 9.776328e-19 7.228420e-12 0.000000e+00 1.850704e-14 6.535792e-22 0.000000e+00 7.897239e-10 2.988686e-26 6.063952e-34 1.524476e-24 1.120036e-50 2.570862e-22 0.000000e+00 1.671345e-10 0.000000e+00 3.953271e-30 0.000000e+00 0.000000e+00 3.688323e-17 3.585842e-14 2.470674e-23 4.848960e-24 1.698385e-10 2.597413e-13 8.391816e-12 1.297484e-24 1.955751e-12 2.358000e-43 3.344329e-19 1.337210e-26 2.328236e-27 5.222108e-13 3.188307e-18 2.469209e-18 2.287936e-15 1.726857e-20 5.750417e-70 4.241954e-11 1.198500e-27 3.646356e-37 0.000000e+00 1.417099e-223 2.660527e-14 6.430140e-03
4.161673e-07 8.551443e-11 8.554191e-05 2.425098e-10 5.287151e-04 1.333128e-01 3.680529e-14 4.939137e-17 5.633466e-20 4.574750e-23 7.503017e-24 0.000000e+00 3.444255e-21 1.411121e-26 3.915565e-24 1.315255e-26 1.078267e-35 3.634424e-32 3.591745e-04 1.788064e-06 1.646434e-29 1.223646e-18 3.674870e-16 1.403690e-31 9.454511e-30 0.000000e+00 1.022604e-01 1.081564e-16 2.835746e-25 2.165899e-33 5.006444e-12 5.354739e-23 2.226995e-02 5.476278e-13 1.732347e-14 4.867594e-15 2.745732e-18 7.350548e-01 1.097523e-19 1.051637e-09 1.103346e-24 4.079218e-26 9.967483e-26 0.000000e+00 3.462252e-18 1.223993e-22 4.354921e-18 6.374378e-17 1.410151e-11 0.000000e+00 3.992138e-22 1.876815e-19 7.346370e-15 2.388976e-29 7.930433e-08 1.737093e-24 3.780397e-25 5.368132e-19 7.700680e-12 0.000000e+00 2.266742e-14 5.151791e-22 9.253335e-26 7.464590e-10 1.982120e-26 7.626034e-34 1.352454e-24 1.271062e-50 2.354639e-22 1.173832e-32 1.365990e-10 1.848996e-45 1.938090e-30 1.520612e-30 2.146700e-26 1.786160e-17 2.562325e-14 1.513217e-23 3.907341e-24 1.364997e-10 2.395838e-13 7.970182e-12 1.222124e-24 1.792614e-12 1.372671e-43 3.111013e-19 9.505868e-27 2.713351e-27 4.973897e-13 2.858084e-18 1.957820e-18 2.110195e-15 1.583303e-20 4.875024e-70 5.664217e-11 1.120333e-27 3.858693e-37 0.000000e+00 1.261866e-225 1.766312e-14 6.126784e-03
3.613389e-07 6.558920e-11 8.355017e-05 1.798532e-10 6.025401e-04 1.534482e-01 5.043637e-14 8.878203e-17 6.544350e-20 4.452299e-23 6.026854e-24 4.753035e-25 3.078038e-21 1.763675e-26 3.640938e-24 1.042593e-26 7.361551e-36 4.940715e-33 3.539318e-04 1.397656e-06 1.584958e-29 1.133278e-18 3.933355e-16 9.004455e-32 2.492092e-30 0.000000e+00 8.985606e-02 1.002169e-16 2.560060e-25 1.330952e-33 3.775542e-12 4.947107e-23 3.045432e-02 6.403334e-13 2.442700e-14 6.513931e-15 2.761601e-18 7.193919e-01 9.192518e-20 1.003882e-09 0.000000e+00 1.201225e-29 0.000000e+00 0.000000e+00 3.475093e-18 1.190817e-22 3.901849e-18 5.105955e-17 1.270568e-11 0.000000e+00 3.992317e-22 1.872568e-19 7.123828e-15 1.601981e-29 6.040553e-08 1.211716e-24 1.718661e-25 2.894846e-19 8.132476e-12 0.000000e+00 2.797455e-14 4.097326e-22 0.000000e+00 7.008138e-10 1.327411e-26 9.800716e-34 1.216847e-24 1.500331e-50 2.152833e-22 2.096130e-34 1.088606e-10 0.000000e+00 8.893365e-31 2.835916e-30 6.887420e-34 8.678190e-18 1.791406e-14 9.039922e-24 3.203826e-24 1.076674e-10 2.193279e-13 7.529972e-12 1.219619e-24 1.629910e-12 8.232929e-44 2.873728e-19 6.855397e-27 3.102667e-27 4.713696e-13 2.516378e-18 1.527880e-18 1.931615e-15 1.440090e-20 4.616560e-70 7.500342e-11 1.090910e-27 4.219301e-37 0.000000e+00 1.107729e-227 1.101669e-14 5.807990e-03
3.137339e-07 5.002991e-11 8.175146e-05 1.334273e-10 6.862099e-04 1.738620e-01 6.957267e-14 1.600373e-16 7.782814e-20 4.421495e-23 4.962284e-24 0.000000e+00 2.794785e-21 1.400971e-26 3.410473e-24 8.443716e-27 5.213831e-36 6.916674e-34 3.477284e-04 1.200878e-06 1.550910e-29 1.072380e-18 4.213694e-16 5.792930e-32 8.596249e-31 0.000000e+00 7.764542e-02 9.247761e-17 2.440313e-25 8.202793e-34 2.841980e-12 4.538097e-23 4.072631e-02 7.428032e-13 3.450561e-14 8.772706e-15 2.763700e-18 7.011729e-01 7.644406e-20 9.499002e-10 1.865081e-24 6.311972e-26 1.708348e-25 0.000000e+00 3.472168e-18 1.181124e-22 3.493041e-18 4.039186e-17 1.108681e-11 2.130969e-33 3.992044e-22 1.871369e-19 6.883851e-15 1.105242e-29 4.451391e-08 8.347174e-25 7.668195e-26 1.538080e-19 8.515642e-12 0.000000e+00 3.477422e-14 3.275777e-22 0.000000e+00 6.526564e-10 8.992054e-27 1.287735e-33 1.110808e-24 1.849894e-50 1.959470e-22 0.000000e+00 8.474930e-11 0.000000e+00 3.802469e-31 3.681214e-30 0.000000e+00 4.228757e-18 1.225602e-14 5.328633e-24 2.650006e-24 8.327491e-11 1.991912e-13 7.074386e-12 1.258757e-24 1.469442e-12 5.211559e-44 2.634679e-19 5.075273e-27 3.932787e-27 4.443256e-13 2.175826e-18 1.172397e-18 1.754111e-15 1.298809e-20 4.473252e-70 9.885813e-11 1.089602e-27 4.659222e-37 0.000000e+00 9.565285e-230 6.360633e-15 5.476374e-03
2.724008e-07 3.796279e-11 8.023724e-05 9.901446e-11 7.812673e-04 1.941382e-01 9.792621e-14 3.053091e-16 9.630891e-20 4.519246e-23 4.187693e-24 1.403172e-24 2.613971e-21 1.924800e-26 3.286864e-24 7.092897e-27 3.890363e-36 1.023021e-34 3.406120e-04 1.099002e-06 1.560572e-29 1.036987e-18 4.509302e-16 3.735408e-32 3.823343e-31 0.000000e+00 6.591781e-02 8.528666e-17 2.328179e-25 5.057764e-34 2.129372e-12 4.131424e-23 5.335818e-02 8.547338e-13 4.953062e-14 1.207299e-14 2.754226e-18 6.802490e-01 6.315481e-20 8.920849e-10 2.582286e-24 8.564027e-26 2.392169e-25 0.000000e+00 3.455910e-18 1.204393e-22 3.163402e-18 3.163453e-17 9.398920e-12 2.373888e-32 4.066181e-22 1.898997e-19 6.626511e-15 7.889281e-30 3.150839e-08 5.702132e-25 3.353902e-26 8.043250e-20 8.832788e-12 0.000000e+00 4.360113e-14 2.633595e-22 5.156051e-27 6.025948e-10 6.098620e-27 1.864759e-33 1.025863e-24 2.547739e-50 1.777344e-22 0.000000e+00 6.426625e-11 2.256593e-52 1.506814e-31 5.016726e-30 1.309882e-33 2.043645e-18 8.204238e-15 3.073216e-24 2.229740e-24 6.309858e-11 1.793872e-13 6.606896e-12 1.357138e-24 1.312939e-12 3.529669e-44 2.396136e-19 3.916906e-27 4.328145e-27 4.164503e-13 1.847289e-18 8.835372e-19 1.579565e-15 1.160990e-20 5.041805e-70 1.308838e-10 1.115941e-27 5.443568e-37 0.000000e+00 8.120401e-232 3.302951e-15 5.133613e-03
2.365131e-07 2.888707e-11 7.907509e-05 7.336696e-11 8.891256e-04 2.138634e-01 1.392848e-13 5.898848e-16 1.225067e-19 4.729488e-23 3.605086e-24 7.174220e-25 1.971022e-21 1.410061e-26 3.191269e-24 6.072112e-27 2.998311e-36 1.750772e-35 3.325918e-04 1.041326e-06 1.592827e-29 1.025296e-18 4.792711e-16 2.417862e-32 2.005560e-31 3.323587e-27 5.494255e-02 7.880456e-17 1.591619e-25 3.143478e-34 1.586546e-12 3.730988e-23 6.860041e-02 9.769686e-13 7.161765e-14 1.682252e-14 2.740423e-18 6.565088e-01 5.197100e-20 8.297536e-10 1.801777e-24 6.088285e-26 1.685659e-25 0.000000e+00 3.435060e-18 1.256811e-22 2.878763e-18 2.445433e-17 7.762781e-12 2.961071e-32 4.147216e-22 1.938631e-19 6.352131e-15 5.782013e-30 2.156642e-08 3.845153e-25 1.446489e-26 4.167855e-20 9.060257e-12 0.000000e+00 5.510996e-14 2.120781e-22 0.000000e+00 5.510165e-10 4.156927e-27 2.781549e-33 9.584193e-25 3.684087e-50 1.601327e-22 2.426594e-33 4.759005e-11 6.198701e-46 5.504259e-32 7.087354e-30 8.635623e-27 9.794063e-19 5.375165e-15 1.764309e-24 1.887879e-24 4.679604e-11 1.601238e-13 6.131311e-12 1.488504e-24 1.162047e-12 2.553536e-44 2.160434e-19 3.141605e-27 5.166965e-27 3.879576e-13 1.539380e-18 6.533192e-19 1.409807e-15 1.028085e-20 5.868510e-70 1.736053e-10 1.163969e-27 6.520680e-37 0.000000e+00 6.760572e-234 1.490831e-15 4.783013e-03
2.053534e-07 2.200876e-11 7.841858e-05 5.449096e-11 1.012251e-03 2.326601e-01 1.965167e-13 1.263054e-15 1.585300e-19 4.928725e-23 3.082024e-24 0.000000e+00 2.595866e-21 1.072004e-26 3.313652e-24 5.541622e-27 2.503816e-36 4.426906e-36 3.236680e-04 9.902782e-07 1.622998e-29 9.863547e-19 5.045993e-16 1.497501e-32 1.130149e-31 0.000000e+00 4.494340e-02 7.347928e-17 2.281518e-25 1.957171e-34 1.171396e-12 3.340490e-23 8.668285e-02 1.107142e-12 1.023919e-13 2.354687e-14 2.721137e-18 6.298728e-01 4.245577e-20 7.677220e-10 8.528235e-24 2.809683e-25 8.177148e-25 0.000000e+00 3.408060e-18 1.304845e-22 2.719547e-18 1.880008e-17 6.263732e-12 0.000000e+00 4.458570e-22 2.068318e-19 6.061144e-15 4.467717e-30 1.399742e-08 2.590264e-25 6.120916e-27 2.129034e-20 9.171710e-12 0.000000e+00 7.039107e-14 1.718244e-22 2.630217e-25 4.989892e-10 2.782295e-27 4.980295e-33 9.006257e-25 6.379513e-50 1.440587e-22 1.427571e-32 3.410570e-11 3.989919e-45 1.838836e-32 1.028961e-29 5.565940e-26 4.548746e-19 3.443190e-15 9.796254e-25 1.651148e-24 3.392954e-11 1.415865e-13 5.651466e-12 1.751675e-24 1.018195e-12 2.064661e-44 1.929772e-19 2.563300e-27 6.176691e-27 3.590661e-13 1.258127e-18 4.737043e-19 1.246470e-15 9.013569e-21 1.007040e-69 2.284499e-10 1.206131e-27 9.047369e-37 0.000000e+00 5.525975e-236 5.312307e-16 4.425508e-03
1.782989e-07 1.700560e-11 7.834504e-05 4.049986e-11 1.152464e-03 2.501862e-01 2.698305e-13 2.758411e-15 2.038664e-19 5.059097e-23 2.591626e-24 7.352170e-25 3.715905e-21 2.428707e-26 3.542480e-24 5.228127e-27 2.189950e-36 1.997016e-36 3.138317e-04 9.236990e-07 1.610397e-29 9.241368e-19 5.214752e-16 8.904569e-33 6.544983e-32 0.000000e+00 3.609655e-02 6.924961e-17 3.266651e-25 1.236851e-34 8.577253e-13 2.963493e-23 1.077993e-01 1.246264e-12 1.421354e-13 3.249766e-14 2.705756e-18 6.003071e-01 3.453498e-20 7.047763e-10 0.000000e+00 0.000000e+00 0.000000e+00 0.000000e+00 3.386429e-18 1.334018e-22 2.625248e-18 1.431045e-17 4.947834e-12 7.640619e-33 4.896238e-22 2.260944e-19 5.754264e-15 3.589662e-30 8.728121e-09 1.730392e-25 2.565083e-27 1.084283e-20 9.144754e-12 0.000000e+00 9.063927e-14 1.392904e-22 0.000000e+00 4.469853e-10 1.846073e-27 9.456013e-33 8.526401e-25 1.180616e-49 1.287868e-22 2.846322e-33 2.376348e-11 1.126307e-50 5.573460e-33 1.496558e-29 7.920707e-32 2.055397e-19 2.157806e-15 5.409291e-25 1.464540e-24 2.402230e-11 1.239442e-13 5.171351e-12 2.126245e-24 8.826362e-13 1.928202e-44 1.706276e-19 2.061282e-27 9.308382e-27 3.300059e-13 1.007529e-18 3.367880e-19 1.091039e-15 7.819115e-21 2.051224e-69 2.915287e-10 1.227088e-27 1.366333e-36 0.000000e+00 4.418673e-238 1.331323e-16 4.065246e-03
1.548088e-07 1.338382e-11 7.898541e-05 3.017793e-11 1.312504e-03 2.661844e-01 3.589590e-13 6.360381e-15 2.601400e-19 5.078401e-23 2.124915e-24 0.000000e+00 2.966928e-21 1.639701e-26 3.978451e-24 5.171011e-27 2.035271e-36 1.336389e-36 3.030716e-04 8.280505e-07 1.550689e-29 8.304637e-19 5.259744e-16 5.024130e-33 3.822813e-32 1.676585e-34 2.849508e-02 6.625692e-17 2.824272e-25 7.946770e-35 6.223541e-13 2.603344e-23 1.320898e-01 1.392318e-12 1.907539e-13 4.428992e-14 2.695988e-18 5.678305e-01 2.794288e-20 6.436478e-10 1.508928e-23 5.221632e-25 1.537434e-24 0.000000e+00 3.372214e-18 1.333153e-22 2.623390e-18 1.082686e-17 3.835689e-12 0.000000e+00 5.591327e-22 2.570014e-19 5.432493e-15 3.023447e-30 5.200588e-09 1.152126e-25 1.068588e-27 5.528119e-21 8.967278e-12 0.000000e+00 1.175695e-13 1.130209e-22 1.012468e-24 3.958711e-10 1.202160e-27 2.014138e-32 8.104344e-25 2.445256e-49 1.145405e-22 4.004117e-32 1.604474e-11 1.459277e-44 1.517173e-33 2.175010e-29 1.969071e-25 8.967490e-20 1.324708e-15 2.949944e-25 1.328044e-24 1.658713e-11 1.073455e-13 4.695087e-12 2.709331e-24 7.564300e-13 2.257850e-44 1.491963e-19 1.604832e-27 7.952986e-27 3.010180e-13 7.897542e-19 2.348918e-19 9.448237e-16 6.706833e-21 5.619978e-69 3.562190e-10 1.216338e-27 2.351465e-36 0.000000e+00 3.453506e-240 1.926045e-17 3.704790e-03
1.344133e-07 1.074215e-11 8.047933e-05 2.259633e-11 1.495848e-03 2.805097e-01 4.665747e-13 1.660435e-14 3.334666e-19 5.005095e-23 1.699195e-24 0.000000e+00 9.259708e-22 1.038634e-26 4.848738e-24 5.487184e-27 2.058634e-36 1.070238e-36 2.913632e-04 7.036501e-07 1.479575e-29 7.092962e-19 5.160309e-16 2.680886e-33 2.245949e-32 0.000000e+00 2.213241e-02 6.465463e-17 1.806470e-25 5.178741e-35 4.467617e-13 2.262855e-23 1.596479e-01 1.541274e-12 2.496042e-13 6.045227e-14 2.690652e-18 5.324952e-01 2.242350e-20 5.882742e-10 0.000000e+00 0.000000e+00 0.000000e+00 0.000000e+00 3.363891e-18 1.306892e-22 2.763653e-18 8.203566e-18 2.927950e-12 1.288834e-33 6.830874e-22 3.097083e-19 5.096951e-15 2.701246e-30 2.932047e-09 7.716135e-26 4.426569e-28 2.824092e-21 8.642871e-12 0.000000e+00 1.535537e-13 9.189564e-23 3.933087e-25 3.464237e-10 7.565904e-28 5.349899e-32 7.690022e-25 6.206207e-49 1.015545e-22 0.000000e+00 1.043860e-11 8.257831e-51 3.657489e-34 3.195109e-29 6.462113e-32 3.722244e-20 8.006010e-16 1.562728e-25 1.247502e-24 1.115173e-11 9.190564e-14 4.226563e-12 3.736536e-24 6.403381e-13 3.677835e-44 1.288558e-19 1.204393e-27 6.472704e-27 2.723331e-13 6.052100e-19 1.607573e-19 8.088349e-16 5.683436e-21 2.525669e-68 4.160476e-10 1.178209e-27 4.935631e-36 0.000000e+00 2.636670e-242 1.155740e-18 3.346405e-03
1.167049e-07 8.859036e-12 8.286985e-05 1.694231e-11 1.704686e-03 2.930954e-01 6.018616e-13 4.490571e-14 4.325912e-19 4.977108e-23 1.357470e-24 0.000000e+00 4.413457e-21 5.128756e-26 6.030703e-24 5.946116e-27 2.146623e-36 9.195404e-37 2.786801e-04 5.668351e-07 1.437526e-29 6.039472e-19 4.898189e-16 1.428498e-33 1.353278e-32 0.000000e+00 1.692665e-02 6.430333e-17 5.677597e-25 3.452921e-35 3.178051e-13 1.944601e-23 1.904837e-01 1.693928e-12 3.236971e-13 8.377309e-14 2.697095e-18 4.944325e-01 1.788610e-20 5.369432e-10 3.209050e-23 1.215472e-24 3.611203e-24 0.000000e+00 3.370514e-18 1.292861e-22 2.997210e-18 6.194713e-18 2.209839e-12 0.000000e+00 8.483826e-22 3.845932e-19 4.749328e-15 2.499261e-30 1.597735e-09 5.149046e-26 1.842039e-28 1.462586e-21 8.190524e-12 0.000000e+00 2.011838e-13 7.431504e-23 0.000000e+00 2.992375e-10 4.682241e-28 1.519401e-31 7.289479e-25 1.683962e-48 8.919085e-23 0.000000e+00 6.595074e-12 0.000000e+00 7.699900e-35 4.765275e-29 0.000000e+00 1.484331e-20 4.858095e-16 8.305655e-26 1.179532e-24 7.289095e-12 7.772081e-14 3.769839e-12 5.245204e-24 5.349436e-13 7.034952e-44 1.097676e-19 8.704022e-28 8.451843e-27 2.441963e-13 4.529453e-19 1.079913e-19 6.839173e-16 4.754042e-21 1.311573e-67 4.639787e-10 1.141428e-27 1.125057e-35 0.000000e+00 1.956163e-244 2.355794e-20 2.995015e-03
1.013295e-07 7.426301e-12 8.636495e-05 1.275864e-11 1.944812e-03 3.039337e-01 7.969334e-13 1.555587e-13 5.938756e-19 5.096254e-23 1.098109e-24 9.992555e-25 1.447839e-21 8.558404e-27 8.447889e-24 7.079278e-27 2.494465e-36 8.565901e-37 2.650175e-04 4.291923e-07 1.568813e-29 5.037067e-19 4.522890e-16 7.626895e-34 8.482239e-33 0.000000e+00 1.273847e-02 6.564696e-17 0.000000e+00 2.313952e-35 2.226219e-13 1.650569e-23 2.245388e-01 1.839328e-12 4.300485e-13 1.232386e-13 2.703546e-18 4.538409e-01 1.406960e-20 5.002191e-10 0.000000e+00 0.000000e+00 0.000000e+00 0.000000e+00 3.377463e-18 1.315117e-22 3.499829e-18 4.783975e-18 1.663401e-12 6.288510e-33 1.165112e-21 5.173566e-19 4.391740e-15 2.465397e-30 8.127704e-10 3.529379e-26 7.651407e-29 7.637283e-22 7.637762e-12 0.000000e+00 2.654431e-13 6.017946e-23 0.000000e+00 2.550000e-10 2.737237e-28 6.358704e-31 6.812116e-25 6.487923e-48 7.826251e-23 0.000000e+00 3.986251e-12 0.000000e+00 1.379054e-35 7.565744e-29 0.000000e+00 5.504680e-21 3.129047e-16 4.181388e-26 1.170601e-24 4.621670e-12 6.485253e-14 3.328782e-12 8.252321e-24 4.405329e-13 1.931806e-43 9.206074e-20 6.119370e-28 6.103557e-27 2.168460e-13 3.306079e-19 7.118314e-20 5.706100e-16 3.921159e-21 1.413243e-66 5.017470e-10 1.137613e-27 3.368610e-35 0.000000e+00 1.413499e-246 1.088725e-22 2.651528e-03
8.797976e-08 6.386399e-12 9.091306e-05 9.567279e-12 2.216586e-03 3.130116e-01 1.108055e-12 5.423565e-13 8.656386e-19 5.592432e-23 9.380051e-25 1.267855e-25 6.825563e-21 7.395783e-26 1.145625e-23 8.233398e-27 2.843666e-36 8.166319e-37 2.504004e-04 3.096064e-07 1.930518e-29 4.529087e-19 4.045056e-16 4.585028e-34 5.742768e-33 0.000000e+00 9.418720e-03 6.847370e-17 1.019817e-24 1.582433e-35 1.540851e-13 1.382566e-23 2.616372e-01 1.984941e-12 5.995601e-13 1.970517e-13 2.725886e-18 4.110513e-01 1.095840e-20 4.670070e-10 9.333974e-23 4.044988e-24 1.207710e-23 0.000000e+00 3.404351e-18 1.432295e-22 4.161484e-18 3.686365e-18 1.260520e-12 1.248508e-31 1.558348e-21 7.114924e-19 4.027430e-15 2.470469e-30 4.057078e-10 2.402333e-26 3.202287e-29 4.073750e-22 7.015643e-12 0.000000e+00 3.509416e-13 4.808263e-23 9.293632e-26 2.141408e-10 1.590303e-28 2.613119e-30 6.344362e-25 2.491171e-47 6.779248e-23 0.000000e+00 2.348951e-12 0.000000e+00 2.057744e-36 1.279243e-28 0.000000e+00 1.949512e-21 2.418616e-16 2.150470e-26 1.139475e-24 2.838007e-12 5.334763e-14 2.907564e-12 1.253455e-23 3.572613e-13 5.078863e-43 7.585692e-20 4.175541e-28 1.589445e-26 1.905452e-13 2.351135e-19 4.603772e-20 4.693225e-16 3.186098e-21 1.317275e-65 5.240004e-10 1.222702e-27 9.858600e-35 0.000000e+00 9.846707e-249 1.152087e-25 2.322944e-03
7.638878e-08 5.513682e-12 9.700259e-05 7.216451e-12 2.533051e-03 3.203141e-01 1.667167e-12 3.226726e-12 1.423959e-18 6.675752e-23 8.478636e-25 9.144320e-24 5.702203e-21 6.106573e-26 1.987849e-23 1.151821e-26 3.975744e-36 8.814122e-37 2.349030e-04 2.061269e-07 3.124633e-29 3.991860e-19 3.559257e-16 3.289346e-34 4.278123e-33 2.876254e-23 6.814229e-03 7.447771e-17 8.591241e-25 1.063701e-35 1.034260e-13 1.141482e-23 3.015423e-01 2.100671e-12 9.021055e-13 3.695616e-13 2.728784e-18 3.664574e-01 8.263241e-21 4.792644e-10 0.000000e+00 0.000000e+00 0.000000e+00 0.000000e+00 3.407524e-18 1.698129e-22 5.672357e-18 3.133907e-18 9.900351e-13 1.721463e-30 2.568811e-21 1.146738e-18 3.660025e-15 2.741092e-30 1.790417e-10 1.812663e-26 1.322693e-29 2.208833e-22 6.351113e-12 0.000000e+00 4.725443e-13 3.869597e-23 0.000000e+00 1.770814e-10 8.188560e-29 2.429430e-29 5.669077e-25 1.991216e-46 5.942627e-23 0.000000e+00 1.289652e-12 0.000000e+00 2.389208e-37 2.479519e-28 0.000000e+00 5.987271e-22 2.523005e-16 9.682278e-27 1.224844e-24 1.681420e-12 4.320596e-14 2.509707e-12 2.419060e-23 2.849090e-13 2.592163e-42 6.122329e-20 2.820763e-28 2.276203e-26 1.655233e-13 1.625595e-19 2.918450e-20 3.800502e-16 2.546888e-21 5.458138e-64 5.446430e-10 1.598879e-27 4.868657e-34 0.000000e+00 6.686851e-251 1.369074e-29 2.006756e-03
6.632487e-08 4.892052e-12 1.045640e-04 5.425383e-12 2.893181e-03 3.257596e-01 2.726515e-12 2.191973e-11 2.579913e-18 8.863767e-23 8.621593e-25 5.934003e-23 6.949327e-21 1.053742e-25 3.500983e-23 1.621702e-26 5.622632e-36 9.734886e-37 2.186385e-04 1.307308e-07 5.289691e-29 3.858199e-19 3.059160e-16 3.535916e-34 3.792650e-33 2.834778e-23 4.814627e-03 8.276311e-17 1.940992e-24 7.270306e-36 6.778040e-14 9.280549e-24 3.439027e-01 2.202013e-12 1.474120e-12 8.407069e-13 2.737898e-18 3.205953e-01 6.084348e-21 5.244753e-10 0.000000e+00 0.000000e+00 0.000000e+00 0.000000e+00 3.418757e-18 2.231182e-22 7.842367e-18 2.822393e-18 8.176207e-13 1.752203e-29 4.294452e-21 1.935251e-18 3.295107e-15 3.075607e-30 7.540892e-11 1.436062e-26 5.310491e-30 1.229897e-22 5.670611e-12 0.000000e+00 6.435403e-13 3.069732e-23 0.000000e+00 1.439937e-10 4.047131e-29 2.648214e-28 4.981479e-25 1.864107e-45 5.197569e-23 0.000000e+00 6.775483e-13 0.000000e+00 2.032632e-38 5.356774e-28 0.000000e+00 1.635830e-22 3.398867e-16 4.309393e-27 1.311818e-24 9.587476e-13 3.441774e-14 2.138963e-12 4.725921e-23 2.231968e-13 1.414823e-41 4.822055e-20 1.871659e-28 4.650626e-26 1.420291e-13 1.091275e-19 1.814282e-20 3.027040e-16 2.000887e-21 2.628785e-62 5.584147e-10 3.062612e-27 2.601928e-33 0.000000e+00 4.357668e-253 1.614097e-34 1.711264e-03
5.758683e-08 4.627847e-12 1.141647e-04 4.139997e-12 3.310676e-03 3.292489e-01 5.833334e-12 2.749465e-10 6.298708e-18 1.479861e-22 1.068885e-24 1.468244e-21 1.414821e-20 7.952538e-25 7.380259e-23 2.587356e-26 9.128896e-36 1.121213e-36 2.018011e-04 8.218101e-08 9.962037e-29 4.366772e-19 2.592988e-16 7.000288e-34 4.491967e-33 0.000000e+00 3.342761e-03 9.372193e-17 6.437288e-24 5.193907e-36 4.314046e-14 7.423633e-24 3.881177e-01 2.267974e-12 3.144629e-12 2.475393e-12 2.729032e-18 2.742271e-01 4.376303e-21 6.886628e-10 0.000000e+00 0.000000e+00 0.000000e+00 0.000000e+00 3.408648e-18 3.631531e-22 1.100198e-17 3.027061e-18 7.227619e-13 1.324855e-28 8.355145e-21 3.514726e-18 2.940085e-15 3.541531e-30 2.856140e-11 1.339944e-26 1.988896e-30 7.126843e-23 4.995003e-12 0.000000e+00 8.927468e-13 2.422489e-23 1.477442e-25 1.149927e-10 1.772543e-29 6.550828e-27 4.161201e-25 3.707916e-44 4.632414e-23 0.000000e+00 3.319191e-13 0.000000e+00 1.053894e-39 1.586206e-27 0.000000e+00 3.769461e-23 5.072320e-16 1.801303e-27 1.495114e-24 5.254294e-13 2.694099e-14 1.798710e-12 1.100312e-22 1.716123e-13 1.255381e-40 3.687795e-20 1.248764e-28 1.413257e-24 1.202958e-13 7.097784e-20 1.108000e-20 2.369107e-16 1.543315e-21 3.845245e-60 6.010680e-10 1.358329e-26 2.171980e-32 0.000000e+00 2.740914e-255 1.097320e-40 1.436833e-03
5.000000e-08 5.599412e-12 1.262348e-04 3.369988e-12 3.788825e-03 3.308070e-01 3.453125e-11 1.018137e-08 4.312593e-17 4.793605e-22 1.659209e-24 2.895175e-19 1.757605e-20 6.810731e-23 1.595358e-22 4.171763e-26 1.503113e-35 1.215454e-36 1.847500e-04 6.881000e-08 3.179432e-28 9.904542e-19 2.203037e-16 3.406320e-33 7.067164e-33 5.212297e-27 2.395673e-03 1.009653e-16 1.490301e-23 4.690483e-36 2.818092e-14 5.844910e-24 4.322490e-01 2.365860e-12 1.854117e-11 8.333144e-12 2.716744e-18 2.292586e-01 3.297036e-21 1.057875e-09 0.000000e+00 6.882557e-25 0.000000e+00 0.000000e+00 3.395978e-18 1.095791e-21 1.274858e-17 3.749723e-18 6.527462e-13 6.940780e-28 1.657730e-20 5.750193e-18 2.607960e-15 3.787236e-30 1.077814e-11 1.414602e-26 7.140930e-31 4.404932e-23 4.333204e-12 0.000000e+00 1.203956e-12 1.878889e-23 2.285165e-27 9.017421e-11 7.330072e-30 4.951614e-25 3.269265e-25 2.129167e-42 4.282050e-23 1.991690e-36 1.593393e-13 7.523434e-48 2.258299e-41 1.280323e-26 9.161790e-29 8.656792e-24 7.095769e-16 8.815621e-28 1.692538e-24 2.767621e-13 2.073082e-14 1.493098e-12 2.617736e-22 1.296632e-13 1.207113e-39 2.729474e-20 9.442442e-29 2.209332e-23 1.006138e-13 4.471385e-20 6.696612e-21 1.822721e-16 1.169186e-21 6.742646e-58 1.020269e-09 2.306906e-25 2.415872e-31 0.000000e+00 2.707504e-255 0.000000e+00 1.189914e-03
