    0.100900467003858108E+01    0.469118690490722656E+03   -0.310141474008560181E+01   -0.116299676895141602E+01   -0.161479395627975464E+01   -0.808335191011428833E+01   -0.861700099706649780E+01   -0.345115923881530762E+01   -0.485981303453445435E+01   -0.298620540427483665E+07   -0.690775511231546968E+01    1
    0.100883572839260127E+01    0.466580569744110107E+03   -0.897822374105453491E+01   -0.471486806869506836E+01   -0.158418726921081543E+01   -0.846607470512390137E+01   -0.414540237188339233E+01   -0.732184702157974243E+01   -0.850636148452758789E+01   -0.292293608379033487E+07   -0.690875511231548245E+01    1
    0.100564043539309522E+01    0.467918312549591064E+03   -0.189788448810577393E+01   -0.148020124435424805E+01   -0.179719167947769165E+01   -0.316372835636138916E+01   -0.875356781482696533E+01   -0.618863838911056519E+01   -0.564541864395141602E+01   -0.275906461751518864E+07   -0.690975511231547301E+01    1
    0.100626840193104750E+01    0.472492802143096924E+03   -0.745186871290206909E+01   -0.663149738311767578E+01   -0.296431255340576172E+01   -0.212826263904571533E+01   -0.421663326025009155E+01   -0.904186612367630005E+01   -0.236448585987091064E+01   -0.272276719704993349E+07   -0.691075511231547601E+01    1
    0.100802081858879333E+01    0.468316531181335449E+03   -0.145383030176162720E+01   -0.355084192752838135E+01   -0.246124333143234253E+01   -0.976546013355255127E+01   -0.836950230598449707E+01   -0.522803258895874023E+01   -0.821156686544418335E+01   -0.271504149156380771E+07   -0.691175511231546658E+01    1
    0.100158496043086065E+01    0.459483766555786133E+03   -0.861387676000595093E+01   -0.684526944160461426E+01   -0.152629929780960083E+01   -0.121569734811782837E+01   -0.135617321729660034E+01   -0.502193057537078857E+01   -0.646275210380554199E+01   -0.260054840009379666E+07   -0.691275511231547579E+01    1
    0.100345983187669541E+01    0.473741084337234497E+03   -0.139689344167709351E+01   -0.687780034542083740E+01   -0.241707056760787964E+01   -0.180063241720199585E+01   -0.258090686798095703E+01   -0.762721008062362671E+01   -0.829680854082107544E+01   -0.254536488692408614E+07   -0.691375511231547435E+01    1
    0.100303612080073368E+01    0.497112905979156494E+03   -0.394752615690231323E+01   -0.471546137332916260E+01   -0.808332455158233643E+01   -0.215362614393234253E+01   -0.515911591053009033E+01   -0.280788129568099976E+01   -0.254753804206848145E+01   -0.250795062376063596E+07   -0.691475511231548357E+01    1
    0.100690071293288486E+01    0.477228277921676636E+03   -0.945859450101852417E+01   -0.807553488016128540E+01   -0.806062823534011841E+01   -0.957262593507766724E+01   -0.500418615341186523E+01   -0.720683336257934570E+01   -0.272310739755630493E+01   -0.250601303733171849E+07   -0.691575511231552209E+01    1
    0.100827826911109697E+01    0.285576200485229492E+03   -0.759211927652359009E+01   -0.990029960870742798E+01   -0.428656381368637085E+01   -0.527996551990509033E+01   -0.546304452419281006E+01   -0.898825359344482422E+01   -0.102938628196716309E+01   -0.249802330638673855E+07   -0.691675511231554463E+01    1
    0.100776573180502682E+01    0.304740065336227417E+03   -0.284920769929885864E+01   -0.948293876647949219E+01   -0.842368346452713013E+01   -0.452957141399383545E+01   -0.644837009906768799E+01   -0.268015021085739136E+01   -0.133064931631088257E+01   -0.247264493899596110E+07   -0.691775511231549967E+01    1
    0.998777134516418141E+00    0.482263249158859253E+03   -0.835116028785705566E+01   -0.682495814561843872E+01   -0.190617144107818604E+01   -0.151076555252075195E+01   -0.154408395290374756E+01   -0.224213528633117676E+01   -0.815330177545547485E+01   -0.245224133001181670E+07   -0.691875511231549378E+01    1
    0.100153739019280685E+01    0.451776993274688721E+03   -0.906942582130432129E+01   -0.422765070199966431E+01   -0.189529615640640259E+01   -0.840608119964599609E+01   -0.999014717340469360E+01   -0.187556850910186768E+01   -0.594941323995590210E+01   -0.242628319270041259E+07   -0.691975511231551454E+01    1
    0.100639313291180144E+01    0.492488276958465576E+03   -0.181423497200012207E+01   -0.920697969198226929E+01   -0.417485249042510986E+01   -0.146076864004135132E+01   -0.366340029239654541E+01   -0.369818478822708130E+01   -0.512721318006515503E+01   -0.241032111108269542E+07   -0.692075511231548113E+01    1
    0.100830654642766726E+01    0.251812803745269775E+03   -0.782625681161880493E+01   -0.489613014459609985E+01   -0.456655746698379517E+01   -0.960195749998092651E+01   -0.345990860462188721E+01   -0.798560148477554321E+01   -0.112212258577346802E+01   -0.236041639423578465E+07   -0.692175511231547080E+01    1
    0.100634211555504827E+01    0.471337181329727173E+03   -0.651281285285949707E+01   -0.373483341932296753E+01   -0.720979130268096924E+01   -0.996915137767791748E+01   -0.677532386779785156E+01   -0.106614810228347778E+01   -0.762358748912811279E+01   -0.235606358843623241E+07   -0.692275511231549334E+01    1
    0.100295809554255033E+01    0.335626864433288574E+03   -0.610478824377059937E+01   -0.474487984180450439E+01   -0.146314668655395508E+01   -0.992051810026168823E+01   -0.565054810047149658E+01   -0.702545595169067383E+01   -0.222090774774551392E+01   -0.235031715783722932E+07   -0.692375511231548746E+01    1
    0.100925615649837264E+01    0.248783051967620850E+03   -0.598310500383377075E+01   -0.574376773834228516E+01   -0.320586746931076050E+01   -0.234177720546722412E+01   -0.112244927883148193E+01   -0.852284419536590576E+01   -0.195261710882186890E+01   -0.233826353203520086E+07   -0.692475511231548957E+01    1
    0.100922826219499129E+01    0.238397252559661865E+03   -0.975724238157272339E+01   -0.984755343198776245E+01   -0.124418079853057861E+01   -0.193670839071273804E+01   -0.199401164054870605E+01   -0.550086313486099243E+01   -0.495578944683074951E+01   -0.233138962511537643E+07   -0.692575511231552365E+01    1
    0.999986427529156341E+00    0.461440777778625488E+03   -0.312593227624893188E+01   -0.248291665315628052E+01   -0.267326980829238892E+01   -0.766814166307449341E+01   -0.444013476371765137E+01   -0.851798725128173828E+01   -0.286920624971389771E+01   -0.232013459555535065E+07   -0.692675511231553909E+01    1
    0.100416405086892868E+01    0.450906491279602051E+03   -0.509795832633972168E+01   -0.440607285499572754E+01   -0.250126671791076660E+01   -0.494961500167846680E+01   -0.523007911443710327E+01   -0.514588457345962524E+01   -0.472292649745941162E+01   -0.230589445528557617E+07   -0.692775511231552343E+01    1
    0.100332007583570504E+01    0.473723006248474121E+03   -0.762591886520385742E+01   -0.986652684211730957E+01   -0.250070989131927490E+01   -0.415516239404678345E+01   -0.410087877511978149E+01   -0.457446783781051636E+01   -0.743048346042633057E+01   -0.228108221204616036E+07   -0.692875511231550334E+01    1
    0.998891163014352435E+00    0.367693102359771729E+03   -0.475931549072265625E+01   -0.543516725301742554E+01   -0.117270314693450928E+01   -0.897708863019943237E+01   -0.132442981004714966E+01   -0.679950612783432007E+01   -0.760259383916854858E+01   -0.225947390948633756E+07   -0.692975511231548769E+01    1
    0.100527128728169224E+01    0.363337266445159912E+03   -0.683403688669204712E+01   -0.971164375543594360E+01   -0.207458412647247314E+01   -0.812725806236267090E+01   -0.526738274097442627E+01   -0.289723962545394897E+01   -0.617532551288604736E+01   -0.225888259452823317E+07   -0.693075511231546315E+01    1
    0.100912670898377921E+01    0.356014639139175415E+03   -0.125790405273437500E+01   -0.763639932870864868E+01   -0.754721802473068237E+01   -0.207348978519439697E+01   -0.944631910324096680E+01   -0.663402885198593140E+01   -0.496752679347991943E+01   -0.224005933604723820E+07   -0.693175511231550789E+01    1
    0.100610001838999996E+01    0.280766123533248901E+03   -0.182538223266601562E+01   -0.998681211471557617E+01   -0.177269989252090454E+01   -0.157240217924118042E+01   -0.935155880451202393E+01   -0.352576327323913574E+01   -0.451640015840530396E+01   -0.220019544930837443E+07   -0.693275511231550912E+01    1
    0.100450398054564016E+01    0.281320178508758545E+03   -0.203368151187896729E+01   -0.208547443151473999E+01   -0.129875838756561279E+01   -0.504895490407943726E+01   -0.667497545480728149E+01   -0.444412750005722046E+01   -0.664291071891784668E+01   -0.219988820144497370E+07   -0.693375511231550057E+01    1
    0.100551667836016434E+01    0.282113432884216309E+03   -0.299898010492324829E+01   -0.902966797351837158E+01   -0.152645915746688843E+01   -0.919380629062652588E+01   -0.327468329668045044E+01   -0.608794343471527100E+01   -0.518551528453826904E+01   -0.219346277852418693E+07   -0.693475511231554709E+01    1
    0.993074221339881547E+00    0.475967478752136230E+03   -0.755760514736175537E+01   -0.171828162670135498E+01   -0.174853157997131348E+01   -0.716557562351226807E+01   -0.143188232183456421E+01   -0.842367810010910034E+01   -0.539430701732635498E+01   -0.217649997297801031E+07   -0.693575511231551811E+01    1
    0.991124268365800587E+00    0.472660511732101440E+03   -0.327407014369964600E+01   -0.966999816894531250E+01   -0.122178435325622559E+01   -0.619443035125732422E+01   -0.609842014312744141E+01   -0.451030886173248291E+01   -0.694041866064071655E+01   -0.215322733920607343E+07   -0.693675511231548558E+01    1
    0.996402474632084534E+00    0.469767320156097412E+03   -0.598668575286865234E+01   -0.184692895412445068E+01   -0.625830072164535522E+01   -0.289957529306411743E+01   -0.100052624940872192E+01   -0.175613617897033691E+01   -0.316105794906616211E+01   -0.214691115880071931E+07   -0.693775511231549125E+01    1
    0.100600694618511222E+01    0.231436902284622192E+03   -0.177761906385421753E+01   -0.544860243797302246E+01   -0.649593693017959595E+01   -0.220629560947418213E+01   -0.721217364072799683E+01   -0.365092909336090088E+01   -0.148454374074935913E+01   -0.214391586841147626E+07   -0.693875511231549424E+01    1
    0.100969447679168001E+01    0.338455164432525635E+03   -0.908343821763992310E+01   -0.982107627391815186E+01   -0.588262569904327393E+01   -0.688954037427902222E+01   -0.194060617685317993E+01   -0.994980889558792114E+01   -0.957249826192855835E+01   -0.210524047744206758E+07   -0.693975511231547948E+01    1
    0.100302388626515881E+01    0.432616972923278809E+03   -0.209207642078399658E+01   -0.445000636577606201E+01   -0.902234447002410889E+01   -0.870123845338821411E+01   -0.504094582796096802E+01   -0.231981688737869263E+01   -0.982116639614105225E+01   -0.207676827526091877E+07   -0.694075511231545761E+01    1
    0.992402066023171159E+00    0.405014663934707642E+03   -0.665399414300918579E+01   -0.428492391109466553E+01   -0.136972481012344360E+01   -0.240870422124862671E+01   -0.119427508115768433E+01   -0.120732402801513672E+01   -0.338088160753250122E+01   -0.206056870444589434E+07   -0.694175511231546682E+01    1
    0.995282730102896807E+00    0.480529665946960449E+03   -0.473151975870132446E+01   -0.577486741542816162E+01   -0.219349664449691772E+01   -0.525198471546173096E+01   -0.931030964851379395E+01   -0.305779182910919189E+01   -0.497371089458465576E+01   -0.205495610824602540E+07   -0.694275511231551334E+01    1
    0.100052795346200485E+01    0.417774003744125366E+03   -0.513072633743286133E+01   -0.574122822284698486E+01   -0.305133092403411865E+01   -0.690406239032745361E+01   -0.911974781751632690E+01   -0.937918287515640259E+01   -0.334296858310699463E+01   -0.205050926309493021E+07   -0.694375511231550835E+01    1
    0.100271269352084413E+01    0.463657230138778687E+03   -0.544808906316757202E+01   -0.801621460914611816E+01   -0.530782830715179443E+01   -0.440108662843704224E+01   -0.130661135911941528E+01   -0.562851911783218384E+01   -0.996386635303497314E+01   -0.204668451061428990E+07   -0.694475511231550335E+01    1
    0.100804366806131629E+01    0.415953069925308228E+03   -0.256176662445068359E+01   -0.544167751073837280E+01   -0.943971335887908936E+01   -0.209208071231842041E+01   -0.560668325424194336E+01   -0.562857276201248169E+01   -0.771534961462020874E+01   -0.204210414234663430E+07   -0.694575511231551523E+01    1
    0.100380166567611706E+01    0.322662210464477539E+03   -0.203965693712234497E+01   -0.431333547830581665E+01   -0.308236086368560791E+01   -0.936240351200103760E+01   -0.278412497043609619E+01   -0.562796390056610107E+01   -0.949723386764526367E+01   -0.202634442141035455E+07   -0.694675511231552090E+01    1
    0.100751547098743943E+01    0.405409091711044312E+03   -0.919901460409164429E+01   -0.124077761173248291E+01   -0.734389960765838623E+01   -0.775356197357177734E+01   -0.529006457328796387E+01   -0.860945057868957520E+01   -0.495619285106658936E+01   -0.201751575967116561E+07   -0.694775511231551945E+01    1
    0.100663765947479034E+01    0.259261173009872437E+03   -0.428523933887481689E+01   -0.395185899734497070E+01   -0.902999252080917358E+01   -0.986049723625183105E+01   -0.456702953577041626E+01   -0.734829789400100708E+01   -0.306322652101516724E+01   -0.199529369654734014E+07   -0.694875511231547005E+01    1
    0.999027121753156333E+00    0.436489403247833252E+03   -0.519725745916366577E+01   -0.935104060173034668E+01   -0.307165294885635376E+01   -0.512632912397384644E+01   -0.842397314310073853E+01   -0.880446970462799072E+01   -0.365825045108795166E+01   -0.196847739361068327E+07   -0.694975511231546506E+01    1
    0.100333385336726932E+01    0.292199718952178955E+03   -0.297091293334960938E+01   -0.587231367826461792E+01   -0.321346294879913330E+01   -0.648169815540313721E+01   -0.752899241447448730E+01   -0.118770742416381836E+01   -0.452114874124526978E+01   -0.196807597100430494E+07   -0.695075511231549914E+01    1
    0.100590734086954603E+01    0.325531208515167236E+03   -0.561674046516418457E+01   -0.471875190734863281E+01   -0.514363473653793335E+01   -0.457612758874893188E+01   -0.202039974927902222E+01   -0.622426617145538330E+01   -0.691880863904953003E+01   -0.195605561941129901E+07   -0.695175511231552257E+01    1
    0.100217148494178065E+01    0.213339269161224365E+03   -0.472794061899185181E+01   -0.812938237190246582E+01   -0.723654419183731079E+01   -0.383309829235076904E+01   -0.154531186819076538E+01   -0.790949112176895142E+01   -0.137856054306030273E+01   -0.193628778968998045E+07   -0.695275511231550336E+01    1
    0.996792994879424743E+00    0.497629249095916748E+03   -0.505821067094802856E+01   -0.802566456794738770E+01   -0.601700705289840698E+01   -0.635728013515472412E+01   -0.552191042900085449E+01   -0.125073128938674927E+01   -0.696447056531906128E+01   -0.193010925552821881E+07   -0.695375511231547883E+01    1
    0.100472794477200522E+01    0.378625321388244629E+03   -0.383248996734619141E+01   -0.139563173055648804E+01   -0.996101677417755127E+01   -0.488133722543716431E+01   -0.817814815044403076E+01   -0.347754734754562378E+01   -0.564929389953613281E+01   -0.192668838574272674E+07   -0.695475511231550136E+01    1
    0.100533761422276502E+01    0.372526621818542480E+03   -0.422404795885086060E+01   -0.423017197847366333E+01   -0.386423391103744507E+01   -0.917700976133346558E+01   -0.795178365707397461E+01   -0.471309727430343628E+01   -0.765554064512252808E+01   -0.192296086615523254E+07   -0.695575511231551680E+01    1
    0.100581333848977117E+01    0.233361852169036865E+03   -0.224643540382385254E+01   -0.961183875799179077E+01   -0.298725885152816772E+01   -0.663158696889877319E+01   -0.752632254362106323E+01   -0.611545485258102417E+01   -0.878607350587844849E+01   -0.191484375769156474E+07   -0.695675511231548427E+01    1
    0.100845874492567789E+01    0.219420284032821655E+03   -0.671873462200164795E+01   -0.131459736824035645E+01   -0.632451373338699341E+01   -0.296941089630126953E+01   -0.682725143432617188E+01   -0.641321116685867310E+01   -0.450016260147094727E+01   -0.191254346109646279E+07   -0.695775511231548727E+01    1
    0.100188151112812784E+01    0.359839040040969849E+03   -0.147349464893341064E+01   -0.839254570007324219E+01   -0.518952733278274536E+01   -0.590526944398880005E+01   -0.873750567436218262E+01   -0.367997097969055176E+01   -0.574080550670623779E+01   -0.190329822772959387E+07   -0.695875511231550270E+01    1
    0.100583547665208606E+01    0.495133972167968750E+03   -0.517219972610473633E+01   -0.414607828855514526E+01   -0.569564890861511230E+01   -0.836970937252044678E+01   -0.346414273977279663E+01   -0.885142338275909424E+01   -0.989315581321716309E+01   -0.189892650572901452E+07   -0.695975511231551458E+01    1
    0.998113383603394189E+00    0.250871849060058594E+03   -0.902170932292938232E+01   -0.738455760478973389E+01   -0.742769235372543335E+01   -0.426737850904464722E+01   -0.760452771186828613E+01   -0.126501083374023438E+01   -0.101033079624176025E+01   -0.189077342366034351E+07   -0.696075511231551580E+01    1
    0.100231509300112753E+01    0.312938433885574341E+03   -0.340133237838745117E+01   -0.933425104618072510E+01   -0.310413932800292969E+01   -0.565976631641387939E+01   -0.458569502830505371E+01   -0.333116739988327026E+01   -0.487581187486648560E+01   -0.188288282699690852E+07   -0.696175511231550104E+01    1
    0.992883075872183052E+00    0.477250736951828003E+03   -0.283709913492202759E+01   -0.930534487962722778E+01   -0.516220098733901978E+01   -0.228717225790023804E+01   -0.276313346624374390E+01   -0.290710210800170898E+01   -0.318462598323822021E+01   -0.188194121362644737E+07   -0.696275511231553423E+01    1
    0.100050659226930150E+01    0.226483309268951416E+03   -0.665953290462493896E+01   -0.856305211782455444E+01   -0.271763837337493896E+01   -0.227920502424240112E+01   -0.952639591693878174E+01   -0.676663833856582642E+01   -0.152691406011581421E+01   -0.187521465060920385E+07   -0.696375511231550171E+01    1
    0.100605211985492726E+01    0.286531996726989746E+03   -0.841120207309722900E+01   -0.556792157888412476E+01   -0.341995441913604736E+01   -0.357948577404022217E+01   -0.536873966455459595E+01   -0.886312800645828247E+01   -0.713399314880371094E+01   -0.187412874212043313E+07   -0.696475511231547362E+01    1
    0.984549671887636313E+00    0.463383841514587402E+03   -0.518509632349014282E+01   -0.196511405706405640E+01   -0.646081018447875977E+01   -0.840746736526489258E+01   -0.111692607402801514E+01   -0.163483917713165283E+01   -0.152761304378509521E+01   -0.186920086660374631E+07   -0.696575511231551836E+01    1
    0.986512636366903894E+00    0.493778705596923828E+03   -0.793539428710937500E+01   -0.245594435930252075E+01   -0.191289627552032471E+01   -0.934555226564407349E+01   -0.316067922115325928E+01   -0.206679499149322510E+01   -0.481534737348556519E+01   -0.184998383795345528E+07   -0.696675511231553202E+01    1
    0.100607186144900340E+01    0.299530428647994995E+03   -0.671646010875701904E+01   -0.806613373756408691E+01   -0.750998896360397339E+01   -0.858062541484832764E+01   -0.628941810131072998E+01   -0.244570314884185791E+01   -0.702661091089248657E+01   -0.183124558983413782E+07   -0.696775511231552436E+01    1
    0.998264673812985559E+00    0.470388716459274292E+03   -0.498065030574798584E+01   -0.671772557497024536E+01   -0.608177703619003296E+01   -0.453248107433319092E+01   -0.682840746641159058E+01   -0.191681069135665894E+01   -0.988589453697204590E+01   -0.180358496473210352E+07   -0.696875511231550959E+01    1
    0.998891896211028252E+00    0.318586164712905884E+03   -0.424785256385803223E+01   -0.982809507846832275E+01   -0.215897661447525024E+01   -0.205529582500457764E+01   -0.956666660308837891E+01   -0.905048137903213501E+01   -0.793242132663726807E+01   -0.180184812105967617E+07   -0.696975511231549394E+01    1
    0.996582436114669012E+00    0.352283471822738647E+03   -0.255853563547134399E+01   -0.829619699716567993E+01   -0.235588026046752930E+01   -0.279620349407196045E+01   -0.917008376121520996E+01   -0.378036445379257202E+01   -0.527320796251296997E+01   -0.179311684823743254E+07   -0.697075511231548450E+01    1
    0.999223268278777832E+00    0.353342282772064209E+03   -0.450740778446197510E+01   -0.108070659637451172E+01   -0.885083597898483276E+01   -0.862599498033523560E+01   -0.279814541339874268E+01   -0.209353607892990112E+01   -0.906940650939941406E+01   -0.178534143764736201E+07   -0.697175511231548395E+01    1
    0.996974324266255096E+00    0.247700333595275879E+03   -0.944077068567276001E+01   -0.706390917301177979E+01   -0.148983305692672729E+01   -0.271238070726394653E+01   -0.751325428485870361E+01   -0.848466831445693970E+01   -0.250298762321472168E+01   -0.177090288698040810E+07   -0.697275511231548872E+01    1
    0.100221274093383572E+01    0.457883828878402710E+03   -0.618506568670272827E+01   -0.744286668300628662E+01   -0.439903259277343750E+01   -0.267830324172973633E+01   -0.438981544971466064E+01   -0.814817982912063599E+01   -0.579453873634338379E+01   -0.176252530350390496E+07   -0.697375511231548995E+01    1
    0.997527975302338721E+00    0.290356969833374023E+03   -0.698215115070343018E+01   -0.164498811960220337E+01   -0.783182615041732788E+01   -0.743118834495544434E+01   -0.827629983425140381E+01   -0.359800428152084351E+01   -0.226659005880355835E+01   -0.175299076706561702E+07   -0.697475511231553025E+01    1
    0.100582536510390064E+01    0.303965049982070923E+03   -0.852430385351181030E+01   -0.762704539299011230E+01   -0.872959208488464355E+01   -0.896808606386184692E+01   -0.411792206764221191E+01   -0.406003034114837646E+01   -0.976860636472702026E+01   -0.173144087101823604E+07   -0.697575511231552614E+01    1
    0.827724254180252750E+00    0.415050882101058960E+03   -0.683551049232482910E+01   -0.940176653861999512E+01   -0.737571489810943604E+01   -0.259793621301651001E+01   -0.848543274402618408E+01   -0.997099083662033081E+01   -0.843349498510360718E+01   -0.173092357580309571E+07   -0.697675511231550338E+01    1
    0.827173820454955244E+00    0.289811640977859497E+03   -0.994836425781250000E+01   -0.669783592224121094E+01   -0.984793108701705933E+01   -0.849650061130523682E+01   -0.752556723356246948E+01   -0.891042125225067139E+01   -0.749826663732528687E+01   -0.172909859301982401E+07   -0.697775511231553747E+01    1
    0.100366633070164935E+01    0.428265070915222168E+03   -0.693370562791824341E+01   -0.358842879533767700E+01   -0.947059792280197144E+01   -0.273037725687026978E+01   -0.344976502656936646E+01   -0.589046579599380493E+01   -0.846320259571075439E+01   -0.172725356408358016E+07   -0.697875511231551471E+01    1
    0.999403262591064157E+00    0.381385296583175659E+03   -0.989125305414199829E+01   -0.649136054515838623E+01   -0.353525185585021973E+01   -0.432826733589172363E+01   -0.401208853721618652E+01   -0.502934205532073975E+01   -0.889445459842681885E+01   -0.170209606390606822E+07   -0.697975511231548751E+01    1
    0.990946648735284930E+00    0.333692437410354614E+03   -0.116142499446868896E+01   -0.108947205543518066E+01   -0.680685377120971680E+01   -0.994092059135437012E+01   -0.602815163135528564E+01   -0.844317293167114258E+01   -0.176813584566116333E+01   -0.169543558371038735E+07   -0.698075511231549406E+01    1
    0.998972208605110823E+00    0.417391091585159302E+03   -0.317124390602111816E+01   -0.478906279802322388E+01   -0.991157293319702148E+01   -0.305092591047286987E+01   -0.771054953336715698E+01   -0.309640973806381226E+01   -0.914035952091217041E+01   -0.168573605871402239E+07   -0.698175511231549972E+01    1
    0.100229754005384453E+01    0.222825258970260620E+03   -0.420610290765762329E+01   -0.756193691492080688E+01   -0.539575809240341187E+01   -0.967900556325912476E+01   -0.225741851329803467E+01   -0.576791673898696899E+01   -0.825222110748291016E+01   -0.168313901628700271E+07   -0.698275511231551516E+01    1
    0.998448837497413311E+00    0.450542819499969482E+03   -0.394664853811264038E+01   -0.451270836591720581E+01   -0.817088741064071655E+01   -0.806383025646209717E+01   -0.551926308870315552E+01   -0.701136845350265503E+01   -0.434196215867996216E+01   -0.168276786320171063E+07   -0.698375511231553414E+01    1
    0.826398897228062257E+00    0.252384704351425171E+03   -0.624424970149993896E+01   -0.195560616254806519E+01   -0.904996371269226074E+01   -0.557005661725997925E+01   -0.464872908592224121E+01   -0.742427790164947510E+01   -0.784469968080520630E+01   -0.168188902157267602E+07   -0.698475511231553270E+01    1
    0.979248692751467420E+00    0.456333333253860474E+03   -0.971147745847702026E+01   -0.225310230255126953E+01   -0.263449579477310181E+01   -0.417218369245529175E+01   -0.212098097801208496E+01   -0.844553703069686890E+01   -0.141871321201324463E+01   -0.167592506635897886E+07   -0.698575511231552948E+01    1
    0.999111220506191389E+00    0.262517052888870239E+03   -0.138807219266891479E+01   -0.142319303750991821E+01   -0.440993577241897583E+01   -0.894660317897796631E+01   -0.802476280927658081E+01   -0.592902362346649170E+01   -0.552499228715896606E+01   -0.167567784939480200E+07   -0.698675511231552360E+01    1
    0.100098682514870174E+01    0.261140489578247070E+03   -0.873598271608352661E+01   -0.348653382062911987E+01   -0.538913840055465698E+01   -0.690609335899353027E+01   -0.205565685033798218E+01   -0.584990596771240234E+01   -0.815836685895919800E+01   -0.166172193525450816E+07   -0.698775511231549373E+01    1
    0.990996506109237840E+00    0.363023483753204346E+03   -0.160854977369308472E+01   -0.872932010889053345E+01   -0.228744316101074219E+01   -0.475507169961929321E+01   -0.983181852102279663E+01   -0.253245812654495239E+01   -0.984004163742065430E+01   -0.164669864393202681E+07   -0.698875511231551716E+01    1
    0.995092120853662720E+00    0.237892532348632812E+03   -0.586544668674468994E+01   -0.524973541498184204E+01   -0.119463986158370972E+01   -0.248583006858825684E+01   -0.391181093454360962E+01   -0.815878850221633911E+01   -0.736718386411666870E+01   -0.164536173224099213E+07   -0.698975511231552993E+01    1
    0.993755196903169269E+00    0.329994100332260132E+03   -0.127522468566894531E+01   -0.796252161264419556E+01   -0.327004575729370117E+01   -0.377340787649154663E+01   -0.593788295984268188E+01   -0.202144420146942139E+01   -0.841041457653045654E+01   -0.164433406216266425E+07   -0.699075511231550273E+01    1
    0.988151856212496904E+00    0.422806507349014282E+03   -0.280425816774368286E+01   -0.384477448463439941E+01   -0.228628981113433838E+01   -0.771166318655014038E+01   -0.230899041891098022E+01   -0.858398354053497314E+01   -0.964455473423004150E+01   -0.163808793432160513E+07   -0.699175511231550484E+01    1
    0.999056066606998638E+00    0.289573854207992554E+03   -0.370631510019302368E+01   -0.335934722423553467E+01   -0.635111963748931885E+01   -0.196840244531631470E+01   -0.503448438644409180E+01   -0.400027769804000854E+01   -0.401519238948822021E+01   -0.163495129825787898E+07   -0.699275511231551850E+01    1
    0.996474798465371236E+00    0.343351215124130249E+03   -0.231401526927947998E+01   -0.582711416482925415E+01   -0.729689550399780273E+01   -0.407944577932357788E+01   -0.224621278047561646E+01   -0.686393171548843384E+01   -0.985003662109375000E+01   -0.163394904467999283E+07   -0.699375511231549929E+01    1
    0.992175300328910548E+00    0.467273956537246704E+03   -0.970134621858596802E+01   -0.392410081624984741E+01   -0.608775407075881958E+01   -0.471444320678710938E+01   -0.942311370372772217E+01   -0.147282838821411133E+01   -0.740892118215560913E+01   -0.161781400659946585E+07   -0.699475511231549785E+01    1
    0.989660337241888177E+00    0.469971722364425659E+03   -0.539586216211318970E+01   -0.767435902357101440E+01   -0.282469338178634644E+01   -0.875702732801437378E+01   -0.419458174705505371E+01   -0.315136981010437012E+01   -0.661806058883666992E+01   -0.160926297856192733E+07   -0.699575511231553371E+01    1
    0.988058357221484385E+00    0.480480974912643433E+03   -0.416741901636123657E+01   -0.985863846540451050E+01   -0.278701317310333252E+01   -0.918494641780853271E+01   -0.253604960441589355E+01   -0.474222713708877563E+01   -0.754854786396026611E+01   -0.160853155664811796E+07   -0.699675511231554026E+01    1
    0.985794377205491235E+00    0.389050316810607910E+03   -0.988093620538711548E+01   -0.441071254014968872E+01   -0.761369282007217407E+01   -0.445701122283935547E+01   -0.793465346097946167E+01   -0.176618319749832153E+01   -0.176725929975509644E+01   -0.160580726730497484E+07   -0.699775511231553793E+01    1
    0.826846125313818625E+00    0.266006839275360107E+03   -0.543296730518341064E+01   -0.617135798931121826E+01   -0.702497208118438721E+01   -0.727802670001983643E+01   -0.971404433250427246E+01   -0.405785667896270752E+01   -0.410070067644119263E+01   -0.160580284105578996E+07   -0.699875511231551695E+01    1
    0.827451034457802881E+00    0.276209121942520142E+03   -0.532520580291748047E+01   -0.638613855838775635E+01   -0.702190792560577393E+01   -0.928273063898086548E+01   -0.658354431390762329E+01   -0.311268323659896851E+01   -0.470152729749679565E+01   -0.159123004948087223E+07   -0.699975511231549596E+01    1
    0.988065864279985551E+00    0.401048392057418823E+03   -0.600004422664642334E+01   -0.938644146919250488E+01   -0.326951414346694946E+01   -0.391352003812789917E+01   -0.224510234594345093E+01   -0.315650516748428345E+01   -0.302543687820434570E+01   -0.158917542028427171E+07   -0.700075511231552117E+01    1
    0.100152086590951694E+01    0.226663982868194580E+03   -0.327980953454971313E+01   -0.434578055143356323E+01   -0.647397232055664062E+01   -0.134270477294921875E+01   -0.513135612010955811E+01   -0.519113880395889282E+01   -0.815569698810577393E+01   -0.158735257449974748E+07   -0.700175511231554282E+01    1
    0.992424193242252062E+00    0.325895631313323975E+03   -0.282492297887802124E+01   -0.832065337896347046E+01   -0.241794711351394653E+01   -0.649848771095275879E+01   -0.638743835687637329E+01   -0.773641300201416016E+01   -0.379822903871536255E+01   -0.158461900776392641E+07   -0.700275511231553516E+01    1
    0.992186911100149338E+00    0.402107596397399902E+03   -0.893186926841735840E+01   -0.535099524259567261E+01   -0.954227298498153687E+01   -0.719885700941085815E+01   -0.116970551013946533E+01   -0.899643915891647339E+01   -0.456104981899261475E+01   -0.158083079381823540E+07   -0.700375511231549996E+01    1
    0.986438671048522120E+00    0.446963465213775635E+03   -0.628611308336257935E+01   -0.809598243236541748E+01   -0.877295267581939697E+01   -0.624019420146942139E+01   -0.824188601970672607E+01   -0.629842549562454224E+01   -0.235260313749313354E+01   -0.157854298884422611E+07   -0.700475511231551984E+01    1
    0.828182130032658725E+00    0.225252729654312134E+03   -0.893077278137207031E+01   -0.888387811183929443E+01   -0.656693875789642334E+01   -0.222453248500823975E+01   -0.934498095512390137E+01   -0.178379082679748535E+01   -0.612988460063934326E+01   -0.157536781393062463E+07   -0.700575511231551840E+01    1
    0.996821283139229020E+00    0.328970980644226074E+03   -0.155958443880081177E+01   -0.542944502830505371E+01   -0.696888226270675659E+01   -0.310020989179611206E+01   -0.823979765176773071E+01   -0.840130364894866943E+01   -0.973805600404739380E+01   -0.157504658914756170E+07   -0.700675511231550097E+01    1
    0.992878698578596230E+00    0.245753496885299683E+03   -0.832912486791610718E+01   -0.835014909505844116E+01   -0.144391578435897827E+01   -0.967567533254623413E+01   -0.880264902114868164E+01   -0.555400735139846802E+01   -0.315695685148239136E+01   -0.157068399939111015E+07   -0.700775511231549419E+01    1
    0.100004094672077914E+01    0.232548052072525024E+03   -0.616360801458358765E+01   -0.308102834224700928E+01   -0.416283887624740601E+01   -0.894748294353485107E+01   -0.380226898193359375E+01   -0.620113909244537354E+01   -0.999709731340408325E+01   -0.157002689935539849E+07   -0.700875511231548121E+01    1
    0.997312196614980828E+00    0.225787347555160522E+03   -0.291735243797302246E+01   -0.426206237077713013E+01   -0.933183491230010986E+01   -0.446528261899948120E+01   -0.124880707263946533E+01   -0.501453626155853271E+01   -0.890912628173828125E+01   -0.156527767822349095E+07   -0.700975511231552773E+01    1
    0.996690927336216115E+00    0.276429474353790283E+03   -0.917470198869705200E+01   -0.732599854469299316E+01   -0.850080770254135132E+01   -0.310210889577865601E+01   -0.129090005159378052E+01   -0.511398398876190186E+01   -0.538116741180419922E+01   -0.156253196484658332E+07   -0.701075511231552895E+01    1
    0.830375909202754614E+00    0.274035048484802246E+03   -0.535745239257812500E+01   -0.851263570785522461E+01   -0.515053981542587280E+01   -0.603311747312545776E+01   -0.814212501049041748E+01   -0.923074996471405029E+01   -0.675873869657516479E+01   -0.155542008673146158E+07   -0.701175511231552218E+01    1
    0.990734995647132521E+00    0.398422545194625854E+03   -0.883733534812927246E+01   -0.647381138801574707E+01   -0.347037994861602783E+01   -0.135492974519729614E+01   -0.402412146329879761E+01   -0.147237187623977661E+01   -0.597376716136932373E+01   -0.155186109088271391E+07   -0.701275511231549853E+01    1
    0.997685207687974085E+00    0.379247289896011353E+03   -0.301712417602539062E+01   -0.787092632055282593E+01   -0.716587924957275391E+01   -0.627011907100677490E+01   -0.613193595409393311E+01   -0.402953898906707764E+01   -0.828419142961502075E+01   -0.154613979257128993E+07   -0.701375511231546067E+01    1
    0.831467037175119050E+00    0.303745001554489136E+03   -0.788899689912796021E+01   -0.598022109270095825E+01   -0.540507662296295166E+01   -0.895687603950500488E+01   -0.921077394485473633E+01   -0.614978551864624023E+01   -0.953330421447753906E+01   -0.154194637256325199E+07   -0.701475511231549120E+01    1
    0.989469410638868951E+00    0.320299845933914185E+03   -0.320044136047363281E+01   -0.217528927326202393E+01   -0.592449498176574707E+01   -0.559926480054855347E+01   -0.553257006406784058E+01   -0.512641710042953491E+01   -0.194279164075851440E+01   -0.153846628162777890E+07   -0.701575511231549598E+01    1
    0.982768923197150368E+00    0.423068594932556152E+03   -0.834520310163497925E+01   -0.839812469482421875E+01   -0.162125861644744873E+01   -0.143373680114746094E+01   -0.340361815690994263E+01   -0.833882212638854980E+01   -0.361995494365692139E+01   -0.153404278904009773E+07   -0.701675511231551852E+01    1
    0.830763649868667242E+00    0.395937246084213257E+03   -0.584194248914718628E+01   -0.693409025669097900E+01   -0.728680020570755005E+01   -0.468415248394012451E+01   -0.722490286827087402E+01   -0.516848379373550415E+01   -0.548015272617340088E+01   -0.153133874884020840E+07   -0.701775511231554905E+01    1
    0.990066243676185787E+00    0.254389297962188721E+03   -0.817778712511062622E+01   -0.905091053247451782E+01   -0.120544809103012085E+01   -0.739080607891082764E+01   -0.610511869192123413E+01   -0.958119559288024902E+01   -0.247618055343627930E+01   -0.153043132766098855E+07   -0.701875511231552718E+01    1
    0.997799761461138912E+00    0.279591888189315796E+03   -0.480035811662673950E+01   -0.631034952402114868E+01   -0.341586458683013916E+01   -0.676295727491378784E+01   -0.573032665252685547E+01   -0.876834303140640259E+01   -0.816382890939712524E+01   -0.152937697938762303E+07   -0.701975511231552307E+01    1
    0.828124119949400606E+00    0.289463847875595093E+03   -0.964110809564590454E+01   -0.929533487558364868E+01   -0.998474735021591187E+01   -0.538364577293395996E+01   -0.976575034856796265E+01   -0.289623165130615234E+01   -0.380339229106903076E+01   -0.152856083083980554E+07   -0.702075511231549143E+01    1
    0.980512428353190524E+00    0.477852714061737061E+03   -0.839283913373947144E+01   -0.773509335517883301E+01   -0.891448533535003662E+01   -0.489765685796737671E+01   -0.564872580766677856E+01   -0.293005484342575073E+01   -0.203766459226608276E+01   -0.152720806531327078E+07   -0.702175511231545713E+01    1
    0.100320221720588232E+01    0.483583450317382812E+03   -0.812296009063720703E+01   -0.674998879432678223E+01   -0.894001245498657227E+01   -0.572862344980239868E+01   -0.968034505844116211E+01   -0.488018119335174561E+01   -0.986417990922927856E+01   -0.152714066463080072E+07   -0.702275511231550986E+01    1
    0.828799240882516108E+00    0.332639759778976440E+03   -0.318291419744491577E+01   -0.951581567525863647E+01   -0.445560359954833984E+01   -0.889838135242462158E+01   -0.588550156354904175E+01   -0.622828841209411621E+01   -0.594151574373245239E+01   -0.152323285912276385E+07   -0.702375511231555993E+01    1
    0.980891086134910717E+00    0.404968690872192383E+03   -0.153257566690444946E+01   -0.137308239936828613E+01   -0.286724394559860229E+01   -0.294658100605010986E+01   -0.785630667209625244E+01   -0.176141369342803955E+01   -0.175019186735153198E+01   -0.152191310378211900E+07   -0.702475511231551941E+01    1
    0.826271069312095818E+00    0.290180999040603638E+03   -0.227622348070144653E+01   -0.595195597410202026E+01   -0.548526287078857422E+01   -0.544334262609481812E+01   -0.143201643228530884E+01   -0.391012275218963623E+01   -0.525921702384948730E+01   -0.151986267477117153E+07   -0.702575511231549044E+01    1
    0.100316561208826327E+01    0.373599469661712646E+03   -0.945018094778060913E+01   -0.397370237112045288E+01   -0.894831174612045288E+01   -0.896481591463088989E+01   -0.665617853403091431E+01   -0.683141851425170898E+01   -0.958661150932312012E+01   -0.151979080347411009E+07   -0.702675511231551386E+01    1
    0.827650551499486076E+00    0.232633721828460693E+03   -0.525271320343017578E+01   -0.437341696023941040E+01   -0.439574098587036133E+01   -0.342427599430084229E+01   -0.363704115152359009E+01   -0.549293881654739380E+01   -0.287418121099472046E+01   -0.151923091199616413E+07   -0.702775511231550709E+01    1
    0.100269217495715646E+01    0.327870202064514160E+03   -0.619306403398513794E+01   -0.815285170078277588E+01   -0.615083050727844238E+01   -0.301074320077896118E+01   -0.809304004907608032E+01   -0.833913540840148926E+01   -0.937445521354675293E+01   -0.151711474592909403E+07   -0.702875511231551275E+01    1
    0.994223622033119314E+00    0.341573250293731689E+03   -0.263054436445236206E+01   -0.307320380210876465E+01   -0.608323562145233154E+01   -0.720150810480117798E+01   -0.520923137664794922E+01   -0.665820789337158203E+01   -0.401879030466079712E+01   -0.151542609865039098E+07   -0.702975511231550776E+01    1
    0.831575200099647249E+00    0.289089661836624146E+03   -0.630831265449523926E+01   -0.703405940532684326E+01   -0.637829148769378662E+01   -0.203183615207672119E+01   -0.962513393163681030E+01   -0.663627064228057861E+01   -0.504796087741851807E+01   -0.150471312984781712E+07   -0.703075511231546724E+01    1
    0.830761603483915478E+00    0.305448883771896362E+03   -0.512179780006408691E+01   -0.936102378368377686E+01   -0.446772933006286621E+01   -0.908042824268341064E+01   -0.467800647020339966E+01   -0.884122616052627563E+01   -0.683805859088897705E+01   -0.150419484524656995E+07   -0.703175511231548889E+01    1
    0.832625947538674027E+00    0.295178866386413574E+03   -0.778341871500015259E+01   -0.461420637369155884E+01   -0.974533498287200928E+01   -0.854273921251296997E+01   -0.917012506723403931E+01   -0.417724394798278809E+01   -0.973753350973129272E+01   -0.150243062164660590E+07   -0.703275511231553985E+01    1
    0.828150777667343796E+00    0.426465898752212524E+03   -0.653989940881729126E+01   -0.744709974527359009E+01   -0.613411980867385864E+01   -0.840895062685012817E+01   -0.415676581859588623E+01   -0.238337236642837524E+01   -0.957755637168884277E+01   -0.149900886399518745E+07   -0.703375511231551886E+01    1
    0.997294753100037790E+00    0.440984928607940674E+03   -0.631546771526336670E+01   -0.208993011713027954E+01   -0.584264791011810303E+01   -0.654589146375656128E+01   -0.599361497163772583E+01   -0.593949013948440552E+01   -0.714601159095764160E+01   -0.149758085414292710E+07   -0.703475511231550765E+01    1
    0.998175595888495581E+00    0.227178716659545898E+03   -0.497314977645874023E+01   -0.462233453989028931E+01   -0.456171232461929321E+01   -0.164199477434158325E+01   -0.962236374616622925E+01   -0.271674519777297974E+01   -0.768894433975219727E+01   -0.149652726208423357E+07   -0.703575511231551776E+01    1
    0.830471815705239980E+00    0.229374408721923828E+03   -0.854648786783218384E+01   -0.368716090917587280E+01   -0.395108008384704590E+01   -0.523194646835327148E+01   -0.303161078691482544E+01   -0.359355664253234863E+01   -0.853441953659057617E+01   -0.147831915196614759E+07   -0.703675511231548700E+01    1
    0.997453046979367874E+00    0.377572429180145264E+03   -0.686814653873443604E+01   -0.434973788261413574E+01   -0.452367538213729858E+01   -0.823573786020278931E+01   -0.777041751146316528E+01   -0.612215662002563477E+01   -0.636347711086273193E+01   -0.147621448917338112E+07   -0.703775511231547224E+01    1
    0.986558707381904321E+00    0.336226892471313477E+03   -0.981516736745834351E+01   -0.331487566232681274E+01   -0.183188229799270630E+01   -0.708180004358291626E+01   -0.419030308723449707E+01   -0.404539084434509277E+01   -0.340203565359115601E+01   -0.147122197514751786E+07   -0.703875511231545570E+01    1
    0.832888070821881432E+00    0.382944732904434204E+03   -0.816616296768188477E+01   -0.393809872865676880E+01   -0.533573132753372192E+01   -0.863982927799224854E+01   -0.645645910501480103E+01   -0.590015769004821777E+01   -0.762545591592788696E+01   -0.146930033152466663E+07   -0.703975511231547202E+01    1
    0.826392418833553966E+00    0.444480222463607788E+03   -0.869217205047607422E+01   -0.140420889854431152E+01   -0.333162069320678711E+01   -0.162567996978759766E+01   -0.870160913467407227E+01   -0.680933052301406860E+01   -0.685404831171035767E+01   -0.146312870974786300E+07   -0.704075511231547946E+01    1
    0.829497342606961841E+00    0.222159123420715332E+03   -0.102451163530349731E+01   -0.658718031644821167E+01   -0.532682532072067261E+01   -0.417016291618347168E+01   -0.765313255786895752E+01   -0.269549190998077393E+01   -0.393022108078002930E+01   -0.145509585013261065E+07   -0.704175511231548690E+01    1
    0.828093577383399171E+00    0.417665213346481323E+03   -0.302587407827377319E+01   -0.437401831150054932E+01   -0.618788522481918335E+01   -0.280307638645172119E+01   -0.224812144041061401E+01   -0.770651119947433472E+01   -0.896160691976547241E+01   -0.145351797868572548E+07   -0.704275511231548812E+01    1
    0.987625191191375373E+00    0.395906311273574829E+03   -0.554147338867187500E+01   -0.732640784978866577E+01   -0.414681857824325562E+01   -0.558271235227584839E+01   -0.117388707399368286E+01   -0.329205864667892456E+01   -0.491894662380218506E+01   -0.144942639798524696E+07   -0.704375511231546003E+01    1
    0.828101390852451491E+00    0.258257830142974854E+03   -0.857313400506973267E+01   -0.744547915458679199E+01   -0.210669070482254028E+01   -0.118146538734436035E+01   -0.224922597408294678E+01   -0.535824525356292725E+01   -0.495321130752563477E+01   -0.144843192992074974E+07   -0.704475511231549234E+01    1
    0.990593138505220572E+00    0.259053319692611694E+03   -0.875562345981597900E+01   -0.125191307067871094E+01   -0.289339977502822876E+01   -0.481820607185363770E+01   -0.369948136806488037E+01   -0.890881514549255371E+01   -0.253699588775634766E+01   -0.144090310544979619E+07   -0.704575511231552998E+01    1
    0.827055305231094495E+00    0.472992300987243652E+03   -0.699040484428405762E+01   -0.913830602169036865E+01   -0.642495441436767578E+01   -0.499474585056304932E+01   -0.468571352958679199E+01   -0.581951010227203369E+01   -0.345414185523986816E+01   -0.144035940120422398E+07   -0.704675511231549656E+01    1
    0.827335714658260502E+00    0.238611704111099243E+03   -0.116756778955459595E+01   -0.278814667463302612E+01   -0.150657433271408081E+01   -0.716736358404159546E+01   -0.327533721923828125E+01   -0.305427706241607666E+01   -0.614115256071090698E+01   -0.143704068733853521E+07   -0.704775511231548979E+01    1
    0.974090894888520409E+00    0.435904878377914429E+03   -0.571729379892349243E+01   -0.468764203786849976E+01   -0.377513736486434937E+01   -0.314249491691589355E+01   -0.627592229843139648E+01   -0.222530925273895264E+01   -0.113777488470077515E+01   -0.143410387297301786E+07   -0.704875511231552210E+01    1
    0.993202705849886125E+00    0.353301405906677246E+03   -0.907511532306671143E+01   -0.480728572607040405E+01   -0.981672841310501099E+01   -0.684706330299377441E+01   -0.183392345905303955E+01   -0.638446646928787231E+01   -0.711050236225128174E+01   -0.142619685267223464E+07   -0.704975511231552154E+01    1
    0.827236908198774046E+00    0.290825784206390381E+03   -0.804950028657913208E+01   -0.784054976701736450E+01   -0.376716583967208862E+01   -0.803721308708190918E+01   -0.713584601879119873E+01   -0.684291017055511475E+01   -0.179287654161453247E+01   -0.141934948216273729E+07   -0.705075511231551921E+01    1
    0.828829083081543572E+00    0.320368868112564087E+03   -0.165954554080963135E+01   -0.487349283695220947E+01   -0.745484650135040283E+01   -0.415799266099929810E+01   -0.192398077249526978E+01   -0.924953454732894897E+01   -0.506135207414627075E+01   -0.141456545541603863E+07   -0.705175511231552399E+01    1
    0.828336309256017311E+00    0.328808814287185669E+03   -0.979852372407913208E+01   -0.529294848442077637E+01   -0.328229165077209473E+01   -0.712816417217254639E+01   -0.213283044099807739E+01   -0.418207406997680664E+01   -0.381158322095870972E+01   -0.140588376395255560E+07   -0.705275511231551899E+01    1
    0.983577628187298991E+00    0.461964988708496094E+03   -0.230756402015686035E+01   -0.599826055765151978E+01   -0.710384404659271240E+01   -0.654844385385513306E+01   -0.206783193349838257E+01   -0.239531999826431274E+01   -0.497884142398834229E+01   -0.140503706759196147E+07   -0.705375511231552732E+01    1
    0.986109038954973371E+00    0.410987889766693115E+03   -0.988062560558319092E+01   -0.955214136838912964E+01   -0.265248429775238037E+01   -0.814089870452880859E+01   -0.281672561168670654E+01   -0.861079329252243042E+01   -0.802589148283004761E+01   -0.139901988303171913E+07   -0.705475511231554453E+01    1
    0.970758636372685557E+00    0.488128614425659180E+03   -0.198655349016189575E+01   -0.474678260087966919E+01   -0.786021196842193604E+01   -0.523058980703353882E+01   -0.291475176811218262E+01   -0.149469107389450073E+01   -0.145774900913238525E+01   -0.139783386901549809E+07   -0.705575511231553776E+01    1
    0.833736707672774968E+00    0.289222681522369385E+03   -0.724913555383682251E+01   -0.270445746183395386E+01   -0.459209531545639038E+01   -0.883551734685897827E+01   -0.380825728178024292E+01   -0.964149272441864014E+01   -0.957684236764907837E+01   -0.139202152023627236E+07   -0.705675511231551056E+01    1
    0.834197822722435145E+00    0.210790061950683594E+03   -0.405865436792373657E+01   -0.811696481704711914E+01   -0.797527337074279785E+01   -0.485607832670211792E+01   -0.416434037685394287E+01   -0.263742637634277344E+01   -0.661444550752639771E+01   -0.139091793353254464E+07   -0.705775511231549935E+01    1
    0.827246417869091144E+00    0.451435977220535278E+03   -0.989309519529342651E+01   -0.784371370077133179E+01   -0.298074430227279663E+01   -0.664256417751312256E+01   -0.250535976886749268E+01   -0.534914505481719971E+01   -0.598453998565673828E+01   -0.138716624084054912E+07   -0.705875511231551123E+01    1
    0.993669106481552267E+00    0.220646697282791138E+03   -0.389409065246582031E+01   -0.603791326284408569E+01   -0.928323113918304443E+01   -0.894527226686477661E+01   -0.967322540283203125E+01   -0.935900837182998657E+01   -0.322004294395446777E+01   -0.138198145521018282E+07   -0.705975511231552222E+01    1
    0.998010911160528869E+00    0.380177140235900879E+03   -0.971145653724670410E+01   -0.887991863489151001E+01   -0.798297721147537231E+01   -0.419406032562255859E+01   -0.706646156311035156E+01   -0.444413232803344727E+01   -0.650188714265823364E+01   -0.138001294532817998E+07   -0.706075511231553765E+01    1
    0.980934224363207985E+00    0.355527245998382568E+03   -0.641023820638656616E+01   -0.837819641828536987E+01   -0.138263750076293945E+01   -0.249469101428985596E+01   -0.142982935905456543E+01   -0.499835556745529175E+01   -0.642562282085418701E+01   -0.137788782410701830E+07   -0.706175511231552999E+01    1
    0.971004968569278870E+00    0.487404239177703857E+03   -0.925377511978149414E+01   -0.534055393934249878E+01   -0.672553294897079468E+01   -0.927034044265747070E+01   -0.632983791828155518E+01   -0.106297773122787476E+01   -0.137069845199584961E+01   -0.137760812739849789E+07   -0.706275511231550190E+01    1
    0.988653636319577922E+00    0.273897987604141235E+03   -0.206837105751037598E+01   -0.826774680614471436E+01   -0.196594929695129395E+01   -0.964892619848251343E+01   -0.489280045032501221E+01   -0.793705242872238159E+01   -0.743058753013610840E+01   -0.137436411999018653E+07   -0.706375511231548359E+01    1
    0.829638904281556733E+00    0.201050782203674316E+03   -0.829623293876647949E+01   -0.976275324821472168E+01   -0.133103448152542114E+01   -0.712759768962860107E+01   -0.768744283914566040E+01   -0.150770300626754761E+01   -0.157298636436462402E+01   -0.137349429030656326E+07   -0.706475511231546882E+01    1
    0.995698934120357260E+00    0.264731019735336304E+03   -0.684089207649230957E+01   -0.833751964569091797E+01   -0.391617810726165771E+01   -0.443691825866699219E+01   -0.787833243608474731E+01   -0.909717917442321777E+01   -0.801798325777053833E+01   -0.137063776804944873E+07   -0.706575511231547804E+01    1
    0.838630631335079868E+00    0.444507509469985962E+03   -0.710636103153228760E+01   -0.524529474973678589E+01   -0.757347416877746582E+01   -0.164582496881484985E+01   -0.784135067462921143E+01   -0.869042378664016724E+01   -0.952839845418930054E+01   -0.137047458386957133E+07   -0.706675511231549347E+01    1
    0.997793677023053327E+00    0.282830244302749634E+03   -0.676953458786010742E+01   -0.827282637357711792E+01   -0.671714192628860474E+01   -0.937622064352035522E+01   -0.884537714719772339E+01   -0.424278157949447632E+01   -0.855291068553924561E+01   -0.136887248868922354E+07   -0.706775511231551956E+01    1
    0.987194498332143011E+00    0.335078746080398560E+03   -0.746890288591384888E+01   -0.741139149665832520E+01   -0.629977786540985107E+01   -0.923113405704498291E+01   -0.684465897083282471E+01   -0.582969981431961060E+01   -0.245701938867568970E+01   -0.136773487075639330E+07   -0.706875511231552345E+01    1
    0.982200400306105781E+00    0.464850062131881714E+03   -0.974173653125762939E+01   -0.896689516305923462E+01   -0.707124501466751099E+01   -0.307930475473403931E+01   -0.490235179662704468E+01   -0.519809001684188843E+01   -0.266887956857681274E+01   -0.136769494143861812E+07   -0.706975511231549092E+01    1
    0.833357557445526309E+00    0.203204292058944702E+03   -0.999340283870697021E+01   -0.303194713592529297E+01   -0.344232779741287231E+01   -0.448102235794067383E+01   -0.181341421604156494E+01   -0.657977259159088135E+01   -0.577467858791351318E+01   -0.136512234901061794E+07   -0.707075511231549747E+01    1
    0.832501446365833453E+00    0.447312009334564209E+03   -0.525975400209426880E+01   -0.204166215658187866E+01   -0.592868191003799438E+01   -0.647677844762802124E+01   -0.423472422361373901E+01   -0.378571277856826782E+01   -0.611983704566955566E+01   -0.136437593252046546E+07   -0.707175511231550757E+01    1
    0.992614200613618047E+00    0.213919913768768311E+03   -0.631062310934066772E+01   -0.226075249910354614E+01   -0.851395803689956665E+01   -0.536826115846633911E+01   -0.479924446344375610E+01   -0.366767895221710205E+01   -0.317823803424835205E+01   -0.135106900128346775E+07   -0.707275511231550791E+01    1
    0.980588899672150793E+00    0.462249177694320679E+03   -0.256248652935028076E+01   -0.152599728107452393E+01   -0.786022377014160156E+01   -0.441402292251586914E+01   -0.215711301565170288E+01   -0.703571540117263794E+01   -0.332585448026657104E+01   -0.134761339813850704E+07   -0.707375511231550114E+01    1
    0.988118380859792422E+00    0.240175628662109375E+03   -0.433602750301361084E+01   -0.608453917503356934E+01   -0.177035349607467651E+01   -0.438071525096893311E+01   -0.261000132560729980E+01   -0.221755659580230713E+01   -0.794560599327087402E+01   -0.134514601132545201E+07   -0.707475511231550946E+01    1
    0.992244034781456175E+00    0.267267209291458130E+03   -0.897231590747833252E+01   -0.255996686220169067E+01   -0.965418010950088501E+01   -0.874760204553604126E+01   -0.779865205287933350E+01   -0.144157046079635620E+01   -0.964808559417724609E+01   -0.134433844745268859E+07   -0.707575511231550625E+01    1
    0.836961536460757438E+00    0.217987215518951416E+03   -0.859203499555587769E+01   -0.394738292694091797E+01   -0.856854850053787231E+01   -0.482881313562393188E+01   -0.482689213752746582E+01   -0.347848182916641235E+01   -0.803355723619461060E+01   -0.134156174696862441E+07   -0.707675511231548171E+01    1
    0.991893391678691061E+00    0.206117850542068481E+03   -0.793490236997604370E+01   -0.976721644401550293E+01   -0.312313151359558105E+01   -0.820155096054077148E+01   -0.218187892436981201E+01   -0.854017877578735352E+01   -0.497616297006607056E+01   -0.134105366743188910E+07   -0.707775511231550514E+01    1
    0.997379322412133451E+00    0.319059824943542480E+03   -0.847966545820236206E+01   -0.577698957920074463E+01   -0.549463289976119995E+01   -0.477694082260131836E+01   -0.682352155447006226E+01   -0.855991929769515991E+01   -0.802941644191741943E+01   -0.133926613773696311E+07   -0.707875511231553034E+01    1
    0.989533581762850445E+00    0.223008042573928833E+03   -0.457713449001312256E+01   -0.352829903364181519E+01   -0.855603706836700439E+01   -0.280415731668472290E+01   -0.309110110998153687E+01   -0.507618415355682373E+01   -0.216706615686416626E+01   -0.133623742286140891E+07   -0.707975511231552090E+01    1
    0.832248012010395666E+00    0.292855161428451538E+03   -0.759857267141342163E+01   -0.805255961418151855E+01   -0.780660104751586914E+01   -0.579439443349838257E+01   -0.687157332897186279E+01   -0.240821552276611328E+01   -0.287239539623260498E+01   -0.133271886206928827E+07   -0.708075511231552213E+01    1
    0.832655921056509207E+00    0.371361505985260010E+03   -0.309465503692626953E+01   -0.778167420625686646E+01   -0.993858331441879272E+01   -0.654434597492218018E+01   -0.589019972085952759E+01   -0.780350148677825928E+01   -0.373244947195053101E+01   -0.132827077772512799E+07   -0.708175511231552246E+01    1
    0.831092187638819424E+00    0.283763009309768677E+03   -0.357830238342285156E+01   -0.352759575843811035E+01   -0.173318183422088623E+01   -0.862168198823928833E+01   -0.937430608272552490E+01   -0.539948689937591553E+01   -0.688342761993408203E+01   -0.132763099459070479E+07   -0.708275511231552013E+01    1
    0.997601382515788226E+00    0.265558284521102905E+03   -0.616320836544036865E+01   -0.488825517892837524E+01   -0.891608822345733643E+01   -0.179422783851623535E+01   -0.765042191743850708E+01   -0.671870511770248413E+01   -0.952277708053588867E+01   -0.132655856944144284E+07   -0.708375511231552402E+01    1
    0.992928315201401901E+00    0.340510755777359009E+03   -0.407092118263244629E+01   -0.491514110565185547E+01   -0.858890271186828613E+01   -0.191943764686584473E+01   -0.641840070486068726E+01   -0.314394384622573853E+01   -0.959820938110351562E+01   -0.132627822909770114E+07   -0.708475511231548261E+01    1
    0.982366617086827931E+00    0.404525482654571533E+03   -0.769994139671325684E+01   -0.451416051387786865E+01   -0.222727638483047485E+01   -0.284379446506500244E+01   -0.322030955553054810E+01   -0.392683827877044678E+01   -0.870969009399414062E+01   -0.132571592795258970E+07   -0.708575511231548649E+01    1
    0.833108489440441247E+00    0.330917745828628540E+03   -0.702247279882431030E+01   -0.173211002349853516E+01   -0.319637030363082886E+01   -0.512528467178344727E+01   -0.553995043039321899E+01   -0.633802562952041626E+01   -0.720677810907363892E+01   -0.132458556410820503E+07   -0.708675511231549748E+01    1
    0.985875718263566680E+00    0.458915781974792480E+03   -0.743279284238815308E+01   -0.833313369750976562E+01   -0.301115947961807251E+01   -0.131288665533065796E+01   -0.587204170227050781E+01   -0.650005841255187988E+01   -0.624338227510452271E+01   -0.132184610314189992E+07   -0.708775511231548361E+01    1
    0.829211964951575009E+00    0.308275431394577026E+03   -0.734990453720092773E+01   -0.322343647480010986E+01   -0.173726952075958252E+01   -0.347539728879928589E+01   -0.492968887090682983E+01   -0.365934050083160400E+01   -0.294561916589736938E+01   -0.131836096690200781E+07   -0.708875511231548483E+01    1
    0.991064190011322621E+00    0.291694551706314087E+03   -0.221000456809997559E+01   -0.103597486019134521E+01   -0.853128135204315186E+01   -0.232322704792022705E+01   -0.662119019031524658E+01   -0.501371282339096069E+01   -0.685665649175643921E+01   -0.131796261822511512E+07   -0.708975511231547539E+01    1
    0.834999524042844943E+00    0.298392903804779053E+03   -0.763324773311614990E+01   -0.694224417209625244E+01   -0.732816630601882935E+01   -0.826182502508163452E+01   -0.623083114624023438E+01   -0.530112922191619873E+01   -0.356237918138504028E+01   -0.131320598305749963E+07   -0.709075511231549882E+01    1
    0.982259843953013578E+00    0.429557287693023682E+03   -0.785705286264419556E+01   -0.512311100959777832E+01   -0.952900892496109009E+01   -0.507306152582168579E+01   -0.774076139926910400E+01   -0.619965261220932007E+01   -0.265697860717773438E+01   -0.130560439151568827E+07   -0.709175511231553379E+01    1
    0.839974197828591063E+00    0.413877612352371216E+03   -0.783082407712936401E+01   -0.838664698600769043E+01   -0.584224075078964233E+01   -0.928667294979095459E+01   -0.729441660642623901E+01   -0.758937537670135498E+01   -0.780907618999481201E+01   -0.130528835995666822E+07   -0.709275511231555900E+01    1
    0.828890529340267301E+00    0.463829714059829712E+03   -0.543713223934173584E+01   -0.761079120635986328E+01   -0.614861875772476196E+01   -0.108475297689437866E+01   -0.865039986371994019E+01   -0.488239777088165283E+01   -0.277035343647003174E+01   -0.130294851778393122E+07   -0.709375511231555222E+01    1
    0.997335680795073731E+00    0.252722787857055664E+03   -0.884344917535781860E+01   -0.608898895978927612E+01   -0.826894736289978027E+01   -0.221755605936050415E+01   -0.818682777881622314E+01   -0.610134267807006836E+01   -0.851948875188827515E+01   -0.130091146998615167E+07   -0.709475511231548772E+01    1
    0.832729142234981179E+00    0.295454365015029907E+03   -0.690701657533645630E+01   -0.329920351505279541E+01   -0.242314577102661133E+01   -0.304790252447128296E+01   -0.266391909122467041E+01   -0.777699697017669678E+01   -0.885519671440124512E+01   -0.129598179738852521E+07   -0.709575511231547384E+01    1
    0.988802934860587346E+00    0.304246413707733154E+03   -0.359256261587142944E+01   -0.434389066696166992E+01   -0.944547474384307861E+01   -0.137740451097488403E+01   -0.812518954277038574E+01   -0.471338641643524170E+01   -0.331040227413177490E+01   -0.129437524809535197E+07   -0.709675511231547862E+01    1
    0.992033771484017501E+00    0.341315382719039917E+03   -0.732074677944183350E+01   -0.289121109247207642E+01   -0.482337844371795654E+01   -0.377608042955398560E+01   -0.483469361066818237E+01   -0.541502493619918823E+01   -0.594437712430953979E+01   -0.128917945549715357E+07   -0.709775511231546563E+01    1
    0.839664777888178948E+00    0.451670867204666138E+03   -0.584327232837677002E+01   -0.476521366834640503E+01   -0.873957794904708862E+01   -0.874946027994155884E+01   -0.438812404870986938E+01   -0.738592982292175293E+01   -0.942275214195251465E+01   -0.128086445521386433E+07   -0.709875511231552725E+01    1
    0.837207584133267568E+00    0.335169154405593872E+03   -0.884113925695419312E+01   -0.313096892833709717E+01   -0.602507674694061279E+01   -0.519365096092224121E+01   -0.433791309595108032E+01   -0.956795674562454224E+01   -0.481139969825744629E+01   -0.128013069096883340E+07   -0.709975511231554801E+01    1
    0.974095775570869571E+00    0.444857573509216309E+03   -0.321244049072265625E+01   -0.814332878589630127E+01   -0.276570838689804077E+01   -0.602072405815124512E+01   -0.339344400167465210E+01   -0.705189287662506104E+01   -0.197289997339248657E+01   -0.127670769056596421E+07   -0.710075511231553769E+01    1
    0.839225297612071208E+00    0.218829554319381714E+03   -0.398601800203323364E+01   -0.543201780319213867E+01   -0.731039237976074219E+01   -0.269980651140213013E+01   -0.800809448957443237E+01   -0.499439340829849243E+01   -0.882288628816604614E+01   -0.127439956696320325E+07   -0.710175511231549716E+01    1
    0.983171097988665310E+00    0.279931563138961792E+03   -0.876094228029251099E+01   -0.431144398450851440E+01   -0.512327086925506592E+01   -0.910317122936248779E+01   -0.387342905998229980E+01   -0.989742964506149292E+01   -0.148718893527984619E+01   -0.126988187434359593E+07   -0.710275511231548595E+01    1
    0.988623684688210602E+00    0.265743947029113770E+03   -0.148236095905303955E+01   -0.411060607433319092E+01   -0.608002126216888428E+01   -0.538750815391540527E+01   -0.604349547624588013E+01   -0.254898697137832642E+01   -0.596094888448715210E+01   -0.126688749177249637E+07   -0.710375511231548451E+01    1
    0.835936166381299639E+00    0.266277492046356201E+03   -0.946456295251846313E+01   -0.204735058546066284E+01   -0.281114125251770020E+01   -0.538234061002731323E+01   -0.988030642271041870E+01   -0.842377895116806030E+01   -0.817245596647262573E+01   -0.126203485560034588E+07   -0.710475511231546175E+01    1
    0.990974532095432403E+00    0.346700400114059448E+03   -0.951875698566436768E+01   -0.116081345081329346E+01   -0.551183766126632690E+01   -0.184876412153244019E+01   -0.569652277231216431E+01   -0.931407922506332397E+01   -0.880944895744323730E+01   -0.126104426762193232E+07   -0.710575511231550738E+01    1
    0.834870984816670547E+00    0.395691537857055664E+03   -0.412045460939407349E+01   -0.501877468824386597E+01   -0.426493984460830688E+01   -0.786014866828918457E+01   -0.378595417737960815E+01   -0.285258245468139648E+01   -0.691652983427047729E+01   -0.126000736490080832E+07   -0.710675511231549617E+01    1
    0.983702654635369989E+00    0.493355882167816162E+03   -0.439323580265045166E+01   -0.383735656738281250E+01   -0.942420643568038940E+01   -0.927461320161819458E+01   -0.171563428640365601E+01   -0.678293704986572266E+01   -0.704167473316192627E+01   -0.125855189730927558E+07   -0.710775511231548851E+01    1
    0.986798342319309851E+00    0.231723004579544067E+03   -0.116864228248596191E+01   -0.845225489139556885E+01   -0.354991602897644043E+01   -0.632566440105438232E+01   -0.229196161031723022E+01   -0.434170198440551758E+01   -0.353565365076065063E+01   -0.125765788610027079E+07   -0.710875511231553237E+01    1
    0.992720043572545174E+00    0.369454920291900635E+03   -0.669034987688064575E+01   -0.894438606500625610E+01   -0.840234595537185669E+01   -0.764903306961059570E+01   -0.740849310159683228E+01   -0.350772219896316528E+01   -0.628636091947555542E+01   -0.125749512240348710E+07   -0.710975511231552026E+01    1
    0.839753702607393460E+00    0.287470859289169312E+03   -0.661926382780075073E+01   -0.417175883054733276E+01   -0.806964367628097534E+01   -0.399228471517562866E+01   -0.657624816894531250E+01   -0.605365300178527832E+01   -0.531371200084686279E+01   -0.125661227320064721E+07   -0.711075511231553037E+01    1
    0.842392499329984390E+00    0.364367985725402832E+03   -0.748127537965774536E+01   -0.927206939458847046E+01   -0.835951644182205200E+01   -0.774814873933792114E+01   -0.737019598484039307E+01   -0.771146845817565918E+01   -0.788254725933074951E+01   -0.125602814216368063E+07   -0.711175511231555468E+01    1
    0.980963858640790165E+00    0.351637578010559082E+03   -0.523336160182952881E+01   -0.153449827432632446E+01   -0.383116871118545532E+01   -0.814097756147384644E+01   -0.117135775089263916E+01   -0.229273945093154907E+01   -0.305056810379028320E+01   -0.125447359621828934E+07   -0.711275511231549729E+01    1
    0.830391623686731029E+00    0.305444878339767456E+03   -0.606913685798645020E+01   -0.751547193527221680E+01   -0.930983972549438477E+01   -0.511787748336791992E+01   -0.486165463924407959E+01   -0.266985696554183960E+01   -0.131316131353378296E+01   -0.125419589254290122E+07   -0.711375511231544433E+01    1
    0.829903566395044479E+00    0.475531208515167236E+03   -0.284722822904586792E+01   -0.835495668649673462E+01   -0.302388012409210205E+01   -0.196677166223526001E+01   -0.667773222923278809E+01   -0.218404722213745117E+01   -0.859899264574050903E+01   -0.125216896639042627E+07   -0.711475511231546065E+01    1
    0.988376674011111400E+00    0.269184970855712891E+03   -0.244255906343460083E+01   -0.168543583154678345E+01   -0.691778671741485596E+01   -0.599171489477157593E+01   -0.234698873758316040E+01   -0.922776573896408081E+01   -0.708413356542587280E+01   -0.125000452405630844E+07   -0.711575511231552138E+01    1
    0.835368376686930869E+00    0.245923298597335815E+03   -0.135695159435272217E+01   -0.182883584499359131E+01   -0.537194490432739258E+01   -0.902214115858078003E+01   -0.162071144580841064E+01   -0.735548943281173706E+01   -0.608139723539352417E+01   -0.124798707359889639E+07   -0.711675511231550573E+01    1
    0.841006615350723408E+00    0.331827712059020996E+03   -0.860788792371749878E+01   -0.777062350511550903E+01   -0.794862025976181030E+01   -0.883215600252151489E+01   -0.388595497608184814E+01   -0.690681326389312744E+01   -0.876334178447723389E+01   -0.124117109037693031E+07   -0.711775511231547409E+01    1
    0.973706491908967631E+00    0.373203843832015991E+03   -0.448836034536361694E+01   -0.573466753959655762E+01   -0.165532052516937256E+01   -0.888652437925338745E+01   -0.589835739135742188E+01   -0.625116229057312012E+01   -0.150573694705963135E+01   -0.123925132701696525E+07   -0.711875511231553126E+01    1
    0.838042498168766636E+00    0.217043095827102661E+03   -0.320550858974456787E+01   -0.537706202268600464E+01   -0.487063789367675781E+01   -0.335912674665451050E+01   -0.458036869764328003E+01   -0.871230202913284302E+01   -0.385247135162353516E+01   -0.123747264704211033E+07   -0.711975511231554670E+01    1
    0.987455177108466753E+00    0.439993602037429810E+03   -0.506795352697372437E+01   -0.176519453525543213E+01   -0.907484281063079834E+01   -0.183270144462585449E+01   -0.346133232116699219E+01   -0.520459866523742676E+01   -0.864268583059310913E+01   -0.123667312852157978E+07   -0.712075511231549907E+01    1
    0.826903796156823745E+00    0.387145912647247314E+03   -0.506572782993316650E+01   -0.579300934076309204E+01   -0.465990370512008667E+01   -0.150742137432098389E+01   -0.149444484710693359E+01   -0.754690259695053101E+01   -0.134175419807434082E+01   -0.123203296034165751E+07   -0.712175511231547542E+01    1
    0.826906542908549480E+00    0.414072304964065552E+03   -0.955077773332595825E+01   -0.282247090339660645E+01   -0.340301305055618286E+01   -0.196323919296264648E+01   -0.224117666482925415E+01   -0.845995765924453735E+01   -0.163492286205291748E+01   -0.122696167236421630E+07   -0.712275511231546421E+01    1
    0.981806104643047073E+00    0.273508870601654053E+03   -0.868031346797943115E+01   -0.920424330234527588E+01   -0.935758143663406372E+01   -0.768651908636093140E+01   -0.378104948997497559E+01   -0.420534867048263550E+01   -0.135248571634292603E+01   -0.122486880848783301E+07   -0.712375511231549119E+01    1
    0.833377911860704534E+00    0.298816388845443726E+03   -0.964994704723358154E+01   -0.399562621116638184E+01   -0.162016910314559937E+01   -0.572654956579208374E+01   -0.770923364162445068E+01   -0.257971167564392090E+01   -0.797056341171264648E+01   -0.122452176877578860E+07   -0.712475511231554925E+01    1
    0.984156120364487297E+00    0.309553557634353638E+03   -0.395438939332962036E+01   -0.356536984443664551E+01   -0.213562583923339844E+01   -0.191061049699783325E+01   -0.539684545993804932E+01   -0.833592265844345093E+01   -0.657693642377853394E+01   -0.122447021235184115E+07   -0.712575511231552827E+01    1
    0.835769511871218840E+00    0.479923665523529053E+03   -0.913730394840240479E+01   -0.861044943332672119E+01   -0.439001768827438354E+01   -0.715687131881713867E+01   -0.921527951955795288E+01   -0.292101901769638062E+01   -0.528280919790267944E+01   -0.122242592774713947E+07   -0.712675511231549308E+01    1
    0.991119289194345665E+00    0.229431056976318359E+03   -0.349836879968643188E+01   -0.323634111881256104E+01   -0.478600615262985229E+01   -0.766365700960159302E+01   -0.758973371982574463E+01   -0.576090168952941895E+01   -0.886168444156646729E+01   -0.121793342890778650E+07   -0.712775511231546943E+01    1
    0.975211088090300660E+00    0.351860862970352173E+03   -0.919888639450073242E+01   -0.757754147052764893E+01   -0.523889017105102539E+01   -0.763468861579895020E+01   -0.195674341917037964E+01   -0.797406637668609619E+01   -0.123868602514266968E+01   -0.121573197636100766E+07   -0.712875511231544934E+01    1
    0.981654518966138534E+00    0.386578553915023804E+03   -0.819812738895416260E+01   -0.145129829645156860E+01   -0.352586787939071655E+01   -0.475645411014556885E+01   -0.654988259077072144E+01   -0.297995036840438843E+01   -0.348154222965240479E+01   -0.121495860615376080E+07   -0.712975511231545589E+01    1
    0.994667468659579890E+00    0.471978300809860229E+03   -0.786605113744735718E+01   -0.533336883783340454E+01   -0.707699459791183472E+01   -0.459167045354843140E+01   -0.665351563692092896E+01   -0.557292979955673218E+01   -0.881765973567962646E+01   -0.120867185374741582E+07   -0.713075511231547310E+01    1
    0.842800791389286652E+00    0.212755459547042847E+03   -0.903985768556594849E+01   -0.596227121353149414E+01   -0.762653148174285889E+01   -0.741617441177368164E+01   -0.838990318775177002E+01   -0.925059348344802856E+01   -0.670828849077224731E+01   -0.120560063105822098E+07   -0.713175511231551518E+01    1
    0.984560724553942834E+00    0.216265934705734253E+03   -0.814504379034042358E+01   -0.661553287506103516E+01   -0.601914155483245850E+01   -0.468895524740219116E+01   -0.556263870000839233E+01   -0.753183984756469727E+01   -0.133944964408874512E+01   -0.120411394705469673E+07   -0.713275511231555459E+01    1
    0.831274348711431132E+00    0.474705141782760620E+03   -0.294857978820800781E+01   -0.815005844831466675E+01   -0.507803541421890259E+01   -0.776156461238861084E+01   -0.202312701940536499E+01   -0.161213535070419312E+01   -0.594069176912307739E+01   -0.120276780473774089E+07   -0.713375511231552295E+01    1
    0.986037721899211572E+00    0.273530775308609009E+03   -0.362306576967239380E+01   -0.926134914159774780E+01   -0.291820108890533447E+01   -0.453076660633087158E+01   -0.468970412015914917E+01   -0.344879889488220215E+01   -0.461445796489715576E+01   -0.119816795638373541E+07   -0.713475511231551707E+01    1
    0.987368090852558833E+00    0.493738687038421631E+03   -0.341719013452529907E+01   -0.770077180862426758E+01   -0.958976471424102783E+01   -0.249997657537460327E+01   -0.653856849670410156E+01   -0.870145034790039062E+01   -0.520443290472030640E+01   -0.119765114540613256E+07   -0.713575511231552095E+01    1
    0.984481167243004052E+00    0.260663127899169922E+03   -0.613370835781097412E+01   -0.828466349840164185E+01   -0.698209911584854126E+01   -0.307152098417282104E+01   -0.336552596092224121E+01   -0.667577528953552246E+01   -0.224716067314147949E+01   -0.119451864758767094E+07   -0.713675511231547333E+01    1
    0.834218800901949553E+00    0.358535861968994141E+03   -0.979135954380035400E+01   -0.777812939882278442E+01   -0.871168941259384155E+01   -0.929214411973953247E+01   -0.344261157512664795E+01   -0.690781587362289429E+01   -0.247785961627960205E+01   -0.119140022375766607E+07   -0.713775511231547721E+01    1
    0.982842779083192508E+00    0.293333327770233154E+03   -0.258933812379837036E+01   -0.909104925394058228E+01   -0.419300353527069092E+01   -0.413181966543197632E+01   -0.145446974039077759E+01   -0.873558306694030762E+01   -0.333424657583236694E+01   -0.119059920795729477E+07   -0.713875511231551751E+01    1
    0.977235619203865702E+00    0.437033069133758545E+03   -0.797269523143768311E+01   -0.441380727291107178E+01   -0.223274111747741699E+01   -0.435484480857849121E+01   -0.335444360971450806E+01   -0.456206798553466797E+01   -0.900463813543319702E+01   -0.119050843782856478E+07   -0.713975511231553206E+01    1
    0.838500549112916160E+00    0.237082648277282715E+03   -0.269652295112609863E+01   -0.547344934940338135E+01   -0.374662816524505615E+01   -0.993281495571136475E+01   -0.197920316457748413E+01   -0.990836501121520996E+01   -0.689431095123291016E+01   -0.118909871891373256E+07   -0.714075511231547910E+01    1
    0.835157226987540913E+00    0.331169104576110840E+03   -0.664903205633163452E+01   -0.718905514478683472E+01   -0.546413081884384155E+01   -0.599737918376922607E+01   -0.461541658639907837E+01   -0.668434870243072510E+01   -0.235402363538742065E+01   -0.118715892393040122E+07   -0.714175511231547588E+01    1
    0.992751231789350652E+00    0.350463467836380005E+03   -0.543455517292022705E+01   -0.406187462806701660E+01   -0.779139828681945801E+01   -0.889009761810302734E+01   -0.555780696868896484E+01   -0.919290721416473389E+01   -0.905328589677810669E+01   -0.118504990626734705E+07   -0.714275511231552063E+01    1
    0.992792312689662171E+00    0.231800717115402222E+03   -0.920285069942474365E+01   -0.887393355369567871E+01   -0.591724336147308350E+01   -0.602562016248703003E+01   -0.470797264575958252E+01   -0.627727359533309937E+01   -0.848986697196960449E+01   -0.118501477799820574E+07   -0.714375511231548810E+01    1
    0.991219518274247813E+00    0.443492043018341064E+03   -0.844454354047775269E+01   -0.452908700704574585E+01   -0.754682642221450806E+01   -0.678188776969909668E+01   -0.387384963035583496E+01   -0.999313569068908691E+01   -0.694622457027435303E+01   -0.118280465556406230E+07   -0.714475511231548044E+01    1
    0.836403026628792401E+00    0.251887297630310059E+03   -0.946901702880859375E+01   -0.104337561130523682E+01   -0.196652007102966309E+01   -0.869261944293975830E+01   -0.243913066387176514E+01   -0.659943962097167969E+01   -0.396517509222030640E+01   -0.118239024754949147E+07   -0.714575511231547544E+01    1
    0.984461743002712941E+00    0.315834558010101318E+03   -0.289644891023635864E+01   -0.726708811521530151E+01   -0.404233044385910034E+01   -0.575747168064117432E+01   -0.201402360200881958E+01   -0.558130204677581787E+01   -0.774278271198272705E+01   -0.117950087623293349E+07   -0.714675511231546512E+01    1
    0.981575596362769809E+00    0.457347548007965088E+03   -0.851775443553924561E+01   -0.504214155673980713E+01   -0.377562552690505981E+01   -0.695945805311203003E+01   -0.303849118947982788E+01   -0.322681552171707153E+01   -0.696861350536346436E+01   -0.117319760710577667E+07   -0.714775511231545746E+01    1
    0.833704337586701039E+00    0.448009151220321655E+03   -0.295083177089691162E+01   -0.788897114992141724E+01   -0.947195887565612793E+01   -0.371959203481674194E+01   -0.273100221157073975E+01   -0.192854160070419312E+01   -0.444459366798400879E+01   -0.117318263913774444E+07   -0.714875511231547112E+01    1
    0.840332917038023597E+00    0.209981644153594971E+03   -0.438884717226028442E+01   -0.326696604490280151E+01   -0.933448761701583862E+01   -0.212495386600494385E+01   -0.132941281795501709E+01   -0.409889608621597290E+01   -0.771090412139892578E+01   -0.116479296499433462E+07   -0.714975511231553895E+01    1
    0.832043559570193492E+00    0.393970811367034912E+03   -0.812159216403961182E+01   -0.934921079874038696E+01   -0.142545092105865479E+01   -0.147662210464477539E+01   -0.927074331045150757E+01   -0.845763808488845825E+01   -0.805382990837097168E+01   -0.116162795426820382E+07   -0.715075511231556238E+01    1
    0.979615882023990303E+00    0.287504619359970093E+03   -0.480793803930282593E+01   -0.806113409996032715E+01   -0.531929957866668701E+01   -0.194088137149810791E+01   -0.236739552021026611E+01   -0.810266757011413574E+01   -0.164002978801727295E+01   -0.115973581347950664E+07   -0.715175511231552363E+01    1
    0.839710848903179374E+00    0.258637326955795288E+03   -0.130372101068496704E+01   -0.783559733629226685E+01   -0.906354749202728271E+01   -0.387456095218658447E+01   -0.882421666383743286E+01   -0.327539569139480591E+01   -0.667506289482116699E+01   -0.115728255404364644E+07   -0.715275511231548489E+01    1
    0.977055843756258646E+00    0.404378980398178101E+03   -0.328590404987335205E+01   -0.849095219373703003E+01   -0.198331660032272339E+01   -0.438594019412994385E+01   -0.533509939908981323E+01   -0.919003242254257202E+01   -0.554923462867736816E+01   -0.115520535748689179E+07   -0.715375511231551631E+01    1
    0.839207230332791987E+00    0.281635266542434692E+03   -0.207041651010513306E+01   -0.311920315027236938E+01   -0.353633224964141846E+01   -0.859848624467849731E+01   -0.376072585582733154E+01   -0.958471411466598511E+01   -0.801917093992233276E+01   -0.115207615054151695E+07   -0.715475511231555394E+01    1
    0.981781613685429266E+00    0.230940443277359009E+03   -0.103291767835617065E+01   -0.469078397750854492E+01   -0.853184461593627930E+01   -0.583219051361083984E+01   -0.908898288011550903E+01   -0.244441515207290649E+01   -0.176219689846038818E+01   -0.115043454480484035E+07   -0.715575511231553918E+01    1
    0.827826573417842493E+00    0.452668595314025879E+03   -0.984638506174087524E+01   -0.549152743816375732E+01   -0.119539409875869751E+01   -0.508598172664642334E+01   -0.283273249864578247E+01   -0.867973947525024414E+01   -0.947195136547088623E+01   -0.115027912154660164E+07   -0.715675511231548889E+01    1
    0.988395977875828891E+00    0.214343470335006714E+03   -0.799331229925155640E+01   -0.453232014179229736E+01   -0.476236945390701294E+01   -0.445875626802444458E+01   -0.420279252529144287E+01   -0.787354576587677002E+01   -0.412943893671035767E+01   -0.114775385709076375E+07   -0.715775511231549810E+01    1
    0.836238396616995505E+00    0.416994053125381470E+03   -0.485753208398818970E+01   -0.794917708635330200E+01   -0.287337547540664673E+01   -0.831990718841552734E+01   -0.298233699798583984E+01   -0.777799904346466064E+01   -0.948772060871124268E+01   -0.114635822899938724E+07   -0.715875511231551975E+01    1
    0.979295376587569821E+00    0.268276256322860718E+03   -0.651140254735946655E+01   -0.402640348672866821E+01   -0.269449573755264282E+01   -0.212746816873550415E+01   -0.432187777757644653E+01   -0.445944023132324219E+01   -0.145958417654037476E+01   -0.114612537501938175E+07   -0.715975511231550943E+01    1
    0.838350068702638285E+00    0.459710055589675903E+03   -0.576096928119659424E+01   -0.509410560131072998E+01   -0.668365025520324707E+01   -0.226064896583557129E+01   -0.150737041234970093E+01   -0.942516773939132690E+01   -0.890567320585250854E+01   -0.114311484229652421E+07   -0.716075511231549466E+01    1
    0.981167282416999464E+00    0.345297837257385254E+03   -0.459198749065399170E+01   -0.251924663782119751E+01   -0.241469520330429077E+01   -0.171992957592010498E+01   -0.590276801586151123E+01   -0.858928143978118896E+01   -0.859734469652175903E+01   -0.114233352270780224E+07   -0.716175511231550654E+01    1
    0.838995259890854550E+00    0.248525363206863403E+03   -0.139487534761428833E+01   -0.949233561754226685E+01   -0.824114519357681274E+01   -0.148813307285308838E+01   -0.186934578418731689E+01   -0.256353098154067993E+01   -0.638633060455322266E+01   -0.114125931079845340E+07   -0.716275511231549800E+01    1
    0.967365588192165005E+00    0.450049597024917603E+03   -0.144216805696487427E+01   -0.961848151683807373E+01   -0.342332702875137329E+01   -0.191247624158859253E+01   -0.622302967309951782E+01   -0.119431370496749878E+01   -0.163116508722305298E+01   -0.114072124794918182E+07   -0.716375511231549744E+01    1
    0.834903913007676746E+00    0.289119452238082886E+03   -0.339362156391143799E+01   -0.716705030202865601E+01   -0.132944554090499878E+01   -0.736986392736434937E+01   -0.447801613807678223E+01   -0.984611576795578003E+01   -0.281425315141677856E+01   -0.114060414692175784E+07   -0.716475511231552620E+01    1
    0.984583563083231583E+00    0.232994586229324341E+03   -0.718301534652709961E+01   -0.331403720378875732E+01   -0.260456502437591553E+01   -0.688997811079025269E+01   -0.259873443841934204E+01   -0.626271778345108032E+01   -0.457317715883255005E+01   -0.113888344137558015E+07   -0.716575511231553186E+01    1
    0.988231851252794447E+00    0.325081580877304077E+03   -0.693651551008224487E+01   -0.498555874824523926E+01   -0.779479181766510010E+01   -0.666130799055099487E+01   -0.404886001348495483E+01   -0.739116925001144409E+01   -0.484209758043289185E+01   -0.113884048230483523E+07   -0.716675511231552953E+01    1
    0.841773922086775483E+00    0.209172672033309937E+03   -0.379018294811248779E+01   -0.879263687133789062E+01   -0.916883492469787598E+01   -0.395981442928314209E+01   -0.490396165847778320E+01   -0.235905438661575317E+01   -0.441999620199203491E+01   -0.113883447505683242E+07   -0.716775511231552542E+01    1
    0.976304010753035745E+00    0.495193874835968018E+03   -0.406706309318542480E+01   -0.100324654579162598E+01   -0.381792235374450684E+01   -0.445051008462905884E+01   -0.234180134534835815E+01   -0.493222570419311523E+01   -0.578948223590850830E+01   -0.113747234188577137E+07   -0.716875511231552309E+01    1
    0.973974830949068227E+00    0.495379626750946045E+03   -0.264901727437973022E+01   -0.108685851097106934E+01   -0.930447369813919067E+01   -0.861874067783355713E+01   -0.147083872556686401E+01   -0.263631433248519897E+01   -0.857787883281707764E+01   -0.113531800154124736E+07   -0.716975511231551454E+01    1
    0.837041017169058432E+00    0.238421392440795898E+03   -0.566133701801300049E+01   -0.829829072952270508E+01   -0.100059652328491211E+01   -0.832152563333511353E+01   -0.982332557439804077E+01   -0.202793300151824951E+01   -0.988331049680709839E+01   -0.113078271732369252E+07   -0.717075511231548468E+01    1
    0.833966034083783780E+00    0.468127310276031494E+03   -0.237820643186569214E+01   -0.181815904378890991E+01   -0.340713614225387573E+01   -0.129838341474533081E+01   -0.574319374561309814E+01   -0.199420207738876343E+01   -0.891344249248504639E+01   -0.112788932290791627E+07   -0.717175511231547969E+01    1
    0.983983392359554898E+00    0.365809082984924316E+03   -0.494865047931671143E+01   -0.358788484334945679E+01   -0.966557574272155762E+01   -0.612075382471084595E+01   -0.859595263004302979E+01   -0.801137268543243408E+01   -0.367131280899047852E+01   -0.112599005832898663E+07   -0.717275511231553597E+01    1
    0.839385473727643605E+00    0.311601316928863525E+03   -0.723409855365753174E+01   -0.108841097354888916E+01   -0.882811069488525391E+01   -0.738078910112380981E+01   -0.640922862291336060E+01   -0.432868361473083496E+01   -0.306274425983428955E+01   -0.112562753279932565E+07   -0.717375511231553364E+01    1
    0.980102111795604358E+00    0.350746458768844604E+03   -0.414863765239715576E+01   -0.548412078619003296E+01   -0.897235828638076782E+01   -0.622349423170089722E+01   -0.190981012582778931E+01   -0.451372867822647095E+01   -0.345252180099487305E+01   -0.112114962687132484E+07   -0.717475511231548158E+01    1
    0.838776209176540499E+00    0.224571055173873901E+03   -0.981037157773971558E+01   -0.445580315589904785E+01   -0.950146317481994629E+01   -0.905491238832473755E+01   -0.632671314477920532E+01   -0.400467061996459961E+01   -0.143916988372802734E+01   -0.112066096894441382E+07   -0.717575511231545082E+01    1
    0.840098917866110906E+00    0.353903722763061523E+03   -0.176378905773162842E+01   -0.788692623376846313E+01   -0.620390391349792480E+01   -0.916486632823944092E+01   -0.439399111270904541E+01   -0.566298872232437134E+01   -0.563572353124618530E+01   -0.112006045649753837E+07   -0.717675511231549468E+01    1
    0.834510919589459998E+00    0.366688847541809082E+03   -0.835088723897933960E+01   -0.259896779060363770E+01   -0.586830484867095947E+01   -0.826013040542602539E+01   -0.550809919834136963E+01   -0.506549072265625000E+01   -0.188064754009246826E+01   -0.111722853050369374E+07   -0.717775511231550745E+01    1
    0.843561718219936085E+00    0.257604783773422241E+03   -0.980424219369888306E+01   -0.160234904289245605E+01   -0.491854643821716309E+01   -0.853036725521087646E+01   -0.608795309066772461E+01   -0.988353097438812256E+01   -0.980049997568130493E+01   -0.111641667036284180E+07   -0.717875511231551044E+01    1
    0.986501419552087921E+00    0.355829441547393799E+03   -0.803637838363647461E+01   -0.365633749961853027E+01   -0.448317241668701172E+01   -0.227150654792785645E+01   -0.559267246723175049E+01   -0.393464350700378418E+01   -0.955679929256439209E+01   -0.111582700835684245E+07   -0.717975511231550723E+01    1
    0.986203862077295934E+00    0.222206526994705200E+03   -0.688267177343368530E+01   -0.914754998683929443E+01   -0.552047276496887207E+01   -0.840805745124816895E+01   -0.158093214035034180E+01   -0.330787026882171631E+01   -0.933426660299301147E+01   -0.111232413507730304E+07   -0.718075511231548091E+01    1
    0.978547089192152164E+00    0.309549570083618164E+03   -0.142361736297607422E+01   -0.161895674467086792E+01   -0.396248644590377808E+01   -0.676952117681503296E+01   -0.969528818130493164E+01   -0.712276327610015869E+01   -0.235154742002487183E+01   -0.111090400857675239E+07   -0.718175511231547059E+01    1
    0.987676602504551582E+00    0.282448029518127441E+03   -0.470647329092025757E+01   -0.810958766937255859E+01   -0.460375165939331055E+01   -0.555383354425430298E+01   -0.698690509796142578E+01   -0.395067882537841797E+01   -0.858083087205886841E+01   -0.110684765040727146E+07   -0.718275511231549135E+01    1
    0.833228700865566885E+00    0.436726242303848267E+03   -0.827467817068099976E+01   -0.807236933708190918E+01   -0.656342881917953491E+01   -0.724499797821044922E+01   -0.984438467025756836E+01   -0.557925605773925781E+01   -0.207356810569763184E+01   -0.110393058966566809E+07   -0.718375511231553698E+01    1
    0.844658886857450164E+00    0.365345329046249390E+03   -0.981954741477966309E+01   -0.156424021720886230E+01   -0.957817113399505615E+01   -0.857045125961303711E+01   -0.806061857938766479E+01   -0.751377409696578979E+01   -0.786932718753814697E+01   -0.109994539651753404E+07   -0.718475511231550534E+01    1
    0.839066139217257700E+00    0.375225371122360229E+03   -0.850542646646499634E+01   -0.189063715934753418E+01   -0.291362363100051880E+01   -0.571880227327346802E+01   -0.990710169076919556E+01   -0.864659488201141357E+01   -0.699588674306869507E+01   -0.109986933044638927E+07   -0.718575511231548969E+01    1
    0.842128340605259096E+00    0.274085420370101929E+03   -0.870641189813613892E+01   -0.122554641962051392E+01   -0.355307674407958984E+01   -0.729244035482406616E+01   -0.478168350458145142E+01   -0.420363795757293701E+01   -0.644908303022384644E+01   -0.109348290478875977E+07   -0.718675511231548469E+01    1
    0.989396430211544220E+00    0.437049770355224609E+03   -0.631393992900848389E+01   -0.306541520357131958E+01   -0.701130032539367676E+01   -0.443594193458557129E+01   -0.905962073802947998E+01   -0.925669443607330322E+01   -0.919615697860717773E+01   -0.109053568977736495E+07   -0.718775511231545927E+01    1
    0.986177313791692489E+00    0.224606084823608398E+03   -0.584731817245483398E+01   -0.614875394105911255E+01   -0.992747360467910767E+01   -0.185369670391082764E+01   -0.665890526771545410E+01   -0.535616439580917358E+01   -0.348569536209106445E+01   -0.109015524635016406E+07   -0.718875511231549957E+01    1
    0.838007468876838857E+00    0.239278411865234375E+03   -0.623658877611160278E+01   -0.893662643432617188E+01   -0.225932341814041138E+01   -0.391249328851699829E+01   -0.133869701623916626E+01   -0.604083257913589478E+01   -0.153398114442825317E+01   -0.108814595973081933E+07   -0.718975511231552034E+01    1
    0.839833686704457016E+00    0.489132869243621826E+03   -0.724336504936218262E+01   -0.533200037479400635E+01   -0.720538657903671265E+01   -0.271957278251647949E+01   -0.450913029909133911E+01   -0.956841647624969482E+01   -0.385399591922760010E+01   -0.108748745553395525E+07   -0.719075511231547626E+01    1
    0.971651790299356111E+00    0.457941263914108276E+03   -0.392354291677474976E+01   -0.399825477600097656E+01   -0.224662852287292480E+01   -0.771961593627929688E+01   -0.386354029178619385E+01   -0.200749510526657104E+01   -0.891172695159912109E+01   -0.108711748785318062E+07   -0.719175511231544284E+01    1
    0.984014022471428107E+00    0.496528416872024536E+03   -0.774458515644073486E+01   -0.344604748487472534E+01   -0.944336652755737305E+01   -0.538215392827987671E+01   -0.818798488378524780E+01   -0.522570013999938965E+01   -0.469416409730911255E+01   -0.108703189599224413E+07   -0.719275511231546272E+01    1
    0.844788640782594857E+00    0.206670081615447998E+03   -0.321032530069351196E+01   -0.472357559204101562E+01   -0.589771419763565063E+01   -0.556937158107757568E+01   -0.899766439199447632E+01   -0.394264024496078491E+01   -0.819920456409454346E+01   -0.108637214367051260E+07   -0.719375511231547016E+01    1
    0.838566525870502177E+00    0.372008758783340454E+03   -0.781160390377044678E+01   -0.790500915050506592E+01   -0.335728675127029419E+01   -0.778139579296112061E+01   -0.840919148921966553E+01   -0.575499331951141357E+01   -0.315203982591629028E+01   -0.108633530662670592E+07   -0.719475511231544385E+01    1
    0.984312181824088306E+00    0.444076782464981079E+03   -0.363107806444168091E+01   -0.356549590826034546E+01   -0.931318551301956177E+01   -0.430825322866439819E+01   -0.777365386486053467E+01   -0.391688781976699829E+01   -0.682173144817352295E+01   -0.108542171544769453E+07   -0.719575511231547260E+01    1
    0.843627508942544568E+00    0.230176478624343872E+03   -0.755699467658996582E+01   -0.416603553295135498E+01   -0.505088824033737183E+01   -0.112700742483139038E+01   -0.560332351922988892E+01   -0.166746073961257935E+01   -0.650210869312286377E+01   -0.108530416157910321E+07   -0.719675511231546317E+01    1
    0.972015510566711649E+00    0.408922964334487915E+03   -0.801236188411712646E+01   -0.438238573074340820E+01   -0.205491226911544800E+01   -0.996990185976028442E+01   -0.514526230096817017E+01   -0.871557539701461792E+01   -0.268946713209152222E+01   -0.108519678956815484E+07   -0.719775511231543419E+01    1
    0.990264863372683712E+00    0.334492164850234985E+03   -0.695592612028121948E+01   -0.840971344709396362E+01   -0.940878105163574219E+01   -0.210792827606201172E+01   -0.698807936906814575E+01   -0.474520921707153320E+01   -0.717770940065383911E+01   -0.108473305938377581E+07   -0.719875511231543985E+01    1
    0.983022434155225944E+00    0.365005296468734741E+03   -0.404776942729949951E+01   -0.562016028165817261E+01   -0.996200543642044067E+01   -0.837554425001144409E+01   -0.552284276485443115E+01   -0.592292481660842896E+01   -0.386988264322280884E+01   -0.108446286210039491E+07   -0.719975511231549614E+01    1
    0.838366056767463785E+00    0.238117480278015137E+03   -0.893068534135818481E+01   -0.509185844659805298E+01   -0.881362515687942505E+01   -0.193874472379684448E+01   -0.286248409748077393E+01   -0.125981754064559937E+01   -0.108913838863372803E+01   -0.107986512372898939E+07   -0.720075511231550447E+01    1
    0.839884518026232874E+00    0.311809277534484863E+03   -0.338184130191802979E+01   -0.777827692031860352E+01   -0.216371715068817139E+01   -0.159850221872329712E+01   -0.599386012554168701E+01   -0.527104985713958740E+01   -0.755682033300399780E+01   -0.107728384830367635E+07   -0.720175511231547638E+01    1
    0.978418002804279485E+00    0.312122255563735962E+03   -0.351979964971542358E+01   -0.169517868757247925E+01   -0.190492099523544312E+01   -0.649658012390136719E+01   -0.550258457660675049E+01   -0.728915143013000488E+01   -0.888237339258193970E+01   -0.107635074914758303E+07   -0.720275511231552823E+01    1
    0.980591033602774331E+00    0.281218326091766357E+03   -0.855774295330047607E+01   -0.627598828077316284E+01   -0.224883115291595459E+01   -0.399820435047149658E+01   -0.986438965797424316E+01   -0.263971751928329468E+01   -0.452195447683334351E+01   -0.107529836490059225E+07   -0.720375511231551080E+01    1
    0.979568837061166930E+00    0.310396862030029297E+03   -0.182298165559768677E+01   -0.710540133714675903E+01   -0.960053324699401855E+01   -0.634352362155914307E+01   -0.643750393390655518E+01   -0.970943468809127808E+01   -0.283164030313491821E+01   -0.106696746923276340E+07   -0.720475511231545429E+01    1
    0.834598060561537847E+00    0.401741474866867065E+03   -0.918395990133285522E+01   -0.157436984777450562E+01   -0.312868636846542358E+01   -0.513589817285537720E+01   -0.542403072118759155E+01   -0.499091404676437378E+01   -0.202524703741073608E+01   -0.106672589902174287E+07   -0.720575511231549548E+01    1
    0.837638988302707777E+00    0.463053375482559204E+03   -0.654956287145614624E+01   -0.455161112546920776E+01   -0.501319891214370728E+01   -0.764686852693557739E+01   -0.948487317562103271E+01   -0.247905749082565308E+01   -0.335335087776184082E+01   -0.106464819048003340E+07   -0.720675511231549759E+01    1
    0.836341821121216022E+00    0.370217239856719971E+03   -0.797494345903396606E+01   -0.877720236778259277E+01   -0.980613851547241211E+01   -0.938951313495635986E+01   -0.487011432647705078E+01   -0.937978261709213257E+01   -0.178495866060256958E+01   -0.105780793891262915E+07   -0.720775511231550503E+01    1
    0.970606153350591860E+00    0.410289961099624634E+03   -0.689506357908248901E+01   -0.441537797451019287E+01   -0.140657085180282593E+01   -0.424889111518859863E+01   -0.598888945579528809E+01   -0.635763686895370483E+01   -0.606595897674560547E+01   -0.105760375868094433E+07   -0.720875511231551069E+01    1
    0.843100023178875557E+00    0.324316132068634033E+03   -0.495054948329925537E+01   -0.621786963939666748E+01   -0.713116395473480225E+01   -0.301151299476623535E+01   -0.892154330015182495E+01   -0.158537173271179199E+01   -0.845941156148910522E+01   -0.105708335782324360E+07   -0.720975511231546129E+01    1
    0.843688046912849154E+00    0.253732746839523315E+03   -0.200827026367187500E+01   -0.789376854896545410E+01   -0.861093920469284058E+01   -0.569825923442840576E+01   -0.292029803991317749E+01   -0.978932911157608032E+01   -0.526986539363861084E+01   -0.105639799050429300E+07   -0.721075511231547672E+01    1
    0.967085649324059604E+00    0.493445056676864624E+03   -0.852950251102447510E+01   -0.769453674554824829E+01   -0.442384785413742065E+01   -0.357787108421325684E+01   -0.264330309629440308E+01   -0.525833511352539062E+01   -0.213543003797531128E+01   -0.105385735135884583E+07   -0.721175511231547617E+01    1
    0.841830476719916065E+00    0.278933960199356079E+03   -0.190706622600555420E+01   -0.603647130727767944E+01   -0.812929707765579224E+01   -0.177914309501647949E+01   -0.131593042612075806E+01   -0.576198637485504150E+01   -0.957272839546203613E+01   -0.105327609402452689E+07   -0.721275511231547739E+01    1
    0.980430715225160343E+00    0.308004724979400635E+03   -0.750240582227706909E+01   -0.854679471254348755E+01   -0.347560542821884155E+01   -0.119367533922195435E+01   -0.911343604326248169E+01   -0.244142341613769531E+01   -0.362728756666183472E+01   -0.105142500918357773E+07   -0.721375511231551858E+01    1
    0.970508058201313251E+00    0.489363771677017212E+03   -0.161481058597564697E+01   -0.172034960985183716E+01   -0.858064687252044678E+01   -0.918031263351440430E+01   -0.105532485246658325E+01   -0.730707877874374390E+01   -0.818085235357284546E+01   -0.104485854978999740E+07   -0.721475511231550914E+01    1
    0.841359731624365059E+00    0.496513789892196655E+03   -0.664050263166427612E+01   -0.735649365186691284E+01   -0.853139615058898926E+01   -0.372049325704574585E+01   -0.175193476676940918E+01   -0.584847205877304077E+01   -0.546390926837921143E+01   -0.104322374375014694E+07   -0.721575511231545530E+01    1
    0.978888736956596506E+00    0.315197926759719849E+03   -0.630707186460494995E+01   -0.707482469081878662E+01   -0.584882342815399170E+01   -0.150836122035980225E+01   -0.786126017570495605E+01   -0.982963949441909790E+01   -0.244317167997360229E+01   -0.104316979704156832E+07   -0.721675511231545563E+01    1
    0.982786716895580392E+00    0.226427733898162842E+03   -0.994918930530548096E+01   -0.326296204328536987E+01   -0.267189598083496094E+01   -0.449710112810134888E+01   -0.416241133213043213E+01   -0.349248188734054565E+01   -0.782514530420303345E+01   -0.104034522819660301E+07   -0.721775511231547640E+01    1
    0.974053479971587866E+00    0.432766228914260864E+03   -0.217525225877761841E+01   -0.353510218858718872E+01   -0.968590152263641357E+01   -0.433286195993423462E+01   -0.456044256687164307E+01   -0.110335248708724976E+01   -0.472897863388061523E+01   -0.104005445339292556E+07   -0.721875511231550160E+01    1
    0.983969439736247287E+00    0.311478596925735474E+03   -0.386138647794723511E+01   -0.101735872030258179E+01   -0.896623319387435913E+01   -0.317168968915939331E+01   -0.779342603683471680E+01   -0.400535833835601807E+01   -0.933485078811645508E+01   -0.103888534250578913E+07   -0.721975511231553124E+01    1
    0.839927940778613213E+00    0.455371367931365967E+03   -0.333940929174423218E+01   -0.963579624891281128E+01   -0.425189036130905151E+01   -0.199530661106109619E+01   -0.240447705984115601E+01   -0.328350400924682617E+01   -0.718197572231292725E+01   -0.103848500665185519E+07   -0.722075511231550404E+01    1
    0.847069079422474114E+00    0.226790207624435425E+03   -0.861266064643859863E+01   -0.493300622701644897E+01   -0.806648457050323486E+01   -0.479430007934570312E+01   -0.334562504291534424E+01   -0.887635183334350586E+01   -0.593933779001235962E+01   -0.103820347022962873E+07   -0.722175511231544753E+01    1
    0.983578208178699231E+00    0.326469445228576660E+03   -0.736335045099258423E+01   -0.753211718797683716E+01   -0.337938922643661499E+01   -0.776646876335144043E+01   -0.914888197183609009E+01   -0.887606590986251831E+01   -0.937951064109802246E+01   -0.103607316840336984E+07   -0.722275511231548162E+01    1
    0.841845107823729677E+00    0.205325794219970703E+03   -0.962901508808135986E+01   -0.538330245018005371E+01   -0.497460728883743286E+01   -0.203394114971160889E+01   -0.543613767623901367E+01   -0.985063421726226807E+01   -0.109807121753692627E+01   -0.103244994805963279E+07   -0.722375511231550771E+01    1
    0.850269056126117917E+00    0.497148633003234863E+03   -0.917825055122375488E+01   -0.539549952745437622E+01   -0.721443152427673340E+01   -0.606876671314239502E+01   -0.619621777534484863E+01   -0.703742611408233643E+01   -0.758785831928253174E+01   -0.103169306070231867E+07   -0.722475511231551515E+01    1
    0.845181426279366210E+00    0.310023355484008789E+03   -0.593063187599182129E+01   -0.482593137025833130E+01   -0.460727447271347046E+01   -0.287477236986160278E+01   -0.266114729642868042E+01   -0.899700134992599487E+01   -0.989664000272750854E+01   -0.102879193787599180E+07   -0.722575511231550394E+01    1
    0.979360488829672526E+00    0.327140927314758301E+03   -0.610495400428771973E+01   -0.659450596570968628E+01   -0.805288469791412354E+01   -0.571919816732406616E+01   -0.409434008598327637E+01   -0.748780119419097900E+01   -0.292117136716842651E+01   -0.102794776989198592E+07   -0.722675511231548207E+01    1
    0.981709169476568833E+00    0.232583278417587280E+03   -0.488706105947494507E+01   -0.272052711248397827E+01   -0.276560485363006592E+01   -0.851082843542098999E+01   -0.431222879886627197E+01   -0.215719294548034668E+01   -0.627517288923263550E+01   -0.102720141883306147E+07   -0.722775511231554280E+01    1
    0.979925028383553220E+00    0.279707026481628418E+03   -0.851300048828125000E+01   -0.238071000576019287E+01   -0.705120408535003662E+01   -0.519488316774368286E+01   -0.722955542802810669E+01   -0.453752791881561279E+01   -0.261273020505905151E+01   -0.102406148496550124E+07   -0.722875511231555823E+01    1
    0.842242730229914360E+00    0.436661046743392944E+03   -0.969649142026901245E+01   -0.150110960006713867E+01   -0.804258179664611816E+01   -0.940281742811203003E+01   -0.210890942811965942E+01   -0.458545845746994019E+01   -0.982645571231842041E+01   -0.102327693263880967E+07   -0.722975511231555767E+01    1
    0.979790546981334831E+00    0.233843272924423218E+03   -0.840055799484252930E+01   -0.383666777610778809E+01   -0.731595957279205322E+01   -0.193047440052032471E+01   -0.895087540149688721E+01   -0.261435884237289429E+01   -0.197140759229660034E+01   -0.102253485833579139E+07   -0.723075511231550117E+01    1
    0.845121971689224427E+00    0.228528761863708496E+03   -0.276139593124389648E+01   -0.476570343971252441E+01   -0.321728509664535522E+01   -0.674848514795303345E+01   -0.753995406627655029E+01   -0.317281192541122437E+01   -0.958170735836029053E+01   -0.101740353726295952E+07   -0.723175511231542778E+01    1
    0.843455470361352155E+00    0.255672913789749146E+03   -0.867147290706634521E+01   -0.790173149108886719E+01   -0.940421378612518311E+01   -0.482268589735031128E+01   -0.350605869293212891E+01   -0.291201967000961304E+01   -0.271709710359573364E+01   -0.101691289476832584E+07   -0.723275511231545742E+01    1
    0.977742269050061896E+00    0.325511896610260010E+03   -0.993308907747268677E+01   -0.401837027072906494E+01   -0.262294030189514160E+01   -0.867043220996856689E+01   -0.615226334333419800E+01   -0.607587885856628418E+01   -0.370773935317993164E+01   -0.101627959478395141E+07   -0.723375511231548263E+01    1
    0.983137491317153112E+00    0.215872758626937866E+03   -0.608204364776611328E+01   -0.683230525255203247E+01   -0.292838972806930542E+01   -0.758034276962280273E+01   -0.553570610284805298E+01   -0.816271579265594482E+01   -0.471545439958572388E+01   -0.101581834020850516E+07   -0.723475511231547319E+01    1
    0.975117600042522126E+00    0.385873651504516602E+03   -0.482295626401901245E+01   -0.142748349905014038E+01   -0.327961212396621704E+01   -0.189670217037200928E+01   -0.350703662633895874E+01   -0.140711963176727295E+01   -0.939317166805267334E+01   -0.101406819814299222E+07   -0.723575511231547441E+01    1
    0.839396778088331352E+00    0.292716473340988159E+03   -0.206412458419799805E+01   -0.219763153791427612E+01   -0.144352418184280396E+01   -0.249028575420379639E+01   -0.203277331590652466E+01   -0.380243098735809326E+01   -0.503125876188278198E+01   -0.101239157885062206E+07   -0.723675511231545698E+01    1
    0.841172569493830347E+00    0.483170819282531738E+03   -0.626051300764083862E+01   -0.863043296337127686E+01   -0.500858175754547119E+01   -0.915137106180191040E+01   -0.896376019716262817E+01   -0.165904611349105835E+01   -0.640427994728088379E+01   -0.101122256464601972E+07   -0.723775511231546531E+01    1
    0.846609474539101292E+00    0.385776197910308838E+03   -0.670612770318984985E+01   -0.244759464263916016E+01   -0.950358641147613525E+01   -0.120085078477859497E+01   -0.571520918607711792E+01   -0.771001040935516357E+01   -0.493283885717391968E+01   -0.100938697862087900E+07   -0.723875511231546298E+01    1
    0.980030575875163290E+00    0.352211785316467285E+03   -0.260396742820739746E+01   -0.993155968189239502E+01   -0.361885952949523926E+01   -0.112805348634719849E+01   -0.877035844326019287E+01   -0.451419216394424438E+01   -0.665500640869140625E+01   -0.100857025292409072E+07   -0.723975511231548907E+01    1
    0.842859928625643406E+00    0.210229498147964478E+03   -0.240668398141860962E+01   -0.867682337760925293E+01   -0.956743371486663818E+01   -0.884127497673034668E+01   -0.819175338745117188E+01   -0.853580731153488159E+01   -0.131962382793426514E+01   -0.100747077438171126E+07   -0.724075511231549918E+01    1
    0.848281359938085289E+00    0.389689594507217407E+03   -0.573111522197723389E+01   -0.528232210874557495E+01   -0.501850056648254395E+01   -0.570668351650238037E+01   -0.883076393604278564E+01   -0.634634315967559814E+01   -0.836915469169616699E+01   -0.100585275486421108E+07   -0.724175511231544267E+01    1
    0.979380296083152468E+00    0.330462539196014404E+03   -0.510060191154479980E+01   -0.989319872856140137E+01   -0.448038291931152344E+01   -0.332862198352813721E+01   -0.958087158203125000E+01   -0.636494910717010498E+01   -0.321423166990280151E+01   -0.100540554587858205E+07   -0.724275511231549540E+01    1
    0.977366379906535299E+00    0.427727609872817993E+03   -0.920807886123657227E+01   -0.761143440008163452E+01   -0.844561052322387695E+01   -0.457833719253540039E+01   -0.514708834886550903E+01   -0.153820455074310303E+01   -0.698935610055923462E+01   -0.100163465773792600E+07   -0.724375511231551528E+01    1
    0.835821940905153937E+00    0.448916578292846680E+03   -0.609502017498016357E+01   -0.378166478872299194E+01   -0.500875771045684814E+01   -0.555635643005371094E+01   -0.105154722929000854E+01   -0.348878043889999390E+01   -0.244229352474212646E+01   -0.999776984621001058E+06   -0.724475511231550762E+01    1
    0.982377538434326847E+00    0.210083407163619995E+03   -0.768702173233032227E+01   -0.341931015253067017E+01   -0.285498303174972534E+01   -0.310944741964340210E+01   -0.317650640010833740E+01   -0.900163137912750244E+01   -0.847225290536880493E+01   -0.998662185477932100E+06   -0.724575511231554259E+01    1
    0.979526990134477749E+00    0.355739873647689819E+03   -0.280909901857376099E+01   -0.527711594104766846E+01   -0.357571190595626831E+01   -0.673070102930068970E+01   -0.411853522062301636E+01   -0.706476104259490967E+01   -0.827181464433670044E+01   -0.998106351796523086E+06   -0.724675511231552605E+01    1
    0.832523770563125765E+00    0.459117108583450317E+03   -0.435419571399688721E+01   -0.397373831272125244E+01   -0.110375481843948364E+01   -0.933425319194793701E+01   -0.923084652423858643E+01   -0.798022794723510742E+01   -0.499783039093017578E+01   -0.997197567328785895E+06   -0.724775511231550862E+01    1
    0.841816567869544174E+00    0.306348013877868652E+03   -0.905382877588272095E+01   -0.556953036785125732E+01   -0.192257153987884521E+01   -0.762283807992935181E+01   -0.449582278728485107E+01   -0.262533336877822876E+01   -0.997104609012603760E+01   -0.995776160841494100E+06   -0.724875511231552494E+01    1
    0.979453779899239763E+00    0.314398413896560669E+03   -0.914531141519546509E+01   -0.149416053295135498E+01   -0.501260238885879517E+01   -0.111916679143905640E+01   -0.715493369102478027E+01   -0.107204145193099976E+01   -0.920113891363143921E+01   -0.995427466658266610E+06   -0.724975511231552172E+01    1
    0.845096878853738520E+00    0.341304492950439453E+03   -0.836601543426513672E+01   -0.103923213481903076E+01   -0.394519746303558350E+01   -0.300592005252838135E+01   -0.467747056484222412E+01   -0.547121989727020264E+01   -0.720957136154174805E+01   -0.994124449095462682E+06   -0.725075511231550607E+01    1
    0.975528671683252080E+00    0.361106902360916138E+03   -0.911139917373657227E+01   -0.460703200101852417E+01   -0.272839456796646118E+01   -0.433358830213546753E+01   -0.638583546876907349E+01   -0.849360865354537964E+01   -0.348773276805877686E+01   -0.988571584614033345E+06   -0.725175511231546910E+01    1
    0.978516513796448884E+00    0.471405559778213501E+03   -0.317309248447418213E+01   -0.195889401435852051E+01   -0.657177907228469849E+01   -0.865531313419342041E+01   -0.778967308998107910E+01   -0.911926126480102539E+01   -0.545400011539459229E+01   -0.980830154002506169E+06   -0.725275511231546499E+01    1
    0.842270099258065397E+00    0.296864742040634155E+03   -0.331842046976089478E+01   -0.196019488573074341E+01   -0.753554666042327881E+01   -0.271401417255401611E+01   -0.763610321283340454E+01   -0.107270610332489014E+01   -0.232161986827850342E+01   -0.979841088060218259E+06   -0.725375511231552927E+01    1
    0.840110484864413865E+00    0.298916506767272949E+03   -0.934737938642501831E+01   -0.392756783962249756E+01   -0.968615418672561646E+01   -0.998171108961105347E+01   -0.389318889379501343E+01   -0.382429635524749756E+01   -0.125280517339706421E+01   -0.978008315193570801E+06   -0.725475511231552073E+01    1
    0.984739449451089044E+00    0.312699288129806519E+03   -0.727847623825073242E+01   -0.446083766222000122E+01   -0.947934192419052124E+01   -0.960338604450225830E+01   -0.362707620859146118E+01   -0.872383499145507812E+01   -0.629601740837097168E+01   -0.977996804628002341E+06   -0.725575511231551573E+01    1
    0.845003664386809072E+00    0.454700386524200439E+03   -0.564099407196044922E+01   -0.312568444013595581E+01   -0.865809726715087891E+01   -0.149783515930175781E+01   -0.782258808612823486E+01   -0.495652973651885986E+01   -0.409684205055236816E+01   -0.975328275503292214E+06   -0.725675511231548853E+01    1
    0.977499985850036279E+00    0.358889412879943848E+03   -0.914845335483551025E+01   -0.533311295509338379E+01   -0.399949234724044800E+01   -0.137241989374160767E+01   -0.856422907114028931E+01   -0.238266211748123169E+01   -0.396852356195449829E+01   -0.975106204865763313E+06   -0.725775511231547199E+01    1
    0.960502396747827669E+00    0.485464769601821899E+03   -0.458903598785400391E+01   -0.742837899923324585E+01   -0.188691854476928711E+01   -0.370441877841949463E+01   -0.337373191118240356E+01   -0.730760931968688965E+01   -0.195779162645339966E+01   -0.973859495681602159E+06   -0.725875511231547499E+01    1
    0.847231816254794712E+00    0.201971709728240967E+03   -0.514676970243453979E+01   -0.262759661674499512E+01   -0.332229840755462646E+01   -0.452686667442321777E+01   -0.262578022480010986E+01   -0.486652606725692749E+01   -0.805862462520599365E+01   -0.972041002529389691E+06   -0.725975511231548154E+01    1
    0.841325347983241212E+00    0.369475537538528442E+03   -0.760580068826675415E+01   -0.765731197595596313E+01   -0.716698485612869263E+01   -0.953295391798019409E+01   -0.544646847248077393E+01   -0.587130248546600342E+01   -0.227679854631423950E+01   -0.971287537658919115E+06   -0.726075511231553250E+01    1
    0.964446600907087559E+00    0.488132065534591675E+03   -0.193347579240798950E+01   -0.488710290193557739E+01   -0.215009850263595581E+01   -0.795362848043441772E+01   -0.535304069519042969E+01   -0.132873421907424927E+01   -0.851276499032974243E+01   -0.970666776165307383E+06   -0.726175511231548043E+01    1
    0.966203482404291769E+00    0.356903165578842163E+03   -0.950183010101318359E+01   -0.417975610494613647E+01   -0.101191276311874390E+01   -0.671445649862289429E+01   -0.154688632488250732E+01   -0.374273198843002319E+01   -0.282129555940628052E+01   -0.970423710228441050E+06   -0.726275511231547100E+01    1
    0.966614718193531175E+00    0.401827663183212280E+03   -0.741379958391189575E+01   -0.965958797931671143E+01   -0.126739531755447388E+01   -0.471374583244323730E+01   -0.941055238246917725E+01   -0.107414913177490234E+01   -0.761220097541809082E+01   -0.970267051787949284E+06   -0.726375511231553883E+01    1
    0.983467966039717423E+00    0.464303195476531982E+03   -0.533896231651306152E+01   -0.524340111017227173E+01   -0.981637436151504517E+01   -0.548177117109298706E+01   -0.783448636531829834E+01   -0.416412204504013062E+01   -0.616620492935180664E+01   -0.968495820081080426E+06   -0.726475511231553472E+01    1
    0.839995318270146951E+00    0.319157135486602783E+03   -0.342383503913879395E+01   -0.167863696813583374E+01   -0.471420609951019287E+01   -0.273158907890319824E+01   -0.387123340368270874E+01   -0.199529051780700684E+01   -0.153381055593490601E+01   -0.968012348539374536E+06   -0.726575511231551374E+01    1
    0.980379686925172966E+00    0.301467090845108032E+03   -0.473934054374694824E+01   -0.416223698854446411E+01   -0.319527167081832886E+01   -0.982443279027938843E+01   -0.670940589904785156E+01   -0.528950184583663940E+01   -0.846670931577682495E+01   -0.965322864737752359E+06   -0.726675511231550164E+01    1
    0.979489006169378951E+00    0.455747002363204956E+03   -0.275640594959259033E+01   -0.756241542100906372E+01   -0.638842433691024780E+01   -0.843105846643447876E+01   -0.494861400127410889E+01   -0.517036348581314087E+01   -0.744772469997406006E+01   -0.964156566104087513E+06   -0.726775511231549043E+01    1
    0.968579466419935420E+00    0.365653622150421143E+03   -0.522966498136520386E+01   -0.241233217716217041E+01   -0.123428666591644287E+01   -0.292805767059326172E+01   -0.440099704265594482E+01   -0.580296355485916138E+01   -0.562215691804885864E+01   -0.957685653823125991E+06   -0.726875511231552007E+01    1
    0.842635110827028910E+00    0.253116464614868164E+03   -0.657897812128067017E+01   -0.401913362741470337E+01   -0.579151749610900879E+01   -0.165581405162811279E+01   -0.513176167011260986E+01   -0.645767253637313843E+01   -0.109035074710845947E+01   -0.956677777018149034E+06   -0.726975511231551597E+01    1
    0.842936750128090551E+00    0.243506771326065063E+03   -0.715163671970367432E+01   -0.404466450214385986E+01   -0.309776908159255981E+01   -0.217628598213195801E+01   -0.200955718755722046E+01   -0.189607775211334229E+01   -0.148049145936965942E+01   -0.955143687678117771E+06   -0.727075511231552607E+01    1
    0.848742124804258480E+00    0.208899372816085815E+03   -0.403938591480255127E+01   -0.239640897512435913E+01   -0.672156167030334473E+01   -0.640528041124343872E+01   -0.881846386194229126E+01   -0.190481692552566528E+01   -0.845202153921127319E+01   -0.953880914112579892E+06   -0.727175511231556371E+01    1
    0.977042088111162332E+00    0.387810939550399780E+03   -0.809525233507156372E+01   -0.783595675230026245E+01   -0.289481168985366821E+01   -0.576711744070053101E+01   -0.989389556646347046E+01   -0.635236096382141113E+01   -0.714955532550811768E+01   -0.950139587416584720E+06   -0.727275511231552407E+01    1
    0.846391988707244525E+00    0.240414416790008545E+03   -0.325637239217758179E+01   -0.898682022094726562E+01   -0.375361585617065430E+01   -0.928295701742172241E+01   -0.475571435689926147E+01   -0.391336232423782349E+01   -0.302783530950546265E+01   -0.949689174884287058E+06   -0.727375511231550398E+01    1
    0.977684510661184891E+00    0.251199561357498169E+03   -0.539722633361816406E+01   -0.254001766443252563E+01   -0.384106713533401489E+01   -0.399908679723739624E+01   -0.176554697751998901E+01   -0.800695723295211792E+01   -0.338463348150253296E+01   -0.948034572623916902E+06   -0.727475511231547944E+01    1
    0.844516362178266200E+00    0.266587591171264648E+03   -0.237563204765319824E+01   -0.357431662082672119E+01   -0.219501584768295288E+01   -0.845504009723663330E+01   -0.755312800407409668E+01   -0.177709174156188965E+01   -0.468138444423675537E+01   -0.947907693033303483E+06   -0.727575511231546734E+01    1
    0.850837557130694533E+00    0.342593079805374146E+03   -0.860006499290466309E+01   -0.499639755487442017E+01   -0.559439980983734131E+01   -0.440694564580917358E+01   -0.420892190933227539E+01   -0.622723698616027832E+01   -0.968779569864273071E+01   -0.945752181150128366E+06   -0.727675511231552363E+01    1
    0.847290318783581409E+00    0.364676350355148315E+03   -0.580063164234161377E+01   -0.357448613643646240E+01   -0.993913906812667847E+01   -0.920351642370223999E+01   -0.542651230096817017E+01   -0.215387719869613647E+01   -0.567107236385345459E+01   -0.944759261182791553E+06   -0.727775511231549910E+01    1
    0.837795334286391857E+00    0.465039891004562378E+03   -0.685939502716064453E+01   -0.323855823278427124E+01   -0.705775403976440430E+01   -0.709064650535583496E+01   -0.828868627548217773E+01   -0.433022695779800415E+01   -0.212529772520065308E+01   -0.941473292152524926E+06   -0.727875511231544259E+01    1
    0.977925261808455182E+00    0.370255398750305176E+03   -0.221527510881423950E+01   -0.961782491207122803E+01   -0.841790491342544556E+01   -0.856403702497482300E+01   -0.324176347255706787E+01   -0.527943551540374756E+01   -0.941160970926284790E+01   -0.938842413997974596E+06   -0.727975511231543937E+01    1
    0.849047539521038730E+00    0.267589646577835083E+03   -0.801504892110824585E+01   -0.751785534620285034E+01   -0.385789960622787476E+01   -0.795476198196411133E+01   -0.445412409305572510E+01   -0.903885293006896973E+01   -0.521560001373291016E+01   -0.938692205667579081E+06   -0.728075511231544770E+01    1
    0.982640854530036578E+00    0.285593670606613159E+03   -0.756576120853424072E+01   -0.720756989717483521E+01   -0.826449489593505859E+01   -0.783606564998626709E+01   -0.839776259660720825E+01   -0.406797611713409424E+01   -0.472445213794708252E+01   -0.938150804254152230E+06   -0.728175511231545958E+01    1
    0.841775979414761233E+00    0.328865069150924683E+03   -0.826320582628250122E+01   -0.786203157901763916E+01   -0.438868838548660278E+01   -0.779742574691772461E+01   -0.135107916593551636E+01   -0.112708520889282227E+01   -0.229217886924743652E+01   -0.937468329770555720E+06   -0.728275511231549988E+01    1
    0.977388408636510553E+00    0.286616235971450806E+03   -0.984060811996459961E+01   -0.955640339851379395E+01   -0.592833054065704346E+01   -0.792403030395507812E+01   -0.178341156244277954E+01   -0.151188349723815918E+01   -0.567652368545532227E+01   -0.937428986195472884E+06   -0.728375511231554551E+01    1
    0.974839674729466643E+00    0.469572144746780396E+03   -0.427494716644287109E+01   -0.168816256523132324E+01   -0.398338085412979126E+01   -0.972151964902877808E+01   -0.449332726001739502E+01   -0.527901548147201538E+01   -0.679125243425369263E+01   -0.936494749180978863E+06   -0.728475511231552098E+01    1
    0.973556536773920289E+00    0.353585040569305420E+03   -0.244449239969253540E+01   -0.435252630710601807E+01   -0.846708589792251587E+01   -0.248173701763153076E+01   -0.862007266283035278E+01   -0.633649730682373047E+01   -0.263609385490417480E+01   -0.935999145589453401E+06   -0.728575511231546269E+01    1
    0.969276134580731585E+00    0.453434115648269653E+03   -0.422280234098434448E+01   -0.432505780458450317E+01   -0.300514435768127441E+01   -0.778921818733215332E+01   -0.616503065824508667E+01   -0.113592255115509033E+01   -0.596718555688858032E+01   -0.933493200303285848E+06   -0.728675511231543638E+01    1
    0.846929235835611971E+00    0.494191265106201172E+03   -0.336067438125610352E+01   -0.208265382051467896E+01   -0.930011725425720215E+01   -0.877035844326019287E+01   -0.966538906097412109E+01   -0.978311604261398315E+01   -0.565368896722793579E+01   -0.932754251170368749E+06   -0.728775511231545448E+01    1
    0.847892317027330589E+00    0.206215000152587891E+03   -0.236433190107345581E+01   -0.442268860340118408E+01   -0.251277446746826172E+01   -0.632383298873901367E+01   -0.327211749553680420E+01   -0.927540713548660278E+01   -0.929500442743301392E+01   -0.929946245677498053E+06   -0.728875511231547613E+01    1
    0.848341339803457384E+00    0.327236431837081909E+03   -0.374570602178573608E+01   -0.996111226081848145E+01   -0.432103824615478516E+01   -0.458351492881774902E+01   -0.874121785163879395E+01   -0.541057944297790527E+01   -0.473277395963668823E+01   -0.929933745730019873E+06   -0.728975511231548268E+01    1
    0.842859326747775195E+00    0.373450714349746704E+03   -0.190640103816986084E+01   -0.976748734712600708E+01   -0.354975026845932007E+01   -0.928826296329498291E+01   -0.726381260156631470E+01   -0.619730031490325928E+01   -0.296836161613464355E+01   -0.929160253330419189E+06   -0.729075511231548568E+01    1
    0.966837106594205076E+00    0.499467152357101440E+03   -0.149546515941619873E+01   -0.789330399036407471E+01   -0.823975795507431030E+01   -0.917278957366943359E+01   -0.108244627714157104E+01   -0.582295513153076172E+01   -0.679365998506546021E+01   -0.928868729418996838E+06   -0.729175511231551710E+01    1
    0.970792801149130025E+00    0.446342068910598755E+03   -0.158533310890197754E+01   -0.472716277837753296E+01   -0.313305032253265381E+01   -0.981606268882751465E+01   -0.892472761869430542E+01   -0.865331971645355225E+01   -0.734308153390884399E+01   -0.924717299544452573E+06   -0.729275511231555029E+01    1
    0.978518702443242239E+00    0.278119641542434692E+03   -0.913253229856491089E+01   -0.134940063953399658E+01   -0.689878219366073608E+01   -0.391744196414947510E+01   -0.517171102762222290E+01   -0.119659894704818726E+01   -0.966544377803802490E+01   -0.921787101518789656E+06   -0.729375511231550178E+01    1
    0.848149078125894240E+00    0.422937953472137451E+03   -0.246790218353271484E+01   -0.413968819379806519E+01   -0.718814748525619507E+01   -0.146249437332153320E+01   -0.836400431394577026E+01   -0.540537917613983154E+01   -0.940155786275863647E+01   -0.917626843816652661E+06   -0.729475511231547014E+01    1
    0.972130841309488014E+00    0.333917689323425293E+03   -0.118602299690246582E+01   -0.585183447599411011E+01   -0.747406828403472900E+01   -0.460821592807769775E+01   -0.540935367345809937E+01   -0.703862506151199341E+01   -0.256330353021621704E+01   -0.917112070268638665E+06   -0.729575511231549267E+01    1
    0.980285017008125981E+00    0.417699116468429565E+03   -0.867909681797027588E+01   -0.412236380577087402E+01   -0.717504918575286865E+01   -0.285291773080825806E+01   -0.951977890729904175E+01   -0.930595427751541138E+01   -0.454794776439666748E+01   -0.916460980161846033E+06   -0.729675511231546370E+01    1
    0.846607482870519346E+00    0.237519830465316772E+03   -0.204338628053665161E+01   -0.813788229227066040E+01   -0.431275880336761475E+01   -0.423754698038101196E+01   -0.160321915149688721E+01   -0.163487887382507324E+01   -0.347007256746292114E+01   -0.914047331128166057E+06   -0.729775511231545604E+01    1
    0.848397183126390120E+00    0.443133199214935303E+03   -0.237756538391113281E+01   -0.884136563539505005E+01   -0.813400220870971680E+01   -0.102127903699874878E+01   -0.601650011539459229E+01   -0.992124444246292114E+01   -0.909873217344284058E+01   -0.912449985734005808E+06   -0.729875511231548213E+01    1
    0.850799299584746538E+00    0.256934767961502075E+03   -0.645214235782623291E+01   -0.610609072446823120E+01   -0.855245095491409302E+01   -0.903101658821105957E+01   -0.436943548917770386E+01   -0.950937032699584961E+01   -0.438019275665283203E+01   -0.912281556838665740E+06   -0.729975511231548513E+01    1
    0.975163955581605624E+00    0.214083707332611084E+03   -0.888976234197616577E+01   -0.306501609086990356E+01   -0.509575355052947998E+01   -0.329475694894790649E+01   -0.536978840827941895E+01   -0.297807174921035767E+01   -0.122417312860488892E+01   -0.910250880432965001E+06   -0.730075511231550678E+01    1
    0.845231754212379616E+00    0.308920145034790039E+03   -0.206450009346008301E+01   -0.639650046825408936E+01   -0.405986511707305908E+01   -0.587100154161453247E+01   -0.119750499725341797E+01   -0.216147160530090332E+01   -0.565981513261795044E+01   -0.910083420984664815E+06   -0.730175511231552044E+01    1
    0.975155540234685092E+00    0.428041213750839233E+03   -0.940874028205871582E+01   -0.575267481803894043E+01   -0.971982234716415405E+01   -0.407025492191314697E+01   -0.985183799266815186E+01   -0.319376426935195923E+01   -0.381179618835449219E+01   -0.908526894625043380E+06   -0.730275511231551278E+01    1
    0.848027706717968122E+00    0.286811965703964233E+03   -0.480051636695861816E+01   -0.170693856477737427E+01   -0.409355258941650391E+01   -0.595827203989028931E+01   -0.219682204723358154E+01   -0.366511422395706177E+01   -0.621400725841522217E+01   -0.904387669140322832E+06   -0.730375511231548291E+01    1
    0.846517584203481777E+00    0.253650474548339844E+03   -0.257223367691040039E+01   -0.871527659893035889E+01   -0.507485324144363403E+01   -0.213649487495422363E+01   -0.287217116355895996E+01   -0.149046552181243896E+01   -0.240968537330627441E+01   -0.897741855194083881E+06   -0.730475511231544061E+01    1
    0.835227591981947626E+00    0.487580442428588867E+03   -0.343114566802978516E+01   -0.178294861316680908E+01   -0.948096895217895508E+01   -0.360200184583663940E+01   -0.909468311071395874E+01   -0.938684540987014771E+01   -0.152776807546615601E+01   -0.896030382927072351E+06   -0.730575511231548891E+01    1
    0.847699300266623657E+00    0.266368454694747925E+03   -0.191643518209457397E+01   -0.630555427074432373E+01   -0.310022008419036865E+01   -0.607123005390167236E+01   -0.727619260549545288E+01   -0.178085327148437500E+01   -0.634031355381011963E+01   -0.894809066583359032E+06   -0.730675511231549280E+01    1
    0.842483295342207117E+00    0.499484783411026001E+03   -0.463201731443405151E+01   -0.124316799640655518E+01   -0.288642656803131104E+01   -0.373047536611557007E+01   -0.676870685815811157E+01   -0.545140480995178223E+01   -0.582482516765594482E+01   -0.893609804626409430E+06   -0.730775511231548869E+01    1
    0.848469758654058159E+00    0.319588184356689453E+03   -0.256931918859481812E+01   -0.320963490009307861E+01   -0.706309056282043457E+01   -0.374438530206680298E+01   -0.908730864524841309E+01   -0.211405551433563232E+01   -0.567412418127059937E+01   -0.892320140809881152E+06   -0.730875511231552277E+01    1
    0.837733242376864085E+00    0.453071212768554688E+03   -0.112719732522964478E+01   -0.993249899148941040E+01   -0.780629903078079224E+01   -0.473426848649978638E+01   -0.339093935489654541E+01   -0.695349872112274170E+01   -0.201781946420669556E+01   -0.891131533723946777E+06   -0.730975511231548047E+01    1
    0.974955333769262023E+00    0.317685103416442871E+03   -0.905346989631652832E+01   -0.954206430912017822E+01   -0.347607105970382690E+01   -0.582648867368698120E+01   -0.177072471380233765E+01   -0.785279512405395508E+01   -0.648319590091705322E+01   -0.883612431647034711E+06   -0.731075511231550124E+01    1
    0.844002095841229094E+00    0.358584177494049072E+03   -0.856358695030212402E+01   -0.505474740266799927E+01   -0.187078773975372314E+01   -0.712100267410278320E+01   -0.567111152410507202E+01   -0.482942467927932739E+01   -0.394755619764328003E+01   -0.883598716930867755E+06   -0.731175511231547937E+01    1
    0.846347767098784565E+00    0.434717947244644165E+03   -0.949348145723342896E+01   -0.543115413188934326E+01   -0.775419980287551880E+01   -0.643773245811462402E+01   -0.538984167575836182E+01   -0.800738477706909180E+01   -0.320586585998535156E+01   -0.881594440502505633E+06   -0.731275511231548059E+01    1
    0.851543165913641653E+00    0.330327463150024414E+03   -0.749108153581619263E+01   -0.693478012084960938E+01   -0.593904757499694824E+01   -0.608278018236160278E+01   -0.520724922418594360E+01   -0.259957236051559448E+01   -0.988773185014724731E+01   -0.880241782973340363E+06   -0.731375511231548803E+01    1
    0.848544522828519554E+00    0.410112166404724121E+03   -0.177817642688751221E+01   -0.920387852191925049E+01   -0.636710453033447266E+01   -0.500222599506378174E+01   -0.928150004148483276E+01   -0.652543479204177856E+01   -0.910665112733840942E+01   -0.877936461382030044E+06   -0.731475511231548570E+01    1
    0.854758200507223731E+00    0.252872240543365479E+03   -0.899213260412216187E+01   -0.672804939746856689E+01   -0.822772288322448730E+01   -0.242799735069274902E+01   -0.490885990858078003E+01   -0.608838975429534912E+01   -0.991905415058135986E+01   -0.877474613996764761E+06   -0.731575511231554287E+01    1
    0.973260522295117503E+00    0.402360922098159790E+03   -0.159553247690200806E+01   -0.949005359411239624E+01   -0.498862987756729126E+01   -0.304015898704528809E+01   -0.603237771987915039E+01   -0.359790235757827759E+01   -0.906637024879455566E+01   -0.877071632380562485E+06   -0.731675511231555920E+01    1
    0.848192588424146354E+00    0.441550427675247192E+03   -0.997283190488815308E+01   -0.192394053936004639E+01   -0.542768657207489014E+01   -0.380088764429092407E+01   -0.227148026227951050E+01   -0.659923309087753296E+01   -0.784461706876754761E+01   -0.876921448169115116E+06   -0.731775511231551778E+01    1
    0.972893694149315591E+00    0.298376935720443726E+03   -0.734710699319839478E+01   -0.182236903905868530E+01   -0.271841889619827271E+01   -0.442565244436264038E+01   -0.139925324916839600E+01   -0.546501111984252930E+01   -0.936959344148635864E+01   -0.874701322667942732E+06   -0.731875511231548259E+01    1
    0.849277413093745825E+00    0.341730660200119019E+03   -0.701251643896102905E+01   -0.911601847410202026E+01   -0.527753704786300659E+01   -0.257407206296920776E+01   -0.957805901765823364E+01   -0.149519640207290649E+01   -0.591564905643463135E+01   -0.873996696692885016E+06   -0.731975511231551135E+01    1
    0.982249250902533677E+00    0.282094961404800415E+03   -0.982764178514480591E+01   -0.231813192367553711E+01   -0.694675725698471069E+01   -0.184273129701614380E+01   -0.825942176580429077E+01   -0.928203701972961426E+01   -0.672732788324356079E+01   -0.872943551105780061E+06   -0.732075511231549392E+01    1
    0.974428406110525280E+00    0.456825232505798340E+03   -0.611198139190673828E+01   -0.331787168979644775E+01   -0.408448940515518188E+01   -0.197090870141983032E+01   -0.418318611383438110E+01   -0.889569002389907837E+01   -0.498636984825134277E+01   -0.871751226553980028E+06   -0.732175511231547738E+01    1
    0.847890708371937474E+00    0.348586064577102661E+03   -0.822852861881256104E+01   -0.265312695503234863E+01   -0.269449305534362793E+01   -0.408359247446060181E+01   -0.589728826284408569E+01   -0.744421744346618652E+01   -0.923216456174850464E+01   -0.871546292751020053E+06   -0.732275511231550524E+01    1
    0.964791772392869174E+00    0.487865829467773438E+03   -0.225370633602142334E+01   -0.919634419679641724E+01   -0.284312176704406738E+01   -0.993036931753158569E+01   -0.184551542997360229E+01   -0.917673563957214355E+01   -0.651709526777267456E+01   -0.869225092628104030E+06   -0.732375511231552867E+01    1
    0.961145103821933411E+00    0.458247697353363037E+03   -0.488390892744064331E+01   -0.208142000436782837E+01   -0.399163401126861572E+01   -0.115842467546463013E+01   -0.764723759889602661E+01   -0.744257217645645142E+01   -0.169632399082183838E+01   -0.867727085441436851E+06   -0.732475511231548904E+01    1
    0.855211786611914770E+00    0.245679396390914917E+03   -0.601392358541488647E+01   -0.666777908802032471E+01   -0.847881788015365601E+01   -0.752597653865814209E+01   -0.847859954833984375E+01   -0.746636444330215454E+01   -0.686202788352966309E+01   -0.866051326394477510E+06   -0.732575511231548759E+01    1
    0.977295796047449317E+00    0.210347086191177368E+03   -0.505387300252914429E+01   -0.355433684587478638E+01   -0.825047874450683594E+01   -0.348186731338500977E+01   -0.131387424468994141E+01   -0.187575572729110718E+01   -0.551878458261489868E+01   -0.865986740092621068E+06   -0.732675511231552790E+01    1
    0.839279193039357829E+00    0.482536906003952026E+03   -0.881383168697357178E+01   -0.883151119947433472E+01   -0.161076688766479492E+01   -0.252005934715270996E+01   -0.717949199676513672E+01   -0.421952092647552490E+01   -0.464688801765441895E+01   -0.865574785869974992E+06   -0.732775511231552201E+01    1
    0.968271709851086237E+00    0.375243556499481201E+03   -0.962572509050369263E+01   -0.694869703054428101E+01   -0.477875775098800659E+01   -0.103348630666732788E+01   -0.629754841327667236E+01   -0.214809918403625488E+01   -0.221494787931442261E+01   -0.864244942966724047E+06   -0.732875511231553300E+01    1
    0.843921531752765297E+00    0.436007320880889893E+03   -0.761839956045150757E+01   -0.105800974369049072E+01   -0.236433458328247070E+01   -0.855726122856140137E+01   -0.989359730482101440E+01   -0.472258746623992920E+01   -0.854206544160842896E+01   -0.863768189317551791E+06   -0.732975511231552979E+01    1
    0.854234074316382541E+00    0.263441914319992065E+03   -0.396031653881072998E+01   -0.507724738121032715E+01   -0.733405214548110962E+01   -0.654618597030639648E+01   -0.847807061672210693E+01   -0.785982251167297363E+01   -0.819133335351943970E+01   -0.863714833587920992E+06   -0.733075511231554700E+01    1
    0.851333854677558066E+00    0.260073417425155640E+03   -0.962121576070785522E+01   -0.236500030755996704E+01   -0.634969377517700195E+01   -0.210481315851211548E+01   -0.284879195690155029E+01   -0.234974122047424316E+01   -0.936851572990417480E+01   -0.862977658951552818E+06   -0.733175511231552335E+01    1
    0.843408283136487191E+00    0.345286518335342407E+03   -0.921497535705566406E+01   -0.171290647983551025E+01   -0.130245125293731689E+01   -0.504691535234451294E+01   -0.655609619617462158E+01   -0.469061607122421265E+01   -0.524136209487915039E+01   -0.861534836839246680E+06   -0.733275511231546062E+01    1
    0.969155846552968159E+00    0.422982352972030640E+03   -0.555263835191726685E+01   -0.972626930475234985E+01   -0.601792758703231812E+01   -0.387880420684814453E+01   -0.517325651645660400E+01   -0.660626691579818726E+01   -0.264602607488632202E+01   -0.861134917779534240E+06   -0.733375511231543076E+01    1
    0.848912915856778749E+00    0.496814894676208496E+03   -0.274943596124649048E+01   -0.436148756742477417E+01   -0.817381048202514648E+01   -0.876592528820037842E+01   -0.987390828132629395E+01   -0.423380261659622192E+01   -0.580685329437255859E+01   -0.860569892814660445E+06   -0.733475511231548616E+01    1
    0.848623018645763505E+00    0.393068033456802368E+03   -0.804034644365310669E+01   -0.561611819267272949E+01   -0.836972117424011230E+01   -0.243202817440032959E+01   -0.127766764163970947E+01   -0.707745593786239624E+01   -0.520422047376632690E+01   -0.857174808972723549E+06   -0.733575511231548827E+01    1
    0.851267790374100386E+00    0.456055706739425659E+03   -0.701667332649230957E+01   -0.101027661561965942E+01   -0.955396527051925659E+01   -0.636408329010009766E+01   -0.786887496709823608E+01   -0.623465543985366821E+01   -0.632801616191864014E+01   -0.855729493609782192E+06   -0.733675511231544952E+01    1
    0.970209975451290729E+00    0.358176106214523315E+03   -0.392681843042373657E+01   -0.845978385210037231E+01   -0.988791477680206299E+01   -0.600112032890319824E+01   -0.711400049924850464E+01   -0.116880857944488525E+01   -0.292666453123092651E+01   -0.852272557906357688E+06   -0.733775511231552979E+01    1
    0.848049056967437376E+00    0.351114886999130249E+03   -0.724336075782775879E+01   -0.777234816551208496E+01   -0.804694521427154541E+01   -0.562838876247406006E+01   -0.913336485624313354E+01   -0.758649200201034546E+01   -0.270842981338500977E+01   -0.852270974273372092E+06   -0.733875511231552391E+01    1
    0.840995289103567800E+00    0.388778716325759888E+03   -0.238596230745315552E+01   -0.980865120887756348E+01   -0.183269447088241577E+01   -0.532087349891662598E+01   -0.260246592760086060E+01   -0.498886966705322266E+01   -0.229868108034133911E+01   -0.851431044896511827E+06   -0.733975511231546029E+01    1
    0.848731455151140901E+00    0.205255556106567383E+03   -0.610271865129470825E+01   -0.183747953176498413E+01   -0.921959948539733887E+01   -0.604017007350921631E+01   -0.277361875772476196E+01   -0.549702757596969604E+01   -0.126761525869369507E+01   -0.850676463317903341E+06   -0.734075511231551214E+01    1
    0.852074208228349894E+00    0.309784710407257080E+03   -0.425215750932693481E+01   -0.245343595743179321E+01   -0.634915357828140259E+01   -0.818320786952972412E+01   -0.291635680198669434E+01   -0.870639580488204956E+01   -0.822722935676574707E+01   -0.849064245016441564E+06   -0.734175511231557021E+01    1
    0.852196323776185705E+00    0.245432400703430176E+03   -0.367071896791458130E+01   -0.266109955310821533E+01   -0.386376559734344482E+01   -0.479976910352706909E+01   -0.404687410593032837E+01   -0.822984665632247925E+01   -0.840632474422454834E+01   -0.848580443080618628E+06   -0.734275511231549949E+01    1
    0.853618867589235442E+00    0.224090331792831421E+03   -0.733586156368255615E+01   -0.113105112314224243E+01   -0.854359591007232666E+01   -0.111118561029434204E+01   -0.342318648099899292E+01   -0.708725565671920776E+01   -0.666953754425048828E+01   -0.847107653830621974E+06   -0.734375511231547673E+01    1
    0.971459561451494924E+00    0.370308917760848999E+03   -0.770625317096710205E+01   -0.761326473951339722E+01   -0.977695715427398682E+01   -0.212503379583358765E+01   -0.122242540121078491E+01   -0.370799684524536133E+01   -0.427774041891098022E+01   -0.845990736319255433E+06   -0.734475511231548062E+01    1
    0.856709641761124296E+00    0.281168150901794434E+03   -0.986255556344985962E+01   -0.912270790338516235E+01   -0.704379528760910034E+01   -0.963221871852874756E+01   -0.671299898624420166E+01   -0.774756669998168945E+01   -0.710148262977600098E+01   -0.842117920948840561E+06   -0.734575511231545963E+01    1
    0.851531949098825569E+00    0.460947126150131226E+03   -0.929764693975448608E+01   -0.618399173021316528E+01   -0.712197095155715942E+01   -0.271892422437667847E+01   -0.885112887620925903E+01   -0.473990809917449951E+01   -0.432583403587341309E+01   -0.837032086245261715E+06   -0.734675511231550082E+01    1
    0.845945942490756719E+00    0.487532663345336914E+03   -0.830286550521850586E+01   -0.565811997652053833E+01   -0.669659942388534546E+01   -0.795502376556396484E+01   -0.214010566473007202E+01   -0.896460509300231934E+01   -0.363143962621688843E+01   -0.834134857051401166E+06   -0.734775511231548784E+01    1
    0.851169662395119819E+00    0.216002237796783447E+03   -0.369668114185333252E+01   -0.324269902706146240E+01   -0.208358186483383179E+01   -0.815718668699264526E+01   -0.477185750007629395E+01   -0.665357357263565063E+01   -0.563142126798629761E+01   -0.833212722164154286E+06   -0.734875511231544465E+01    1
    0.854185234663188631E+00    0.402328878641128540E+03   -0.466408580541610718E+01   -0.213828927278518677E+01   -0.749947577714920044E+01   -0.184034305810928345E+01   -0.608564853668212891E+01   -0.985191309452056885E+01   -0.941813820600509644E+01   -0.830211886432975880E+06   -0.734975511231544587E+01    1
    0.854169334144234793E+00    0.206053745746612549E+03   -0.403046435117721558E+01   -0.893119496107101440E+01   -0.572655814886093140E+01   -0.239077526330947876E+01   -0.848875117301940918E+01   -0.249379891157150269E+01   -0.615696096420288086E+01   -0.827964450821289094E+06   -0.735075511231544443E+01    1
    0.850017471177220485E+00    0.409062939882278442E+03   -0.602311122417449951E+01   -0.628913003206253052E+01   -0.398509424924850464E+01   -0.491593289375305176E+01   -0.590784651041030884E+01   -0.392038434743881226E+01   -0.425075739622116089E+01   -0.827792798179954640E+06   -0.735175511231544299E+01    1
    0.973753722906768537E+00    0.328749126195907593E+03   -0.200340366363525391E+01   -0.487173491716384888E+01   -0.818417882919311523E+01   -0.276371282339096069E+01   -0.256067764759063721E+01   -0.688317388296127319E+01   -0.708522737026214600E+01   -0.824951241728117806E+06   -0.735275511231549483E+01    1
    0.845735712023020003E+00    0.309967780113220215E+03   -0.705144602060317993E+01   -0.125467467308044434E+01   -0.113138210773468018E+01   -0.683439844846725464E+01   -0.289503109455108643E+01   -0.923163402080535889E+01   -0.761370569467544556E+01   -0.822735455929537769E+06   -0.735375511231552625E+01    1
    0.853037431682109992E+00    0.440983873605728149E+03   -0.478980576992034912E+01   -0.683737462759017944E+01   -0.444275796413421631E+01   -0.267396664619445801E+01   -0.732111102342605591E+01   -0.442553871870040894E+01   -0.828355896472930908E+01   -0.820232198373587918E+06   -0.735475511231551238E+01    1
    0.972075588921189504E+00    0.450073397159576416E+03   -0.841766458749771118E+01   -0.315555942058563232E+01   -0.696570760011672974E+01   -0.702077281475067139E+01   -0.174179494380950928E+01   -0.888418763875961304E+01   -0.978400439023971558E+01   -0.818399736860143836E+06   -0.735575511231547363E+01    1
    0.847966588756263406E+00    0.336167544126510620E+03   -0.141182368993759155E+01   -0.260579293966293335E+01   -0.268959587812423706E+01   -0.404343068599700928E+01   -0.778886038064956665E+01   -0.282097584009170532E+01   -0.586096954345703125E+01   -0.816569902296932531E+06   -0.735675511231547397E+01    1
    0.845208674931943627E+00    0.382260483503341675E+03   -0.221825343370437622E+01   -0.323787802457809448E+01   -0.567117375135421753E+01   -0.317608958482742310E+01   -0.971251386404037476E+01   -0.427690517902374268E+01   -0.211713683605194092E+01   -0.816223486390014179E+06   -0.735775511231553914E+01    1
    0.853073216057181560E+00    0.254806774854660034E+03   -0.874574327468872070E+01   -0.973838323354721069E+01   -0.313179826736450195E+01   -0.133734679222106934E+01   -0.476085883378982544E+01   -0.369502139091491699E+01   -0.982036924362182617E+01   -0.815698286452589906E+06   -0.735875511231555990E+01    1
    0.968732726411640765E+00    0.365524947643280029E+03   -0.979949629306793213E+01   -0.901148742437362671E+01   -0.197383445501327515E+01   -0.613184958696365356E+01   -0.705490124225616455E+01   -0.665278875827789307E+01   -0.867840588092803955E+01   -0.813275896880669985E+06   -0.735975511231555846E+01    1
    0.969778571281850521E+00    0.467927521467208862E+03   -0.881196004152297974E+01   -0.791960304975509644E+01   -0.441311848163604736E+01   -0.121826905012130737E+01   -0.941132646799087524E+01   -0.209675472974777222E+01   -0.481112879514694214E+01   -0.812582587008901406E+06   -0.736075511231551172E+01    1
    0.975586933460891426E+00    0.452516031265258789E+03   -0.470034766197204590E+01   -0.522435688972473145E+01   -0.715743297338485718E+01   -0.456540679931640625E+01   -0.291908031702041626E+01   -0.866117268800735474E+01   -0.724236780405044556E+01   -0.812380177379075903E+06   -0.736175511231543478E+01    1
    0.964148879283786009E+00    0.491763025522232056E+03   -0.544673079252243042E+01   -0.754156178236007690E+01   -0.936797714233398438E+01   -0.415278542041778564E+01   -0.196763640642166138E+01   -0.131603717803955078E+01   -0.526332455873489380E+01   -0.806364674722351949E+06   -0.736275511231547153E+01    1
    0.848872951166331879E+00    0.446825599670410156E+03   -0.214897412061691284E+01   -0.708481162786483765E+01   -0.355226349830627441E+01   -0.744532948732376099E+01   -0.556072682142257690E+01   -0.564379644393920898E+01   -0.896689838171005249E+01   -0.806036371678748634E+06   -0.736375511231554292E+01    1
    0.977476786194026670E+00    0.217977023124694824E+03   -0.231236517429351807E+01   -0.413070976734161377E+01   -0.979140138626098633E+01   -0.521698939800262451E+01   -0.382257008552551270E+01   -0.775707942247390747E+01   -0.643825227022171021E+01   -0.805466672137563233E+06   -0.736475511231551661E+01    1
    0.975652330227077202E+00    0.269879287481307983E+03   -0.303106629848480225E+01   -0.150098568201065063E+01   -0.408543300628662109E+01   -0.619082170724868774E+01   -0.623110634088516235E+01   -0.847289180755615234E+01   -0.765607386827468872E+01   -0.804586281908182777E+06   -0.736575511231547608E+01    1
    0.971620558309614801E+00    0.260417848825454712E+03   -0.518683224916458130E+01   -0.563859939575195312E+01   -0.180835074186325073E+01   -0.526663547754287720E+01   -0.771110904216766357E+01   -0.769660204648971558E+01   -0.391991764307022095E+01   -0.804013373540392262E+06   -0.736675511231544888E+01    1
    0.982207053792357621E+00    0.278729915618896484E+03   -0.756795740127563477E+01   -0.963837331533432007E+01   -0.791171038150787354E+01   -0.467597013711929321E+01   -0.685648000240325928E+01   -0.840814810991287231E+01   -0.865821689367294312E+01   -0.802682558861096273E+06   -0.736775511231549984E+01    1
    0.848810870200038092E+00    0.373886966705322266E+03   -0.337424421310424805E+01   -0.872421425580978394E+01   -0.704776173830032349E+01   -0.309822827577590942E+01   -0.186033624410629272E+01   -0.961364656686782837E+01   -0.347437804937362671E+01   -0.799213690535502392E+06   -0.736875511231555258E+01    1
    0.854400105062127269E+00    0.302986419200897217E+03   -0.956177371740341187E+01   -0.106491535902023315E+01   -0.977500772476196289E+01   -0.638162279129028320E+01   -0.309856086969375610E+01   -0.832356089353561401E+01   -0.976233589649200439E+01   -0.798396007030023145E+06   -0.736975511231547120E+01    1
    0.850756030037641664E+00    0.395028924942016602E+03   -0.480775618553161621E+01   -0.983742541074752808E+01   -0.281640321016311646E+01   -0.663796901702880859E+01   -0.476968759298324585E+01   -0.978033137321472168E+01   -0.863125050067901611E+01   -0.792188675917299697E+06   -0.737075511231542002E+01    1
    0.846330509618818949E+00    0.283525472879409790E+03   -0.560256499052047729E+01   -0.791322368383407593E+01   -0.182198816537857056E+01   -0.240428018569946289E+01   -0.504250097274780273E+01   -0.688044768571853638E+01   -0.111384260654449463E+01   -0.791865919214849127E+06   -0.737175511231550473E+01    1
    0.846633834177911493E+00    0.451551061868667603E+03   -0.867622041702270508E+01   -0.939336585998535156E+01   -0.249291485548019409E+01   -0.957399976253509521E+01   -0.449299198389053345E+01   -0.720843088626861572E+01   -0.391926425695419312E+01   -0.788742390141739859E+06   -0.737275511231550684E+01    1
    0.855398292148411454E+00    0.417500382661819458E+03   -0.942021691799163818E+01   -0.140954756736755371E+01   -0.959901189804077148E+01   -0.763622874021530151E+01   -0.890583950281143188E+01   -0.604351854324340820E+01   -0.643455189466476440E+01   -0.786663997666342999E+06   -0.737375511231550362E+01    1
    0.973915584280371838E+00    0.296877169609069824E+03   -0.464586126804351807E+01   -0.223938065767288208E+01   -0.493227076530456543E+01   -0.842509752511978149E+01   -0.401004040241241455E+01   -0.729400461912155151E+01   -0.393458878993988037E+01   -0.786437908531619934E+06   -0.737475511231550929E+01    1
    0.851617010856449808E+00    0.244259059429168701E+03   -0.219453948736190796E+01   -0.865991848707199097E+01   -0.215601491928100586E+01   -0.674893790483474731E+01   -0.475719332695007324E+01   -0.111320424079895020E+01   -0.630307215452194214E+01   -0.783482251125911716E+06   -0.737575511231547942E+01    1
    0.976653482929766392E+00    0.246673852205276489E+03   -0.276928645372390747E+01   -0.734018152952194214E+01   -0.546515542268753052E+01   -0.647645926475524902E+01   -0.577586519718170166E+01   -0.437963861227035522E+01   -0.636994928121566772E+01   -0.782959072398517281E+06   -0.737675511231548064E+01    1
    0.852282819097459510E+00    0.470369547605514526E+03   -0.588856464624404907E+01   -0.675368165969848633E+01   -0.978723430633544922E+01   -0.645147716999053955E+01   -0.840856117010116577E+01   -0.220760935544967651E+01   -0.585971105098724365E+01   -0.781151700682726456E+06   -0.737775511231543124E+01    1
    0.976998052537679795E+00    0.472013616561889648E+03   -0.553961461782455444E+01   -0.562969821691513062E+01   -0.488885116577148438E+01   -0.584277719259262085E+01   -0.984173089265823364E+01   -0.620803344249725342E+01   -0.895425391197204590E+01   -0.778736706730516162E+06   -0.737875511231544756E+01    1
    0.849487545072376893E+00    0.442891299724578857E+03   -0.809254705905914307E+01   -0.456959480047225952E+01   -0.968494826555252075E+01   -0.803335016965866089E+01   -0.811870074272155762E+01   -0.217133086919784546E+01   -0.350455504655838013E+01   -0.775261363904910861E+06   -0.737975511231549319E+01    1
    0.849388968420803692E+00    0.491853040456771851E+03   -0.234482204914093018E+01   -0.283990418910980225E+01   -0.428012222051620483E+01   -0.359172254800796509E+01   -0.646332824230194092E+01   -0.714457607269287109E+01   -0.463893526792526245E+01   -0.774089686336082290E+06   -0.738075511231546422E+01    1
    0.973676824801683605E+00    0.275232207775115967E+03   -0.256555604934692383E+01   -0.327191364765167236E+01   -0.531662327051162720E+01   -0.631422799825668335E+01   -0.265097099542617798E+01   -0.957190603017807007E+01   -0.617019444704055786E+01   -0.769889397749414784E+06   -0.738175511231545567E+01    1
    0.848806788373768439E+00    0.468627309799194336E+03   -0.765479606389999390E+01   -0.779783827066421509E+01   -0.991780853271484375E+01   -0.868844753503799438E+01   -0.164007699489593506E+01   -0.686724585294723511E+01   -0.379087817668914795E+01   -0.767862015750105260E+06   -0.738275511231549508E+01    1
    0.969827038865089586E+00    0.355903542041778564E+03   -0.154784280061721802E+01   -0.467232233285903931E+01   -0.352579545974731445E+01   -0.778629565238952637E+01   -0.898662978410720825E+01   -0.877233415842056274E+01   -0.829244190454483032E+01   -0.765288185283131315E+06   -0.738375511231553627E+01    1
    0.857676148185074538E+00    0.259956705570220947E+03   -0.374832707643508911E+01   -0.674593114852905273E+01   -0.581713902950286865E+01   -0.105045342445373535E+01   -0.722284239530563354E+01   -0.872385483980178833E+01   -0.873048686981201172E+01   -0.765205325106088771E+06   -0.738475511231555615E+01    1
    0.969395131306886815E+00    0.392747187614440918E+03   -0.158445012569427490E+01   -0.319184488058090210E+01   -0.607854712009429932E+01   -0.963883411884307861E+01   -0.631355261802673340E+01   -0.694395112991333008E+01   -0.444985562562942505E+01   -0.764943939083640929E+06   -0.738575511231554405E+01    1
    0.849582554229676878E+00    0.382699328660964966E+03   -0.457188487052917480E+01   -0.420897340774536133E+01   -0.280451995134353638E+01   -0.440703415870666504E+01   -0.169961881637573242E+01   -0.865473216772079468E+01   -0.610296273231506348E+01   -0.763192197593866731E+06   -0.738675511231550797E+01    1
    0.978754791772842525E+00    0.234522390365600586E+03   -0.832237964868545532E+01   -0.946279269456863403E+01   -0.810707229375839233E+01   -0.579604506492614746E+01   -0.854861700534820557E+01   -0.368614542484283447E+01   -0.770282638072967529E+01   -0.762323149046061910E+06   -0.738775511231547100E+01    1
    0.948993025514960453E+00    0.465750551223754883E+03   -0.485109049081802368E+01   -0.690689051151275635E+01   -0.138055181503295898E+01   -0.294424104690551758E+01   -0.170715421438217163E+01   -0.103406298160552979E+01   -0.105068516731262207E+01   -0.759962181063655764E+06   -0.738875511231546955E+01    1
    0.966630968895971998E+00    0.317978751659393311E+03   -0.303547263145446777E+01   -0.310907942056655884E+01   -0.997101551294326782E+01   -0.827301198244094849E+01   -0.130952906608581543E+01   -0.431691461801528931E+01   -0.255251139402389526E+01   -0.759475324671295239E+06   -0.738975511231546367E+01    1
    0.966909977589190173E+00    0.466325044631958008E+03   -0.717647022008895874E+01   -0.282014864683151245E+01   -0.345985817909240723E+01   -0.227342003583908081E+01   -0.718373900651931763E+01   -0.280670326948165894E+01   -0.563995283842086792E+01   -0.754803666009915527E+06   -0.739075511231551729E+01    1
    0.971352306815385980E+00    0.330236446857452393E+03   -0.701353406906127930E+01   -0.555909496545791626E+01   -0.373294782638549805E+01   -0.255459815263748169E+01   -0.600374406576156616E+01   -0.342619162797927856E+01   -0.404192221164703369E+01   -0.752757542842178373E+06   -0.739175511231552207E+01    1
    0.853766655963957510E+00    0.326131522655487061E+03   -0.135085815191268921E+01   -0.190170609951019287E+01   -0.817305624485015869E+01   -0.178095304965972900E+01   -0.998496460914611816E+01   -0.721294343471527100E+01   -0.753509819507598877E+01   -0.751232744627891574E+06   -0.739275511231547355E+01    1
    0.838931088766873057E+00    0.486793589591979980E+03   -0.628563135862350464E+01   -0.710512614250183105E+01   -0.674638605117797852E+01   -0.982800120115280151E+01   -0.463979518413543701E+01   -0.451828682422637939E+01   -0.118287944793701172E+01   -0.749076171448438196E+06   -0.739375511231546412E+01    1
    0.971933567630767992E+00    0.254436951875686646E+03   -0.204685920476913452E+01   -0.111288452148437500E+01   -0.378092449903488159E+01   -0.829330074787139893E+01   -0.735605806112289429E+01   -0.226819992065429688E+01   -0.592472404241561890E+01   -0.745693483969140681E+06   -0.739475511231550620E+01    1
    0.963529470354795636E+00    0.302231073379516602E+03   -0.304060637950897217E+01   -0.543181180953979492E+01   -0.584021943807601929E+01   -0.257424104213714600E+01   -0.474900454282760620E+01   -0.768137890100479126E+01   -0.107591295242309570E+01   -0.743631681081473129E+06   -0.739575511231552696E+01    1
    0.856087737774789526E+00    0.276826262474060059E+03   -0.797969526052474976E+01   -0.140776389837265015E+01   -0.817858213186264038E+01   -0.701646411418914795E+01   -0.347004842758178711E+01   -0.812755149602890015E+01   -0.404757523536682129E+01   -0.737641699957674835E+06   -0.739675511231546157E+01    1
    0.974790550552189550E+00    0.291591876745223999E+03   -0.634217125177383423E+01   -0.945802426338195801E+01   -0.754489630460739136E+01   -0.819078993797302246E+01   -0.704175627231597900E+01   -0.231102567911148071E+01   -0.846311515569686890E+01   -0.736497116818324197E+06   -0.739775511231542993E+01    1
    0.967771067840337951E+00    0.324212402105331421E+03   -0.999555718898773193E+01   -0.257914787530899048E+01   -0.315454447269439697E+01   -0.698350459337234497E+01   -0.138747459650039673E+01   -0.349331176280975342E+01   -0.821027994155883789E+01   -0.735601241425580462E+06   -0.739875511231546756E+01    1
    0.972524283400297396E+00    0.291697341203689575E+03   -0.946406352519989014E+01   -0.603886920213699341E+01   -0.572883212566375732E+01   -0.342485481500625610E+01   -0.770532780885696411E+01   -0.148391771316528320E+01   -0.623613655567169189E+01   -0.730565281519806478E+06   -0.739975511231552208E+01    1
    0.952344653554916487E+00    0.478318667411804199E+03   -0.520449084043502808E+01   -0.789796137809753418E+01   -0.156242221593856812E+01   -0.215225392580032349E+01   -0.693258500099182129E+01   -0.507142859697341919E+01   -0.208747911453247070E+01   -0.727095784247137723E+06   -0.740075511231554106E+01    1
    0.972762233079672023E+00    0.281099647283554077E+03   -0.351831424236297607E+01   -0.176192277669906616E+01   -0.681113779544830322E+01   -0.216846787929534912E+01   -0.988216143846511841E+01   -0.478098130226135254E+01   -0.439909213781356812E+01   -0.722515621572050615E+06   -0.740175511231547745E+01    1
    0.855018704191804035E+00    0.301500886678695679E+03   -0.387222528457641602E+01   -0.203071230649948120E+01   -0.381815838813781738E+01   -0.273696422576904297E+01   -0.984287941455841064E+01   -0.896981555223464966E+01   -0.359885829687118530E+01   -0.720876077231027070E+06   -0.740275511231546179E+01    1
    0.971051236562490594E+00    0.461349833011627197E+03   -0.966230237483978271E+01   -0.665090101957321167E+01   -0.853310739994049072E+01   -0.837326544523239136E+01   -0.946733796596527100E+01   -0.252189719676971436E+01   -0.825337606668472290E+01   -0.720641628176366095E+06   -0.740375511231553673E+01    1
    0.855619487736582918E+00    0.446618032455444336E+03   -0.606004416942596436E+01   -0.201362287998199463E+01   -0.732625496387481689E+01   -0.633430916070938110E+01   -0.855170905590057373E+01   -0.269445228576660156E+01   -0.975205874443054199E+01   -0.720111937975946814E+06   -0.740475511231555927E+01    1
    0.964850570388972928E+00    0.312829536199569702E+03   -0.200598180294036865E+01   -0.229368895292282104E+01   -0.248230135440826416E+01   -0.271056002378463745E+01   -0.156976181268692017E+01   -0.617224472761154175E+01   -0.347673892974853516E+01   -0.717876845014447928E+06   -0.740575511231556494E+01    1
    0.975985135858476349E+00    0.203364259004592896E+03   -0.657966315746307373E+01   -0.616036361455917358E+01   -0.428118330240249634E+01   -0.215299099683761597E+01   -0.904718708992004395E+01   -0.577953177690505981E+01   -0.927215415239334106E+01   -0.716787489611433470E+06   -0.740675511231549688E+01    1
    0.851029884467661590E+00    0.478811764717102051E+03   -0.901196378469467163E+01   -0.298187351226806641E+01   -0.280501884222030640E+01   -0.662759262323379517E+01   -0.479912269115447998E+01   -0.711430573463439941E+01   -0.617488831281661987E+01   -0.715357142760009039E+06   -0.740775511231547412E+01    1
    0.858270945780873484E+00    0.462323868274688721E+03   -0.529527610540390015E+01   -0.397098368406295776E+01   -0.469239437580108643E+01   -0.656322604417800903E+01   -0.783748775720596313E+01   -0.760320484638214111E+01   -0.711592793464660645E+01   -0.712198450125169475E+06   -0.740875511231551975E+01    1
    0.851666233522832550E+00    0.368022066354751587E+03   -0.830496567487716675E+01   -0.991148442029953003E+01   -0.333630973100662231E+01   -0.743295645713806152E+01   -0.604938560724258423E+01   -0.976131504774093628E+01   -0.254340475797653198E+01   -0.707969688468853710E+06   -0.740975511231546591E+01    1
    0.976915474894166191E+00    0.490164858102798462E+03   -0.868992811441421509E+01   -0.907966917753219604E+01   -0.517301189899444580E+01   -0.377781313657760620E+01   -0.988600075244903564E+01   -0.969054228067398071E+01   -0.991103863716125488E+01   -0.707685712345384178E+06   -0.741075511231541206E+01    1
    0.850691344581663733E+00    0.483627831935882568E+03   -0.710527151823043823E+01   -0.322757673263549805E+01   -0.339815503358840942E+01   -0.215089082717895508E+01   -0.157129120826721191E+01   -0.861255764961242676E+01   -0.921008998155593872E+01   -0.706549602277627215E+06   -0.741175511231545059E+01    1
    0.850580817918598853E+00    0.331956475973129272E+03   -0.596311557292938232E+01   -0.501459366083145142E+01   -0.121813064813613892E+01   -0.904450327157974243E+01   -0.773011463880538940E+01   -0.611481380462646484E+01   -0.525424581766128540E+01   -0.704142220594775747E+06   -0.741275511231547846E+01    1
    0.847302443886816636E+00    0.457804524898529053E+03   -0.366266000270843506E+01   -0.100026983022689819E+01   -0.389892184734344482E+01   -0.594046539068222046E+01   -0.941796493530273438E+01   -0.482578170299530029E+01   -0.212942564487457275E+01   -0.703123524233063799E+06   -0.741375511231547435E+01    1
    0.854413718445181991E+00    0.290802645683288574E+03   -0.891124737262725830E+01   -0.105400305986404419E+01   -0.285855627059936523E+01   -0.491730242967605591E+01   -0.267547833919525146E+01   -0.313957774639129639E+01   -0.389178717136383057E+01   -0.702963252825465752E+06   -0.741475511231549866E+01    1
    0.845508705577612041E+00    0.373701679706573486E+03   -0.776882052421569824E+01   -0.657614463567733765E+01   -0.104120033979415894E+01   -0.574919599294662476E+01   -0.672184008359909058E+01   -0.434617966413497925E+01   -0.190219426155090332E+01   -0.698346668831925723E+06   -0.741575511231550433E+01    1
    0.970978529716015060E+00    0.207635819911956787E+03   -0.403912091255187988E+01   -0.996591717004776001E+01   -0.286333382129669189E+01   -0.215234726667404175E+01   -0.206708091497421265E+01   -0.359048712253570557E+01   -0.927338957786560059E+01   -0.697699863549549016E+06   -0.741675511231552331E+01    1
    0.973249994904041404E+00    0.224792194366455078E+03   -0.250608611106872559E+01   -0.559641468524932861E+01   -0.948371070623397827E+01   -0.979833865165710449E+01   -0.749278795719146729E+01   -0.339224076271057129E+01   -0.551500213146209717E+01   -0.697116421351902769E+06   -0.741775511231548279E+01    1
    0.966770659277558453E+00    0.304629468917846680E+03   -0.995967191457748413E+01   -0.983234959840774536E+01   -0.935347229242324829E+01   -0.312927484512329102E+01   -0.255721062421798706E+01   -0.181248188018798828E+01   -0.294846606254577637E+01   -0.696348938401173102E+06   -0.741875511231547513E+01    1
    0.859526189433038379E+00    0.313408249616622925E+03   -0.966634446382522583E+01   -0.670185440778732300E+01   -0.992791938781738281E+01   -0.855396962165832520E+01   -0.536738514900207520E+01   -0.281191802024841309E+01   -0.563229835033416748E+01   -0.694958470349544776E+06   -0.741975511231548612E+01    1
    0.859786769720256472E+00    0.362914711236953735E+03   -0.342633271217346191E+01   -0.599307906627655029E+01   -0.586363458633422852E+01   -0.306713557243347168E+01   -0.884517490863800049E+01   -0.656263971328735352E+01   -0.741688036918640137E+01   -0.694380048280130955E+06   -0.742075511231548379E+01    1
    0.855747961303353510E+00    0.200365781784057617E+03   -0.638965868949890137E+01   -0.114233249425888062E+01   -0.110473489761352539E+01   -0.202133476734161377E+01   -0.940903371572494507E+01   -0.452193999290466309E+01   -0.472447949647903442E+01   -0.692984545793310157E+06   -0.742175511231550722E+01    1
    0.961559753900170455E+00    0.409645658731460571E+03   -0.134732460975646973E+01   -0.573043984174728394E+01   -0.352271950244903564E+01   -0.151172685623168945E+01   -0.160123270750045776E+01   -0.452589786052703857E+01   -0.848462325334548950E+01   -0.692970174921858474E+06   -0.742275511231548535E+01    1
    0.948740028888881426E+00    0.492036628723144531E+03   -0.914009773731231689E+01   -0.961065912246704102E+01   -0.100011426210403442E+01   -0.989659225940704346E+01   -0.553031647205352783E+01   -0.172867143154144287E+01   -0.565245246887207031E+01   -0.692595167807013146E+06   -0.742375511231551144E+01    1
    0.855375081549167748E+00    0.484348380565643311E+03   -0.253411304950714111E+01   -0.314334893226623535E+01   -0.821488958597183228E+01   -0.113345384597778320E+01   -0.373562842607498169E+01   -0.983475875854492188E+01   -0.898304152488708496E+01   -0.692182836212491035E+06   -0.742475511231547003E+01    1
    0.965660380645752103E+00    0.217807060480117798E+03   -0.672479587793350220E+01   -0.478347897529602051E+01   -0.122110629081726074E+01   -0.392500042915344238E+01   -0.425718021392822266E+01   -0.936466890573501587E+01   -0.163965213298797607E+01   -0.690826398601197056E+06   -0.742575511231540908E+01    1
    0.842455948200524052E+00    0.485185015201568604E+03   -0.545662492513656616E+01   -0.310478413105010986E+01   -0.884321796894073486E+01   -0.832685518264770508E+01   -0.618091148138046265E+01   -0.341403585672378540E+01   -0.136842662096023560E+01   -0.689546824996837298E+06   -0.742675511231544583E+01    1
    0.840094660948097816E+00    0.494223845005035400E+03   -0.363990306854248047E+01   -0.173911380767822266E+01   -0.312413090467453003E+01   -0.221040958166122437E+01   -0.625186181068420410E+01   -0.819625788927078247E+01   -0.108844423294067383E+01   -0.687540162874861970E+06   -0.742775511231548702E+01    1
    0.853405846596837159E+00    0.326915514469146729E+03   -0.230581414699554443E+01   -0.254916238784790039E+01   -0.258411318063735962E+01   -0.797180098295211792E+01   -0.259661495685577393E+01   -0.258837360143661499E+01   -0.730072784423828125E+01   -0.687320122910794453E+06   -0.742875511231550423E+01    1
    0.954143086511492933E+00    0.461603194475173950E+03   -0.326992130279541016E+01   -0.736844342947006226E+01   -0.150270926952362061E+01   -0.302902352809906006E+01   -0.615008753538131714E+01   -0.146690124273300171E+01   -0.792867803573608398E+01   -0.686655312741676462E+06   -0.742975511231553831E+01    1
    0.945179078669607819E+00    0.491970682144165039E+03   -0.309919655323028564E+01   -0.259837716817855835E+01   -0.162854993343353271E+01   -0.696579128503799438E+01   -0.403048902750015259E+01   -0.672963565587997437E+01   -0.114797425270080566E+01   -0.685342557417187025E+06   -0.743075511231550490E+01    1
    0.970916197055339936E+00    0.490171653032302856E+03   -0.726897370815277100E+01   -0.607428991794586182E+01   -0.710965639352798462E+01   -0.257121068239212036E+01   -0.608106034994125366E+01   -0.813410145044326782E+01   -0.453409737348556519E+01   -0.681692779128684080E+06   -0.743175511231548125E+01    1
    0.858478101199865451E+00    0.262809860706329346E+03   -0.502344655990600586E+01   -0.313064062595367432E+01   -0.866776233911514282E+01   -0.710610085725784302E+01   -0.302947252988815308E+01   -0.661086368560791016E+01   -0.395124155282974243E+01   -0.681150026953526190E+06   -0.743275511231551267E+01    1
    0.852931851360798077E+00    0.493450796604156494E+03   -0.184125983715057373E+01   -0.238261061906814575E+01   -0.516489231586456299E+01   -0.652386087179183960E+01   -0.365122199058532715E+01   -0.838662606477737427E+01   -0.609794539213180542E+01   -0.679206155246918439E+06   -0.743375511231551922E+01    1
    0.971244570676982555E+00    0.229501008987426758E+03   -0.745795625448226929E+01   -0.127184939384460449E+01   -0.334595656394958496E+01   -0.688790905475616455E+01   -0.556550437211990356E+01   -0.399398630857467651E+01   -0.651355367898941040E+01   -0.677446364067274495E+06   -0.743475511231548403E+01    1
    0.847138164058506615E+00    0.405218350887298584E+03   -0.867712539434432983E+01   -0.768404018878936768E+01   -0.100190812349319458E+01   -0.481172639131546021E+01   -0.475860792398452759E+01   -0.661545830965042114E+01   -0.602309513092041016E+01   -0.676415638759261928E+06   -0.743575511231544883E+01    1
    0.851500946916997625E+00    0.329716241359710693E+03   -0.595889431238174438E+01   -0.243389767408370972E+01   -0.801171761751174927E+01   -0.491721069812774658E+01   -0.156360292434692383E+01   -0.613180881738662720E+01   -0.176283097267150879E+01   -0.675590855142298271E+06   -0.743675511231551578E+01    1
    0.963827181034863201E+00    0.442296350002288818E+03   -0.889467132091522217E+01   -0.861034750938415527E+01   -0.339928853511810303E+01   -0.559645009040832520E+01   -0.431903946399688721E+01   -0.206869935989379883E+01   -0.742582982778549194E+01   -0.675223066248655086E+06   -0.743775511231556585E+01    1
    0.852111984272003298E+00    0.441603785753250122E+03   -0.729846459627151489E+01   -0.668657869100570679E+01   -0.265155571699142456E+01   -0.460575419664382935E+01   -0.218049007654190063E+01   -0.863636761903762817E+01   -0.901179856061935425E+01   -0.673553059165281360E+06   -0.743875511231553421E+01    1
    0.852944589285135391E+00    0.311817342042922974E+03   -0.469005709886550903E+01   -0.568166011571884155E+01   -0.509927421808242798E+01   -0.134488111734390259E+01   -0.174985873699188232E+01   -0.526975864171981812E+01   -0.192800945043563843E+01   -0.673518388989505474E+06   -0.743975511231550968E+01    1
    0.856798139694214034E+00    0.204029196500778198E+03   -0.708981233835220337E+01   -0.254223853349685669E+01   -0.353187227249145508E+01   -0.926706278324127197E+01   -0.980355715751647949E+01   -0.619162207841873169E+01   -0.155017793178558350E+01   -0.672908078793863882E+06   -0.744075511231554199E+01    1
    0.968612963659107873E+00    0.205262815952301025E+03   -0.675687456130981445E+01   -0.787591791152954102E+01   -0.584764164686203003E+01   -0.472935897111892700E+01   -0.149808567762374878E+01   -0.974685257673263550E+01   -0.235198462009429932E+01   -0.670560989870224730E+06   -0.744175511231554587E+01    1
    0.971401212127983804E+00    0.249163532257080078E+03   -0.401491504907608032E+01   -0.107169437408447266E+01   -0.443500101566314697E+01   -0.796176844835281372E+01   -0.466201084852218628E+01   -0.506022608280181885E+01   -0.792484730482101440E+01   -0.666907668707994046E+06   -0.744275511231549114E+01    1
    0.960047847638547558E+00    0.335611629486083984E+03   -0.391480267047882080E+01   -0.730982214212417603E+01   -0.616573339700698853E+01   -0.620637798309326172E+01   -0.321761983633041382E+01   -0.268114262819290161E+01   -0.155977702140808105E+01   -0.661564083464101073E+06   -0.744375511231549680E+01    1
    0.956618456978023168E+00    0.491109406948089600E+03   -0.665244865417480469E+01   -0.254834324121475220E+01   -0.252771008014678955E+01   -0.784393739700317383E+01   -0.280001062154769897E+01   -0.235719722509384155E+01   -0.569692081212997437E+01   -0.659974311354023055E+06   -0.744475511231554066E+01    1
    0.857486425337791625E+00    0.309776413440704346E+03   -0.631597357988357544E+01   -0.366115045547485352E+01   -0.874699962139129639E+01   -0.176040679216384888E+01   -0.213490700721740723E+01   -0.178828191757202148E+01   -0.520018535852432251E+01   -0.658814190731816809E+06   -0.744575511231556142E+01    1
    0.961572316732764443E+00    0.391813689470291138E+03   -0.799878561496734619E+01   -0.543632864952087402E+01   -0.193989592790603638E+01   -0.706573468446731567E+01   -0.671262508630752563E+01   -0.707093119621276855E+01   -0.650507307052612305E+01   -0.657924390876871184E+06   -0.744675511231554399E+01    1
    0.861893134337425426E+00    0.340796107053756714E+03   -0.949209743738174438E+01   -0.545833832025527954E+01   -0.457549780607223511E+01   -0.981977164745330811E+01   -0.814742881059646606E+01   -0.503060269355773926E+01   -0.728004318475723267E+01   -0.655966520483135711E+06   -0.744775511231552567E+01    1
    0.959575723695516691E+00    0.490734487771987915E+03   -0.558406740427017212E+01   -0.320951420068740845E+01   -0.458103656768798828E+01   -0.104590332508087158E+01   -0.682969868183135986E+01   -0.124897551536560059E+01   -0.414328128099441528E+01   -0.654266393952955259E+06   -0.744875511231549581E+01    1
    0.962039078491151445E+00    0.424366015195846558E+03   -0.997225522994995117E+01   -0.583695304393768311E+01   -0.347534257173538208E+01   -0.562876427173614502E+01   -0.112308335304260254E+01   -0.607845109701156616E+01   -0.872495508193969727E+01   -0.652668772575785522E+06   -0.744975511231548992E+01    1
    0.848256496910512636E+00    0.459042418003082275E+03   -0.422912698984146118E+01   -0.338299250602722168E+01   -0.210610276460647583E+01   -0.548070847988128662E+01   -0.126192468404769897E+01   -0.120447552204132080E+01   -0.797368174791336060E+01   -0.651381676012518001E+06   -0.745075511231549648E+01    1
    0.857485177809119370E+00    0.216427117586135864E+03   -0.488656806945800781E+01   -0.345978790521621704E+01   -0.395932304859161377E+01   -0.212971371412277222E+01   -0.630796450376510620E+01   -0.524265706539154053E+01   -0.157603925466537476E+01   -0.648482811340564862E+06   -0.745175511231545418E+01    1
    0.863098509672403535E+00    0.236574155092239380E+03   -0.987511366605758667E+01   -0.756247282028198242E+01   -0.739188969135284424E+01   -0.838114899396896362E+01   -0.396333295106887817E+01   -0.411940211057662964E+01   -0.660355573892593384E+01   -0.647349357392052072E+06   -0.745275511231543941E+01    1
    0.852235423951149151E+00    0.345971411466598511E+03   -0.428868705034255981E+01   -0.980249553918838501E+01   -0.145323270559310913E+01   -0.832336401939392090E+01   -0.372165894508361816E+01   -0.849319827556610107E+01   -0.325865280628204346E+01   -0.644474854725608719E+06   -0.745375511231547971E+01    1
    0.970968472883999567E+00    0.244071429967880249E+03   -0.310808593034744263E+01   -0.473505866527557373E+01   -0.464085841178894043E+01   -0.549071580171585083E+01   -0.460585397481918335E+01   -0.385948264598846436E+01   -0.702556645870208740E+01   -0.644446225508925389E+06   -0.745475511231554666E+01    1
    0.961250301130056606E+00    0.498934501409530640E+03   -0.765157365798950195E+01   -0.258024060726165771E+01   -0.970244592428207397E+01   -0.785603201389312744E+01   -0.147164124250411987E+01   -0.701345628499984741E+01   -0.483599448204040527E+01   -0.644429846326145111E+06   -0.745575511231556032E+01    1
    0.968855224972665408E+00    0.223669207096099854E+03   -0.864722788333892822E+01   -0.101864296197891235E+01   -0.318758338689804077E+01   -0.448079597949981689E+01   -0.978129911422729492E+01   -0.172989130020141602E+01   -0.475835418701171875E+01   -0.643124238861479913E+06   -0.745675511231547983E+01    1
    0.955348647881448465E+00    0.445181995630264282E+03   -0.682342553138732910E+01   -0.433614069223403931E+01   -0.157173109054565430E+01   -0.234017807245254517E+01   -0.543505728244781494E+01   -0.695123440027236938E+01   -0.505672794580459595E+01   -0.642795493377806852E+06   -0.745775511231549615E+01    1
    0.862088066164076516E+00    0.263675856590270996E+03   -0.428859478235244751E+01   -0.869097846746444702E+01   -0.920115017890930176E+01   -0.103489714860916138E+01   -0.417293900251388550E+01   -0.612620782852172852E+01   -0.497989392280578613E+01   -0.641851164109099773E+06   -0.745875511231555066E+01    1
    0.857517755816638583E+00    0.368906962871551514E+03   -0.846110618114471436E+01   -0.287616068124771118E+01   -0.954141199588775635E+01   -0.884088927507400513E+01   -0.645453810691833496E+01   -0.705769717693328857E+01   -0.311472922563552856E+01   -0.638356646958158701E+06   -0.745975511231552790E+01    1
    0.964391994169592981E+00    0.463502591848373413E+03   -0.685503536462783813E+01   -0.155139887332916260E+01   -0.862048411369323730E+01   -0.209622150659561157E+01   -0.829588478803634644E+01   -0.660365015268325806E+01   -0.382555806636810303E+01   -0.638139152453224058E+06   -0.746075511231553978E+01    1
    0.965089942688763358E+00    0.434997648000717163E+03   -0.771817290782928467E+01   -0.393332707881927490E+01   -0.711809462308883667E+01   -0.159479486942291260E+01   -0.724561005830764771E+01   -0.449679267406463623E+01   -0.359217423200607300E+01   -0.636709884286324261E+06   -0.746175511231554189E+01    1
    0.860751065610945387E+00    0.218059599399566650E+03   -0.328726446628570557E+01   -0.403841495513916016E+01   -0.619491046667098999E+01   -0.990292870998382568E+01   -0.510694319009780884E+01   -0.490476524829864502E+01   -0.338739776611328125E+01   -0.636241960901143728E+06   -0.746275511231552713E+01    1
    0.964666242556035725E+00    0.386115729808807373E+03   -0.287251663208007812E+01   -0.415552610158920288E+01   -0.413725703954696655E+01   -0.661123865842819214E+01   -0.230513608455657959E+01   -0.713238865137100220E+01   -0.973313415050506592E+01   -0.635963388886737521E+06   -0.746375511231551858E+01    1
    0.857365360340416549E+00    0.481266897916793823E+03   -0.752088034152984619E+01   -0.505472487211227417E+01   -0.321179139614105225E+01   -0.405785936117172241E+01   -0.652032786607742310E+01   -0.902047497034072876E+01   -0.892671942710876465E+01   -0.635648178390642046E+06   -0.746475511231547895E+01    1
    0.856824184591055027E+00    0.474785822629928589E+03   -0.309655886888504028E+01   -0.608632177114486694E+01   -0.485324054956436157E+01   -0.902492153644561768E+01   -0.610762977600097656E+01   -0.255166971683502197E+01   -0.567099082469940186E+01   -0.633826697790422360E+06   -0.746575511231549704E+01    1
    0.953740955492913933E+00    0.483529216051101685E+03   -0.477958065271377563E+01   -0.524818080663681030E+01   -0.856632494926452637E+01   -0.833679598569869995E+01   -0.675569492578506470E+01   -0.991790080070495605E+01   -0.200066405534744263E+01   -0.632377023295666906E+06   -0.746675511231550182E+01    1
    0.964176193595767117E+00    0.421748697757720947E+03   -0.315361428260803223E+01   -0.673676121234893799E+01   -0.352675032615661621E+01   -0.330934387445449829E+01   -0.337414550781250000E+01   -0.888685214519500732E+01   -0.640197056531906128E+01   -0.625932918369740248E+06   -0.746775511231544975E+01    1
    0.854647422149777514E+00    0.394401717185974121E+03   -0.162034022808074951E+01   -0.310217702388763428E+01   -0.859483200311660767E+01   -0.927981936931610107E+01   -0.328046399354934692E+01   -0.623478311300277710E+01   -0.309027177095413208E+01   -0.625325398046403076E+06   -0.746875511231542433E+01    1
    0.863645627597809051E+00    0.225918006896972656E+03   -0.411676067113876343E+01   -0.779252642393112183E+01   -0.593492019176483154E+01   -0.549168837070465088E+01   -0.473506081104278564E+01   -0.497191220521926880E+01   -0.603117233514785767E+01   -0.624013189428457408E+06   -0.746975511231544154E+01    1
    0.857678402491271696E+00    0.326432073116302490E+03   -0.112501561641693115E+01   -0.124345177412033081E+01   -0.372448921203613281E+01   -0.695827037096023560E+01   -0.766492676734924316E+01   -0.900364679098129272E+01   -0.606148129701614380E+01   -0.622525489978073980E+06   -0.747075511231544631E+01    1
    0.964109111571550548E+00    0.214538305997848511E+03   -0.288904923200607300E+01   -0.373986256122589111E+01   -0.130287557840347290E+01   -0.707309144735336304E+01   -0.284922164678573608E+01   -0.566015738248825073E+01   -0.259625339508056641E+01   -0.620416469955620356E+06   -0.747175511231540845E+01    1
    0.955917882082700898E+00    0.487330102920532227E+03   -0.103053802251815796E+01   -0.292484223842620850E+01   -0.325869786739349365E+01   -0.733677726984024048E+01   -0.714929085969924927E+01   -0.830744779109954834E+01   -0.686165666580200195E+01   -0.618946799997683382E+06   -0.747275511231542211E+01    1
    0.861094146939039407E+00    0.253736448287963867E+03   -0.182664930820465088E+01   -0.126526993513107300E+01   -0.732274770736694336E+01   -0.897434312105178833E+01   -0.915978622436523438E+01   -0.334309571981430054E+01   -0.588789302110671997E+01   -0.618490119944555219E+06   -0.747375511231550860E+01    1
    0.967391906669855306E+00    0.212369006872177124E+03   -0.694565755128860474E+01   -0.761788618564605713E+01   -0.181160104274749756E+01   -0.285718834400177002E+01   -0.863078486919403076E+01   -0.663714396953582764E+01   -0.622887152433395386E+01   -0.617562601807467756E+06   -0.747475511231551515E+01    1
    0.857920237018704568E+00    0.278653991222381592E+03   -0.183891826868057251E+01   -0.602119505405426025E+01   -0.980727094411849976E+01   -0.919907844066619873E+01   -0.888569504022598267E+01   -0.795538800954818726E+01   -0.230980741977691650E+01   -0.617303454224162851E+06   -0.747575511231550927E+01    1
    0.863975347237229463E+00    0.390559542179107666E+03   -0.912326526641845703E+01   -0.359749197959899902E+01   -0.496786528825759888E+01   -0.689665305614471436E+01   -0.877655059099197388E+01   -0.822475314140319824E+01   -0.994417142868041992E+01   -0.617076295941336663E+06   -0.747675511231557799E+01    1
    0.859006254500806476E+00    0.225431078672409058E+03   -0.136151188611984253E+01   -0.178843963146209717E+01   -0.337984466552734375E+01   -0.312501657009124756E+01   -0.490421915054321289E+01   -0.397535675764083862E+01   -0.245670557022094727E+01   -0.614149748082640232E+06   -0.747775511231553569E+01    1
    0.966486025762081313E+00    0.332491040229797363E+03   -0.442303729057312012E+01   -0.516057127714157104E+01   -0.879304563999176025E+01   -0.709746736288070679E+01   -0.361378908157348633E+01   -0.199051082134246826E+01   -0.537756949663162231E+01   -0.613486768249706947E+06   -0.747875511231550938E+01    1
    0.861761870245993267E+00    0.414461922645568848E+03   -0.677009946107864380E+01   -0.908961588144302368E+01   -0.868539410829544067E+01   -0.146592223644256592E+01   -0.218319535255432129E+01   -0.948159229755401611E+01   -0.962048780918121338E+01   -0.612739841848776327E+06   -0.747975511231554790E+01    1
    0.857409187992453692E+00    0.311411041021347046E+03   -0.669166737794876099E+01   -0.667573237419128418E+01   -0.688385677337646484E+01   -0.192756956815719604E+01   -0.434722733497619629E+01   -0.242272251844406128E+01   -0.230969583988189697E+01   -0.611412158163072309E+06   -0.748075511231551893E+01    1
    0.853490952127397229E+00    0.354313403367996216E+03   -0.310170120000839233E+01   -0.523605829477310181E+01   -0.330251604318618774E+01   -0.210570418834686279E+01   -0.814868623018264771E+01   -0.625775837898254395E+01   -0.163657885789871216E+01   -0.610263682500588126E+06   -0.748175511231550594E+01    1
    0.858869157665670069E+00    0.386571025848388672E+03   -0.215441364049911499E+01   -0.652249187231063843E+01   -0.366513407230377197E+01   -0.899660545587539673E+01   -0.592941093444824219E+01   -0.587206691503524780E+01   -0.594935262203216553E+01   -0.610114654652772355E+06   -0.748275511231550716E+01    1
    0.956843340436041467E+00    0.475173258781433105E+03   -0.100630319118499756E+01   -0.608414542675018311E+01   -0.542846387624740601E+01   -0.419235122203826904E+01   -0.713006746768951416E+01   -0.264058065414428711E+01   -0.549061763286590576E+01   -0.608000601386990980E+06   -0.748375511231543822E+01    1
    0.863734224020004437E+00    0.334930187463760376E+03   -0.929773116111755371E+01   -0.186450493335723877E+01   -0.856452035903930664E+01   -0.115908074378967285E+01   -0.634054476022720337E+01   -0.373829132318496704E+01   -0.811096578836441040E+01   -0.607789563621034496E+06   -0.748475511231542434E+01    1
    0.856424669005394157E+00    0.365112066268920898E+03   -0.106154865026473999E+01   -0.570759171247482300E+01   -0.620088803768157959E+01   -0.357849282026290894E+01   -0.896125662326812744E+01   -0.141550529003143311E+01   -0.579139357805252075E+01   -0.605837506800352247E+06   -0.748575511231550461E+01    1
    0.859206745490312729E+00    0.334226769208908081E+03   -0.104053086042404175E+01   -0.975157165527343750E+01   -0.706397998332977295E+01   -0.543240779638290405E+01   -0.769449061155319214E+01   -0.416558223962783813E+01   -0.506227368116378784E+01   -0.604994270486756810E+06   -0.748675511231553337E+01    1
    0.860140586360871984E+00    0.347923040390014648E+03   -0.488480854034423828E+01   -0.365016949176788330E+01   -0.303581863641738892E+01   -0.710218697786331177E+01   -0.452321243286132812E+01   -0.934853273630142212E+01   -0.779817408323287964E+01   -0.604166163678331301E+06   -0.748775511231547330E+01    1
    0.861890026458978831E+00    0.202077835798263550E+03   -0.158045953512191772E+01   -0.751529169082641602E+01   -0.823874461650848389E+01   -0.614957737922668457E+01   -0.199594765901565552E+01   -0.873577457666397095E+01   -0.447099733352661133E+01   -0.600980177070982521E+06   -0.748875511231549496E+01    1
    0.857167276862383032E+00    0.384193605184555054E+03   -0.238081568479537964E+01   -0.414927548170089722E+01   -0.364577013254165649E+01   -0.277912801504135132E+01   -0.183511596918106079E+01   -0.932803529500961304E+01   -0.520021325349807739E+01   -0.600214190216278424E+06   -0.748975511231547930E+01    1
    0.861951636866212012E+00    0.238600224256515503E+03   -0.364814174175262451E+01   -0.698559135198593140E+01   -0.803903859853744507E+01   -0.997433876991271973E+01   -0.262617290019989014E+01   -0.161380851268768311E+01   -0.835965806245803833E+01   -0.599731789093046333E+06   -0.749075511231541569E+01    1
    0.851471148490905883E+00    0.436146956682205200E+03   -0.356560266017913818E+01   -0.259116739034652710E+01   -0.590903902053833008E+01   -0.310291892290115356E+01   -0.329598271846771240E+01   -0.597790527343750000E+01   -0.193448054790496826E+01   -0.599659082823487814E+06   -0.749175511231549685E+01    1
    0.856027396782696459E+00    0.337721115350723267E+03   -0.933276832103729248E+01   -0.237636053562164307E+01   -0.220313757658004761E+01   -0.990589952468872070E+01   -0.128263616561889648E+01   -0.978635078668594360E+01   -0.446653789281845093E+01   -0.597144903640634846E+06   -0.749275511231552471E+01    1
    0.958818823974967205E+00    0.413630169630050659E+03   -0.920544975996017456E+01   -0.948883801698684692E+01   -0.915823322534561157E+01   -0.627958726882934570E+01   -0.216964161396026611E+01   -0.868642246723175049E+01   -0.290452343225479126E+01   -0.593677831379049458E+06   -0.749375511231550373E+01    1
    0.860284927616894457E+00    0.358902484178543091E+03   -0.403158551454544067E+01   -0.289473551511764526E+01   -0.781613200902938843E+01   -0.904870736598968506E+01   -0.212782758474349976E+01   -0.364181011915206909E+01   -0.529017293453216553E+01   -0.593448404353419668E+06   -0.749475511231554403E+01    1
    0.957111482497930655E+00    0.484469294548034668E+03   -0.852428293228149414E+01   -0.421036654710769653E+01   -0.934216141700744629E+01   -0.334961724281311035E+01   -0.522154486179351807E+01   -0.141572952270507812E+01   -0.361993938684463501E+01   -0.592949405546506401E+06   -0.749575511231555502E+01    1
    0.858670647401511777E+00    0.338178575038909912E+03   -0.652142328023910522E+01   -0.486448222398757935E+01   -0.614668112993240356E+01   -0.663640421628952026E+01   -0.835211569070816040E+01   -0.617748844623565674E+01   -0.250155639648437500E+01   -0.591584971786104143E+06   -0.749675511231555092E+01    1
    0.859578136964678885E+00    0.262987262010574341E+03   -0.140125256776809692E+01   -0.542651605606079102E+01   -0.780385768413543701E+01   -0.375370329618453979E+01   -0.809969675540924072E+01   -0.283789199590682983E+01   -0.260781264305114746E+01   -0.589792954706709133E+06   -0.749775511231554415E+01    1
    0.947151903002679485E+00    0.461188292503356934E+03   -0.219740033149719238E+01   -0.237647640705108643E+01   -0.272425323724746704E+01   -0.703756076097488403E+01   -0.285174077749252319E+01   -0.712404751777648926E+01   -0.141092675924301147E+01   -0.589490744014328113E+06   -0.749875511231554892E+01    1
    0.859921251122474861E+00    0.267995625734329224E+03   -0.327203595638275146E+01   -0.724375236034393311E+01   -0.236969739198684692E+01   -0.460879153013229370E+01   -0.830738878250122070E+01   -0.182746684551239014E+01   -0.458589887619018555E+01   -0.589144568835124606E+06   -0.749975511231547554E+01    1
    0.850041590064883446E+00    0.449866759777069092E+03   -0.922674113512039185E+01   -0.515834343433380127E+01   -0.117906427383422852E+01   -0.686855155229568481E+01   -0.613886892795562744E+01   -0.575174731016159058E+01   -0.718050533533096313E+01   -0.588221720185723039E+06   -0.750075511231543324E+01    1
    0.970884231868922809E+00    0.282134103775024414E+03   -0.931031447649002075E+01   -0.521544337272644043E+01   -0.461825543642044067E+01   -0.970784145593643188E+01   -0.587778538465499878E+01   -0.822097659111022949E+01   -0.991470146179199219E+01   -0.587224648699558224E+06   -0.750175511231542913E+01    1
    0.956970664963245565E+00    0.414655095338821411E+03   -0.430164694786071777E+01   -0.428137105703353882E+01   -0.592391294240951538E+01   -0.141715270280838013E+01   -0.998514539003372192E+01   -0.558013957738876343E+01   -0.224150282144546509E+01   -0.583129463530163863E+06   -0.750275511231546410E+01    1
    0.958795175646364850E+00    0.450181043148040771E+03   -0.936856025457382202E+01   -0.729697918891906738E+01   -0.295760917663574219E+01   -0.590230721235275269E+01   -0.229739898443222046E+01   -0.605895304679870605E+01   -0.908323383331298828E+01   -0.582129357235781965E+06   -0.750375511231553460E+01    1
    0.961640493080377690E+00    0.227800184488296509E+03   -0.650949656963348389E+01   -0.536825847625732422E+01   -0.198059737682342529E+01   -0.604928314685821533E+01   -0.619313538074493408E+01   -0.143962800502777100E+01   -0.154356628656387329E+01   -0.581671430074051837E+06   -0.750475511231552872E+01    1
    0.970887766533494179E+00    0.306995624303817749E+03   -0.839323341846466064E+01   -0.389683884382247925E+01   -0.806280028820037842E+01   -0.593659013509750366E+01   -0.543338412046432495E+01   -0.402292841672897339E+01   -0.980544114112854004E+01   -0.580454248527483898E+06   -0.750575511231552905E+01    1
    0.960590642986536181E+00    0.491181612014770508E+03   -0.888437807559967041E+01   -0.402482688426971436E+01   -0.663846951723098755E+01   -0.293483453989028931E+01   -0.124309504032135010E+01   -0.985296130180358887E+01   -0.797935676574707031E+01   -0.579169572318908758E+06   -0.750675511231550985E+01    1
    0.953720239951014737E+00    0.443841052055358887E+03   -0.691789346933364868E+01   -0.493359041213989258E+01   -0.654574501514434814E+01   -0.129497754573822021E+01   -0.967112308740615845E+01   -0.638790291547775269E+01   -0.194969242811203003E+01   -0.578358843575392733E+06   -0.750775511231553683E+01    1
    0.851309133912027005E+00    0.407547402381896973E+03   -0.830169981718063354E+01   -0.519008576869964600E+01   -0.585574513673782349E+01   -0.761526191234588623E+01   -0.951835411787033081E+01   -0.624750000238418579E+01   -0.126704394817352295E+01   -0.577230806053479202E+06   -0.750875511231556203E+01    1
    0.866823280104160432E+00    0.238166242837905884E+03   -0.593452697992324829E+01   -0.571532720327377319E+01   -0.611659693717956543E+01   -0.156562960147857666E+01   -0.635893827676773071E+01   -0.457623112201690674E+01   -0.746205306053161621E+01   -0.576040453792119748E+06   -0.750975511231552950E+01    1
    0.862553722655832966E+00    0.449785631895065308E+03   -0.379391390085220337E+01   -0.921201258897781372E+01   -0.421499603986740112E+01   -0.310462856292724609E+01   -0.533428937196731567E+01   -0.763579261302947998E+01   -0.613225513696670532E+01   -0.575766344974286854E+06   -0.751075511231546766E+01    1
    0.864809823543369882E+00    0.241658657789230347E+03   -0.558578348159790039E+01   -0.544785302877426147E+01   -0.617596441507339478E+01   -0.808256977796554565E+01   -0.423151147365570068E+01   -0.215882426500320435E+01   -0.974566811323165894E+01   -0.574205399854754098E+06   -0.751175511231549642E+01    1
    0.866233417906880576E+00    0.480292093753814697E+03   -0.399464023113250732E+01   -0.661254864931106567E+01   -0.941763609647750854E+01   -0.127503961324691772E+01   -0.567990541458129883E+01   -0.871757042407989502E+01   -0.868101835250854492E+01   -0.572653283827695879E+06   -0.751275511231551807E+01    1
    0.970630436386764162E+00    0.344720625877380371E+03   -0.732519870996475220E+01   -0.722242826223373413E+01   -0.964123898744583130E+01   -0.520852971076965332E+01   -0.365454471111297607E+01   -0.831938791275024414E+01   -0.964640867710113525E+01   -0.571126263529026764E+06   -0.751375511231551840E+01    1
    0.959558586591124696E+00    0.336838150024414062E+03   -0.948207563161849976E+01   -0.636646562814712524E+01   -0.196983367204666138E+01   -0.600260627269744873E+01   -0.273033541440963745E+01   -0.622639530897140503E+01   -0.859628468751907349E+01   -0.569445981105256826E+06   -0.751475511231557114E+01    1
    0.863604152741074715E+00    0.236933034658432007E+03   -0.592396229505538940E+01   -0.841468840837478638E+01   -0.892048811912536621E+01   -0.772201544046401978E+01   -0.164252424240112305E+01   -0.219723671674728394E+01   -0.979067826271057129E+01   -0.568248818089487148E+06   -0.751575511231552706E+01    1
    0.955785436122000398E+00    0.392386233806610107E+03   -0.986503177881240845E+01   -0.790886616706848145E+01   -0.173204404115676880E+01   -0.280737435817718506E+01   -0.292164772748947144E+01   -0.593777030706405640E+01   -0.542032015323638916E+01   -0.567641215831868933E+06   -0.751675511231552385E+01    1
    0.965387806574106389E+00    0.207212424278259277E+03   -0.116866266727447510E+01   -0.172269600629806519E+01   -0.693293422460556030E+01   -0.820471704006195068E+01   -0.386495596170425415E+01   -0.304581093788146973E+01   -0.379666262865066528E+01   -0.566076598738488858E+06   -0.751775511231547622E+01    1
    0.853286587233066718E+00    0.396490299701690674E+03   -0.822940355539321899E+01   -0.391808784008026123E+01   -0.922950756549835205E+01   -0.963106483221054077E+01   -0.342464238405227661E+01   -0.463354349136352539E+01   -0.151584672927856445E+01   -0.565915541322179022E+06   -0.751875511231548366E+01    1
    0.961696631870627594E+00    0.290942656993865967E+03   -0.490448361635208130E+01   -0.943851494789123535E+01   -0.578899514675140381E+01   -0.710356670618057251E+01   -0.741710138320922852E+01   -0.932302707433700562E+01   -0.211029613018035889E+01   -0.565617976248191204E+06   -0.751975511231552041E+01    1
    0.850717652116120049E+00    0.441250717639923096E+03   -0.649833750724792480E+01   -0.124109464883804321E+01   -0.951400250196456909E+01   -0.941188544034957886E+01   -0.166363590955734253E+01   -0.244517689943313599E+01   -0.157089531421661377E+01   -0.565228644420469413E+06   -0.752075511231543548E+01    1
    0.964600769187212159E+00    0.256803590059280396E+03   -0.479402273893356323E+01   -0.295570158958435059E+01   -0.282530492544174194E+01   -0.216248655319213867E+01   -0.909110933542251587E+01   -0.637978118658065796E+01   -0.401821148395538330E+01   -0.564359456407333841E+06   -0.752175511231546334E+01    1
    0.970253628011584435E+00    0.392321914434432983E+03   -0.424853384494781494E+01   -0.995797622203826904E+01   -0.661166459321975708E+01   -0.626200753450393677E+01   -0.959902209043502808E+01   -0.779857480525970459E+01   -0.766572499275207520E+01   -0.564323033153863274E+06   -0.752275511231550986E+01    1
    0.964850887742757957E+00    0.455201673507690430E+03   -0.749616271257400513E+01   -0.233769381046295166E+01   -0.633207112550735474E+01   -0.315335893630981445E+01   -0.814050388336181641E+01   -0.769529688358306885E+01   -0.454160541296005249E+01   -0.563511850672511733E+06   -0.752375511231544980E+01    1
    0.959438539314508620E+00    0.357715946435928345E+03   -0.105120015144348145E+01   -0.965737354755401611E+01   -0.842206394672393799E+01   -0.807518780231475830E+01   -0.189938008785247803E+01   -0.964939022064208984E+01   -0.576036202907562256E+01   -0.563090482120357570E+06   -0.752475511231544392E+01    1
    0.860014564078509958E+00    0.272947055101394653E+03   -0.662237572669982910E+01   -0.810939240455627441E+01   -0.137428241968154907E+01   -0.999895715713500977E+01   -0.471467334032058716E+01   -0.909702682495117188E+01   -0.783959490060806274E+01   -0.562837407162535354E+06   -0.752575511231551975E+01    1
    0.859159197138726904E+00    0.367671430110931396E+03   -0.111546856164932251E+01   -0.593075954914093018E+01   -0.900254386663436890E+01   -0.867676329612731934E+01   -0.777440756559371948E+01   -0.180721777677536011E+01   -0.889532202482223511E+01   -0.558723181921196869E+06   -0.752675511231547034E+01    1
    0.961007547370970383E+00    0.427912217378616333E+03   -0.710911673307418823E+01   -0.629283201694488525E+01   -0.528679978847503662E+01   -0.215900343656539917E+01   -0.133481317758560181E+01   -0.882660973072052002E+01   -0.631798309087753296E+01   -0.556693943533996935E+06   -0.752775511231547156E+01    1
    0.954002848968207973E+00    0.366684877872467041E+03   -0.673703157901763916E+01   -0.203776222467422485E+01   -0.121907103061676025E+01   -0.741602152585983276E+01   -0.614348554611206055E+01   -0.460705614089965820E+01   -0.815685087442398071E+01   -0.555995381797544542E+06   -0.752875511231556516E+01    1
    0.965449416981339681E+00    0.282799988985061646E+03   -0.562518191337585449E+01   -0.455171895027160645E+01   -0.295062470436096191E+01   -0.197121983766555786E+01   -0.610856586694717407E+01   -0.955990636348724365E+01   -0.884538036584854126E+01   -0.555093465384064591E+06   -0.752975511231555572E+01    1
    0.964378161921858990E+00    0.307083958387374878E+03   -0.299090451002120972E+01   -0.735250735282897949E+01   -0.481983470916748047E+01   -0.777821469306945801E+01   -0.874150484800338745E+01   -0.618445736169815063E+01   -0.376117217540740967E+01   -0.554678556820338243E+06   -0.753075511231552142E+01    1
    0.864682356754124304E+00    0.282516586780548096E+03   -0.564520782232284546E+01   -0.330793410539627075E+01   -0.422794091701507568E+01   -0.704162967205047607E+01   -0.297140592336654663E+01   -0.456256687641143799E+01   -0.883563590049743652E+01   -0.554437676747170510E+06   -0.753175511231551020E+01    1
    0.957847207060754435E+00    0.424377351999282837E+03   -0.299996823072433472E+01   -0.853255861997604370E+01   -0.376552486419677734E+01   -0.705256986618041992E+01   -0.813637274503707886E+01   -0.165759396553039551E+01   -0.419310170412063599E+01   -0.553487411452126340E+06   -0.753275511231553363E+01    1
    0.862357630846381396E+00    0.246765565872192383E+03   -0.263554829359054565E+01   -0.669988834857940674E+01   -0.269792306423187256E+01   -0.487177783250808716E+01   -0.254469221830368042E+01   -0.701179546117782593E+01   -0.412382346391677856E+01   -0.553219383178714896E+06   -0.753375511231556594E+01    1
    0.951006744713366214E+00    0.431917828321456909E+03   -0.332337450981140137E+01   -0.953908812999725342E+01   -0.183848589658737183E+01   -0.725145673751831055E+01   -0.161306232213973999E+01   -0.129209417104721069E+01   -0.528671663999557495E+01   -0.553007573999496410E+06   -0.753475511231554584E+01    1
    0.857888895596623624E+00    0.350417280197143555E+03   -0.701700592041015625E+01   -0.296834659576416016E+01   -0.534504342079162598E+01   -0.438314050436019897E+01   -0.417435574531555176E+01   -0.138068270683288574E+01   -0.223633849620819092E+01   -0.552993282225447590E+06   -0.753575511231547779E+01    1
    0.860780459137380327E+00    0.313692384958267212E+03   -0.155001807212829590E+01   -0.992243158817291260E+01   -0.697000235319137573E+01   -0.464135032892227173E+01   -0.209214991331100464E+01   -0.185732573270797729E+01   -0.814837563037872314E+01   -0.550204548659558990E+06   -0.753675511231542838E+01    1
    0.855240720522523090E+00    0.349558615684509277E+03   -0.471489703655242920E+01   -0.616936242580413818E+01   -0.353653341531753540E+01   -0.996612316370010376E+01   -0.304062354564666748E+01   -0.304128551483154297E+01   -0.137644696235656738E+01   -0.550166677133897203E+06   -0.753775511231542872E+01    1
    0.862031916430592737E+00    0.316427540779113770E+03   -0.297388911247253418E+01   -0.620959395170211792E+01   -0.335518980026245117E+01   -0.252534329891204834E+01   -0.237943059206008911E+01   -0.425784969329833984E+01   -0.962557756900787354E+01   -0.549644248438178678E+06   -0.753875511231546458E+01    1
    0.959227214523375227E+00    0.309110063314437866E+03   -0.754816645383834839E+01   -0.941160863637924194E+01   -0.372620314359664917E+01   -0.739875239133834839E+01   -0.582203298807144165E+01   -0.966364026069641113E+01   -0.199960565567016602E+01   -0.548081296061935020E+06   -0.753975511231548090E+01    1
    0.856247322955727697E+00    0.498660951852798462E+03   -0.579811036586761475E+01   -0.550482422113418579E+01   -0.225949186086654663E+01   -0.444266891479492188E+01   -0.897471809387207031E+01   -0.873411214351654053E+01   -0.821205878257751465E+01   -0.547888360000464716E+06   -0.754075511231548479E+01    1
    0.863024194170534775E+00    0.215423756837844849E+03   -0.204374623298645020E+01   -0.270267057418823242E+01   -0.668569087982177734E+01   -0.558311897516250610E+01   -0.619018709659576416E+01   -0.707985490560531616E+01   -0.220974385738372803E+01   -0.547388891635837499E+06   -0.754175511231554108E+01    1
    0.960372708482086779E+00    0.323878449201583862E+03   -0.504871565103530884E+01   -0.604433929920196533E+01   -0.388839042186737061E+01   -0.323288536071777344E+01   -0.609072542190551758E+01   -0.712322783470153809E+01   -0.252777177095413208E+01   -0.546823773686484550E+06   -0.754275511231556717E+01    1
    0.859652146055996602E+00    0.368133163452148438E+03   -0.203430163860321045E+01   -0.272390240430831909E+01   -0.264466780424118042E+01   -0.316528403759002686E+01   -0.408407527208328247E+01   -0.721144193410873413E+01   -0.715020656585693359E+01   -0.546759432978449389E+06   -0.754375511231553642E+01    1
    0.960801639480650560E+00    0.256520223617553711E+03   -0.881883400678634644E+01   -0.653600591421127319E+01   -0.508240258693695068E+01   -0.494403493404388428E+01   -0.460169762372970581E+01   -0.597594189643859863E+01   -0.167250865697860718E+01   -0.546001466138898046E+06   -0.754475511231547902E+01    1
    0.953420887785852100E+00    0.463779324293136597E+03   -0.942336261272430420E+01   -0.449441945552825928E+01   -0.591306877136230469E+01   -0.814845341444015503E+01   -0.363549619913101196E+01   -0.583444678783416748E+01   -0.240478712320327759E+01   -0.545593218256594264E+06   -0.754575511231548557E+01    1
    0.849581810089767187E+00    0.476548802852630615E+03   -0.265806275606155396E+01   -0.839693593978881836E+01   -0.187708610296249390E+01   -0.589724427461624146E+01   -0.205240333080291748E+01   -0.123443579673767090E+01   -0.233909499645233154E+01   -0.543406359325858415E+06   -0.754675511231548679E+01    1
    0.858820011601925004E+00    0.490270608663558960E+03   -0.855079334974288940E+01   -0.944678902626037598E+01   -0.452798140048980713E+01   -0.295244377851486206E+01   -0.716510409116744995E+01   -0.125269198417663574E+01   -0.626090353727340698E+01   -0.543027626998361782E+06   -0.754775511231547114E+01    1
    0.966415616994738769E+00    0.278920960426330566E+03   -0.614970719814300537E+01   -0.893567425012588501E+01   -0.334898585081100464E+01   -0.765519946813583374E+01   -0.708136820793151855E+01   -0.859538453817367554E+01   -0.867164832353591919E+01   -0.542642212947115884E+06   -0.754875511231548124E+01    1
    0.945821643481671970E+00    0.485358679294586182E+03   -0.529973018169403076E+01   -0.488748806715011597E+01   -0.526813215017318726E+01   -0.628269058465957642E+01   -0.160249549150466919E+01   -0.352729266881942749E+01   -0.166376948356628418E+01   -0.542411744302181760E+06   -0.754975511231550289E+01    1
    0.865642548932075706E+00    0.276314622163772583E+03   -0.515894049406051636E+01   -0.969323360919952393E+01   -0.683481633663177490E+01   -0.956490439176559448E+01   -0.835397499799728394E+01   -0.367098987102508545E+01   -0.406687909364700317E+01   -0.542351838281092234E+06   -0.755075511231547303E+01    1
    0.859935739964246881E+00    0.253927958011627197E+03   -0.965287065505981445E+01   -0.342513376474380493E+01   -0.402969080209732056E+01   -0.731256443262100220E+01   -0.128954929113388062E+01   -0.391830188035964966E+01   -0.132100892066955566E+01   -0.538363263702427619E+06   -0.755175511231548047E+01    1
    0.953232346807837638E+00    0.431439518928527832E+03   -0.554650253057479858E+01   -0.642689472436904907E+01   -0.493517345190048218E+01   -0.577017408609390259E+01   -0.339310336112976074E+01   -0.778821611404418945E+01   -0.217462837696075439E+01   -0.536684462275821250E+06   -0.755275511231556074E+01    1
    0.959883622526407354E+00    0.443132609128952026E+03   -0.459092372655868530E+01   -0.941812050342559814E+01   -0.302403837442398071E+01   -0.742170029878616333E+01   -0.567488217353820801E+01   -0.585132753849029541E+01   -0.642835706472396851E+01   -0.535216486804226995E+06   -0.755375511231548025E+01    1
    0.957490370087564102E+00    0.333269345760345459E+03   -0.956508463621139526E+01   -0.623534959554672241E+01   -0.956291365623474121E+01   -0.827266812324523926E+01   -0.742217773199081421E+01   -0.156380462646484375E+01   -0.214314246177673340E+01   -0.534950647799696540E+06   -0.755475511231547614E+01    1
    0.861249923874557233E+00    0.424112188816070557E+03   -0.897003442049026489E+01   -0.533840602636337280E+01   -0.267275160551071167E+01   -0.962622398138046265E+01   -0.653541904687881470E+01   -0.750775146484375000E+01   -0.881148153543472290E+01   -0.533968814071704866E+06   -0.755575511231551467E+01    1
    0.863953187188446714E+00    0.323430377244949341E+03   -0.387429380416870117E+01   -0.126491320133209229E+01   -0.868767559528350830E+01   -0.530332273244857788E+01   -0.539300936460494995E+01   -0.186085444688796997E+01   -0.553035026788711548E+01   -0.533832472110398463E+06   -0.755675511231550256E+01    1
    0.865651992942989001E+00    0.359479123353958130E+03   -0.828788590431213379E+01   -0.863890123367309570E+01   -0.435897219181060791E+01   -0.514554232358932495E+01   -0.300569313764572144E+01   -0.908472192287445068E+01   -0.723574435710906982E+01   -0.533696657962808269E+06   -0.755775511231549757E+01    1
    0.963300603559613444E+00    0.368573635816574097E+03   -0.938808727264404297E+01   -0.110478585958480835E+01   -0.403458636999130249E+01   -0.978510302305221558E+01   -0.976940834522247314E+01   -0.869369608163833618E+01   -0.967797881364822388E+01   -0.533289489097931306E+06   -0.755875511231549346E+01    1
    0.864730310005366931E+00    0.217085653543472290E+03   -0.333370745182037354E+01   -0.503197062015533447E+01   -0.216791963577270508E+01   -0.882657539844512939E+01   -0.991453784704208374E+01   -0.673853737115859985E+01   -0.704181259870529175E+01   -0.533068817528761341E+06   -0.755975511231552844E+01    1
    0.966314764150500438E+00    0.397819530963897705E+03   -0.391961079835891724E+01   -0.716638028621673584E+01   -0.542420452833175659E+01   -0.168744319677352905E+01   -0.555909389257431030E+01   -0.502790385484695435E+01   -0.680765467882156372E+01   -0.532270563025724376E+06   -0.756075511231547104E+01    1
    0.959224949273944083E+00    0.294568324089050293E+03   -0.794150221347808838E+01   -0.588658571243286133E+01   -0.182605385780334473E+01   -0.511182749271392822E+01   -0.249637812376022339E+01   -0.739266216754913330E+01   -0.569635218381881714E+01   -0.530575881221027928E+06   -0.756175511231544117E+01    1
    0.959329796398580292E+00    0.342058873176574707E+03   -0.455616122484207153E+01   -0.295894759893417358E+01   -0.943670499324798584E+01   -0.449760055541992188E+01   -0.404310774803161621E+01   -0.524146616458892822E+01   -0.264776521921157837E+01   -0.530215246382435900E+06   -0.756275511231549391E+01    1
    0.866777351351201708E+00    0.324612641334533691E+03   -0.802650088071823120E+01   -0.638442730903625488E+01   -0.639319115877151489E+01   -0.232105714082717896E+01   -0.932843816280364990E+01   -0.668740749359130859E+01   -0.417018866539001465E+01   -0.529373114084014553E+06   -0.756375511231551023E+01    1
    0.859151722909927473E+00    0.306836014986038208E+03   -0.115532726049423218E+01   -0.188306421041488647E+01   -0.373860943317413330E+01   -0.273421818017959595E+01   -0.210969907045364380E+01   -0.769862389564514160E+01   -0.225702583789825439E+01   -0.528398917407785077E+06   -0.756475511231551501E+01    1
    0.870141629769623393E+00    0.442929959297180176E+03   -0.501913464069366455E+01   -0.684333288669586182E+01   -0.976799750328063965E+01   -0.103810936212539673E+01   -0.841855454444885254E+01   -0.992916178703308105E+01   -0.719407677650451660E+01   -0.528256116644380149E+06   -0.756575511231546471E+01    1
    0.862206045169472857E+00    0.485366296768188477E+03   -0.661926811933517456E+01   -0.603305310010910034E+01   -0.831326121091842651E+01   -0.115258282423019409E+01   -0.289941060543060303E+01   -0.230736017227172852E+01   -0.698659449815750122E+01   -0.527878763254369493E+06   -0.756675511231545794E+01    1
    0.854417274996221221E+00    0.491645812988281250E+03   -0.191329807043075562E+01   -0.764034110307693481E+01   -0.979756188392639160E+01   -0.571724015474319458E+01   -0.709414517879486084E+01   -0.100367784500122070E+01   -0.294109642505645752E+01   -0.526135932544243755E+06   -0.756775511231552311E+01    1
    0.860791249166071526E+00    0.277432012557983398E+03   -0.133041703701019287E+01   -0.309661036729812622E+01   -0.717521387338638306E+01   -0.315863001346588135E+01   -0.397534656524658203E+01   -0.203781372308731079E+01   -0.206987792253494263E+01   -0.525027757011538255E+06   -0.756875511231550568E+01    1
    0.959516258162141034E+00    0.266457271575927734E+03   -0.503609263896942139E+01   -0.475671482086181641E+01   -0.810661631822586060E+01   -0.548920464515686035E+01   -0.718667173385620117E+01   -0.896036130189895630E+01   -0.168105417490005493E+01   -0.524784651914591086E+06   -0.756975511231550158E+01    1
    0.862937140744328701E+00    0.340747791528701782E+03   -0.554280161857604980E+01   -0.670747041702270508E+01   -0.808584260940551758E+01   -0.411465460062026978E+01   -0.138731795549392700E+01   -0.953343564271926880E+01   -0.419407588243484497E+01   -0.524529398546384647E+06   -0.757075511231553033E+01    1
    0.963335610965073252E+00    0.310202062129974365E+03   -0.721852993965148926E+01   -0.246972554922103882E+01   -0.327758437395095825E+01   -0.156784242391586304E+01   -0.792900741100311279E+01   -0.477305537462234497E+01   -0.810712647438049316E+01   -0.522655586373417522E+06   -0.757175511231553777E+01    1
    0.870509760160267487E+00    0.422541004419326782E+03   -0.791028773784637451E+01   -0.416202133893966675E+01   -0.955851536989212036E+01   -0.774062943458557129E+01   -0.774587476253509521E+01   -0.617121690511703491E+01   -0.641440474987030029E+01   -0.520849454444430303E+06   -0.757275511231549547E+01    1
    0.965572769114613649E+00    0.235025966167449951E+03   -0.771972805261611938E+01   -0.287744277715682983E+01   -0.444225800037384033E+01   -0.310759776830673218E+01   -0.293786060810089111E+01   -0.458860200643539429E+01   -0.928103065490722656E+01   -0.518605996536143124E+06   -0.757375511231540877E+01    1
    0.869234982835471737E+00    0.203409427404403687E+03   -0.662240254878997803E+01   -0.700730007886886597E+01   -0.892844623327255249E+01   -0.723628187179565430E+01   -0.985237121582031250E+01   -0.963606983423233032E+01   -0.471443301439285278E+01   -0.518007020950441249E+06   -0.757475511231541798E+01    1
    0.954239638664782230E+00    0.469720381498336792E+03   -0.299681985378265381E+01   -0.393487954139709473E+01   -0.273192542791366577E+01   -0.107801955938339233E+01   -0.817257183790206909E+01   -0.283404785394668579E+01   -0.812114852666854858E+01   -0.517580684167532774E+06   -0.757575511231547516E+01    1
    0.959947224602222593E+00    0.294883805513381958E+03   -0.171650600433349609E+01   -0.606871145963668823E+01   -0.811675775051116943E+01   -0.553205347061157227E+01   -0.853329247236251831E+01   -0.904250502586364746E+01   -0.269190579652786255E+01   -0.516760281781864644E+06   -0.757675511231545062E+01    1
    0.955465302755534873E+00    0.415922152996063232E+03   -0.589345484972000122E+01   -0.301151299476623535E+01   -0.720585328340530396E+01   -0.529114872217178345E+01   -0.483379828929901123E+01   -0.504118669033050537E+01   -0.257938766479492188E+01   -0.516669785264450591E+06   -0.757775511231545629E+01    1
    0.942256239366173864E+00    0.456242853403091431E+03   -0.126320356130599976E+01   -0.862541455030441284E+01   -0.967027604579925537E+01   -0.282522714138031006E+01   -0.559703856706619263E+01   -0.892231631278991699E+01   -0.107895779609680176E+01   -0.515318827038003830E+06   -0.757875511231552146E+01    1
    0.968955837065756498E+00    0.275492757558822632E+03   -0.765827757120132446E+01   -0.318581473827362061E+01   -0.806022214889526367E+01   -0.188171935081481934E+01   -0.558741962909698486E+01   -0.987686622142791748E+01   -0.716106897592544556E+01   -0.514646073764649744E+06   -0.757975511231548094E+01    1
    0.955554949728190994E+00    0.373069322109222412E+03   -0.604550766944885254E+01   -0.151876336336135864E+01   -0.454797458648681641E+01   -0.748687958717346191E+01   -0.712085354328155518E+01   -0.120782721042633057E+01   -0.259190016984939575E+01   -0.514012389224853890E+06   -0.758075511231540933E+01    1
    0.868737831716358766E+00    0.234334063529968262E+03   -0.714384651184082031E+01   -0.946233832836151123E+01   -0.673465943336486816E+01   -0.796588402986526489E+01   -0.873985636234283447E+01   -0.674327307939529419E+01   -0.425013458728790283E+01   -0.511697420121872390E+06   -0.758175511231540522E+01    1
    0.960527511469781548E+00    0.353826260566711426E+03   -0.600287663936614990E+01   -0.546693426370620728E+01   -0.295595103502273560E+01   -0.611030393838882446E+01   -0.598821085691452026E+01   -0.313921028375625610E+01   -0.743788743019104004E+01   -0.511683599853008287E+06   -0.758275511231547661E+01    1
    0.967803941315174221E+00    0.316204380989074707E+03   -0.520255696773529053E+01   -0.816711729764938354E+01   -0.781921225786209106E+01   -0.696945035457611084E+01   -0.400905174016952515E+01   -0.702689468860626221E+01   -0.842969322204589844E+01   -0.510076628806617926E+06   -0.758375511231554267E+01    1
    0.855770121352136259E+00    0.389839977025985718E+03   -0.218541353940963745E+01   -0.601331526041030884E+01   -0.467285394668579102E+01   -0.573755681514739990E+01   -0.192949485778808594E+01   -0.331498563289642334E+01   -0.168347084522247314E+01   -0.509753073693326442E+06   -0.758475511231554300E+01    1
    0.869438581703424584E+00    0.308265578746795654E+03   -0.887055879831314087E+01   -0.330535542964935303E+01   -0.540143579244613647E+01   -0.892401629686355591E+01   -0.527188885211944580E+01   -0.605508315563201904E+01   -0.690901213884353638E+01   -0.509518396158670541E+06   -0.758575511231554245E+01    1
    0.964570084359169133E+00    0.214057278633117676E+03   -0.483894169330596924E+01   -0.880565577745437622E+01   -0.414648115634918213E+01   -0.542403930425643921E+01   -0.502160871028900146E+01   -0.151976597309112549E+01   -0.630728268623352051E+01   -0.508321811355461658E+06   -0.758675511231551436E+01    1
    0.961639070459961998E+00    0.473542171716690063E+03   -0.359695285558700562E+01   -0.321128767728805542E+01   -0.507868665456771851E+01   -0.584924399852752686E+01   -0.895217627286911011E+01   -0.421655762195587158E+01   -0.857467252016067505E+01   -0.505422379008276504E+06   -0.758775511231544630E+01    1
    0.950543167436063485E+00    0.499951630830764771E+03   -0.839909672737121582E+01   -0.747764152288436890E+01   -0.805006033182144165E+01   -0.732413870096206665E+01   -0.245114964246749878E+01   -0.399780684709548950E+01   -0.274472653865814209E+01   -0.505277404394269106E+06   -0.758875511231545197E+01    1
    0.955786399126589470E+00    0.354360985755920410E+03   -0.778752195835113525E+01   -0.941625905036926270E+01   -0.513263392448425293E+01   -0.515806341171264648E+01   -0.971304923295974731E+01   -0.285611653327941895E+01   -0.219256538152694702E+01   -0.502409927467947127E+06   -0.758975511231543987E+01    1
    0.871416188229739874E+00    0.472604578733444214E+03   -0.871137237548828125E+01   -0.981570380926132202E+01   -0.665292555093765259E+01   -0.214022207260131836E+01   -0.470764863491058350E+01   -0.538968342542648315E+01   -0.835821825265884399E+01   -0.501662141219600162E+06   -0.759075511231543931E+01    1
    0.868273477469444388E+00    0.220452755689620972E+03   -0.886270958185195923E+01   -0.862877267599105835E+01   -0.504287970066070557E+01   -0.251718455553054810E+01   -0.194542449712753296E+01   -0.608865314722061157E+01   -0.874943238496780396E+01   -0.501620782810956822E+06   -0.759175511231549294E+01    1
    0.857747618446111804E+00    0.487075275182723999E+03   -0.483175981044769287E+01   -0.338735914230346680E+01   -0.419325995445251465E+01   -0.508172935247421265E+01   -0.122559952735900879E+01   -0.114601516723632812E+01   -0.714594882726669312E+01   -0.501160102192475693E+06   -0.759275511231543465E+01    1
    0.957343347739219808E+00    0.428886359930038452E+03   -0.663587903976440430E+01   -0.870094984769821167E+01   -0.795043557882308960E+01   -0.491724717617034912E+01   -0.141321092844009399E+01   -0.970818316936492920E+01   -0.454982477426528931E+01   -0.500968933607441490E+06   -0.759375511231543676E+01    1
    0.859163815183460855E+00    0.323185402154922485E+03   -0.314299595355987549E+01   -0.420782381296157837E+01   -0.255094283819198608E+01   -0.968513977527618408E+01   -0.254301315546035767E+01   -0.179096198081970215E+01   -0.185741692781448364E+01   -0.500938363027015876E+06   -0.759475511231546108E+01    1
    0.963450810389042012E+00    0.209383815526962280E+03   -0.165112394094467163E+01   -0.748458147048950195E+01   -0.307637417316436768E+01   -0.481244844198226929E+01   -0.656787484884262085E+01   -0.548348671197891235E+01   -0.662171107530593872E+01   -0.500805186804796278E+06   -0.759575511231547740E+01    1
    0.959469979225695324E+00    0.375597786903381348E+03   -0.406003302335739136E+01   -0.879838055372238159E+01   -0.470882290601730347E+01   -0.840071731805801392E+01   -0.541912764310836792E+01   -0.736765861511230469E+01   -0.335629004240036011E+01   -0.500472691494889499E+06   -0.759675511231546352E+01    1
    0.959197591189027032E+00    0.218494170904159546E+03   -0.116259229183197021E+01   -0.591712588071823120E+01   -0.760406476259231567E+01   -0.474539428949356079E+01   -0.455971139669418335E+01   -0.814126187562942505E+01   -0.150621652603149414E+01   -0.500397858878108498E+06   -0.759775511231540079E+01    1
    0.868740042249620092E+00    0.210022699832916260E+03   -0.726649427413940430E+01   -0.426927644014358521E+01   -0.373811107873916626E+01   -0.881367611885070801E+01   -0.591774171590805054E+01   -0.885808438062667847E+01   -0.539464229345321655E+01   -0.500158478388513904E+06   -0.759875511231549883E+01    1
    0.958110731077909672E+00    0.344932502508163452E+03   -0.744607514142990112E+01   -0.835563743114471436E+01   -0.276348859071731567E+01   -0.768212348222732544E+01   -0.584248483180999756E+01   -0.764171063899993896E+01   -0.341453957557678223E+01   -0.498387476499002893E+06   -0.759975511231552758E+01    1
    0.959506890753865416E+00    0.385172164440155029E+03   -0.356815451383590698E+01   -0.235063439607620239E+01   -0.602753418684005737E+01   -0.841932165622711182E+01   -0.933936655521392822E+01   -0.210835260152816772E+01   -0.491300874948501587E+01   -0.498179803140980192E+06   -0.760075511231548084E+01    1
    0.963345547421515125E+00    0.219264912605285645E+03   -0.202741962671279907E+01   -0.734130430221557617E+01   -0.578930306434631348E+01   -0.970275223255157471E+01   -0.639629179239273071E+01   -0.151657897233963013E+01   -0.960495084524154663E+01   -0.497639154364367132E+06   -0.760175511231546697E+01    1
    0.952051232622563970E+00    0.385595059394836426E+03   -0.855231845378875732E+01   -0.874363666772842407E+01   -0.989786362648010254E+01   -0.494030076265335083E+01   -0.356566059589385986E+01   -0.608393031358718872E+01   -0.178683406114578247E+01   -0.497174707492406364E+06   -0.760275511231548151E+01    1
    0.967649762091815635E+00    0.462678366899490356E+03   -0.606476432085037231E+01   -0.541863626241683960E+01   -0.635255891084671021E+01   -0.428245306015014648E+01   -0.733800679445266724E+01   -0.805999630689620972E+01   -0.599913656711578369E+01   -0.497151295059301425E+06   -0.760375511231552359E+01    1
    0.859143646803260053E+00    0.391721206903457642E+03   -0.676527684926986694E+01   -0.671456646919250488E+01   -0.172156625986099243E+01   -0.863272571563720703E+01   -0.950452357530593872E+01   -0.254686105251312256E+01   -0.846808475255966187E+01   -0.497110302908177953E+06   -0.760475511231547596E+01    1
    0.869639707400500894E+00    0.203802496194839478E+03   -0.470303148031234741E+01   -0.829219728708267212E+01   -0.813841176033020020E+01   -0.350230789184570312E+01   -0.347006988525390625E+01   -0.985081607103347778E+01   -0.533975142240524292E+01   -0.497053762372457364E+06   -0.760575511231544610E+01    1
    0.867581493012786087E+00    0.244808983802795410E+03   -0.933206987380981445E+01   -0.887932854890823364E+01   -0.281928014755249023E+01   -0.253649163246154785E+01   -0.728597301244735718E+01   -0.979111117124557495E+01   -0.603159880638122559E+01   -0.497052950477168604E+06   -0.760675511231548018E+01    1
    0.959824966792345191E+00    0.311529451608657837E+03   -0.682882750034332275E+01   -0.201128882169723511E+01   -0.296327292919158936E+01   -0.897836107015609741E+01   -0.264551860094070435E+01   -0.661833202838897705E+01   -0.855877721309661865E+01   -0.497038818220745190E+06   -0.760775511231550894E+01    1
    0.954498719728946843E+00    0.342289561033248901E+03   -0.411844402551651001E+01   -0.646137666702270508E+01   -0.238020092248916626E+01   -0.957442784309387207E+01   -0.655198544263839722E+01   -0.905886596441268921E+01   -0.226275986433029175E+01   -0.496995304749080911E+06   -0.760875511231551460E+01    1
    0.967054504880190069E+00    0.344252651929855347E+03   -0.524319994449615479E+01   -0.954736596345901489E+01   -0.683307397365570068E+01   -0.500502622127532959E+01   -0.979552984237670898E+01   -0.444567888975143433E+01   -0.652515852451324463E+01   -0.495935061419598060E+06   -0.760975511231547230E+01    1
    0.865349883082866866E+00    0.269288003444671631E+03   -0.128316402435302734E+01   -0.272567480802536011E+01   -0.675763630867004395E+01   -0.186241978406906128E+01   -0.751835209131240845E+01   -0.434021228551864624E+01   -0.365758472681045532E+01   -0.495364993544944911E+06   -0.761075511231546376E+01    1
    0.962837474954903350E+00    0.237173396348953247E+03   -0.453198808431625366E+01   -0.809295743703842163E+01   -0.345200198888778687E+01   -0.538583123683929443E+01   -0.236372303962707520E+01   -0.418240666389465332E+01   -0.730923151969909668E+01   -0.494797849116033176E+06   -0.761175511231550495E+01    1
    0.865627370666563700E+00    0.423388493061065674E+03   -0.802339380979537964E+01   -0.508698004484176636E+01   -0.397990900278091431E+01   -0.744351255893707275E+01   -0.962460929155349731E+01   -0.494050782918930054E+01   -0.457894980907440186E+01   -0.493089889937803673E+06   -0.761275511231549196E+01    1
    0.962378964394927205E+00    0.498787033557891846E+03   -0.666666543483734131E+01   -0.189415407180786133E+01   -0.675362908840179443E+01   -0.991299235820770264E+01   -0.771569669246673584E+01   -0.971053010225296021E+01   -0.543475633859634399E+01   -0.492751282820650376E+06   -0.761375511231547719E+01    1
    0.959255557499349321E+00    0.253688848018646240E+03   -0.410090506076812744E+01   -0.635189586877822876E+01   -0.149703317880630493E+01   -0.290206277370452881E+01   -0.937894791364669800E+01   -0.905754363536834717E+01   -0.817710530757904053E+01   -0.492714143130175886E+06   -0.761475511231550328E+01    1
    0.963773898428678666E+00    0.282587879896163940E+03   -0.582477205991744995E+01   -0.756318145990371704E+01   -0.401723623275756836E+01   -0.947806680202484131E+01   -0.408032661676406860E+01   -0.395860904455184937E+01   -0.586658018827438354E+01   -0.490143316252153483E+06   -0.761575511231548941E+01    1
    0.960791845286250279E+00    0.278360646963119507E+03   -0.849044525623321533E+01   -0.863085621595382690E+01   -0.236236047744750977E+01   -0.988993340730667114E+01   -0.531222498416900635E+01   -0.446353596448898315E+01   -0.800121247768402100E+01   -0.490067338805958629E+06   -0.761675511231545155E+01    1
    0.861031562583983057E+00    0.308662170171737671E+03   -0.252061617374420166E+01   -0.946507793664932251E+01   -0.244396132230758667E+01   -0.593977016210556030E+01   -0.176518487930297852E+01   -0.935450708866119385E+01   -0.233391779661178589E+01   -0.488113335585248598E+06   -0.761775511231544922E+01    1
    0.872594796414435048E+00    0.393334949016571045E+03   -0.587192153930664062E+01   -0.723592299222946167E+01   -0.893129152059555054E+01   -0.261148190498352051E+01   -0.945112669467926025E+01   -0.718713843822479248E+01   -0.669798827171325684E+01   -0.487996532715782581E+06   -0.761875511231547176E+01    1
    0.957412902934313026E+00    0.327799803018569946E+03   -0.786256909370422363E+01   -0.648981237411499023E+01   -0.873471617698669434E+01   -0.222095227241516113E+01   -0.817155098915100098E+01   -0.564559459686279297E+01   -0.233850866556167603E+01   -0.485245763337717624E+06   -0.761975511231548897E+01    1
    0.862534823690772168E+00    0.369686037302017212E+03   -0.305356734991073608E+01   -0.530338120460510254E+01   -0.215898841619491577E+01   -0.584246498346328735E+01   -0.653763294219970703E+01   -0.706219953298568726E+01   -0.883267259597778320E+01   -0.485040458626205684E+06   -0.762075511231545732E+01    1
    0.872766408209502798E+00    0.246793657541275024E+03   -0.996131771802902222E+01   -0.547376048564910889E+01   -0.922185844182968140E+01   -0.420299208164215088E+01   -0.561897152662277222E+01   -0.944602513313293457E+01   -0.970594406127929688E+01   -0.484250842849451816E+06   -0.762175511231548164E+01    1
    0.965721925393581593E+00    0.343932825326919556E+03   -0.872153633832931519E+01   -0.970038813352584839E+01   -0.615998435020446777E+01   -0.150803291797637939E+01   -0.485689264535903931E+01   -0.849147897958755493E+01   -0.515811598300933838E+01   -0.483790014482949395E+06   -0.762275511231553615E+01    1
    0.863206092605531383E+00    0.421542257070541382E+03   -0.200224441289901733E+01   -0.853699982166290283E+01   -0.391221219301223755E+01   -0.745016121864318848E+01   -0.781870585680007935E+01   -0.673205876350402832E+01   -0.400564318895339966E+01   -0.479245967522567487E+06   -0.762375511231551695E+01    1
    0.956551944001972854E+00    0.264449030160903931E+03   -0.996027326583862305E+01   -0.479627525806427002E+01   -0.361458891630172729E+01   -0.567461448907852173E+01   -0.347933584451675415E+01   -0.739387077093124390E+01   -0.153130537271499634E+01   -0.478623934214652923E+06   -0.762475511231546932E+01    1
    0.966221407421529399E+00    0.360541278123855591E+03   -0.497591406106948853E+01   -0.620374459028244019E+01   -0.617435777187347412E+01   -0.143947404623031616E+01   -0.899739563465118408E+01   -0.774017077684402466E+01   -0.603382021188735962E+01   -0.478340799314623349E+06   -0.762575511231547409E+01    1
    0.870584031889200416E+00    0.308554756641387939E+03   -0.986027568578720093E+01   -0.539114093780517578E+01   -0.493011534214019775E+01   -0.998173093795776367E+01   -0.617959237098693848E+01   -0.637223559617996216E+01   -0.538429540395736694E+01   -0.475598613726555719E+06   -0.762675511231547443E+01    1
    0.855716324413955398E+00    0.398949992656707764E+03   -0.250867176055908203E+01   -0.913617259263992310E+01   -0.849473303556442261E+01   -0.139090138673782349E+01   -0.967199319601058960E+01   -0.656997662782669067E+01   -0.111379432678222656E+01   -0.474856143724892172E+06   -0.762775511231544545E+01    1
    0.867619312829375433E+00    0.268720716238021851E+03   -0.959608238935470581E+01   -0.653271484375000000E+01   -0.555931437015533447E+01   -0.742990839481353760E+01   -0.175523978471755981E+01   -0.210139173269271851E+01   -0.592287224531173706E+01   -0.472316557375774602E+06   -0.762875511231545111E+01    1
    0.943895448268532888E+00    0.480782401561737061E+03   -0.476181584596633911E+01   -0.255395817756652832E+01   -0.968030804395675659E+01   -0.272589153051376343E+01   -0.447265118360519409E+01   -0.108553671836853027E+01   -0.172271317243576050E+01   -0.471981987632080214E+06   -0.762975511231547276E+01    1
    0.954092911783754993E+00    0.444872629642486572E+03   -0.100573563575744629E+01   -0.414842844009399414E+01   -0.472865515947341919E+01   -0.100801068544387817E+01   -0.485956197977066040E+01   -0.834436410665512085E+01   -0.594922065734863281E+01   -0.471728208014308824E+06   -0.763075511231546333E+01    1
    0.862801565018713634E+00    0.277503323554992676E+03   -0.988329493999481201E+01   -0.782266801595687866E+01   -0.818611806631088257E+01   -0.358404016494750977E+01   -0.195593285560607910E+01   -0.672302722930908203E+01   -0.144663017988204956E+01   -0.471228449149456574E+06   -0.763175511231546189E+01    1
    0.967649039838373803E+00    0.416749739646911621E+03   -0.546457499265670776E+01   -0.960527539253234863E+01   -0.685715484619140625E+01   -0.152314984798431396E+01   -0.908288085460662842E+01   -0.698916244506835938E+01   -0.820744162797927856E+01   -0.469502017598919745E+06   -0.763275511231547910E+01    1
    0.954142451803922764E+00    0.393321931362152100E+03   -0.889095002412796021E+01   -0.314385586977005005E+01   -0.508383864164352417E+01   -0.785510772466659546E+01   -0.576868385076522827E+01   -0.144127863645553589E+01   -0.304094648361206055E+01   -0.468514367287560948E+06   -0.763375511231549275E+01    1
    0.957597799815416484E+00    0.416285091638565063E+03   -0.339252346754074097E+01   -0.391593295335769653E+01   -0.644193172454833984E+01   -0.426524078845977783E+01   -0.679303503036499023E+01   -0.225395685434341431E+01   -0.486898136138916016E+01   -0.466311160288503044E+06   -0.763475511231550819E+01    1
    0.866056629962146385E+00    0.396290689706802368E+03   -0.433478403091430664E+01   -0.625378656387329102E+01   -0.493919086456298828E+01   -0.240793389081954956E+01   -0.151896506547927856E+01   -0.881211131811141968E+01   -0.619617164134979248E+01   -0.463213828790439467E+06   -0.763575511231549875E+01    1
    0.861640980340361740E+00    0.329640781879425049E+03   -0.605929529666900635E+01   -0.405673122406005859E+01   -0.116197377443313599E+01   -0.490100479125976562E+01   -0.952730840444564819E+01   -0.476712179183959961E+01   -0.786631453037261963E+01   -0.461996475941654062E+06   -0.763675511231551596E+01    1
    0.861759287642777094E+00    0.479386955499649048E+03   -0.302026504278182983E+01   -0.452400636672973633E+01   -0.976351177692413330E+01   -0.542145043611526489E+01   -0.124523812532424927E+01   -0.255073684453964233E+01   -0.558984434604644775E+01   -0.460638736284067621E+06   -0.763775511231552340E+01    1
    0.960146938622117196E+00    0.262295377254486084E+03   -0.326711785793304443E+01   -0.899120402336120605E+01   -0.519382798671722412E+01   -0.250881069898605347E+01   -0.129318207502365112E+01   -0.621135187149047852E+01   -0.854706078767776489E+01   -0.459049063870482787E+06   -0.763875511231550419E+01    1
    0.868708667997837192E+00    0.335225552320480347E+03   -0.889537405967712402E+01   -0.205222791433334351E+01   -0.427368170022964478E+01   -0.165562844276428223E+01   -0.336133635044097900E+01   -0.911254394054412842E+01   -0.601002633571624756E+01   -0.456520047057555465E+06   -0.763975511231546101E+01    1
    0.954336716093301951E+00    0.371796435117721558E+03   -0.416843825578689575E+01   -0.803755265474319458E+01   -0.851991146802902222E+01   -0.546133327484130859E+01   -0.574902379512786865E+01   -0.768629646301269531E+01   -0.242860996723175049E+01   -0.455823706768826582E+06   -0.764075511231547644E+01    1
    0.871696805578351164E+00    0.326398903131484985E+03   -0.550456136465072632E+01   -0.414476078748703003E+01   -0.604475021362304688E+01   -0.846980834007263184E+01   -0.520816600322723389E+01   -0.722197604179382324E+01   -0.531663507223129272E+01   -0.454846257154770254E+06   -0.764175511231547855E+01    1
    0.960695982556700856E+00    0.289608061313629150E+03   -0.683857411146163940E+01   -0.842187243700027466E+01   -0.855444651842117310E+01   -0.528425812721252441E+01   -0.170616823434829712E+01   -0.361010587215423584E+01   -0.814561831951141357E+01   -0.453477459911317565E+06   -0.764275511231547000E+01    1
    0.861693420317530823E+00    0.457710415124893188E+03   -0.311035132408142090E+01   -0.358591020107269287E+01   -0.392524290084838867E+01   -0.820076131820678711E+01   -0.229812049865722656E+01   -0.148218500614166260E+01   -0.638384312391281128E+01   -0.452312266455696314E+06   -0.764375511231547122E+01    1
    0.866745615972697836E+00    0.426195353269577026E+03   -0.164601647853851318E+01   -0.793712592124938965E+01   -0.982546007633209229E+01   -0.788046693801879883E+01   -0.814099740982055664E+01   -0.563330149650573730E+01   -0.652629470825195312E+01   -0.451502011915630952E+06   -0.764475511231546090E+01    1
    0.858280225643277328E+00    0.424422949552536011E+03   -0.524793618917465210E+01   -0.795892584323883057E+01   -0.301944750547409058E+01   -0.457467597723007202E+01   -0.640266525745391846E+01   -0.429451924562454224E+01   -0.175726968050003052E+01   -0.450959792479251220E+06   -0.764575511231549054E+01    1
    0.866036297433436131E+00    0.370760512351989746E+03   -0.496478718519210815E+01   -0.671726208925247192E+01   -0.680572724342346191E+01   -0.345728164911270142E+01   -0.397056794166564941E+01   -0.812278735637664795E+01   -0.301502507925033569E+01   -0.448811248721412499E+06   -0.764675511231550775E+01    1
    0.959078999362528495E+00    0.202575278282165527E+03   -0.156009352207183838E+01   -0.510301804542541504E+01   -0.616485953330993652E+01   -0.351606333255767822E+01   -0.634175980091094971E+01   -0.456676721572875977E+01   -0.212001270055770874E+01   -0.448438868824185512E+06   -0.764775511231547700E+01    1
    0.868811490624189497E+00    0.343146973848342896E+03   -0.406459492444992065E+01   -0.612159281969070435E+01   -0.557082426548004150E+01   -0.778809326887130737E+01   -0.262179338932037354E+01   -0.994053274393081665E+01   -0.483890092372894287E+01   -0.447747467669209989E+06   -0.764875511231542937E+01    1
    0.869895560210645402E+00    0.385086119174957275E+03   -0.314723491668701172E+01   -0.251325404644012451E+01   -0.598992586135864258E+01   -0.587086045742034912E+01   -0.648343676328659058E+01   -0.703100866079330444E+01   -0.618279439210891724E+01   -0.447053785243402526E+06   -0.764975511231546612E+01    1
    0.868880566825970257E+00    0.242081735557158282E+03   -0.253769872313750700E+01   -0.707643403350115907E+01   -0.994610673088705255E+01   -0.568099931319629370E+01   -0.100059156300138064E+01   -0.495818530553159231E+01   -0.882616077902023832E+01   -0.446889346620463359E+06   -0.765075511231546823E+01    1
    0.955652038099944701E+00    0.325914764404296875E+03   -0.724433708190917969E+01   -0.961478221416473389E+01   -0.222010308504104614E+01   -0.320978242158889771E+01   -0.289364063739776611E+01   -0.845364642143249512E+01   -0.828162348270416260E+01   -0.446518664096899331E+06   -0.765175511231543748E+01    1
    0.868888738912761416E+00    0.360400944948196411E+03   -0.842567849159240723E+01   -0.339402657747268677E+01   -0.745163267850875854E+01   -0.421204239130020142E+01   -0.839871370792388916E+01   -0.196876668930053711E+01   -0.519378399848937988E+01   -0.446294230054323794E+06   -0.765275511231544669E+01    1
    0.859839461391806781E+00    0.452219611406326294E+03   -0.139915186166763306E+01   -0.821601021289825439E+01   -0.491046601533889771E+01   -0.839469683170318604E+01   -0.193611133098602295E+01   -0.126564759016036987E+01   -0.426446133852005005E+01   -0.446134882465277566E+06   -0.765375511231545591E+01    1
    0.957690598439455254E+00    0.361376553773880005E+03   -0.464480769634246826E+01   -0.601079130172729492E+01   -0.449026095867156982E+01   -0.744178307056427002E+01   -0.251252073049545288E+01   -0.486623102426528931E+01   -0.450039327144622803E+01   -0.445603761984866695E+06   -0.765475511231549088E+01    1
    0.955812498739600391E+00    0.318376791477203369E+03   -0.118166708946228027E+01   -0.716447591781616211E+01   -0.663273549079895020E+01   -0.111358940601348877E+01   -0.171368700265884399E+01   -0.526665639877319336E+01   -0.921982586383819580E+01   -0.444109041500646737E+06   -0.765575511231552497E+01    1
    0.959969756720960299E+00    0.320016604661941528E+03   -0.932496041059494019E+01   -0.352740424871444702E+01   -0.889058202505111694E+01   -0.220119833946228027E+01   -0.942043524980545044E+01   -0.880638855695724487E+01   -0.352763009071350098E+01   -0.443438033433683799E+06   -0.765675511231553330E+01    1
    0.955373576568424809E+00    0.296514087915420532E+03   -0.559301578998565674E+01   -0.767241978645324707E+01   -0.412484323978424072E+01   -0.328750532865524292E+01   -0.667164736986160278E+01   -0.129408705234527588E+01   -0.241172975301742554E+01   -0.442544158333352418E+06   -0.765775511231549633E+01    1
    0.956826225218117443E+00    0.365451651811599731E+03   -0.832111203670501709E+01   -0.439815765619277954E+01   -0.727364772558212280E+01   -0.670478338003158569E+01   -0.423895514011383057E+01   -0.891448479890823364E+01   -0.316308516263961792E+01   -0.442403712738092581E+06   -0.765875511231545225E+01    1
    0.867832268162369913E+00    0.496861332654953003E+03   -0.484994679689407349E+01   -0.732238614559173584E+01   -0.415507656335830688E+01   -0.434454137086868286E+01   -0.915158885717391968E+01   -0.890297222137451172E+01   -0.475025016069412231E+01   -0.442320988164958311E+06   -0.765975511231544459E+01    1
    0.862412489278257088E+00    0.450495433807373047E+03   -0.977811318635940552E+01   -0.916331279277801514E+01   -0.414990311861038208E+01   -0.434440082311630249E+01   -0.433789432048797607E+01   -0.840474385023117065E+01   -0.267573100328445435E+01   -0.441148178817400243E+06   -0.766075511231545558E+01    1
    0.858512123714268327E+00    0.390447604656219482E+03   -0.468430644273757935E+01   -0.956632488965988159E+01   -0.311588257551193237E+01   -0.499598073959350586E+01   -0.327527499198913574E+01   -0.410750114917755127E+01   -0.135129857063293457E+01   -0.440559650197722251E+06   -0.766175511231546658E+01    1
    0.864589569073319630E+00    0.278809148073196411E+03   -0.465215051174163818E+01   -0.119609200954437256E+01   -0.133162885904312134E+01   -0.347130048274993896E+01   -0.144809949398040771E+01   -0.845101892948150635E+01   -0.720622825622558594E+01   -0.439039949092677329E+06   -0.766275511231545714E+01    1
    0.952941606967806942E+00    0.478965187072753906E+03   -0.879252046346664429E+01   -0.180399107933044434E+01   -0.387946134805679321E+01   -0.648100024461746216E+01   -0.380104696750640869E+01   -0.246929532289505005E+01   -0.797208636999130249E+01   -0.438547924521028064E+06   -0.766375511231546280E+01    1
    0.958596965231282128E+00    0.300250172491921489E+03   -0.896888723366462415E+01   -0.834940244532414866E+01   -0.762438594874119335E+01   -0.530440567620374281E+01   -0.670464759921431597E+01   -0.346867114973971002E+01   -0.315173864914021440E+01   -0.437391267274681712E+06   -0.766475511231545870E+01    1
    0.876275837683260561E+00    0.393695992231369019E+03   -0.868797332048416138E+01   -0.974844527244567871E+01   -0.845457124710083008E+01   -0.110502350330352783E+01   -0.567993438243865967E+01   -0.887349689006805420E+01   -0.919659364223480225E+01   -0.437024789862970007E+06   -0.766575511231546969E+01    1
    0.964288427403330983E+00    0.213291633129119873E+03   -0.818416166305541992E+01   -0.355855649709701538E+01   -0.644999122619628906E+01   -0.882287502288818359E+01   -0.837232130765914917E+01   -0.360818380117416382E+01   -0.722446352243423462E+01   -0.435415589584270376E+06   -0.766675511231545936E+01    1
    0.868244356842003073E+00    0.258056732864272533E+03   -0.564719062922423021E+01   -0.396109493638220833E+01   -0.708555890660667309E+01   -0.748807166470865759E+01   -0.236206624189342929E+01   -0.825161845425683182E+01   -0.267658630309686174E+01   -0.434089330714565993E+06   -0.766775511231544105E+01    1
    0.965908671681225517E+00    0.391098701953887939E+03   -0.992255496978759766E+01   -0.431883776187896729E+01   -0.621966350078582764E+01   -0.760415381193161011E+01   -0.793986392021179199E+01   -0.922668749094009399E+01   -0.833374202251434326E+01   -0.433827115287219058E+06   -0.766875511231548135E+01    1
    0.865029487078786019E+00    0.272067469358444214E+03   -0.231150203943252563E+01   -0.354342079162597656E+01   -0.186908721923828125E+01   -0.151062554121017456E+01   -0.417509067058563232E+01   -0.428124177455902100E+01   -0.211256313323974609E+01   -0.432275136147485522E+06   -0.766975511231551899E+01    1
    0.868307324892103827E+00    0.286181664466857910E+03   -0.846472448110580444E+01   -0.226052236557006836E+01   -0.437601280212402344E+01   -0.683813798427581787E+01   -0.219167542457580566E+01   -0.117030578851699829E+01   -0.841602843999862671E+01   -0.431886217875996139E+06   -0.767075511231548024E+01    1
    0.956560293689489471E+00    0.263958936929702759E+03   -0.371609711647033691E+01   -0.610465198755264282E+01   -0.186794728040695190E+01   -0.178545272350311279E+01   -0.390366774797439575E+01   -0.714456909894943237E+01   -0.514183121919631958E+01   -0.431439015703647688E+06   -0.767175511231546281E+01    1
    0.952766132211148919E+00    0.263312041759490967E+03   -0.479481935501098633E+01   -0.242913407087326050E+01   -0.506959503889083862E+01   -0.471342772245407104E+01   -0.409529978036880493E+01   -0.301215726137161255E+01   -0.110113322734832764E+01   -0.428293354614706244E+06   -0.767275511231548890E+01    1
    0.956816244988739628E+00    0.298782145977020264E+03   -0.467903482913970947E+01   -0.702986121177673340E+01   -0.227374297380447388E+01   -0.513382643461227417E+01   -0.454684698581695557E+01   -0.860066044330596924E+01   -0.701588690280914307E+01   -0.428279603927974764E+06   -0.767375511231545282E+01    1
    0.869354406347751740E+00    0.274793773889541626E+03   -0.430244731903076172E+01   -0.290250855684280396E+01   -0.253261959552764893E+01   -0.148602753877639771E+01   -0.985519665479660034E+01   -0.515771311521530151E+01   -0.838229107856750488E+01   -0.427004288216889603E+06   -0.767475511231546914E+01    1
    0.961003717239081956E+00    0.313605302572250366E+03   -0.239629203081130981E+01   -0.550472122430801392E+01   -0.815553176403045654E+01   -0.432560712099075317E+01   -0.504452282190322876E+01   -0.870954793691635132E+01   -0.841383653879165649E+01   -0.426519549748723279E+06   -0.767575511231552099E+01    1
    0.869598615556955501E+00    0.265477496385574341E+03   -0.243185758590698242E+01   -0.790642267465591431E+01   -0.838445454835891724E+01   -0.313697814941406250E+01   -0.129329848289489746E+01   -0.897284752130508423E+01   -0.954960936307907104E+01   -0.426094541223720647E+06   -0.767675511231551422E+01    1
    0.865790468625605270E+00    0.492024540901184082E+03   -0.751240831613540649E+01   -0.630673444271087646E+01   -0.358618915081024170E+01   -0.401972371339797974E+01   -0.925449395179748535E+01   -0.226701760292053223E+01   -0.726463603973388672E+01   -0.425570727588072768E+06   -0.767775511231551899E+01    1
    0.955092916623138555E+00    0.292193559632436859E+03   -0.833155556138065023E+01   -0.266880721405743504E+01   -0.203061775698341940E+01   -0.465164458584208607E+01   -0.555963754296459278E+01   -0.242160982517906920E+01   -0.691594962682889758E+01   -0.424925595311937563E+06   -0.767875511231552466E+01    1
    0.859220457362473211E+00    0.434993624687194824E+03   -0.910851740837097168E+01   -0.967526173591613770E+01   -0.331102401018142700E+01   -0.773501932621002197E+01   -0.485910117626190186E+01   -0.559755408763885498E+01   -0.168776774406433105E+01   -0.423539277813454741E+06   -0.767975511231550367E+01    1
    0.956215527103364660E+00    0.393444293737411499E+03   -0.504323160648345947E+01   -0.787537288665771484E+01   -0.909628009796142578E+01   -0.423267287015914917E+01   -0.193279182910919189E+01   -0.589513230323791504E+01   -0.490941190719604492E+01   -0.423382254199541057E+06   -0.768075511231546848E+01    1
    0.858236157240092945E+00    0.473822301626205444E+03   -0.864391106367111206E+01   -0.834735208749771118E+01   -0.530499374866485596E+01   -0.444142222404479980E+01   -0.664710623025894165E+01   -0.566391354799270630E+01   -0.172898900508880615E+01   -0.422229536787321384E+06   -0.768175511231546793E+01    1
    0.949255203514337675E+00    0.495593917369842529E+03   -0.867327266931533813E+01   -0.319431197643280029E+01   -0.398277950286865234E+01   -0.216910034418106079E+01   -0.436949771642684937E+01   -0.206113392114639282E+01   -0.371186244487762451E+01   -0.422093038052832650E+06   -0.768275511231547270E+01    1
    0.867286507197976286E+00    0.225581747293472290E+03   -0.368250781297683716E+01   -0.137305235862731934E+01   -0.398336476087570190E+01   -0.382544809579849243E+01   -0.890642261505126953E+01   -0.985013639926910400E+01   -0.113610172271728516E+01   -0.421977112447021587E+06   -0.768375511231548636E+01    1
    0.962239405332148245E+00    0.256109684705734253E+03   -0.612040191888809204E+01   -0.581847262382507324E+01   -0.389571231603622437E+01   -0.319573622941970825E+01   -0.994218766689300537E+01   -0.896377950906753540E+01   -0.894561827182769775E+01   -0.421829135619596345E+06   -0.768475511231549113E+01    1
    0.958135123546421719E+00    0.284961742162704468E+03   -0.730908507108688354E+01   -0.605051857233047485E+01   -0.730914515256881714E+01   -0.497182047367095947E+01   -0.314807283878326416E+01   -0.192206782102584839E+01   -0.418174737691879272E+01   -0.420329382210841402E+06   -0.768575511231544350E+01    1
    0.858321448805630327E+00    0.431030124425888062E+03   -0.816632443666458130E+01   -0.529705387353897095E+01   -0.167294317483901978E+01   -0.728382992744445801E+01   -0.111797589063644409E+01   -0.888753718137741089E+01   -0.246951848268508911E+01   -0.417688779787886422E+06   -0.768675511231545272E+01    1
    0.956661442001044859E+00    0.218645197153091431E+03   -0.566345220804214478E+01   -0.748305583000183105E+01   -0.135328447818756104E+01   -0.183670490980148315E+01   -0.400549674034118652E+01   -0.983134645223617554E+01   -0.934058696031570435E+01   -0.417056105493104435E+06   -0.768775511231548325E+01    1
    0.870971345768988270E+00    0.276833862066268921E+03   -0.960632950067520142E+01   -0.234123325347900391E+01   -0.509955102205276489E+01   -0.578207880258560181E+01   -0.151099407672882080E+01   -0.796197283267974854E+01   -0.863169091939926147E+01   -0.416798871171754261E+06   -0.768875511231546938E+01    1
    0.956370548955738697E+00    0.294602513313293457E+03   -0.861626607179641724E+01   -0.248951381444931030E+01   -0.245489078760147095E+01   -0.642585080862045288E+01   -0.405217629671096802E+01   -0.743325740098953247E+01   -0.808523696660995483E+01   -0.414913014947626158E+06   -0.768975511231543685E+01    1
    0.874233863054752480E+00    0.460812658071517944E+03   -0.620534211397171021E+01   -0.747196060419082642E+01   -0.762042355537414551E+01   -0.180159157514572144E+01   -0.749161368608474731E+01   -0.748131722211837769E+01   -0.516659551858901978E+01   -0.414539608492185595E+06   -0.769075511231544340E+01    1
    0.870853662610708401E+00    0.489712106501885557E+03   -0.948560949211466919E+01   -0.993868857286714835E+01   -0.658011527644835592E+01   -0.492918008167347477E+01   -0.230850856043657249E+01   -0.711817528527930854E+01   -0.583536559873969995E+01   -0.413963189731837658E+06   -0.769175511231545173E+01    1
    0.856927707584381304E+00    0.438098335266113281E+03   -0.157980293035507202E+01   -0.118030506372451782E+01   -0.552440166473388672E+01   -0.728178232908248901E+01   -0.533519166707992554E+01   -0.481616276502609253E+01   -0.121218633651733398E+01   -0.413899032899316458E+06   -0.769275511231545561E+01    1
    0.875254735465049949E+00    0.256584507226943970E+03   -0.398970657587051392E+01   -0.759741342067718506E+01   -0.959650295972824097E+01   -0.728838700056076050E+01   -0.572641491889953613E+01   -0.873075026273727417E+01   -0.880980300903320312E+01   -0.412246489372772863E+06   -0.769375511231547549E+01    1
    0.958336347732603677E+00    0.229854273796081543E+03   -0.505931842327117920E+01   -0.737178277969360352E+01   -0.351945579051971436E+01   -0.934243768453598022E+01   -0.687373679876327515E+01   -0.884291595220565796E+01   -0.303338319063186646E+01   -0.412015664099090616E+06   -0.769475511231549714E+01    1
    0.874648250495374313E+00    0.332179009914398193E+03   -0.794997155666351318E+01   -0.446579492092132568E+01   -0.607380390167236328E+01   -0.159918189048767090E+01   -0.482440841197967529E+01   -0.433686274290084839E+01   -0.670734167098999023E+01   -0.411350972890704928E+06   -0.769575511231547083E+01    1
    0.866641283180058175E+00    0.315371841192245483E+03   -0.900967317819595337E+01   -0.864727455377578735E+01   -0.151815718412399292E+01   -0.832343375682830811E+01   -0.738772422075271606E+01   -0.788459861278533936E+01   -0.550272244215011597E+01   -0.409406755415466381E+06   -0.769675511231543208E+01    1
    0.874514775870680938E+00    0.328714883327484131E+03   -0.777497136592864990E+01   -0.174968922138214111E+01   -0.838161730766296387E+01   -0.290573740005493164E+01   -0.904322063922882080E+01   -0.985630708932876587E+01   -0.596187639236450195E+01   -0.409285351666368137E+06   -0.769775511231543863E+01    1
    0.870713928076386590E+00    0.243225443363189697E+03   -0.216946780681610107E+01   -0.396370148658752441E+01   -0.570385432243347168E+01   -0.287878656387329102E+01   -0.180650109052658081E+01   -0.315874963998794556E+01   -0.521129345893859863E+01   -0.409206803423349396E+06   -0.769875511231545140E+01    1
    0.871744135065257719E+00    0.266530817747116089E+03   -0.487625873088836670E+01   -0.590178954601287842E+01   -0.757092446088790894E+01   -0.272330319881439209E+01   -0.527889692783355713E+01   -0.120531076192855835E+01   -0.975321424007415771E+01   -0.408691388687540777E+06   -0.769975511231545084E+01    1
    0.954389768891573120E+00    0.413694721460342407E+03   -0.764755034446716309E+01   -0.205316507816314697E+01   -0.627264785766601562E+01   -0.224842935800552368E+01   -0.582049983739852905E+01   -0.335859996080398560E+01   -0.368342781066894531E+01   -0.405922927972797886E+06   -0.770075511231543874E+01    1
    0.956705225880146171E+00    0.255607199668884277E+03   -0.209263378381729126E+01   -0.955853521823883057E+01   -0.813517701625823975E+01   -0.149735826253890991E+01   -0.625124436616897583E+01   -0.306692206859588623E+01   -0.305587834119796753E+01   -0.405862628193075536E+06   -0.770175511231543553E+01    1
    0.950886040842712110E+00    0.467440646886825562E+03   -0.234745007753372192E+01   -0.104152810573577881E+01   -0.871914917230606079E+01   -0.927014195919036865E+01   -0.767291277647018433E+01   -0.227534425258636475E+01   -0.992383223772048950E+01   -0.404425746661355486E+06   -0.770275511231548027E+01    1
    0.955629330889463557E+00    0.260617387294769287E+03   -0.208298909664154053E+01   -0.996681302785873413E+01   -0.401231759786605835E+01   -0.162642186880111694E+01   -0.856373018026351929E+01   -0.987233972549438477E+01   -0.259009182453155518E+01   -0.404086208073283429E+06   -0.770375511231550814E+01    1
    0.955306505487442115E+00    0.415786880254745483E+03   -0.545341163873672485E+01   -0.966847681999206543E+01   -0.367154991626739502E+01   -0.542483484745025635E+01   -0.993501973152160645E+01   -0.290586775541305542E+01   -0.998334133625030518E+01   -0.400834164918717637E+06   -0.770475511231546850E+01    1
    0.955852244565367881E+00    0.385460233688354492E+03   -0.994098603725433350E+01   -0.950127112865447998E+01   -0.885913527011871338E+01   -0.365755683183670044E+01   -0.834915077686309814E+01   -0.301347637176513672E+01   -0.381351441144943237E+01   -0.400314080124571454E+06   -0.770575511231545285E+01    1
    0.948476439212322386E+00    0.364842021465301514E+03   -0.789285713434219360E+01   -0.884734374284744263E+01   -0.161689680814743042E+01   -0.902385079860687256E+01   -0.720983797311782837E+01   -0.125176823139190674E+01   -0.689619332551956177E+01   -0.399725758541215211E+06   -0.770675511231544075E+01    1
    0.957350942343592859E+00    0.358703517913818359E+03   -0.834329015016555786E+01   -0.485540294647216797E+01   -0.775957441329956055E+01   -0.292103993892669678E+01   -0.190509641170501709E+01   -0.711510396003723145E+01   -0.664803481101989746E+01   -0.398626661248088523E+06   -0.770775511231542598E+01    1
    0.870038861859441015E+00    0.323562216758728027E+03   -0.843368756771087646E+01   -0.412818366289138794E+01   -0.302603822946548462E+01   -0.406560397148132324E+01   -0.873506057262420654E+01   -0.480277478694915771E+01   -0.404254180192947388E+01   -0.398467197695809242E+06   -0.770875511231547961E+01    1
    0.870974989865899274E+00    0.210229372978210449E+03   -0.676649403572082520E+01   -0.639903408288955688E+01   -0.245209378004074097E+01   -0.148802900314331055E+01   -0.229703420400619507E+01   -0.128695237636566162E+01   -0.429542207717895508E+01   -0.396906531029224338E+06   -0.770975511231549593E+01    1
    0.956591361530721329E+00    0.251614212989807129E+03   -0.321747821569442749E+01   -0.321494621038436890E+01   -0.660494244098663330E+01   -0.702200555801391602E+01   -0.387670832872390747E+01   -0.447553616762161255E+01   -0.293981057405471802E+01   -0.395815643773446733E+06   -0.771075511231544208E+01    1
    0.951370038194596868E+00    0.403510212898254395E+03   -0.155057811737060547E+01   -0.873635822534561157E+01   -0.306164079904556274E+01   -0.303819078207015991E+01   -0.451170843839645386E+01   -0.960152995586395264E+01   -0.682431012392044067E+01   -0.394704718139872246E+06   -0.771175511231548150E+01    1
    0.959332017875075493E+00    0.339729464054107666E+03   -0.829246658086776733E+01   -0.411782282590866089E+01   -0.418130159378051758E+01   -0.911111325025558472E+01   -0.779066711664199829E+01   -0.541565418243408203E+01   -0.597111606597900391E+01   -0.392450791231829906E+06   -0.771275511231553867E+01    1
    0.950159322561442976E+00    0.281428164243698120E+03   -0.141609376668930054E+01   -0.100013089179992676E+01   -0.100756597518920898E+01   -0.680858647823333740E+01   -0.398043739795684814E+01   -0.493325245380401611E+01   -0.514749068021774292E+01   -0.392064128399926005E+06   -0.771375511231548394E+01    1
    0.862329824088871599E+00    0.431539601087570190E+03   -0.173757958412170410E+01   -0.353937870264053345E+01   -0.175480258464813232E+01   -0.202806389331817627E+01   -0.944919496774673462E+01   -0.330225425958633423E+01   -0.917058050632476807E+01   -0.389794569981027977E+06   -0.771475511231543987E+01    1
    0.946869655112207109E+00    0.347799408435821533E+03   -0.999725556373596191E+01   -0.565092468261718750E+01   -0.140454363822937012E+01   -0.327199143171310425E+01   -0.111201870441436768E+01   -0.183070319890975952E+01   -0.738139474391937256E+01   -0.388059752862325462E+06   -0.771575511231547662E+01    1
    0.951086717867195786E+00    0.468331301212310791E+03   -0.599202388525009155E+01   -0.395594990253448486E+01   -0.461110949516296387E+01   -0.894222420454025269E+01   -0.863106220960617065E+01   -0.569492793083190918E+01   -0.335338950157165527E+01   -0.387538967109697754E+06   -0.771675511231547961E+01    1
    0.867890945782900047E+00    0.372158801555633545E+03   -0.875585573911666870E+01   -0.145517891645431519E+01   -0.853169655799865723E+01   -0.613931363821029663E+01   -0.109316706657409668E+01   -0.142114061117172241E+01   -0.515356212854385376E+01   -0.387053631732479203E+06   -0.771775511231546396E+01    1
    0.875641119169950688E+00    0.469642525911331177E+03   -0.546470534801483154E+01   -0.658163297176361084E+01   -0.895993858575820923E+01   -0.536325937509536743E+01   -0.809577375650405884E+01   -0.372531533241271973E+01   -0.933505088090896606E+01   -0.383150416669557453E+06   -0.771875511231544653E+01    1
    0.866222157319128661E+00    0.417131114006042480E+03   -0.766984647512435913E+01   -0.182111269235610962E+01   -0.633334571123123169E+01   -0.788502347469329834E+01   -0.388147300481796265E+01   -0.279869365692138672E+01   -0.272318196296691895E+01   -0.382135424216857762E+06   -0.771975511231544687E+01    1
    0.876667419424295602E+00    0.250682592391967773E+03   -0.589229184389114380E+01   -0.297510790824890137E+01   -0.815542554855346680E+01   -0.725659102201461792E+01   -0.497855389118194580E+01   -0.466156613826751709E+01   -0.922208857536315918E+01   -0.382043863915056747E+06   -0.772075511231548539E+01    1
    0.872190301657319256E+00    0.218627226352691650E+03   -0.262527275085449219E+01   -0.581614875793457031E+01   -0.220510256290435791E+01   -0.633289188146591187E+01   -0.529260140657424927E+01   -0.971585589647293091E+01   -0.425479197502136230E+01   -0.380889944975793362E+06   -0.772175511231551859E+01    1
    0.953214990838766263E+00    0.334413450956344604E+03   -0.557991158962249756E+01   -0.386747938394546509E+01   -0.410940068960189819E+01   -0.722587436437606812E+01   -0.104462391138076782E+01   -0.339921450614929199E+01   -0.770688617229461670E+01   -0.380844827292227070E+06   -0.772275511231550116E+01    1
    0.862138109573006739E+00    0.430190825462341309E+03   -0.285688793659210205E+01   -0.631496131420135498E+01   -0.188486611843109131E+01   -0.709067440032958984E+01   -0.935732179880142212E+01   -0.470230352878570557E+01   -0.265715026855468750E+01   -0.379932075604493613E+06   -0.772375511231545087E+01    1
    0.870032624216079853E+00    0.235299676656723022E+03   -0.636212527751922607E+01   -0.761192899942398071E+01   -0.284098672866821289E+01   -0.324584579467773438E+01   -0.252252107858657837E+01   -0.292677074670791626E+01   -0.202553832530975342E+01   -0.379539271053975390E+06   -0.772475511231544321E+01    1
    0.949449621008992328E+00    0.393377059698104858E+03   -0.859432613849639893E+01   -0.844150942564010620E+01   -0.282044154405593872E+01   -0.352298933267593384E+01   -0.218227642774581909E+01   -0.869093447923660278E+01   -0.393111693859100342E+01   -0.378890610081013176E+06   -0.772575511231548528E+01    1
    0.956932987408697810E+00    0.216603124141693115E+03   -0.880057889223098755E+01   -0.313065242767333984E+01   -0.376680052280426025E+01   -0.187589734792709351E+01   -0.132154804468154907E+01   -0.908866745233535767E+01   -0.587518900632858276E+01   -0.377660714519104746E+06   -0.772675511231551848E+01    1
    0.957986503485918184E+00    0.230005300045013428E+03   -0.292340135574340820E+01   -0.101740592718124390E+01   -0.913650840520858765E+01   -0.702650845050811768E+01   -0.454253077507019043E+01   -0.373110729455947876E+01   -0.453806114196777344E+01   -0.376985626235960401E+06   -0.772775511231547796E+01    1
    0.873129417166650490E+00    0.309561854600906372E+03   -0.353853487968444824E+01   -0.149825090169906616E+01   -0.388982915878295898E+01   -0.545714527368545532E+01   -0.916780227422714233E+01   -0.789507317543029785E+01   -0.812922948598861694E+01   -0.376887665752730798E+06   -0.772875511231547740E+01    1
    0.869464484338224097E+00    0.401054829359054565E+03   -0.779141920804977417E+01   -0.967640489339828491E+01   -0.491047191619873047E+01   -0.500330531597137451E+01   -0.492847329378128052E+01   -0.573528766632080078E+01   -0.305345469713211060E+01   -0.376839533272086992E+06   -0.772975511231549905E+01    1
    0.864966826121091992E+00    0.453506481647491455E+03   -0.710403931140899658E+01   -0.789116144180297852E+01   -0.979755920171737671E+01   -0.734538340568542480E+01   -0.882266527414321899E+01   -0.759952539205551147E+01   -0.232262033224105835E+01   -0.376380525925044785E+06   -0.773075511231545232E+01    1
    0.960527883539736393E+00    0.370895409584045410E+03   -0.874654847383499146E+01   -0.314363592863082886E+01   -0.718470406532287598E+01   -0.763288670778274536E+01   -0.922722822427749634E+01   -0.485051757097244263E+01   -0.596782821416854858E+01   -0.375988121245245391E+06   -0.773175511231542423E+01    1
    0.861652623941302487E+00    0.484979522228240967E+03   -0.679474681615829468E+01   -0.842979031801223755E+01   -0.153667783737182617E+01   -0.910981398820877075E+01   -0.918621832132339478E+01   -0.756677830219268799E+01   -0.903836047649383545E+01   -0.375950948460625776E+06   -0.773275511231542900E+01    1
    0.872662020700693319E+00    0.277900451421737671E+03   -0.109015923738479614E+01   -0.334090757369995117E+01   -0.715881592035293579E+01   -0.130077165365219116E+01   -0.760954183340072632E+01   -0.461364847421646118E+01   -0.661630964279174805E+01   -0.375656881775109272E+06   -0.773375511231546753E+01    1
    0.961661460316658223E+00    0.238934749364852905E+03   -0.437501823902130127E+01   -0.653866022825241089E+01   -0.862528902292251587E+01   -0.958990257978439331E+01   -0.571715646982192993E+01   -0.656517869234085083E+01   -0.803834497928619385E+01   -0.373179191981108510E+06   -0.773475511231546520E+01    1
    0.963632293517515448E+00    0.405253411040802860E+03   -0.637005720085578542E+01   -0.804595003263063901E+01   -0.853781656759173657E+01   -0.889011563432116070E+01   -0.763010678571146173E+01   -0.612631581627327115E+01   -0.837617186207497433E+01   -0.372203881428669789E+06   -0.773575511231545843E+01    1
    0.955070241066098391E+00    0.236103516817092896E+03   -0.237613469362258911E+01   -0.133281064033508301E+01   -0.337682557106018066E+01   -0.309609162807464600E+01   -0.706493806838989258E+01   -0.129624408483505249E+01   -0.382093018293380737E+01   -0.371857089011020202E+06   -0.773675511231546764E+01    1
    0.873803170195520118E+00    0.213426655530929565E+03   -0.134100049734115601E+01   -0.231387418508529663E+01   -0.406377577781677246E+01   -0.152869075536727905E+01   -0.873868101835250854E+01   -0.555714821815490723E+01   -0.467956161499023438E+01   -0.371628344662985415E+06   -0.773775511231543600E+01    1
    0.954349289869129813E+00    0.356298828125000000E+03   -0.944917082786560059E+01   -0.738776177167892456E+01   -0.278907901048660278E+01   -0.836020576953887939E+01   -0.762702554464340210E+01   -0.970437765121459961E+01   -0.956301665306091309E+01   -0.369872115444933472E+06   -0.773875511231547808E+01    1
    0.871992229122519613E+00    0.268613678216934204E+03   -0.448285377025604248E+01   -0.602586531639099121E+01   -0.445780086517333984E+01   -0.916297644376754761E+01   -0.274039369821548462E+01   -0.778845804929733276E+01   -0.296294462680816650E+01   -0.369820998104369151E+06   -0.773975511231549884E+01    1
    0.870630759498238760E+00    0.465531021356582642E+03   -0.542303991317749023E+01   -0.233249247074127197E+01   -0.350721955299377441E+01   -0.686471277475357056E+01   -0.567779451608657837E+01   -0.842722505331039429E+01   -0.857636231184005737E+01   -0.369375849720466475E+06   -0.774075511231544855E+01    1
    0.868728322046041668E+00    0.473852378129959106E+03   -0.788604164123535156E+01   -0.239239048957824707E+01   -0.396417516469955444E+01   -0.388069355487823486E+01   -0.174891245365142822E+01   -0.776450270414352417E+01   -0.710567706823348999E+01   -0.369033223401687923E+06   -0.774175511231544800E+01    1
    0.870377686269521833E+00    0.464718651771545410E+03   -0.639167839288711548E+01   -0.695248591899871826E+01   -0.857745665311813354E+01   -0.715082401037216187E+01   -0.648961657285690308E+01   -0.160139632225036621E+01   -0.565780133008956909E+01   -0.368186356694730173E+06   -0.774275511231546876E+01    1
    0.863343036235392214E+00    0.355452001094818115E+03   -0.656115806102752686E+01   -0.532893782854080200E+01   -0.457442170381546021E+01   -0.525122672319412231E+01   -0.721486604213714600E+01   -0.652780586481094360E+01   -0.100713360309600830E+01   -0.367555932500568102E+06   -0.774375511231545843E+01    1
    0.868383621119320548E+00    0.440557420253753662E+03   -0.635446006059646606E+01   -0.362902563810348511E+01   -0.301034516096115112E+01   -0.693704390525817871E+01   -0.456820112466812134E+01   -0.670677733421325684E+01   -0.404041373729705811E+01   -0.367443315617314947E+06   -0.774475511231547209E+01    1
    0.945697273627639001E+00    0.326161885261535645E+03   -0.711439532041549683E+01   -0.171031600236892700E+01   -0.199330890178680420E+01   -0.426806998252868652E+01   -0.177916026115417480E+01   -0.643066751956939697E+01   -0.163213336467742920E+01   -0.367250009026621643E+06   -0.774575511231547420E+01    1
    0.953952674240470033E+00    0.256806308031082153E+03   -0.832749354839324951E+01   -0.151209002733230591E+01   -0.759993362426757812E+01   -0.242968446016311646E+01   -0.436387366056442261E+01   -0.503603845834732056E+01   -0.230454063415527344E+01   -0.367096857981349691E+06   -0.774675511231546743E+01    1
    0.872266718260109597E+00    0.312907910346984863E+03   -0.283689206838607788E+01   -0.564430606365203857E+01   -0.804238009452819824E+01   -0.470860296487808228E+01   -0.202935725450515747E+01   -0.776306933164596558E+01   -0.462937802076339722E+01   -0.366944014034257038E+06   -0.774775511231549352E+01    1
    0.954600513691306274E+00    0.229352915287017822E+03   -0.981484979391098022E+01   -0.460300278663635254E+01   -0.168161475658416748E+01   -0.315640002489089966E+01   -0.693591898679733276E+01   -0.998424845933914185E+01   -0.599939459562301636E+01   -0.365852870751638198E+06   -0.774875511231550007E+01    1
    0.950613477714300270E+00    0.394779908657073975E+03   -0.392907309532165527E+01   -0.156765788793563843E+01   -0.509053665399551392E+01   -0.991811215877532959E+01   -0.304235410690307617E+01   -0.357647365331649780E+01   -0.356786751747131348E+01   -0.364224888798665721E+06   -0.774975511231547287E+01    1
    0.951159074530184445E+00    0.297310382127761841E+03   -0.902707213163375854E+01   -0.773495066165924072E+01   -0.283396577835083008E+01   -0.678767329454421997E+01   -0.842906075716018677E+01   -0.123907601833343506E+01   -0.278225439786911011E+01   -0.363455998493494990E+06   -0.775075511231549452E+01    1
    0.870676535045922018E+00    0.402408987283706665E+03   -0.446196633577346802E+01   -0.282597494125366211E+01   -0.344295972585678101E+01   -0.182879400253295898E+01   -0.309218525886535645E+01   -0.681426310539245605E+01   -0.516099774837493896E+01   -0.363439896581464331E+06   -0.775175511231548953E+01    1
    0.872737353923320969E+00    0.298186802864074707E+03   -0.486043369770050049E+01   -0.765562218427658081E+01   -0.251199930906295776E+01   -0.120797258615493774E+01   -0.493684768676757812E+01   -0.774541664123535156E+01   -0.622511160373687744E+01   -0.363020906744968263E+06   -0.775275511231547920E+01    1
    0.871978484420657285E+00    0.408782130479812622E+03   -0.720637953281402588E+01   -0.166866612434387207E+01   -0.650080299377441406E+01   -0.901219552755355835E+01   -0.501297843456268311E+01   -0.188957500457763672E+01   -0.942933267354965210E+01   -0.362775547425861820E+06   -0.775375511231551684E+01    1
    0.953020571167966901E+00    0.420211438722031517E+03   -0.877586564517503120E+01   -0.315349896621624470E+01   -0.837264841330235932E+01   -0.757827023205374672E+01   -0.296651128834743893E+01   -0.522273505634199786E+01   -0.418365561470429093E+01   -0.362557990463233553E+06   -0.775475511231549230E+01    1
    0.956537925719261328E+00    0.276034402847290039E+03   -0.831581896543502808E+01   -0.767138445377349854E+01   -0.888438612222671509E+01   -0.204598212242126465E+01   -0.595258843898773193E+01   -0.162747275829315186E+01   -0.499891829490661621E+01   -0.361792335467471043E+06   -0.775575511231545356E+01    1
    0.875183694390032518E+00    0.259612686405568354E+03   -0.546902054051171760E+01   -0.552040777310855635E+01   -0.731845805682401895E+01   -0.620102190459256963E+01   -0.684936292861572404E+01   -0.327675427864443503E+01   -0.387209010047554258E+01   -0.360841822372476163E+06   -0.775675511231547876E+01    1
    0.874365006770611020E+00    0.335758900642395020E+03   -0.779742681980133057E+01   -0.767759162187576294E+01   -0.631941699981689453E+01   -0.334931790828704834E+01   -0.165677481889724731E+01   -0.966965430974960327E+01   -0.640851300954818726E+01   -0.358646017893118726E+06   -0.775775511231548087E+01    1
    0.871985378658056476E+00    0.355534255504608154E+03   -0.697387653589248657E+01   -0.238640648126602173E+01   -0.964606642723083496E+01   -0.162763422727584839E+01   -0.365222352743148804E+01   -0.781691843271255493E+01   -0.331190270185470581E+01   -0.357849592104705051E+06   -0.775875511231546078E+01    1
    0.950723708910048204E+00    0.386335724592208862E+03   -0.478253805637359619E+01   -0.257758414745330811E+01   -0.396157234907150269E+01   -0.749713045358657837E+01   -0.381925809383392334E+01   -0.853755772113800049E+01   -0.336084604263305664E+01   -0.357762455991401745E+06   -0.775975511231544957E+01    1
    0.867346629210736464E+00    0.358540961694545501E+03   -0.866305217124375204E+01   -0.774524874381595296E+01   -0.286489916997709670E+01   -0.787981219071987660E+01   -0.334506317234501438E+01   -0.503740073539755162E+01   -0.222210533343538863E+01   -0.357373914078536152E+06   -0.776075511231550053E+01    1
    0.948167019271910383E+00    0.325779098272323608E+03   -0.689221292734146118E+01   -0.304027324914932251E+01   -0.140409678220748901E+01   -0.195524084568023682E+01   -0.742467004060745239E+01   -0.433193713426589966E+01   -0.888874202966690063E+01   -0.357176254792552849E+06   -0.776175511231549553E+01    1
    0.871968952863872215E+00    0.308318990468978882E+03   -0.512127476930618286E+01   -0.439825046062469482E+01   -0.640650993585586548E+01   -0.818511813879013062E+01   -0.685651487112045288E+01   -0.179077261686325073E+01   -0.304883486032485962E+01   -0.356179621323872474E+06   -0.776275511231553761E+01    1
    0.872885055062824544E+00    0.425395853858105397E+03   -0.364087550837771978E+01   -0.542339818144274410E+01   -0.873719389107935562E+01   -0.427469512804629304E+01   -0.248374220458962203E+01   -0.734698030926961643E+01   -0.534958797047105872E+01   -0.355892978652876569E+06   -0.776375511231548732E+01    1
    0.871879305891215983E+00    0.445397216081619263E+03   -0.469398224353790283E+01   -0.504781121015548706E+01   -0.320943963527679443E+01   -0.632996237277984619E+01   -0.944840586185455322E+01   -0.546646487712860107E+01   -0.941164028644561768E+01   -0.355319772355519468E+06   -0.776475511231542548E+01    1
    0.950544579113245192E+00    0.305634421110153198E+03   -0.851947158575057983E+01   -0.913346570730209351E+01   -0.716079378128051758E+01   -0.759484332799911499E+01   -0.589422571659088135E+01   -0.785835051536560059E+01   -0.197184801101684570E+01   -0.355140046525720216E+06   -0.776575511231545068E+01    1
    0.957423692963004225E+00    0.219962394237518311E+03   -0.561515903472900391E+01   -0.586244583129882812E+01   -0.689070230722427368E+01   -0.672242641448974609E+01   -0.416033798456192017E+01   -0.749859011173248291E+01   -0.368202018737792969E+01   -0.353347480938651483E+06   -0.776675511231548477E+01    1
    0.879049061091900064E+00    0.295702755451202393E+03   -0.596315902471542358E+01   -0.583589839935302734E+01   -0.757648414373397827E+01   -0.421116155385971069E+01   -0.557324039936065674E+01   -0.788718372583389282E+01   -0.604081273078918457E+01   -0.352969482971312944E+06   -0.776775511231546822E+01    1
    0.954883987223982933E+00    0.244603222608566284E+03   -0.208328145742416382E+01   -0.143095749616622925E+01   -0.378928333520889282E+01   -0.409606796503067017E+01   -0.470383989810943604E+01   -0.221906989812850952E+01   -0.798857176303863525E+01   -0.352319904945697344E+06   -0.776875511231548987E+01    1
    0.879460931588709527E+00    0.486524116992950439E+03   -0.923747909069061279E+01   -0.428372710943222046E+01   -0.831596809625625610E+01   -0.263009053468704224E+01   -0.435106450319290161E+01   -0.682197231054306030E+01   -0.910236763954162598E+01   -0.351565450741410896E+06   -0.776975511231552396E+01    1
    0.958250837302386915E+00    0.421889030933380127E+03   -0.880504262447357178E+01   -0.499861252307891846E+01   -0.554899215698242188E+01   -0.516149771213531494E+01   -0.363430207967758179E+01   -0.786816257238388062E+01   -0.995619308948516846E+01   -0.350675994607317611E+06   -0.777075511231549232E+01    1
    0.951095789808154235E+00    0.447676610946655273E+03   -0.617568331956863403E+01   -0.375925654172897339E+01   -0.889176434278488159E+01   -0.658698505163192749E+01   -0.315375965833663940E+01   -0.215302157402038574E+01   -0.623418605327606201E+01   -0.350669279617687804E+06   -0.777175511231546334E+01    1
    0.947263917945563971E+00    0.320091581344604492E+03   -0.378616821765899658E+01   -0.261601269245147705E+01   -0.122871786355972290E+01   -0.449536842107772827E+01   -0.747067421674728394E+01   -0.836565065383911133E+01   -0.589558452367782593E+01   -0.350274589831671445E+06   -0.777275511231545391E+01    1
    0.875390770806491525E+00    0.250935274362564087E+03   -0.171975255012512207E+01   -0.658155733346939087E+01   -0.649205148220062256E+01   -0.251443475484848022E+01   -0.466947597265243530E+01   -0.343847131729125977E+01   -0.551652079820632935E+01   -0.348262102699337585E+06   -0.777375511231549066E+01    1
    0.870978196233451518E+00    0.379424619674682617E+03   -0.586186379194259644E+01   -0.848739504814147949E+01   -0.488313859701156616E+01   -0.818371373414993286E+01   -0.135006904602050781E+01   -0.188839912414550781E+01   -0.585963702201843262E+01   -0.347410349917785614E+06   -0.777475511231548300E+01    1
    0.943195891093969507E+00    0.448463767766952515E+03   -0.463987779617309570E+01   -0.395717030763626099E+01   -0.445994877815246582E+01   -0.502537077665328979E+01   -0.530700486898422241E+01   -0.130534428358078003E+01   -0.251861524581909180E+01   -0.346764853947880038E+06   -0.777575511231547978E+01    1
    0.878405248751163659E+00    0.470467197895050049E+03   -0.764974063634872437E+01   -0.523729532957077026E+01   -0.659565126895904541E+01   -0.136474770307540894E+01   -0.998147505521774292E+01   -0.924107110500335693E+01   -0.528889781236648560E+01   -0.345674706763358961E+06   -0.777675511231547389E+01    1
    0.870645751728773232E+00    0.493929481506347656E+03   -0.338697987794876099E+01   -0.179574757814407349E+01   -0.373127949237823486E+01   -0.125961315631866455E+01   -0.946930134296417236E+01   -0.671446830034255981E+01   -0.651141595840454102E+01   -0.345178612025330658E+06   -0.777775511231546623E+01    1
    0.951567049235701790E+00    0.457023090124130249E+03   -0.876033556461334229E+01   -0.500362128019332886E+01   -0.323153620958328247E+01   -0.135277915000915527E+01   -0.673503708839416504E+01   -0.708550149202346802E+01   -0.922319900989532471E+01   -0.343870305652607640E+06   -0.777875511231546568E+01    1
    0.947111796050191135E+00    0.380785733461380005E+03   -0.294418740272521973E+01   -0.614985901117324829E+01   -0.563890731334686279E+01   -0.268989682197570801E+01   -0.114310443401336670E+01   -0.407298004627227783E+01   -0.320932054519653320E+01   -0.343757281565392273E+06   -0.777975511231541894E+01    1
    0.946454005959839306E+00    0.422227836711311738E+03   -0.594398396611295077E+01   -0.323113676382928361E+01   -0.388562542933016797E+01   -0.985541034264859483E+01   -0.436240226458561153E+01   -0.699962848657849968E+01   -0.264739460028305551E+01   -0.343687206556798366E+06   -0.778075511231548145E+01    1
    0.876619520889222792E+00    0.207003515958786011E+03   -0.834711980819702148E+01   -0.740725982189178467E+01   -0.971546375751495361E+01   -0.602768707275390625E+01   -0.403770524263381958E+01   -0.100743240118026733E+01   -0.890164130926132202E+01   -0.343666354637565149E+06   -0.778175511231547556E+01    1
    0.947397129932642135E+00    0.460632127523422241E+03   -0.864766132831573486E+01   -0.429921203851699829E+01   -0.487543636560440063E+01   -0.607238769531250000E+01   -0.881144613027572632E+01   -0.100781702995300293E+01   -0.877058643102645874E+01   -0.341972129092664574E+06   -0.778275511231543060E+01    1
    0.864208919623017491E+00    0.454879665374755859E+03   -0.861927765607833862E+01   -0.284356862306594849E+01   -0.178501927852630615E+01   -0.490035891532897949E+01   -0.198017573356628418E+01   -0.742641401290893555E+01   -0.565534657239913940E+01   -0.341902994827441638E+06   -0.778375511231544159E+01    1
    0.875195499739587435E+00    0.415732699632644653E+03   -0.825457876920700073E+01   -0.461113095283508301E+01   -0.837821573019027710E+01   -0.490760356187820435E+01   -0.855961996316909790E+01   -0.536163341999053955E+01   -0.408100682497024536E+01   -0.341490476359704102E+06   -0.778475511231547301E+01    1
    0.952018971968829786E+00    0.389718973636627197E+03   -0.765991854667663574E+01   -0.489124476909637451E+01   -0.575458991527557373E+01   -0.946675378084182739E+01   -0.149328237771987915E+01   -0.479792588949203491E+01   -0.835367029905319214E+01   -0.339594944133101730E+06   -0.778575511231549022E+01    1
    0.949854444063127246E+00    0.275438684225082397E+03   -0.660687953233718872E+01   -0.185397350788116455E+01   -0.807407575845718384E+01   -0.867461538314819336E+01   -0.535242003202438354E+01   -0.285916996002197266E+01   -0.176928222179412842E+01   -0.339404592639522161E+06   -0.778675511231545769E+01    1
    0.952786333310948308E+00    0.344527731065187936E+03   -0.606403618854186721E+01   -0.110613412577192527E+01   -0.702276458916760937E+01   -0.321248707426247826E+01   -0.487754280655210071E+01   -0.707953830630299663E+01   -0.348562372240717622E+01   -0.338962621751650353E+06   -0.778775511231546957E+01    1
    0.879588442150890937E+00    0.375844746828079224E+03   -0.601727044582366943E+01   -0.809392946958541870E+01   -0.862719231843948364E+01   -0.108373373746871948E+01   -0.875213283300399780E+01   -0.574392920732498169E+01   -0.562265098094940186E+01   -0.336657334843893768E+06   -0.778875511231548590E+01    1
    0.950165899445057027E+00    0.432739228010177612E+03   -0.844201314449310303E+01   -0.746155148744583130E+01   -0.339084923267364502E+01   -0.457920140027999878E+01   -0.348440629243850708E+01   -0.336607313156127930E+01   -0.651176518201828003E+01   -0.336616393647834659E+06   -0.778975511231546225E+01    1
    0.953160187123060387E+00    0.369856250286102295E+03   -0.835501515865325928E+01   -0.724387145042419434E+01   -0.384199947118759155E+01   -0.486073946952819824E+01   -0.268697106838226318E+01   -0.739630353450775146E+01   -0.788410830497741699E+01   -0.336274214942067745E+06   -0.779075511231548390E+01    1
    0.874230437822520856E+00    0.313627851009368896E+03   -0.132007497549057007E+01   -0.212712162733078003E+01   -0.915546196699142456E+01   -0.377149975299835205E+01   -0.372952049970626831E+01   -0.846658807992935181E+01   -0.793295615911483765E+01   -0.335973885685655870E+06   -0.779175511231549578E+01    1
    0.954818896868348310E+00    0.450475156307220459E+03   -0.765645205974578857E+01   -0.316634565591812134E+01   -0.492978811264038086E+01   -0.267972266674041748E+01   -0.366907316446304321E+01   -0.713956409692764282E+01   -0.836558842658996582E+01   -0.334770247279610834E+06   -0.779275511231550233E+01    1
    0.958573618931472415E+00    0.218082559108734131E+03   -0.365832448005676270E+01   -0.850090318918228149E+01   -0.629970651865005493E+01   -0.472198504209518433E+01   -0.474882912635803223E+01   -0.638811212778091431E+01   -0.776124757528305054E+01   -0.334340293939926429E+06   -0.779375511231550178E+01    1
    0.866765278468492939E+00    0.450414797237696121E+03   -0.244095345877895742E+01   -0.423120513353552674E+01   -0.267017309873865738E+01   -0.266536439008289250E+01   -0.933544686289208236E+01   -0.111217227898422699E+01   -0.402683856297182263E+01   -0.329927875828891702E+06   -0.779475511231548257E+01    1
    0.959207834056019948E+00    0.295310473442077637E+03   -0.888728398084640503E+01   -0.788416999578475952E+01   -0.595408672094345093E+01   -0.181121641397476196E+01   -0.422285115718841553E+01   -0.981298565864562988E+01   -0.891829138994216919E+01   -0.328433748726625810E+06   -0.779575511231549179E+01    1
    0.869823159774720800E+00    0.440610527992248535E+03   -0.107819014787673950E+01   -0.723075652122497559E+01   -0.484464138746261597E+01   -0.193392747640609741E+01   -0.385115921497344971E+01   -0.322615462541580200E+01   -0.935635781288146973E+01   -0.327300024590591260E+06   -0.779675511231549745E+01    1
    0.874639014405906412E+00    0.241844087839126587E+03   -0.222843885421752930E+01   -0.935929214954376221E+01   -0.269864189624786377E+01   -0.551615226268768311E+01   -0.171323585510253906E+01   -0.805936759710311890E+01   -0.710704338550567627E+01   -0.326551874541280093E+06   -0.779775511231552265E+01    1
    0.948976643493712135E+00    0.487202161550521851E+03   -0.297595602273941040E+01   -0.159331911802291870E+01   -0.694663816690444946E+01   -0.328249549865722656E+01   -0.824849176406860352E+01   -0.348270845413208008E+01   -0.558137607574462891E+01   -0.326399603469785303E+06   -0.779875511231551144E+01    1
    0.956439721137642973E+00    0.232599800825119019E+03   -0.520742571353912354E+01   -0.264375263452529907E+01   -0.556222295761108398E+01   -0.424359267950057983E+01   -0.749149513244628906E+01   -0.364160090684890747E+01   -0.474599295854568481E+01   -0.325777241968716844E+06   -0.779975511231546115E+01    1
    0.878328077065229529E+00    0.351091408729553223E+03   -0.746326649188995361E+01   -0.475301390886306763E+01   -0.974661386013031006E+01   -0.854607480764389038E+01   -0.561865288019180298E+01   -0.271126061677932739E+01   -0.837717503309249878E+01   -0.324855119343761180E+06   -0.780075511231548901E+01    1
    0.862351841875612868E+00    0.447316372394561768E+03   -0.524674475193023682E+01   -0.809766846895217896E+01   -0.948312705755233765E+01   -0.551578211784362793E+01   -0.546205961704254150E+01   -0.614303761720657349E+01   -0.127805280685424805E+01   -0.324470169773722999E+06   -0.780175511231549379E+01    1
    0.955515214845657490E+00    0.364055579900741577E+03   -0.438289749622344971E+01   -0.411464548110961914E+01   -0.669997525215148926E+01   -0.980305504798889160E+01   -0.332710492610931396E+01   -0.791215080022811890E+01   -0.647223156690597534E+01   -0.324280184634112171E+06   -0.780275511231549324E+01    1
    0.870656344779253133E+00    0.285050451755523682E+03   -0.944935590028762817E+01   -0.621535319089889526E+01   -0.558880901336669922E+01   -0.309181028604507446E+01   -0.309080070257186890E+01   -0.453061747550964355E+01   -0.128372406959533691E+01   -0.322231542982502608E+06   -0.780375511231548646E+01    1
    0.947590201409518884E+00    0.327643287181854248E+03   -0.977486664056777954E+01   -0.970068317651748657E+01   -0.168694967031478882E+01   -0.247388350963592529E+01   -0.833362400531768799E+01   -0.980908036231994629E+01   -0.456935447454452515E+01   -0.321774471037122072E+06   -0.780475511231545482E+01    1
    0.950842779201894528E+00    0.213712133397780548E+03   -0.279222189522510167E+01   -0.641530379609231360E+01   -0.189386125624297108E+01   -0.741356041698340729E+01   -0.468140891882073085E+01   -0.869741420894257899E+01   -0.217806781554338436E+01   -0.320328198806830565E+06   -0.780575511231549424E+01    1
    0.876071516561865993E+00    0.339213836193084717E+03   -0.774659895896911621E+01   -0.714716172218322754E+01   -0.912107121944427490E+01   -0.637084621191024780E+01   -0.167255157232284546E+01   -0.860786378383636475E+01   -0.520917612314224243E+01   -0.319873513668731088E+06   -0.780675511231547681E+01    1
    0.949989111500322947E+00    0.373444974422454834E+03   -0.797761386632919312E+01   -0.545197129249572754E+01   -0.294045591354370117E+01   -0.872245365381240845E+01   -0.873216861486434937E+01   -0.783136320114135742E+01   -0.426432347297668457E+01   -0.319737510488677945E+06   -0.780775511231545583E+01    1
    0.881394918384432957E+00    0.338770270347595215E+03   -0.456447017192840576E+01   -0.769620347023010254E+01   -0.809318113327026367E+01   -0.250046205520629883E+01   -0.894428199529647827E+01   -0.947785437107086182E+01   -0.840340596437454224E+01   -0.319716289909620420E+06   -0.780875511231546238E+01    1
    0.873596988724351098E+00    0.301871854066848755E+03   -0.156202685832977295E+01   -0.318789505958557129E+01   -0.548765003681182861E+01   -0.865112566947937012E+01   -0.377087748050689697E+01   -0.491445446014404297E+01   -0.308455759286880493E+01   -0.318879454139810754E+06   -0.780975511231543607E+01    1
    0.867970886107027662E+00    0.395763099193572998E+03   -0.130332350730895996E+01   -0.737470209598541260E+01   -0.919504654407501221E+01   -0.572584575414657593E+01   -0.194999122619628906E+01   -0.914289957284927368E+01   -0.255383265018463135E+01   -0.317586551457524649E+06   -0.781075511231542574E+01    1
    0.952426279137075116E+00    0.252704226970672607E+03   -0.955314612388610840E+01   -0.161562812328338623E+01   -0.921696287393569946E+01   -0.485577845573425293E+01   -0.467698240280151367E+01   -0.325172466039657593E+01   -0.283612012863159180E+01   -0.317315311596155399E+06   -0.781175511231545716E+01    1
    0.955377242551803785E+00    0.229791045188903809E+03   -0.683958798646926880E+01   -0.572176128625869751E+01   -0.342659342288970947E+01   -0.335899907350540161E+01   -0.484582531452178955E+01   -0.921280115842819214E+01   -0.535390704870223999E+01   -0.316757612486943486E+06   -0.781275511231545838E+01    1
    0.953153139680385730E+00    0.461808580160140991E+03   -0.654293298721313477E+01   -0.434993851184844971E+01   -0.491268420219421387E+01   -0.856083071231842041E+01   -0.308853316307067871E+01   -0.766948491334915161E+01   -0.967251354455947876E+01   -0.316329888423191675E+06   -0.781375511231546671E+01    1
    0.875747136053757980E+00    0.275818492774178026E+03   -0.250121479103467070E+01   -0.908270326343279422E+01   -0.422728988058421518E+01   -0.986128802119308645E+01   -0.250027918327830001E+01   -0.800685002718696204E+01   -0.423162195106656469E+01   -0.315728729301242973E+06   -0.781475511231549103E+01    1
    0.877600997657239645E+00    0.302352488040924072E+03   -0.895989674329757690E+01   -0.402909642457962036E+01   -0.835855406522750854E+01   -0.933953768014907837E+01   -0.650760346651077271E+01   -0.947925180196762085E+01   -0.358533245325088501E+01   -0.313996211007093312E+06   -0.781575511231550912E+01    1
    0.877814642413974000E+00    0.221821558475494385E+03   -0.386078834533691406E+01   -0.157128959894180298E+01   -0.609331697225570679E+01   -0.338985681533813477E+01   -0.196452772617340088E+01   -0.621724361181259155E+01   -0.544735252857208252E+01   -0.313751945147051825E+06   -0.781675511231553788E+01    1
    0.950912503701818124E+00    0.471330103838404909E+03   -0.894965961871586302E+01   -0.676961506911524324E+01   -0.863830912451877886E+01   -0.377348862190845935E+01   -0.535701140527663977E+01   -0.915185182376568385E+01   -0.390011966426488499E+01   -0.311676944375087274E+06   -0.781775511231549203E+01    1
    0.876701300595483457E+00    0.448468029569274620E+03   -0.622294179020689775E+01   -0.990876007036927753E+01   -0.435491935201178215E+01   -0.914392129912979534E+01   -0.654877595185741157E+01   -0.307223134392831732E+01   -0.802651491536858863E+01   -0.310487897633804241E+06   -0.781875511231545861E+01    1
    0.955548586374856068E+00    0.373812244175364981E+03   -0.385559268404693345E+01   -0.524494118494095396E+01   -0.631493826371946287E+01   -0.956195706725510064E+01   -0.491328864029088663E+01   -0.593622230124256589E+01   -0.601846954981815863E+01   -0.310111358337264101E+06   -0.781975511231549181E+01    1
    0.876931226777254103E+00    0.313105034593682376E+03   -0.323016409545709315E+01   -0.315812709531793612E+01   -0.401258661684285656E+01   -0.571430226307832445E+01   -0.317780938827712500E+01   -0.924094661782561211E+01   -0.884567867004390962E+01   -0.309187594328265055E+06   -0.782075511231547260E+01    1
    0.871336707521438769E+00    0.298480808734893799E+03   -0.308505970239639282E+01   -0.419767433404922485E+01   -0.986251586675643921E+01   -0.924742364883422852E+01   -0.185878378152847290E+01   -0.738723820447921753E+01   -0.165528243780136108E+01   -0.308711030103062920E+06   -0.782175511231545251E+01    1
    0.954716074241996004E+00    0.209634137153625488E+03   -0.398896521329879761E+01   -0.286819720268249512E+01   -0.647505968809127808E+01   -0.988846623897552490E+01   -0.283196485042572021E+01   -0.732687294483184814E+01   -0.444979017972946167E+01   -0.308506742720318434E+06   -0.782275511231544485E+01    1
    0.871933551501989479E+00    0.456279134750366211E+03   -0.232179474830627441E+01   -0.989645224809646606E+01   -0.304751414060592651E+01   -0.826154929399490356E+01   -0.912809592485427856E+01   -0.451457303762435913E+01   -0.909768021106719971E+01   -0.307186170902332407E+06   -0.782375511231542564E+01    1
    0.878148318127211613E+00    0.419665906706394082E+03   -0.435834149076976907E+01   -0.566723747516133258E+01   -0.552920787231149458E+01   -0.248085755029797639E+01   -0.314897956615734298E+01   -0.527517737028215095E+01   -0.796586167981204962E+01   -0.306936806270277011E+06   -0.782475511231547038E+01    1
    0.953888470286786694E+00    0.268624997138977051E+03   -0.545674133300781250E+01   -0.369197493791580200E+01   -0.791270065307617188E+01   -0.481168884038925171E+01   -0.664898967742919922E+01   -0.165079188346862793E+01   -0.642869019508361816E+01   -0.306538957531307591E+06   -0.782575511231547249E+01    1
    0.877238295110643107E+00    0.209199208021163940E+03   -0.998033565282821655E+01   -0.343581378459930420E+01   -0.402621519565582275E+01   -0.395586943626403809E+01   -0.104992449283599854E+01   -0.103649789094924927E+01   -0.637995177507400513E+01   -0.305440843391709495E+06   -0.782675511231542576E+01    1
    0.877632557943999969E+00    0.411842495203018188E+03   -0.574884408712387085E+01   -0.660462379455566406E+01   -0.517852169275283813E+01   -0.554235315322875977E+01   -0.433608382940292358E+01   -0.308159965276718140E+01   -0.541289311647415161E+01   -0.304458650808328006E+06   -0.782775511231541898E+01    1
    0.867999787187934135E+00    0.359488439559936523E+03   -0.960267364978790283E+01   -0.999720352888107300E+01   -0.182904452085494995E+01   -0.916211223602294922E+01   -0.544074517488479614E+01   -0.507813090085983276E+01   -0.177815496921539307E+01   -0.304353296431056922E+06   -0.782875511231542820E+01    1
    0.947137457019142981E+00    0.449796632697502901E+03   -0.272415303103414796E+01   -0.353589800607682037E+01   -0.740534738089216571E+01   -0.758199033228555841E+01   -0.292849670695248143E+01   -0.527149723268530668E+01   -0.425471512560154252E+01   -0.303655849291382241E+06   -0.782975511231545429E+01    1
    0.874339805011272064E+00    0.441709966267126561E+03   -0.860741069877808407E+01   -0.955073771372078184E+01   -0.676269126018542011E+01   -0.438600304507412631E+01   -0.884386452978263193E+01   -0.192969184986944597E+01   -0.424801209012469894E+01   -0.303565430958768527E+06   -0.783075511231545196E+01    1
    0.868393513802826589E+00    0.411911392211914062E+03   -0.768541938066482544E+01   -0.518901824951171875E+01   -0.225772213935852051E+01   -0.199388396739959717E+01   -0.198618227243423462E+01   -0.633937370777130127E+01   -0.308745598793029785E+01   -0.303477913849549601E+06   -0.783175511231547006E+01    1
    0.952398483322799416E+00    0.245937389135360718E+03   -0.461747276782989502E+01   -0.916618061065673828E+01   -0.446981662511825562E+01   -0.295593708753585815E+01   -0.545446091890335083E+01   -0.733308869600296021E+01   -0.301668536663055420E+01   -0.303196822790604492E+06   -0.783275511231550681E+01    1
    0.949088089388430256E+00    0.364883309602737427E+03   -0.151977348327636719E+01   -0.413494926691055298E+01   -0.652489244937896729E+01   -0.129014259576797485E+01   -0.821304047107696533E+01   -0.260845959186553955E+01   -0.759017199277877808E+01   -0.303078685792278382E+06   -0.783375511231551513E+01    1
    0.868441773464620259E+00    0.310948145389556885E+03   -0.136624544858932495E+01   -0.991967910528182983E+01   -0.442885929346084595E+01   -0.284160524606704712E+01   -0.172447323799133301E+01   -0.237106531858444214E+01   -0.105019432306289673E+01   -0.302577410096172476E+06   -0.783475511231553412E+01    1
    0.870742265427021933E+00    0.476963083819948167E+03   -0.688235941817418517E+01   -0.574409599838332330E+01   -0.273644798932328914E+01   -0.530409853364288786E+01   -0.780200759768958729E+01   -0.243783142020184318E+01   -0.659408328750309014E+01   -0.302375768192573567E+06   -0.783575511231548560E+01    1
    0.956645576908431106E+00    0.285422429265342885E+03   -0.672488628528899213E+01   -0.516753034740883166E+01   -0.973485442717705673E+01   -0.948896303544652753E+01   -0.349453615801815776E+01   -0.585135543135454750E+01   -0.815384465369120193E+01   -0.301761054159702908E+06   -0.783675511231544775E+01    1
    0.873681503320276942E+00    0.256039446592330933E+03   -0.702206134796142578E+01   -0.597161281108856201E+01   -0.568003416061401367E+01   -0.860843563079833984E+01   -0.215790855884552002E+01   -0.456641691923141479E+01   -0.156196409463882446E+01   -0.301690014948371274E+06   -0.783775511231544453E+01    1
    0.945010793205191435E+00    0.427317254900984949E+03   -0.316359807787296354E+01   -0.287574716121763974E+01   -0.730396975317916741E+01   -0.592014824821273322E+01   -0.371147381476245286E+01   -0.315050190206903569E+01   -0.316846780039656029E+01   -0.300493179041697178E+06   -0.783875511231544930E+01    1
    0.948486419441700201E+00    0.463358896970748901E+03   -0.839772987365722656E+01   -0.400961071252822876E+01   -0.363695371150970459E+01   -0.402831858396530151E+01   -0.770966976881027222E+01   -0.374521249532699585E+01   -0.509946089982986450E+01   -0.300236122551066452E+06   -0.783975511231544608E+01    1
    0.873276829616923655E+00    0.442351150790256156E+03   -0.144354108921833735E+01   -0.443644487740414650E+01   -0.583544735956793392E+01   -0.938630313476923384E+01   -0.317215558309752232E+01   -0.768076407579203391E+01   -0.985782073670594805E+01   -0.299950886798760970E+06   -0.784075511231543754E+01    1
    0.868599191885233046E+00    0.382142663002014160E+03   -0.642882269620895386E+01   -0.779054695367813110E+01   -0.842277795076370239E+01   -0.713884794712066650E+01   -0.997049891948699951E+01   -0.374977225065231323E+01   -0.150373119115829468E+01   -0.298964638506399177E+06   -0.784175511231543609E+01    1
    0.879176115241878997E+00    0.240520269195279695E+03   -0.467715392563830612E+01   -0.591835086004230604E+01   -0.311634952859409164E+01   -0.950487969067882332E+01   -0.648691245404465811E+01   -0.570656925324794884E+01   -0.755462765158114102E+01   -0.298924129181327706E+06   -0.784275511231546751E+01    1
    0.953457427244067346E+00    0.249336355924606323E+03   -0.272662216424942017E+01   -0.311835342645645142E+01   -0.765820729732513428E+01   -0.265913242101669312E+01   -0.304024106264114380E+01   -0.372854095697402954E+01   -0.895939731597900391E+01   -0.298913930037879909E+06   -0.784375511231549982E+01    1
    0.863397960326671710E+00    0.450237691402435303E+03   -0.671503478288650513E+01   -0.821698063611984253E+01   -0.100711375474929810E+01   -0.391117149591445923E+01   -0.661812925338745117E+01   -0.207526916265487671E+01   -0.598389732837677002E+01   -0.298740996878213016E+06   -0.784475511231550815E+01    1
    0.875132267875913805E+00    0.354871653716781566E+03   -0.855514670267435662E+01   -0.456640553867933896E+01   -0.831012947071055308E+01   -0.784067924366255831E+01   -0.571831620178893996E+01   -0.231149420331914524E+01   -0.322493375851836195E+01   -0.298138603794572642E+06   -0.784575511231547917E+01    1
    0.941118274352431450E+00    0.359583103656768799E+03   -0.995884311199188232E+01   -0.812814104557037354E+01   -0.103618299961090088E+01   -0.492638331651687622E+01   -0.552452933788299561E+01   -0.530870807170867920E+01   -0.726123070716857910E+01   -0.297726362158303033E+06   -0.784675511231547684E+01    1
    0.876324567904114837E+00    0.284603059291839600E+03   -0.236466932296752930E+01   -0.346210050582885742E+01   -0.703426003456115723E+01   -0.881544154882431030E+01   -0.544758480787277222E+01   -0.720083540678024292E+01   -0.297962099313735962E+01   -0.297419901251920848E+06   -0.784775511231550293E+01    1
    0.875107280324926906E+00    0.387184066402663689E+03   -0.286787492872001959E+01   -0.307639872034843798E+01   -0.427426366075696151E+01   -0.691114473281411179E+01   -0.221553428186379175E+01   -0.912064990179112023E+01   -0.846758739158541829E+01   -0.296394372861557291E+06   -0.784875511231549439E+01    1
    0.945855381471991663E+00    0.261584752798080444E+03   -0.570634663105010986E+01   -0.552526319026947021E+01   -0.208630484342575073E+01   -0.130665373802185059E+01   -0.763142383098602295E+01   -0.742348396778106689E+01   -0.135253399610519409E+01   -0.296131781226550345E+06   -0.784975511231546363E+01    1
    0.946638369862318196E+00    0.257420194149017334E+03   -0.822913211584091187E+01   -0.311353939771652222E+01   -0.395636296272277832E+01   -0.562042528390884399E+01   -0.898352485895156860E+01   -0.313162124156951904E+01   -0.130074805021286011E+01   -0.294823047472732549E+06   -0.785075511231542844E+01    1
    0.950835781591149898E+00    0.289856535256308689E+03   -0.359861995406364699E+01   -0.680864831315237673E+01   -0.326466476207666823E+01   -0.204247139798714183E+01   -0.249817465967819974E+01   -0.963813688020579740E+01   -0.831315653442236346E+01   -0.294517051122562494E+06   -0.785175511231547851E+01    1
    0.879150078084647846E+00    0.356484830379486084E+03   -0.329995185136795044E+01   -0.866171020269393921E+01   -0.620219051837921143E+01   -0.209904909133911133E+01   -0.856099486351013184E+01   -0.430967265367507935E+01   -0.519334518909454346E+01   -0.294392296533130808E+06   -0.785275511231549661E+01    1
    0.949164779572069794E+00    0.277071970701217651E+03   -0.372966533899307251E+01   -0.222070819139480591E+01   -0.290393012762069702E+01   -0.983678919076919556E+01   -0.162173551321029663E+01   -0.830350762605667114E+01   -0.755136686563491821E+01   -0.292478235514231317E+06   -0.785375511231550405E+01    1
    0.952273697625875659E+00    0.297705078125000000E+03   -0.993110638856887817E+01   -0.500818532705307007E+01   -0.821769785881042480E+01   -0.559176051616668701E+01   -0.169155395030975342E+01   -0.930978822708129883E+01   -0.829230242967605591E+01   -0.292228270110395097E+06   -0.785475511231552659E+01    1
    0.949056430612564283E+00    0.459596490859985352E+03   -0.760235083103179932E+01   -0.704341763257980347E+01   -0.937355291843414307E+01   -0.181356978416442871E+01   -0.179420369863510132E+01   -0.661492508649826050E+01   -0.663151079416275024E+01   -0.291808315146885754E+06   -0.785575511231551538E+01    1
    0.874061779448459308E+00    0.445829797314516270E+03   -0.563483699503022528E+01   -0.644706376199378006E+01   -0.654361936959509727E+01   -0.900948463037458147E+01   -0.163633131839769774E+01   -0.213365031376144465E+01   -0.742606232334561511E+01   -0.290837931980573048E+06   -0.785675511231549351E+01    1
    0.874623956515968026E+00    0.396563738584518433E+03   -0.275762045383453369E+01   -0.738979542255401611E+01   -0.378101515769958496E+01   -0.727374804019927979E+01   -0.443370175361633301E+01   -0.200233507156372070E+01   -0.717153710126876831E+01   -0.290698926890877774E+06   -0.785775511231547785E+01    1
    0.878632955563545370E+00    0.489267891645431519E+03   -0.279562252759933472E+01   -0.521940606832504272E+01   -0.876050347089767456E+01   -0.140255397558212280E+01   -0.577597355842590332E+01   -0.776945352554321289E+01   -0.862150013446807861E+01   -0.290310991057499603E+06   -0.785875511231548529E+01    1
    0.878289852348983491E+00    0.391544055938720703E+03   -0.879662799835205078E+01   -0.249412506818771362E+01   -0.405181097984313965E+01   -0.927953612804412842E+01   -0.411532354354858398E+01   -0.941188919544219971E+01   -0.857847321033477783E+01   -0.289978382078941679E+06   -0.785975511231545454E+01    1
    0.866195598090291230E+00    0.445374631881713867E+03   -0.346234458684921265E+01   -0.604012769460678101E+01   -0.595580226182937622E+01   -0.294367939233779907E+01   -0.742148196697235107E+01   -0.962398004531860352E+01   -0.156182622909545898E+01   -0.288779480224609375E+06   -0.786075511231546198E+01    1
    0.868809323863864114E+00    0.493058085441589355E+03   -0.226440888643264771E+01   -0.127052760124206543E+01   -0.882080918550491333E+01   -0.172585028409957886E+01   -0.798843657970428467E+01   -0.613534289598464966E+01   -0.260997611284255981E+01   -0.284587500170692743E+06   -0.786175511231550495E+01    1
    0.876231484755993106E+00    0.229403644800186157E+03   -0.797246402502059937E+01   -0.996806347370147705E+01   -0.111714816093444824E+01   -0.648334181308746338E+01   -0.610495829582214355E+01   -0.567138189077377319E+01   -0.591175556182861328E+01   -0.284586647975001601E+06   -0.786275511231550261E+01    1
    0.958535251953184786E+00    0.487943470478057861E+03   -0.578260719776153564E+01   -0.691349411010742188E+01   -0.887926578521728516E+01   -0.637368184328079224E+01   -0.669701516628265381E+01   -0.774041914939880371E+01   -0.748858869075775146E+01   -0.283075825659264927E+06   -0.786375511231550917E+01    1
    0.955347496428757270E+00    0.416809577266556857E+03   -0.525341927361114180E+01   -0.358449019209909903E+01   -0.806416485623526391E+01   -0.977479402809040643E+01   -0.630376261925452308E+01   -0.505246184253619735E+01   -0.923532401085279986E+01   -0.282120941538516781E+06   -0.786475511231549529E+01    1
    0.953243060233891160E+00    0.470944952964782715E+03   -0.494998514652252197E+01   -0.301363515853881836E+01   -0.616488152742385864E+01   -0.120799458026885986E+01   -0.712264955043792725E+01   -0.972442072629928589E+01   -0.586153656244277954E+01   -0.282114060476032319E+06   -0.786575511231549385E+01    1
    0.869109857898295091E+00    0.367338442802429199E+03   -0.262844580411911011E+01   -0.844692856073379517E+01   -0.103681921958923340E+01   -0.212669086456298828E+01   -0.820744484663009644E+01   -0.428798806667327881E+01   -0.410167646408081055E+01   -0.280190372419926804E+06   -0.786675511231552704E+01    1
    0.945389068386197295E+00    0.359726351499557495E+03   -0.259194201231002808E+01   -0.227024161815643311E+01   -0.930786079168319702E+01   -0.515376168489456177E+01   -0.224661189317703247E+01   -0.327365547418594360E+01   -0.343655836582183838E+01   -0.280010687336852250E+06   -0.786775511231553093E+01    1
    0.878600246237218552E+00    0.366243869066238403E+03   -0.230055218935012817E+01   -0.182361680269241333E+01   -0.618642234802246094E+01   -0.735779827833175659E+01   -0.708168685436248779E+01   -0.644182819128036499E+01   -0.778120321035385132E+01   -0.279560891200903105E+06   -0.786875511231549929E+01    1
    0.933986196706295235E+00    0.450675517320632935E+03   -0.226348620653152466E+01   -0.791653621196746826E+01   -0.987771916389465332E+01   -0.581949347257614136E+01   -0.854431742429733276E+01   -0.883578610420227051E+01   -0.133936810493469238E+01   -0.279519832099949999E+06   -0.786975511231548452E+01    1
    0.879131080630481399E+00    0.468534004688262939E+03   -0.695556241273880005E+01   -0.711769872903823853E+01   -0.501478731632232666E+01   -0.579760342836380005E+01   -0.252584487199783325E+01   -0.931160032749176025E+01   -0.681410807371139526E+01   -0.279154041707412864E+06   -0.787075511231545200E+01    1
    0.945003275615930782E+00    0.497518903017044067E+03   -0.412848460674285889E+01   -0.438228273391723633E+01   -0.942474395036697388E+01   -0.982036280632019043E+01   -0.369944113492965698E+01   -0.705283379554748535E+01   -0.367601418495178223E+01   -0.278701133412589668E+06   -0.787175511231542036E+01    1
    0.946613025332451063E+00    0.471866649389266968E+03   -0.593721348047256470E+01   -0.186794567108154297E+01   -0.881672203540802002E+01   -0.736283707618713379E+01   -0.417270511388778687E+01   -0.229811459779739380E+01   -0.807847833633422852E+01   -0.278300518413400394E+06   -0.787275511231546332E+01    1
    0.950909722001016311E+00    0.397859889268875122E+03   -0.239904558658599854E+01   -0.776099330186843872E+01   -0.774892443418502808E+01   -0.483355152606964111E+01   -0.521279656887054443E+01   -0.533532416820526123E+01   -0.769267797470092773E+01   -0.278161389765955391E+06   -0.787375511231549297E+01    1
    0.879039463875711080E+00    0.223931330442428589E+03   -0.844823640584945679E+01   -0.930675357580184937E+01   -0.533450877666473389E+01   -0.666016322374343872E+01   -0.102431154251098633E+01   -0.108471649885177612E+01   -0.960294616222381592E+01   -0.277946775785056350E+06   -0.787475511231547021E+01    1
    0.947942485997378959E+00    0.224526834487915039E+03   -0.804299271106719971E+01   -0.555230200290679932E+01   -0.125552332401275635E+01   -0.200613039731979370E+01   -0.645041394233703613E+01   -0.152952653169631958E+01   -0.626819270849227905E+01   -0.277558712757092784E+06   -0.787575511231548475E+01    1
    0.941853189115941736E+00    0.456420218944549561E+03   -0.209849172830581665E+01   -0.580452781915664673E+01   -0.727500063180923462E+01   -0.525391644239425659E+01   -0.768268299102783203E+01   -0.105722546577453613E+01   -0.520867884159088135E+01   -0.277041677650354861E+06   -0.787675511231552772E+01    1
    0.885027295091807997E+00    0.395361983776092529E+03   -0.722539907693862915E+01   -0.781284093856811523E+01   -0.998611581325531006E+01   -0.526306653022766113E+01   -0.610216826200485229E+01   -0.503552401065826416E+01   -0.926399433612823486E+01   -0.276637319451379997E+06   -0.787775511231549697E+01    1
    0.873159040500998684E+00    0.341501098871231079E+03   -0.486640107631683350E+01   -0.627297240495681763E+01   -0.599179643392562866E+01   -0.728053832054138184E+01   -0.608339762687683105E+01   -0.894324827194213867E+01   -0.176423269510269165E+01   -0.276519334648196585E+06   -0.787875511231548487E+01    1
    0.876797195235908156E+00    0.243274796009063721E+03   -0.106043606996536255E+01   -0.672078543901443481E+01   -0.209081846475601196E+01   -0.782240623235702515E+01   -0.280749291181564331E+01   -0.468292295932769775E+01   -0.842353004217147827E+01   -0.275658353267970728E+06   -0.787975511231548431E+01    1
    0.880444990959942553E+00    0.260418993234634399E+03   -0.476776391267776489E+01   -0.358470267057418823E+01   -0.623112511634826660E+01   -0.228888458013534546E+01   -0.604256743192672729E+01   -0.163548666238784790E+01   -0.663179403543472290E+01   -0.275390243929157034E+06   -0.788075511231546422E+01    1
    0.879559497297048742E+00    0.301929199695587158E+03   -0.410320210456848145E+01   -0.568030828237533569E+01   -0.729758805036544800E+01   -0.586789339780807495E+01   -0.625769239664077759E+01   -0.159834611415863037E+01   -0.679271477460861206E+01   -0.275324931732698402E+06   -0.788175511231551074E+01    1
    0.948243523420572387E+00    0.342349213361740112E+03   -0.531811779737472534E+01   -0.771410292387008667E+01   -0.883983409404754639E+01   -0.623842179775238037E+01   -0.113019710779190063E+01   -0.412957251071929932E+01   -0.797987872362136841E+01   -0.273048110109026427E+06   -0.788275511231553772E+01    1
    0.953518556149006047E+00    0.442901045083999634E+03   -0.916641288995742798E+01   -0.875808894634246826E+01   -0.458907461166381836E+01   -0.264190030097961426E+01   -0.515528410673141479E+01   -0.679281562566757202E+01   -0.711901032924652100E+01   -0.272844247056145396E+06   -0.788375511231550163E+01    1
    0.957512651276973714E+00    0.378331631022356078E+03   -0.849419146233802280E+01   -0.785800721554232950E+01   -0.826229189424828903E+01   -0.900927554342093195E+01   -0.772638038249428316E+01   -0.775583264825119745E+01   -0.630079907251305471E+01   -0.272720242906749249E+06   -0.788475511231547621E+01    1
    0.870160134778261374E+00    0.484947818517684937E+03   -0.482400125265121460E+01   -0.736898791790008545E+01   -0.895502960681915283E+01   -0.710376840829849243E+01   -0.127063059806823730E+01   -0.120688897371292114E+01   -0.375334173440933228E+01   -0.272699764754802571E+06   -0.788575511231550408E+01    1
    0.876318888365686055E+00    0.240238928794860840E+03   -0.710629451274871826E+01   -0.275971043109893799E+01   -0.271957975625991821E+01   -0.189060819149017334E+01   -0.913188105821609497E+01   -0.739139026403427124E+01   -0.159978055953979492E+01   -0.271011744839244231E+06   -0.788675511231552129E+01    1
    0.954154719169199694E+00    0.227309823036193848E+03   -0.652687835693359375E+01   -0.727723920345306396E+01   -0.436557042598724365E+01   -0.925636774301528931E+01   -0.410434794425964355E+01   -0.622544634342193604E+01   -0.790369862318038940E+01   -0.269818116748064349E+06   -0.788775511231550563E+01    1
    0.945972430302500888E+00    0.249360907077789307E+03   -0.412869703769683838E+01   -0.853760600090026855E+01   -0.108631455898284912E+01   -0.607486444711685181E+01   -0.672321230173110962E+01   -0.717918354272842407E+01   -0.478140938282012939E+01   -0.269357163008713047E+06   -0.788875511231547399E+01    1
    0.950094259256178963E+00    0.339072552335073681E+03   -0.225272283890744429E+01   -0.664460633772776177E+01   -0.458190904675191035E+01   -0.814325021722323150E+01   -0.897261130682848140E+01   -0.444188940673781385E+01   -0.844180558013169957E+01   -0.268705554769311857E+06   -0.788975511231548143E+01    1
    0.951845926610112358E+00    0.235482996702194214E+03   -0.856444257497787476E+01   -0.389117294549942017E+01   -0.385585683584213257E+01   -0.446617043018341064E+01   -0.481657636165618896E+01   -0.227558296918869019E+01   -0.966701287031173706E+01   -0.268512532024483837E+06   -0.789075511231547289E+01    1
    0.942395565735559604E+00    0.420971977261842937E+03   -0.354235253083642032E+01   -0.313854605315849078E+01   -0.291494993643281308E+01   -0.816143282345651500E+01   -0.547222626925479183E+01   -0.143932374717556399E+01   -0.855895050394279977E+01   -0.268398227036010183E+06   -0.789175511231543059E+01    1
    0.948316284983217850E+00    0.299141061305999756E+03   -0.190717351436614990E+01   -0.166853255033493042E+01   -0.853375488519668579E+01   -0.766959649324417114E+01   -0.318974149227142334E+01   -0.437945944070816040E+01   -0.416036480665206909E+01   -0.268240663866983028E+06   -0.789275511231544424E+01    1
    0.954526198189437514E+00    0.404384684562683105E+03   -0.585821491479873657E+01   -0.455575191974639893E+01   -0.641674095392227173E+01   -0.657439959049224854E+01   -0.595265012979507446E+01   -0.849466383457183838E+01   -0.565169823169708252E+01   -0.268194815458920610E+06   -0.789375511231549343E+01    1
    0.935509068088352880E+00    0.496220463514328003E+03   -0.955928409099578857E+01   -0.639635401964187622E+01   -0.439047956466674805E+01   -0.761440896987915039E+01   -0.476438432931900024E+01   -0.135691618919372559E+01   -0.239379221200942993E+01   -0.267032150735069648E+06   -0.789475511231551419E+01    1
    0.872393258074188105E+00    0.430585384524766482E+03   -0.562891115023712896E+01   -0.512750649638192790E+01   -0.216062000641585605E+01   -0.567973633800737066E+01   -0.571512373017330422E+01   -0.252609263049101163E+01   -0.587634237598772557E+01   -0.266796236375026172E+06   -0.789575511231547811E+01    1
    0.951584098794222011E+00    0.468652969598770142E+03   -0.983982223272323608E+01   -0.587550657987594604E+01   -0.906450772285461426E+01   -0.375673258304595947E+01   -0.536217147111892700E+01   -0.926129281520843506E+01   -0.462911462783813477E+01   -0.266524426014289842E+06   -0.789675511231545979E+01    1
    0.876043567542314716E+00    0.242020523548126221E+03   -0.423490071296691895E+01   -0.732687026262283325E+01   -0.109925299882888794E+01   -0.795274227857589722E+01   -0.215183925628662109E+01   -0.571825724840164185E+01   -0.478122699260711670E+01   -0.265692140566260496E+06   -0.789775511231549210E+01    1
    0.876280663649440017E+00    0.222812169790267944E+03   -0.515775442123413086E+01   -0.535706508159637451E+01   -0.102291464805603027E+01   -0.950425213575363159E+01   -0.217030519247055054E+01   -0.898576772212982178E+01   -0.313514298200607300E+01   -0.265548826246993442E+06   -0.789875511231548977E+01    1
    0.946473345894098483E+00    0.309903407096862793E+03   -0.668858391046524048E+01   -0.267009139060974121E+01   -0.673480695486068726E+01   -0.712734395265579224E+01   -0.201306873559951782E+01   -0.684352815151214600E+01   -0.303907430171966553E+01   -0.264225415768226958E+06   -0.789975511231546790E+01    1
    0.881464834728423408E+00    0.250991112067125954E+03   -0.924327189614161782E+01   -0.554391407467464425E+01   -0.975130834628793686E+01   -0.635221613738021684E+01   -0.674791508779055782E+01   -0.221208428155279613E+01   -0.422770479668403087E+01   -0.263702809294883802E+06   -0.790075511231547267E+01    1
    0.870038259981572804E+00    0.313013428449630737E+03   -0.147491461038589478E+01   -0.691848033666610718E+01   -0.105525404214859009E+01   -0.422372180223464966E+01   -0.563739025592803955E+01   -0.666275852918624878E+01   -0.146020162105560303E+01   -0.262630504432728863E+06   -0.790175511231550143E+01    1
    0.878466552747845797E+00    0.328011500835418701E+03   -0.349662053585052490E+01   -0.669982987642288208E+01   -0.266820418834686279E+01   -0.692335337400436401E+01   -0.665930008888244629E+01   -0.612263619899749756E+01   -0.668002766370773315E+01   -0.262588596212269098E+06   -0.790275511231550176E+01    1
    0.951711149740576912E+00    0.359597891569137573E+03   -0.485686796903610229E+01   -0.439119732379913330E+01   -0.740005111694335938E+01   -0.966960549354553223E+01   -0.830423074960708618E+01   -0.650360375642776489E+01   -0.451919609308242798E+01   -0.262113942764443782E+06   -0.790375511231544792E+01    1
    0.951514412280321298E+00    0.306354236602783203E+03   -0.722645318508148193E+01   -0.991815400123596191E+01   -0.666127687692642212E+01   -0.248758047819137573E+01   -0.942743742465972900E+01   -0.930484384298324585E+01   -0.386543554067611694E+01   -0.261975800043352268E+06   -0.790475511231541006E+01    1
    0.951500514373183393E+00    0.227996307611465454E+03   -0.596125411987304688E+01   -0.328363704681396484E+01   -0.573265695571899414E+01   -0.724173802137374878E+01   -0.250409537553787231E+01   -0.804906308650970459E+01   -0.447435224056243896E+01   -0.261600332280543254E+06   -0.790575511231541039E+01    1
    0.876843758250489325E+00    0.431065317317508629E+03   -0.699656771101670572E+01   -0.495525694479504786E+01   -0.492003191381080018E+01   -0.665937856648213611E+01   -0.464293905509599103E+01   -0.134095908309921263E+01   -0.942039875970807294E+01   -0.260821438339105312E+06   -0.790675511231541606E+01    1
    0.943563496209383179E+00    0.429473137855529785E+03   -0.407594817876815796E+01   -0.553127831220626831E+01   -0.252065694332122803E+01   -0.876379400491714478E+01   -0.626050871610641479E+01   -0.800827687978744507E+01   -0.871626311540603638E+01   -0.260668984152125107E+06   -0.790775511231541461E+01    1
    0.881097919014573239E+00    0.329327768087387085E+03   -0.662169981002807617E+01   -0.108850753307342529E+01   -0.916499936580657959E+01   -0.715692603588104248E+01   -0.563150495290756226E+01   -0.338972967863082886E+01   -0.484667825698852539E+01   -0.260171483547169395E+06   -0.790875511231541584E+01    1
    0.951727630250930989E+00    0.339466375112533569E+03   -0.702664363384246826E+01   -0.161338847875595093E+01   -0.745455735921859741E+01   -0.914716482162475586E+01   -0.609914165735244751E+01   -0.361934500932693481E+01   -0.633972615003585815E+01   -0.260132535893135384E+06   -0.790975511231544637E+01    1
    0.876218759210926956E+00    0.478084016238891081E+03   -0.513821615961067035E+01   -0.231056001070889838E+01   -0.480875136012236837E+01   -0.192124996344203680E+01   -0.145266565404462433E+01   -0.646354243552076824E+01   -0.923373498142619908E+01   -0.258919422499683540E+06   -0.791075511231547779E+01    1
    0.930596562814772321E+00    0.497500199079513550E+03   -0.350775921344757080E+01   -0.950840312242507935E+01   -0.132312142848968506E+01   -0.502921223640441895E+01   -0.882941317558288574E+01   -0.293172693252563477E+01   -0.342895483970642090E+01   -0.258112424392408284E+06   -0.791175511231549677E+01    1
    0.945032624842326308E+00    0.259702129588855655E+03   -0.727555215606554739E+01   -0.254719882274521225E+01   -0.769292367852502235E+01   -0.365439871529856575E+01   -0.606109487570509753E+01   -0.678008383900335865E+01   -0.141890110905671385E+01   -0.257729822255938518E+06   -0.791275511231550688E+01    1
    0.945623680379212073E+00    0.349351924657821655E+03   -0.489418447017669678E+01   -0.211637723445892334E+01   -0.256646692752838135E+01   -0.160845643281936646E+01   -0.834407174587249756E+01   -0.425276690721511841E+01   -0.979786068201065063E+01   -0.256410433467750234E+06   -0.791375511231545303E+01    1
    0.947398016334593418E+00    0.268808746337890625E+03   -0.958471089601516724E+01   -0.213981974124908447E+01   -0.407745450735092163E+01   -0.735530006885528564E+01   -0.322317737340927124E+01   -0.876302421092987061E+01   -0.275915145874023438E+01   -0.256017320813362283E+06   -0.791475511231544360E+01    1
    0.948345431122254001E+00    0.463487502353361037E+03   -0.871709235129486615E+01   -0.307899739573391873E+01   -0.564079993294090176E+01   -0.454406803947171589E+01   -0.660258648447679786E+01   -0.280939581665679761E+01   -0.621188892913689372E+01   -0.255773362376487494E+06   -0.791575511231544926E+01    1
    0.879690740498830781E+00    0.246822598381958301E+03   -0.908975464654366938E+01   -0.588180375237464403E+01   -0.740210865561952858E+01   -0.289996456155238214E+01   -0.765338916292609461E+01   -0.782277097946503019E+01   -0.226359509860228059E+01   -0.254878524376764457E+06   -0.791675511231545315E+01    1
    0.955261080123245843E+00    0.232274323701858521E+03   -0.792024999856948853E+01   -0.989886569976806641E+01   -0.660158914327621460E+01   -0.408309787511825562E+01   -0.909540462493896484E+01   -0.467628127336502075E+01   -0.783473366498947144E+01   -0.254153582694439217E+06   -0.791775511231544993E+01    1
    0.947466696070969228E+00    0.287884134054183960E+03   -0.911683386564254761E+01   -0.619418573379516602E+01   -0.687626451253890991E+01   -0.958754438161849976E+01   -0.501214855909347534E+01   -0.289472156763076782E+01   -0.281128877401351929E+01   -0.254027651112240623E+06   -0.791875511231544404E+01    1
    0.879939960712373459E+00    0.431012725830078125E+03   -0.777633982896804810E+01   -0.758941775560379028E+01   -0.342279058694839478E+01   -0.339576089382171631E+01   -0.523408794403076172E+01   -0.760014927387237549E+01   -0.632459580898284912E+01   -0.253457382500452659E+06   -0.791975511231544882E+01    1
    0.940958590682387519E+00    0.499197375774383545E+03   -0.848150920867919922E+01   -0.796634215116500854E+01   -0.257544857263565063E+01   -0.352072125673294067E+01   -0.535513120889663696E+01   -0.807236129045486450E+01   -0.867064625024795532E+01   -0.253301483610136027E+06   -0.792075511231541185E+01    1
    0.948095581840574964E+00    0.205741643905639648E+03   -0.148306745290756226E+01   -0.623954457044601440E+01   -0.216494935750961304E+01   -0.624442243576049805E+01   -0.204210686683654785E+01   -0.468838822841644287E+01   -0.847389924526214600E+01   -0.253281868277852103E+06   -0.792175511231543883E+01    1
    0.951615883997157019E+00    0.339999298871488008E+03   -0.303401801435124074E+01   -0.677631207285635728E+01   -0.948556395294372123E+01   -0.819054918312427205E+01   -0.513737238587421885E+01   -0.599196351982489706E+01   -0.622451160031447692E+01   -0.252027687869927962E+06   -0.792275511231548890E+01    1
    0.874300857533097386E+00    0.308039575815200806E+03   -0.704929113388061523E+01   -0.132023000717163086E+01   -0.113519406318664551E+01   -0.386518985033035278E+01   -0.372100716829299927E+01   -0.304135900735855103E+01   -0.888774693012237549E+01   -0.252025483150565327E+06   -0.792375511231545016E+01    1
    0.877652244821906291E+00    0.496556758880615234E+03   -0.247387975454330444E+01   -0.522692322731018066E+01   -0.787910437583923340E+01   -0.976096260547637939E+01   -0.280247074365615845E+01   -0.630586004257202148E+01   -0.962838906049728394E+01   -0.251830644350768562E+06   -0.792475511231544605E+01    1
    0.865832173290252860E+00    0.418936026096343994E+03   -0.846783530712127686E+01   -0.866885882616043091E+01   -0.187655127048492432E+01   -0.268931531906127930E+01   -0.158289927244186401E+01   -0.181347912549972534E+01   -0.127836179733276367E+01   -0.251567218048392213E+06   -0.792575511231544905E+01    1
    0.940717259543717099E+00    0.472626304626464844E+03   -0.404314690828323364E+01   -0.582026648521423340E+01   -0.932992678880691528E+01   -0.386656582355499268E+01   -0.111520248651504517E+01   -0.810831737518310547E+01   -0.417957049608230591E+01   -0.251179861701238522E+06   -0.792675511231543428E+01    1
    0.933905752993405058E+00    0.473149353265762329E+03   -0.333813846111297607E+01   -0.627236461639404297E+01   -0.149843436479568481E+01   -0.400395178794860840E+01   -0.326467812061309814E+01   -0.971829456090927124E+01   -0.617525953054428101E+01   -0.251009556505308865E+06   -0.792775511231545416E+01    1
    0.947816781068802072E+00    0.283369511365890503E+03   -0.268237805366516113E+01   -0.623146843910217285E+01   -0.274860018491744995E+01   -0.816998833417892456E+01   -0.388177073001861572E+01   -0.894057410955429077E+01   -0.770705246925354004E+01   -0.249119188059482258E+06   -0.792875511231548646E+01    1
    0.879596186360930288E+00    0.209881252090413909E+03   -0.308803623270564920E+01   -0.391871942199640255E+01   -0.624978515817570113E+01   -0.611427876605405451E+01   -0.315875391235619318E+01   -0.875356305963208570E+01   -0.173756489017832649E+01   -0.248907849909200973E+06   -0.792975511231550634E+01    1
    0.878362621797168508E+00    0.358618104286840435E+03   -0.635404779685459964E+01   -0.786091696983685750E+01   -0.316601413798184073E+01   -0.427610389890746934E+01   -0.520787637356995603E+01   -0.184163271464287170E+01   -0.854971530157281023E+01   -0.248396399738664681E+06   -0.793075511231548802E+01    1
    0.871822160323441175E+00    0.458481818437576294E+03   -0.165686976909637451E+01   -0.850661307573318481E+01   -0.639792686700820923E+01   -0.787168270349502563E+01   -0.609395319223403931E+01   -0.206451779603958130E+01   -0.290881711244583130E+01   -0.247869548240124568E+06   -0.793175511231548125E+01    1
    0.874948270197808853E+00    0.370531219244003296E+03   -0.837901234626770020E+01   -0.339513862133026123E+01   -0.982771259546279907E+01   -0.196805375814437866E+01   -0.105154561996459961E+01   -0.325539177656173706E+01   -0.271605962514877319E+01   -0.247248610096264078E+06   -0.793275511231545316E+01    1
    0.871915615541517863E+00    0.396199727058410645E+03   -0.549554592370986938E+01   -0.665208548307418823E+01   -0.148650604486465454E+01   -0.137757939100265503E+01   -0.198447746038436890E+01   -0.571331876516342163E+01   -0.839502620697021484E+01   -0.245732440453261283E+06   -0.793375511231544461E+01    1
    0.952166202238619475E+00    0.234605145454406738E+03   -0.496293914318084717E+01   -0.773834151029586792E+01   -0.529134076833724976E+01   -0.691148138046264648E+01   -0.839815419912338257E+01   -0.296304064989089966E+01   -0.739895892143249512E+01   -0.243250003408910066E+06   -0.793475511231549113E+01    1
    0.947652455588649412E+00    0.214859700848571237E+03   -0.132737247638383415E+01   -0.219593595743109837E+01   -0.394329023581802129E+01   -0.363344272422370373E+01   -0.761863359907182769E+01   -0.602082601368951487E+01   -0.275072581463915888E+01   -0.242381153875501768E+06   -0.793575511231546571E+01    1
    0.868649366126200806E+00    0.441916021295908990E+03   -0.103781804865908178E+01   -0.353240009481995454E+01   -0.734079875792744119E+01   -0.218489801347769141E+01   -0.129019788200351115E+01   -0.848185622767688230E+01   -0.203162627603419477E+01   -0.241451134509104624E+06   -0.793675511231546782E+01    1
    0.950911461975217032E+00    0.447558343410491943E+03   -0.961243796348571777E+01   -0.585745048522949219E+01   -0.568336707353591919E+01   -0.287568539381027222E+01   -0.989387142658233643E+01   -0.781689751148223877E+01   -0.489253813028335571E+01   -0.241353358906567941E+06   -0.793775511231550812E+01    1
    0.882485050522506365E+00    0.288271641731262207E+03   -0.897924619913101196E+01   -0.419192796945571899E+01   -0.535367745161056519E+01   -0.479148322343826294E+01   -0.728622406721115112E+01   -0.192787587642669678E+01   -0.507366234064102173E+01   -0.241248490653187502E+06   -0.793875511231551201E+01    1
    0.953744479214251206E+00    0.250148367881774902E+03   -0.872355818748474121E+01   -0.538018786907196045E+01   -0.533533436059951782E+01   -0.714064663648605347E+01   -0.786320799589157104E+01   -0.738144677877426147E+01   -0.653005194664001465E+01   -0.240465290287878481E+06   -0.793975511231547149E+01    1
    0.947290445055079089E+00    0.398282554997339730E+03   -0.341468887517366149E+01   -0.129027138830890031E+01   -0.855331561631447990E+01   -0.209364683823052644E+01   -0.397745626718819612E+01   -0.862673720408936262E+01   -0.592604584543824853E+01   -0.239765900397871039E+06   -0.794075511231544429E+01    1
    0.874449695603300881E+00    0.413692155046327628E+03   -0.421686584017079635E+01   -0.224184627985276475E+01   -0.232472875157874981E+01   -0.633877140579197018E+01   -0.252733450746426147E+01   -0.334239391574043143E+01   -0.869464152192632689E+01   -0.239376057745697704E+06   -0.794175511231547571E+01    1
    0.870130158625600725E+00    0.406613155055672053E+03   -0.228442051989685879E+01   -0.290463865374356356E+01   -0.117984977631394905E+01   -0.799230797307275154E+01   -0.254678926610104561E+01   -0.873491720360164869E+01   -0.723906112063583684E+01   -0.238117708728096128E+06   -0.794275511231544140E+01    1
    0.883861943260946914E+00    0.281620044532333225E+03   -0.497586682937259184E+01   -0.440002666676186838E+01   -0.381582621131788002E+01   -0.673843452828025580E+01   -0.578655214476188284E+01   -0.746427969083911425E+01   -0.750388404326547409E+01   -0.238019382052732108E+06   -0.794375511231543552E+01    1
    0.945895189000432457E+00    0.354088171348298943E+03   -0.476962256383431082E+01   -0.412468691540749255E+01   -0.945025013666036884E+01   -0.121303012397875953E+01   -0.422157001267300203E+01   -0.871306568077664956E+01   -0.322293612659046946E+01   -0.237954648681192746E+06   -0.794475511231546072E+01    1
    0.934810141002194950E+00    0.497561503654223884E+03   -0.880894052755346557E+01   -0.251626598376973920E+01   -0.807060854036064868E+01   -0.512845941700745023E+01   -0.742386217436241047E+01   -0.868108350355756642E+01   -0.222858582726088450E+01   -0.237337266281142394E+06   -0.794575511231550102E+01    1
    0.869335080596566390E+00    0.402573835849761963E+03   -0.175151205062866211E+01   -0.155314767360687256E+01   -0.101071435213088989E+01   -0.391797304153442383E+01   -0.773288697004318237E+01   -0.152676546573638916E+01   -0.857621371746063232E+01   -0.236832162569084991E+06   -0.794675511231552267E+01    1
    0.881170800952792321E+00    0.256350815296173096E+03   -0.183629614114761353E+01   -0.724806267023086548E+01   -0.634651106595993042E+01   -0.938769084215164185E+01   -0.129603701829910278E+01   -0.807547533512115479E+01   -0.776372271776199341E+01   -0.235480491633484460E+06   -0.794775511231547327E+01    1
    0.887046299872219723E+00    0.395669901371002197E+03   -0.957880574464797974E+01   -0.669222527742385864E+01   -0.625577676296234131E+01   -0.411419916152954102E+01   -0.598879557847976685E+01   -0.548568880558013916E+01   -0.639105719327926636E+01   -0.235389839282052155E+06   -0.794875511231543719E+01    1
    0.929018865830540830E+00    0.443608540296554565E+03   -0.477165472507476807E+01   -0.924753791093826294E+01   -0.535557377338409424E+01   -0.648032861948013306E+01   -0.126489120721817017E+01   -0.349740695953369141E+01   -0.100588476657867432E+01   -0.235286010897897562E+06   -0.794975511231547838E+01    1
    0.948206042844236041E+00    0.350424289703369141E+03   -0.228819042444229126E+01   -0.703017288446426392E+01   -0.471981942653656006E+01   -0.786179769039154053E+01   -0.875939089059829712E+01   -0.613788992166519165E+01   -0.977497714757919312E+01   -0.234910234644279262E+06   -0.795075511231548315E+01    1
    0.945489592933416501E+00    0.452746880054473877E+03   -0.442039692401885986E+01   -0.818083465099334717E+01   -0.420253878831863403E+01   -0.629000014066696167E+01   -0.482097250223159790E+01   -0.300574731826782227E+01   -0.598027688264846802E+01   -0.234607122508969536E+06   -0.795175511231547016E+01    1
    0.869147130553186154E+00    0.432053673267364502E+03   -0.707865273952484131E+01   -0.303834956884384155E+01   -0.118466418981552124E+01   -0.368324542045593262E+01   -0.296574914455413818E+01   -0.962658661603927612E+01   -0.348350560665130615E+01   -0.233634194279708288E+06   -0.795275511231551402E+01    1
    0.881592750168085248E+00    0.207446366548538208E+03   -0.183314508199691772E+01   -0.110752385854721069E+01   -0.279665356874465942E+01   -0.548600101470947266E+01   -0.350302028656005859E+01   -0.208565092086791992E+01   -0.392159402370452881E+01   -0.232865322130186221E+06   -0.795375511231550458E+01    1
    0.878451505801141397E+00    0.249703228473663330E+03   -0.827882057428359985E+01   -0.769428139925003052E+01   -0.107058984041213989E+01   -0.860242801904678345E+01   -0.464598518610000610E+01   -0.285439723730087280E+01   -0.639029061794281006E+01   -0.231637747549977415E+06   -0.795475511231546761E+01    1
    0.936509038921773618E+00    0.415350610017776489E+03   -0.683244311809539795E+01   -0.136134934425354004E+01   -0.239430075883865356E+01   -0.291733527183532715E+01   -0.897289311885833740E+01   -0.261053508520126343E+01   -0.252263373136520386E+01   -0.230506536457679205E+06   -0.795575511231547772E+01    1
    0.952628214633465031E+00    0.262336254119873047E+03   -0.768953442573547363E+01   -0.826068294048309326E+01   -0.869022315740585327E+01   -0.829111045598983765E+01   -0.362432855367660522E+01   -0.563707697391510010E+01   -0.844024235010147095E+01   -0.230261000172552129E+06   -0.795675511231550292E+01    1
    0.949518607155919181E+00    0.280526638031005859E+03   -0.823266726732254028E+01   -0.798881959915161133E+01   -0.386503750085830688E+01   -0.326644355058670044E+01   -0.496387201547622681E+01   -0.333943021297454834E+01   -0.946183675527572632E+01   -0.229753983463659621E+06   -0.795775511231548283E+01    1
    0.883354140277683886E+00    0.489323359727859497E+03   -0.344649541378021240E+01   -0.893080013990402222E+01   -0.645094072818756104E+01   -0.206865161657333374E+01   -0.500469952821731567E+01   -0.459870642423629761E+01   -0.787697845697402954E+01   -0.229661464963755861E+06   -0.795875511231548494E+01    1
    0.951592120184719725E+00    0.262789869308471680E+03   -0.358798301219940186E+01   -0.847824120521545410E+01   -0.566849529743194580E+01   -0.514021170139312744E+01   -0.704085826873779297E+01   -0.523503690958023071E+01   -0.823576253652572632E+01   -0.229660315044909570E+06   -0.795975511231546751E+01    1
    0.884393900309548453E+00    0.321499403371275889E+03   -0.482103556035794423E+01   -0.774510943271917451E+01   -0.771298346040553007E+01   -0.828394987294547569E+01   -0.850824242813703258E+01   -0.251286239044447424E+01   -0.779345343910258670E+01   -0.229273944319061673E+06   -0.796075511231543409E+01    1
    0.883091666810989495E+00    0.214232748746871948E+03   -0.524246233701705933E+01   -0.339442461729049683E+01   -0.608594411611557007E+01   -0.839828938245773315E+01   -0.815149718523025513E+01   -0.376286035776138306E+01   -0.278823196887969971E+01   -0.228644359791057563E+06   -0.796175511231543620E+01    1
    0.944551517031312127E+00    0.211684113740921021E+03   -0.285951060056686401E+01   -0.417462825775146484E+01   -0.862549126148223877E+01   -0.139875757694244385E+01   -0.986299920082092285E+01   -0.734996944665908813E+01   -0.112147617340087891E+01   -0.226964821057189838E+06   -0.796275511231541078E+01    1
    0.886070338494122201E+00    0.291051411628723145E+03   -0.833978128433227539E+01   -0.622255331277847290E+01   -0.444266408681869507E+01   -0.750357794761657715E+01   -0.841593939065933228E+01   -0.510318380594253540E+01   -0.904275017976760864E+01   -0.226709678373196075E+06   -0.796375511231541822E+01    1
    0.948753904909551249E+00    0.288237541913986206E+03   -0.228146505355834961E+01   -0.509988200664520264E+01   -0.790104162693023682E+01   -0.925185894966125488E+01   -0.962943083047866821E+01   -0.348042589426040649E+01   -0.787592059373855591E+01   -0.226621286477741407E+06   -0.796475511231548605E+01    1
    0.944463205133199812E+00    0.272445964813232422E+03   -0.769301325082778931E+01   -0.263030886650085449E+01   -0.440990197658538818E+01   -0.847230118513107300E+01   -0.207657057046890259E+01   -0.296212011575698853E+01   -0.276855474710464478E+01   -0.226496698604185221E+06   -0.796575511231551925E+01    1
    0.947720863623082832E+00    0.301507878303527832E+03   -0.513888615369796753E+01   -0.880859011411666870E+01   -0.995519155263900757E+01   -0.762280857563018799E+01   -0.943051123619079590E+01   -0.147668164968490601E+01   -0.639227437973022461E+01   -0.226199995130574302E+06   -0.796675511231546896E+01    1
    0.882411894685517173E+00    0.472931075167361371E+03   -0.326044848369849039E+01   -0.493087424062002810E+01   -0.881715798324067279E+01   -0.678100974973702542E+01   -0.336395391383969677E+01   -0.677056109000649542E+01   -0.620985234933045582E+01   -0.225949266739207058E+06   -0.796775511231548439E+01    1
    0.879054784403264677E+00    0.318548953533172607E+03   -0.993578094244003296E+01   -0.882280850410461426E+01   -0.953912460803985596E+01   -0.730164462327957153E+01   -0.840899676084518433E+01   -0.298661941289901733E+01   -0.229167407751083374E+01   -0.225755235992385744E+06   -0.796875511231551403E+01    1
    0.943823004059672566E+00    0.327130734920501709E+03   -0.988545840978622437E+01   -0.936774486303329468E+01   -0.806693410873413086E+01   -0.248536872863769531E+01   -0.142899733781814575E+01   -0.144561952352523804E+01   -0.941903138160705566E+01   -0.225279360391423659E+06   -0.796975511231546729E+01    1
    0.934334815310776445E+00    0.456527829170227051E+03   -0.293392848968505859E+01   -0.347992753982543945E+01   -0.686038476228713989E+01   -0.998200184106826782E+01   -0.501580387353897095E+01   -0.609941148757934570E+01   -0.198616188764572144E+01   -0.225202757050897460E+06   -0.797075511231544809E+01    1
    0.944490191148162017E+00    0.302229785919189453E+03   -0.277801489830017090E+01   -0.174645984172821045E+01   -0.242915177345275879E+01   -0.794200325012207031E+01   -0.705198997259140015E+01   -0.640599709749221802E+01   -0.618786644935607910E+01   -0.225082168995797605E+06   -0.797175511231544043E+01    1
    0.942870745726347104E+00    0.433681041002273560E+03   -0.743621480464935303E+01   -0.539982271194458008E+01   -0.424704146385192871E+01   -0.424065566062927246E+01   -0.160802942514419556E+01   -0.843232393264770508E+01   -0.973968893289566040E+01   -0.225076779690256488E+06   -0.797275511231546119E+01    1
    0.873387940125882833E+00    0.483740180730819702E+03   -0.126319283246994019E+01   -0.767695915699005127E+01   -0.272303229570388794E+01   -0.621522873640060425E+01   -0.554406601190567017E+01   -0.860891467332839966E+01   -0.476084810495376587E+01   -0.224433051570367912E+06   -0.797375511231548284E+01    1
    0.885910052946210058E+00    0.294188201427459717E+03   -0.340198630094528198E+01   -0.948090296983718872E+01   -0.563502669334411621E+01   -0.631773900985717773E+01   -0.535369890928268433E+01   -0.922490650415420532E+01   -0.860534250736236572E+01   -0.224206399594702874E+06   -0.797475511231551248E+01    1
    0.950116074900806074E+00    0.200187790393829346E+03   -0.218608462810516357E+01   -0.148970538377761841E+01   -0.724939090013504028E+01   -0.911465215682983398E+01   -0.650050741434097290E+01   -0.720381963253021240E+01   -0.653764098882675171E+01   -0.223637873435492424E+06   -0.797575511231550571E+01    1
    0.940936463463306616E+00    0.351431781053543091E+03   -0.476161468029022217E+01   -0.659714794158935547E+01   -0.252051156759262085E+01   -0.148512417078018188E+01   -0.174214792251586914E+01   -0.504917269945144653E+01   -0.426509702205657959E+01   -0.223428199504673248E+06   -0.797675511231545542E+01    1
    0.876678296998858575E+00    0.358218216896057129E+03   -0.923513752222061157E+01   -0.967698371410369873E+01   -0.161510401964187622E+01   -0.325649309158325195E+01   -0.509696108102798462E+01   -0.401987498998641968E+01   -0.565181249380111694E+01   -0.223195142277026287E+06   -0.797775511231546197E+01    1
    0.933900784765184122E+00    0.487168401479721069E+03   -0.715213453769683838E+01   -0.738225787878036499E+01   -0.291958135366439819E+01   -0.403533256053924561E+01   -0.294306516647338867E+01   -0.334527528285980225E+01   -0.269752395153045654E+01   -0.222566445661187521E+06   -0.797875511231549606E+01    1
    0.948392983023959357E+00    0.243957749930675618E+03   -0.383669127119358588E+01   -0.533670815131698184E+01   -0.366599511716338267E+01   -0.708086098519687646E+01   -0.646254742025653250E+01   -0.505399243590479941E+01   -0.432546088442306864E+01   -0.222269803159786999E+06   -0.797975511231547596E+01    1
    0.876724521219134467E+00    0.342095637321472168E+03   -0.784203624725341797E+01   -0.385704237222671509E+01   -0.801938337087631226E+01   -0.634073895215988159E+01   -0.976794815063476562E+01   -0.801942360401153564E+01   -0.171266615390777588E+01   -0.222196996570088377E+06   -0.798075511231542833E+01    1
    0.950636009833037976E+00    0.330770134925842285E+03   -0.551140689849853516E+01   -0.274952179193496704E+01   -0.727487564086914062E+01   -0.770690602064132690E+01   -0.754691922664642334E+01   -0.396131753921508789E+01   -0.778937751054763794E+01   -0.221662782611660397E+06   -0.798175511231540735E+01    1
    0.883183743181586434E+00    0.409836506843566895E+03   -0.243378931283950806E+01   -0.590066087245941162E+01   -0.848320114612579346E+01   -0.983923858404159546E+01   -0.408600914478302002E+01   -0.780021846294403076E+01   -0.890668010711669922E+01   -0.220508585596408724E+06   -0.798275511231549473E+01    1
    0.879850941210324589E+00    0.366826883352181653E+03   -0.560739654808360921E+01   -0.392923467573008622E+01   -0.334161694645862184E+01   -0.630658735867523923E+01   -0.942049261597806797E+01   -0.635972986634884307E+01   -0.342979388623809633E+01   -0.220134067232397123E+06   -0.798375511231546930E+01    1
    0.942942686546445086E+00    0.388881945610046387E+03   -0.160916507244110107E+01   -0.320785123109817505E+01   -0.895963281393051147E+01   -0.513376742601394653E+01   -0.278311431407928467E+01   -0.598822695016860962E+01   -0.969859373569488525E+01   -0.219822300296520552E+06   -0.798475511231546253E+01    1
    0.943648951923430124E+00    0.381218445301055908E+03   -0.842335891723632812E+01   -0.497108179330825806E+01   -0.704463857412338257E+01   -0.678770548105239868E+01   -0.905317217111587524E+01   -0.187202048301696777E+01   -0.382111418247222900E+01   -0.219782788521497918E+06   -0.798575511231546376E+01    1
    0.879940113917648925E+00    0.283920007944107056E+03   -0.138839834928512573E+01   -0.700317698717117310E+01   -0.199195706844329834E+01   -0.487150210142135620E+01   -0.737045562267303467E+01   -0.642306023836135864E+01   -0.790482890605926514E+01   -0.219670016831709072E+06   -0.798675511231548452E+01    1
    0.937863493933081771E+00    0.478275537490844727E+03   -0.490039914846420288E+01   -0.659144663810729980E+01   -0.233424609899520874E+01   -0.756186181306838989E+01   -0.628878134489059448E+01   -0.715672487020492554E+01   -0.702371305227279663E+01   -0.219258138295421988E+06   -0.798775511231547863E+01    1
    0.884527703631520446E+00    0.338577169179916382E+03   -0.681835454702377319E+01   -0.231942635774612427E+01   -0.513296222686767578E+01   -0.503118848800659180E+01   -0.618254655599594116E+01   -0.294145959615707397E+01   -0.824364286661148071E+01   -0.219199337035928736E+06   -0.798875511231549851E+01    1
    0.887395060738742525E+00    0.302497059106826782E+03   -0.997451847791671753E+01   -0.488349479436874390E+01   -0.966298794746398926E+01   -0.548360365629196167E+01   -0.470209378004074097E+01   -0.748051095008850098E+01   -0.551154851913452148E+01   -0.218883946687320014E+06   -0.798975511231545443E+01    1
    0.878766857892304576E+00    0.334869682797846963E+03   -0.157028431766491039E+01   -0.832023725333414177E+01   -0.233490954990208532E+01   -0.590448913048110846E+01   -0.319860782031394653E+01   -0.875724893860222231E+01   -0.869881220732681726E+01   -0.218460931629870116E+06   -0.799075511231543700E+01    1
    0.879527893237352476E+00    0.398660886287689209E+03   -0.335264706611633301E+01   -0.557948619127273560E+01   -0.262026131153106689E+01   -0.650236135721206665E+01   -0.870599186420440674E+01   -0.701926380395889282E+01   -0.824725204706192017E+01   -0.218285381000466092E+06   -0.799175511231547375E+01    1
    0.948310211488366250E+00    0.219103050231933594E+03   -0.186271589994430542E+01   -0.930021488666534424E+01   -0.348478931188583374E+01   -0.271002519130706787E+01   -0.783068460226058960E+01   -0.744687551259994507E+01   -0.931464302539825439E+01   -0.218200711610398517E+06   -0.799275511231544478E+01    1
    0.952328205874264366E+00    0.305350625514984131E+03   -0.781116455793380737E+01   -0.896359604597091675E+01   -0.690882760286331177E+01   -0.691596066951751709E+01   -0.495370912551879883E+01   -0.666766589879989624E+01   -0.599641895294189453E+01   -0.217717747572018212E+06   -0.799375511231540603E+01    1
    0.940391184001207470E+00    0.385262733697891235E+03   -0.676435256004333496E+01   -0.922040200233459473E+01   -0.207446825504302979E+01   -0.985827368497848511E+01   -0.507390749454498291E+01   -0.622954690456390381E+01   -0.615758430957794189E+01   -0.217594007001437218E+06   -0.799475511231543301E+01    1
    0.889320052196145183E+00    0.287751650810241699E+03   -0.734369254112243652E+01   -0.394132113456726074E+01   -0.852550870180130005E+01   -0.799689036607742310E+01   -0.990309822559356689E+01   -0.861417233943939209E+01   -0.981889456510543823E+01   -0.216445406220206787E+06   -0.799575511231544667E+01    1
    0.883342187706728899E+00    0.320418773295061442E+03   -0.565784283096096630E+01   -0.861983247524003282E+01   -0.685882856374005723E+01   -0.594122369400679151E+01   -0.475193205348764902E+01   -0.144859088666856195E+01   -0.801300835612194362E+01   -0.216180936833818239E+06   -0.799675511231546299E+01    1
    0.950420920569420069E+00    0.233888852596282959E+03   -0.855802887678146362E+01   -0.360483747720718384E+01   -0.408212959766387939E+01   -0.289406871795654297E+01   -0.750731104612350464E+01   -0.839366686344146729E+01   -0.750798428058624268E+01   -0.216124775351292017E+06   -0.799775511231550951E+01    1
    0.947832823849797390E+00    0.215518957376480103E+03   -0.224557816982269287E+01   -0.634238958358764648E+01   -0.357365250587463379E+01   -0.720749318599700928E+01   -0.340164512395858765E+01   -0.399623399972915649E+01   -0.763310182094573975E+01   -0.214786459966794442E+06   -0.799875511231546010E+01    1
    0.880000651887953400E+00    0.388788944482803345E+03   -0.102072113752365112E+01   -0.211340910196304321E+01   -0.916301077604293823E+01   -0.230472248792648315E+01   -0.989244931936264038E+01   -0.855929273366928101E+01   -0.616268372535705566E+01   -0.213338011264622939E+06   -0.799975511231544534E+01    1
    0.879435001782781445E+00    0.446822985220301121E+03   -0.305236623837367205E+01   -0.655707852745403486E+01   -0.610230940812201617E+01   -0.789445725600266712E+01   -0.130705495094695401E+01   -0.392402952528367521E+01   -0.954351431803173433E+01   -0.211190925782502134E+06   -0.800075511231552028E+01    1
    0.948772628782868610E+00    0.231524378061294556E+03   -0.183701765537261963E+01   -0.315946632623672485E+01   -0.894705647230148315E+01   -0.728556907176971436E+01   -0.650451517105102539E+01   -0.999373543262481689E+01   -0.845876514911651611E+01   -0.210961118793089845E+06   -0.800175511231550018E+01    1
    0.879770268872331451E+00    0.354208708665928668E+03   -0.193764524845217956E+01   -0.768468055219420165E+01   -0.243747825010450114E+01   -0.844805404924625236E+01   -0.577151448365059316E+01   -0.901450273596837626E+01   -0.624290585776500428E+01   -0.210959285540990153E+06   -0.800275511231545345E+01    1
    0.881923990917027112E+00    0.280709940195083618E+03   -0.191562783718109131E+01   -0.261606258153915405E+01   -0.258956503868103027E+01   -0.472329449653625488E+01   -0.805971843004226685E+01   -0.422908782958984375E+01   -0.748151355981826782E+01   -0.210535495194834453E+06   -0.800375511231546000E+01    1
    0.885621609433176693E+00    0.248354261395132426E+03   -0.344259860109596083E+01   -0.840949922107138192E+01   -0.899815281613845741E+01   -0.588394249133451819E+01   -0.362178344630417381E+01   -0.323746832329654488E+01   -0.527228518683840974E+01   -0.210076504980409722E+06   -0.800475511231542924E+01    1
    0.886295123463034740E+00    0.246246719360351562E+03   -0.694665265083312988E+01   -0.403053033351898193E+01   -0.391186887025833130E+01   -0.146549147367477417E+01   -0.425165593624114990E+01   -0.753111457824707031E+01   -0.724279373884201050E+01   -0.209304963035037596E+06   -0.800575511231544468E+01    1
    0.945480389673650445E+00    0.363452476263046265E+03   -0.227788054943084717E+01   -0.652748346328735352E+01   -0.887525373697280884E+01   -0.760159122943878174E+01   -0.346442705392837524E+01   -0.721335434913635254E+01   -0.559431612491607666E+01   -0.209111959163981053E+06   -0.800675511231551162E+01    1
    0.886727534409999962E+00    0.329379552602767944E+03   -0.577796107530593872E+01   -0.169103896617889404E+01   -0.567169678211212158E+01   -0.426069337129592896E+01   -0.602850729227066040E+01   -0.927192562818527222E+01   -0.831424289941787720E+01   -0.209094407618138968E+06   -0.800775511231546666E+01    1
    0.887108369895279525E+00    0.293489521741867065E+03   -0.814337009191513062E+01   -0.884999644756317139E+01   -0.443886983394622803E+01   -0.258905595541000366E+01   -0.413073605298995972E+01   -0.760761600732803345E+01   -0.875840383768081665E+01   -0.208859234537097189E+06   -0.800875511231548032E+01    1
    0.887464113165872148E+00    0.224721953734735166E+03   -0.673777347146005834E+01   -0.439742735997512835E+01   -0.481441165983229880E+01   -0.679675481153099081E+01   -0.805459036012580398E+01   -0.576573067894566282E+01   -0.554764857950004942E+01   -0.208740111716881453E+06   -0.800975511231547443E+01    1
    0.878815609081685656E+00    0.334296613931655884E+03   -0.618863999843597412E+01   -0.496349382400512695E+01   -0.851501911878585815E+01   -0.425020593404769897E+01   -0.969336289167404175E+01   -0.587937861680984497E+01   -0.189116394519805908E+01   -0.208459549740741408E+06   -0.801075511231544901E+01    1
    0.944763695394694958E+00    0.332801854610443115E+03   -0.817914378643035889E+01   -0.607129496335983276E+01   -0.926525014638900757E+01   -0.112884420156478882E+01   -0.691706359386444092E+01   -0.102465540170669556E+01   -0.862980157136917114E+01   -0.208404284106111008E+06   -0.801175511231548754E+01    1
    0.944368427995090576E+00    0.313189757630847396E+03   -0.446457584599898727E+01   -0.561371609936197036E+01   -0.581659315214652217E+01   -0.779691220267291740E+01   -0.201673072930535557E+01   -0.967406704500316827E+01   -0.406413670566557883E+01   -0.206998404884607357E+06   -0.801275511231550475E+01    1
    0.885183378437876867E+00    0.355682241916656494E+03   -0.937872582674026489E+01   -0.168521696329116821E+01   -0.492703080177307129E+01   -0.112917357683181763E+01   -0.973317170143127441E+01   -0.361697340011596680E+01   -0.735268491506576538E+01   -0.206230009266700567E+06   -0.801375511231549176E+01    1
    0.939059370540976657E+00    0.345997107028961182E+03   -0.875919079780578613E+01   -0.509999358654022217E+01   -0.225099194049835205E+01   -0.689447402954101562E+01   -0.934387320280075073E+01   -0.272741556167602539E+01   -0.294117313623428345E+01   -0.206085836919415597E+06   -0.801475511231543258E+01    1
    0.948748039052820347E+00    0.223323390079825145E+03   -0.801616099087070033E+01   -0.544520171887101512E+01   -0.391967236061694102E+01   -0.949580044630781295E+01   -0.321778444860782198E+01   -0.610244980406449766E+01   -0.844408527971074641E+01   -0.205989247057285073E+06   -0.801575511231547644E+01    1
    0.948494024989307127E+00    0.274368196725845337E+03   -0.695398849248886108E+01   -0.619410419464111328E+01   -0.774528467655181885E+01   -0.919223988056182861E+01   -0.866932177543640137E+01   -0.819367545843124390E+01   -0.395940887928009033E+01   -0.205394185741606198E+06   -0.801675511231550963E+01    1
    0.878102110227048538E+00    0.401038736104965210E+03   -0.129887104034423828E+01   -0.534921532869338989E+01   -0.495071202516555786E+01   -0.546085208654403687E+01   -0.685298079252243042E+01   -0.648140579462051392E+01   -0.309556698799133301E+01   -0.205388872241443081E+06   -0.801775511231549487E+01    1
    0.878620874233245974E+00    0.343933808803558350E+03   -0.514122128486633301E+01   -0.250998604297637939E+01   -0.187712150812149048E+01   -0.776202112436294556E+01   -0.641693085432052612E+01   -0.230540269613265991E+01   -0.522466856241226196E+01   -0.205358159767713078E+06   -0.801875511231546945E+01    1
    0.944022772795736986E+00    0.306819188594818115E+03   -0.385160553455352783E+01   -0.116682052612304688E+01   -0.380486214160919189E+01   -0.405664807558059692E+01   -0.221149694919586182E+01   -0.597686189413070679E+01   -0.817724370956420898E+01   -0.204337143956264219E+06   -0.801975511231546356E+01    1
    0.946473741081987008E+00    0.433092021059176886E+03   -0.875298908154190869E+01   -0.736980194044753389E+01   -0.440655626534204270E+01   -0.240706006944961448E+01   -0.439655500996217263E+01   -0.438093706291705764E+01   -0.611868279067871601E+01   -0.203806475635422074E+06   -0.802075511231548788E+01    1
    0.946037258020520411E+00    0.353711801767349243E+03   -0.785381543636322021E+01   -0.711481589078903198E+01   -0.735431998968124390E+01   -0.212258172035217285E+01   -0.234333395957946777E+01   -0.845204675197601318E+01   -0.540451818704605103E+01   -0.201905607508835441E+06   -0.802175511231546245E+01    1
    0.871659379736295481E+00    0.460600129019242672E+03   -0.828319390176248227E+01   -0.951906167482590782E+01   -0.608337575621853510E+01   -0.745568708625645105E+01   -0.602887808099783840E+01   -0.689411165416138871E+01   -0.155530454992977596E+01   -0.201786973515523248E+06   -0.802275511231546190E+01    1
    0.880923877457382654E+00    0.234633429958931458E+03   -0.946651249218519375E+01   -0.533668339154878613E+01   -0.380754869534178120E+01   -0.730870738638710726E+01   -0.417781111607102051E+01   -0.530131795253398597E+01   -0.112290751074996109E+01   -0.201742750368074136E+06   -0.802375511231545957E+01    1
    0.881731925421786578E+00    0.349314517185059003E+03   -0.316191207358037119E+01   -0.738826340932631620E+01   -0.274327871339252205E+01   -0.683157151749377345E+01   -0.469432771899434709E+01   -0.334610320644780845E+01   -0.664054035141437726E+01   -0.201024100106339698E+06   -0.802475511231541283E+01    1
    0.885316258215014806E+00    0.417585487385393662E+03   -0.462221309592367735E+01   -0.337328620013938352E+01   -0.462619524728239018E+01   -0.329248801929765822E+01   -0.400532025396654401E+01   -0.646697494159867325E+01   -0.934803840113269757E+01   -0.200747243621891888E+06   -0.802575511231543359E+01    1
    0.878690319995999447E+00    0.302889680862426758E+03   -0.445679825544357300E+01   -0.688823843002319336E+01   -0.611886823177337646E+01   -0.271848058700561523E+01   -0.468311876058578491E+01   -0.370951068401336670E+01   -0.135872453451156616E+01   -0.200284237699295016E+06   -0.802675511231544725E+01    1
    0.940162164000749812E+00    0.352404099702835083E+03   -0.946551728248596191E+01   -0.500099271535873413E+01   -0.215427631139755249E+01   -0.283526182174682617E+01   -0.407088309526443481E+01   -0.309490287303924561E+01   -0.959389317035675049E+01   -0.200276237649101618E+06   -0.802775511231544137E+01    1
    0.947825174529254633E+00    0.280793911218643188E+03   -0.670942735671997070E+01   -0.521268606185913086E+01   -0.582096225023269653E+01   -0.119834828376770020E+01   -0.981975984573364258E+01   -0.231340050697326660E+01   -0.594539046287536621E+01   -0.199961168924881698E+06   -0.802875511231547101E+01    1
    0.943302926865399072E+00    0.400463223457336426E+03   -0.247562211751937866E+01   -0.554950231313705444E+01   -0.636576449871063232E+01   -0.499424213171005249E+01   -0.275445169210433960E+01   -0.911523258686065674E+01   -0.661707407236099243E+01   -0.199416413751758082E+06   -0.802975511231548822E+01    1
    0.943733876572252495E+00    0.286444923665851093E+03   -0.305144663097838187E+01   -0.443412771498437586E+01   -0.258010851472724223E+01   -0.347324040477068596E+01   -0.892377458159586112E+01   -0.409913487059006965E+01   -0.501146847529079587E+01   -0.199254613067585800E+06   -0.803075511231550365E+01    1
    0.943311178063810041E+00    0.266206824779510498E+03   -0.327759027481079102E+01   -0.992956733703613281E+01   -0.637443178892135620E+01   -0.319878590106964111E+01   -0.874182349443435669E+01   -0.167734950780868530E+01   -0.273016321659088135E+01   -0.198841792977323232E+06   -0.803175511231550843E+01    1
    0.949405158649385128E+00    0.230323642492294312E+03   -0.460678523778915405E+01   -0.197269934415817261E+01   -0.983785241842269897E+01   -0.904155230522155762E+01   -0.408317083120346069E+01   -0.902979081869125366E+01   -0.854919046163558960E+01   -0.198811274889776978E+06   -0.803275511231546524E+01    1
    0.885671271581053854E+00    0.352386987209320068E+03   -0.315320497751235962E+01   -0.467093777656555176E+01   -0.855065816640853882E+01   -0.772647702693939209E+01   -0.650964570045471191E+01   -0.766268229484558105E+01   -0.462588953971862793E+01   -0.198647410531086265E+06   -0.803375511231548955E+01    1
    0.879728548375368291E+00    0.322669845819473267E+03   -0.324763107299804688E+01   -0.739837259054183960E+01   -0.360464274883270264E+01   -0.123685353994369507E+01   -0.134178799390792847E+01   -0.102526426315307617E+01   -0.301495909690856934E+01   -0.197851654388571420E+06   -0.803475511231549433E+01    1
    0.888461675867021294E+00    0.244221079349517822E+03   -0.746264743804931641E+01   -0.407317209243774414E+01   -0.528707015514373779E+01   -0.772470998764038086E+01   -0.960286086797714233E+01   -0.360307419300079346E+01   -0.675768566131591797E+01   -0.196692945562095498E+06   -0.803575511231545470E+01    1
    0.879684110590601809E+00    0.371342997043798391E+03   -0.484169638356257437E+01   -0.276055527682496482E+01   -0.207674248516597082E+01   -0.854315494147611254E+01   -0.821992889650081260E+01   -0.974554648607965213E+01   -0.496689045605423196E+01   -0.196286143377246830E+06   -0.803675511231548434E+01    1
    0.884194821397483510E+00    0.217585545778274536E+03   -0.939544564485549927E+01   -0.840508019924163818E+01   -0.222842544317245483E+01   -0.255580407381057739E+01   -0.794384700059890747E+01   -0.957180356979370117E+01   -0.296590793132781982E+01   -0.194884898249002144E+06   -0.803775511231550333E+01    1
    0.882800828481853150E+00    0.421489381790161133E+03   -0.482557034492492676E+01   -0.186702835559844971E+01   -0.786842864751815796E+01   -0.672483557462692261E+01   -0.796531271934509277E+01   -0.809180408716201782E+01   -0.366786509752273560E+01   -0.194397985558558546E+06   -0.803875511231548323E+01    1
    0.883268257777512278E+00    0.319195973873138428E+03   -0.697945660352706909E+01   -0.339519655704498291E+01   -0.407568961381912231E+01   -0.747254693508148193E+01   -0.116713058948516846E+01   -0.565171861648559570E+01   -0.547618842124938965E+01   -0.193822606610728311E+06   -0.803975511231544893E+01    1
    0.886538588532328808E+00    0.468596017360687256E+03   -0.782745897769927979E+01   -0.172727936506271362E+01   -0.550713735818862915E+01   -0.769945752620697021E+01   -0.841208451986312866E+01   -0.673591792583465576E+01   -0.938802933692932129E+01   -0.193646905801797955E+06   -0.804075511231548390E+01    1
    0.878239896485924931E+00    0.367394018173217773E+03   -0.701650488376617432E+01   -0.616133725643157959E+01   -0.154688954353332520E+01   -0.963949716091156006E+01   -0.848199576139450073E+01   -0.424182671308517456E+01   -0.497202432155609131E+01   -0.193613902474393573E+06   -0.804175511231546203E+01    1
    0.877373411220431443E+00    0.444043880701065063E+03   -0.238456165790557861E+01   -0.324852210283279419E+01   -0.224158811569213867E+01   -0.772527164220809937E+01   -0.431734108924865723E+01   -0.789029133319854736E+01   -0.777744060754776001E+01   -0.192342613835423894E+06   -0.804275511231539753E+01    1
    0.880728683357298481E+00    0.383342289924621582E+03   -0.273785364627838135E+01   -0.952298897504806519E+01   -0.722292608022689819E+01   -0.828394144773483276E+01   -0.826487684249877930E+01   -0.724919348955154419E+01   -0.277948206663131714E+01   -0.192199871792022139E+06   -0.804375511231544138E+01    1
    0.942374601384759147E+00    0.480829662084579468E+03   -0.411320084333419800E+01   -0.219101184606552124E+01   -0.948946619033813477E+01   -0.270242059230804443E+01   -0.622955977916717529E+01   -0.922426652908325195E+01   -0.435960358381271362E+01   -0.192118538314407808E+06   -0.804475511231545148E+01    1
    0.933807605230093318E+00    0.435247880960708301E+03   -0.764816166413143250E+01   -0.727509605032420126E+01   -0.174702643992849360E+01   -0.293740087776574299E+01   -0.816206463241551283E+01   -0.509661042027763500E+01   -0.435468580975514374E+01   -0.191947380818430800E+06   -0.804575511231541718E+01    1
    0.877169319906950129E+00    0.337195616960525513E+03   -0.898063772916793823E+01   -0.379822206497192383E+01   -0.542387568950653076E+01   -0.940393054485321045E+01   -0.964657872915267944E+01   -0.513605105876922607E+01   -0.124863058328628540E+01   -0.191897297184419644E+06   -0.804675511231546636E+01    1
    0.875095642729640133E+00    0.361781030893325806E+03   -0.127404183149337769E+01   -0.302020120620727539E+01   -0.113944268226623535E+01   -0.894412481784820557E+01   -0.999093359708786011E+01   -0.201233434677124023E+01   -0.607499802112579346E+01   -0.191125998855479032E+06   -0.804775511231551199E+01    1
    0.883179234569192118E+00    0.342763239145278931E+03   -0.451408487558364868E+01   -0.750156092643737793E+01   -0.701914310455322266E+01   -0.447284913063049316E+01   -0.529821258783340454E+01   -0.763894474506378174E+01   -0.292394262552261353E+01   -0.190896916282726015E+06   -0.804875511231551499E+01    1
    0.940987141579807007E+00    0.472198688983917236E+03   -0.762193793058395386E+01   -0.312353330850601196E+01   -0.913544249534606934E+01   -0.588532400131225586E+01   -0.427101504802703857E+01   -0.312482184171676636E+01   -0.416976916790008545E+01   -0.190860031045767391E+06   -0.804975511231547891E+01    1
    0.884492532077551075E+00    0.491739493608474731E+03   -0.872714805603027344E+01   -0.650807660818099976E+01   -0.459019684791564941E+01   -0.532316464185714722E+01   -0.238460779190063477E+01   -0.618585747480392456E+01   -0.773537713289260864E+01   -0.189723741220361029E+06   -0.805075511231545526E+01    1
    0.888762713290214723E+00    0.346649241447448730E+03   -0.939473003149032593E+01   -0.741090708971023560E+01   -0.504525506496429443E+01   -0.117742919921875000E+01   -0.708967018127441406E+01   -0.935616791248321533E+01   -0.534544467926025391E+01   -0.188967463190647337E+06   -0.805175511231544938E+01    1
    0.887781991605341547E+00    0.350410181283950806E+03   -0.287855589389801025E+01   -0.718118607997894287E+01   -0.920182555913925171E+01   -0.924630570411682129E+01   -0.489061659574508667E+01   -0.968458992242813110E+01   -0.696578484773635864E+01   -0.188641439804532711E+06   -0.805275511231542396E+01    1
    0.887836663822857752E+00    0.254676399174035510E+03   -0.482600527974529037E+01   -0.791654971678520170E+01   -0.513721240814009583E+01   -0.255160401269270576E+01   -0.995330549142716947E+01   -0.666365907325514506E+01   -0.429938025391545953E+01   -0.188405268852620356E+06   -0.805375511231546781E+01    1
    0.942632500579655308E+00    0.371257060766220093E+03   -0.269676113128662109E+01   -0.876958489418029785E+01   -0.813682764768600464E+01   -0.632026511430740356E+01   -0.679388797283172607E+01   -0.207371777296066284E+01   -0.867833024263381958E+01   -0.188049790970419621E+06   -0.805475511231545305E+01    1
    0.887722481657213680E+00    0.450589611690292145E+03   -0.325670183316573247E+01   -0.614110757027202503E+01   -0.761446633192913858E+01   -0.540465630448070833E+01   -0.852848980027595616E+01   -0.974472150964133910E+01   -0.636714765670827632E+01   -0.187923058875350660E+06   -0.805575511231546137E+01    1
    0.879598287194322204E+00    0.363976717787977805E+03   -0.634646975752012033E+01   -0.591796309768959983E+01   -0.235040188857834043E+01   -0.255422927161461732E+01   -0.223078276771808692E+01   -0.823590908209180306E+01   -0.369392648005079138E+01   -0.187291335923578794E+06   -0.805675511231552655E+01    1
    0.883455529340386514E+00    0.354114812612533569E+03   -0.496457850933074951E+01   -0.189153730869293213E+01   -0.848544400930404663E+01   -0.657796746492385864E+01   -0.339768993854522705E+01   -0.128645187616348267E+01   -0.964579659700393677E+01   -0.186805592333164968E+06   -0.805775511231546027E+01    1
    0.885147110224834943E+00    0.315761365933074899E+03   -0.881711561500365981E+01   -0.745792281838184934E+01   -0.527273390257437313E+01   -0.652148095075880363E+01   -0.717633903906886239E+01   -0.835006185456568062E+01   -0.318867800316986028E+01   -0.186686862566564901E+06   -0.805875511231545971E+01    1
    0.941827877415776449E+00    0.202939736843109131E+03   -0.257423138618469238E+01   -0.314288812875747681E+01   -0.753272014856338501E+01   -0.586811602115631104E+01   -0.294301098585128784E+01   -0.336133313179016113E+01   -0.117764645814895630E+01   -0.186673579462808411E+06   -0.805975511231549469E+01    1
    0.881786153436428521E+00    0.375077252954795085E+03   -0.679794649391260197E+01   -0.626699173948370358E+01   -0.437504277250215878E+01   -0.328139964916561144E+01   -0.238921406636362477E+01   -0.106271853896002355E+01   -0.940765683880829862E+01   -0.186457205861799099E+06   -0.806075511231548170E+01    1
    0.948351355447837219E+00    0.312864549335077413E+03   -0.905121461044128672E+01   -0.613140633190472961E+01   -0.806535488378496268E+01   -0.815868605143069203E+01   -0.404200589330562110E+01   -0.580925701941652051E+01   -0.536026639673966177E+01   -0.186438445732680761E+06   -0.806175511231545983E+01    1
    0.934292804235577701E+00    0.494502401351928711E+03   -0.578440642356872559E+01   -0.385159051418304443E+01   -0.916197973489761353E+01   -0.629593265056610107E+01   -0.466971951723098755E+01   -0.820444023609161377E+01   -0.264666819572448730E+01   -0.186098517482708994E+06   -0.806275511231541131E+01    1
    0.949313323029935541E+00    0.302899980545043945E+03   -0.889420354366302490E+01   -0.989372658729553223E+01   -0.652053171396255493E+01   -0.572335666418075562E+01   -0.718613100051879883E+01   -0.368342566490173340E+01   -0.798223638534545898E+01   -0.185007126505742432E+06   -0.806375511231544095E+01    1
    0.884742387995481661E+00    0.209299165010452271E+03   -0.528658038377761841E+01   -0.572565317153930664E+01   -0.955954533815383911E+01   -0.324347150325775146E+01   -0.526965349912643433E+01   -0.173681193590164185E+01   -0.183611965179443359E+01   -0.184218474623730843E+06   -0.806475511231550790E+01    1
    0.877509982780337539E+00    0.350828284025192261E+03   -0.553792482614517212E+01   -0.836550796031951904E+01   -0.181113755702972412E+01   -0.330267965793609619E+01   -0.546399027109146118E+01   -0.521396601200103760E+01   -0.205501633882522583E+01   -0.183991727141004958E+06   -0.806575511231550912E+01    1
    0.933181070153653813E+00    0.493252223730087280E+03   -0.891938412189483643E+01   -0.216803818941116333E+01   -0.271439075469970703E+01   -0.441952091455459595E+01   -0.355136173963546753E+01   -0.210159718990325928E+01   -0.660011231899261475E+01   -0.183753140642226208E+06   -0.806675511231546594E+01    1
    0.880964904005706484E+00    0.227400302886962891E+03   -0.970823895931243896E+01   -0.651592475175857544E+01   -0.116637098789215088E+01   -0.545060014724731445E+01   -0.918831312656402588E+01   -0.150480568408966064E+01   -0.135858720541000366E+01   -0.183658514922542352E+06   -0.806775511231541920E+01    1
    0.941712557616233958E+00    0.235185325145721436E+03   -0.533057236671447754E+01   -0.502701443433761597E+01   -0.184724169969558716E+01   -0.272758775949478149E+01   -0.210481584072113037E+01   -0.963064587116241455E+01   -0.394454461336135864E+01   -0.182891461167548172E+06   -0.806875511231544529E+01    1
    0.887094545494654052E+00    0.290852390851503003E+03   -0.811129640313579614E+01   -0.679612296950281802E+01   -0.460288094561075400E+01   -0.492745939158863067E+01   -0.466658713608776310E+01   -0.239033202078077878E+01   -0.515992491493274308E+01   -0.181705859794443328E+06   -0.806975511231546250E+01    1
    0.947232904820501931E+00    0.378086644411087036E+03   -0.716490989923477173E+01   -0.679263162612915039E+01   -0.988435226678848267E+01   -0.828315019607543945E+01   -0.491684216260910034E+01   -0.773163437843322754E+01   -0.482922244071960449E+01   -0.181664936232791515E+06   -0.807075511231542109E+01    1
    0.886693927738487875E+00    0.310564804077148438E+03   -0.229672843217849731E+01   -0.140136307477951050E+01   -0.666834074258804321E+01   -0.165491658449172974E+01   -0.868025982379913330E+01   -0.560902214050292969E+01   -0.880222845077514648E+01   -0.181657718197595124E+06   -0.807175511231546494E+01    1
    0.885723895277447770E+00    0.261872392334303470E+03   -0.576216188823674980E+01   -0.359684074613773852E+01   -0.278140441147250517E+01   -0.989494953209311312E+01   -0.541699325214745109E+01   -0.338085364365138652E+01   -0.494582389150525259E+01   -0.180958908674674225E+06   -0.807275511231549991E+01    1
    0.889234881006181421E+00    0.207591742277145386E+03   -0.761093175411224365E+01   -0.200585359334945679E+01   -0.965854728221893311E+01   -0.852018558979034424E+01   -0.402657032012939453E+01   -0.462652361392974854E+01   -0.504627537727355957E+01   -0.180932013888829999E+06   -0.807375511231545495E+01    1
    0.931265369501888873E+00    0.441392195224761963E+03   -0.776330751180648804E+01   -0.573599255084991455E+01   -0.359686970710754395E+01   -0.435367214679718018E+01   -0.787009966373443604E+01   -0.187982732057571411E+01   -0.204025238752365112E+01   -0.179852126364605268E+06   -0.807475511231545262E+01    1
    0.948747285105427385E+00    0.281493330450659244E+03   -0.626222650078932119E+01   -0.269962173785199155E+01   -0.851016540959337320E+01   -0.823427161526225326E+01   -0.816592514566606908E+01   -0.458646972262493247E+01   -0.994765189074032996E+01   -0.178772629871848243E+06   -0.807575511231546450E+01    1
    0.946128664615124904E+00    0.207027898774278782E+03   -0.904699753142759100E+01   -0.811702426418793088E+01   -0.550115013887793136E+01   -0.325694810218607156E+01   -0.908208051717642562E+01   -0.100340892720430652E+01   -0.784443783623018032E+01   -0.178741086223352060E+06   -0.807675511231547638E+01    1
    0.945855655052840860E+00    0.327566933631896973E+03   -0.833097934722900391E+01   -0.906458550691604614E+01   -0.362965059280395508E+01   -0.423224961757659912E+01   -0.859625518321990967E+01   -0.750865054130554199E+01   -0.687793445587158203E+01   -0.178142092352022795E+06   -0.807775511231549537E+01    1
    0.875475898223519455E+00    0.496759766340255737E+03   -0.590816837549209595E+01   -0.379986572265625000E+01   -0.721035134792327881E+01   -0.353822588920593262E+01   -0.773782920837402344E+01   -0.773772621154785156E+01   -0.221386963129043579E+01   -0.178078082148048474E+06   -0.807875511231545396E+01    1
    0.936627072643339775E+00    0.384569543600082397E+03   -0.813713610172271729E+01   -0.560864126682281494E+01   -0.330678397417068481E+01   -0.344023138284683228E+01   -0.623488718271255493E+01   -0.910057967901229858E+01   -0.245288342237472534E+01   -0.177857597971544456E+06   -0.807975511231548005E+01    1
    0.937150020083700519E+00    0.310086546050413290E+03   -0.296933053882254239E+01   -0.477907292777803594E+01   -0.777276434573760078E+01   -0.515569321770653310E+01   -0.369272387215522002E+01   -0.511289285089964718E+01   -0.161748776641219649E+01   -0.177495812858905148E+06   -0.808075511231553811E+01    1
    0.938375702942133127E+00    0.260761743783950806E+03   -0.733516043424606323E+01   -0.152593344449996948E+01   -0.107517051696777344E+01   -0.686510115861892700E+01   -0.525001704692840576E+01   -0.220219665765762329E+01   -0.466234076023101807E+01   -0.176571446233448369E+06   -0.808175511231552157E+01    1
    0.874286545123396763E+00    0.439199915043580063E+03   -0.375027382185523983E+01   -0.427871205804083932E+01   -0.943601186953055304E+01   -0.239939620384987151E+01   -0.331888491160352395E+01   -0.536196825157822943E+01   -0.156729417113654712E+01   -0.176009036250084435E+06   -0.808275511231550858E+01    1
    0.884217255027115456E+00    0.259633982181549072E+03   -0.915328454971313477E+01   -0.535616815090179443E+01   -0.495773190259933472E+01   -0.806357544660568237E+01   -0.270044809579849243E+01   -0.814356052875518799E+01   -0.216481685638427734E+01   -0.175816483257053565E+06   -0.808375511231550803E+01    1
    0.946769852818429625E+00    0.222506469488143921E+03   -0.846600335836410522E+01   -0.916131186485290527E+01   -0.935911083221435547E+01   -0.377580362558364868E+01   -0.475837510824203491E+01   -0.190241742134094238E+01   -0.846234107017517090E+01   -0.175685540300625435E+06   -0.808475511231544353E+01    1
    0.939757723959803726E+00    0.429395085573196411E+03   -0.476054126024246216E+01   -0.507379913330078125E+01   -0.391548019647598267E+01   -0.883633381128311157E+01   -0.427840238809585571E+01   -0.229871541261672974E+01   -0.584103590250015259E+01   -0.175585687297329394E+06   -0.808575511231543231E+01    1
    0.929667635456264185E+00    0.467000532150268555E+03   -0.335038381814956665E+01   -0.238325595855712891E+01   -0.316253584623336792E+01   -0.233667939901351929E+01   -0.368477696180343628E+01   -0.836386913061141968E+01   -0.211677795648574829E+01   -0.174371917151661677E+06   -0.808675511231551170E+01    1
    0.940274861531989026E+00    0.268341769269327131E+03   -0.864388432581062993E+01   -0.847713704140612023E+01   -0.740155598478741616E+01   -0.594348681110247234E+01   -0.404163739783063303E+01   -0.559262636201984709E+01   -0.191512099163407257E+01   -0.173694489133973635E+06   -0.808775511231554489E+01    1
    0.947056740640104033E+00    0.209831869602203369E+03   -0.807455480098724365E+01   -0.795348739624023438E+01   -0.708541780710220337E+01   -0.184847337007522583E+01   -0.631619405746459961E+01   -0.307988196611404419E+01   -0.466438460350036621E+01   -0.173410440825531812E+06   -0.808875511231549282E+01    1
    0.942515246662560702E+00    0.440076374102983777E+03   -0.227843713500165101E+01   -0.756072843362598945E+01   -0.754955480644945354E+01   -0.347644924590005555E+01   -0.532060496161316188E+01   -0.608954855551670349E+01   -0.816951404114036173E+01   -0.173102553710761335E+06   -0.808975511231541589E+01    1
    0.885333147537946896E+00    0.215384364128112793E+03   -0.559905666112899780E+01   -0.185112553834915161E+01   -0.502156418561935425E+01   -0.936924690008163452E+01   -0.841428446769714355E+01   -0.943472337722778320E+01   -0.162396818399429321E+01   -0.172707365055096947E+06   -0.809075511231546862E+01    1
    0.886451708223945034E+00    0.294425933305110561E+03   -0.512105170157335099E+01   -0.704644335131214650E+01   -0.611506156375796639E+01   -0.725500173606060095E+01   -0.692101513172077620E+01   -0.856807181431804565E+01   -0.303512858213013992E+01   -0.172414045216533385E+06   -0.809175511231553735E+01    1
    0.885013845857262726E+00    0.486837774515151978E+03   -0.766141253709793091E+01   -0.139232724905014038E+01   -0.463219970464706421E+01   -0.777985996007919312E+01   -0.387538224458694458E+01   -0.732882237434387207E+01   -0.960243815183639526E+01   -0.172349549571386771E+06   -0.809275511231551370E+01    1
    0.886561558380425163E+00    0.283883583545684814E+03   -0.875724834203720093E+01   -0.122607481479644775E+01   -0.365129065513610840E+01   -0.509133219718933105E+01   -0.768824106454849243E+01   -0.685932904481887817E+01   -0.391415625810623169E+01   -0.171739987008214666E+06   -0.809375511231547051E+01    1
    0.888033412405729417E+00    0.228406327962875366E+03   -0.805064237117767334E+01   -0.865187722444534302E+01   -0.325554358959197998E+01   -0.285556721687316895E+01   -0.918484663963317871E+01   -0.224404877424240112E+01   -0.944956725835800171E+01   -0.171668288248354278E+06   -0.809475511231548417E+01    1
    0.887066533911824440E+00    0.265837305784225464E+03   -0.628507345914840698E+01   -0.491717046499252319E+01   -0.338918465375900269E+01   -0.207591181993484497E+01   -0.379301857948303223E+01   -0.303759425878524780E+01   -0.501112985610961914E+01   -0.171344732579684962E+06   -0.809575511231544986E+01    1
    0.885089408887803741E+00    0.461817359924316406E+03   -0.214332485198974609E+01   -0.257447171211242676E+01   -0.921998947858810425E+01   -0.279054993391036987E+01   -0.916734576225280762E+01   -0.720113527774810791E+01   -0.791551697254180908E+01   -0.171167471011767542E+06   -0.809675511231544398E+01    1
    0.888138325189769429E+00    0.283370012044906616E+03   -0.677751147747039795E+01   -0.884443622827529907E+01   -0.437863761186599731E+01   -0.446811020374298096E+01   -0.372879469394683838E+01   -0.305884110927581787E+01   -0.520572358369827271E+01   -0.170805011199596542E+06   -0.809775511231544876E+01    1
    0.944693877561986639E+00    0.246352452039718628E+03   -0.224983859062194824E+01   -0.160502803325653076E+01   -0.725747078657150269E+01   -0.990587484836578369E+01   -0.364171248674392700E+01   -0.703012621402740479E+01   -0.620600891113281250E+01   -0.170392956583085092E+06   -0.809875511231544642E+01    1
    0.889701885833787620E+00    0.433904181202945324E+03   -0.813948562528925912E+01   -0.928148446720923026E+01   -0.902934990450908614E+01   -0.896447217847907751E+01   -0.334960339737304924E+01   -0.499723987842102702E+01   -0.589278480700562035E+01   -0.169809601114951074E+06   -0.809975511231550271E+01    1
    0.939884162085056429E+00    0.378963905572891235E+03   -0.616072249412536621E+01   -0.380911558866500854E+01   -0.599967515468597412E+01   -0.511436969041824341E+01   -0.112544208765029907E+01   -0.544175851345062256E+01   -0.674213528633117676E+01   -0.168903780432315165E+06   -0.810075511231550216E+01    1
    0.889172737232983068E+00    0.211409867920512909E+03   -0.201675633159807521E+01   -0.259533752837617637E+01   -0.885407588597736783E+01   -0.219249228881859182E+01   -0.396261137540922359E+01   -0.524925939402773878E+01   -0.603363836280661303E+01   -0.168163785109577817E+06   -0.810175511231550161E+01    1
    0.942030261584758888E+00    0.310514074563980103E+03   -0.159902954101562500E+01   -0.888409429788589478E+01   -0.913726532459259033E+01   -0.742384606599807739E+01   -0.960961520671844482E+01   -0.794149094820022583E+01   -0.408535790443420410E+01   -0.168027290494391753E+06   -0.810275511231546197E+01    1
    0.893883829432904897E+00    0.385135990381240845E+03   -0.882131344079971313E+01   -0.615292316675186157E+01   -0.834939700365066528E+01   -0.271781969070434570E+01   -0.648005127906799316E+01   -0.594958490133285522E+01   -0.996892607212066650E+01   -0.167990402130653412E+06   -0.810375511231542411E+01    1
    0.883119213359688349E+00    0.384820906336965209E+03   -0.268507321713604696E+01   -0.109277131762943469E+01   -0.459813495616012524E+01   -0.776585687569651562E+01   -0.367604839157571295E+01   -0.466931002198432221E+01   -0.346298413334024779E+01   -0.167977909000492014E+06   -0.810475511231542889E+01    1
    0.890654276120326216E+00    0.245432760032061935E+03   -0.892899405216373410E+01   -0.915458141271442294E+01   -0.433248067017992611E+01   -0.934489273164163414E+01   -0.784425682696205318E+01   -0.653852516262539485E+01   -0.584026658191461223E+01   -0.167843337534846942E+06   -0.810575511231540702E+01    1
    0.894748476235091905E+00    0.438530939817428589E+03   -0.743662732839584351E+01   -0.872358715534210205E+01   -0.995720267295837402E+01   -0.264706516265869141E+01   -0.670596516132354736E+01   -0.951749902963638306E+01   -0.736334455013275146E+01   -0.167767376795838034E+06   -0.810675511231546686E+01    1
    0.929839137818992301E+00    0.393953824043273926E+03   -0.253374397754669189E+01   -0.740477341413497925E+01   -0.386990195512771606E+01   -0.241071909666061401E+01   -0.370412534475326538E+01   -0.793825942277908325E+01   -0.131188243627548218E+01   -0.167603717287549283E+06   -0.810775511231552137E+01    1
    0.937035386589110120E+00    0.416797751188278198E+03   -0.910971313714981079E+01   -0.905137616395950317E+01   -0.531098473072052002E+01   -0.984974533319473267E+01   -0.746360337734222412E+01   -0.852647107839584351E+01   -0.275685012340545654E+01   -0.167347375445718266E+06   -0.810875511231546753E+01    1
    0.940329015489042019E+00    0.334020972251892090E+03   -0.596647906303405762E+01   -0.692676299810409546E+01   -0.268662989139556885E+01   -0.769932717084884644E+01   -0.847687488794326782E+01   -0.273836326599121094E+01   -0.648065692186355591E+01   -0.167313457138244325E+06   -0.810975511231547053E+01    1
    0.880407193029821067E+00    0.391603511571884155E+03   -0.756151527166366577E+01   -0.494952380657196045E+01   -0.509035104513168335E+01   -0.284667569398880005E+01   -0.725520539283752441E+01   -0.132339715957641602E+01   -0.243194234371185303E+01   -0.166198056132082391E+06   -0.811075511231548951E+01    1
    0.890533897594213641E+00    0.292068469524383545E+03   -0.966238659620285034E+01   -0.457331931591033936E+01   -0.519582837820053101E+01   -0.607661271095275879E+01   -0.971746414899826050E+01   -0.723808002471923828E+01   -0.498398429155349731E+01   -0.166076420043497783E+06   -0.811175511231547297E+01    1
    0.883749501020805517E+00    0.216335537917145700E+03   -0.151445118519477973E+01   -0.350168476573789533E+01   -0.132844187104732114E+01   -0.348435711384845881E+01   -0.218731320974745014E+01   -0.814314391800334114E+01   -0.226231846162299988E+01   -0.165150924207075062E+06   -0.811275511231544399E+01    1
    0.886670511845428333E+00    0.448730669849845640E+03   -0.654628457260531249E+01   -0.269473694779276318E+01   -0.630472609404996476E+01   -0.454637596414487533E+01   -0.233308284171285685E+01   -0.910001218598887007E+01   -0.554928249963794684E+01   -0.164454417834033142E+06   -0.811375511231540791E+01    1
    0.884783009279966559E+00    0.482162487506866455E+03   -0.659282100200653076E+01   -0.239339739084243774E+01   -0.799505788087844849E+01   -0.225688797235488892E+01   -0.681699037551879883E+01   -0.188009017705917358E+01   -0.701408231258392334E+01   -0.164247247827720275E+06   -0.811475511231544289E+01    1
    0.940212480990529231E+00    0.363611960411071777E+03   -0.866135668754577637E+01   -0.956060749292373657E+01   -0.634835159778594971E+01   -0.833434444665908813E+01   -0.997259747982025146E+01   -0.474813711643218994E+01   -0.309609591960906982E+01   -0.164034103015326167E+06   -0.811575511231551694E+01    1
    0.883981198527217016E+00    0.445779985189437866E+03   -0.282035410404205322E+01   -0.525706160068511963E+01   -0.581182771921157837E+01   -0.572709298133850098E+01   -0.166939353942871094E+01   -0.724243539571762085E+01   -0.920358616113662720E+01   -0.163290515768636542E+06   -0.811675511231547908E+01    1
    0.878890391936501425E+00    0.493609441837354211E+03   -0.547700967353725954E+01   -0.971503187616141872E+01   -0.263272752541005772E+01   -0.477556621518932012E+01   -0.187270695669696607E+01   -0.384607117832950784E+01   -0.905503399597757586E+01   -0.163235231449045008E+06   -0.811775511231544478E+01    1
    0.893040751744866523E+00    0.228565061092376709E+03   -0.665043324232101440E+01   -0.924869984388351440E+01   -0.591739839315414429E+01   -0.310385394096374512E+01   -0.993506854772567749E+01   -0.971527171134948730E+01   -0.900226813554763794E+01   -0.162991520966243232E+06   -0.811875511231549574E+01    1
    0.945298327090144275E+00    0.201211929321289062E+03   -0.669956433773040771E+01   -0.570725911855697632E+01   -0.791940510272979736E+01   -0.620314270257949829E+01   -0.934172260761260986E+01   -0.115815538167953491E+01   -0.827186667919158936E+01   -0.162337315982681350E+06   -0.811975511231551117E+01    1
    0.936118387355625803E+00    0.457430839538574219E+03   -0.147322267293930054E+01   -0.646922695636749268E+01   -0.908120983839035034E+01   -0.655465692281723022E+01   -0.953522682189941406E+01   -0.286272227764129639E+01   -0.827309083938598633E+01   -0.161790024924310128E+06   -0.812075511231553016E+01    1
    0.879124449030697530E+00    0.365425348281860352E+03   -0.256708920001983643E+01   -0.267823511362075806E+01   -0.192094236612319946E+01   -0.291901648044586182E+01   -0.617143362760543823E+01   -0.825220072269439697E+01   -0.236986798048019409E+01   -0.161182890760041977E+06   -0.812175511231546920E+01    1
    0.937363278708458147E+00    0.363434237241744995E+03   -0.239531087875366211E+01   -0.747319120168685913E+01   -0.372922921180725098E+01   -0.672569656372070312E+01   -0.133016705513000488E+01   -0.755806273221969604E+01   -0.910632175207138062E+01   -0.160714069844518701E+06   -0.812275511231541003E+01    1
    0.939928583082806246E+00    0.468897532578917208E+03   -0.878095007716711962E+01   -0.105520757730516479E+01   -0.515466408133913312E+01   -0.743412799752415232E+01   -0.479522458841040145E+01   -0.394020962812284026E+01   -0.791164895359186815E+01   -0.160599525495396578E+06   -0.812375511231549474E+01    1
    0.878374968822777435E+00    0.357251924276351929E+03   -0.252101796865463257E+01   -0.648931026458740234E+01   -0.107146799564361572E+01   -0.613291871547698975E+01   -0.335224634408950806E+01   -0.297582727670669556E+01   -0.946569055318832397E+01   -0.160174063895434228E+06   -0.812475511231546754E+01    1
    0.889597900906562988E+00    0.258873575925827026E+03   -0.503822177648544312E+01   -0.285115122795104980E+01   -0.511047780513763428E+01   -0.666707152128219604E+01   -0.994976973533630371E+01   -0.876725727319717407E+01   -0.409893256425857544E+01   -0.160115274992297112E+06   -0.812575511231541014E+01    1
    0.894105798212653458E+00    0.451304163070563959E+03   -0.757187462008989165E+01   -0.803449851140266347E+01   -0.714759868030926260E+01   -0.205095778484913271E+01   -0.516041741157171963E+01   -0.731402886451891021E+01   -0.681571099522846779E+01   -0.160012959232613794E+06   -0.812675511231547532E+01    1
    0.939437459274530595E+00    0.488108587265014648E+03   -0.812228417396545410E+01   -0.141964662075042725E+01   -0.787204480171203613E+01   -0.340091127157211304E+01   -0.464275258779525757E+01   -0.311685889959335327E+01   -0.844514274597167969E+01   -0.159588845652986172E+06   -0.812775511231549608E+01    1
    0.939580648709638533E+00    0.443542382064006972E+03   -0.420856621877589365E+01   -0.651787110081044929E+01   -0.408511643121516066E+01   -0.380082605262636886E+01   -0.430069819997743608E+01   -0.845527641430346932E+01   -0.433273166175904301E+01   -0.159092594260184560E+06   -0.812875511231546000E+01    1
    0.940550659749806117E+00    0.467790621519088745E+03   -0.385755413770675659E+01   -0.116865515708923340E+01   -0.775779825448989868E+01   -0.705957365036010742E+01   -0.830496191978454590E+01   -0.504296284914016724E+01   -0.784970253705978394E+01   -0.158908808699131914E+06   -0.812975511231542036E+01    1
    0.887383713869553392E+00    0.346612656369864339E+03   -0.783390844570257627E+01   -0.157276735726003380E+01   -0.983339849339435368E+01   -0.974862333189843255E+01   -0.224462214617031197E+01   -0.553977466950879016E+01   -0.495565510637978512E+01   -0.158461743605472933E+06   -0.813075511231538961E+01    1
    0.884267747108638424E+00    0.486570304632186890E+03   -0.267593109607696533E+01   -0.104300063848495483E+01   -0.940328091382980347E+01   -0.529303431510925293E+01   -0.858253353834152222E+01   -0.346497315168380737E+01   -0.747199976444244385E+01   -0.158429734576814284E+06   -0.813175511231544057E+01    1
    0.888472102496810301E+00    0.405310202863896052E+03   -0.346609208981512928E+01   -0.222237932372369951E+01   -0.737445345291021326E+01   -0.150645427067685311E+01   -0.394315239962404274E+01   -0.890784858572036597E+01   -0.642499832292376905E+01   -0.158176333403872675E+06   -0.813275511231551285E+01    1
    0.941182204725265703E+00    0.240345609188079834E+03   -0.331049078702926636E+01   -0.699833452701568604E+01   -0.256609141826629639E+01   -0.285273265838623047E+01   -0.471902173757553101E+01   -0.109693557024002075E+01   -0.746622014045715332E+01   -0.158095681067439407E+06   -0.813375511231551052E+01    1
    0.936020542398266153E+00    0.453600043422478620E+03   -0.138701772391678624E+01   -0.470296876591489710E+01   -0.736331021039730693E+01   -0.271670282051811984E+01   -0.305094722293132214E+01   -0.761052883530305557E+01   -0.697605362546567243E+01   -0.157702383056251041E+06   -0.813475511231548509E+01    1
    0.889732557400524815E+00    0.410989624261856079E+03   -0.835047310590744019E+01   -0.449082422256469727E+01   -0.749453353881835938E+01   -0.938233500719070435E+01   -0.370538705587387085E+01   -0.440128403902053833E+01   -0.515979343652725220E+01   -0.157048325260372396E+06   -0.813575511231544724E+01    1
    0.925418530912220594E+00    0.455828344821929932E+03   -0.112683415412902832E+01   -0.260523289442062378E+01   -0.163771235942840576E+01   -0.891583287715911865E+01   -0.207152426242828369E+01   -0.128927785158157349E+01   -0.563781350851058960E+01   -0.157004076696649397E+06   -0.813675511231546444E+01    1
    0.886010982393086066E+00    0.269866341352462769E+03   -0.308905833959579468E+01   -0.589533400535583496E+01   -0.668827438354492188E+01   -0.424066370725631714E+01   -0.183934044837951660E+01   -0.645473390817642212E+01   -0.292584270238876343E+01   -0.156898277702754800E+06   -0.813775511231546211E+01    1
    0.885970364842666114E+00    0.401898709941839172E+03   -0.473008137079628455E+01   -0.284551670245928712E+01   -0.550724917363263167E+01   -0.713388244496718116E+01   -0.195067243146192126E+01   -0.294399197806235158E+01   -0.831561718562224961E+01   -0.156629353443844593E+06   -0.813875511231542070E+01    1
    0.886949014522254608E+00    0.258620125055313110E+03   -0.795136201381683350E+01   -0.616343849897384644E+01   -0.252142995595932007E+01   -0.267493546009063721E+01   -0.664833682775497437E+01   -0.842778885364532471E+01   -0.343747085332870483E+01   -0.156504187442505761E+06   -0.813975511231546456E+01    1
    0.944220276282370263E+00    0.448901593685150146E+03   -0.731172060966491699E+01   -0.482728481292724609E+01   -0.680512911081314087E+01   -0.262381684780120850E+01   -0.355410617589950562E+01   -0.594992071390151978E+01   -0.578174138069152832E+01   -0.156484337129877735E+06   -0.814075511231548177E+01    1
    0.939564729283556721E+00    0.470589631553006939E+03   -0.535669665288158736E+01   -0.251116636880547084E+01   -0.379036163678212645E+01   -0.278214120079838789E+01   -0.636396528447429333E+01   -0.978872068751918789E+01   -0.776769574429614185E+01   -0.155972945244097995E+06   -0.814175511231550608E+01    1
    0.886130931180596493E+00    0.218480098247528076E+03   -0.116980957984924316E+01   -0.446464264392852783E+01   -0.299611121416091919E+01   -0.190772926807403564E+01   -0.137496960163116455E+01   -0.456239843368530273E+01   -0.288088029623031616E+01   -0.155722984747701354E+06   -0.814275511231552152E+01    1
    0.878082357689738413E+00    0.443743956089019775E+03   -0.463468021154403687E+01   -0.123196172714233398E+01   -0.584866893291473389E+01   -0.212415617704391479E+01   -0.955412620306015015E+01   -0.495997905731201172E+01   -0.190161865949630737E+01   -0.155565293806015659E+06   -0.814375511231546412E+01    1
    0.889302061519503750E+00    0.214254921674728394E+03   -0.371969127655029297E+01   -0.525875192880630493E+01   -0.413338714838027954E+01   -0.275661140680313110E+01   -0.151309531927108765E+01   -0.627143764495849609E+01   -0.786538004875183105E+01   -0.155264811903488269E+06   -0.814475511231541027E+01    1
    0.880548765647649945E+00    0.468784219026565552E+03   -0.274122411012649536E+01   -0.140660089254379272E+01   -0.636693716049194336E+01   -0.791889923810958862E+01   -0.128963297605514526E+01   -0.349320232868194580E+01   -0.406625682115554810E+01   -0.155147934167586762E+06   -0.814575511231538840E+01    1
    0.887446307903409171E+00    0.486098200082778931E+03   -0.569103497266769409E+01   -0.682139295339584351E+01   -0.372335624694824219E+01   -0.440810704231262207E+01   -0.677488398551940918E+01   -0.467871189117431641E+01   -0.902291256189346313E+01   -0.154803220820446470E+06   -0.814675511231546778E+01    1
    0.942947795951936008E+00    0.272279560092475151E+03   -0.785820753535625371E+01   -0.529243349496167248E+01   -0.859285393340731041E+01   -0.374161812090235291E+01   -0.735543336041142659E+01   -0.126797189460773652E+01   -0.697075249197908065E+01   -0.154758636446001445E+06   -0.814775511231547434E+01    1
    0.890371618545733101E+00    0.283841620117636580E+03   -0.261575648851748621E+01   -0.483400786005180905E+01   -0.656315766661030153E+01   -0.150133036020967303E+01   -0.438946226053342770E+01   -0.483148893647842925E+01   -0.841566135846248997E+01   -0.154216751937352441E+06   -0.814875511231546668E+01    1
    0.887401550622897828E+00    0.369540997187714993E+03   -0.683843986436687779E+01   -0.956297621723001612E+01   -0.705327633104552199E+01   -0.410827718078741455E+01   -0.157627113899152604E+01   -0.532793680026010286E+01   -0.502654338835333192E+01   -0.153619923557666567E+06   -0.814975511231554606E+01    1
    0.886640599446278821E+00    0.261321095713946306E+03   -0.422982148278112735E+01   -0.411711828833749127E+01   -0.554278386471612805E+01   -0.737441879531349187E+01   -0.205948129253883838E+01   -0.977113096213369658E+01   -0.273109821122340080E+01   -0.153441096759213222E+06   -0.815075511231556327E+01    1
    0.946475110292213873E+00    0.291401179636105326E+03   -0.562698315024807982E+01   -0.601409193099144446E+01   -0.936921406826160919E+01   -0.330746753710835684E+01   -0.795117042925518724E+01   -0.778296361515027790E+01   -0.515190840749959200E+01   -0.153368992531242227E+06   -0.815175511231550409E+01    1
    0.931590350721001825E+00    0.367061316967010498E+03   -0.296067601442337036E+01   -0.469778776168823242E+01   -0.126470613479614258E+01   -0.451756852865219116E+01   -0.601146078109741211E+01   -0.820690840482711792E+01   -0.419756168127059937E+01   -0.153297950580879406E+06   -0.815275511231549288E+01    1
    0.884906120662093287E+00    0.280443918704986572E+03   -0.251612615585327148E+01   -0.197542983293533325E+01   -0.586791861057281494E+01   -0.216099470853805542E+01   -0.157176113128662109E+01   -0.806065291166305542E+01   -0.249358755350112915E+01   -0.152492189201946458E+06   -0.815375511231549410E+01    1
    0.891206676675260212E+00    0.379191803932189941E+03   -0.393324929475784302E+01   -0.845015043020248413E+01   -0.512820398807525635E+01   -0.711258912086486816E+01   -0.960076123476028442E+01   -0.988968503475189209E+01   -0.635116899013519287E+01   -0.152407452955579007E+06   -0.815475511231541184E+01    1
    0.938137731376290529E+00    0.248758661746978760E+03   -0.354170256853103638E+01   -0.188209325075149536E+01   -0.806504637002944946E+01   -0.571975284814834595E+01   -0.108440697193145752E+01   -0.816404241323471069E+01   -0.194605052471160889E+01   -0.152153240054146823E+06   -0.815575511231538108E+01    1
    0.886335646258413989E+00    0.340924692153930664E+03   -0.142582750320434570E+01   -0.349186068773269653E+01   -0.546322584152221680E+01   -0.547858417034149170E+01   -0.619271588325500488E+01   -0.266407305002212524E+01   -0.565243744850158691E+01   -0.151654961388490250E+06   -0.815675511231547290E+01    1
    0.935492664180636591E+00    0.411426484584808350E+03   -0.869879657030105591E+01   -0.640976345539093018E+01   -0.801972830295562744E+01   -0.620810854434967041E+01   -0.597951567173004150E+01   -0.284077322483062744E+01   -0.285209268331527710E+01   -0.151346574796221743E+06   -0.815775511231549899E+01    1
    0.939415463374257298E+00    0.255681818723678589E+03   -0.925716757774353027E+01   -0.497334933280944824E+01   -0.165983468294143677E+01   -0.394188493490219116E+01   -0.984959083795547485E+01   -0.914619064331054688E+01   -0.641277986764907837E+01   -0.150812383391491458E+06   -0.815875511231540607E+01    1
    0.941898231466949176E+00    0.414095407724380493E+03   -0.701523029804229736E+01   -0.466386854648590088E+01   -0.590749675035476685E+01   -0.405246919393539429E+01   -0.460768485069274902E+01   -0.960598081350326538E+01   -0.428105294704437256E+01   -0.150509283482629224E+06   -0.815975511231545525E+01    1
    0.879686438811063898E+00    0.439227098226547241E+03   -0.892438215017318726E+01   -0.693308711051940918E+01   -0.169847834110260010E+01   -0.959972214698791504E+01   -0.569220602512359619E+01   -0.410164159536361694E+01   -0.731828612089157104E+01   -0.150465144942488987E+06   -0.816075511231546002E+01    1
    0.890716693374395518E+00    0.204674267768859863E+03   -0.719844985008239746E+01   -0.687750315666198730E+01   -0.850873363018035889E+01   -0.818026012182235718E+01   -0.243388372659683228E+01   -0.205084764957427979E+01   -0.588947284221649170E+01   -0.150436549421408767E+06   -0.816175511231545414E+01    1
    0.936746211631536596E+00    0.330712109804153442E+03   -0.413381630182266235E+01   -0.878039312362670898E+01   -0.852400988340377808E+01   -0.654103773832321167E+01   -0.134781223535537720E+01   -0.989119780063629150E+01   -0.308543360233306885E+01   -0.150225846838992991E+06   -0.816275511231549622E+01    1
    0.890689838678240919E+00    0.200077176094055176E+03   -0.798997026681900024E+01   -0.683152365684509277E+01   -0.334843707084655762E+01   -0.624966186285018921E+01   -0.713140642642974854E+01   -0.238270020484924316E+01   -0.859818530082702637E+01   -0.149878401238163555E+06   -0.816375511231548501E+01    1
    0.894192001844644757E+00    0.214327573776245117E+03   -0.654547411203384399E+01   -0.674870991706848145E+01   -0.746584892272949219E+01   -0.149038344621658325E+01   -0.636050361394882202E+01   -0.531433534622192383E+01   -0.925897806882858276E+01   -0.149270484315532056E+06   -0.816475511231543827E+01    1
    0.891914299013257139E+00    0.292279309034347534E+03   -0.506894969940185547E+01   -0.275042033195495605E+01   -0.668649983406066895E+01   -0.917981374263763428E+01   -0.535462212562561035E+01   -0.365546524524688721E+01   -0.971978586912155151E+01   -0.149097906207911932E+06   -0.816575511231539863E+01    1
    0.888216569312632265E+00    0.314106571674346924E+03   -0.526097494363784790E+01   -0.327345806360244751E+01   -0.987458312511444092E+01   -0.518428415060043335E+01   -0.385928684473037720E+01   -0.189212632179260254E+01   -0.431776112318038940E+01   -0.148783979505359050E+06   -0.816675511231543538E+01    1
    0.939917932905078080E+00    0.252994620800018311E+03   -0.119929188489913940E+01   -0.246915102005004883E+01   -0.952250242233276367E+01   -0.184203553199768066E+01   -0.207261055707931519E+01   -0.274863880872726440E+01   -0.744518786668777466E+01   -0.148666541449284094E+06   -0.816775511231544549E+01    1
    0.889574526158809831E+00    0.236444640159606934E+03   -0.494540071487426758E+01   -0.760904401540756226E+01   -0.516770863533020020E+01   -0.935755622386932373E+01   -0.376054990291595459E+01   -0.156929886341094971E+01   -0.433656287193298340E+01   -0.148429017255041545E+06   -0.816875511231544671E+01    1
    0.874091338375568516E+00    0.470437926054000854E+03   -0.134048551321029663E+01   -0.482579028606414795E+01   -0.248981851339340210E+01   -0.488315844535827637E+01   -0.688333857059478760E+01   -0.953346085548400879E+01   -0.186670649051666260E+01   -0.147990200169954012E+06   -0.816975511231547635E+01    1
    0.943017286572396918E+00    0.329718190431594849E+03   -0.766213244199752808E+01   -0.364715147018432617E+01   -0.696908932924270630E+01   -0.492927098274230957E+01   -0.367366510629653931E+01   -0.341394144296646118E+01   -0.536482256650924683E+01   -0.147974825737227919E+06   -0.817075511231549534E+01    1
    0.944348246460378293E+00    0.391332358121871948E+03   -0.653217303752899170E+01   -0.700364047288894653E+01   -0.440990358591079712E+01   -0.481214964389801025E+01   -0.957550770044326782E+01   -0.537692630290985107E+01   -0.746452391147613525E+01   -0.147791439513040852E+06   -0.817175511231548413E+01    1
    0.943621369342010241E+00    0.230797954948357784E+03   -0.208955344892056871E+01   -0.157705320863109399E+01   -0.857750878506628212E+01   -0.812752715532769443E+01   -0.722877195929249794E+01   -0.621291931560070676E+01   -0.674509642041464019E+01   -0.147602277704686305E+06   -0.817275511231544094E+01    1
    0.883908809468138212E+00    0.319749376974540041E+03   -0.476698640695265752E+01   -0.795898303478140789E+01   -0.147625550429395069E+01   -0.612675148209446263E+01   -0.390707154231070852E+01   -0.769611596434971457E+01   -0.921439350104525978E+01   -0.147269036148241255E+06   -0.817375511231548302E+01    1
    0.944093936646223209E+00    0.356199944019317627E+03   -0.986601400375366211E+01   -0.197012388706207275E+01   -0.651470541954040527E+01   -0.200560522079467773E+01   -0.924720317125320435E+01   -0.696564215421676636E+01   -0.539267623424530029E+01   -0.147100092193486955E+06   -0.817475511231554286E+01    1
    0.940308923711478895E+00    0.333034491539001465E+03   -0.993862462043762207E+01   -0.202143615484237671E+01   -0.531596344709396362E+01   -0.767780566215515137E+01   -0.417941117286682129E+01   -0.650274008512496948E+01   -0.360327106714248657E+01   -0.147061516441420012E+06   -0.817575511231547480E+01    1
    0.889864642234504344E+00    0.239769685268402100E+03   -0.425588256120681763E+01   -0.922928655147552490E+01   -0.954381793737411499E+01   -0.454725307226181030E+01   -0.223300397396087646E+01   -0.195531970262527466E+01   -0.899822121858596802E+01   -0.146752595419841877E+06   -0.817675511231543872E+01    1
    0.892827260193407746E+00    0.363680911064147949E+03   -0.358965831995010376E+01   -0.700989055633544922E+01   -0.936903554201126099E+01   -0.173281812667846680E+01   -0.620655930042266846E+01   -0.778186249732971191E+01   -0.779287135601043701E+01   -0.146413847777791554E+06   -0.817775511231541330E+01    1
    0.892339301390826845E+00    0.326652318239212036E+03   -0.448744946718215942E+01   -0.283719998598098755E+01   -0.588172769546508789E+01   -0.187538611888885498E+01   -0.737851083278656006E+01   -0.758631551265716553E+01   -0.684477591514587402E+01   -0.146280183483448607E+06   -0.817875511231539143E+01    1
    0.943659326109230645E+00    0.372178238630294800E+03   -0.520505571365356445E+01   -0.360775572061538696E+01   -0.580235844850540161E+01   -0.349840581417083740E+01   -0.356030368804931641E+01   -0.677027219533920288E+01   -0.735883522033691406E+01   -0.145867434854624706E+06   -0.817975511231547436E+01    1
    0.880452552734613536E+00    0.321823447942733765E+03   -0.341682535409927368E+01   -0.550720226764678955E+01   -0.206712275743484497E+01   -0.278331923484802246E+01   -0.591781789064407349E+01   -0.165295964479446411E+01   -0.136010533571243286E+01   -0.145833755756136001E+06   -0.818075511231547736E+01    1
    0.945013846779942712E+00    0.235619825124740601E+03   -0.810976094007492065E+01   -0.708219647407531738E+01   -0.678100478649139404E+01   -0.765451282262802124E+01   -0.369538187980651855E+01   -0.567991346120834351E+01   -0.509670412540435791E+01   -0.145514968919553183E+06   -0.818175511231542352E+01    1
    0.873945213372409491E+00    0.416637980937957764E+03   -0.888700288534164429E+01   -0.388084483146667480E+01   -0.136919856071472168E+01   -0.332193094491958618E+01   -0.354841721057891846E+01   -0.188611978292465210E+01   -0.151377928256988525E+01   -0.145219097191115812E+06   -0.818275511231544428E+01    1
    0.941850748092096568E+00    0.373256084636233538E+03   -0.773831093404363735E+01   -0.702746440091510838E+01   -0.479168287443338237E+01   -0.447214276969304780E+01   -0.607235070136170041E+01   -0.263307550942617130E+01   -0.859517495956105115E+01   -0.144685781038830464E+06   -0.818375511231547925E+01    1
    0.888586417791009109E+00    0.323375391960144043E+03   -0.866209858655929565E+01   -0.403340297937393188E+01   -0.286527895927429199E+01   -0.932389825582504272E+01   -0.670858031511306763E+01   -0.914306372404098511E+01   -0.570766359567642212E+01   -0.144099661147469917E+06   -0.818475511231547692E+01    1
    0.887436754460156130E+00    0.494510000944137573E+03   -0.892317944765090942E+01   -0.120353031158447266E+01   -0.479463589191436768E+01   -0.439615941047668457E+01   -0.738025104999542236E+01   -0.358079737424850464E+01   -0.995724719762802124E+01   -0.143954816784388531E+06   -0.818575511231549058E+01    1
    0.881536841185748710E+00    0.339915680885314941E+03   -0.182352131605148315E+01   -0.598895061016082764E+01   -0.126609712839126587E+01   -0.533670604228973389E+01   -0.377148902416229248E+01   -0.401500087976455688E+01   -0.982762783765792847E+01   -0.143907725373962108E+06   -0.818675511231547404E+01    1
    0.943226214795291562E+00    0.339767247438430786E+03   -0.856017625331878662E+01   -0.981622040271759033E+01   -0.476946336030960083E+01   -0.235875719785690308E+01   -0.313830316066741943E+01   -0.810591787099838257E+01   -0.841587126255035400E+01   -0.143793315848440252E+06   -0.818775511231549125E+01    1
    0.883179201739490161E+00    0.498508208990097046E+03   -0.321017402410507202E+01   -0.443593496084213257E+01   -0.793187898397445679E+01   -0.563542312383651733E+01   -0.105464786291122437E+01   -0.287094700336456299E+01   -0.987464749813079834E+01   -0.143089501179183921E+06   -0.818875511231550490E+01    1
    0.884498419537425251E+00    0.435304439067840576E+03   -0.294570338726043701E+01   -0.234365153312683105E+01   -0.563787358999252319E+01   -0.819791871309280396E+01   -0.151753008365631104E+01   -0.946736532449722290E+01   -0.489208483695983887E+01   -0.143057085376487987E+06   -0.818975511231548126E+01    1
    0.888884730348944885E+00    0.272390103340148926E+03   -0.648350059986114502E+01   -0.625939130783081055E+01   -0.524470412731170654E+01   -0.836469042301177979E+01   -0.240911674499511719E+01   -0.855737227201461792E+01   -0.341885310411453247E+01   -0.142955656098752079E+06   -0.819075511231548603E+01    1
    0.945688013972452723E+00    0.225000748874787860E+03   -0.754868380340086276E+01   -0.735408935814438358E+01   -0.746922377987670583E+01   -0.669559406817505653E+01   -0.632831407393703493E+01   -0.992433531119800882E+01   -0.484983069408895417E+01   -0.142913388844738540E+06   -0.819175511231548370E+01    1
    0.938107812574625166E+00    0.378294068574905396E+03   -0.855516213178634644E+01   -0.304400956630706787E+01   -0.760660105943679810E+01   -0.471572047472000122E+01   -0.128879022598266602E+01   -0.810373616218566895E+01   -0.899653679132461548E+01   -0.142320195687470870E+06   -0.819275511231544051E+01    1
    0.935222180266678471E+00    0.310362797975540161E+03   -0.551074171066284180E+01   -0.583668857812881470E+01   -0.145335662364959717E+01   -0.124088114500045776E+01   -0.501967966556549072E+01   -0.407189750671386719E+01   -0.678944945335388184E+01   -0.141780293972472777E+06   -0.819375511231542042E+01    1
    0.940930045406317417E+00    0.265876364253644397E+03   -0.161304508243655320E+01   -0.713721728693372448E+01   -0.671069932198000529E+01   -0.801070617880352565E+01   -0.304558969532868318E+01   -0.416929790284535251E+01   -0.670286508029294037E+01   -0.141339407903069485E+06   -0.819475511231548026E+01    1
    0.889719556838572179E+00    0.339035290479660034E+03   -0.772473359107971191E+01   -0.870681959390640259E+01   -0.516020220518112183E+01   -0.722391688823699951E+01   -0.248694801330566406E+01   -0.372821265459060669E+01   -0.512862777709960938E+01   -0.140915745691523858E+06   -0.819575511231547615E+01    1
    0.942323343323202778E+00    0.274358665336410752E+03   -0.737198886063560366E+01   -0.633646555259132160E+01   -0.398584085785379827E+01   -0.774631859567318504E+01   -0.538263570840856609E+01   -0.281633758988735394E+01   -0.559484905110779973E+01   -0.140711646426032501E+06   -0.819675511231545606E+01    1
    0.936528016028753685E+00    0.277887821169616757E+03   -0.896626875532434475E+01   -0.602735679095553234E+01   -0.157193881909295108E+01   -0.569304493082659846E+01   -0.481887077747753523E+01   -0.231004778110026088E+01   -0.704898143340379946E+01   -0.140512629792024352E+06   -0.819775511231546439E+01    1
    0.880570072124183367E+00    0.462238091230392456E+03   -0.203360855579376221E+01   -0.614164179563522339E+01   -0.209601604938507080E+01   -0.482154220342636108E+01   -0.882156449556350708E+01   -0.809419125318527222E+01   -0.629663807153701782E+01   -0.140447340687770949E+06   -0.819875511231543896E+01    1
    0.935176196797549930E+00    0.484623360633850098E+03   -0.868138474225997925E+01   -0.167313361167907715E+01   -0.570884269475936890E+01   -0.459364455938339233E+01   -0.787550324201583862E+01   -0.195038014650344849E+01   -0.990602397918701172E+01   -0.140114200184260000E+06   -0.819975511231540466E+01    1
    0.882323994437131831E+00    0.411398737242404536E+03   -0.159734398836211433E+01   -0.200820974848289069E+01   -0.367056698056559227E+01   -0.363923185674371830E+01   -0.962816018042465949E+01   -0.335014263984728444E+01   -0.309325366096981114E+01   -0.139894333435314504E+06   -0.820075511231548404E+01    1
    0.939094281694929145E+00    0.322098661132181576E+03   -0.230863424556937691E+01   -0.791095258594010531E+01   -0.986358770937062701E+01   -0.200007820094880362E+01   -0.567795589138728118E+01   -0.192430129887696921E+01   -0.495956899818161290E+01   -0.139151789538158017E+06   -0.820175511231548349E+01    1
    0.942535291832327982E+00    0.331071346998214722E+03   -0.870301461219787598E+01   -0.201597142219543457E+01   -0.619398349523544312E+01   -0.171397936344146729E+01   -0.375666445493698120E+01   -0.806470090150833130E+01   -0.537356281280517578E+01   -0.139144937933541252E+06   -0.820275511231539767E+01    1
    0.892450014088869259E+00    0.208693629503250122E+03   -0.613442343473434448E+01   -0.455509477853775024E+01   -0.896441090106964111E+01   -0.766596478223800659E+01   -0.921909898519515991E+01   -0.499442023038864136E+01   -0.383818268775939941E+01   -0.138813385633661499E+06   -0.820375511231541665E+01    1
    0.891016756849765890E+00    0.217614030838012695E+03   -0.269134843349456787E+01   -0.695690083503723145E+01   -0.700711393356323242E+01   -0.889820003509521484E+01   -0.627687019109725952E+01   -0.980687397718429565E+01   -0.342478883266448975E+01   -0.138354542360642838E+06   -0.820475511231540899E+01    1
    0.890118470546364948E+00    0.475146508216857910E+03   -0.896816653013229370E+01   -0.845078021287918091E+01   -0.461289316415786743E+01   -0.966592013835906982E+01   -0.997971874475479126E+01   -0.323252058029174805E+01   -0.637350428104400635E+01   -0.138121509077444643E+06   -0.820575511231543331E+01    1
    0.936680453738629959E+00    0.411955666542053223E+03   -0.248400026559829712E+01   -0.675538271665573120E+01   -0.700014555454254150E+01   -0.927259135246276855E+01   -0.993270176649093628E+01   -0.199723726511001587E+01   -0.946900790929794312E+01   -0.137770509052780602E+06   -0.820675511231543275E+01    1
    0.939058101125836542E+00    0.389283043146133423E+03   -0.512815088033676147E+01   -0.479062491655349731E+01   -0.974400299787521362E+01   -0.984012371301651001E+01   -0.580411261320114136E+01   -0.772296655178070068E+01   -0.359396809339523315E+01   -0.137475424886592751E+06   -0.820775511231543398E+01    1
    0.882256468251407355E+00    0.477670305967330933E+03   -0.171416980028152466E+01   -0.391945415735244751E+01   -0.326003199815750122E+01   -0.394844454526901245E+01   -0.290978163480758667E+01   -0.865244424343109131E+01   -0.544967371225357056E+01   -0.137010945665954321E+06   -0.820875511231544763E+01    1
    0.936509290616154844E+00    0.488607656955718994E+03   -0.255850237607955933E+01   -0.732077842950820923E+01   -0.709835410118103027E+01   -0.321491348743438721E+01   -0.435133004188537598E+01   -0.661006492376327515E+01   -0.447910457849502563E+01   -0.136427495312058425E+06   -0.820975511231546129E+01    1
    0.934792625503778618E+00    0.386036711931228638E+03   -0.581077468395233154E+01   -0.521455395221710205E+01   -0.377530097961425781E+01   -0.223617434501647949E+01   -0.331448459625244141E+01   -0.130008125305175781E+01   -0.427091902494430542E+01   -0.136104716944923915E+06   -0.821075511231544830E+01    1
    0.889596204143931368E+00    0.383152667015057489E+03   -0.349995700981601043E+01   -0.568420888073399144E+01   -0.773103876470960572E+01   -0.935350647936979662E+01   -0.251224462929152725E+01   -0.485697068690680656E+01   -0.571247344795905487E+01   -0.135822072105924977E+06   -0.821175511231546373E+01    1
    0.883060194070100946E+00    0.384882968664169312E+03   -0.301942497491836548E+01   -0.533001124858856201E+01   -0.229032063484191895E+01   -0.357825517654418945E+01   -0.791395324468612671E+01   -0.250278109312057495E+01   -0.338824641704559326E+01   -0.135323116865612130E+06   -0.821275511231553779E+01    1
    0.879761378077268730E+00    0.413186264038085938E+03   -0.174820005893707275E+01   -0.489435935020446777E+01   -0.826320958137512207E+01   -0.529524874687194824E+01   -0.126139253377914429E+01   -0.408836305141448975E+01   -0.216140508651733398E+01   -0.135061549950743414E+06   -0.821375511231547328E+01    1
    0.892399650626619412E+00    0.472612936013050842E+03   -0.985266115508498608E+01   -0.388700012760470948E+01   -0.650809997095283244E+01   -0.695414167637222125E+01   -0.539260524867922708E+01   -0.769723661087111033E+01   -0.496528808141319900E+01   -0.134916366199619690E+06   -0.821475511231546385E+01    1
    0.943150400070369432E+00    0.201816499233245850E+03   -0.393984699249267578E+01   -0.496783792972564697E+01   -0.367926394939422607E+01   -0.246419322490692139E+01   -0.980536067485809326E+01   -0.397499787807464600E+01   -0.688620746135711670E+01   -0.134905046286942379E+06   -0.821575511231547040E+01    1
    0.938857292782545261E+00    0.202640062570571899E+03   -0.407397568225860596E+01   -0.168925583362579346E+01   -0.369256341457366943E+01   -0.833867245912551880E+01   -0.293119049072265625E+01   -0.844654071331024170E+01   -0.176651418209075928E+01   -0.134495691203409981E+06   -0.821675511231542544E+01    1
    0.891401769155915402E+00    0.458611265580569352E+03   -0.815804462630139327E+01   -0.551364957920997600E+01   -0.660278389360297702E+01   -0.872599766921761955E+01   -0.676885588226664670E+01   -0.271347145308949234E+01   -0.730199917998357861E+01   -0.134397885464626394E+06   -0.821775511231544620E+01    1
    0.883332205656043090E+00    0.315771880210778363E+03   -0.246838657652362237E+01   -0.630458607837795704E+01   -0.255227429396841021E+01   -0.869691027900675095E+01   -0.826940130016123121E+01   -0.714787525228461895E+01   -0.164683047861616849E+01   -0.134065127344479813E+06   -0.821875511231551670E+01    1
    0.940758964208364690E+00    0.373294252157211304E+03   -0.457829159498214722E+01   -0.995421630144119263E+01   -0.977721679210662842E+01   -0.737072277069091797E+01   -0.322243118286132812E+01   -0.331314027309417725E+01   -0.716473609209060669E+01   -0.134002654166836699E+06   -0.821975511231548772E+01    1
    0.894625638433814263E+00    0.460104429721832275E+03   -0.618048340082168579E+01   -0.486202961206436157E+01   -0.815927451848983765E+01   -0.787365198135375977E+01   -0.461617726087570190E+01   -0.946833521127700806E+01   -0.603638386726379395E+01   -0.133872984798688121E+06   -0.822075511231549072E+01    1
    0.888483311381540686E+00    0.327340071321730875E+03   -0.500311544624901305E+01   -0.725862105954870351E+01   -0.408731301362770338E+01   -0.802815561827709345E+01   -0.195869245653256563E+01   -0.267857588433601812E+01   -0.540239823222064430E+01   -0.133502227512090147E+06   -0.822175511231552392E+01    1
    0.923362702149510550E+00    0.478792828321456909E+03   -0.662702453136444092E+01   -0.208462041616439819E+01   -0.661270368099212646E+01   -0.779243952035903931E+01   -0.983945208787918091E+01   -0.563890999555587769E+01   -0.152828145027160645E+01   -0.133399318206305878E+06   -0.822275511231544876E+01    1
    0.892707508384108728E+00    0.229622405767440796E+03   -0.806053811311721802E+01   -0.894841045141220093E+01   -0.317010396718978882E+01   -0.373040884733200073E+01   -0.690242999792098999E+01   -0.932050794363021851E+01   -0.831687200069427490E+01   -0.133234236365949415E+06   -0.822375511231540735E+01    1
    0.890762315716803199E+00    0.295505326986312866E+03   -0.447344297170639038E+01   -0.340742474794387817E+01   -0.738954651355743408E+01   -0.972132277488708496E+01   -0.403643870353698730E+01   -0.959851515293121338E+01   -0.379154604673385620E+01   -0.133037341309212672E+06   -0.822475511231540146E+01    1
    0.942036641490161530E+00    0.270289558172225952E+03   -0.752176654338836670E+01   -0.656121546030044556E+01   -0.589546918869018555E+01   -0.749974828958511353E+01   -0.225346922874450684E+01   -0.460111987590789795E+01   -0.665108984708786011E+01   -0.132937184218147508E+06   -0.822575511231539735E+01    1
    0.888181166333084859E+00    0.300175741668272394E+03   -0.661038588662054583E+01   -0.558596082176582254E+01   -0.229210224709072730E+01   -0.143893904858474286E+01   -0.349141515905882649E+01   -0.930666799586827054E+01   -0.520256363114022502E+01   -0.132211241329438257E+06   -0.822675511231543233E+01    1
    0.895565571846579034E+00    0.322857149025421108E+03   -0.906940394255589588E+01   -0.925670901335881879E+01   -0.756010436372845263E+01   -0.294184836124933557E+01   -0.680871192539789760E+01   -0.921711336402456460E+01   -0.548339285818128364E+01   -0.131832969580704725E+06   -0.822775511231550460E+01    1
    0.937843555360794223E+00    0.266235542297363281E+03   -0.582242941856384277E+01   -0.526495695114135742E+01   -0.834258741140365601E+01   -0.822303813695907593E+01   -0.375727975368499756E+01   -0.108569175004959106E+01   -0.278435349464416504E+01   -0.131766708636496129E+06   -0.822875511231547030E+01    1
    0.888113484048664747E+00    0.278546506166458130E+03   -0.773082005977630615E+01   -0.144410997629165649E+01   -0.699042898416519165E+01   -0.379199182987213135E+01   -0.720424664020538330E+01   -0.187413299083709717E+01   -0.247458356618881226E+01   -0.131278062154411047E+06   -0.822975511231545909E+01    1
    0.888394396864593205E+00    0.291237252950668335E+03   -0.674360191822052002E+01   -0.206843382120132446E+01   -0.312343460321426392E+01   -0.325959748029708862E+01   -0.120326370000839233E+01   -0.841449421644210815E+01   -0.635652428865432739E+01   -0.130736417563045790E+06   -0.823075511231545676E+01    1
    0.891637785377383363E+00    0.222073668241500854E+03   -0.555655223131179810E+01   -0.572378528118133545E+01   -0.260728746652603149E+01   -0.904262679815292358E+01   -0.702122235298156738E+01   -0.563970768451690674E+01   -0.597006303071975708E+01   -0.130554398797048445E+06   -0.823175511231540824E+01    1
    0.880750773244197815E+00    0.480018727521537471E+03   -0.220475107157390315E+01   -0.517271816566245235E+01   -0.278100732219378877E+01   -0.429648960385592993E+01   -0.190170305178601673E+01   -0.709491062063700273E+01   -0.420628920162519826E+01   -0.130284523998349250E+06   -0.823275511231542190E+01    1
    0.887126546606898492E+00    0.281075435876846313E+03   -0.825914281606674194E+01   -0.489660650491714478E+01   -0.992287951707839966E+01   -0.295332086086273193E+01   -0.682119876146316528E+01   -0.640590643882751465E+01   -0.174659717082977295E+01   -0.130248576455136863E+06   -0.823375511231546220E+01    1
    0.887131033332824837E+00    0.252670556306838989E+03   -0.159980899095535278E+01   -0.319523251056671143E+01   -0.596450978517532349E+01   -0.195464324951171875E+01   -0.454339605569839478E+01   -0.205758213996887207E+01   -0.186359083652496338E+01   -0.130224820841770197E+06   -0.823475511231544743E+01    1
    0.939864396781392664E+00    0.412815152934703747E+03   -0.537246045717475518E+01   -0.162823110183696684E+01   -0.537271302831240050E+01   -0.669017539401957428E+01   -0.593008909638623383E+01   -0.391723360272639365E+01   -0.803183059060730997E+01   -0.129965189982133321E+06   -0.823575511231546109E+01    1
    0.892221311442196519E+00    0.344436901807785034E+03   -0.574969273805618286E+01   -0.453562569618225098E+01   -0.976540219783782959E+01   -0.948778015375137329E+01   -0.236996990442276001E+01   -0.483242124319076538E+01   -0.878650158643722534E+01   -0.129902177318675429E+06   -0.823675511231553870E+01    1
    0.889475851018130981E+00    0.434305244684219360E+03   -0.714811819791793823E+01   -0.274760830402374268E+01   -0.449354720115661621E+01   -0.537824273109436035E+01   -0.963008797168731689E+01   -0.802770626544952393E+01   -0.432066702842712402E+01   -0.129796921874138134E+06   -0.823775511231546176E+01    1
    0.888552625999180723E+00    0.392865808301485060E+03   -0.303444251903704298E+01   -0.629313500426518324E+01   -0.395704420069980056E+01   -0.950337287626531690E+01   -0.275878766563362188E+01   -0.498167287124874836E+01   -0.618666088495657540E+01   -0.129131600165658499E+06   -0.823875511231537772E+01    1
    0.881661517450332832E+00    0.390211623907089233E+03   -0.691737365722656250E+01   -0.636297178268432617E+01   -0.885266149044036865E+01   -0.447455018758773804E+01   -0.398310083150863647E+01   -0.854164808988571167E+01   -0.162132245302200317E+01   -0.128412307926173715E+06   -0.823975511231538960E+01    1
    0.889706337468688768E+00    0.391752984915016896E+03   -0.495676907538532241E+01   -0.370025869137043451E+01   -0.327645348298387962E+01   -0.730683125797086852E+01   -0.804955011687291133E+01   -0.592066201332704001E+01   -0.947411738951686999E+01   -0.128109153335053605E+06   -0.824075511231544233E+01    1
    0.929855005508244181E+00    0.448988980054855347E+03   -0.443212568759918213E+01   -0.575997149944305420E+01   -0.201726478338241577E+01   -0.474968528747558594E+01   -0.488402104377746582E+01   -0.963607466220855713E+01   -0.975608205795288086E+01   -0.127371077017028772E+06   -0.824175511231542934E+01    1
    0.880741399395168045E+00    0.399137622117996216E+03   -0.160427111387252808E+01   -0.715484839677810669E+01   -0.566649383306503296E+01   -0.735648185014724731E+01   -0.551948678493499756E+01   -0.714654910564422607E+01   -0.168471056222915649E+01   -0.126527480683666319E+06   -0.824275511231540392E+01    1
    0.882916497888520113E+00    0.437323068051609539E+03   -0.592032701007448381E+01   -0.685489412774637330E+01   -0.296342897076628464E+01   -0.319603337384806352E+01   -0.200030907887565945E+01   -0.100127397556352449E+01   -0.994782599394514300E+01   -0.126511679456535814E+06   -0.824375511231546909E+01    1
    0.942800304129302713E+00    0.207948637008666992E+03   -0.863587999343872070E+01   -0.862518173456192017E+01   -0.374734377861022949E+01   -0.205721360445022583E+01   -0.828112244606018066E+01   -0.808960521221160889E+01   -0.521516603231430054E+01   -0.126468251375086824E+06   -0.824475511231546321E+01    1
    0.894470539978802326E+00    0.311376261711120605E+03   -0.764019626379013062E+01   -0.709887391328811646E+01   -0.678646898269653320E+01   -0.800923442840576172E+01   -0.951824253797531128E+01   -0.295158332586288452E+01   -0.986771827936172485E+01   -0.126401324769328319E+06   -0.824575511231548397E+01    1
    0.937654306455197428E+00    0.311612100107147796E+03   -0.638832239758212417E+01   -0.803962065434380690E+01   -0.880451821525012690E+01   -0.731420809617516987E+01   -0.350786468523255479E+01   -0.317934594101886425E+01   -0.319599599357012565E+01   -0.125931347757936062E+06   -0.824675511231546920E+01    1
    0.943494060807252843E+00    0.317886709214522909E+03   -0.912367551740464933E+01   -0.178777970059892333E+01   -0.915239523575471381E+01   -0.300291590189209856E+01   -0.599219902205564026E+01   -0.726390527708119471E+01   -0.659946249033878107E+01   -0.125372880798268554E+06   -0.824775511231540115E+01    1
    0.942839959135615691E+00    0.254372737315409921E+03   -0.605957272386483403E+01   -0.143091709311837612E+01   -0.522009468913895880E+01   -0.637475743419060326E+01   -0.986562365011216258E+01   -0.694174563300750158E+01   -0.670857947589550641E+01   -0.125119117051621972E+06   -0.824875511231541836E+01    1
    0.932521878952297101E+00    0.360678419383090500E+03   -0.770713854279555211E+01   -0.383032298057787646E+01   -0.481729898284187286E+01   -0.384233653285985355E+01   -0.851288027582260121E+01   -0.867930281431995709E+01   -0.207432405293113220E+01   -0.124860835358099328E+06   -0.824975511231549241E+01    1
    0.894361628937941466E+00    0.353273373481163389E+03   -0.625764438318821714E+01   -0.786644710180171369E+01   -0.440770540960080481E+01   -0.278526242085703757E+01   -0.953185887357710016E+01   -0.562911093957066555E+01   -0.767296346695248133E+01   -0.123703723657651499E+06   -0.825075511231553271E+01    1
    0.887343849098258364E+00    0.425651536152302981E+03   -0.792207047919801433E+01   -0.458853511177190843E+01   -0.861309631051725511E+01   -0.918327490480450948E+01   -0.223896558334458806E+01   -0.166484097639490258E+01   -0.554898724629735796E+01   -0.123444765334168755E+06   -0.825175511231549308E+01    1
    0.935821617793679339E+00    0.402722197771072388E+03   -0.848651045560836792E+01   -0.836862200498580933E+01   -0.662768059968948364E+01   -0.198678469657897949E+01   -0.244064021110534668E+01   -0.210538393259048462E+01   -0.754808384180068970E+01   -0.122765111591841283E+06   -0.825275511231547831E+01    1
    0.944581488818482473E+00    0.251450644167355989E+03   -0.577126754323080160E+01   -0.913519853917738089E+01   -0.781903935381827253E+01   -0.653184371839527955E+01   -0.453939569455939740E+01   -0.571913143801842860E+01   -0.727092700472272391E+01   -0.122437408984522277E+06   -0.825375511231541914E+01    1
    0.892216854761751277E+00    0.426975028579508717E+03   -0.882758553221798437E+01   -0.363157031712369172E+01   -0.475767923289636308E+01   -0.749412669088773598E+01   -0.614977739758313646E+01   -0.728207692342855495E+01   -0.490657983325777725E+01   -0.122417331705148725E+06   -0.825475511231539905E+01    1
    0.893222527201498750E+00    0.277723529494937566E+03   -0.381702420711336199E+01   -0.365232148020376890E+01   -0.874687782627578692E+01   -0.169965683231916209E+01   -0.553959439974647072E+01   -0.391460909512635968E+01   -0.468311867270648197E+01   -0.121773944020293624E+06   -0.825575511231543047E+01    1
    0.880377230455219872E+00    0.471516907215118408E+03   -0.720795989036560059E+01   -0.821497380733489990E+01   -0.179813259840011597E+01   -0.168751990795135498E+01   -0.653202658891677856E+01   -0.302366232872009277E+01   -0.390463978052139282E+01   -0.121292481654287534E+06   -0.825675511231546189E+01    1
    0.936489933208085934E+00    0.265476393639343769E+03   -0.237420543654408167E+01   -0.516390244421486067E+01   -0.203587568450030076E+01   -0.952165848518894187E+01   -0.346126205442530299E+01   -0.794414741727128693E+01   -0.690573600242788732E+01   -0.120938993737813711E+06   -0.825775511231547554E+01    1
    0.887632835326373715E+00    0.499823778867721558E+03   -0.531859898567199707E+01   -0.955556923151016235E+01   -0.303569364547729492E+01   -0.141465073823928833E+01   -0.856012153625488281E+01   -0.845166426897048950E+01   -0.593523025512695312E+01   -0.120788264955512350E+06   -0.825875511231549808E+01    1
    0.894771566458761880E+00    0.395124787092208862E+03   -0.889890867471694946E+01   -0.812186038494110107E+01   -0.551906514167785645E+01   -0.644496744871139526E+01   -0.704026603698730469E+01   -0.394169503450393677E+01   -0.594002979993820190E+01   -0.120197352671454064E+06   -0.825975511231547976E+01    1
    0.944718363726965826E+00    0.321726235404305385E+03   -0.684164749427540198E+01   -0.930901505621141823E+01   -0.686756609940220919E+01   -0.643006201413635292E+01   -0.480002625400045524E+01   -0.846304873315725814E+01   -0.653512671786422317E+01   -0.120069443960098215E+06   -0.826075511231540638E+01    1
    0.943016640921592875E+00    0.360492175817489624E+03   -0.890425592660903931E+01   -0.784980553388595581E+01   -0.505277758836746216E+01   -0.860312056541442871E+01   -0.819057804346084595E+01   -0.965129566192626953E+01   -0.559097355604171753E+01   -0.120033459418019469E+06   -0.826175511231540938E+01    1
    0.879188554495275221E+00    0.498330521583557129E+03   -0.564565038681030273E+01   -0.195695155858993530E+01   -0.169323408603668213E+01   -0.905644017457962036E+01   -0.874245703220367432E+01   -0.995745050907135010E+01   -0.494431227445602417E+01   -0.119947351184828949E+06   -0.826275511231543547E+01    1
    0.891791833281934454E+00    0.488313990831375122E+03   -0.791847544908523560E+01   -0.948188251256942749E+01   -0.978952223062515259E+01   -0.122532325983047485E+01   -0.519556713104248047E+01   -0.922174847126007080E+01   -0.427218234539031982E+01   -0.119801264260879529E+06   -0.826375511231546511E+01    1
    0.939822124891698474E+00    0.266653609275817871E+03   -0.629967379570007324E+01   -0.117525553703308105E+01   -0.993964707851409912E+01   -0.188287001848220825E+01   -0.878200781345367432E+01   -0.393306636810302734E+01   -0.378107738494873047E+01   -0.119338085897652360E+06   -0.826475511231551074E+01    1
    0.889975737945735590E+00    0.274356091022491455E+03   -0.274645924568176270E+01   -0.421629691123962402E+01   -0.841101646423339844E+01   -0.700645518302917480E+01   -0.159273010492324829E+01   -0.122459316253662109E+01   -0.723657530546188354E+01   -0.119283452073034205E+06   -0.826575511231550841E+01    1
    0.891427368874669224E+00    0.394944864511489868E+03   -0.774045294523239136E+01   -0.627834755182266235E+01   -0.711230266094207764E+01   -0.612737619876861572E+01   -0.595091688632965088E+01   -0.184984934329986572E+01   -0.679045850038528442E+01   -0.119272914083867086E+06   -0.826675511231542082E+01    1
    0.891838440515399178E+00    0.408021044731140137E+03   -0.930203986167907715E+01   -0.552216041088104248E+01   -0.679459822177886963E+01   -0.925121468305587769E+01   -0.809218496084213257E+01   -0.986075311899185181E+01   -0.390170973539352417E+01   -0.118636546591686943E+06   -0.826775511231545757E+01    1
    0.936991274848021694E+00    0.299827166193768846E+03   -0.421044151035073000E+01   -0.255912988311258616E+01   -0.769479777113443042E+01   -0.598730466343175216E+01   -0.124642035248116478E+01   -0.530436907121242029E+01   -0.546066055667626138E+01   -0.118489295659173848E+06   -0.826875511231553340E+01    1
    0.928156650259994498E+00    0.428434965917126419E+03   -0.335760334960250795E+01   -0.462091053485853909E+01   -0.226649669623782568E+01   -0.422534225582759682E+01   -0.118809948355263550E+01   -0.983387078283764993E+01   -0.670257423127641871E+01   -0.117657758103363842E+06   -0.826975511231547600E+01    1
    0.889458648254335071E+00    0.430994808673858643E+03   -0.302995640039443970E+01   -0.590023010969161987E+01   -0.369856834411621094E+01   -0.142770558595657349E+01   -0.991028815507888794E+01   -0.422858035564422607E+01   -0.553159320354461670E+01   -0.117363304551462425E+06   -0.827075511231547011E+01    1
    0.881890646083598351E+00    0.369123029188115481E+03   -0.756740055413181079E+01   -0.859104797859734859E+01   -0.115726689247425263E+01   -0.842998195498083014E+01   -0.234415171939993350E+01   -0.232268283844941958E+01   -0.877858557410106677E+01   -0.117304099252043205E+06   -0.827175511231550509E+01    1
    0.927976971467793121E+00    0.433504587411880493E+03   -0.980665832757949829E+01   -0.296891039609909058E+01   -0.229112905263900757E+01   -0.691247701644897461E+01   -0.275680345296859741E+01   -0.625845682621002197E+01   -0.324046903848648071E+01   -0.117159085901107057E+06   -0.827275511231548499E+01    1
    0.937869753462910793E+00    0.380675762891769409E+03   -0.437560886144638062E+01   -0.852790606021881104E+01   -0.572039175033569336E+01   -0.225921666622161865E+01   -0.327737194299697876E+01   -0.824529618024826050E+01   -0.435631090402603149E+01   -0.117094454851155504E+06   -0.827375511231544891E+01    1
    0.880761436456561242E+00    0.420103198289871216E+03   -0.767196434736251831E+01   -0.545738774538040161E+01   -0.143710672855377197E+01   -0.131078487634658813E+01   -0.103928095102310181E+01   -0.316385817527770996E+01   -0.547165119647979736E+01   -0.116989558573230010E+06   -0.827475511231545191E+01    1
    0.942665106357146065E+00    0.392095621232136864E+03   -0.531882486762589846E+01   -0.452495735625837181E+01   -0.634026140701096086E+01   -0.319942097900994415E+01   -0.920118318494981402E+01   -0.569322222279860668E+01   -0.578412784977317074E+01   -0.116864486716929838E+06   -0.827575511231546734E+01    1
    0.932834674383908435E+00    0.492929967166276981E+03   -0.595632927416803515E+01   -0.708025180402299092E+01   -0.426016044323712606E+01   -0.768070640103564983E+01   -0.179897612622512071E+01   -0.649165286387498774E+01   -0.783635091887059332E+01   -0.116724304723811554E+06   -0.827675511231548455E+01    1
    0.940401930256962948E+00    0.356649196147918701E+03   -0.435376065969467163E+01   -0.726311951875686646E+01   -0.505460417270660400E+01   -0.231521368026733398E+01   -0.809874081611633301E+01   -0.343493455648422241E+01   -0.702794021368026733E+01   -0.116254714744608558E+06   -0.827775511231551420E+01    1
    0.931717390724122740E+00    0.394524025917053223E+03   -0.573063081502914429E+01   -0.826761269569396973E+01   -0.281607544422149658E+01   -0.523515224456787109E+01   -0.619554883241653442E+01   -0.408724725246429443E+01   -0.304971033334732056E+01   -0.116130003685893855E+06   -0.827875511231547279E+01    1
    0.894525765592165234E+00    0.299467571879955130E+03   -0.782036998842578956E+01   -0.222913092849255889E+01   -0.550703717084042399E+01   -0.888106312367858663E+01   -0.720537933525263075E+01   -0.338624079553149571E+01   -0.645173998452403552E+01   -0.115974853017256450E+06   -0.827975511231540473E+01    1
    0.897548466600673334E+00    0.278918989358691078E+03   -0.916431322958733574E+01   -0.467183839228487763E+01   -0.725103573933093237E+01   -0.324359881869035060E+01   -0.847042794473993510E+01   -0.835119528703897807E+01   -0.625260430252409982E+01   -0.115673253182951288E+06   -0.828075511231548056E+01    1
    0.938239260570948641E+00    0.222540871364875073E+03   -0.432667333721765957E+01   -0.381981886493378120E+01   -0.436833823283572364E+01   -0.355564734036565611E+01   -0.685233423079806592E+01   -0.490477595229284180E+01   -0.249398622120903024E+01   -0.115593055332573829E+06   -0.828175511231555816E+01    1
    0.893860109093421951E+00    0.362206882437685636E+03   -0.706339252953599939E+01   -0.339135126629380945E+01   -0.965287054417832735E+01   -0.375469870278842954E+01   -0.662355028225087317E+01   -0.305354185916330678E+01   -0.523346654051752491E+01   -0.115355498868562936E+06   -0.828275511231550432E+01    1
    0.885136377247989325E+00    0.476774770021438599E+03   -0.240521842241287231E+01   -0.814099365472793579E+01   -0.272341209650039673E+01   -0.442992305755615234E+01   -0.966848915815353394E+01   -0.602997124195098877E+01   -0.518650341033935547E+01   -0.115005913640115541E+06   -0.828375511231542383E+01    1
    0.883024207830348518E+00    0.460153231393973556E+03   -0.527842888640536501E+01   -0.940154905357758963E+01   -0.813274436433332681E+01   -0.756073538203649953E+01   -0.901906985836781239E+01   -0.172429698023612410E+01   -0.256138967260694272E+01   -0.114966510388507682E+06   -0.828475511231543038E+01    1
    0.938671033469800742E+00    0.200619910656303546E+03   -0.427726644224729657E+01   -0.924588448000856822E+01   -0.568836470298581443E+01   -0.805407782557419516E+01   -0.165687229274748127E+01   -0.820448019948217500E+01   -0.306852082258829206E+01   -0.114917423304415104E+06   -0.828575511231543160E+01    1
    0.924351187950354647E+00    0.406653024946618189E+03   -0.815924659129666274E+01   -0.826161096546634433E+01   -0.642949002460976438E+01   -0.820882662752185688E+01   -0.632420550871599119E+01   -0.338218843041785000E+01   -0.124563259064315091E+01   -0.114512290957961552E+06   -0.828675511231545237E+01    1
    0.890261035657001765E+00    0.285798271775932221E+03   -0.196069199038212005E+01   -0.462989531252065056E+01   -0.358110296941059492E+01   -0.444526447235639921E+01   -0.184749235089648245E+01   -0.810503004719786091E+01   -0.559676780237826499E+01   -0.114359163666509034E+06   -0.828775511231552819E+01    1
    0.932632256026983408E+00    0.350027483701705933E+03   -0.411148959398269653E+01   -0.146203893423080444E+01   -0.789879876375198364E+01   -0.838446956872940063E+01   -0.244343078136444092E+01   -0.287558293342590332E+01   -0.277729982137680054E+01   -0.114064398186665290E+06   -0.828875511231547968E+01    1
    0.885720297269225298E+00    0.460992687940597534E+03   -0.240579134225845337E+01   -0.791336745023727417E+01   -0.921650797128677368E+01   -0.542825627326965332E+01   -0.213368338346481323E+01   -0.623891425132751465E+01   -0.377882647514343262E+01   -0.113910538334803627E+06   -0.828975511231547202E+01    1
    0.944035434270174667E+00    0.450091186104632925E+03   -0.514527649131773224E+01   -0.683971683020287635E+01   -0.657646843739098497E+01   -0.405215362794346756E+01   -0.986865450449942649E+01   -0.691586606198853460E+01   -0.699903636763681991E+01   -0.113855345695333905E+06   -0.829075511231544660E+01    1
    0.886594037898838727E+00    0.408832108974456787E+03   -0.299193608760833740E+01   -0.922049427032470703E+01   -0.474190044403076172E+01   -0.139877635240554810E+01   -0.203123533725738525E+01   -0.507839965820312500E+01   -0.341006082296371460E+01   -0.113512008386016052E+06   -0.829175511231546558E+01    1
    0.889409549952864031E+00    0.455562766746121497E+03   -0.522409763814753259E+01   -0.294259506230919143E+01   -0.673274836182649139E+01   -0.153759372442594078E+01   -0.446385815843202316E+01   -0.927195236517279575E+01   -0.369977061882048108E+01   -0.113296985455148868E+06   -0.829275511231548634E+01    1
    0.938477414297435697E+00    0.400046895544779034E+03   -0.666038515891627725E+01   -0.465835125352002688E+01   -0.946489444813962422E+01   -0.291823454609781585E+01   -0.667450234404636955E+01   -0.239949648062304011E+01   -0.698046161670059728E+01   -0.113212830967597067E+06   -0.829375511231546625E+01    1
    0.885682915181994601E+00    0.402457088232040405E+03   -0.916596925258636475E+01   -0.819507128000259399E+01   -0.243803471326828003E+01   -0.953361213207244873E+01   -0.156203812360763550E+01   -0.418306058645248413E+01   -0.771017831563949585E+01   -0.112947565817291572E+06   -0.829475511231547458E+01    1
    0.937076806729674527E+00    0.208164894580841064E+03   -0.629446011781692505E+01   -0.767361819744110107E+01   -0.143638092279434204E+01   -0.299753707647323608E+01   -0.675469928979873657E+01   -0.362868982553482056E+01   -0.518047165870666504E+01   -0.112761719243376909E+06   -0.829575511231547402E+01    1
    0.892389771585881841E+00    0.298081552982330322E+03   -0.991967427730560303E+01   -0.366897231340408325E+01   -0.510448360443115234E+01   -0.862968569993972778E+01   -0.160719096660614014E+01   -0.644222193956375122E+01   -0.541986900568008423E+01   -0.112026943070700407E+06   -0.829675511231548235E+01    1
    0.896602238182604427E+00    0.361218392848968506E+03   -0.860636872053146362E+01   -0.903832936286926270E+01   -0.830224967002868652E+01   -0.630159425735473633E+01   -0.336480391025543213E+01   -0.774599599838256836E+01   -0.708666557073593140E+01   -0.111929057647043548E+06   -0.829775511231545693E+01    1
    0.930105173965999343E+00    0.440180852803700589E+03   -0.409629726504387115E+01   -0.243873924680558041E+01   -0.888475607282103041E+01   -0.499948134350756312E+01   -0.571598226505275608E+01   -0.368402196410543503E+01   -0.274968037267996301E+01   -0.111863826860030982E+06   -0.829875511231546881E+01    1
    0.888829992292642812E+00    0.420872080326080322E+03   -0.524415749311447144E+01   -0.101643818616867065E+01   -0.445108997821807861E+01   -0.389203929901123047E+01   -0.852023923397064209E+01   -0.187113964557647705E+01   -0.451150727272033691E+01   -0.111263151499148633E+06   -0.829975511231547536E+01    1
    0.893080823005328650E+00    0.369527678617926199E+03   -0.704128775814687025E+01   -0.461223915378119642E+01   -0.352494276852070243E+01   -0.549856727998673822E+01   -0.654271744983107162E+01   -0.649246508700400060E+01   -0.736454017806138950E+01   -0.110847216241592934E+06   -0.830075511231548013E+01    1
    0.936515812783599078E+00    0.272594219446182251E+03   -0.565212363004684448E+01   -0.420519846677780151E+01   -0.600398117303848267E+01   -0.856347107887268066E+01   -0.102017664909362793E+01   -0.876468342542648315E+01   -0.401437109708786011E+01   -0.110589146080329534E+06   -0.830175511231548846E+01    1
    0.894752468387207678E+00    0.257651359122793849E+03   -0.468464969818935462E+01   -0.157076718732169063E+01   -0.824549580897213019E+01   -0.335746876867257260E+01   -0.678500090353299434E+01   -0.389519384164047988E+01   -0.488842936450919652E+01   -0.110508217277267919E+06   -0.830275511231549501E+01    1
    0.881644358459472866E+00    0.396163517236709595E+03   -0.232745581865310669E+01   -0.126980823278427124E+01   -0.819803136587142944E+01   -0.102806770801544189E+01   -0.685258328914642334E+01   -0.208798658847808838E+01   -0.141386646032333374E+01   -0.110103818645584150E+06   -0.830375511231548913E+01    1
    0.889289803397012801E+00    0.331573878171212868E+03   -0.337234910481006001E+01   -0.531790896014326719E+01   -0.503112459630401609E+01   -0.823668720874307780E+01   -0.216766948552650263E+01   -0.848095915631597386E+01   -0.322264846399674099E+01   -0.110086159382967176E+06   -0.830475511231545305E+01    1
    0.931277461775422255E+00    0.350340873003005981E+03   -0.876763761043548584E+01   -0.108919954299926758E+01   -0.280138766765594482E+01   -0.561044961214065552E+01   -0.231219512224197388E+01   -0.385982006788253784E+01   -0.283604663610458374E+01   -0.110044630765530557E+06   -0.830575511231547203E+01    1
    0.888817034562841335E+00    0.402835702082525131E+03   -0.316430169866588873E+01   -0.663588940835000507E+01   -0.919804069148640302E+01   -0.181414874919515512E+01   -0.283696256150331827E+01   -0.511828854697903868E+01   -0.360893821325738173E+01   -0.109927657346693712E+06   -0.830675511231550701E+01    1
    0.886534567029875764E+00    0.280833258574609090E+03   -0.904885305402139650E+01   -0.475074376104586271E+01   -0.908709760121153387E+01   -0.944695911152151346E+01   -0.308058164375444399E+01   -0.836152300839413165E+01   -0.107073161769833192E+01   -0.109926573488819384E+06   -0.830775511231545494E+01    1
    0.935543698208104457E+00    0.316789836500081890E+03   -0.221989579804288084E+01   -0.531370042348738814E+01   -0.293797589962250782E+01   -0.832573611359818067E+01   -0.813311168416278818E+01   -0.778294909693252102E+01   -0.449813367536514086E+01   -0.109785267111119392E+06   -0.830875511231542241E+01    1
    0.943629508696897212E+00    0.488064159110899368E+03   -0.677847934711505218E+01   -0.741072085242555367E+01   -0.625872547478620156E+01   -0.939517672170572560E+01   -0.860333575395208783E+01   -0.590694150868514267E+01   -0.628161038391369608E+01   -0.109735761496169158E+06   -0.830975511231545028E+01    1
    0.939148136859687233E+00    0.445392559318521648E+03   -0.984497491176322193E+01   -0.297567126872732590E+01   -0.455778982245537456E+01   -0.362226911197290313E+01   -0.652301008396780801E+01   -0.679925522176881980E+01   -0.757356420841471767E+01   -0.109604358140578246E+06   -0.831075511231544972E+01    1
    0.935091200699329494E+00    0.337882888317108154E+03   -0.516383230686187744E+01   -0.235144710540771484E+01   -0.277670758962631226E+01   -0.340389710664749146E+01   -0.907250928878784180E+01   -0.998619252443313599E+01   -0.459285974502563477E+01   -0.109572244361032062E+06   -0.831175511231542963E+01    1
    0.890507590059757437E+00    0.335612720251083374E+03   -0.254345518350601196E+01   -0.187554866075515747E+01   -0.900790560245513916E+01   -0.127863484621047974E+01   -0.584192639589309692E+01   -0.147656255960464478E+01   -0.522665017843246460E+01   -0.109474995503715254E+06   -0.831275511231544328E+01    1
    0.934270480038285389E+00    0.211866056919097900E+03   -0.117354804277420044E+01   -0.644547975063323975E+01   -0.814527928829193115E+01   -0.538940232992172241E+01   -0.477887415885925293E+01   -0.845740902423858643E+01   -0.109400337934494019E+01   -0.109447749039256290E+06   -0.831375511231546582E+01    1
    0.889530452897632662E+00    0.307953751839171559E+03   -0.783717582656105982E+01   -0.537959000943196308E+01   -0.313298055717680146E+01   -0.864982238644178381E+01   -0.686003911616698225E+01   -0.590585383821508181E+01   -0.268639065413709233E+01   -0.109369416306193511E+06   -0.831475511231545639E+01    1
    0.896704538745052182E+00    0.327586753941682730E+03   -0.540824719086931704E+01   -0.403832202367271798E+01   -0.776834261374260571E+01   -0.986407428683878074E+01   -0.670203007886654945E+01   -0.774549851611860074E+01   -0.547496685740133593E+01   -0.109366193669917600E+06   -0.831575511231546827E+01    1
    0.939656203578293492E+00    0.318550223112106323E+03   -0.723424285650253296E+01   -0.572573256492614746E+01   -0.990971255302429199E+01   -0.577799272537231445E+01   -0.414209842681884766E+01   -0.670387947559356689E+01   -0.426488298177719116E+01   -0.109263699127219224E+06   -0.831675511231547659E+01    1
    0.891385536913847143E+00    0.310633319698203081E+03   -0.585725354721330049E+01   -0.927671629266983011E+01   -0.269969818160957242E+01   -0.739605367609934028E+01   -0.318992526942348675E+01   -0.747473510524582707E+01   -0.733367443795497387E+01   -0.108918070896400634E+06   -0.831775511231543874E+01    1
    0.882054609357655228E+00    0.458424472808837891E+03   -0.447155416011810303E+01   -0.438733011484146118E+01   -0.155105394124984741E+01   -0.967075723409652710E+01   -0.862807905673980713E+01   -0.622284781932830811E+01   -0.607100796699523926E+01   -0.108581294000582668E+06   -0.831875511231545595E+01    1
    0.930660665981473234E+00    0.349195854757766369E+03   -0.398956310082169097E+01   -0.864701386866808264E+01   -0.166613351162092904E+01   -0.820572829833776218E+01   -0.320934400265240249E+01   -0.754337559772986310E+01   -0.668320831250145275E+01   -0.108422107945330048E+06   -0.831975511231549625E+01    1
    0.894720911447974832E+00    0.318449816767543552E+03   -0.306536074990224083E+01   -0.403811531170608973E+01   -0.980767689713482760E+01   -0.352031077684052018E+01   -0.441070890777932600E+01   -0.457085642299914685E+01   -0.656253178549806648E+01   -0.108137162597377654E+06   -0.832075511231550102E+01    1
    0.890596214921509644E+00    0.301001812842075140E+03   -0.770879620619432337E+01   -0.777811284706448536E+01   -0.285523880696582921E+01   -0.674785839762053996E+01   -0.553813966025274951E+01   -0.101211608110133611E+01   -0.988958701163467246E+01   -0.108128050536823692E+06   -0.832175511231550047E+01    1
    0.894283869407455079E+00    0.290075235864759463E+03   -0.496084472832772150E+01   -0.793313605611404959E+01   -0.617847595991163345E+01   -0.268285651088120591E+01   -0.198024616876784698E+01   -0.559798987698081429E+01   -0.927656575776708969E+01   -0.108044907133918125E+06   -0.832275511231550169E+01    1
    0.897748903067350557E+00    0.435057139396667480E+03   -0.585570758581161499E+01   -0.921303933858871460E+01   -0.757225644588470459E+01   -0.478749263286590576E+01   -0.471848368644714355E+01   -0.566639566421508789E+01   -0.662942939996719360E+01   -0.107976073122006739E+06   -0.832375511231547982E+01    1
    0.892919935751093297E+00    0.244703376129997366E+03   -0.137888493710083715E+01   -0.105266438262628803E+01   -0.397306447126316264E+01   -0.835922857909511485E+01   -0.777656391375558442E+01   -0.617276038040284369E+01   -0.709855502548819306E+01   -0.107959144760715149E+06   -0.832475511231544196E+01    1
    0.932070246655079759E+00    0.315050662641402823E+03   -0.369176338624716749E+01   -0.761975961546934588E+01   -0.157081707919777358E+01   -0.871925485356444341E+01   -0.946272687254977285E+01   -0.487126609282194423E+01   -0.577966218917185870E+01   -0.106730834500092402E+06   -0.832575511231542187E+01    1
    0.922556594807605101E+00    0.443103632248451163E+03   -0.403035554362171666E+01   -0.300808835591042811E+01   -0.193425432728524527E+01   -0.717520796052383680E+01   -0.381191170538725821E+01   -0.132715619600123524E+01   -0.218920042559350136E+01   -0.106588835235208986E+06   -0.832675511231542487E+01    1
    0.894361687630534363E+00    0.282683348655700684E+03   -0.983544862270355225E+01   -0.828264969587326050E+01   -0.369811183214187622E+01   -0.784406667947769165E+01   -0.864367181062698364E+01   -0.415564304590225220E+01   -0.509377247095108032E+01   -0.106367389216492200E+06   -0.832775511231542254E+01    1
    0.896872431704041850E+00    0.296274376350997613E+03   -0.457596821629195016E+01   -0.760595921667001917E+01   -0.857415958325985805E+01   -0.664088262494153092E+01   -0.497863469274574122E+01   -0.483701367176916097E+01   -0.606425577375262215E+01   -0.105828474801003045E+06   -0.832875511231541132E+01    1
    0.894107930455738331E+00    0.337074142898198318E+03   -0.948784794999693837E+01   -0.559166818975042990E+01   -0.848542244322474559E+01   -0.502611134354658162E+01   -0.558422702413488281E+01   -0.294632403910622553E+01   -0.444129155934175213E+01   -0.105741876007624160E+06   -0.832975511231541255E+01    1
    0.896612852809583472E+00    0.233577813384636727E+03   -0.703273296231088718E+01   -0.410930569487940200E+01   -0.473476364367803448E+01   -0.359424756022031477E+01   -0.812027801318284581E+01   -0.860949964696768788E+01   -0.548357351216978373E+01   -0.105203396677328594E+06   -0.833075511231541554E+01    1
    0.936199071819663220E+00    0.331754970550537109E+03   -0.743022543191909790E+01   -0.969334733486175537E+01   -0.297352540493011475E+01   -0.516820216178894043E+01   -0.755849295854568481E+01   -0.354815274477005005E+01   -0.579222828149795532E+01   -0.105020686613528655E+06   -0.833175511231542565E+01    1
    0.942619168605322022E+00    0.380014635412507175E+03   -0.453988557729924747E+01   -0.804271854583051748E+01   -0.676229183453495253E+01   -0.534280331460379809E+01   -0.630441034548591084E+01   -0.796167519341432772E+01   -0.737513111867168281E+01   -0.104932349900486894E+06   -0.833275511231547483E+01    1
    0.893243658014353237E+00    0.395600314381323642E+03   -0.514055570553040209E+01   -0.340403531388719571E+01   -0.486052618890867461E+01   -0.212691593536213563E+01   -0.873780582596577382E+01   -0.267719124442782075E+01   -0.644746485043883233E+01   -0.104903093194459143E+06   -0.833375511231549737E+01    1
    0.882835967206120675E+00    0.395215249061584473E+03   -0.810525912046432495E+01   -0.852751177549362183E+01   -0.639688938856124878E+01   -0.612629580497741699E+01   -0.400366908311843872E+01   -0.998877817392349243E+01   -0.144265031814575195E+01   -0.104543611071712279E+06   -0.833475511231544708E+01    1
    0.940996330221847144E+00    0.357595684836583416E+03   -0.708084012940963525E+01   -0.803199175804090615E+01   -0.959398107321482208E+01   -0.952170232872009237E+01   -0.730422931727626334E+01   -0.809461348319847573E+01   -0.474993488834354594E+01   -0.104543145667693112E+06   -0.833575511231541100E+01    1
    0.935035254102057567E+00    0.306946250911271761E+03   -0.662112539556771118E+01   -0.434461657191847372E+01   -0.590917122972668452E+01   -0.264928015248499715E+01   -0.812764560440158412E+01   -0.977988722837188540E+01   -0.260979219505247162E+01   -0.104527123062702842E+06   -0.833675511231543531E+01    1
    0.890040784528434381E+00    0.302702784538269043E+03   -0.767850786447525024E+01   -0.854960674047470093E+01   -0.188035517930984497E+01   -0.565216332674026489E+01   -0.398536837100982666E+01   -0.416511124372482300E+01   -0.981951522827148438E+01   -0.104385996859821040E+06   -0.833775511231546851E+01    1
    0.942970690462614058E+00    0.361494240374462152E+03   -0.467535456512037406E+01   -0.756102911992043403E+01   -0.889594290454239101E+01   -0.587570858168221299E+01   -0.855702231071946251E+01   -0.746839950989456369E+01   -0.694136366851598829E+01   -0.104236673361152934E+06   -0.833875511231546973E+01    1
    0.891465427925122622E+00    0.286902206521967116E+03   -0.549684405260099318E+01   -0.562047596539739569E+01   -0.435157541321950170E+01   -0.887371943708057032E+01   -0.880463097394201810E+01   -0.742012001817762101E+01   -0.257885808208984457E+01   -0.104229310704984193E+06   -0.833975511231547628E+01    1
    0.889195500834778940E+00    0.373840098747578963E+03   -0.663384947279549486E+01   -0.889384858554000601E+01   -0.624379994761005896E+01   -0.434672412132223496E+01   -0.591521149236397559E+01   -0.556281822294470452E+01   -0.260566413451161871E+01   -0.104217174779169174E+06   -0.834075511231547573E+01    1
    0.928778557205948152E+00    0.452362297972220404E+03   -0.279999187596114751E+01   -0.154710779085417727E+01   -0.910242868858387766E+01   -0.453599057853980625E+01   -0.499697722903798436E+01   -0.140359007813080083E+01   -0.384641792100527091E+01   -0.103848484838526128E+06   -0.834175511231546984E+01    1
    0.937976460937321344E+00    0.406261783838272095E+03   -0.589776676893234253E+01   -0.433561068773269653E+01   -0.802011775970458984E+01   -0.519480752944946289E+01   -0.332818424701690674E+01   -0.552426004409790039E+01   -0.512169963121414185E+01   -0.103643605471136907E+06   -0.834275511231547284E+01    1
    0.922372197213471079E+00    0.415161979198455811E+03   -0.573809057474136353E+01   -0.734408682584762573E+01   -0.799095356464385986E+01   -0.590205025672912598E+01   -0.611611306667327881E+01   -0.778080570697784424E+01   -0.117804020643234253E+01   -0.103291626561201439E+06   -0.834375511231544564E+01    1
    0.896094690991223075E+00    0.391753947734832764E+03   -0.698130518198013306E+01   -0.489355629682540894E+01   -0.435736447572708130E+01   -0.609021687507629395E+01   -0.724494862556457520E+01   -0.742879956960678101E+01   -0.805622887611389160E+01   -0.103089922554693519E+06   -0.834475511231542555E+01    1
    0.930237679456830224E+00    0.452327847480773926E+03   -0.197718453407287598E+01   -0.332473921775817871E+01   -0.550631123781204224E+01   -0.746793675422668457E+01   -0.196420156955718994E+01   -0.718820381164550781E+01   -0.758185929059982300E+01   -0.102666130897302559E+06   -0.834575511231544809E+01    1
    0.889842012682620531E+00    0.223048345257385961E+03   -0.232619829360822816E+01   -0.735608896421697889E+01   -0.221623387314995579E+01   -0.628480942234698325E+01   -0.147596907950748601E+01   -0.691161809530612548E+01   -0.162153107322633794E+01   -0.102565942006783909E+06   -0.834675511231544753E+01    1
    0.884919955484960719E+00    0.336678282292799850E+03   -0.280325607920765751E+01   -0.734128995252359129E+01   -0.150207234124256139E+01   -0.245471445270684541E+01   -0.507598457438972428E+01   -0.944308351004290358E+01   -0.218051890816613358E+01   -0.102295641402652065E+06   -0.834775511231541678E+01    1
    0.888378824642658382E+00    0.360340434312820435E+03   -0.504860299825668335E+01   -0.536213016510009766E+01   -0.194508492946624756E+01   -0.640110313892364502E+01   -0.373429268598556519E+01   -0.646393656730651855E+01   -0.867056739330291748E+01   -0.102037753306709928E+06   -0.834875511231541800E+01    1
    0.923700289974153210E+00    0.434915304183959961E+03   -0.447823286056518555E+01   -0.471785390377044678E+01   -0.273522883653640747E+01   -0.492635542154312134E+01   -0.628143906593322754E+01   -0.667628705501556396E+01   -0.177804821729660034E+01   -0.101995208041547259E+06   -0.834975511231545475E+01    1
    0.891718688706100160E+00    0.293405050039291382E+03   -0.700566983222961426E+01   -0.102605122327804565E+01   -0.248139369487762451E+01   -0.364798885583877563E+01   -0.925402134656906128E+01   -0.385067373514175415E+01   -0.786324661970138550E+01   -0.101650057386595145E+06   -0.835075511231547551E+01    1
    0.932365230174958870E+00    0.256584757566452026E+03   -0.405079603195190430E+01   -0.403963375091552734E+01   -0.106993752717971802E+01   -0.273937928676605225E+01   -0.720978432893753052E+01   -0.516884750127792358E+01   -0.479647749662399292E+01   -0.101441158362540416E+06   -0.835175511231549272E+01    1
    0.939616435293357921E+00    0.452577860808687603E+03   -0.848840097599254229E+01   -0.357332289108333345E+01   -0.688574929147645420E+01   -0.529405223706898997E+01   -0.887738359489201656E+01   -0.410037212236021187E+01   -0.592089488873621494E+01   -0.101012767094352734E+06   -0.835275511231551526E+01    1
    0.893066933653730022E+00    0.415762709010948413E+03   -0.275833379093627507E+01   -0.374821756475172041E+01   -0.479364708896342151E+01   -0.125567921265251137E+01   -0.547413991839616365E+01   -0.575445682366236966E+01   -0.741929492630843335E+01   -0.100976964426508275E+06   -0.835375511231550050E+01    1
    0.890503913133144587E+00    0.381918197870254517E+03   -0.250751841068267822E+01   -0.432903820276260376E+01   -0.317747414112091064E+01   -0.685908496379852295E+01   -0.353754568099975586E+01   -0.828638225793838501E+01   -0.863903480768203735E+01   -0.100874236305123370E+06   -0.835475511231545731E+01    1
    0.880665475237906170E+00    0.421813356876373291E+03   -0.454991382360458374E+01   -0.754731297492980957E+01   -0.116486251354217529E+01   -0.939268672466278076E+01   -0.939914011955261230E+01   -0.769371813535690308E+01   -0.266362136602401733E+01   -0.100296960865222762E+06   -0.835575511231545320E+01    1
    0.929037689487286822E+00    0.483002891703170178E+03   -0.233178981721527556E+01   -0.751580389297465246E+01   -0.363670539923187164E+01   -0.440376654921329358E+01   -0.398523512606805852E+01   -0.439335555067474726E+01   -0.392931870766911384E+01   -0.100098919336818173E+06   -0.835675511231549528E+01    1
    0.929566480908563753E+00    0.470418629956263203E+03   -0.692130696170438320E+01   -0.397861685446127389E+01   -0.383123690444690279E+01   -0.148605132039485355E+01   -0.201484475758330905E+01   -0.274557723507554829E+01   -0.788827304355070069E+01   -0.999250531080818473E+05   -0.835775511231546986E+01    1
    0.896374477380520562E+00    0.240052562361462719E+03   -0.284749008608588916E+01   -0.543953846909566341E+01   -0.594315107991779623E+01   -0.373997967091482675E+01   -0.613813299717517857E+01   -0.395444258592278075E+01   -0.881171904306381215E+01   -0.998787988051676075E+05   -0.835875511231543555E+01    1
    0.896542258317232332E+00    0.329717832803726196E+03   -0.765369153022766113E+01   -0.342607361078262329E+01   -0.807790970802307129E+01   -0.786447560787200928E+01   -0.649696367979049683E+01   -0.950475585460662842E+01   -0.457397538423538208E+01   -0.993203791252862575E+05   -0.835975511231544033E+01    1
    0.895315213947125765E+00    0.304269827399111591E+03   -0.944800711760857581E+01   -0.543590306631646136E+01   -0.969533308188654708E+01   -0.592139329510311896E+01   -0.247245665160831152E+01   -0.640926496758288344E+01   -0.511136929809227247E+01   -0.992198746843183617E+05   -0.836075511231547175E+01    1
    0.887125977558732237E+00    0.301509737968444824E+03   -0.647568410634994507E+01   -0.553579461574554443E+01   -0.754427671432495117E+01   -0.346604710817337036E+01   -0.282995319366455078E+01   -0.273021149635314941E+01   -0.126317727565765381E+01   -0.984727170840824838E+05   -0.836175511231550850E+01    1
    0.943370490391910232E+00    0.206499689817428589E+03   -0.923179388046264648E+01   -0.535459476709365845E+01   -0.904082489013671875E+01   -0.616879647970199585E+01   -0.931596106290817261E+01   -0.703024530410766602E+01   -0.926465362310409546E+01   -0.982681496281482250E+05   -0.836275511231545998E+01    1
    0.889694212308705046E+00    0.393593424558639526E+03   -0.466892075538635254E+01   -0.275072824954986572E+01   -0.249347490072250366E+01   -0.184709900617599487E+01   -0.545552414655685425E+01   -0.685040748119354248E+01   -0.961247444152832031E+01   -0.975583682506668410E+05   -0.836375511231546298E+01    1
    0.894775932809114605E+00    0.223211514949798584E+03   -0.510876387357711792E+01   -0.465582782030105591E+01   -0.327992916107177734E+01   -0.171148651838302612E+01   -0.257843011617660522E+01   -0.643981868028640747E+01   -0.518776994943618774E+01   -0.972263760688621696E+05   -0.836475511231546598E+01    1
    0.936691984623976959E+00    0.280679416147144025E+03   -0.581994126518865418E+01   -0.444129031546244679E+01   -0.276585489616759173E+01   -0.985956888540352772E+01   -0.495743432745087276E+01   -0.821035582815101606E+01   -0.745211802781973809E+01   -0.971074568820596178E+05   -0.836575511231546720E+01    1
    0.893886838822245733E+00    0.344419020414352417E+03   -0.284261751174926758E+01   -0.255194276571273804E+01   -0.818027192354202271E+01   -0.630577474832534790E+01   -0.770338428020477295E+01   -0.268033260107040405E+01   -0.823991298675537109E+01   -0.969797180701245525E+05   -0.836675511231550750E+01    1
    0.888757915324947412E+00    0.367189006165133719E+03   -0.317371759778956175E+01   -0.748825410540797343E+01   -0.233326384135494447E+01   -0.155079902810470038E+01   -0.650702046118545585E+01   -0.201985215911807270E+01   -0.797447344188789931E+01   -0.968761591756298876E+05   -0.836775511231549629E+01    1
    0.897873546502232722E+00    0.466921818256378174E+03   -0.470275092124938965E+01   -0.402901220321655273E+01   -0.636687600612640381E+01   -0.861589217185974121E+01   -0.606240880489349365E+01   -0.736451989412307739E+01   -0.708223938941955566E+01   -0.968616944323925854E+05   -0.836875511231550817E+01    1
    0.899541433864972761E+00    0.350286849970070875E+03   -0.609342579653338667E+01   -0.691882703034482027E+01   -0.583660916593287649E+01   -0.329130065734995991E+01   -0.966181697862272948E+01   -0.746304046055042036E+01   -0.927105052374978200E+01   -0.966918896946531313E+05   -0.836975511231548275E+01    1
    0.885282305272936942E+00    0.494458985328674316E+03   -0.871647232770919800E+01   -0.589821416139602661E+01   -0.212222605943679810E+01   -0.922131931781768799E+01   -0.463347697257995605E+01   -0.521707040071487427E+01   -0.735026448965072632E+01   -0.966478773781140771E+05   -0.837075511231546088E+01    1
    0.897417169872880116E+00    0.257029253244400024E+03   -0.870097935199737549E+01   -0.970481806993484497E+01   -0.494968742132186890E+01   -0.817146891355514526E+01   -0.693961453437805176E+01   -0.628920888900756836E+01   -0.494081950187683105E+01   -0.963251730722051143E+05   -0.837175511231546388E+01    1
    0.935616224235356064E+00    0.308218282461166382E+03   -0.992244875431060791E+01   -0.500176572799682617E+01   -0.393503618240356445E+01   -0.787893271446228027E+01   -0.306263053417205811E+01   -0.217665076255798340E+01   -0.908980953693389893E+01   -0.959106904536658403E+05   -0.837275511231543845E+01    1
    0.893711057655036667E+00    0.233354449272155762E+03   -0.628436642885208130E+01   -0.470060032606124878E+01   -0.209792041778564453E+01   -0.387795448303222656E+01   -0.943366229534149170E+01   -0.395763325691223145E+01   -0.551343840360641479E+01   -0.957288794723758620E+05   -0.837375511231543079E+01    1
    0.891735736030861759E+00    0.234528898670042821E+03   -0.632506540766533121E+01   -0.832332509627494943E+01   -0.117075625920138826E+01   -0.453608182368513102E+01   -0.717403319868100375E+01   -0.378813591672283057E+01   -0.574869812172468553E+01   -0.946754705890582554E+05   -0.837475511231546044E+01    1
    0.929281011000216206E+00    0.428207814693450928E+03   -0.875906687974929810E+01   -0.261155968904495239E+01   -0.240463262796401978E+01   -0.722692632675170898E+01   -0.858862429857254028E+01   -0.623949146270751953E+01   -0.680525946617126465E+01   -0.943104620080649911E+05   -0.837575511231547232E+01    1
    0.937447344631791246E+00    0.234465116262435913E+03   -0.497150611877441406E+01   -0.870224589109420776E+01   -0.839030927419662476E+01   -0.350876343250274658E+01   -0.129134958982467651E+01   -0.654546767473220825E+01   -0.729704356193542480E+01   -0.940754262581822695E+05   -0.837675511231544334E+01    1
    0.929418797259092488E+00    0.285191875696182251E+03   -0.589663112163543701E+01   -0.699612706899642944E+01   -0.101479238271713257E+01   -0.791118091344833374E+01   -0.922706031799316406E+01   -0.163153147697448730E+01   -0.779406225681304932E+01   -0.938250996351041395E+05   -0.837775511231544989E+01    1
    0.928710006775803953E+00    0.310544092603943852E+03   -0.438237004746894421E+01   -0.598805457939671548E+01   -0.131223796815441318E+01   -0.883109662324873135E+01   -0.220302730711097183E+01   -0.315005653513626971E+01   -0.425230698538124230E+01   -0.936682575126407173E+05   -0.837875511231548131E+01    1
    0.894283115210652513E+00    0.481030344963073730E+03   -0.576865649223327637E+01   -0.797482061386108398E+01   -0.655475187301635742E+01   -0.116015148162841797E+01   -0.443284505605697632E+01   -0.265437740087509155E+01   -0.632021522521972656E+01   -0.933727772804221167E+05   -0.837975511231550207E+01    1
    0.895158861638059467E+00    0.354127053497182942E+03   -0.786232209115485947E+01   -0.767987730900662946E+01   -0.727087568711754351E+01   -0.673651518207712385E+01   -0.831185822644918204E+01   -0.305905163606183983E+01   -0.427758044259707937E+01   -0.932838017636652803E+05   -0.838075511231550863E+01    1
    0.887483015836215583E+00    0.450647606370328845E+03   -0.966006711478281588E+01   -0.175264101231663538E+01   -0.562398975861799677E+01   -0.725901477209165868E+01   -0.613940858112712018E+01   -0.619055643526593968E+01   -0.268830021310364664E+01   -0.931212349305807729E+05   -0.838175511231546899E+01    1
    0.900847479864576584E+00    0.255387002475796692E+03   -0.855808231500535221E+01   -0.677432432163208098E+01   -0.807468914718710806E+01   -0.671921993623390534E+01   -0.985095711915568550E+01   -0.830265972174932187E+01   -0.758960415418844825E+01   -0.930363916401398601E+05   -0.838275511231544357E+01    1
    0.887901727081992664E+00    0.392673878481262079E+03   -0.113186525121489900E+01   -0.141721189449940432E+01   -0.276313623425809585E+01   -0.462541334687846817E+01   -0.907632685949284124E+01   -0.526141188395698922E+01   -0.768450676472044858E+01   -0.928601772018722841E+05   -0.838375511231546611E+01    1
    0.939935266987681595E+00    0.271808028221130371E+03   -0.751045888662338257E+01   -0.287074315547943115E+01   -0.667730200290679932E+01   -0.465357100963592529E+01   -0.822650194168090820E+01   -0.958396470546722412E+01   -0.488182860612869263E+01   -0.925587269325160451E+05   -0.838475511231547266E+01    1
    0.897576268072664885E+00    0.324430547026756074E+03   -0.946276346353064390E+01   -0.779480647366909452E+01   -0.828678614649942169E+01   -0.584911829129294425E+01   -0.739846056905441785E+01   -0.336429917031219272E+01   -0.519698980550620782E+01   -0.922427503834617382E+05   -0.838575511231549164E+01    1
    0.932159245682001258E+00    0.404213362932205200E+03   -0.587717169523239136E+01   -0.448534125089645386E+01   -0.935957968235015869E+01   -0.374519962072372437E+01   -0.118627834320068359E+01   -0.916540706157684326E+01   -0.679833990335464478E+01   -0.917764981283912202E+05   -0.838675511231551951E+01    1
    0.934986697782975829E+00    0.233615412152349990E+03   -0.385664485217214725E+01   -0.183804660256185137E+01   -0.266323007800837086E+01   -0.975478118507147762E+01   -0.164717978987154190E+01   -0.717064453450641981E+01   -0.834872603722991613E+01   -0.917420054458214145E+05   -0.838775511231551363E+01    1
    0.898951847521640035E+00    0.336079965205337544E+03   -0.502475862281561270E+01   -0.617268381468352789E+01   -0.732752348360387629E+01   -0.168182689450178557E+01   -0.863773396120110526E+01   -0.458873805836394766E+01   -0.662260609548968038E+01   -0.915404968056175130E+05   -0.838875511231546156E+01    1
    0.897400481441080755E+00    0.265768516063690186E+03   -0.279008752107620239E+01   -0.296299666166305542E+01   -0.999493598937988281E+01   -0.421612042188644409E+01   -0.941013395786285400E+01   -0.671080869436264038E+01   -0.698242902755737305E+01   -0.914899726860350493E+05   -0.838975511231543436E+01    1
    0.897608720240235525E+00    0.323101967573165894E+03   -0.775801926851272583E+01   -0.208027255535125732E+01   -0.981271314620971680E+01   -0.371407848596572876E+01   -0.431492334604263306E+01   -0.491686737537384033E+01   -0.594797450304031372E+01   -0.914354294140848651E+05   -0.839075511231546756E+01    1
    0.935791359751761087E+00    0.265553510189056396E+03   -0.793114244937896729E+01   -0.406725084781646729E+01   -0.795856106281280518E+01   -0.847992348670959473E+01   -0.421756559610366821E+01   -0.715792006254196167E+01   -0.299966353178024292E+01   -0.909023204263668013E+05   -0.839175511231549187E+01    1
    0.901300179467797502E+00    0.275592356920242310E+03   -0.878251904249191284E+01   -0.569871306419372559E+01   -0.887976628541946411E+01   -0.693718338012695312E+01   -0.807627999782562256E+01   -0.871286582946777344E+01   -0.828962451219558716E+01   -0.908919819974648126E+05   -0.839275511231546822E+01    1
    0.940471299417078632E+00    0.323227119445800781E+03   -0.381612849235534668E+01   -0.467148870229721069E+01   -0.985616707801818848E+01   -0.913411051034927368E+01   -0.761417239904403687E+01   -0.883553236722946167E+01   -0.805697453022003174E+01   -0.908709173612665036E+05   -0.839375511231543037E+01    1
    0.920684367174709362E+00    0.462721999736114640E+03   -0.911731540748626657E+01   -0.689993738222571373E+01   -0.152706724631774016E+01   -0.954480951589814097E+01   -0.479636272759442939E+01   -0.263139903343706472E+01   -0.323679567931205447E+01   -0.908243311879758403E+05   -0.839475511231543692E+01    1
    0.896956886509001405E+00    0.361109423637390137E+03   -0.568853622674942017E+01   -0.719109684228897095E+01   -0.693383437395095825E+01   -0.977537196874618530E+01   -0.254706221818923950E+01   -0.700098186731338501E+01   -0.747497969865798950E+01   -0.907160689049301873E+05   -0.839575511231544347E+01    1
    0.889380043004751375E+00    0.452883529663085938E+03   -0.441549921035766602E+01   -0.374837589263916016E+01   -0.570901221036911011E+01   -0.106393635272979736E+01   -0.593902289867401123E+01   -0.236786490678787231E+01   -0.337309569120407104E+01   -0.906476178414438327E+05   -0.839675511231548022E+01    1
    0.933903137560486929E+00    0.349161648750305176E+03   -0.547306096553802490E+01   -0.707022202014923096E+01   -0.278232842683792114E+01   -0.304968672990798950E+01   -0.440978288650512695E+01   -0.893947494029998779E+01   -0.649678128957748413E+01   -0.902939162807817047E+05   -0.839775511231547611E+01    1
    0.936099214809715918E+00    0.265316635370254517E+03   -0.851637470722198486E+01   -0.147524183988571167E+01   -0.325622969865798950E+01   -0.850939184427261353E+01   -0.845570796728134155E+01   -0.773331773281097412E+01   -0.474561423063278198E+01   -0.894297133645510330E+05   -0.839875511231543292E+01    1
    0.884617931273366076E+00    0.384167445769711946E+03   -0.208503061212912932E+01   -0.706447549618132520E+01   -0.728822523085055263E+01   -0.402298849009530279E+01   -0.366242857300788494E+01   -0.540919129191366821E+01   -0.146197909959795247E+01   -0.891772809824164578E+05   -0.839975511231543237E+01    1
    0.934276947489559806E+00    0.384524536132812500E+03   -0.497787797451019287E+01   -0.538003230094909668E+01   -0.315411692857742310E+01   -0.210599333047866821E+01   -0.637694555521011353E+01   -0.645896428823471069E+01   -0.651848089694976807E+01   -0.889663147873864073E+05   -0.840075511231544425E+01    1
    0.925553703297873454E+00    0.403155423443440782E+03   -0.642753738926460194E+01   -0.285856534943950713E+01   -0.341043306227386722E+01   -0.835525239519835594E+01   -0.583339050815187932E+01   -0.609908568606925172E+01   -0.195607638306535669E+01   -0.886911289991456870E+05   -0.840175511231545258E+01    1
    0.934458140889593891E+00    0.390347250311564778E+03   -0.448804082758277634E+01   -0.263358126212119092E+01   -0.485526646701860543E+01   -0.857305521909097124E+01   -0.268654686911446916E+01   -0.734482157235120159E+01   -0.930580520922911703E+01   -0.886885460036573932E+05   -0.840275511231545380E+01    1
    0.894247408270105959E+00    0.387057045773532536E+03   -0.495089904228111877E+01   -0.679888532931459721E+01   -0.908686817013350101E+01   -0.526446965568408309E+01   -0.552904797937027315E+01   -0.661471702717469334E+01   -0.369080444988796685E+01   -0.883241240399626113E+05   -0.840375511231545147E+01    1
    0.930220696999851437E+00    0.386765185289673184E+03   -0.664662193608954421E+01   -0.233508031421571971E+01   -0.818341128722887490E+01   -0.859708398944667707E+01   -0.164742710421744576E+01   -0.584686195862909397E+01   -0.369988326330904282E+01   -0.880715423103262583E+05   -0.840475511231546335E+01    1
    0.919484217119801217E+00    0.485945830016907166E+03   -0.845278223875642709E+01   -0.835360704149195321E+01   -0.143151666349289819E+01   -0.822581868102468938E+01   -0.498588130188932510E+01   -0.333898350508970765E+01   -0.543277808239049076E+01   -0.879315443158980925E+05   -0.840575511231545036E+01    1
    0.932473135258946595E+00    0.477998486055442129E+03   -0.322761505812279736E+01   -0.164832155013695214E+01   -0.651591787761519736E+01   -0.810500437768478399E+01   -0.380522125046245208E+01   -0.737504811123028148E+01   -0.853653746051650408E+01   -0.878294435497538507E+05   -0.840675511231544803E+01    1
    0.890712529207621784E+00    0.343667314043538852E+03   -0.971872956370428476E+01   -0.691492095902945181E+01   -0.208834650064819005E+01   -0.899203859531809968E+01   -0.613661126643848220E+01   -0.259601531780090156E+01   -0.619812916431265837E+01   -0.875904990938242408E+05   -0.840775511231549366E+01    1
    0.939292843260879140E+00    0.273907984427485871E+03   -0.871339104760395777E+01   -0.648582690070155898E+01   -0.469553631977887598E+01   -0.431936395404595963E+01   -0.646748055175078385E+01   -0.375933896661427802E+01   -0.812854699884813492E+01   -0.874110723318071687E+05   -0.840875511231550909E+01    1
    0.927910576106605989E+00    0.434673374112024703E+03   -0.476891124328445581E+01   -0.828472938918758750E+01   -0.658992377528804507E+01   -0.199899222389934828E+01   -0.301878667335650253E+01   -0.961927092207774237E+01   -0.276106227296831719E+01   -0.873144830106552690E+05   -0.840975511231548367E+01    1
    0.925133016585686585E+00    0.444854065379786562E+03   -0.250947525732182086E+01   -0.485483203300927624E+01   -0.285255154274729872E+01   -0.782764437433795379E+01   -0.196545600868969039E+01   -0.229231856782045806E+01   -0.434393294071817060E+01   -0.872885628395710082E+05   -0.841075511231547068E+01    1
    0.887348669641432442E+00    0.387974899618176778E+03   -0.366377923366869762E+01   -0.817315316033500316E+01   -0.155129839848869722E+01   -0.346743786340622329E+01   -0.498059747080055448E+01   -0.755564363855235221E+01   -0.551594380215518587E+01   -0.872824857831874397E+05   -0.841175511231546480E+01    1
    0.934446742707789157E+00    0.272227936983108521E+03   -0.586284601688385010E+01   -0.980683642625808716E+01   -0.884028738737106323E+01   -0.987342011928558350E+01   -0.472393500804901123E+01   -0.168534839153289795E+01   -0.320041239261627197E+01   -0.871677829063371173E+05   -0.841275511231546247E+01    1
    0.877004339711666248E+00    0.496958285570144653E+03   -0.635423421859741211E+01   -0.225101071596145630E+01   -0.174468636512756348E+01   -0.319990599155426025E+01   -0.319471108913421631E+01   -0.186439120769500732E+01   -0.180141723155975342E+01   -0.870568676143446355E+05   -0.841375511231546191E+01    1
    0.878732097462482931E+00    0.460105775869883928E+03   -0.249846077731666494E+01   -0.398849285233229445E+01   -0.548159555677304056E+01   -0.322384607696356351E+01   -0.541300449576196918E+01   -0.403822827411740715E+01   -0.112048259936013039E+01   -0.867004146359874721E+05   -0.841475511231545958E+01    1
    0.894947331375372412E+00    0.449874691139026424E+03   -0.928854191982750521E+01   -0.493369323381693192E+01   -0.604135178632626602E+01   -0.607410713688755788E+01   -0.151264577304901948E+01   -0.630869807876716582E+01   -0.767498007597019516E+01   -0.865723234587134939E+05   -0.841575511231545548E+01    1
    0.933095001618504671E+00    0.385665941238403320E+03   -0.222308033704757690E+01   -0.833756685256958008E+01   -0.965273493528366089E+01   -0.864587604999542236E+01   -0.761843818426132202E+01   -0.256887340545654297E+01   -0.813259673118591309E+01   -0.863407895138770546E+05   -0.841675511231543894E+01    1
    0.889390084497198696E+00    0.272343737176817228E+03   -0.394788817558429539E+01   -0.201275496635844053E+01   -0.277189675774055644E+01   -0.527664045674460791E+01   -0.476661536952750708E+01   -0.574507998460282732E+01   -0.118020640563341495E+01   -0.859314999768447306E+05   -0.841775511231546680E+01    1
    0.891978640703794734E+00    0.433559167995747771E+03   -0.210121049632922308E+01   -0.147178761821457549E+01   -0.537372645504421875E+01   -0.121486023957711708E+01   -0.884751123504186054E+01   -0.363641880562179498E+01   -0.700464119432107069E+01   -0.857757862022642221E+05   -0.841875511231546447E+01    1
    0.924727399679377560E+00    0.491206995285317362E+03   -0.265778216628450714E+01   -0.680083712376687188E+01   -0.744577453232825004E+01   -0.826385072305682300E+01   -0.229227692177451114E+01   -0.268740855049869509E+01   -0.338599541181425767E+01   -0.857683728775507334E+05   -0.841975511231547280E+01    1
    0.928921957361187767E+00    0.288199334977143337E+03   -0.536126255170138233E+01   -0.193408948521370405E+01   -0.121150120887912927E+01   -0.970364235294694311E+01   -0.227201859937467088E+01   -0.489163215633891557E+01   -0.609743724648953034E+01   -0.856565786162516160E+05   -0.842075511231547047E+01    1
    0.884159147440970572E+00    0.412920810862001190E+03   -0.366140460393081035E+01   -0.676268976451232273E+01   -0.268513909268958972E+01   -0.486444566395284550E+01   -0.739495840607471067E+01   -0.404243021061032604E+01   -0.174008982136301782E+01   -0.856451330900675966E+05   -0.842175511231542373E+01    1
    0.890103864146538526E+00    0.462008206833732515E+03   -0.206715115701596552E+01   -0.496388222619359976E+01   -0.323742600045906048E+01   -0.186673570302547454E+01   -0.785934229932421324E+01   -0.692436124167690714E+01   -0.970175052025452622E+01   -0.855628237978157558E+05   -0.842275511231542140E+01    1
    0.933416169920389005E+00    0.244784561545006397E+03   -0.391455573091108100E+01   -0.440908324987193900E+01   -0.180710567869146743E+01   -0.618828648424563710E+01   -0.869763019345062105E+01   -0.258298064496587010E+01   -0.774068974772165586E+01   -0.855515663648672198E+05   -0.842375511231541196E+01    1
    0.930024737961222092E+00    0.304515622806784961E+03   -0.783452518174313539E+01   -0.407136066815828634E+01   -0.758017488719362831E+01   -0.977468069967246933E+01   -0.273556191316037989E+01   -0.657331963634762406E+01   -0.189084451408645471E+01   -0.854325647292615613E+05   -0.842475511231540253E+01    1
    0.941001367874768624E+00    0.269883567973816866E+03   -0.653125572462119131E+01   -0.446029026119334926E+01   -0.866108732598907771E+01   -0.631723212135408918E+01   -0.692691296985171423E+01   -0.469847510177884331E+01   -0.797161568926173736E+01   -0.854195284841666435E+05   -0.842575511231544638E+01    1
    0.897449834163320692E+00    0.262519136990725428E+03   -0.628372659356818986E+01   -0.406740865261924167E+01   -0.616617895196565691E+01   -0.850972818270273734E+01   -0.740240476815091508E+01   -0.296355129949492468E+01   -0.453139435010890512E+01   -0.851942956951217056E+05   -0.842675511231546182E+01    1
    0.926619835364163036E+00    0.486471921205520630E+03   -0.818932276964187622E+01   -0.563415658473968506E+01   -0.713565343618392944E+01   -0.381172162294387817E+01   -0.818558216094970703E+01   -0.837833642959594727E+01   -0.276810038089752197E+01   -0.851509539506686560E+05   -0.842775511231541685E+01    1
    0.928365215522468201E+00    0.377918720245361328E+03   -0.485828846693038940E+01   -0.302374494075775146E+01   -0.578831815719604492E+01   -0.181177860498428345E+01   -0.804689317941665649E+01   -0.614471238851547241E+01   -0.224181878566741943E+01   -0.851314923915185645E+05   -0.842875511231545538E+01    1
    0.932931006314277833E+00    0.343388068675994873E+03   -0.614140146970748901E+01   -0.443242555856704712E+01   -0.779122340679168701E+01   -0.150720357894897461E+01   -0.612128704786300659E+01   -0.717585223913192749E+01   -0.294032180309295654E+01   -0.849330545937993447E+05   -0.842975511231551344E+01    1
    0.932205634050786713E+00    0.357751154899597168E+03   -0.470418107509613037E+01   -0.277713298797607422E+01   -0.667426627874374390E+01   -0.709824734926223755E+01   -0.214505541324615479E+01   -0.623228758573532104E+01   -0.398639994859695435E+01   -0.848771859866505401E+05   -0.843075511231551289E+01    1
    0.934054394940376453E+00    0.405785763263702393E+03   -0.743259167671203613E+01   -0.407683867216110229E+01   -0.998865157365798950E+01   -0.454452902078628540E+01   -0.965907460451126099E+01   -0.206716942787170410E+01   -0.681772691011428833E+01   -0.846001233828524273E+05   -0.843175511231548747E+01    1
    0.889607213598668789E+00    0.289581364393234253E+03   -0.387104672193527222E+01   -0.325414723157882690E+01   -0.409386748075485229E+01   -0.549044543504714966E+01   -0.130779260396957397E+01   -0.104132372140884399E+01   -0.159327727556228638E+01   -0.845395071047043020E+05   -0.843275511231544606E+01    1
    0.898324538431278352E+00    0.366522816559159992E+03   -0.522039143728292210E+01   -0.525555681832919674E+01   -0.602320807259547664E+01   -0.120823873591317188E+01   -0.477299434672374634E+01   -0.372163102885652108E+01   -0.948046133320569062E+01   -0.844384881413778203E+05   -0.843375511231545083E+01    1
    0.894674543746411977E+00    0.436937618255615234E+03   -0.300785499811172485E+01   -0.825134241580963135E+01   -0.443763494491577148E+01   -0.867523068189620972E+01   -0.568489646911621094E+01   -0.437104964256286621E+01   -0.981328982114791870E+01   -0.844253524176261126E+05   -0.843475511231547159E+01    1
    0.895250817746402916E+00    0.332600173583660876E+03   -0.787211988848681798E+01   -0.315500441454838398E+01   -0.930058333527526138E+01   -0.741863193595464221E+01   -0.152486370624751366E+01   -0.403444328038758826E+01   -0.579590401250461795E+01   -0.842034537517110584E+05   -0.843575511231546216E+01    1
    0.892322205474514352E+00    0.383016808207646591E+03   -0.705834534449715978E+01   -0.624703491891371598E+01   -0.588421582898523443E+01   -0.985207806078613224E+01   -0.145759716219607860E+01   -0.732049149929816600E+01   -0.395257258661698252E+01   -0.841572825577922777E+05   -0.843675511231548114E+01    1
    0.935223477696873307E+00    0.487958906686145554E+03   -0.462194669312549777E+01   -0.656974010422542953E+01   -0.795070809617904395E+01   -0.728903815020479939E+01   -0.438488243397174227E+01   -0.443827052213629880E+01   -0.512050256026623085E+01   -0.841341635347298870E+05   -0.843775511231549658E+01    1
    0.922055829923864811E+00    0.466066996341493052E+03   -0.795278792013881919E+01   -0.689988450403515685E+01   -0.347117451843494074E+01   -0.175272393538075910E+01   -0.919519034187512752E+01   -0.798268105786748983E+01   -0.200405939653450016E+01   -0.839912318202515453E+05   -0.843875511231545516E+01    1
    0.893629305774049865E+00    0.295925609964440582E+03   -0.759621262775591966E+01   -0.806180055813593199E+01   -0.837010566896734431E+01   -0.289996157067068694E+01   -0.620796310849787769E+01   -0.943897973967636084E+01   -0.245475374047008099E+01   -0.839648871042871469E+05   -0.843975511231546882E+01    1
    0.936373564954726678E+00    0.215677341566050643E+03   -0.289490363309726462E+01   -0.697265076116616456E+01   -0.724083024789110752E+01   -0.878203215166777795E+01   -0.532993747179859678E+01   -0.228679679151146420E+01   -0.382064128330389519E+01   -0.839514781950740289E+05   -0.844075511231549669E+01    1
    0.928349707259090939E+00    0.439568737839979406E+03   -0.292141445312701542E+01   -0.725794166305569810E+01   -0.790174299627189125E+01   -0.772629318705531176E+01   -0.100722279117743696E+01   -0.888342063399462845E+01   -0.832682213396609505E+01   -0.839373971991703002E+05   -0.844175511231546771E+01    1
    0.897876401898020204E+00    0.293160799858970563E+03   -0.369896640622262129E+01   -0.155050388273082262E+01   -0.748101777565923953E+01   -0.803720166880412634E+01   -0.534303800962656794E+01   -0.490331326473930140E+01   -0.734626843074200941E+01   -0.836704788102087623E+05   -0.844275511231547782E+01    1
    0.895118171940354146E+00    0.498236704704385829E+03   -0.924341944736265297E+01   -0.446030204377401951E+01   -0.878792759902521681E+01   -0.289312399188625680E+01   -0.846711329947352453E+01   -0.245487303860436157E+01   -0.576211360071913514E+01   -0.834378641957835498E+05   -0.844375511231546305E+01    1
    0.939542756719860983E+00    0.241517434477481856E+03   -0.894918859417393797E+01   -0.360774642728438089E+01   -0.893151030965223569E+01   -0.650780685167735662E+01   -0.340651537043750974E+01   -0.697718381389375875E+01   -0.905201678983355507E+01   -0.834282157574765588E+05   -0.844475511231545717E+01    1
    0.940298111796319613E+00    0.233220106363296509E+03   -0.753587228059768677E+01   -0.452731192111968994E+01   -0.569025015830993652E+01   -0.693065971136093140E+01   -0.932028424739837646E+01   -0.936595958471298218E+01   -0.590660893917083740E+01   -0.834185036851260375E+05   -0.844575511231546372E+01    1
    0.897369030586660066E+00    0.400110119581222534E+03   -0.283438634872436523E+01   -0.420943260192871094E+01   -0.922827857732772827E+01   -0.943878370523452759E+01   -0.664593249559402466E+01   -0.925696909427642822E+01   -0.719033509492874146E+01   -0.833292642722320597E+05   -0.844675511231545251E+01    1
    0.935689992533709436E+00    0.383602958576966330E+03   -0.377211215877719219E+01   -0.569542687429742944E+01   -0.738659640234301307E+01   -0.457041334004670396E+01   -0.386084139654441838E+01   -0.489660083686107050E+01   -0.504565907846366279E+01   -0.832552180220789014E+05   -0.844775511231549103E+01    1
    0.893391455209319951E+00    0.481961699688217436E+03   -0.392873218316299955E+01   -0.261512476047048104E+01   -0.730515408638554753E+01   -0.104480848807690485E+01   -0.790909493302029531E+01   -0.266751786850864026E+01   -0.518125068465895655E+01   -0.829886661110516579E+05   -0.844875511231547982E+01    1
    0.894951878124833233E+00    0.484812885522842407E+03   -0.918764847517013550E+01   -0.789194625616073608E+01   -0.356819903850555420E+01   -0.375243514776229858E+01   -0.509441995620727539E+01   -0.670853686332702637E+01   -0.811162400245666504E+01   -0.828071411404950486E+05   -0.844975511231547927E+01    1
    0.894953214847619360E+00    0.370037292212416560E+03   -0.371136824287369471E+01   -0.492255702777745530E+01   -0.371983478404583678E+01   -0.744758155032865954E+01   -0.804568550595230292E+01   -0.763679259082209683E+01   -0.484819791437851499E+01   -0.822550477301462088E+05   -0.845075511231551246E+01    1
    0.936920542752005758E+00    0.314492305692056505E+03   -0.991190987039236404E+01   -0.713623683895500349E+01   -0.469042162218090475E+01   -0.325803091190829974E+01   -0.532854122985446566E+01   -0.277889400007370035E+01   -0.868470986600446260E+01   -0.820229640765523945E+05   -0.845175511231550303E+01    1
    0.898669995070338401E+00    0.229222345352172852E+03   -0.877771681547164917E+01   -0.876398068666458130E+01   -0.480816012620925903E+01   -0.730387943983078003E+01   -0.982055324316024780E+01   -0.499717217683792114E+01   -0.454068970680236816E+01   -0.817810498501012917E+05   -0.845275511231545984E+01    1
    0.931209044676661657E+00    0.338268733024597168E+03   -0.645604389905929565E+01   -0.279673081636428833E+01   -0.272077763080596924E+01   -0.143439555168151855E+01   -0.706528621912002563E+01   -0.668243682384490967E+01   -0.365703380107879639E+01   -0.815440276101497730E+05   -0.845375511231542021E+01    1
    0.890177684385359491E+00    0.305346941947937012E+03   -0.101230168342590332E+01   -0.224662208557128906E+01   -0.174229437112808228E+01   -0.921960055828094482E+01   -0.841993910074234009E+01   -0.563770246505737305E+01   -0.609842872619628906E+01   -0.812143812856721052E+05   -0.845475511231544630E+01    1
    0.929381021215438974E+00    0.275155049562454224E+03   -0.309440022706985474E+01   -0.738406032323837280E+01   -0.186875462532043457E+01   -0.268373310565948486E+01   -0.390846621990203857E+01   -0.235244756937026978E+01   -0.230695354938507080E+01   -0.809666785795894248E+05   -0.845575511231549193E+01    1
    0.889641783274769948E+00    0.316784739494323730E+03   -0.363367176055908203E+01   -0.293535435199737549E+01   -0.145456844568252563E+01   -0.713054865598678589E+01   -0.596501350402832031E+01   -0.198088973760604858E+01   -0.475025177001953125E+01   -0.808997295638332289E+05   -0.845675511231546828E+01    1
    0.892606136105282721E+00    0.313968584530668409E+03   -0.843606558702747655E+01   -0.826166563452669145E+01   -0.473150678421244120E+01   -0.590473147857735370E+01   -0.702502334830989916E+01   -0.306078497811924244E+01   -0.240012890826985625E+01   -0.807741105508647306E+05   -0.845775511231543575E+01    1
    0.938593908927241483E+00    0.307533002100102806E+03   -0.579483571919370899E+01   -0.520852558469517390E+01   -0.567436021790298550E+01   -0.245427465292588387E+01   -0.854264097218319307E+01   -0.357137574400287860E+01   -0.870222968613796866E+01   -0.807373806066378020E+05   -0.845875511231547961E+01    1
    0.936847524091601547E+00    0.281477069854736328E+03   -0.842325270175933838E+01   -0.463554871082305908E+01   -0.910697352886199951E+01   -0.588416260480880737E+01   -0.457167083024978638E+01   -0.232332789897918701E+01   -0.561433881521224976E+01   -0.806760469469163945E+05   -0.845975511231550570E+01    1
    0.929654941304862703E+00    0.385744780302047729E+03   -0.784526079893112183E+01   -0.882944965362548828E+01   -0.773763340711593628E+01   -0.822053885459899902E+01   -0.609695458412170410E+01   -0.256495040655136108E+01   -0.293031609058380127E+01   -0.803925492251739051E+05   -0.846075511231550159E+01    1
    0.899619582118169392E+00    0.227946142071803791E+03   -0.774419945880069349E+01   -0.624541362515910770E+01   -0.735081167240184641E+01   -0.882192449309303584E+01   -0.313410485980058340E+01   -0.543115417706349213E+01   -0.599410490698517240E+01   -0.803303873774117383E+05   -0.846175511231547794E+01    1
    0.927068040619175249E+00    0.363798917303220378E+03   -0.107146903014628947E+01   -0.584977078447184695E+01   -0.277973046596404316E+01   -0.294782587047643840E+01   -0.301300345388398938E+01   -0.654838667196680735E+01   -0.336643927341330063E+01   -0.796673467665464268E+05   -0.846275511231545252E+01    1
    0.897105036010444334E+00    0.483454239368438721E+03   -0.645929044485092163E+01   -0.497353225946426392E+01   -0.429201996326446533E+01   -0.897454643249511719E+01   -0.499851489067077637E+01   -0.532604372501373291E+01   -0.962053930759429932E+01   -0.794469210277947568E+05   -0.846375511231546795E+01    1
    0.935194794954855690E+00    0.296936507813473099E+03   -0.740153173536114295E+01   -0.742760992766775718E+01   -0.324154636527574525E+01   -0.547821102719024200E+01   -0.895302583255663009E+01   -0.349255664097530083E+01   -0.877535473785747655E+01   -0.792922791424599563E+05   -0.846475511231544608E+01    1
    0.930359652742624443E+00    0.326915621757507324E+03   -0.137819147109985352E+01   -0.748094063997268677E+01   -0.799418616294860840E+01   -0.210094916820526123E+01   -0.304386901855468750E+01   -0.113117289543151855E+01   -0.948009508848190308E+01   -0.792742080381392734E+05   -0.846575511231544908E+01    1
    0.895158005505607868E+00    0.336851412211493823E+03   -0.251469798748168483E+01   -0.622292137752604102E+01   -0.841791360045157688E+01   -0.890877893446270264E+01   -0.302526838464522285E+01   -0.718046860606525073E+01   -0.453431583729408949E+01   -0.791625468802692340E+05   -0.846675511231549294E+01    1
    0.937830182728886741E+00    0.454471969604492188E+03   -0.748062950372695923E+01   -0.756728631258010864E+01   -0.958295512199401855E+01   -0.951138627529144287E+01   -0.758978736400604248E+01   -0.887135487794876099E+01   -0.487790238857269287E+01   -0.791404628326899692E+05   -0.846775511231546929E+01    1
    0.895354991769925057E+00    0.310084787970833645E+03   -0.278532766801153020E+01   -0.417304832343988696E+01   -0.664720546950653279E+01   -0.690276008483667258E+01   -0.687005115011372780E+01   -0.151762636375446469E+01   -0.939861420011783721E+01   -0.791347172935333801E+05   -0.846875511231547939E+01    1
    0.899872741334912130E+00    0.220972466665156276E+03   -0.542969465341722213E+01   -0.183878511136941469E+01   -0.866748721190041316E+01   -0.819150734432740535E+01   -0.550109489845072641E+01   -0.746079325748344324E+01   -0.558779994070801855E+01   -0.790338082016776316E+05   -0.846975511231549838E+01    1
    0.938233997330004454E+00    0.223073237747336094E+03   -0.407232869631003602E+01   -0.354891180099378722E+01   -0.977472087987801785E+01   -0.448800788318176114E+01   -0.381612226537320343E+01   -0.497112762004543285E+01   -0.612649422942893374E+01   -0.787814288434009068E+05   -0.847075511231544986E+01    1
    0.880866403956771071E+00    0.459982138872146606E+03   -0.734376710653305054E+01   -0.989765280485153198E+01   -0.372602826356887817E+01   -0.315254032611846924E+01   -0.986795163154602051E+01   -0.721401524543762207E+01   -0.124365508556365967E+01   -0.786346360812528001E+05   -0.847175511231545642E+01    1
    0.896513979356966972E+00    0.376879478590028612E+03   -0.245016840543563408E+01   -0.603204579411831077E+01   -0.765467129075217834E+01   -0.549146620980378852E+01   -0.752522630240357415E+01   -0.572296452388004084E+01   -0.521813301516796546E+01   -0.784193046549374121E+05   -0.847275511231545408E+01    1
    0.886353779197097014E+00    0.388983154296875000E+03   -0.432790738344192505E+01   -0.991484737396240234E+01   -0.249799174070358276E+01   -0.250699752569198608E+01   -0.126524633169174194E+01   -0.333482646942138672E+01   -0.228355985879898071E+01   -0.779845901641872333E+05   -0.847375511231544820E+01    1
    0.899725192037063359E+00    0.432793956003210042E+03   -0.425987571388053610E+01   -0.571800680606215828E+01   -0.710140817240381761E+01   -0.208771434508294096E+01   -0.427833116293811866E+01   -0.682138391509246578E+01   -0.954813885021755304E+01   -0.778473367130597035E+05   -0.847475511231544765E+01    1
    0.899648904637780245E+00    0.334095391277645092E+03   -0.860024930078516547E+01   -0.728112986734066148E+01   -0.583679124017639506E+01   -0.706832362848910289E+01   -0.371052210928059267E+01   -0.854972009070331040E+01   -0.569024147710391937E+01   -0.778084002625811700E+05   -0.847575511231546486E+01    1
    0.939629728684308274E+00    0.205847375364734177E+03   -0.687544928888540685E+01   -0.923082410890985194E+01   -0.743593735393031796E+01   -0.528323634835692513E+01   -0.596367830447431047E+01   -0.399855578297465897E+01   -0.628471063282064257E+01   -0.777846147970309394E+05   -0.847675511231545187E+01    1
    0.897246061466574818E+00    0.214080542325973511E+03   -0.554432511329650879E+01   -0.309036779403686523E+01   -0.717738699913024902E+01   -0.355681842565536499E+01   -0.946304750442504883E+01   -0.886157125234603882E+01   -0.279134279489517212E+01   -0.775544495856291469E+05   -0.847775511231542289E+01    1
    0.896210283832212018E+00    0.287487382293791256E+03   -0.820813320141226654E+01   -0.348320072406344217E+01   -0.488479843214352183E+01   -0.590795856625857407E+01   -0.494050807093232081E+01   -0.106792464140710663E+01   -0.831215589852335590E+01   -0.771484340436423518E+05   -0.847875511231546319E+01    1
    0.934519539135615251E+00    0.201160065600970654E+03   -0.627748185920309876E+01   -0.741160860182061043E+01   -0.717647266717739640E+01   -0.585421955335342492E+01   -0.584301538749462424E+01   -0.740460710844526382E+01   -0.207256164589702685E+01   -0.771449872566068370E+05   -0.847975511231545731E+01    1
    0.934175542388720914E+00    0.370330634984893891E+03   -0.575340478836306879E+01   -0.666216639801386012E+01   -0.672807791994325921E+01   -0.530180060919755380E+01   -0.640781993804430527E+01   -0.797401369562918205E+01   -0.373753666884672775E+01   -0.768623509809307143E+05   -0.848075511231541945E+01    1
    0.887218137238578786E+00    0.400806678082547876E+03   -0.726049918042238662E+01   -0.886444786666292295E+01   -0.325734814326096878E+01   -0.178127046608072703E+01   -0.636053025575544684E+01   -0.580206686051723519E+01   -0.184456362194706891E+01   -0.761316732715374528E+05   -0.848175511231542956E+01    1
    0.931577813402367783E+00    0.359986234317352455E+03   -0.772828168893487355E+01   -0.176604616968242212E+01   -0.504162478944080483E+01   -0.725812564415427630E+01   -0.170107855078980030E+01   -0.818791371572088877E+01   -0.693248964023084646E+01   -0.761260706879532518E+05   -0.848275511231542900E+01    1
    0.928443077396176930E+00    0.392691022906795865E+03   -0.676445363316288528E+01   -0.601895036569561892E+01   -0.980654346758284134E+01   -0.636663671114189178E+01   -0.206203963257479828E+01   -0.512395664629030101E+01   -0.319650985436845936E+01   -0.754322426563448535E+05   -0.848375511231542312E+01    1
    0.936618369860700462E+00    0.380554561896989981E+03   -0.500370051572848862E+01   -0.330341694858861779E+01   -0.493270958782567881E+01   -0.646885914954542685E+01   -0.473151435063314896E+01   -0.886132364495871450E+01   -0.907531024600900516E+01   -0.753519112670037284E+05   -0.848475511231547941E+01    1
    0.897532956741135313E+00    0.338250008753652423E+03   -0.721740879556770487E+01   -0.850427397249153572E+01   -0.881142338782198742E+01   -0.655349579625115553E+01   -0.272167695701152201E+01   -0.297049113693815769E+01   -0.582824876041708251E+01   -0.751470956901799364E+05   -0.848575511231545399E+01    1
    0.897636370756557334E+00    0.295383271510296993E+03   -0.896982153998363430E+01   -0.647559283547208953E+01   -0.759725429475535652E+01   -0.325238943066555031E+01   -0.609380370928519000E+01   -0.631504735421471786E+01   -0.354570639183381697E+01   -0.750682650200809730E+05   -0.848675511231540014E+01    1
    0.927540177187462289E+00    0.307295062255128073E+03   -0.469955875229232234E+01   -0.256453272275185817E+01   -0.229173671967192316E+01   -0.558339271142095050E+01   -0.501164218329959255E+01   -0.642614967504727463E+01   -0.196053916704435238E+01   -0.750091079527188558E+05   -0.848775511231542801E+01    1
    0.925954561246928098E+00    0.469252388631117640E+03   -0.421453041372931381E+01   -0.202076076008682026E+01   -0.309099615155406227E+01   -0.516756376726173805E+01   -0.671238626131369642E+01   -0.228857540023703088E+01   -0.695225268589806245E+01   -0.749784336403713824E+05   -0.848875511231543634E+01    1
    0.926985011081636112E+00    0.456836068630218506E+03   -0.304223769903182983E+01   -0.751650243997573853E+01   -0.692499971389770508E+01   -0.452833867073059082E+01   -0.129617434740066528E+01   -0.428883510828018188E+01   -0.809536445140838623E+01   -0.747769915627165028E+05   -0.848975511231544999E+01    1
    0.902244383580923293E+00    0.270221787691116333E+03   -0.650831907987594604E+01   -0.416295152902603149E+01   -0.744200193881988525E+01   -0.729890340566635132E+01   -0.851851403713226318E+01   -0.942091858386993408E+01   -0.708672457933425903E+01   -0.747637436884105118E+05   -0.849075511231547964E+01    1
    0.890004124694645515E+00    0.425551426410675049E+03   -0.178082001209259033E+01   -0.411111140251159668E+01   -0.423844498395919800E+01   -0.439702415466308594E+01   -0.340458965301513672E+01   -0.377093380689620972E+01   -0.350373268127441406E+01   -0.746839499517813674E+05   -0.849175511231545599E+01    1
    0.886162733590461715E+00    0.350744592993691356E+03   -0.176076096647660130E+01   -0.234322841892035161E+01   -0.178757712435390026E+01   -0.630491534106418339E+01   -0.150374064371176708E+01   -0.521849145901606537E+01   -0.185544777065543620E+01   -0.746047399818575650E+05   -0.849275511231543234E+01    1
    0.935886719092548058E+00    0.221823668479919434E+03   -0.293390595912933350E+01   -0.346264874935150146E+01   -0.879179090261459351E+01   -0.401861059665679932E+01   -0.256909334659576416E+01   -0.806398582458496094E+01   -0.518617081642150879E+01   -0.745774897386290104E+05   -0.849375511231544778E+01    1
    0.926534324933946274E+00    0.397545981407165527E+03   -0.384801137447357178E+01   -0.991595673561096191E+01   -0.281890892982482910E+01   -0.913944220542907715E+01   -0.213584470748901367E+01   -0.199954718351364136E+01   -0.741035830974578857E+01   -0.743598867235348735E+05   -0.849475511231545610E+01    1
    0.924918337574064942E+00    0.489583247900009155E+03   -0.408059322834014893E+01   -0.223299539089202881E+01   -0.617281228303909302E+01   -0.826259750127792358E+01   -0.586037355661392212E+01   -0.107046806812286377E+01   -0.978564590215682983E+01   -0.743564995613222854E+05   -0.849575511231546265E+01    1
    0.894609157923460185E+00    0.437432646751403809E+03   -0.643392854928970337E+01   -0.159496331214904785E+01   -0.677931767702102661E+01   -0.807721126079559326E+01   -0.156758761405944824E+01   -0.717170125246047974E+01   -0.797778230905532837E+01   -0.742153000618960505E+05   -0.849675511231545855E+01    1
    0.897413000816332240E+00    0.287771899053627521E+03   -0.489671525137221675E+01   -0.251827422314285965E+01   -0.844022876553814605E+01   -0.786360487548178355E+01   -0.321514466345667671E+01   -0.664476712154412752E+01   -0.422337134313530793E+01   -0.742118062187590840E+05   -0.849775511231547753E+01    1
    0.901238229820311210E+00    0.200805306434631348E+03   -0.836115902662277222E+01   -0.528880393505096436E+01   -0.995316970348358154E+01   -0.345752251148223877E+01   -0.335528689622879028E+01   -0.772705745697021484E+01   -0.924205118417739868E+01   -0.741611540310265264E+05   -0.849875511231546987E+01    1
    0.890475893511932570E+00    0.343649073559590988E+03   -0.624201039605704988E+01   -0.229281190537207991E+01   -0.259400360314519052E+01   -0.104855639809029277E+01   -0.584047386772019284E+01   -0.847294436211189250E+01   -0.228364673532829165E+01   -0.739597628453105281E+05   -0.849975511231543379E+01    1
    0.894617265262804273E+00    0.466692958918952911E+03   -0.604866270865564637E+01   -0.534104686606460444E+01   -0.713115489819499082E+01   -0.384376163222584477E+01   -0.188558536368686092E+01   -0.330784638166434330E+01   -0.535173736834394287E+01   -0.736646383445956308E+05   -0.850075511231547942E+01    1
    0.916851937555074881E+00    0.479031240940093994E+03   -0.605630570650100708E+01   -0.378300106525421143E+01   -0.134225469827651978E+01   -0.202377986907958984E+01   -0.249068003892898560E+01   -0.868710374832153320E+01   -0.387867921590805054E+01   -0.733324260016202752E+05   -0.850175511231549130E+01    1
    0.926645502585241476E+00    0.465558677809866992E+03   -0.783865007641924105E+01   -0.816982658600612410E+01   -0.515244156106910900E+01   -0.391079968039259729E+01   -0.426256956148767419E+01   -0.116714746063643915E+01   -0.645741985550774888E+01   -0.732674001708128053E+05   -0.850275511231546410E+01    1
    0.929648620054388974E+00    0.317227042919907603E+03   -0.627175774697699850E+01   -0.313914428475165952E+01   -0.880186899512226617E+01   -0.617517502300535615E+01   -0.414411125440612871E+01   -0.262215039908628178E+01   -0.242836010932251156E+01   -0.732490081690681691E+05   -0.850375511231544046E+01    1
    0.898809616922088828E+00    0.350757840423724133E+03   -0.270621849987478047E+01   -0.922855996147805335E+01   -0.983919140104773149E+01   -0.748302682164439048E+01   -0.853966933250031524E+01   -0.532271085332971428E+01   -0.665010615424125628E+01   -0.732287477312578703E+05   -0.850475511231543102E+01    1
    0.940500009463974829E+00    0.245560869244059461E+03   -0.763625377024958318E+01   -0.572323886624789857E+01   -0.846053982266196947E+01   -0.655556972862747678E+01   -0.995429885267506975E+01   -0.590283490585798276E+01   -0.850961116682814023E+01   -0.732253940290114406E+05   -0.850575511231542691E+01    1
    0.897360717544917863E+00    0.278783693573693142E+03   -0.401301950227847470E+01   -0.264362643971683120E+01   -0.395022553810308441E+01   -0.668106794740736021E+01   -0.588693327253768750E+01   -0.259580775766849214E+01   -0.904545373729540714E+01   -0.731677392350836744E+05   -0.850675511231545123E+01    1
    0.928409548554154918E+00    0.324916566912593225E+03   -0.746812567721957432E+01   -0.817055331688132469E+01   -0.231130516733404878E+01   -0.470320796137774355E+01   -0.564378885167406352E+01   -0.248469239313644064E+01   -0.298683283062224447E+01   -0.728876834817954659E+05   -0.850775511231550574E+01    1
    0.918723876214206370E+00    0.376497471332550049E+03   -0.792380982637405396E+01   -0.691607278585433960E+01   -0.123331516981124878E+01   -0.766162443161010742E+01   -0.341402351856231689E+01   -0.144925445318222046E+01   -0.137697213888168335E+01   -0.727198894542328781E+05   -0.850875511231548920E+01    1
    0.936228147992313131E+00    0.441871023178100586E+03   -0.994005692005157471E+01   -0.177463644742965698E+01   -0.790251523256301880E+01   -0.681181746721267700E+01   -0.618312805891036987E+01   -0.852472013235092163E+01   -0.842375159263610840E+01   -0.726118880639859563E+05   -0.850975511231547621E+01    1
    0.893255634515663366E+00    0.393036386666586509E+03   -0.172801651879765750E+01   -0.690717841852444447E+01   -0.430093913221631219E+01   -0.873728721217264237E+01   -0.693026006411665474E+01   -0.238542454613276700E+01   -0.687120093747250671E+01   -0.722801278647660656E+05   -0.851075511231544368E+01    1
    0.896473096324139962E+00    0.274636778219230962E+03   -0.231672406719729196E+01   -0.843736683288625855E+01   -0.751391700273044805E+01   -0.109902342402278030E+01   -0.841473899183225527E+01   -0.109188288242130049E+01   -0.884371774427849644E+01   -0.720746443301354011E+05   -0.851175511231539694E+01    1
    0.925743293266654166E+00    0.469336056709289551E+03   -0.951221239566802979E+01   -0.821039581298828125E+01   -0.274012440443038940E+01   -0.730243802070617676E+01   -0.557179147005081177E+01   -0.262968552112579346E+01   -0.969077777862548828E+01   -0.720561826285240095E+05   -0.851275511231545146E+01    1
    0.935866627314984934E+00    0.263681435585021973E+03   -0.236665898561477661E+01   -0.892303299903869629E+01   -0.973846745491027832E+01   -0.986007666587829590E+01   -0.614885962009429932E+01   -0.618142002820968628E+01   -0.502095693349838257E+01   -0.719526421102135646E+05   -0.851375511231548110E+01    1
    0.930642436851561228E+00    0.343480300903320312E+03   -0.453558331727981567E+01   -0.914207828044891357E+01   -0.241198134422302246E+01   -0.710721451044082642E+01   -0.786377876996994019E+01   -0.526320064067840576E+01   -0.602570331096649170E+01   -0.719514361849938141E+05   -0.851475511231545568E+01    1
    0.897241563797414488E+00    0.282142633199691772E+03   -0.866642391681671143E+01   -0.454229098558425903E+01   -0.315939551591873169E+01   -0.651569032669067383E+01   -0.925253701210021973E+01   -0.713362514972686768E+01   -0.453882718086242676E+01   -0.712982863618940028E+05   -0.851575511231545335E+01    1
    0.898027394148342428E+00    0.482689937008897402E+03   -0.933538580592960976E+01   -0.783670130279044663E+01   -0.527876797155723398E+01   -0.180092536053180829E+01   -0.593797923916100601E+01   -0.637370476502078276E+01   -0.466395099278468805E+01   -0.711081042920796172E+05   -0.851675511231543680E+01    1
    0.892116272258042686E+00    0.295431809355354005E+03   -0.699616259076856029E+01   -0.686357701583095547E+01   -0.975713543345216827E+01   -0.364471375944931175E+01   -0.299382423911698847E+01   -0.847669077222884582E+01   -0.163790986931185500E+01   -0.710914241363340989E+05   -0.851775511231547533E+01    1
    0.896489909708818700E+00    0.292663089569057774E+03   -0.676372068337520105E+01   -0.658367052901881777E+01   -0.837683306135508765E+01   -0.590937177183463547E+01   -0.978084507637682954E+01   -0.456336582048018791E+01   -0.292642682504529184E+01   -0.710022943375340110E+05   -0.851875511231552274E+01    1
    0.896332566028663846E+00    0.413424040609022313E+03   -0.641430395722303981E+01   -0.679878433172341268E+01   -0.584754276128041095E+01   -0.679325357765472049E+01   -0.657891510390955325E+01   -0.820937574889239130E+01   -0.373504909985397759E+01   -0.709713922761348513E+05   -0.851975511231549731E+01    1
    0.932458278744879965E+00    0.322576506888477411E+03   -0.683883412817426173E+01   -0.642336405386790865E+01   -0.893978247587646102E+01   -0.950770442593787557E+01   -0.594495147763770682E+01   -0.496567921928820954E+01   -0.311559545307619157E+01   -0.708388497163846187E+05   -0.852075511231547722E+01    1
    0.917693253382444563E+00    0.471016603708267212E+03   -0.911391454935073853E+01   -0.363389331102371216E+01   -0.129212796688079834E+01   -0.230589783191680908E+01   -0.819930005073547363E+01   -0.659270566701889038E+01   -0.531325173377990723E+01   -0.707919968839282665E+05   -0.852175511231549976E+01    1
    0.936520178908874401E+00    0.432921578230260820E+03   -0.822829185456948231E+01   -0.722034652848179714E+01   -0.732093081683978486E+01   -0.244303390465158099E+01   -0.742921954307821064E+01   -0.637218125077381181E+01   -0.481033269370383554E+01   -0.706669344178767205E+05   -0.852275511231549032E+01    1
    0.892427630858772303E+00    0.469218611736986361E+03   -0.257788332188513536E+01   -0.683561398159932665E+01   -0.421224775943942653E+01   -0.205619755377295554E+01   -0.780308683832075012E+01   -0.709298141417160632E+01   -0.392464578830672117E+01   -0.704901903558024642E+05   -0.852375511231546490E+01    1
    0.932970204978347040E+00    0.250755244493484497E+03   -0.307326978445053101E+01   -0.369678038358688354E+01   -0.859403592348098755E+01   -0.862831562757492065E+01   -0.475555396080017090E+01   -0.178014999628067017E+01   -0.335364431142807007E+01   -0.704620898648161819E+05   -0.852475511231546434E+01    1
    0.919295331891954115E+00    0.416253048181533813E+03   -0.479044413566589355E+01   -0.240109908580780029E+01   -0.923201167583465576E+01   -0.345573937892913818E+01   -0.557554870843887329E+01   -0.183445185422897339E+01   -0.137410002946853638E+01   -0.703874393155821308E+05   -0.852575511231547978E+01    1
    0.898163434834529095E+00    0.273096321936459674E+03   -0.914216022819816487E+01   -0.615618530680816267E+01   -0.683497457195836411E+01   -0.729841116529816070E+01   -0.610923858202626047E+01   -0.243523236393120346E+01   -0.394148336186097659E+01   -0.702048426115361945E+05   -0.852675511231545613E+01    1
    0.923277144289124108E+00    0.386464136367221954E+03   -0.770560826362805074E+01   -0.477526360101846592E+01   -0.571422044707751642E+01   -0.700153786380844068E+01   -0.549126643981562079E+01   -0.545740034864587464E+01   -0.163869817745207769E+01   -0.700526459281413845E+05   -0.852775511231542716E+01    1
    0.923217905212148304E+00    0.394808495894914927E+03   -0.420829325450239633E+01   -0.431599329706019486E+01   -0.389940669688931685E+01   -0.589238697063546812E+01   -0.622802334555140824E+01   -0.874259566063618720E+01   -0.174654092841490716E+01   -0.700183958445237222E+05   -0.852875511231544614E+01    1
    0.929604783012253910E+00    0.483603189339864343E+03   -0.314584932330516054E+01   -0.416613039801244067E+01   -0.613699047758592986E+01   -0.104689858398985969E+01   -0.489660991640573506E+01   -0.270931184963989757E+01   -0.635714453258877832E+01   -0.697968904356185667E+05   -0.852975511231544381E+01    1
    0.935723646823773292E+00    0.205904819082978435E+03   -0.909344175561028223E+01   -0.826558827398189599E+01   -0.371326881419568089E+01   -0.341045383536585600E+01   -0.302627876309781474E+01   -0.992544456966114907E+01   -0.510217569319769559E+01   -0.695035589783670002E+05   -0.853075511231544148E+01    1
    0.892194612809987020E+00    0.421192435621446293E+03   -0.172939879758336978E+01   -0.516785093258646100E+01   -0.788976668187723096E+01   -0.552045021932304092E+01   -0.432669015667526224E+01   -0.173090065794969306E+01   -0.885081195011745692E+01   -0.694622598280972597E+05   -0.853175511231546935E+01    1
    0.932756939766767545E+00    0.341714568302988027E+03   -0.568646513627709727E+01   -0.586621487791919716E+01   -0.834060187958742105E+01   -0.343616704225902936E+01   -0.371469083285124135E+01   -0.830757283425568005E+01   -0.365112769182881713E+01   -0.693357269600128202E+05   -0.853275511231551143E+01    1
    0.936176375552415951E+00    0.402402907609939575E+03   -0.426838165521621704E+01   -0.539495396614074707E+01   -0.936483252048492432E+01   -0.569280952215194702E+01   -0.725200390815734863E+01   -0.761501300334930420E+01   -0.516541373729705811E+01   -0.690166656845958205E+05   -0.853375511231549133E+01    1
    0.893987109127837076E+00    0.373972948847984867E+03   -0.121139579699520361E+01   -0.561711530966896788E+01   -0.501384984790355226E+01   -0.865769749803307498E+01   -0.338690708471802981E+01   -0.413460845309007752E+01   -0.675713512822203022E+01   -0.689829621282984299E+05   -0.853475511231548367E+01    1
    0.889480961508393397E+00    0.408326548337936401E+03   -0.533923751115798950E+01   -0.736713558435440063E+01   -0.588697731494903564E+01   -0.313465481996536255E+01   -0.655384045839309692E+01   -0.621753758192062378E+01   -0.204413676261901855E+01   -0.688498943831207434E+05   -0.853575511231551154E+01    1
    0.896501171710678446E+00    0.280798344048467357E+03   -0.818089136950425733E+01   -0.930304830931323679E+01   -0.622758918570749742E+01   -0.696484510941859192E+01   -0.786179788070600161E+01   -0.678424272067094591E+01   -0.264445378187421909E+01   -0.688466592239160673E+05   -0.853675511231546480E+01    1
    0.933624113477138917E+00    0.237828190726594414E+03   -0.847505036755857866E+01   -0.976955606156412948E+01   -0.641844275412520915E+01   -0.510952464079270907E+01   -0.689344134423558508E+01   -0.390245756236157959E+01   -0.280161471654600991E+01   -0.687073033024820033E+05   -0.853775511231545359E+01    1
    0.899143149119245311E+00    0.361173545862057210E+03   -0.514649423810021212E+01   -0.361298152946620643E+01   -0.439856242412276632E+01   -0.304859909048329580E+01   -0.543681927981201429E+01   -0.670883742824307028E+01   -0.612977756831249554E+01   -0.684481227410417778E+05   -0.853875511231546014E+01    1
    0.934448773132949717E+00    0.447313164093267801E+03   -0.361225424574785148E+01   -0.752503743723136242E+01   -0.584893702458653397E+01   -0.715118978174251296E+01   -0.817047887998476696E+01   -0.506878038284235899E+01   -0.558196381950447584E+01   -0.684462755945245881E+05   -0.853975511231547202E+01    1
    0.895615088363603262E+00    0.284152654101665632E+03   -0.904499868616755087E+01   -0.463644074907041404E+01   -0.226014139647892165E+01   -0.129766812826460942E+01   -0.489365229997785978E+01   -0.668524151368833763E+01   -0.448236655761232772E+01   -0.683075079652238783E+05   -0.854075511231548568E+01    1
    0.930283512526293266E+00    0.382100510224166953E+03   -0.220963692306802084E+01   -0.766886517272274659E+01   -0.647169278116501090E+01   -0.978115759676026109E+01   -0.288782683838677645E+01   -0.565028237923718279E+01   -0.455846909627433483E+01   -0.681935367099710420E+05   -0.854175511231543183E+01    1
    0.927711455782056049E+00    0.433596014976501465E+03   -0.122695618867874146E+01   -0.383854103088378906E+01   -0.972461491823196411E+01   -0.915256357192993164E+01   -0.380277001857757568E+01   -0.562278079986572266E+01   -0.616082549095153809E+01   -0.680410982149126794E+05   -0.854275511231546147E+01    1
    0.924702811728309482E+00    0.317496684416427911E+03   -0.992437689702567383E+01   -0.589140180460552809E+01   -0.464670789881481827E+01   -0.688590888493670228E+01   -0.544977098271347860E+01   -0.891683585863937722E+01   -0.118035273247341621E+01   -0.675515109609849460E+05   -0.854375511231551599E+01    1
    0.930375209413304871E+00    0.325558152878760211E+03   -0.936544008421396335E+01   -0.254493569167118228E+01   -0.240701245550764931E+01   -0.552077983108944093E+01   -0.699491683789299223E+01   -0.723853799730580683E+01   -0.890329596255061162E+01   -0.675341115358524257E+05   -0.854475511231546747E+01    1
    0.931010052910208885E+00    0.254784065485000610E+03   -0.197160500288009644E+01   -0.920231318473815918E+01   -0.648652720451354980E+01   -0.699445551633834839E+01   -0.761566585302352905E+01   -0.171983087062835693E+01   -0.261767137050628662E+01   -0.675249927959883207E+05   -0.854575511231540652E+01    1
    0.894941039765237534E+00    0.413933050390161384E+03   -0.545623615980295806E+01   -0.839676785770975442E+01   -0.954091847228896306E+01   -0.912664449925082621E+01   -0.853946505707204651E+01   -0.145564840084169056E+01   -0.470419404852919243E+01   -0.674554327391894622E+05   -0.854675511231542195E+01    1
    0.898152303501069671E+00    0.233918946981430054E+03   -0.579261666536331177E+01   -0.967749387025833130E+01   -0.254081052541732788E+01   -0.576086467504501343E+01   -0.766467893123626709E+01   -0.568945407867431641E+01   -0.523289328813552856E+01   -0.674546231867421156E+05   -0.854775511231546226E+01    1
    0.932139963703751739E+00    0.375435566902160645E+03   -0.437098580598831177E+01   -0.360148739814758301E+01   -0.356602913141250610E+01   -0.301930803060531616E+01   -0.806781440973281860E+01   -0.807534927129745483E+01   -0.509563767910003662E+01   -0.672126153747138451E+05   -0.854875511231547769E+01    1
    0.897685718860381066E+00    0.484124962132915414E+03   -0.488163408473213334E+01   -0.982661968039349709E+01   -0.389269356068165173E+01   -0.128109080324785651E+01   -0.575377464447897058E+01   -0.886137104612476634E+01   -0.807125809711480180E+01   -0.669155469821195584E+05   -0.854975511231548602E+01    1
    0.901098079822898024E+00    0.205595821142196655E+03   -0.590995150804519653E+01   -0.927313476800918579E+01   -0.932014369964599609E+01   -0.741340208053588867E+01   -0.617030817270278931E+01   -0.224895077943801880E+01   -0.820065081119537354E+01   -0.668758635430365830E+05   -0.855075511231549790E+01    1
    0.918093437457897954E+00    0.408034083998814936E+03   -0.153175622327494665E+01   -0.522013450257059741E+01   -0.482557610048071517E+01   -0.788799034123923626E+01   -0.791615778156333505E+01   -0.482066141329695430E+01   -0.120297853430200874E+01   -0.666834357223227707E+05   -0.855175511231545826E+01    1
    0.899385102580368634E+00    0.292077606916427612E+03   -0.935163980722427368E+01   -0.426646012067794800E+01   -0.433339947462081909E+01   -0.223273414373397827E+01   -0.900182878971099854E+01   -0.799934834241867065E+01   -0.454853570461273193E+01   -0.666218802542805643E+05   -0.855275511231544350E+01    1
    0.925009922932355289E+00    0.467221440849337057E+03   -0.356279678695073443E+01   -0.462270902934086436E+01   -0.413671906878233475E+01   -0.753221817948469585E+01   -0.554709060216728034E+01   -0.123424085121265215E+01   -0.821082501551717137E+01   -0.666166534195135609E+05   -0.855375511231545538E+01    1
    0.927363839038467086E+00    0.344731544412150527E+03   -0.438445475557879849E+01   -0.132775231809106664E+01   -0.214424394859839573E+01   -0.107498221951321327E+01   -0.685215076635819642E+01   -0.721683346736543019E+01   -0.349365931463274570E+01   -0.665131306696743559E+05   -0.855475511231541752E+01    1
    0.922709073727905893E+00    0.470777797698974609E+03   -0.812474215030670166E+01   -0.670941662788391113E+01   -0.222638803720474243E+01   -0.995445287227630615E+01   -0.568725895881652832E+01   -0.530281686782836914E+01   -0.405311775207519531E+01   -0.664130911774347478E+05   -0.855575511231545960E+01    1
    0.936403524259865394E+00    0.452207469940185547E+03   -0.364377832412719727E+01   -0.717027002573013306E+01   -0.812919998168945312E+01   -0.365693724155426025E+01   -0.657581096887588501E+01   -0.876300489902496338E+01   -0.876375430822372437E+01   -0.663978474771295878E+05   -0.855675511231548747E+01    1
    0.889726487120401144E+00    0.285354934802410867E+03   -0.212370367727290343E+01   -0.379144860259140604E+01   -0.170391714906326719E+01   -0.929834192580202412E+01   -0.446815730399809574E+01   -0.994320275630919426E+01   -0.115885125773607278E+01   -0.659475661388648732E+05   -0.855775511231547270E+01    1
    0.897400113447634040E+00    0.241902426481382264E+03   -0.418274554396369957E+01   -0.445205786392000569E+01   -0.737038379528067189E+01   -0.397752505159828473E+01   -0.722142769539727958E+01   -0.353194344466339594E+01   -0.267972638114085182E+01   -0.658457920250751195E+05   -0.855875511231544550E+01    1
    0.931246831663549157E+00    0.332505863904953003E+03   -0.122935891151428223E+01   -0.322433072328567505E+01   -0.962611293792724609E+01   -0.515179508924484253E+01   -0.952836573123931885E+01   -0.452557921409606934E+01   -0.841458433866500854E+01   -0.657515585090399254E+05   -0.855975511231542185E+01    1
    0.898386762288808982E+00    0.258575582504272461E+03   -0.280909901857376099E+01   -0.146487456560134888E+01   -0.717495638132095337E+01   -0.604821294546127319E+01   -0.932817047834396362E+01   -0.191406250000000000E+01   -0.630261993408203125E+01   -0.651848442514868584E+05   -0.856075511231548170E+01    1
    0.899501560476243633E+00    0.212873440980911255E+03   -0.647375077009201050E+01   -0.400732064247131348E+01   -0.557371622323989868E+01   -0.402912056446075439E+01   -0.117238128185272217E+01   -0.427896511554718018E+01   -0.741993165016174316E+01   -0.651822979396720693E+05   -0.856175511231547226E+01    1
    0.896754874997798823E+00    0.213334743972525928E+03   -0.233026083324335609E+01   -0.436581148042724188E+01   -0.449960652415735218E+01   -0.860193902633445617E+01   -0.126536382230827371E+01   -0.677919376534860074E+01   -0.273357384245878787E+01   -0.648903790028767471E+05   -0.856275511231544328E+01    1
    0.925327909991741304E+00    0.381675046682357788E+03   -0.728523218631744385E+01   -0.739143532514572144E+01   -0.671972489356994629E+01   -0.756454133987426758E+01   -0.774572455883026123E+01   -0.596015709638595581E+01   -0.208903533220291138E+01   -0.647716155032374299E+05   -0.856375511231543207E+01    1
    0.921567201979637263E+00    0.478351640701293945E+03   -0.571798527240753174E+01   -0.320972234010696411E+01   -0.330603832006454468E+01   -0.514181029796600342E+01   -0.242384582757949829E+01   -0.979606842994689941E+01   -0.291014373302459717E+01   -0.643677816273582794E+05   -0.856475511231545283E+01    1
    0.916689210154638223E+00    0.418881215153514631E+03   -0.308231157245578391E+01   -0.721808229330330953E+01   -0.589657766714300280E+01   -0.711763847576056818E+01   -0.486455471045816878E+01   -0.793311359272441408E+01   -0.104863836722270420E+01   -0.642709733540736415E+05   -0.856575511231550735E+01    1
    0.930842916897833494E+00    0.407858377695083618E+03   -0.857904934883117676E+01   -0.796053570508956909E+01   -0.748546981811523438E+01   -0.852612185478210449E+01   -0.210331541299819946E+01   -0.467518746852874756E+01   -0.551406818628311157E+01   -0.641925045557167832E+05   -0.856675511231550502E+01    1
    0.884879492180848048E+00    0.467634585654768955E+03   -0.235982240724933767E+01   -0.272494644188409652E+01   -0.163508910719965606E+01   -0.353758571302236735E+01   -0.602932193103488956E+01   -0.991209469805882115E+01   -0.325032504054573046E+01   -0.641493074342250984E+05   -0.856775511231547959E+01    1
    0.891962624334454723E+00    0.473864340782165527E+03   -0.828077268600463867E+01   -0.953473865985870361E+01   -0.239196830987930298E+01   -0.760846090316772461E+01   -0.727560895681381226E+01   -0.626473534107208252E+01   -0.647534722089767456E+01   -0.640851399451853140E+05   -0.856875511231544351E+01    1
    0.887190431381070344E+00    0.409093200546826438E+03   -0.659622520148108471E+01   -0.676648324445378790E+01   -0.133927773788937188E+01   -0.567003808974969559E+01   -0.424399641898626623E+01   -0.996444257016237600E+01   -0.336377251129657928E+01   -0.640804852807856005E+05   -0.856975511231546250E+01    1
    0.898923319203400073E+00    0.309038057695384907E+03   -0.517451749020917173E+01   -0.550536780205090004E+01   -0.913639714124210656E+01   -0.268999793710640311E+01   -0.536247823479165930E+01   -0.234694744949085532E+01   -0.467495266789838837E+01   -0.639309857385073192E+05   -0.857075511231550458E+01    1
    0.933774248569430254E+00    0.322571768674790292E+03   -0.390162646852203654E+01   -0.820736524159802805E+01   -0.540381100011529725E+01   -0.601820503556859521E+01   -0.498599239170351716E+01   -0.721651130179022271E+01   -0.421885853969519076E+01   -0.639006643034032386E+05   -0.857175511231551646E+01    1
    0.885134523546356466E+00    0.457246822488012640E+03   -0.115363323936310103E+01   -0.769102692357951412E+01   -0.153808674337622975E+01   -0.508420804259512504E+01   -0.621859472144045355E+01   -0.729475176720488072E+01   -0.852785875410674699E+01   -0.638145765801557791E+05   -0.857275511231548926E+01    1
    0.890732387782749324E+00    0.332426382267863346E+03   -0.221363013112070561E+01   -0.200792300352259367E+01   -0.564223514831435313E+01   -0.219001352750462885E+01   -0.721386199752557289E+01   -0.591517573091258075E+01   -0.151807110622930352E+01   -0.637186902751921225E+05   -0.857375511231546561E+01    1
    0.897654920018971958E+00    0.285223258548521471E+03   -0.338638136628300934E+01   -0.473577999388995963E+01   -0.391409355179769314E+01   -0.392637740198942087E+01   -0.575798274826059586E+01   -0.171297306280409067E+01   -0.651530404682686726E+01   -0.635869126455339210E+05   -0.857475511231545795E+01    1
    0.932962093571990336E+00    0.364035369510483577E+03   -0.433876902057116709E+01   -0.715169814052985764E+01   -0.453226787278142407E+01   -0.960191478862164871E+01   -0.454583460297683661E+01   -0.705489228980091632E+01   -0.449558830072292004E+01   -0.633696786151945053E+05   -0.857575511231545384E+01    1
    0.933772419721408009E+00    0.258186702278379641E+03   -0.477148767443686150E+01   -0.256960555548095915E+01   -0.642081816232583336E+01   -0.264165354587025902E+01   -0.762664267840358967E+01   -0.444007486332088774E+01   -0.366128936686341522E+01   -0.628640077759848136E+05   -0.857675511231547993E+01    1
    0.895341909325917729E+00    0.496542821462896882E+03   -0.336304196124432764E+01   -0.521592930577613068E+01   -0.356981633965314327E+01   -0.292385305835076714E+01   -0.827989754065865569E+01   -0.990397521754663579E+01   -0.864002373654788514E+01   -0.626845571533510592E+05   -0.857775511231546695E+01    1
    0.933123979302048823E+00    0.243457257747650146E+03   -0.894215124845504761E+01   -0.894986528158187866E+01   -0.984757864475250244E+01   -0.875362735986709595E+01   -0.388783091306686401E+01   -0.363275283575057983E+01   -0.316907292604446411E+01   -0.626843441820207154E+05   -0.857875511231545573E+01    1
    0.893488408944677959E+00    0.392773108292842494E+03   -0.306378047223124739E+01   -0.940114655463891324E+01   -0.263749219862970641E+01   -0.461394068082112074E+01   -0.460939898266308301E+01   -0.287303888496065518E+01   -0.796556645892323267E+01   -0.625670854161926472E+05   -0.857975511231545518E+01    1
    0.896338687254862654E+00    0.400849594255325144E+03   -0.797477093857219366E+01   -0.228242358175388471E+01   -0.447971293313106234E+01   -0.369704705823485824E+01   -0.826418596166692687E+01   -0.399139186432669923E+01   -0.400294579708088083E+01   -0.625231855700389206E+05   -0.858075511231544752E+01    1
    0.896561271503066415E+00    0.464344111080197649E+03   -0.789980654461998633E+01   -0.141587721968969582E+01   -0.540031650477747416E+01   -0.691943678757622838E+01   -0.255722281585106082E+01   -0.573192329874021755E+01   -0.643844276393134152E+01   -0.623868032962061261E+05   -0.858175511231544519E+01    1
    0.920305961435258557E+00    0.413476693630218506E+03   -0.229855716228485107E+01   -0.883198219537734985E+01   -0.137788194417953491E+01   -0.203095531463623047E+01   -0.380098581314086914E+01   -0.773470711708068848E+01   -0.625204741954803467E+01   -0.623631258306632590E+05   -0.858275511231543398E+01    1
    0.934357008189261151E+00    0.369923055171966553E+03   -0.898814898729324341E+01   -0.977949076890945435E+01   -0.980028003454208374E+01   -0.620121097564697266E+01   -0.679011410474777222E+01   -0.605065214633941650E+01   -0.426881402730941772E+01   -0.621555246220024856E+05   -0.858375511231543342E+01    1
    0.927776983867049321E+00    0.438113534450531006E+03   -0.529602819681167603E+01   -0.916156131029129028E+01   -0.363651865720748901E+01   -0.863409578800201416E+01   -0.789638692140579224E+01   -0.216282182931900024E+01   -0.577492374181747437E+01   -0.619583311516031317E+05   -0.858475511231542399E+01    1
    0.933703433213889378E+00    0.386920224320592411E+03   -0.715185745303417164E+01   -0.617810046699306170E+01   -0.944943076173488095E+01   -0.873662694583092758E+01   -0.309270267970843982E+01   -0.590833136296315864E+01   -0.534247587530040224E+01   -0.617643167325444228E+05   -0.858575511231542521E+01    1
    0.897179672058623034E+00    0.346194027315196536E+03   -0.287419955752708400E+01   -0.159087981894790786E+01   -0.393904539748762783E+01   -0.113140224441247206E+01   -0.462761630801028367E+01   -0.942841605289257956E+01   -0.596279258875290452E+01   -0.616374860550219528E+05   -0.858675511231541755E+01    1
    0.924631282140498723E+00    0.432393381021280106E+03   -0.225463028324483350E+01   -0.368635012434169074E+01   -0.346129716754185601E+01   -0.139961207186674841E+01   -0.264578146421051308E+01   -0.214948413940256167E+01   -0.820481457385056245E+01   -0.614898132332994792E+05   -0.858775511231541167E+01    1
    0.893560073855996340E+00    0.288859653472900391E+03   -0.802057480812072754E+01   -0.174476093053817749E+01   -0.130649763345718384E+01   -0.850878083705902100E+01   -0.513314676284790039E+01   -0.976649975776672363E+01   -0.623023730516433716E+01   -0.614870335605484070E+05   -0.858875511231545552E+01    1
    0.902080656297107430E+00    0.280832318916901841E+03   -0.752184618614392253E+01   -0.819946944809381151E+01   -0.429304644142178571E+01   -0.822393365582395575E+01   -0.802951606647978444E+01   -0.752669363655414436E+01   -0.710660787784894232E+01   -0.613777001056499212E+05   -0.858975511231547983E+01    1
    0.901051911451140941E+00    0.247581682537065888E+03   -0.483854221004737806E+01   -0.965675079488967292E+01   -0.740468888065150921E+01   -0.330850406358136429E+01   -0.642552072281477660E+01   -0.305067415475670867E+01   -0.492953214134533724E+01   -0.613021021645895162E+05   -0.859075511231544020E+01    1
    0.902306216836044617E+00    0.334049245343032453E+03   -0.784647316620095125E+01   -0.773977937772309588E+01   -0.726717429811469806E+01   -0.120559811941014772E+01   -0.372669035715233310E+01   -0.418369657712543841E+01   -0.872057564022295928E+01   -0.610137043532080788E+05   -0.859175511231540412E+01    1
    0.934422192022884901E+00    0.313742451189695430E+03   -0.476503188905844777E+01   -0.586029724519965889E+01   -0.427689401441231620E+01   -0.899978005818863558E+01   -0.678827334724205222E+01   -0.444991881777218090E+01   -0.550790312813145899E+01   -0.609711197025866786E+05   -0.859275511231539113E+01    1
    0.898244275104381873E+00    0.292336514493068307E+03   -0.136703619786227293E+01   -0.614848543051397112E+01   -0.734301042742513310E+01   -0.459232148169074872E+01   -0.404458651446283302E+01   -0.402484446350240610E+01   -0.987980571819308473E+01   -0.607429710432271459E+05   -0.859375511231544920E+01    1
    0.921836493081092945E+00    0.498901438713073730E+03   -0.391187530755996704E+01   -0.774685108661651611E+01   -0.479020756483078003E+01   -0.252676326036453247E+01   -0.277138715982437134E+01   -0.165396386384963989E+01   -0.386563456058502197E+01   -0.605981791471102624E+05   -0.859475511231550016E+01    1
    0.899907423137605411E+00    0.218778502941131592E+03   -0.460922765731811523E+01   -0.144794446229934692E+01   -0.716759479045867920E+01   -0.923108577728271484E+01   -0.965658819675445557E+01   -0.378133809566497803E+01   -0.357974702119827271E+01   -0.605216340572987319E+05   -0.859575511231549960E+01    1
    0.921740199986933129E+00    0.392189413593690119E+03   -0.217040354818700543E+01   -0.848503080650974617E+01   -0.203917632330099341E+01   -0.307304491915520384E+01   -0.135423383249393936E+01   -0.363221884162741748E+01   -0.362097090213318040E+01   -0.601357333770248370E+05   -0.859675511231549372E+01    1
    0.928235669518768902E+00    0.263935297727584839E+03   -0.841829490661621094E+01   -0.453514772653579712E+01   -0.202832728624343872E+01   -0.870378655195236206E+01   -0.672529584169387817E+01   -0.490924024581909180E+01   -0.230876833200454712E+01   -0.598238883072543176E+05   -0.859775511231548606E+01    1
    0.896578217784047338E+00    0.486498814821243286E+03   -0.628167724609375000E+01   -0.959229189157485962E+01   -0.501778763532638550E+01   -0.159574866294860840E+01   -0.617332941293716431E+01   -0.916940623521804810E+01   -0.391886568069458008E+01   -0.597259462647437103E+05   -0.859875511231549794E+01    1
    0.898356153098637145E+00    0.301096179229427264E+03   -0.666805542527179185E+01   -0.444454932369377786E+01   -0.958197258332948465E+01   -0.432952354506639114E+01   -0.569863706464837438E+01   -0.992143523907104807E+01   -0.311054504816745059E+01   -0.595693976541770317E+05   -0.859975511231550271E+01    1
    0.903529009816289141E+00    0.362140822410583496E+03   -0.498017448186874390E+01   -0.961757761240005493E+01   -0.883262807130813599E+01   -0.250113743543624878E+01   -0.517592370510101318E+01   -0.532144910097122192E+01   -0.977216136455535889E+01   -0.595689287357599314E+05   -0.860075511231548973E+01    1
    0.923423956136045554E+00    0.452320629999116932E+03   -0.605420840544080185E+01   -0.385970264675996777E+01   -0.591139899260349289E+01   -0.271580074207368138E+01   -0.324356166424198911E+01   -0.922299146398944281E+01   -0.266375755532411329E+01   -0.595435118353884609E+05   -0.860175511231547141E+01    1
    0.937946922324283672E+00    0.216808241537541562E+03   -0.511129142100715672E+01   -0.619104194626781279E+01   -0.991448739766797082E+01   -0.543161422042375186E+01   -0.537758346932437270E+01   -0.907488415002712223E+01   -0.952089361184193272E+01   -0.594726736242568295E+05   -0.860275511231548151E+01    1
    0.930726065941702485E+00    0.437411260705638824E+03   -0.417075740481201063E+01   -0.748894343268683649E+01   -0.610901866468859822E+01   -0.540513016394980816E+01   -0.345352100681988183E+01   -0.961515955458907357E+01   -0.450107528052419781E+01   -0.593965722704770451E+05   -0.860375511231549339E+01    1
    0.897381873224449955E+00    0.337593215896057245E+03   -0.309424496226770351E+01   -0.274849161930578667E+01   -0.413212826776096076E+01   -0.227404198554274917E+01   -0.370138455057133697E+01   -0.275567469437313317E+01   -0.946864375376413037E+01   -0.593815223923267113E+05   -0.860475511231549639E+01    1
    0.899285270970723971E+00    0.415294072187820348E+03   -0.314441596615889551E+01   -0.444585432537100189E+01   -0.734097728423718721E+01   -0.190321286412469526E+01   -0.574652630897943784E+01   -0.384842496060261485E+01   -0.637491988587110114E+01   -0.593524809182853569E+05   -0.860575511231550294E+01    1
    0.930460954259455408E+00    0.453572732210159302E+03   -0.678979277610778809E+01   -0.874957400560379028E+01   -0.833226734399795532E+01   -0.980516380071640015E+01   -0.229543346166610718E+01   -0.472652924060821533E+01   -0.974570566415786743E+01   -0.589388822800035778E+05   -0.860675511231545620E+01    1
    0.924713933134260202E+00    0.395766760305351340E+03   -0.390316247618475565E+01   -0.767847352078821199E+01   -0.367775225817599072E+01   -0.537597546146295890E+01   -0.866000079118948562E+01   -0.540547633660926863E+01   -0.247856612265921505E+01   -0.588625537068706035E+05   -0.860775511231547341E+01    1
    0.904942874964438038E+00    0.378575015494486593E+03   -0.558910469221725403E+01   -0.801801410180489960E+01   -0.972527379838638240E+01   -0.852202283385993020E+01   -0.931015941624801791E+01   -0.812227540342295207E+01   -0.704459684704121969E+01   -0.587953680852996549E+05   -0.860875511231545332E+01    1
    0.928807714805858553E+00    0.351028053196136170E+03   -0.487044371415008648E+01   -0.176808177917672182E+01   -0.270958518586834707E+01   -0.983296533827961383E+01   -0.543608698409703095E+01   -0.569257897645290889E+01   -0.774869466969335097E+01   -0.582194807261748283E+05   -0.860975511231538349E+01    1
    0.920671749973833720E+00    0.433525884151458740E+03   -0.311813777685165405E+01   -0.902799963951110840E+01   -0.475028502941131592E+01   -0.263263487815856934E+01   -0.340652674436569214E+01   -0.791176456212997437E+01   -0.201957952976226807E+01   -0.579619490754814979E+05   -0.861075511231541491E+01    1
    0.896138343551516670E+00    0.230161672830581665E+03   -0.289244168996810913E+01   -0.161377257108688354E+01   -0.174423360824584961E+01   -0.179368817806243896E+01   -0.762164556980133057E+01   -0.944772297143936157E+01   -0.260816669464111328E+01   -0.579125352080022494E+05   -0.861175511231548185E+01    1
    0.932323831019394755E+00    0.235029722748196946E+03   -0.708373226142067125E+01   -0.736441959560136716E+01   -0.754369004574141755E+01   -0.874224347734707408E+01   -0.584057170064145659E+01   -0.619827185549528981E+01   -0.273965775002666412E+01   -0.578278023997050695E+05   -0.861275511231545110E+01    1
    0.912959848849607902E+00    0.476334013091730640E+03   -0.294731049717082971E+01   -0.522024537062623040E+01   -0.102339245052850458E+01   -0.668044966143573049E+01   -0.517201732752483068E+01   -0.399129859455946345E+01   -0.601736429065414047E+01   -0.576601330377378763E+05   -0.861375511231542745E+01    1
    0.926345729239761995E+00    0.283365219831466675E+03   -0.218021380901336670E+01   -0.123195958137512207E+01   -0.559672582149505615E+01   -0.412679374217987061E+01   -0.875561165809631348E+01   -0.403728091716766357E+01   -0.147246736288070679E+01   -0.573146631339130327E+05   -0.861475511231544466E+01    1
    0.919709456694960736E+00    0.465811902284622192E+03   -0.603762197494506836E+01   -0.896435618400573730E+01   -0.214588582515716553E+01   -0.852941989898681641E+01   -0.185178911685943604E+01   -0.386110752820968628E+01   -0.680204671621322632E+01   -0.573107615136019158E+05   -0.861575511231546898E+01    1
    0.930103701443374287E+00    0.291439563035964966E+03   -0.861061519384384155E+01   -0.738961893320083618E+01   -0.497888648509979248E+01   -0.508208876848220825E+01   -0.130083602666854858E+01   -0.220381885766983032E+01   -0.929413431882858276E+01   -0.570742184973729818E+05   -0.861675511231547375E+01    1
    0.934989698118695367E+00    0.225734014520086049E+03   -0.433614911094981803E+01   -0.120711982885418578E+01   -0.822939369949710731E+01   -0.708748170808691036E+01   -0.933501659424049279E+01   -0.432224087470225982E+01   -0.559250178720369640E+01   -0.570290322320433843E+05   -0.861775511231543057E+01    1
    0.898607169964134811E+00    0.274880015850067139E+03   -0.760393548011779785E+01   -0.238386321067810059E+01   -0.524530923366546631E+01   -0.353961634635925293E+01   -0.274576777219772339E+01   -0.414461326599121094E+01   -0.359856754541397095E+01   -0.567938819177096811E+05   -0.861875511231547264E+01    1
    0.931818432626792204E+00    0.257354114560182950E+03   -0.921144266572910553E+01   -0.802387013694501228E+01   -0.662832934530928863E+01   -0.568256816349665783E+01   -0.218632396794209782E+01   -0.467271953234473170E+01   -0.380264055046225380E+01   -0.565833512201905323E+05   -0.861975511231550584E+01    1
    0.925947280614308532E+00    0.297354410875823362E+03   -0.477015795560257061E+01   -0.899131841371525375E+01   -0.446582565260126430E+01   -0.286080845368137737E+01   -0.239866545316061064E+01   -0.661431738894300914E+01   -0.173991507835405734E+01   -0.565346207051925230E+05   -0.862075511231551239E+01    1
    0.895990522347092755E+00    0.269662582874298096E+03   -0.756809258460998535E+01   -0.391568189859390259E+01   -0.143522542715072632E+01   -0.256888413429260254E+01   -0.719363045692443848E+01   -0.741274011135101318E+01   -0.756578427553176880E+01   -0.564095745035305808E+05   -0.862175511231547453E+01    1
    0.935971058596730354E+00    0.461946123838424683E+03   -0.582949006557464600E+01   -0.604550391435623169E+01   -0.723257505893707275E+01   -0.481375199556350708E+01   -0.824974757432937622E+01   -0.804684382677078247E+01   -0.539936029911041260E+01   -0.563783679986797724E+05   -0.862275511231545444E+01    1
    0.900618581703870769E+00    0.304846652816225969E+03   -0.381839120707911750E+01   -0.845560474040137677E+01   -0.795468145600728604E+01   -0.197523343682212271E+01   -0.605291348303760657E+01   -0.718917015225847855E+01   -0.420167048349706729E+01   -0.563502088057579822E+05   -0.862375511231543079E+01    1
    0.899110764283003405E+00    0.380670030678241574E+03   -0.308419869556608894E+01   -0.756825631070431637E+01   -0.701721485751476326E+01   -0.787922350254869919E+01   -0.273273844594305348E+01   -0.495082838441256090E+01   -0.799442740799748286E+01   -0.563484854490197104E+05   -0.862475511231538405E+01    1
    0.900669880095435471E+00    0.303861905521654080E+03   -0.614290011038880479E+01   -0.665058291749313213E+01   -0.455026506591176627E+01   -0.272186658963033956E+01   -0.634025718708973329E+01   -0.248737979319504099E+01   -0.983958892211368763E+01   -0.563273175472218500E+05   -0.862575511231544390E+01    1
    0.903396761889669886E+00    0.259813631882567961E+03   -0.699264080517944020E+01   -0.821272044722535632E+01   -0.524518257628625406E+01   -0.560058198574110655E+01   -0.653523073460589465E+01   -0.573718990853341193E+01   -0.597600860155030311E+01   -0.561344028326140760E+05   -0.862675511231550374E+01    1
    0.932109904755471730E+00    0.285030747550616809E+03   -0.731738407890763742E+01   -0.140304455623110869E+01   -0.958483182254600585E+01   -0.323597320682533596E+01   -0.731547631841659474E+01   -0.902203830951048147E+01   -0.351265170816145744E+01   -0.559977366017572494E+05   -0.862775511231545167E+01    1
    0.900908095158155287E+00    0.315927609910445028E+03   -0.785689676961687589E+01   -0.549669309235785430E+01   -0.573554249508643021E+01   -0.763560088165817508E+01   -0.990896769609259387E+01   -0.330459526635683609E+01   -0.457339531526253307E+01   -0.558773286398603159E+05   -0.862875511231539960E+01    1
    0.930102694665849383E+00    0.406614315509796143E+03   -0.791476863622665405E+01   -0.872892689704895020E+01   -0.553371268510818481E+01   -0.310378152132034302E+01   -0.201045411825180054E+01   -0.903177565336227417E+01   -0.881819778680801392E+01   -0.558145440617420463E+05   -0.862975511231545589E+01    1
    0.933371351105868996E+00    0.309120756387710571E+03   -0.859869492053985596E+01   -0.530062818527221680E+01   -0.380816555023193359E+01   -0.274241340160369873E+01   -0.479631602764129639E+01   -0.848990988731384277E+01   -0.552548849582672119E+01   -0.557218802402851506E+05   -0.863075511231548553E+01    1
    0.887661889612555655E+00    0.470075005292892456E+03   -0.935736203193664551E+01   -0.418819701671600342E+01   -0.338662850856781006E+01   -0.438071739673614502E+01   -0.697333687543869019E+01   -0.773566412925720215E+01   -0.206361120939254761E+01   -0.554072009663675053E+05   -0.863175511231542103E+01    1
    0.897181354124129027E+00    0.212617969512939453E+03   -0.935905665159225464E+01   -0.554206937551498413E+01   -0.671429288387298584E+01   -0.514627778530120850E+01   -0.696100997924804688E+01   -0.577073949575424194E+01   -0.120052945613861084E+01   -0.552702658287664453E+05   -0.863275511231541692E+01    1
    0.901032981390429977E+00    0.346691036057083920E+03   -0.853654692520268732E+01   -0.484641324575147348E+01   -0.979100861685027368E+01   -0.450311692694527821E+01   -0.288078238860933578E+01   -0.423951768448781685E+01   -0.549532326423335515E+01   -0.552429100623232807E+05   -0.863375511231546433E+01    1
    0.896253493153095104E+00    0.385892290377044787E+03   -0.147041438527455703E+01   -0.667480026977802865E+01   -0.691452793465807947E+01   -0.488882237053278956E+01   -0.557100917928719497E+01   -0.281840886227534959E+01   -0.858342527129699739E+01   -0.552277837435695692E+05   -0.863475511231545845E+01    1
    0.931059281715634679E+00    0.302325990975649290E+03   -0.741483005352050206E+01   -0.519714797936171902E+01   -0.829699899809265062E+01   -0.186410675340461651E+01   -0.463344791153791391E+01   -0.172923871411734886E+01   -0.417042193034539199E+01   -0.551920528173167404E+05   -0.863575511231544191E+01    1
    0.897866663594942938E+00    0.254288274310579851E+03   -0.722161065191979912E+01   -0.735055001541858744E+01   -0.491930749684379176E+01   -0.766762207353436942E+01   -0.754270694421975296E+01   -0.130779987913558671E+01   -0.265258777071677443E+01   -0.549675199729137239E+05   -0.863675511231543958E+01    1
    0.895882093969816218E+00    0.311546817241455528E+03   -0.559648019228391114E+01   -0.606641747292574429E+01   -0.645988778901915506E+01   -0.887613925021685546E+01   -0.772216897003297476E+01   -0.698223331218826360E+01   -0.213803814880803067E+01   -0.546766983590087257E+05   -0.863775511231546211E+01    1
    0.933111755427219913E+00    0.413087092403345650E+03   -0.289850553372936393E+01   -0.751107365140747163E+01   -0.924244809679064794E+01   -0.902723858812685620E+01   -0.834645695099395191E+01   -0.934274179700263652E+01   -0.643737091700715780E+01   -0.545822188342985392E+05   -0.863875511231550242E+01    1
    0.937970671908785691E+00    0.438762816597611959E+03   -0.998372344667303757E+01   -0.661544394444009676E+01   -0.837675913677933792E+01   -0.847269262449738214E+01   -0.927777340156254660E+01   -0.552261009908116218E+01   -0.655787208104113795E+01   -0.544047376744253779E+05   -0.863975511231546101E+01    1
    0.930487005195437922E+00    0.264912708853815388E+03   -0.345495338511627459E+01   -0.667297011329001410E+01   -0.675593773476209591E+01   -0.357142942221960613E+01   -0.296277505456477286E+01   -0.129559596607913896E+01   -0.407024845398987445E+01   -0.543897342826866588E+05   -0.864075511231544802E+01    1
    0.885070105023086251E+00    0.490345102548599243E+03   -0.154012501239776611E+01   -0.249128675460815430E+01   -0.390649157762527466E+01   -0.159224730730056763E+01   -0.557197707891464233E+01   -0.930630350112915039E+01   -0.196252250671386719E+01   -0.543826576617831815E+05   -0.864175511231548121E+01    1
    0.922374199825287011E+00    0.372198748588562012E+03   -0.376928478479385376E+01   -0.173731029033660889E+01   -0.187912404537200928E+01   -0.871986156702041626E+01   -0.117456245422363281E+01   -0.707255768775939941E+01   -0.622309350967407227E+01   -0.543316443593438089E+05   -0.864275511231547888E+01    1
    0.894220935755252966E+00    0.429138934612274170E+03   -0.368916934728622437E+01   -0.261006194353103638E+01   -0.672585427761077881E+01   -0.468795639276504517E+01   -0.390694326162338257E+01   -0.765812146663665771E+01   -0.312618386745452881E+01   -0.540632390632722600E+05   -0.864375511231549254E+01    1
    0.901312340672075551E+00    0.376113685818714657E+03   -0.702891476984092201E+01   -0.623131339752767488E+01   -0.577415154063919100E+01   -0.226733873705449085E+01   -0.435304296617787401E+01   -0.640324689731322216E+01   -0.470626683098419285E+01   -0.540410165113223484E+05   -0.864475511231547245E+01    1
    0.905374100720553354E+00    0.471883958384787888E+03   -0.759288274194415003E+01   -0.642125292069213582E+01   -0.665205154239793650E+01   -0.510206495555761119E+01   -0.846450521664102773E+01   -0.848720613126718426E+01   -0.607740323284902750E+01   -0.539280504776893358E+05   -0.864575511231542393E+01    1
    0.929996326013666108E+00    0.331771448859534189E+03   -0.416987656715273669E+01   -0.979297244378335563E+01   -0.581809765946009705E+01   -0.597893921511066484E+01   -0.688151606432314722E+01   -0.233117084257970486E+01   -0.382117539586278276E+01   -0.536859805221973511E+05   -0.864675511231540739E+01    1
    0.900349196005635788E+00    0.250597404649797625E+03   -0.912225715365327616E+01   -0.566134645411025428E+01   -0.433515294115288174E+01   -0.166706943979894895E+01   -0.168804532882491642E+01   -0.849953627904825382E+01   -0.585823592570276386E+01   -0.535340199290158998E+05   -0.864775511231545835E+01    1
    0.893470831782996799E+00    0.376252835988998413E+03   -0.198465502262115479E+01   -0.221525472402572632E+01   -0.789376264810562134E+01   -0.634051579236984253E+01   -0.694421505928039551E+01   -0.935734540224075317E+01   -0.256067335605621338E+01   -0.534049768493067168E+05   -0.864875511231550398E+01    1
    0.896454279999953307E+00    0.348102707149975231E+03   -0.634122314855212910E+01   -0.523684785595893398E+01   -0.237901598539085324E+01   -0.413843758164586717E+01   -0.390950550972906097E+01   -0.954913144092114230E+01   -0.638926623796051718E+01   -0.533980860365029293E+05   -0.864975511231544303E+01    1
    0.889355063724692196E+00    0.366360004223730698E+03   -0.241266326674023635E+01   -0.229221127141174819E+01   -0.304281477686277313E+01   -0.840637883506614614E+01   -0.422714081783838402E+01   -0.857906118270504869E+01   -0.143053005343375084E+01   -0.531378893005594655E+05   -0.865075511231538741E+01    1
    0.916152129760111955E+00    0.470005450523543686E+03   -0.155548423952440906E+01   -0.699681668496440068E+01   -0.443042084373101375E+01   -0.323497980521585138E+01   -0.447716240377119767E+01   -0.793047364056003268E+01   -0.184754833879683567E+01   -0.529944307868582400E+05   -0.865175511231541527E+01    1
    0.921841745833397064E+00    0.400027060508728027E+03   -0.176924198865890503E+01   -0.589559847116470337E+01   -0.509030598402023315E+01   -0.216785526275634766E+01   -0.137488806247711182E+01   -0.787930339574813843E+01   -0.278909295797348022E+01   -0.529800693230763718E+05   -0.865275511231541650E+01    1
    0.934514749626669583E+00    0.346298850652959800E+03   -0.433755377528686559E+01   -0.845573779093647637E+01   -0.904632255935248253E+01   -0.987717573899286982E+01   -0.567771354755724289E+01   -0.408205923923639791E+01   -0.613129066934070810E+01   -0.529202598441832888E+05   -0.865375511231540528E+01    1
    0.896261980208873932E+00    0.247759628295898438E+03   -0.355497360229492188E+01   -0.246841180324554443E+01   -0.411532998085021973E+01   -0.177118229866027832E+01   -0.963736319541931152E+01   -0.862613660097122192E+01   -0.149918645620346069E+01   -0.527445098937852381E+05   -0.865475511231544736E+01    1
    0.927024417667150713E+00    0.446338492631912231E+03   -0.598896884918212891E+01   -0.530982869863510132E+01   -0.521975046396255493E+01   -0.306134307384490967E+01   -0.394345778226852417E+01   -0.616465675830841064E+01   -0.352587002515792847E+01   -0.524509682595534541E+05   -0.865575511231548944E+01    1
    0.904359207317948499E+00    0.285666769742965698E+03   -0.482488799095153809E+01   -0.554371732473373413E+01   -0.727532839775085449E+01   -0.495634734630584717E+01   -0.761931848526000977E+01   -0.694525575637817383E+01   -0.620575195550918579E+01   -0.522698841060890845E+05   -0.865675511231544625E+01    1
    0.933619773460149904E+00    0.280189734697341919E+03   -0.428390038013458252E+01   -0.735194033384323120E+01   -0.782475584745407104E+01   -0.402295470237731934E+01   -0.973078507184982300E+01   -0.900641214847564697E+01   -0.425535362958908081E+01   -0.520703504390836097E+05   -0.865775511231543682E+01    1
    0.901673359256612850E+00    0.344921926712922414E+03   -0.777026440862961820E+01   -0.607911045784785564E+01   -0.726558655264980846E+01   -0.233461900776565123E+01   -0.433601401982630108E+01   -0.503499555108713182E+01   -0.451633817602474874E+01   -0.519905800209783411E+05   -0.865875511231545758E+01    1
    0.907088601076829870E+00    0.380650564899691346E+03   -0.893016556721044275E+01   -0.847067836649316064E+01   -0.859917240283577833E+01   -0.949851789920363743E+01   -0.886384843933250544E+01   -0.631999026456341362E+01   -0.788429940633024451E+01   -0.518882857129692638E+05   -0.865975511231547301E+01    1
    0.928209034068745886E+00    0.361778869971441509E+03   -0.269842208916695014E+01   -0.329661569546971922E+01   -0.786139578218588220E+01   -0.975872491193512559E+01   -0.314474842913309871E+01   -0.562972565965074967E+01   -0.380385609981029482E+01   -0.518834162920050076E+05   -0.866075511231548489E+01    1
    0.901483068426496059E+00    0.293090916038199794E+03   -0.299873527187954103E+01   -0.407859333807177737E+01   -0.862990524214982813E+01   -0.220317492432299655E+01   -0.442428906126764954E+01   -0.468651400015106034E+01   -0.538757715645408553E+01   -0.518249038069353701E+05   -0.866175511231545592E+01    1
    0.920821779337771429E+00    0.420569073144595563E+03   -0.294769507877527559E+01   -0.352813101896814807E+01   -0.331204290269899726E+01   -0.738305983512842801E+01   -0.905953348221903809E+01   -0.274248540684416042E+01   -0.233670750633461033E+01   -0.518137914223994230E+05   -0.866275511231546780E+01    1
    0.920879594254834455E+00    0.485074653256998488E+03   -0.361864609978608165E+01   -0.761190569538531037E+01   -0.323657642439567805E+01   -0.154431865996731510E+01   -0.403055576260000947E+01   -0.137297753645023235E+01   -0.666314487602003069E+01   -0.517734483011845587E+05   -0.866375511231547790E+01    1
    0.895967027223765977E+00    0.382920879125595093E+03   -0.441498368978500366E+01   -0.175170946121215820E+01   -0.777832788228988647E+01   -0.108414411544799805E+01   -0.361751627922058105E+01   -0.886565518379211426E+01   -0.307686609029769897E+01   -0.516229746317755562E+05   -0.866475511231548268E+01    1
    0.928803940715432375E+00    0.266788810491561890E+03   -0.213226878643035889E+01   -0.870880228281021118E+01   -0.309838330745697021E+01   -0.652954286336898804E+01   -0.582093596458435059E+01   -0.132454246282577515E+01   -0.371626663208007812E+01   -0.514399293722235816E+05   -0.866575511231551232E+01    1
    0.900075900251834149E+00    0.263083510196602901E+03   -0.217296925157455156E+01   -0.857360089194151875E+01   -0.452245785293681468E+01   -0.907400809019031485E+01   -0.683462539232036459E+01   -0.221037183653770963E+01   -0.958348378204224005E+01   -0.513642112647397807E+05   -0.866675511231547446E+01    1
    0.895852470248262978E+00    0.342028444774910383E+03   -0.624741432341732850E+01   -0.548998816861888095E+01   -0.946240248582352983E+01   -0.474790621546539793E+01   -0.342351866455435072E+01   -0.860833904385678927E+01   -0.248694327443603935E+01   -0.512512847621732144E+05   -0.866775511231546858E+01    1
    0.926725131161391880E+00    0.389609932899475098E+03   -0.400096756219863892E+01   -0.381828391551971436E+01   -0.476625275611877441E+01   -0.963583862781524658E+01   -0.660886061191558838E+01   -0.129153627157211304E+01   -0.496333074569702148E+01   -0.510803135897883258E+05   -0.866875511231546625E+01    1
    0.929046744861160567E+00    0.273486583835480133E+03   -0.497272821157667622E+01   -0.994837166659061545E+01   -0.193242286406739439E+01   -0.326539878323869637E+01   -0.900574806831017405E+01   -0.720109726027873975E+01   -0.940430779931124050E+01   -0.510215187833613090E+05   -0.866975511231547280E+01    1
    0.890704707658415473E+00    0.406620639679427200E+03   -0.361552259818221078E+01   -0.583369397455665428E+01   -0.399274609246097967E+01   -0.833142053714588293E+01   -0.165967023649779932E+01   -0.473200492559349506E+01   -0.228965408554643890E+01   -0.509714269308743751E+05   -0.867075511231552376E+01    1
    0.937060279403279517E+00    0.301996959970409989E+03   -0.541065285450831368E+01   -0.603115969086387871E+01   -0.952343128761113356E+01   -0.828614383266812382E+01   -0.774333803307938418E+01   -0.583953428849701250E+01   -0.977206308702586846E+01   -0.509576846846501430E+05   -0.867175511231552143E+01    1
    0.899390594416400679E+00    0.251597044188418607E+03   -0.567200459265137180E+01   -0.954302126867453460E+01   -0.203946523794599610E+01   -0.897881604659018961E+01   -0.928180298416184257E+01   -0.801392700080181086E+01   -0.741961117355370270E+01   -0.505174498589073264E+05   -0.867275511231548357E+01    1
    0.926680521372880484E+00    0.319484197169146000E+03   -0.494213519553455605E+01   -0.343892434088174337E+01   -0.191390844898143975E+01   -0.270742149834329915E+01   -0.734161322048547493E+01   -0.593909165370761905E+01   -0.811891490429952256E+01   -0.504334074288983466E+05   -0.867375511231544749E+01    1
    0.903443377447434193E+00    0.416195313969429947E+03   -0.598783850398006745E+01   -0.864568321262774298E+01   -0.516806550318642799E+01   -0.260202468369863649E+01   -0.588055432081108709E+01   -0.452210460741911380E+01   -0.807325370461005498E+01   -0.504036611665397650E+05   -0.867475511231548602E+01    1
    0.900714628206741308E+00    0.477655743672790322E+03   -0.524716297526112108E+01   -0.783314732146768478E+01   -0.611788804853524315E+01   -0.777834332020901265E+01   -0.381770942208046904E+01   -0.330468009041187916E+01   -0.605754734032743336E+01   -0.503446564343988794E+05   -0.867575511231544994E+01    1
    0.895183567068940644E+00    0.315786951362061643E+03   -0.496855833376904599E+01   -0.665901716045497771E+01   -0.444041765009480649E+01   -0.738830763599588991E+01   -0.593100473906755088E+01   -0.109701839526402978E+01   -0.220346494699242790E+01   -0.502965624064882795E+05   -0.867675511231545826E+01    1
    0.927517880916416848E+00    0.252784371376037598E+03   -0.648331981897354126E+01   -0.444233739376068115E+01   -0.733049714565277100E+01   -0.620002275705337524E+01   -0.126840865612030029E+01   -0.588470172882080078E+01   -0.205750918388366699E+01   -0.502835210367173131E+05   -0.867775511231549679E+01    1
    0.900981020049154924E+00    0.223801815509796143E+03   -0.830317288637161255E+01   -0.398089069128036499E+01   -0.438404333591461182E+01   -0.358684521913528442E+01   -0.482283020019531250E+01   -0.176322418451309204E+01   -0.417553269863128662E+01   -0.502545412997298699E+05   -0.867875511231548913E+01    1
    0.930377456341788922E+00    0.300885019955270650E+03   -0.428439462808418359E+01   -0.824632575343304630E+01   -0.417114462447815804E+01   -0.943458928398448471E+01   -0.699803127089782784E+01   -0.154974363488604894E+01   -0.781533949939392514E+01   -0.502278565377305713E+05   -0.867975511231546371E+01    1
    0.897696417260268054E+00    0.486972075226397976E+03   -0.640433774044018556E+01   -0.316003405740060561E+01   -0.349158941266361467E+01   -0.959380909374929303E+01   -0.739038068605444209E+01   -0.993863488924660032E+01   -0.684373563448455968E+01   -0.501918837707932180E+05   -0.868075511231546848E+01    1
    0.923490595724880903E+00    0.317682456970214844E+03   -0.334077346324920654E+01   -0.753846597671508789E+01   -0.457136559486389160E+01   -0.918535143136978149E+01   -0.144628793001174927E+01   -0.301621061563491821E+01   -0.185024416446685791E+01   -0.500665324379202430E+05   -0.868175511231549280E+01    1
    0.913874791860247337E+00    0.492884351494626344E+03   -0.757648475329258542E+01   -0.753783455034622207E+01   -0.133498262151758951E+01   -0.664380663958909601E+01   -0.981842086475884201E+01   -0.526888693543993014E+01   -0.758767681973255481E+01   -0.498905117716307795E+05   -0.868275511231546382E+01    1
    0.935386165091035893E+00    0.224060914420701835E+03   -0.384360582036301857E+01   -0.815512678799029800E+01   -0.646434752766234144E+01   -0.249430609806935610E+01   -0.546304714685754611E+01   -0.528206650806293698E+01   -0.973657335872790775E+01   -0.498541985666184337E+05   -0.868375511231548636E+01    1
    0.923771061685964567E+00    0.450196427767126579E+03   -0.384761745757709139E+01   -0.645896094878967375E+01   -0.951278731388109833E+01   -0.250572866790237381E+01   -0.799435852677215042E+01   -0.279825748072536662E+01   -0.312897522538840978E+01   -0.496348136030236128E+05   -0.868475511231544317E+01    1
    0.899625379374232592E+00    0.290261790969977142E+03   -0.161002788529632568E+01   -0.730410198416782386E+01   -0.458239146421124488E+01   -0.103862151195055752E+01   -0.808058482318003080E+01   -0.290810295092216187E+01   -0.791917298522641300E+01   -0.492080838472224277E+05   -0.868575511231539288E+01    1
    0.928633008051569120E+00    0.477876781759968367E+03   -0.688111606067132975E+01   -0.557734905374633350E+01   -0.875438273456477134E+01   -0.617214125280621850E+01   -0.252142849938213942E+01   -0.447902733091318783E+01   -0.620291953451960332E+01   -0.491785205782205303E+05   -0.868675511231541186E+01    1
    0.925983344046950485E+00    0.269683843851089478E+03   -0.424289101362228394E+01   -0.282192748785018921E+01   -0.146294713020324707E+01   -0.891878974437713623E+01   -0.986200410127639771E+01   -0.127767246961593628E+01   -0.372926676273345947E+01   -0.491602905798850334E+05   -0.868775511231542552E+01    1
    0.892686366056084757E+00    0.455276954174041748E+03   -0.586858379840850830E+01   -0.253121519088745117E+01   -0.378323334455490112E+01   -0.612710314989089966E+01   -0.362670820951461792E+01   -0.786201602220535278E+01   -0.298631846904754639E+01   -0.491485923148479924E+05   -0.868875511231545516E+01    1
    0.899731997494027658E+00    0.322160703249124197E+03   -0.658320200177982962E+01   -0.294802358797333675E+01   -0.914822327977077521E+01   -0.886580739879728696E+01   -0.647062188833825758E+01   -0.886158317124971262E+01   -0.328519525257342160E+01   -0.490696793826425055E+05   -0.868975511231545106E+01    1
    0.906181573127210260E+00    0.377564257383346558E+03   -0.932514601945877075E+01   -0.379748660326004028E+01   -0.863472235202789307E+01   -0.575759774446487427E+01   -0.977276432514190674E+01   -0.993532603979110718E+01   -0.658513057231903076E+01   -0.488996634693002852E+05   -0.869075511231546116E+01    1
    0.930257125583589195E+00    0.471805602312088013E+03   -0.345155352354049683E+01   -0.872005254030227661E+01   -0.633966767787933350E+01   -0.899892181158065796E+01   -0.983616369962692261E+01   -0.419292253255844116E+01   -0.536445724964141846E+01   -0.488836366110826202E+05   -0.869175511231545705E+01    1
    0.927407025956332842E+00    0.477831292152404785E+03   -0.373248380422592163E+01   -0.796704703569412231E+01   -0.915480053424835205E+01   -0.225886046886444092E+01   -0.624091678857803345E+01   -0.491892141103744507E+01   -0.394554668664932251E+01   -0.488554886026955355E+05   -0.869275511231542097E+01    1
    0.929518293142318930E+00    0.301353079080581665E+03   -0.295316851139068604E+01   -0.841322231292724609E+01   -0.751629108190536499E+01   -0.462572646141052246E+01   -0.934485757350921631E+01   -0.109659600257873535E+01   -0.839697724580764771E+01   -0.487749378798104517E+05   -0.869375511231542930E+01    1
    0.930977781313240715E+00    0.377173137664794922E+03   -0.640565752983093262E+01   -0.253213679790496826E+01   -0.509054094552993774E+01   -0.462786310911178589E+01   -0.309245294332504272E+01   -0.750865375995635986E+01   -0.829829502105712891E+01   -0.485167771406520405E+05   -0.869475511231548026E+01    1
    0.898126471420593542E+00    0.374314663395701359E+03   -0.219083797732105712E+01   -0.169841959748991478E+01   -0.730223318314370751E+01   -0.815427911843349484E+01   -0.812513567146117133E+01   -0.254215340083843522E+01   -0.793633096116150138E+01   -0.484734398902969333E+05   -0.869575511231549747E+01    1
    0.903614296746808154E+00    0.245028618637293249E+03   -0.782024515354705141E+01   -0.685385141799316155E+01   -0.732747244099588180E+01   -0.898594830279874657E+01   -0.890556005216616775E+01   -0.273396626484958993E+01   -0.548444963408181074E+01   -0.478939017849262964E+05   -0.869675511231548981E+01    1
    0.902499229613542675E+00    0.201903671026229858E+03   -0.615288347005844116E+01   -0.339687132835388184E+01   -0.852122414112091064E+01   -0.414863336086273193E+01   -0.577361643314361572E+01   -0.148230785131454468E+01   -0.489333850145339966E+01   -0.478756235013305050E+05   -0.869775511231547327E+01    1
    0.899888646309860762E+00    0.490329145648986355E+03   -0.574587300579661520E+01   -0.214605565986645441E+01   -0.681525441395752818E+01   -0.916091823957217954E+01   -0.393558211354870213E+01   -0.304202810433480231E+01   -0.954610613950912956E+01   -0.478465913549583638E+05   -0.869875511231546916E+01    1
    0.924210891181665661E+00    0.389663377090273229E+03   -0.668604217332024220E+01   -0.660585409365847731E+01   -0.213363874715523938E+01   -0.966586520603640587E+01   -0.849660536365807140E+01   -0.435335518547455713E+01   -0.875426670957421749E+01   -0.476290768295861271E+05   -0.869975511231549881E+01    1
    0.932730771121266233E+00    0.424400474645091720E+03   -0.904737647955550273E+01   -0.260722078598525453E+01   -0.722982471731762999E+01   -0.533587009621585651E+01   -0.419354983947731608E+01   -0.796122561748236990E+01   -0.608672309158488467E+01   -0.475757268898379116E+05   -0.870075511231550003E+01    1
    0.928144166405744375E+00    0.327922989728286552E+03   -0.748373891222159315E+01   -0.446483370233209254E+01   -0.279203382895305463E+01   -0.845090081727680165E+01   -0.683295657368417864E+01   -0.357964807773687088E+01   -0.456856706972322524E+01   -0.475669825779008752E+05   -0.870175511231549770E+01    1
    0.921906344155604351E+00    0.445971120118143801E+03   -0.479952178304197297E+01   -0.502991194379547046E+01   -0.782436589502261448E+01   -0.951966077202194150E+01   -0.537738306427787638E+01   -0.280202997785355379E+01   -0.270942606561827404E+01   -0.475568513722081552E+05   -0.870275511231543497E+01    1
    0.906178164526280083E+00    0.378621452679854144E+03   -0.484060509587158005E+01   -0.956737776946962271E+01   -0.901546283426436545E+01   -0.292817403020598288E+01   -0.742327276121296187E+01   -0.928854714339244047E+01   -0.900390455120561484E+01   -0.475364667506710612E+05   -0.870375511231541310E+01    1
    0.907245911064247790E+00    0.306624423890213109E+03   -0.848001579100457548E+01   -0.810951773381999175E+01   -0.726801493393695264E+01   -0.313861614360809860E+01   -0.839941633224012563E+01   -0.690896965767259985E+01   -0.920021053497887387E+01   -0.473444283513461123E+05   -0.870475511231545340E+01    1
    0.896521617124651171E+00    0.380116177814063292E+03   -0.184491539292017848E+01   -0.519157163832351731E+01   -0.983895223093545823E+01   -0.291832145568629286E+01   -0.263821734941760511E+01   -0.322078131021811931E+01   -0.443773950747550039E+01   -0.473159975409795661E+05   -0.870575511231549015E+01    1
    0.891824280312130235E+00    0.424022715375826579E+03   -0.641984757588014521E+01   -0.348964956176016283E+01   -0.374749683601353301E+01   -0.214761738689836967E+01   -0.942845593703647644E+01   -0.292891514871672864E+01   -0.230940475765857034E+01   -0.472798680497696914E+05   -0.870675511231545052E+01    1
    0.926135236668375272E+00    0.375669676966890393E+03   -0.289000308932661998E+01   -0.586317389907348652E+01   -0.724186788445527796E+01   -0.968106288282437077E+01   -0.141110056045053334E+01   -0.590096144750801521E+01   -0.622791182772524365E+01   -0.472204889368968506E+05   -0.870775511231542332E+01    1
    0.931488688414596866E+00    0.264348882166273597E+03   -0.556388690803794361E+01   -0.209723884195881816E+01   -0.679360304955587502E+01   -0.831254702465967021E+01   -0.240043158512729615E+01   -0.708500038194424064E+01   -0.503592102457492441E+01   -0.471246973176098618E+05   -0.870875511231549382E+01    1
    0.896585914945583817E+00    0.462103837803906856E+03   -0.465098507981983644E+01   -0.907737917602000266E+01   -0.398117159239104090E+01   -0.611808292577872948E+01   -0.454847842801005875E+01   -0.184765146735631447E+01   -0.601634256836055759E+01   -0.469614876837418851E+05   -0.870975511231548616E+01    1
    0.896738282406297937E+00    0.246782234661965930E+03   -0.441038617691224566E+01   -0.474664375011131412E+01   -0.161015530315743405E+01   -0.166107042264346028E+01   -0.709875677833030316E+01   -0.204957039665031360E+01   -0.264497583726225649E+01   -0.468788851355449588E+05   -0.871075511231546962E+01    1
    0.927741683249493798E+00    0.283881191294510643E+03   -0.281346523161558171E+01   -0.347689979078043176E+01   -0.477729232395268877E+01   -0.102404089320554270E+01   -0.258229840324414983E+01   -0.370226416322095986E+01   -0.289669763232750910E+01   -0.468149871796451625E+05   -0.871175511231549926E+01    1
    0.925692483831346169E+00    0.399292671680450439E+03   -0.217631763219833374E+01   -0.958410900831222534E+01   -0.314233881235122681E+01   -0.648040801286697388E+01   -0.941705513000488281E+01   -0.343449467420578003E+01   -0.850682604312896729E+01   -0.468082222497772818E+05   -0.871275511231545963E+01    1
    0.925178964214144361E+00    0.268325350209370583E+03   -0.912206719897240070E+01   -0.629614956137371440E+01   -0.897004788011631149E+01   -0.644448974701163912E+01   -0.428443903681938032E+01   -0.259678934868841438E+01   -0.137624291105253249E+01   -0.466286639219209392E+05   -0.871375511231546795E+01    1
    0.897134984522670154E+00    0.296519819010064737E+03   -0.862294924155555265E+01   -0.923438323253678384E+01   -0.175907082272996540E+01   -0.811462454130053601E+01   -0.547506358948344829E+01   -0.486134724951373975E+01   -0.473497840650174595E+01   -0.465177048066617645E+05   -0.871475511231546562E+01    1
    0.902525564988376661E+00    0.232834087824046037E+03   -0.235880255189494115E+01   -0.582660078857142683E+01   -0.536172487894909722E+01   -0.714104876605953365E+01   -0.334105846398003870E+01   -0.697088898392223477E+01   -0.777765786060909114E+01   -0.464748493833285465E+05   -0.871575511231546329E+01    1
    0.900737033805988796E+00    0.271849340647536962E+03   -0.789642525000734175E+01   -0.619515182723115654E+01   -0.457518020641483947E+01   -0.946865234643786202E+01   -0.724019741577801135E+01   -0.691529089086864168E+01   -0.317935738754149622E+01   -0.463681428608696297E+05   -0.871675511231545741E+01    1
    0.931798414428413047E+00    0.398333835601806641E+03   -0.534904795885086060E+01   -0.818618941307067871E+01   -0.415500253438949585E+01   -0.909009438753128052E+01   -0.475941044092178345E+01   -0.601591110229492188E+01   -0.759883499145507812E+01   -0.463251827473502417E+05   -0.871775511231542666E+01    1
    0.931587545026258512E+00    0.234194498834387019E+03   -0.514414206111326244E+01   -0.529493143303530722E+01   -0.597632054620607178E+01   -0.801931061595584360E+01   -0.534609201278889579E+01   -0.649749356310609905E+01   -0.322673707118221031E+01   -0.463070072778413960E+05   -0.871875511231542255E+01    1
    0.916694254503945594E+00    0.347865296913381485E+03   -0.955512680787655633E+01   -0.550386869407432311E+01   -0.135583759339324494E+01   -0.984714270826376570E+01   -0.772454597013840960E+01   -0.182642425920655072E+01   -0.112452231707838735E+01   -0.462919269270193690E+05   -0.871975511231539180E+01    1
    0.897834245595624081E+00    0.391601686821121973E+03   -0.906814295296659623E+01   -0.872204218270147535E+01   -0.717259586319224507E+01   -0.588368698108033872E+01   -0.865522617855758014E+01   -0.479897748171269534E+01   -0.306807222378179301E+01   -0.459602534084854560E+05   -0.872075511231542855E+01    1
    0.925679398526936592E+00    0.352332505083386991E+03   -0.741689151345472286E+01   -0.984140858963123044E+01   -0.991728715351407075E+01   -0.571473253586604013E+01   -0.851567739044910077E+01   -0.173181475919323447E+01   -0.290995941172798211E+01   -0.459430188141585459E+05   -0.872175511231544220E+01    1
    0.903327992041289773E+00    0.203231264157896760E+03   -0.407484213027872144E+01   -0.888476010230442270E+01   -0.544290615224886576E+01   -0.483355773704760416E+01   -0.421082555247480173E+01   -0.245221615255849379E+01   -0.680369101618047356E+01   -0.459260236571141140E+05   -0.872275511231540790E+01    1
    0.930205489318414736E+00    0.353748620059630753E+03   -0.419631375680654806E+01   -0.198019571005122508E+01   -0.853776625718633575E+01   -0.879502975315072355E+01   -0.290997316521545279E+01   -0.737462613189234872E+01   -0.742919760666177531E+01   -0.455653413923822081E+05   -0.872375511231544287E+01    1
    0.885520349259017348E+00    0.447464601026860237E+03   -0.455853966722527382E+01   -0.933602292874884476E+01   -0.277014013480421362E+01   -0.760132729954373509E+01   -0.902387003767220008E+01   -0.323895905680471863E+01   -0.130094161071728998E+01   -0.452939158221325270E+05   -0.872475511231547607E+01    1
    0.898239801772585444E+00    0.396993328072376016E+03   -0.451587909035767421E+01   -0.263092558306863555E+01   -0.306114412177204187E+01   -0.718896425294320629E+01   -0.690498947091384530E+01   -0.621510459372509150E+01   -0.761621629757404772E+01   -0.452909805687310436E+05   -0.872575511231541334E+01    1
    0.893959217863912858E+00    0.322846203829435353E+03   -0.550723540813318202E+01   -0.449005796077967823E+01   -0.481453418843466086E+01   -0.137060780502229562E+01   -0.290775637053643443E+01   -0.947540343566731202E+01   -0.148976564205072393E+01   -0.452512232622453230E+05   -0.872675511231538792E+01    1
    0.895699147799492001E+00    0.283835250139236450E+03   -0.920990759134292603E+01   -0.440271365642547607E+01   -0.374121278524398804E+01   -0.560594618320465088E+01   -0.518286526203155518E+01   -0.599708467721939087E+01   -0.141430258750915527E+01   -0.452257779174094467E+05   -0.872775511231542467E+01    1
    0.929336119475608013E+00    0.267347277110398636E+03   -0.450861622201992596E+01   -0.800976749325301185E+01   -0.386772904302224507E+01   -0.889628749817233277E+01   -0.187329535796162538E+01   -0.313288795220566474E+01   -0.535326898142211860E+01   -0.451738718532809944E+05   -0.872875511231543655E+01    1
    0.927684288688805703E+00    0.294568324555134836E+03   -0.725397295719795032E+01   -0.115194043682348379E+01   -0.750736026092457109E+01   -0.880698256301456972E+01   -0.526503986818479497E+01   -0.195187287393475373E+01   -0.285865252438962880E+01   -0.448673567161206302E+05   -0.872975511231547863E+01    1
    0.921052988376386716E+00    0.439257369457793061E+03   -0.246451719650426782E+01   -0.426659098071868836E+01   -0.295513090816750612E+01   -0.651224557481008848E+01   -0.511437865446149864E+01   -0.634950260096962804E+01   -0.306526797063210399E+01   -0.446696849910504097E+05   -0.873075511231549051E+01    1
    0.923336543025350842E+00    0.351798955977405853E+03   -0.304013895575470006E+01   -0.502940106015211263E+01   -0.208674721599467983E+01   -0.686116686919936036E+01   -0.737619072450791613E+01   -0.733602312244017707E+01   -0.318766233463441040E+01   -0.445440521631925585E+05   -0.873175511231547219E+01    1
    0.892429200057864302E+00    0.444360238313674927E+03   -0.109649300575256348E+01   -0.819572198390960693E+01   -0.330115348100662231E+01   -0.489605343341827393E+01   -0.614225012063980103E+01   -0.190332078933715820E+01   -0.994831758737564087E+01   -0.443640651168428958E+05   -0.873275511231547164E+01    1
    0.898969957562951283E+00    0.453653360893219713E+03   -0.194025559483813836E+01   -0.685785125384791705E+01   -0.980689503918168803E+01   -0.892908906840374428E+01   -0.660749164071060768E+01   -0.526246948398549019E+01   -0.565907276834098916E+01   -0.443372643960180212E+05   -0.873375511231542490E+01    1
    0.905701356764668897E+00    0.255504277422013814E+03   -0.878639049646873183E+01   -0.823896805393332876E+01   -0.658421330009364336E+01   -0.951078753134222232E+01   -0.497642034668041511E+01   -0.411153485943901753E+01   -0.768477949223907153E+01   -0.442423941057119446E+05   -0.873475511231540303E+01    1
    0.924878442773111042E+00    0.279535431642812057E+03   -0.595183528328412681E+01   -0.535264409833924493E+01   -0.544734342113110248E+01   -0.872731957106890377E+01   -0.328765385861835835E+01   -0.102604349839015896E+01   -0.164477655406005496E+01   -0.441217064010619579E+05   -0.873575511231544866E+01    1
    0.931446274925515127E+00    0.214675137185822365E+03   -0.452308261659664623E+01   -0.981361639650266504E+01   -0.641760723592232551E+01   -0.531678233957064705E+01   -0.131336882508133534E+01   -0.815315618153899990E+01   -0.768740403388049920E+01   -0.440874702455523802E+05   -0.873675511231547652E+01    1
    0.884489522688210128E+00    0.476547729969024658E+03   -0.910168206691741943E+01   -0.774157410860061646E+01   -0.159264588356018066E+01   -0.206503868103027344E+01   -0.896372318267822266E+01   -0.608086240291595459E+01   -0.184524506330490112E+01   -0.440824904527239560E+05   -0.873775511231545465E+01    1
    0.930687423035668648E+00    0.426326422614783723E+03   -0.577987735937949942E+01   -0.138293444891984407E+01   -0.725245564332221182E+01   -0.143790189356288423E+01   -0.529931309517507110E+01   -0.783856666633473509E+01   -0.785587393491077179E+01   -0.438225503571265290E+05   -0.873875511231548963E+01    1
    0.903452809708344629E+00    0.296471421235079504E+03   -0.671753495257478406E+01   -0.356883315877101648E+01   -0.423147782936302796E+01   -0.461927038260055589E+01   -0.814367563000496908E+01   -0.479295875580908604E+01   -0.981649636073425391E+01   -0.437920502357424339E+05   -0.873975511231547131E+01    1
    0.910860018130286497E+00    0.490663928744015038E+03   -0.122715915671142284E+01   -0.555816318736683002E+01   -0.385639957421542512E+01   -0.274562984873188576E+01   -0.278785470963533655E+01   -0.823686474391061196E+01   -0.156526412615793475E+01   -0.437115825084768148E+05   -0.874075511231542635E+01    1
    0.889713811640739594E+00    0.406740325689315796E+03   -0.943718886375427246E+01   -0.665693223476409912E+01   -0.134133845567703247E+01   -0.532885307073593140E+01   -0.661500877141952515E+01   -0.642528486251831055E+01   -0.281357884407043457E+01   -0.437067710614783355E+05   -0.874175511231542757E+01    1
    0.904722984631373572E+00    0.458203166573139356E+03   -0.379568150779936619E+01   -0.709466724576280683E+01   -0.733667758399756309E+01   -0.317492914706049234E+01   -0.756432058516762318E+01   -0.638828780968394927E+01   -0.839443604720388770E+01   -0.436326703978292862E+05   -0.874275511231542346E+01    1
    0.898000750959440208E+00    0.477787073215649457E+03   -0.385758384834889512E+01   -0.977075543442932393E+01   -0.728587331804263805E+01   -0.358618857544253977E+01   -0.495024454996790997E+01   -0.587298260235449376E+01   -0.382209878619079380E+01   -0.436246839186428770E+05   -0.874375511231539981E+01    1
    0.899508618862152276E+00    0.288030117750167847E+03   -0.863695609569549561E+01   -0.827750253677368164E+01   -0.676686042547225952E+01   -0.315393078327178955E+01   -0.591185534000396729E+01   -0.815475767850875854E+01   -0.248959642648696899E+01   -0.435106559898110791E+05   -0.874475511231539038E+01    1
    0.900034846153915047E+00    0.295413845777511597E+03   -0.963201487064361572E+01   -0.364012247323989868E+01   -0.293857675790786743E+01   -0.142012941837310791E+01   -0.403850024938583374E+01   -0.334643614292144775E+01   -0.577400642633438110E+01   -0.434080802227589884E+05   -0.874575511231547154E+01    1
    0.903029104975697994E+00    0.420459974486080682E+03   -0.364323432855376250E+01   -0.626775346957391832E+01   -0.535727598982311903E+01   -0.698837315908724133E+01   -0.511494374573960986E+01   -0.550047300000688377E+01   -0.992732974365590337E+01   -0.433407461114643665E+05   -0.874675511231549940E+01    1
    0.920524751745701142E+00    0.476461020631770737E+03   -0.664467691814623418E+01   -0.421151780445768154E+01   -0.973434527263088079E+01   -0.904211636831086629E+01   -0.920701921569852644E+01   -0.662547807810508615E+01   -0.262074675244820732E+01   -0.432895093075004552E+05   -0.874775511231545977E+01    1
    0.887733667110110924E+00    0.427933800765677347E+03   -0.355922170402206994E+01   -0.542722429674283369E+01   -0.798289637603149593E+01   -0.728486905048177835E+01   -0.636408289654584802E+01   -0.742236079699710594E+01   -0.124665252192091103E+01   -0.431673014732599113E+05   -0.874875511231545921E+01    1
    0.929124555584192491E+00    0.270559084415435791E+03   -0.918373674154281616E+01   -0.265451848506927490E+01   -0.263798910379409790E+01   -0.647453290224075317E+01   -0.521825218200683594E+01   -0.916647189855575562E+01   -0.481661230325698853E+01   -0.431149064079161835E+05   -0.874975511231547820E+01    1
    0.928135637417078163E+00    0.257151025533676147E+03   -0.578035306930541992E+01   -0.129900783300399780E+01   -0.405342620611190796E+01   -0.193686610460281372E+01   -0.224127107858657837E+01   -0.476600116491317749E+01   -0.302935236692428589E+01   -0.429887816832875396E+05   -0.875075511231543857E+01    1
    0.930217552201253128E+00    0.296098904901911567E+03   -0.174384450142034808E+01   -0.563245222860104189E+01   -0.697012094908096458E+01   -0.830129676592604504E+01   -0.390180309859209373E+01   -0.686102118774340841E+01   -0.990371288947239847E+01   -0.429752915202864024E+05   -0.875175511231539005E+01    1
    0.898333490625858433E+00    0.299298650026321411E+03   -0.535664343833923340E+01   -0.238284665346145630E+01   -0.298898512125015259E+01   -0.176246082782745361E+01   -0.267170286178588867E+01   -0.426380687952041626E+01   -0.380977594852447510E+01   -0.428769055106472661E+05   -0.875275511231541969E+01    1
    0.891935152665966902E+00    0.400433560392037407E+03   -0.333389906169262673E+01   -0.502399329271045936E+01   -0.181144068962967708E+01   -0.468144403282069455E+01   -0.841200064987271823E+01   -0.688845193508842524E+01   -0.296797777276987951E+01   -0.427282734518082216E+05   -0.875375511231547421E+01    1
    0.903385314698948783E+00    0.323435575779622695E+03   -0.638011778483503988E+01   -0.511431554539091415E+01   -0.393309386652603710E+01   -0.297252855825685991E+01   -0.543703955826177054E+01   -0.671689974507051168E+01   -0.774023777113954736E+01   -0.426378114786749502E+05   -0.875475511231544168E+01    1
    0.906941011678040199E+00    0.470105922222137451E+03   -0.615953963994979858E+01   -0.548144930601119995E+01   -0.746224564313888550E+01   -0.980472660064697266E+01   -0.794429332017898560E+01   -0.500907742977142334E+01   -0.722323560714721680E+01   -0.425401116670682459E+05   -0.875575511231542691E+01    1
    0.894906863840531308E+00    0.295757298987324987E+03   -0.314121413574722919E+01   -0.746784768452688397E+01   -0.462935657481845730E+01   -0.336604829548331885E+01   -0.712927510962133937E+01   -0.671223989043827096E+01   -0.122595294661238441E+01   -0.424994436221798242E+05   -0.875675511231546899E+01    1
    0.894523868458014126E+00    0.316097800363788281E+03   -0.182023785409366567E+01   -0.865502224146753285E+01   -0.151810340859326409E+01   -0.872282496472540281E+01   -0.205439037842147787E+01   -0.345988122930653752E+01   -0.859638024084898511E+01   -0.423684468726784035E+05   -0.875775511231547199E+01    1
    0.901259364055224776E+00    0.251758167256120998E+03   -0.652178225661843847E+01   -0.753108573447367569E+01   -0.270949955568858858E+01   -0.895517388999167174E+01   -0.439715207008176101E+01   -0.316491758251393485E+01   -0.789848256916708813E+01   -0.423618732471813782E+05   -0.875875511231545012E+01    1
    0.929583011427998707E+00    0.461780238151550293E+03   -0.292141598463058472E+01   -0.469761824607849121E+01   -0.691125768423080444E+01   -0.730822998285293579E+01   -0.515443277359008789E+01   -0.580266958475112915E+01   -0.659571886062622070E+01   -0.423568697693301365E+05   -0.875975511231544957E+01    1
    0.898466375935428441E+00    0.398054698996263426E+03   -0.433895467152604475E+01   -0.240780407191836598E+01   -0.346079504581712616E+01   -0.524819047767025104E+01   -0.332588663043899047E+01   -0.537698436374481226E+01   -0.562142753571203002E+01   -0.421081853761118837E+05   -0.876075511231546145E+01    1
    0.902929537895737599E+00    0.317855055288102733E+03   -0.930792637666720246E+01   -0.747156491825823110E+01   -0.435619156499342441E+01   -0.840578745785099102E+01   -0.777771957861810126E+01   -0.422527672191089287E+01   -0.494667691465172688E+01   -0.420728124732616052E+05   -0.876175511231549464E+01    1
    0.895120490618042774E+00    0.358243839654495901E+03   -0.323422941372925798E+01   -0.903909881808725579E+01   -0.219719235803155044E+01   -0.857011277544864569E+01   -0.156260625062475711E+01   -0.384853094972297605E+01   -0.967052961033525094E+01   -0.417920089150582280E+05   -0.876275511231550297E+01    1
    0.902719710970914080E+00    0.437363395555208854E+03   -0.556644702920388212E+01   -0.487628335153290404E+01   -0.447146767269566947E+01   -0.769201021640134108E+01   -0.448085705268464451E+01   -0.491373286923613950E+01   -0.784281650920609508E+01   -0.417597787753098892E+05   -0.876375511231546156E+01    1
    0.923499060943638650E+00    0.279515049486234943E+03   -0.875789795934345605E+01   -0.629066482158714102E+01   -0.480028554825422749E+01   -0.598422556078749857E+01   -0.902667150939011798E+01   -0.396755567663203035E+01   -0.123465405362117053E+01   -0.416926042196143171E+05   -0.876475511231546101E+01    1
    0.930465101745128753E+00    0.234459626674652100E+03   -0.520101684331893921E+01   -0.114739167690277100E+01   -0.719504773616790771E+01   -0.562913012504577637E+01   -0.706754195690155029E+01   -0.305888509750366211E+01   -0.340651977062225342E+01   -0.416843655873814205E+05   -0.876575511231543558E+01    1
    0.899054452766060996E+00    0.338077169656753540E+03   -0.155112797021865845E+01   -0.999612152576446533E+01   -0.539546036720275879E+01   -0.860115826129913330E+01   -0.859101253747940063E+01   -0.211459946632385254E+01   -0.900418537855148315E+01   -0.416756016780664140E+05   -0.876675511231543503E+01    1
    0.899340355649929202E+00    0.318891835870181978E+03   -0.500823904758561067E+01   -0.904700587995451500E+01   -0.467724517617211610E+01   -0.709151903263686556E+01   -0.126399052825478719E+01   -0.188476528025599066E+01   -0.726430744977539966E+01   -0.416603609689623481E+05   -0.876775511231543270E+01    1
    0.936003567416720972E+00    0.309040630228404609E+03   -0.554165611242255007E+01   -0.742522976359488318E+01   -0.839721055462356247E+01   -0.678709672265947006E+01   -0.686055760479258403E+01   -0.942724778670727126E+01   -0.746935553351446302E+01   -0.416228757583078768E+05   -0.876875511231543392E+01    1
    0.897012532853722733E+00    0.471028172969818115E+03   -0.225301164388656616E+01   -0.987356978654861450E+01   -0.687357801198959351E+01   -0.642464917898178101E+01   -0.716351783275604248E+01   -0.280996322631835938E+01   -0.462736850976943970E+01   -0.415715364514791509E+05   -0.876975511231545291E+01    1
    0.931453844820499643E+00    0.395152056217193604E+03   -0.813610237836837769E+01   -0.187198239564895630E+01   -0.753855502605438232E+01   -0.640950703620910645E+01   -0.418861061334609985E+01   -0.937254655361175537E+01   -0.747279584407806396E+01   -0.414423126119374574E+05   -0.877075511231543814E+01    1
    0.905815094900122020E+00    0.216336171982083641E+03   -0.499000713472808677E+01   -0.514319507410033516E+01   -0.553515256041220116E+01   -0.311235789169091515E+01   -0.924172350583632962E+01   -0.783183718265682138E+01   -0.698390038015885306E+01   -0.413900328170299836E+05   -0.877175511231544469E+01    1
    0.927467725411210808E+00    0.278162697592422660E+03   -0.236927495614454298E+01   -0.397884442614260170E+01   -0.345011231525447304E+01   -0.849212835641747965E+01   -0.160700683583451287E+01   -0.719602817306930742E+01   -0.640744739612257597E+01   -0.413186824610670519E+05   -0.877275511231545480E+01    1
    0.931523550407552858E+00    0.240403340712700469E+03   -0.165374011263729059E+01   -0.528318147723765552E+01   -0.767187426975721021E+01   -0.305285530758790191E+01   -0.753361403142168573E+01   -0.806730282397509413E+01   -0.656281544897671054E+01   -0.411138439787783427E+05   -0.877375511231546668E+01    1
    0.930626623878479164E+00    0.431609284877777100E+03   -0.296356797218322754E+01   -0.778762280941009521E+01   -0.623354500532150269E+01   -0.827186292409896851E+01   -0.690342456102371216E+01   -0.603051573038101196E+01   -0.809481191635131836E+01   -0.410718902308910838E+05   -0.877475511231548744E+01    1
    0.899555423073828408E+00    0.447732257843017578E+03   -0.190338087081909180E+01   -0.402031755447387695E+01   -0.760198122262954712E+01   -0.414754974842071533E+01   -0.628224694728851318E+01   -0.523413783311843872E+01   -0.800747597217559814E+01   -0.410456415173683781E+05   -0.877575511231545669E+01    1
    0.922580753366410877E+00    0.284567350149154663E+03   -0.843160456418991089E+01   -0.631402200460433960E+01   -0.991062021255493164E+01   -0.912439233064651489E+01   -0.386870515346527100E+01   -0.596126699447631836E+01   -0.109441751241683960E+01   -0.409833676143717094E+05   -0.877675511231540995E+01    1
    0.900610804107631280E+00    0.406795804644464909E+03   -0.994489750114481907E+01   -0.461965305231112300E+01   -0.969857237421212481E+01   -0.901881547638725145E+01   -0.463860106429136643E+01   -0.808836770735899968E+01   -0.376319657660949058E+01   -0.409553529702321539E+05   -0.877775511231539518E+01    1
    0.900351149388492256E+00    0.232367575168609619E+03   -0.952618724107742310E+01   -0.962562048435211182E+01   -0.151828056573867798E+01   -0.471640712022781372E+01   -0.642905980348587036E+01   -0.824840593338012695E+01   -0.826246768236160278E+01   -0.407452101312072409E+05   -0.877875511231538397E+01    1
    0.891947907121295347E+00    0.435145904453174126E+03   -0.928654734670945814E+01   -0.563801318290712050E+01   -0.154485213500522356E+01   -0.971614057746223381E+01   -0.884526566305495265E+01   -0.448300631508277814E+01   -0.766341466441871866E+01   -0.406995972073868106E+05   -0.877975511231544381E+01    1
    0.889934394407808971E+00    0.479285943508148193E+03   -0.920012933015823364E+01   -0.851783275604248047E+01   -0.660929834842681885E+01   -0.706019806861877441E+01   -0.924353873729705811E+01   -0.220999491214752197E+01   -0.213217705488204956E+01   -0.406431142931209979E+05   -0.878075511231547523E+01    1
    0.930779453485803931E+00    0.312667761299722144E+03   -0.222625136565209836E+01   -0.392011186288838864E+01   -0.875692925021940383E+01   -0.141206968239100839E+01   -0.624531768986982705E+01   -0.576051160250623351E+01   -0.720796943079668040E+01   -0.405893449780700685E+05   -0.878175511231546935E+01    1
    0.922048361976376407E+00    0.291467296282292068E+03   -0.563225183168009291E+01   -0.971600315199122733E+01   -0.860535488563972528E+01   -0.684829303863352745E+01   -0.820314404490326332E+01   -0.381390228781712626E+01   -0.108591728566884171E+01   -0.405890681929444836E+05   -0.878275511231543149E+01    1
    0.924578699486985900E+00    0.424473419977683648E+03   -0.824714885455588309E+01   -0.828556850924739408E+01   -0.400229769197115104E+01   -0.270878591943830482E+01   -0.210042980674176327E+01   -0.736230281184737834E+01   -0.465676348358312264E+01   -0.402349071258325639E+05   -0.878375511231536521E+01    1
    0.928712522428816967E+00    0.404437004978394725E+03   -0.207027072661470068E+01   -0.945145475603697349E+01   -0.909296873420103147E+01   -0.756606389984507999E+01   -0.682763447085197583E+01   -0.871786455692275908E+01   -0.682666539146716822E+01   -0.402095270791971925E+05   -0.878475511231537531E+01    1
    0.919159799939274991E+00    0.443332487344741821E+03   -0.792547923326492310E+01   -0.826199561357498169E+01   -0.943982386589050293E+01   -0.829039376974105835E+01   -0.479181581735610962E+01   -0.419056379795074463E+01   -0.221597945690155029E+01   -0.401423136160379727E+05   -0.878575511231538719E+01    1
    0.903431688644291686E+00    0.456426189851572758E+03   -0.509955822785373414E+01   -0.266311821751595001E+01   -0.948298190049099965E+01   -0.354451821751574947E+01   -0.937634506028245873E+01   -0.346895670161378256E+01   -0.881284343420537297E+01   -0.400727934391835515E+05   -0.878675511231541684E+01    1
    0.902899270767440032E+00    0.213563717160010583E+03   -0.175573798256911218E+01   -0.722466109831854109E+01   -0.381465597865824968E+01   -0.161298888187213940E+01   -0.805271817247441390E+01   -0.848556297627669665E+01   -0.519656030456186624E+01   -0.399533985495623201E+05   -0.878775511231548556E+01    1
    0.922244663708914891E+00    0.467652625526262966E+03   -0.500474930572500920E+01   -0.452888169627823611E+01   -0.338172354035415257E+01   -0.613354715417501950E+01   -0.279304206157139578E+01   -0.706811527726223421E+01   -0.412146038312695140E+01   -0.399084098384899989E+05   -0.878875511231552053E+01    1
    0.932540578455930746E+00    0.412947455126788100E+03   -0.407367394476552480E+01   -0.562823129204575157E+01   -0.778732413182745908E+01   -0.203594969085864097E+01   -0.804764364928635167E+01   -0.714750066897257419E+01   -0.569873114825322702E+01   -0.398788645332083761E+05   -0.878975511231545426E+01    1
    0.918482176565117991E+00    0.488337943613058883E+03   -0.678296230468658123E+01   -0.393107804679173345E+01   -0.574398652552211164E+01   -0.126035326171147233E+01   -0.143148363461747508E+01   -0.573894375512779664E+01   -0.323594810568978986E+01   -0.397330797603853789E+05   -0.879075511231539153E+01    1
    0.931306490455562463E+00    0.242868464591261329E+03   -0.421255697580975230E+01   -0.131297359733802566E+01   -0.479714027404609755E+01   -0.918367339127089011E+01   -0.974399240972820913E+01   -0.303251111276832397E+01   -0.820490858937630918E+01   -0.396797281454022377E+05   -0.879175511231544249E+01    1
    0.901706578492335153E+00    0.443405376379263089E+03   -0.336099317426019262E+01   -0.988737271447145893E+01   -0.540239267554157365E+01   -0.790181701946646520E+01   -0.324618478844814184E+01   -0.512181390670588588E+01   -0.973610926278533562E+01   -0.395434738106446021E+05   -0.879275511231543483E+01    1
    0.900811454638838938E+00    0.488864827156066895E+03   -0.993840199708938599E+01   -0.582455533742904663E+01   -0.429754585027694702E+01   -0.956526273488998413E+01   -0.560323017835617065E+01   -0.286067199707031250E+01   -0.809965437650680542E+01   -0.395002154819333882E+05   -0.879375511231537921E+01    1
    0.896767973461032097E+00    0.318999636173248291E+03   -0.155541843175888062E+01   -0.233909392356872559E+01   -0.225231802463531494E+01   -0.114451152086257935E+01   -0.919175332784652710E+01   -0.199320322275161743E+01   -0.536007022857666016E+01   -0.394787478589339225E+05   -0.879475511231536977E+01    1
    0.928786256449341985E+00    0.344974416494369507E+03   -0.852446210384368896E+01   -0.817909228801727295E+01   -0.615384906530380249E+01   -0.397496837377548218E+01   -0.626735264062881470E+01   -0.185849034786224365E+01   -0.525089734792709351E+01   -0.393765116716377815E+05   -0.879575511231549179E+01    1
    0.927806180415272852E+00    0.230926620960235596E+03   -0.158026963472366333E+01   -0.570869088172912598E+01   -0.321442639827728271E+01   -0.269823205471038818E+01   -0.236996668577194214E+01   -0.205022376775741577E+01   -0.402718669176101685E+01   -0.392992406292357045E+05   -0.879675511231546103E+01    1
    0.893163922143566213E+00    0.361376618045859004E+03   -0.765729385086303171E+01   -0.859037334331279823E+01   -0.130298855063478136E+01   -0.317649260963232205E+01   -0.273665537603585651E+01   -0.316848932522122873E+01   -0.541552581356610130E+01   -0.392482831481211106E+05   -0.879775511231543916E+01    1
    0.904978912383956446E+00    0.441267884282916668E+03   -0.985292055556897139E+01   -0.610322923325899325E+01   -0.670839019281403015E+01   -0.288098855895467665E+01   -0.771438669917030140E+01   -0.747268685618262474E+01   -0.490721402035915233E+01   -0.391976145271197602E+05   -0.879875511231539953E+01    1
    0.906248622321725095E+00    0.356147676706314087E+03   -0.666617834568023682E+01   -0.798139524459838867E+01   -0.857514888048171997E+01   -0.202070766687393188E+01   -0.625563514232635498E+01   -0.368057769536972046E+01   -0.901229691505432129E+01   -0.391902462613521566E+05   -0.879975511231539187E+01    1
    0.903414453545839491E+00    0.214323234995530129E+03   -0.387216674387115845E+01   -0.174382839897972275E+01   -0.761794289062556551E+01   -0.610285735546224117E+01   -0.185486536459738005E+01   -0.574365646417961173E+01   -0.938970892962897530E+01   -0.389898320576166516E+05   -0.880075511231545882E+01    1
    0.897718349558115136E+00    0.415048968791961670E+03   -0.116367912292480469E+01   -0.281515866518020630E+01   -0.670029067993164062E+01   -0.599739366769790649E+01   -0.391102933883666992E+01   -0.743645834922790527E+01   -0.870679223537445068E+01   -0.389752065166718021E+05   -0.880175511231553642E+01    1
    0.897190485903355706E+00    0.294790430504674760E+03   -0.529719906669757012E+01   -0.375722969230112369E+01   -0.833268679810598201E+01   -0.149844848342462100E+01   -0.835944492348963841E+01   -0.240768242539712851E+01   -0.172357881659232781E+01   -0.389369841312676945E+05   -0.880275511231545416E+01    1
    0.895826416907833822E+00    0.372752796482118697E+03   -0.358587668141040705E+01   -0.487305371694367206E+01   -0.643348596245279936E+01   -0.125151842152782322E+01   -0.600269419059380560E+01   -0.834582222540167962E+01   -0.217493897733073727E+01   -0.388189943062073216E+05   -0.880375511231539676E+01    1
    0.900245671557064697E+00    0.272220094149801980E+03   -0.762319529808834062E+01   -0.357118001408300234E+01   -0.818511366528360185E+01   -0.276450485625785269E+01   -0.317725180623986336E+01   -0.373240047448914591E+01   -0.268432837614535114E+01   -0.387672486365991645E+05   -0.880475511231544239E+01    1
    0.922687440446952500E+00    0.323212775680450022E+03   -0.651014056221537274E+01   -0.601183099096283868E+01   -0.164142302665632833E+01   -0.752035274077503324E+01   -0.266372838196301487E+01   -0.294063179920321804E+01   -0.959691090120718826E+01   -0.386618765661138750E+05   -0.880575511231546493E+01    1
    0.903245164213657525E+00    0.389067912101745605E+03   -0.921635293960571289E+01   -0.462794035673141479E+01   -0.524583119153976440E+01   -0.745896691083908081E+01   -0.275585663318634033E+01   -0.746493214368820190E+01   -0.586780542135238647E+01   -0.386468286081186961E+05   -0.880675511231541464E+01    1
    0.932178199363231874E+00    0.316301798820495605E+03   -0.840116041898727417E+01   -0.641174936294555664E+01   -0.561644327640533447E+01   -0.750721019506454468E+01   -0.332599449157714844E+01   -0.524925476312637329E+01   -0.718011534214019775E+01   -0.386402243495162329E+05   -0.880775511231541053E+01    1
    0.901368268269539086E+00    0.401393592357635498E+03   -0.564938241243362427E+01   -0.134529203176498413E+01   -0.732737505435943604E+01   -0.302495193481445312E+01   -0.639784371852874756E+01   -0.951485222578048706E+01   -0.408878040313720703E+01   -0.384814407026647968E+05   -0.880875511231545616E+01    1
    0.901313256493062265E+00    0.281072389028128157E+03   -0.640987378487089643E+01   -0.701888240319480161E+01   -0.909770824936864742E+01   -0.173494478831929122E+01   -0.244362129106918680E+01   -0.103517917856308550E+01   -0.796339697303206950E+01   -0.383732416246363355E+05   -0.880975511231544317E+01    1
    0.889758098908603356E+00    0.423433607816696167E+03   -0.332653898000717163E+01   -0.691966962814331055E+01   -0.170993191003799438E+01   -0.982770615816116333E+01   -0.672150909900665283E+01   -0.680370217561721802E+01   -0.222958683967590332E+01   -0.383378545120504787E+05   -0.881075511231542663E+01    1
    0.894428208153705717E+00    0.470142826471096214E+03   -0.493895834508937348E+01   -0.478576896518668615E+01   -0.817308162481514344E+01   -0.505678242095327235E+01   -0.348654122579443371E+01   -0.184232965557364992E+01   -0.320568546965499301E+01   -0.383026271683032028E+05   -0.881175511231544029E+01    1
    0.903184471508144959E+00    0.430139634736421158E+03   -0.834846522441219641E+01   -0.633775981168304803E+01   -0.642139810080335138E+01   -0.292639201450020181E+01   -0.421739284925530544E+01   -0.267358766029086947E+01   -0.689737365764538435E+01   -0.382883609208365451E+05   -0.881275511231549125E+01    1
    0.935038256865012185E+00    0.291243921542754322E+03   -0.519366250230870996E+01   -0.596733608052235365E+01   -0.714684450890424294E+01   -0.346038255995987321E+01   -0.861817599422815128E+01   -0.748706508699822670E+01   -0.866347998166356703E+01   -0.382753366472961716E+05   -0.881375511231547470E+01    1
    0.917273350551903399E+00    0.426946407556533813E+03   -0.162895655632019043E+01   -0.461690253019332886E+01   -0.172794187068939209E+01   -0.738017433881759644E+01   -0.973147493600845337E+01   -0.976117396354675293E+01   -0.507752364873886108E+01   -0.382180291767337185E+05   -0.881475511231543685E+01    1
    0.929627395180224525E+00    0.358639133226916101E+03   -0.879073982433654777E+01   -0.594912169468369267E+01   -0.464835290589238870E+01   -0.728126526012966391E+01   -0.328199694069683545E+01   -0.369171089773674943E+01   -0.751699908022398766E+01   -0.381094023415969932E+05   -0.881575511231540787E+01    1
    0.926673424380898614E+00    0.382045459747314453E+03   -0.497730827331542969E+01   -0.804802238941192627E+01   -0.291900253295898438E+01   -0.639705622196197510E+01   -0.512355786561965942E+01   -0.834144049882888794E+01   -0.961532455682754517E+01   -0.379939130421133232E+05   -0.881675511231538067E+01    1
    0.903327740117674693E+00    0.273873964402429294E+03   -0.844327638994565177E+01   -0.359157775279192926E+01   -0.457266751158089324E+01   -0.545898457694171135E+01   -0.233362088800328049E+01   -0.460906303887908475E+01   -0.697117834223268673E+01   -0.379802625649295296E+05   -0.881775511231542097E+01    1
    0.904480457357036638E+00    0.261714509067367544E+03   -0.248420502556398315E+01   -0.378894969925121039E+01   -0.739253949231491969E+01   -0.767376626195609024E+01   -0.502841947078329188E+01   -0.653341182184346003E+01   -0.706437172871417651E+01   -0.379255257310506931E+05   -0.881875511231546483E+01    1
    0.906473310941748212E+00    0.395161446415454009E+03   -0.894590524503063378E+01   -0.449807246503077884E+01   -0.937183435320229741E+01   -0.846057829839367415E+01   -0.633815187901386068E+01   -0.963557331126350647E+01   -0.537128633199369521E+01   -0.379186081962106764E+05   -0.881975511231542164E+01    1
    0.929042492272675213E+00    0.283855652809143066E+03   -0.597159832715988159E+01   -0.621275895833969116E+01   -0.982754898071289062E+01   -0.115728795528411865E+01   -0.777888524532318115E+01   -0.178398180007934570E+01   -0.403767681121826172E+01   -0.378567890417755552E+05   -0.882075511231544951E+01    1
    0.930572892599702106E+00    0.234326696395874023E+03   -0.191175901889801025E+01   -0.603074961900711060E+01   -0.926590889692306519E+01   -0.223844832181930542E+01   -0.700498372316360474E+01   -0.278330636024475098E+01   -0.993214762210845947E+01   -0.378185770802966363E+05   -0.882175511231548093E+01    1
    0.928518071313586768E+00    0.453622431291899943E+03   -0.384680803285476092E+01   -0.622981444156511976E+01   -0.762984146371498628E+01   -0.230406134095697013E+01   -0.734449060377394325E+01   -0.323548111036147645E+01   -0.619757608544130179E+01   -0.377457784548223717E+05   -0.882275511231541998E+01    1
    0.916037870380282504E+00    0.392063635587692261E+03   -0.468274110555648804E+01   -0.969237047433853149E+01   -0.307390224933624268E+01   -0.687162697315216064E+01   -0.744405812025070190E+01   -0.847908824682235718E+01   -0.130208754539489746E+01   -0.374370860776053451E+05   -0.882375511231541765E+01    1
    0.897949084153947363E+00    0.448367357708816712E+03   -0.884467859770948017E+01   -0.894503911347519320E+01   -0.343079417613147264E+01   -0.122468298907578621E+01   -0.557131995035937777E+01   -0.871043217939018533E+01   -0.384679795625580745E+01   -0.374040813536477435E+05   -0.882475511231539933E+01    1
    0.898133415479242969E+00    0.285193377733230591E+03   -0.373770338296890259E+01   -0.725235581398010254E+01   -0.469935578107833862E+01   -0.605331504344940186E+01   -0.571418565511703491E+01   -0.337167465686798096E+01   -0.187438136339187622E+01   -0.373624757208783776E+05   -0.882575511231543786E+01    1
    0.901554071667342583E+00    0.224597866630049992E+03   -0.801885990558808004E+01   -0.484338077164889746E+01   -0.319734157219679282E+01   -0.211134111025426829E+01   -0.212860580604158578E+01   -0.802664961334592419E+01   -0.349663397950966015E+01   -0.372843972717451543E+05   -0.882675511231548171E+01    1
    0.888913642201640708E+00    0.418100799358440213E+03   -0.116051446029235095E+01   -0.601526743988376911E+01   -0.199006344480943298E+01   -0.367571093365028823E+01   -0.418559589964814283E+01   -0.934096004430544014E+01   -0.205769074155562937E+01   -0.372318857877597547E+05   -0.882775511231543497E+01    1
    0.907671039786115630E+00    0.493115552616628520E+03   -0.497497211500269554E+01   -0.702750503735282273E+01   -0.975712288442483278E+01   -0.274314478024105757E+01   -0.641797216947343863E+01   -0.848950174353299225E+01   -0.670109384558547383E+01   -0.371565075550183901E+05   -0.882875511231544330E+01    1
    0.924930767282856614E+00    0.348357279196625996E+03   -0.952885460688958297E+01   -0.668167713355956039E+01   -0.999945598074900488E+01   -0.116450445847919859E+01   -0.443103899431665305E+01   -0.941666770054389879E+01   -0.261354242098266099E+01   -0.371113420875248485E+05   -0.882975511231542676E+01    1
    0.902219111114710426E+00    0.255492266249896886E+03   -0.915946677938246268E+01   -0.755872431922305310E+01   -0.338640790974224970E+01   -0.416483528714610696E+01   -0.382373297445097915E+01   -0.190514038668582408E+01   -0.809668798750621121E+01   -0.370188089534844330E+05   -0.883075511231545107E+01    1
    0.924406511578202417E+00    0.472890752553939819E+03   -0.671722775697708130E+01   -0.243835872411727905E+01   -0.601583385467529297E+01   -0.679734104871749878E+01   -0.665820574760437012E+01   -0.420630890130996704E+01   -0.376871615648269653E+01   -0.369595847491102249E+05   -0.883175511231553578E+01    1
    0.919967498151898599E+00    0.372295343875885010E+03   -0.145754784345626831E+01   -0.846513700485229492E+01   -0.244781941175460815E+01   -0.381764715909957886E+01   -0.691871368885040283E+01   -0.763699477910995483E+01   -0.255105710029602051E+01   -0.368807005078811853E+05   -0.883275511231547128E+01    1
    0.921732668477502792E+00    0.363071185168524721E+03   -0.239521943961607509E+01   -0.700118891746780925E+01   -0.423374133309511791E+01   -0.178114710647034791E+01   -0.781788989661751188E+01   -0.632531119631860328E+01   -0.218758598048654651E+01   -0.368491864158664976E+05   -0.883375511231547073E+01    1
    0.920034084504833705E+00    0.378707549070118830E+03   -0.534206280250245324E+01   -0.915543901895455647E+01   -0.210645627650385947E+01   -0.764283133975807338E+01   -0.143352196238419793E+01   -0.282822586797824904E+01   -0.792232265869930430E+01   -0.368461928311574084E+05   -0.883475511231551991E+01    1
    0.897216398989057473E+00    0.340962561188688767E+03   -0.254242296548909774E+01   -0.898906969346952422E+01   -0.266401378131766720E+01   -0.573350588595717348E+01   -0.141631144941882070E+01   -0.319968721453324711E+01   -0.923752498331397831E+01   -0.367697663273727885E+05   -0.883575511231545008E+01    1
    0.905537990594387221E+00    0.492462992668151855E+03   -0.982561779022216797E+01   -0.653885173797607422E+01   -0.811752915382385254E+01   -0.221343350410461426E+01   -0.831775122880935669E+01   -0.868916314840316772E+01   -0.495807147026062012E+01   -0.367688832524726458E+05   -0.883675511231543709E+01    1
    0.905536578917205515E+00    0.306217998266220093E+03   -0.875228357315063477E+01   -0.529819273948669434E+01   -0.522920954227447510E+01   -0.792239683866500854E+01   -0.518123340606689453E+01   -0.362908732891082764E+01   -0.708621656894683838E+01   -0.367187101212884227E+05   -0.883775511231550404E+01    1
    0.896194032388975437E+00    0.335645035160269231E+03   -0.235037379142047342E+01   -0.785162871856994293E+01   -0.252194266357228969E+01   -0.294854454883107042E+01   -0.214621912827191785E+01   -0.792209615951537049E+01   -0.321045341437220699E+01   -0.366922553577445797E+05   -0.883875511231553013E+01    1
    0.927449407444052243E+00    0.496904599055169683E+03   -0.328243556410766590E+01   -0.525922885274140040E+01   -0.744278595720422409E+01   -0.679475839125781178E+01   -0.719064743069325107E+01   -0.460385463995218025E+01   -0.517724358503564996E+01   -0.366549267999342192E+05   -0.883975511231543898E+01    1
    0.900426399323256632E+00    0.260369666034985698E+03   -0.589704452834183090E+01   -0.981953453870451831E+01   -0.190329461781661635E+01   -0.756564094458041936E+01   -0.613879403597442685E+01   -0.421575291075081005E+01   -0.493879132187693148E+01   -0.365533555232310391E+05   -0.884075511231538691E+01    1
    0.921729099070896063E+00    0.389211026348110067E+03   -0.622909118715048216E+01   -0.431953511590175854E+01   -0.830639060842831256E+01   -0.325444510278549970E+01   -0.112944778832461878E+01   -0.257601511166676822E+01   -0.370480600779168334E+01   -0.365149542345775844E+05   -0.884175511231547873E+01    1
    0.926250917060673418E+00    0.207087379693984985E+03   -0.801148158311843872E+01   -0.398785746097564697E+01   -0.507344293594360352E+01   -0.963702094554901123E+01   -0.806094849109649658E+01   -0.478554266691207886E+01   -0.115451079607009888E+01   -0.364590727781739042E+05   -0.884275511231547640E+01    1
    0.896460114521067553E+00    0.385125758588880217E+03   -0.936022451538028655E+01   -0.838380641561505158E+01   -0.254637265748669339E+01   -0.308399881019632804E+01   -0.541069858084902311E+01   -0.757341193162475701E+01   -0.327764160559029527E+01   -0.364575620187532550E+05   -0.884375511231546696E+01    1
    0.934175547483623192E+00    0.217310208082199097E+03   -0.805426925420761108E+01   -0.525691246986389160E+01   -0.530497711896896362E+01   -0.426039725542068481E+01   -0.923859918117523193E+01   -0.720350474119186401E+01   -0.738414829969406128E+01   -0.363731466933216652E+05   -0.884475511231548239E+01    1
    0.928091830719935729E+00    0.248338570145446170E+03   -0.534616558903048400E+01   -0.198557954124511760E+01   -0.942758416228326546E+01   -0.319255165872706126E+01   -0.383502919284154054E+01   -0.414221554066652153E+01   -0.281037314192380983E+01   -0.363221814964217556E+05   -0.884575511231540190E+01    1
    0.924647814982552663E+00    0.282742789066153307E+03   -0.372968018704394400E+01   -0.516916693136539251E+01   -0.167402822305074750E+01   -0.583539683516776808E+01   -0.587219487738635060E+01   -0.836888032518435665E+01   -0.382096631543695686E+01   -0.363079620451525989E+05   -0.884675511231542977E+01    1
    0.923918191648900655E+00    0.374097090959548950E+03   -0.503766977787017822E+01   -0.437305378913879395E+01   -0.264257246255874634E+01   -0.324385827779769897E+01   -0.270098400115966797E+01   -0.993131452798843384E+01   -0.774942708015441895E+01   -0.362934245874903718E+05   -0.884775511231551448E+01    1
    0.898377601576432538E+00    0.464410839745896965E+03   -0.312670343063092382E+01   -0.535779906354269642E+01   -0.798586658728607368E+01   -0.544210374712764278E+01   -0.270960888009344814E+01   -0.270814303474082330E+01   -0.502880749566824203E+01   -0.361760964234662970E+05   -0.884875511231545175E+01    1
    0.926731133514243632E+00    0.453368180391562021E+03   -0.939303001269582438E+01   -0.177028569753117360E+01   -0.530929995008946243E+01   -0.314601797266312389E+01   -0.434162603884248988E+01   -0.351374356968180912E+01   -0.814736813692520023E+01   -0.360437474740976759E+05   -0.884975511231545475E+01    1
    0.928791879601265857E+00    0.284895385083716349E+03   -0.902366740425921954E+01   -0.942254768954655830E+01   -0.283306821192036473E+01   -0.363675306872758064E+01   -0.507389092299847011E+01   -0.476084739770977805E+01   -0.672936267736972660E+01   -0.359732381970599454E+05   -0.885075511231547907E+01    1
    0.928728932103357163E+00    0.288289372497344289E+03   -0.721962866510069201E+01   -0.443871236020515525E+01   -0.960148644787760297E+01   -0.296706601524108482E+01   -0.929201469653819778E+01   -0.881621070852453670E+01   -0.319149960959606105E+01   -0.359667542444095889E+05   -0.885175511231541989E+01    1
    0.921126952711778579E+00    0.449902661157891089E+03   -0.923316921347339914E+01   -0.745261619149625965E+01   -0.357941169862612174E+01   -0.785730942161103485E+01   -0.319595249908092605E+01   -0.686852513617068627E+01   -0.320653508920555819E+01   -0.357891555879395746E+05   -0.885275511231539269E+01    1
    0.916661984899878712E+00    0.377511239051818848E+03   -0.295633673667907715E+01   -0.235536581277847290E+01   -0.127502673864364624E+01   -0.459754610061645508E+01   -0.364575028419494629E+01   -0.821578383445739746E+01   -0.288941723108291626E+01   -0.353039312867366752E+05   -0.885375511231544898E+01    1
    0.934413967722058425E+00    0.385498660802841187E+03   -0.909549367427825928E+01   -0.637923133373260498E+01   -0.729908847808837891E+01   -0.291241073608398438E+01   -0.455529648065567017E+01   -0.969433385133743286E+01   -0.728174209594726562E+01   -0.352917808530578986E+05   -0.885475511231547685E+01    1
    0.901933978531388569E+00    0.246150505357065668E+03   -0.555499581038933243E+01   -0.544896485111518292E+01   -0.546897077055398917E+01   -0.934316320692156665E+01   -0.109985373844557621E+01   -0.119437787752074343E+01   -0.601195739284799124E+01   -0.351773392914007782E+05   -0.885575511231539103E+01    1
    0.903189968476905025E+00    0.283844762957595435E+03   -0.380323230996449624E+01   -0.585227720168071741E+01   -0.522363334441208860E+01   -0.646985538665112880E+01   -0.472469655647945075E+01   -0.996359560942892131E+01   -0.387185284849778633E+01   -0.351064304619030372E+05   -0.885675511231542423E+01    1
    0.901988057344770944E+00    0.253828029096537620E+03   -0.466818448683441467E+01   -0.557326399298325459E+01   -0.950626019452611182E+01   -0.887558601232665723E+01   -0.609275558562785591E+01   -0.391412506040308728E+01   -0.269436752850630601E+01   -0.350919256505251251E+05   -0.885775511231544854E+01    1
    0.926656046525359267E+00    0.285771340131759644E+03   -0.306369698047637939E+01   -0.547212648391723633E+01   -0.945046955347061157E+01   -0.136286586523056030E+01   -0.204530566930770874E+01   -0.308715075254440308E+01   -0.390768086910247803E+01   -0.350379909251267018E+05   -0.885875511231546042E+01    1
    0.896429331028917642E+00    0.329559757405509572E+03   -0.657825974558201665E+01   -0.402498260258039053E+01   -0.746973962803052416E+01   -0.818207323620646854E+01   -0.412628383380195185E+01   -0.905219135207256187E+01   -0.169303496919577334E+01   -0.349876261916510193E+05   -0.885975511231547586E+01    1
    0.896729704971850117E+00    0.456204891204833984E+03   -0.400606322288513184E+01   -0.708899319171905518E+01   -0.722308057546615601E+01   -0.206278991699218750E+01   -0.428940159082412720E+01   -0.157384735345840454E+01   -0.372752064466476440E+01   -0.347381530548034061E+05   -0.886075511231544155E+01    1
    0.930129587254293622E+00    0.319824317232420356E+03   -0.750271229120386707E+01   -0.562900064683254353E+01   -0.377695997993539034E+01   -0.683624682249748705E+01   -0.416157931893246769E+01   -0.970922623056520351E+01   -0.948040987824909109E+01   -0.346346486030721499E+05   -0.886175511231542323E+01    1
    0.902387532024443328E+00    0.367819666862487793E+03   -0.335221683979034424E+01   -0.741773331165313721E+01   -0.359354966878890991E+01   -0.913872444629669189E+01   -0.647063726186752319E+01   -0.684955775737762451E+01   -0.842290937900543213E+01   -0.345886189059446042E+05   -0.886275511231540847E+01    1
    0.900681098720476303E+00    0.328577803325471564E+03   -0.933236171181945728E+01   -0.427405832451635526E+01   -0.964363597067772993E+01   -0.545688555379619533E+01   -0.214525025455429574E+01   -0.461125361499265818E+01   -0.355433958390272853E+01   -0.343034260029575526E+05   -0.886375511231540614E+01    1
    0.902140024448487066E+00    0.352425548383817386E+03   -0.317857245846274239E+01   -0.370833679764126778E+01   -0.901768419898908746E+01   -0.842326033234081351E+01   -0.395678213106284460E+01   -0.796048596562821142E+01   -0.420567974894543095E+01   -0.338787848303639767E+05   -0.886475511231544822E+01    1
    0.901447992550878263E+00    0.321997490327879973E+03   -0.144545192541198908E+01   -0.603102143020223735E+01   -0.919520237080797109E+01   -0.694352025717415522E+01   -0.325472935800024743E+01   -0.392219480527536213E+01   -0.708790107060388852E+01   -0.338347126906917183E+05   -0.886575511231548496E+01    1
    0.926472265342399015E+00    0.248318312212664296E+03   -0.906829355526774528E+01   -0.232221936213617042E+01   -0.217186443007270125E+01   -0.878441626391103902E+01   -0.804711856672323300E+01   -0.156109469800616374E+01   -0.689984013077020464E+01   -0.336444424286476860E+05   -0.886675511231548086E+01    1
    0.926892451282894547E+00    0.301153660931200875E+03   -0.461606391453103715E+01   -0.687724623798460399E+01   -0.980997687511784200E+01   -0.446687738035927495E+01   -0.127051279378824411E+01   -0.607875039799240469E+01   -0.816771555504581492E+01   -0.335528132357099457E+05   -0.886775511231542346E+01    1
    0.919728498650068227E+00    0.497712133126504000E+03   -0.212653108487648357E+01   -0.831707431722122159E+01   -0.689240772856188322E+01   -0.414270027023214382E+01   -0.242918775910876228E+01   -0.665301486089819338E+01   -0.413377421602895367E+01   -0.334300046013441242E+05   -0.886875511231541047E+01    1
    0.931439821207657448E+00    0.395742658877175302E+03   -0.556350229547263719E+01   -0.382418358135596126E+01   -0.846946240547510598E+01   -0.365888731495035380E+01   -0.902588940787961036E+01   -0.807684767574839313E+01   -0.517396012857612408E+01   -0.333466289399496745E+05   -0.886975511231545610E+01    1
    0.908797818805279545E+00    0.338193725255965433E+03   -0.714958847295459510E+01   -0.374122375067849422E+01   -0.837750405473246396E+01   -0.297897568402241664E+01   -0.846388687856097910E+01   -0.832734607492449719E+01   -0.696138288915589332E+01   -0.333056248407160965E+05   -0.887075511231549285E+01    1
    0.904006944616556285E+00    0.273991972208023071E+03   -0.711402463912963867E+01   -0.863600552082061768E+01   -0.302819687128067017E+01   -0.885128229856491089E+01   -0.745317924022674561E+01   -0.514108985662460327E+01   -0.993857473134994507E+01   -0.331641329936173352E+05   -0.887175511231546032E+01    1
    0.918693071010589724E+00    0.428284347057342529E+03   -0.818168061971664429E+01   -0.798928147554397583E+01   -0.212471085786819458E+01   -0.649635910987854004E+01   -0.289369910955429077E+01   -0.359064537286758423E+01   -0.575681185722351074E+01   -0.329361346015373929E+05   -0.887275511231541358E+01    1
    0.907653586287956338E+00    0.298101499664360858E+03   -0.468777992353035788E+01   -0.421661958377191048E+01   -0.833976569565193770E+01   -0.780973689414194361E+01   -0.654435063101414372E+01   -0.871241658434028565E+01   -0.670868389622853911E+01   -0.327694310737536362E+05   -0.887375511231541658E+01    1
    0.904549140188601553E+00    0.259966703936351109E+03   -0.543205679443687561E+01   -0.270631199217039597E+01   -0.408317608476485994E+01   -0.692866550492649047E+01   -0.531481105603580417E+01   -0.323596016723026292E+01   -0.992523006654372431E+01   -0.327082045860818580E+05   -0.887475511231544445E+01    1
    0.922061470418416684E+00    0.324772562448130429E+03   -0.291575262873654761E+01   -0.468716345639318899E+01   -0.203788678858894734E+01   -0.140299451505957684E+01   -0.354534301836527455E+01   -0.483204165705700284E+01   -0.304024068414510040E+01   -0.326799459055598236E+05   -0.887575511231548120E+01    1
    0.902705800181054063E+00    0.250156065607752538E+03   -0.175418349924703243E+01   -0.654875708162125036E+01   -0.716242366591089219E+01   -0.228268163445282468E+01   -0.420770863421219321E+01   -0.158155354052741970E+01   -0.599879831973531363E+01   -0.326788319170973300E+05   -0.887675511231542025E+01    1
    0.930929075291168417E+00    0.335178262716805136E+03   -0.503740962789950864E+01   -0.768921648863540952E+01   -0.709623423004621046E+01   -0.409445527555025990E+01   -0.499150675183970005E+01   -0.332897655212975252E+01   -0.736940045252315112E+01   -0.326279061682332576E+05   -0.887775511231545877E+01    1
    0.916149617092091417E+00    0.360403004198842268E+03   -0.391270535052510127E+01   -0.705175390212200703E+01   -0.641442529501469494E+01   -0.831618872154499833E+01   -0.385961967552319152E+01   -0.645148014960356342E+01   -0.107966193205513150E+01   -0.325054238803024746E+05   -0.887875511231550263E+01    1
    0.928998828769147522E+00    0.331490325927734375E+03   -0.707730519771575928E+01   -0.723533076047897339E+01   -0.530299657583236694E+01   -0.525381773710250854E+01   -0.981465399265289307E+01   -0.264954888820648193E+01   -0.495449018478393555E+01   -0.324738801602128478E+05   -0.887975511231545944E+01    1
    0.927421317286773128E+00    0.350053269029105877E+03   -0.445312581894145865E+01   -0.707816211723278954E+01   -0.313280211451901813E+01   -0.520379805635094606E+01   -0.684648375387062469E+01   -0.878497535937234630E+01   -0.870588742358321177E+01   -0.324012292170450055E+05   -0.888075511231544290E+01    1
    0.899800124031019721E+00    0.394976290820080976E+03   -0.567280950872592182E+01   -0.411498794080223984E+01   -0.436072851761796709E+01   -0.212975750148396159E+01   -0.306851580470538643E+01   -0.229572813349452698E+01   -0.426861921146046708E+01   -0.323931502925848654E+05   -0.888175511231547077E+01    1
    0.931717115648633465E+00    0.219865510173999184E+03   -0.397103044813860340E+01   -0.420796019138937094E+01   -0.692475841400862002E+01   -0.930057715804998075E+01   -0.608445367553635563E+01   -0.354139993782347240E+01   -0.602681536982936095E+01   -0.323827527360687782E+05   -0.888275511231545956E+01    1
    0.923682925204784011E+00    0.464638273541151420E+03   -0.685532967430180573E+01   -0.790409900065173687E+01   -0.535469752719990577E+01   -0.356481080813210927E+01   -0.196833674874516795E+01   -0.606363930911642068E+01   -0.585266106246567031E+01   -0.323799532284977868E+05   -0.888375511231542880E+01    1
    0.929259217321559694E+00    0.358674799252413550E+03   -0.463625476015725368E+01   -0.515118481396998718E+01   -0.895585759892792765E+01   -0.156979267302153325E+01   -0.435095635007323978E+01   -0.326872843042395722E+01   -0.562634145328568192E+01   -0.322413986685343807E+05   -0.888475511231549753E+01    1
    0.905239810588561289E+00    0.340088617483473627E+03   -0.884126668435073881E+01   -0.916889189960852669E+01   -0.900653784239983146E+01   -0.141393565220300488E+01   -0.232182953897759425E+01   -0.441271879825437985E+01   -0.727219796519712247E+01   -0.321924491351807264E+05   -0.888575511231548276E+01    1
    0.900258179845049189E+00    0.356756022975357155E+03   -0.298171171321439132E+01   -0.587361905257373085E+01   -0.386009841508997731E+01   -0.461718828019177874E+01   -0.158408992253856695E+01   -0.759411684538767595E+01   -0.602803780127917754E+01   -0.320968506621654124E+05   -0.888675511231540227E+01    1
    0.889655812500715459E+00    0.468752908706665039E+03   -0.475537103414535522E+01   -0.256080102920532227E+01   -0.186432415246963501E+01   -0.639769512414932251E+01   -0.205029994249343872E+01   -0.120020920038223267E+01   -0.343983280658721924E+01   -0.319223070889821793E+05   -0.888775511231536619E+01    1
    0.928851084167361396E+00    0.283969861268997192E+03   -0.512616658210754395E+01   -0.480118638277053833E+01   -0.672402340173721313E+01   -0.595247632265090942E+01   -0.998765593767166138E+01   -0.161240839958190918E+01   -0.799457079172134399E+01   -0.317571151779037500E+05   -0.888875511231538340E+01    1
    0.902697150081264277E+00    0.207445391989271997E+03   -0.494523683211791898E+01   -0.548870994696518899E+01   -0.748598546651374619E+01   -0.660783414920854639E+01   -0.913537001578842300E+01   -0.328107128197596687E+01   -0.204789600137590444E+01   -0.316934756194928086E+05   -0.888975511231545923E+01    1
    0.911336744614005267E+00    0.486889648437500000E+03   -0.361586564779281616E+01   -0.517572683095932007E+01   -0.139615100622177124E+01   -0.849474859237670898E+01   -0.861102932691574097E+01   -0.683602225780487061E+01   -0.794469189643859863E+01   -0.316427533989996700E+05   -0.889075511231549065E+01    1
    0.899772186652243344E+00    0.360322678089141846E+03   -0.281321406364440918E+01   -0.204405361413955688E+01   -0.936303222179412842E+01   -0.160913985967636108E+01   -0.128097963333129883E+01   -0.339592450857162476E+01   -0.516826546192169189E+01   -0.316006320058798919E+05   -0.889175511231546345E+01    1
    0.916176007730187036E+00    0.458229083051291013E+03   -0.404151216901116950E+01   -0.644847389432824691E+01   -0.872299787376715940E+01   -0.193975118365920451E+01   -0.216301541710847811E+01   -0.189335656365543947E+01   -0.270130052721084812E+01   -0.313722174936870979E+05   -0.889275511231546467E+01    1
    0.891547777278006270E+00    0.440538626909255981E+03   -0.111252671480178833E+01   -0.525580793619155884E+01   -0.717358309030532837E+01   -0.157989519834518433E+01   -0.255901414155960083E+01   -0.619663298130035400E+01   -0.228947091102600098E+01   -0.313258976586346726E+05   -0.889375511231546589E+01    1
    0.894205352590084268E+00    0.488542979955673218E+03   -0.583469784259796143E+01   -0.147370547056198120E+01   -0.224299520254135132E+01   -0.779942667484283447E+01   -0.558500939607620239E+01   -0.684169942140579224E+01   -0.943684071302413940E+01   -0.312729317729408176E+05   -0.889475511231542804E+01    1
    0.896053542886840360E+00    0.426001509320971309E+03   -0.221051194661787687E+01   -0.331646482036982881E+01   -0.802786797032442045E+01   -0.303983234425557747E+01   -0.242894477056378211E+01   -0.742577839434064479E+01   -0.314752259660505818E+01   -0.311693323748602234E+05   -0.889575511231540439E+01    1
    0.930650086172104096E+00    0.382754850387573242E+03   -0.569143408536911011E+01   -0.433461505174636841E+01   -0.471404892206192017E+01   -0.227431267499923706E+01   -0.551749283075332642E+01   -0.978018921613693237E+01   -0.638415747880935669E+01   -0.309508712297092679E+05   -0.889675511231543581E+01    1
    0.908481249972403204E+00    0.223794519901275635E+03   -0.467267370223999023E+01   -0.911384856700897217E+01   -0.859330475330352783E+01   -0.564921236038208008E+01   -0.607008206844329834E+01   -0.949880403280258179E+01   -0.966900843381881714E+01   -0.309410758022571645E+05   -0.889775511231544769E+01    1
    0.894674853065826392E+00    0.355702147790194431E+03   -0.365359631759071313E+01   -0.498418174001744241E+01   -0.745888327310535182E+01   -0.923865145162535484E+01   -0.323625111567957280E+01   -0.702866879507575781E+01   -0.149526324238812336E+01   -0.308941570766131226E+05   -0.889875511231545424E+01    1
    0.899115389615781191E+00    0.449552056138632906E+03   -0.807452150140437830E+01   -0.898668274291467739E+01   -0.390599533496871842E+01   -0.122640492815433788E+01   -0.504185516677657564E+01   -0.867517189031631908E+01   -0.351958075386265357E+01   -0.308123772156307059E+05   -0.889975511231545191E+01    1
    0.918236420800388031E+00    0.471519607305526733E+03   -0.560358583927154541E+01   -0.352090686559677124E+01   -0.672675818204879761E+01   -0.554337668418884277E+01   -0.630312848091125488E+01   -0.579604452848434448E+01   -0.257595229148864746E+01   -0.307938268799993348E+05   -0.890075511231542116E+01    1
    0.898663484845332761E+00    0.446635434646903946E+03   -0.246458855571252489E+01   -0.425466810842282595E+01   -0.309005883865499520E+01   -0.237446730639648074E+01   -0.758870675245697424E+01   -0.716214410860624717E+01   -0.869255319288554773E+01   -0.307857802446192327E+05   -0.890175511231542949E+01    1
    0.907716400624100639E+00    0.338973991315754859E+03   -0.593819238726971221E+01   -0.946889502179469567E+01   -0.765220348177606269E+01   -0.245950364459933191E+01   -0.350554259809105950E+01   -0.870017892390421110E+01   -0.982562147877494496E+01   -0.307444956258108396E+05   -0.890275511231542183E+01    1
    0.928497475448191389E+00    0.254246836900711060E+03   -0.964692258834838867E+01   -0.677003669738769531E+01   -0.314789259433746338E+01   -0.937302130460739136E+01   -0.306933981180191040E+01   -0.558052259683609009E+01   -0.675758212804794312E+01   -0.305813413369487789E+05   -0.890375511231542660E+01    1
    0.904177396352002671E+00    0.251235103809474765E+03   -0.838332742171783174E+01   -0.567759924783446213E+01   -0.668388232687851236E+01   -0.899329047500015122E+01   -0.395990246596264228E+01   -0.675067750285400692E+01   -0.328826533797820986E+01   -0.305780295506398143E+05   -0.890475511231545447E+01    1
    0.895271310684694788E+00    0.358146928756716306E+03   -0.291619399720327976E+01   -0.418446463940325142E+01   -0.286795998537026353E+01   -0.574682688247757589E+01   -0.142543080280871415E+01   -0.730354046605629392E+01   -0.237739818548677295E+01   -0.305390600302618877E+05   -0.890575511231548766E+01    1
    0.918127944328114509E+00    0.407039959195441725E+03   -0.658287109751864907E+01   -0.829346009722886990E+01   -0.507476288691360367E+01   -0.806797955534281996E+01   -0.444874071778642488E+01   -0.278167365232484265E+01   -0.211125621415729281E+01   -0.304522343088499802E+05   -0.890675511231549422E+01    1
    0.924028778342817492E+00    0.404528894650472580E+03   -0.318087901742850576E+01   -0.146802566149069058E+01   -0.579816678014594888E+01   -0.488353287823026427E+01   -0.283562781055473501E+01   -0.493267808924718754E+01   -0.497586766776186629E+01   -0.303575021663419866E+05   -0.890775511231541373E+01    1
    0.892951004228540901E+00    0.484462448655541721E+03   -0.719672934094495886E+01   -0.535633726784692676E+01   -0.655044782969023398E+01   -0.152912376654494508E+01   -0.843433094707584985E+01   -0.103629717333577531E+01   -0.251128593164772074E+01   -0.303244857122914873E+05   -0.890875511231536699E+01    1
    0.908226468744229076E+00    0.372140071266673715E+03   -0.494940054700097765E+01   -0.358173835142563579E+01   -0.708138931764256796E+01   -0.490127343977925811E+01   -0.817279125277485896E+01   -0.880827922576627209E+01   -0.839999801558576387E+01   -0.302771359500004000E+05   -0.890975511231545170E+01    1
    0.904856500699103061E+00    0.281293320655822754E+03   -0.291168224811553955E+01   -0.335565060377120972E+01   -0.672202408313751221E+01   -0.371721130609512329E+01   -0.640190511941909790E+01   -0.619115805625915527E+01   -0.463457238674163818E+01   -0.302701284028811970E+05   -0.891075511231553286E+01    1
    0.929538565048950716E+00    0.214866481822390966E+03   -0.241770632981317402E+01   -0.699555823019294110E+01   -0.884211885165149702E+01   -0.781291129223597558E+01   -0.519257930780742694E+01   -0.544171172935029190E+01   -0.399502302440992008E+01   -0.302068842734342434E+05   -0.891175511231544348E+01    1
    0.923773325117647870E+00    0.355230754613876343E+03   -0.933841437101364136E+01   -0.992373460531234741E+01   -0.419258618354797363E+01   -0.728440338373184204E+01   -0.188029026985168457E+01   -0.579931843280792236E+01   -0.398816001415252686E+01   -0.301502802989046722E+05   -0.891275511231540740E+01    1
    0.905566059989512118E+00    0.373795253038406372E+03   -0.588315355777740479E+01   -0.436260497570037842E+01   -0.624247568845748901E+01   -0.335625839233398438E+01   -0.605991703271865845E+01   -0.896198564767837524E+01   -0.460537064075469971E+01   -0.300867581799636355E+05   -0.891375511231540507E+01    1
    0.921384307710349737E+00    0.413836163282394409E+03   -0.545369005203247070E+01   -0.475312495231628418E+01   -0.784010291099548340E+01   -0.242939692735671997E+01   -0.330444133281707764E+01   -0.863494819402694702E+01   -0.284385615587234497E+01   -0.300792161336911049E+05   -0.891475511231539386E+01    1
    0.921210561984658449E+00    0.292278325557708740E+03   -0.858063077926635742E+01   -0.353404217958450317E+01   -0.360322868824005127E+01   -0.568598383665084839E+01   -0.192161774635314941E+01   -0.941963648796081543E+01   -0.160165059566497803E+01   -0.299672119007282272E+05   -0.891575511231539508E+01    1
    0.898303636531220806E+00    0.470186891058486026E+03   -0.362713938215203946E+01   -0.237151173372137958E+01   -0.837487888978748884E+01   -0.520938680160901235E+01   -0.133184067559742303E+01   -0.249273810295237652E+01   -0.537702305066987485E+01   -0.299154807200778559E+05   -0.891675511231540519E+01    1
    0.927188102102666445E+00    0.269436413007711280E+03   -0.597258001478088119E+01   -0.406206391971007896E+01   -0.553994119511357042E+01   -0.858274529930282704E+01   -0.132134266260217892E+01   -0.436984038353705628E+01   -0.621548211699186126E+01   -0.298584822586348128E+05   -0.891775511231548457E+01    1
    0.931715756242751603E+00    0.402120468900605658E+03   -0.967456031339266431E+01   -0.954267853928305954E+01   -0.597996208650583227E+01   -0.167691647864934090E+01   -0.549773533821995031E+01   -0.431766440975752097E+01   -0.689942202248180259E+01   -0.297942699727748659E+05   -0.891875511231545381E+01    1
    0.924635584834242463E+00    0.365403779605643308E+03   -0.477138192899476454E+01   -0.471112445102342825E+01   -0.314958246532034813E+01   -0.372631585333555027E+01   -0.538207551949458818E+01   -0.676266691296106881E+01   -0.402861984108955351E+01   -0.297795481061643477E+05   -0.891975511231540885E+01    1
    0.899228890506325929E+00    0.474084588161385057E+03   -0.512961558445614774E+01   -0.713948815925385105E+01   -0.622140144551333485E+01   -0.311551102531081181E+01   -0.845751954005304185E+01   -0.381052461131459630E+01   -0.341401506481680528E+01   -0.296816323484473833E+05   -0.892075511231540830E+01    1
    0.892896396394858405E+00    0.352710110325600340E+03   -0.132907767558835488E+01   -0.914152571302399330E+01   -0.105533950404338306E+01   -0.568047859994513171E+01   -0.758238779335792579E+01   -0.425400789455799178E+01   -0.303495455898664090E+01   -0.296364610860346802E+05   -0.892175511231547169E+01    1
    0.884942372968580138E+00    0.436355284957952790E+03   -0.321879823405161680E+01   -0.762538579944447648E+01   -0.107066371354911638E+01   -0.989550854756383558E+01   -0.674475709423024661E+01   -0.588951739630687765E+01   -0.126501484517479135E+01   -0.295832608947808621E+05   -0.892275511231548002E+01    1
    0.932634937119305341E+00    0.356805354356765747E+03   -0.782622301578521729E+01   -0.900375890731811523E+01   -0.944960641860961914E+01   -0.514435571432113647E+01   -0.881914728879928589E+01   -0.408207273483276367E+01   -0.882443338632583618E+01   -0.294684038804795418E+05   -0.892375511231547947E+01    1
    0.927784204373185761E+00    0.349653659004433734E+03   -0.484625363000988330E+01   -0.723546886512515730E+01   -0.582732840927968354E+01   -0.785688983770723581E+01   -0.262817070196143465E+01   -0.556298155212475365E+01   -0.578121638127337256E+01   -0.294203620914452731E+05   -0.892475511231547358E+01    1
    0.897578594620904058E+00    0.346098848594814740E+03   -0.252659817927748254E+01   -0.611897997820932460E+01   -0.206254488045560436E+01   -0.118002410368204558E+01   -0.963851413864379403E+01   -0.574608219281208754E+01   -0.331754761784907259E+01   -0.292815443565535861E+05   -0.892575511231542684E+01    1
    0.926319541963364634E+00    0.219494277173637215E+03   -0.633863506937157162E+01   -0.220681120919708906E+01   -0.169038370402238591E+01   -0.913358590101596235E+01   -0.380024639089623850E+01   -0.702413815833830224E+01   -0.691370902537205190E+01   -0.292365352629433619E+05   -0.892675511231546714E+01    1
    0.929712707469558808E+00    0.248913688021475707E+03   -0.567943267885550007E+01   -0.701437441164826225E+01   -0.690930101807454022E+01   -0.520391655080615845E+01   -0.625022121699297717E+01   -0.746977711949282863E+01   -0.378356096822589905E+01   -0.292326891836966279E+05   -0.892775511231547192E+01    1
    0.924022984004468251E+00    0.318272102612717561E+03   -0.128637500183081777E+01   -0.694371285054786114E+01   -0.924983296042957548E+01   -0.298479827909255047E+01   -0.895490380064158309E+01   -0.134544653276502757E+01   -0.891061808545509848E+01   -0.288664703795415007E+05   -0.892875511231548025E+01    1
    0.904247542290685713E+00    0.286635407926390144E+03   -0.591275875789094663E+01   -0.947075080165907224E+01   -0.694350350323920740E+01   -0.665976463489474746E+01   -0.913821793154618334E+01   -0.672676821957413296E+01   -0.329978437667825286E+01   -0.288062448788544316E+05   -0.892975511231548680E+01    1
    0.898892646108627513E+00    0.481790769100189209E+03   -0.242764222621917725E+01   -0.268125581741333008E+01   -0.494344162940979004E+01   -0.726496648788452148E+01   -0.328323525190353394E+01   -0.343309563398361206E+01   -0.522962957620620728E+01   -0.287432516743642263E+05   -0.893075511231543828E+01    1
    0.897330197841239796E+00    0.387358232029252122E+03   -0.968045785476484788E+01   -0.743124151033576297E+01   -0.335933886069212218E+01   -0.323016776132564232E+01   -0.914140700906568071E+01   -0.205830698728124428E+01   -0.280223307788447062E+01   -0.285160569660903202E+05   -0.893175511231544306E+01    1
    0.928789605078935820E+00    0.233572655916213989E+03   -0.368749994039535522E+01   -0.511876261234283447E+01   -0.721221709251403809E+01   -0.854965931177139282E+01   -0.516102886199951172E+01   -0.143498724699020386E+01   -0.775579303503036499E+01   -0.282450301522856862E+05   -0.893275511231545494E+01    1
    0.903077778336265347E+00    0.234138154183636289E+03   -0.575977983053926490E+01   -0.388083967544888342E+01   -0.355132613170700662E+01   -0.509036767143705582E+01   -0.128657306909340896E+01   -0.291874111576155126E+01   -0.431123292143185655E+01   -0.281457052905285127E+05   -0.893375511231548103E+01    1
    0.928922088740868235E+00    0.221505502719085513E+03   -0.370077682183018553E+01   -0.204420290128282822E+01   -0.442455888441952983E+01   -0.344232317830440682E+01   -0.538739621798236090E+01   -0.268231374805128464E+01   -0.488230968488438233E+01   -0.280760393652933708E+05   -0.893475511231548047E+01    1
    0.926974425589017992E+00    0.255537578936171144E+03   -0.257077260306673683E+01   -0.921039755568052065E+01   -0.903672324434726981E+01   -0.819575253422806682E+01   -0.333337930275151084E+01   -0.812481891078233964E+01   -0.343345811791112343E+01   -0.279878072056000128E+05   -0.893575511231546216E+01    1
    0.917087502947937505E+00    0.351195959875289645E+03   -0.222556438499082976E+01   -0.408214611279719630E+01   -0.765908737963443187E+01   -0.806519393264618856E+01   -0.244873796024919521E+01   -0.542783735026555725E+01   -0.144152605818386981E+01   -0.279218275948350383E+05   -0.893675511231548647E+01    1
    0.926216883603036556E+00    0.423109436035156250E+03   -0.249151313304901123E+01   -0.779985475540161133E+01   -0.820857727527618408E+01   -0.965067285299301147E+01   -0.750715333223342896E+01   -0.579089844226837158E+01   -0.507113999128341675E+01   -0.278642903210525146E+05   -0.893775511231545927E+01    1
    0.903012813296979799E+00    0.388623881763638735E+03   -0.462082544440589338E+01   -0.583711155191426645E+01   -0.668831883619075107E+01   -0.198366585691377395E+01   -0.736565312781498882E+01   -0.678775096378915244E+01   -0.369456267482912093E+01   -0.278488692959811051E+05   -0.893875511231543385E+01    1
    0.921298204750777505E+00    0.431713415752509889E+03   -0.781543739954694416E+01   -0.360331319959872953E+01   -0.697525901706103468E+01   -0.826075959088662692E+01   -0.807541817233289017E+01   -0.520672094071765379E+01   -0.293689284848652399E+01   -0.278162186517202426E+05   -0.893975511231541198E+01    1
    0.890209419763863252E+00    0.465414613485336304E+03   -0.869393479824066162E+01   -0.529364424943923950E+01   -0.901282101869583130E+01   -0.721009331941604614E+01   -0.457205224037170410E+01   -0.882114821672439575E+01   -0.153371399641036987E+01   -0.277506359624503530E+05   -0.894075511231544517E+01    1
    0.902133116198079898E+00    0.232632575079824250E+03   -0.811355249084051877E+01   -0.940151600138527677E+01   -0.136051613513753189E+01   -0.317618502662053181E+01   -0.499977507036107482E+01   -0.636767129523122222E+01   -0.807575415339825575E+01   -0.277290711929324061E+05   -0.894175511231551923E+01    1
    0.899394333588205641E+00    0.333068812514682861E+03   -0.478703664852840216E+01   -0.864902740657011648E+01   -0.303039900441327781E+01   -0.554838546464251792E+01   -0.124692790251989649E+01   -0.125378019249186679E+01   -0.786667263312149068E+01   -0.276642157458067777E+05   -0.894275511231546005E+01    1
    0.905837069178700549E+00    0.358947116136550903E+03   -0.270182031393051147E+01   -0.700347256660461426E+01   -0.895334035158157349E+01   -0.567294937372207642E+01   -0.505274164676666260E+01   -0.641480922698974609E+01   -0.668266052007675171E+01   -0.276247641864056386E+05   -0.894375511231545595E+01    1
    0.902068390825628952E+00    0.432232936518754798E+03   -0.368813280358966544E+01   -0.534076484753096192E+01   -0.459928319445983025E+01   -0.252235153536331858E+01   -0.648998213047620531E+01   -0.249434850871253211E+01   -0.533598587812635827E+01   -0.275559405609877504E+05   -0.894475511231552467E+01    1
    0.899987848981880112E+00    0.362473011841255357E+03   -0.122904107180693423E+01   -0.503520738613690266E+01   -0.442552775134312437E+01   -0.565028153358803564E+01   -0.365596817148235687E+01   -0.257772871598266917E+01   -0.907945496498076920E+01   -0.275422711893653068E+05   -0.894575511231551879E+01    1
    0.900615406602323199E+00    0.337161982059478760E+03   -0.971903538703918457E+01   -0.794431102275848389E+01   -0.257393902540206909E+01   -0.703285402059555054E+01   -0.941269224882125854E+01   -0.776422536373138428E+01   -0.367551636695861816E+01   -0.274660433268261004E+05   -0.894675511231543474E+01    1
    0.904052052626967639E+00    0.223886787891387939E+03   -0.402076977491378784E+01   -0.125672549009323120E+01   -0.254104602336883545E+01   -0.540736508369445801E+01   -0.636891502141952515E+01   -0.505973684787750244E+01   -0.910585772991180420E+01   -0.273928677523738370E+05   -0.894775511231541998E+01    1
    0.927519909555779676E+00    0.266315426948633103E+03   -0.260924574175777924E+01   -0.780380850905937251E+01   -0.722286642762204956E+01   -0.849048547441300627E+01   -0.611986538756174170E+01   -0.176847536160879493E+01   -0.710867891417838749E+01   -0.273311287371831895E+05   -0.894875511231544785E+01    1
    0.899917230692874770E+00    0.408331725337885302E+03   -0.507521721249734536E+01   -0.936664489657705701E+01   -0.650521069184278211E+01   -0.254365669931109650E+01   -0.730840577768451105E+01   -0.564790972072218800E+01   -0.291221722970153696E+01   -0.273061086132415512E+05   -0.894975511231542598E+01    1
    0.924321792595497294E+00    0.308636578302176531E+03   -0.588103011225994887E+01   -0.744679394189806665E+01   -0.497791381844679659E+01   -0.621279335844661595E+01   -0.907514435479004433E+01   -0.762183865008072114E+01   -0.254194491680974988E+01   -0.272308017555463230E+05   -0.895075511231540411E+01    1
    0.899315639642154330E+00    0.365479195595202896E+03   -0.839809798957081988E+01   -0.396298066234867452E+01   -0.536239479429903287E+01   -0.900869587340068989E+01   -0.296874392834020284E+01   -0.270910317208335982E+01   -0.288219694679299465E+01   -0.271520427686846342E+05   -0.895175511231536802E+01    1
    0.920361060618281490E+00    0.486148160696029663E+03   -0.554858499765396118E+01   -0.578136587142944336E+01   -0.588549941778182983E+01   -0.918904000520706177E+01   -0.213368606567382812E+01   -0.298799806833267212E+01   -0.619230550527572632E+01   -0.271475101332267623E+05   -0.895275511231544208E+01    1
    0.894067253500610226E+00    0.454276141151184788E+03   -0.313061347978934634E+01   -0.913913640443565889E+01   -0.193698299933192608E+01   -0.760017029968397573E+01   -0.846455577746347565E+01   -0.341965835226550396E+01   -0.391240891240056499E+01   -0.270558627519453257E+05   -0.895375511231546461E+01    1
    0.898754163565927966E+00    0.359915157533447200E+03   -0.352854055619716522E+01   -0.788384436525483601E+01   -0.225550925086050924E+01   -0.437840508382211802E+01   -0.279540308524238057E+01   -0.311961120712544293E+01   -0.804896478818252703E+01   -0.270207079030768691E+05   -0.895475511231542143E+01    1
    0.917535750396878735E+00    0.376603229560292561E+03   -0.476329730889794778E+01   -0.268474504469986996E+01   -0.181647911386009575E+01   -0.824322219135440903E+01   -0.237044924417610670E+01   -0.762569798938649690E+01   -0.337570389791785264E+01   -0.269997779756104173E+05   -0.895575511231543153E+01    1
    0.928969484762400044E+00    0.255522921026123697E+03   -0.454920320112411769E+01   -0.702067195947098543E+01   -0.550214229064820692E+01   -0.453644017075373007E+01   -0.818011183977062473E+01   -0.201469825730258734E+01   -0.747060768341681047E+01   -0.269730798021986557E+05   -0.895675511231543986E+01    1
    0.904422443298030010E+00    0.298001813425794012E+03   -0.572720988885179416E+01   -0.527236948555522567E+01   -0.322586479999089093E+01   -0.579387144271937782E+01   -0.617067475769759000E+01   -0.372616099756571284E+01   -0.788305395108431473E+01   -0.268846302781769882E+05   -0.895775511231541444E+01    1
    0.922906040996074872E+00    0.359619170427322388E+03   -0.115120738744735718E+01   -0.300762486457824707E+01   -0.586209982633590698E+01   -0.555406099557876587E+01   -0.562798911333084106E+01   -0.357822942733764648E+01   -0.453281795978546143E+01   -0.268370934447360742E+05   -0.895875511231547073E+01    1
    0.923843044225723609E+00    0.274643902006613757E+03   -0.293719280310404862E+01   -0.443307281967251843E+01   -0.614110064772184394E+01   -0.744860211911784642E+01   -0.928410808238395369E+01   -0.399596588251648388E+01   -0.213243803194319348E+01   -0.267267434103305350E+05   -0.895975511231553234E+01    1
    0.908483078621479367E+00    0.266199135488955790E+03   -0.429958404461675414E+01   -0.506574455879842667E+01   -0.813709979124820748E+01   -0.619591699071749868E+01   -0.591585261691965503E+01   -0.507204596123692220E+01   -0.866729135068064238E+01   -0.267174506852581435E+05   -0.896075511231544475E+01    1
    0.895366800839351829E+00    0.467049340453991192E+03   -0.241251085059705872E+01   -0.598902352805429139E+01   -0.336152975335005522E+01   -0.754676963528041522E+01   -0.176692849154678910E+01   -0.643882167992160692E+01   -0.377809214086637990E+01   -0.266979697709529937E+05   -0.896175511231540511E+01    1
    0.919330317410946063E+00    0.495961183309555054E+03   -0.285974127054214478E+01   -0.917070227861404419E+01   -0.683155798912048340E+01   -0.291805732250213623E+01   -0.183548289537429810E+01   -0.827939671277999878E+01   -0.894818514585494995E+01   -0.266536273928906339E+05   -0.896275511231542410E+01    1
    0.921079122801482852E+00    0.363056474924087524E+03   -0.898798805475234985E+01   -0.198499780893325806E+01   -0.240628540515899658E+01   -0.197883999347686768E+01   -0.332638287544250488E+01   -0.859753835201263428E+01   -0.393946290016174316E+01   -0.264927707596908112E+05   -0.896375511231542710E+01    1
    0.918673023005962541E+00    0.428876775503158569E+03   -0.797729200124740601E+01   -0.289259886741638184E+01   -0.792671573162078857E+01   -0.435228490829467773E+01   -0.153137296438217163E+01   -0.176125437021255493E+01   -0.891830426454544067E+01   -0.264759780216524268E+05   -0.896475511231547273E+01    1
    0.921172154599878557E+00    0.472732435605206433E+03   -0.395039643035015420E+01   -0.362089541893828670E+01   -0.581630596469685379E+01   -0.604382772747406705E+01   -0.573153453934409018E+01   -0.762428375090572175E+01   -0.336071429497048513E+01   -0.262851127661500832E+05   -0.896575511231542954E+01    1
    0.908124343827622860E+00    0.376117206844609882E+03   -0.794128328223702162E+01   -0.315174965520188266E+01   -0.776443532012216764E+01   -0.539204846333433263E+01   -0.558652898729009451E+01   -0.399542013723360601E+01   -0.671062350359355531E+01   -0.262452331510681579E+05   -0.896675511231540412E+01    1
    0.928849135323445818E+00    0.209799616603580461E+03   -0.796324013849228685E+01   -0.553016562030366465E+01   -0.399902156509329920E+01   -0.747552808752989506E+01   -0.589777773799219940E+01   -0.238483970324327732E+01   -0.450875615128940144E+01   -0.261930912931536986E+05   -0.896775511231541422E+01    1
    0.901964851443103788E+00    0.394188114578010584E+03   -0.522274589351401453E+01   -0.115212779940368648E+01   -0.391522803671882524E+01   -0.364849560639634163E+01   -0.528526558348562681E+01   -0.907154714777055560E+01   -0.433399468940426758E+01   -0.261262438562834541E+05   -0.896875511231539413E+01    1
    0.895724493859223481E+00    0.375534936716988227E+03   -0.263538741669082732E+01   -0.613785500568061515E+01   -0.161323505736796058E+01   -0.994052327309977812E+01   -0.299075225612073137E+01   -0.901073641684952698E+01   -0.403413586375186206E+01   -0.261027285438140243E+05   -0.896975511231540246E+01    1
    0.900844889325708387E+00    0.321823438628104554E+03   -0.107368872806326365E+01   -0.323520892388085279E+01   -0.350693005187655427E+01   -0.216325629591995749E+01   -0.835397083932685547E+01   -0.473722677024553196E+01   -0.442120169535455609E+01   -0.260817155296167657E+05   -0.897075511231541434E+01    1
    0.920739476758110520E+00    0.412219331892487276E+03   -0.225302259361397184E+01   -0.570361845089514397E+01   -0.919326085013583416E+01   -0.918194250585431782E+01   -0.635539640944243445E+01   -0.313899952937855975E+01   -0.321841530503369899E+01   -0.260249768110227706E+05   -0.897175511231541734E+01    1
    0.901726677056001513E+00    0.405149066465003614E+03   -0.763606398454313684E+01   -0.962922373447709568E+01   -0.622617900002346580E+01   -0.640172054290905912E+01   -0.681967674155001635E+01   -0.494126654433079437E+01   -0.326505966608479170E+01   -0.260225701962469575E+05   -0.897275511231541856E+01    1
    0.897331254543006551E+00    0.306867396831512451E+03   -0.211379480361938477E+01   -0.378634309768676758E+01   -0.453495031595230103E+01   -0.703094214200973511E+01   -0.135852712392807007E+01   -0.793982797861099243E+01   -0.165764814615249634E+01   -0.259831420694153239E+05   -0.897375511231543754E+01    1
    0.927890333936939649E+00    0.319276846847864476E+03   -0.202580549213078775E+01   -0.599102497078922536E+01   -0.755952682906768381E+01   -0.996787281412942683E+01   -0.800271618569329313E+01   -0.779597895765495874E+01   -0.872943545244133112E+01   -0.258321767631823059E+05   -0.897475511231540679E+01    1
    0.928538148465514301E+00    0.225881460521176621E+03   -0.327077080551800670E+01   -0.838818401411998593E+01   -0.577203307399254495E+01   -0.367193032015974818E+01   -0.271825410269124568E+01   -0.318769843956959420E+01   -0.628037268941883475E+01   -0.258038820300546504E+05   -0.897575511231537426E+01    1
    0.921182612965107173E+00    0.311840909719467163E+03   -0.635180360078811646E+01   -0.404886108636856079E+01   -0.174636113643646240E+01   -0.833952003717422485E+01   -0.586737143993377686E+01   -0.144305640459060669E+01   -0.507328039407730103E+01   -0.257415496923648534E+05   -0.897675511231540746E+01    1
    0.921660250547453153E+00    0.312891051253237947E+03   -0.463004842996741228E+01   -0.180446388952636028E+01   -0.176617429227493261E+01   -0.149620261603851645E+01   -0.691378180945149179E+01   -0.293490974243509850E+01   -0.735982218084639594E+01   -0.256407870558285504E+05   -0.897775511231547441E+01    1
    0.911922289175700507E+00    0.466884961421759272E+03   -0.679613344526472396E+01   -0.682515153067752856E+01   -0.169888330908239205E+01   -0.842490442768410475E+01   -0.158758726581396203E+01   -0.409762385122099548E+01   -0.987062320537758708E+01   -0.256076146818077796E+05   -0.897875511231544365E+01    1
    0.904970835607588509E+00    0.206762957572937012E+03   -0.302449971437454224E+01   -0.127071696519851685E+01   -0.303509765863418579E+01   -0.579016405344009399E+01   -0.664255237579345703E+01   -0.337346100807189941E+01   -0.558193075656890869E+01   -0.255646999184112829E+05   -0.897975511231541113E+01    1
    0.926818791491921035E+00    0.204402001391855748E+03   -0.753117109066514256E+01   -0.449604279431602016E+01   -0.616073795984068440E+01   -0.935662794771980799E+01   -0.575185124264221237E+01   -0.596936857960058731E+01   -0.216620941705665970E+01   -0.254632791767505369E+05   -0.898075511231548873E+01    1
    0.919978087456664317E+00    0.385476273758483785E+03   -0.240607579306053321E+01   -0.809019703318818451E+01   -0.384667162228149184E+01   -0.994764926040883601E+01   -0.116648575062511028E+01   -0.401439648885059519E+01   -0.939483898813143981E+01   -0.252609745941578185E+05   -0.898175511231545975E+01    1
    0.921981742625534673E+00    0.336361843347549438E+03   -0.934533178806304932E+01   -0.316001403331756592E+01   -0.868827962875366211E+01   -0.704138129949569702E+01   -0.598009395599365234E+01   -0.319097208976745605E+01   -0.245123708248138428E+01   -0.251579564814200603E+05   -0.898275511231545032E+01    1
    0.899308836526195532E+00    0.372391387630663530E+03   -0.260858597510412693E+01   -0.441292077866724242E+01   -0.604326689475691037E+01   -0.332224009756448346E+01   -0.453725440788886392E+01   -0.543202015248777670E+01   -0.268454533902320591E+01   -0.251479120334331892E+05   -0.898375511231547641E+01    1
    0.909158506765424979E+00    0.401839207170426221E+03   -0.473455481500611164E+01   -0.353344087441259358E+01   -0.897083785241045817E+01   -0.212221099212289754E+01   -0.820464014796299601E+01   -0.930641984073811734E+01   -0.716648351308148879E+01   -0.248861579633471629E+05   -0.898475511231545632E+01    1
    0.919967804776637310E+00    0.328475216792939477E+03   -0.788283997107443035E+01   -0.834908216348863519E+01   -0.718952474792416929E+01   -0.614342497234056317E+01   -0.607715739686776146E+01   -0.701443410902701459E+01   -0.173598906912840611E+01   -0.247454519023451103E+05   -0.898575511231541846E+01    1
    0.917976781631291039E+00    0.475812625885009766E+03   -0.130923938751220703E+01   -0.463016659021377563E+01   -0.881027185916900635E+01   -0.863939476013183594E+01   -0.787566471099853516E+01   -0.309344643354415894E+01   -0.439628118276596069E+01   -0.246738370912335777E+05   -0.898675511231539303E+01    1
    0.924409531738930590E+00    0.336647757276881862E+03   -0.994195453259971806E+01   -0.740467137704786982E+01   -0.501294377982648509E+01   -0.716884150046891122E+01   -0.182517407951901767E+01   -0.391070449198525960E+01   -0.517216291330145772E+01   -0.246735933177542393E+05   -0.898775511231541735E+01    1
    0.921524742501627414E+00    0.423148618554495556E+03   -0.138516146323264877E+01   -0.172280912998030011E+01   -0.708028750944059215E+01   -0.396082214679909583E+01   -0.571149197185066271E+01   -0.988164909550492077E+01   -0.948404536078632354E+01   -0.246399122704088659E+05   -0.898875511231541502E+01    1
    0.906272871145078596E+00    0.344912326707391401E+03   -0.631040760454624383E+01   -0.522942229969161421E+01   -0.459556729854705193E+01   -0.495875337800018734E+01   -0.571546284672540139E+01   -0.338310730241712498E+01   -0.595807841408986505E+01   -0.246018411996788309E+05   -0.898975511231542335E+01    1
    0.901131491750876035E+00    0.312783758857432815E+03   -0.869768154335334032E+01   -0.994028197172878336E+01   -0.554208269392866981E+01   -0.145322027303701162E+01   -0.713801674670891195E+01   -0.847704421663927654E+01   -0.213012451800028302E+01   -0.245902025120440449E+05   -0.899075511231542102E+01    1
    0.925865141719842910E+00    0.435105351793245120E+03   -0.380674193664628646E+01   -0.692908470985766645E+01   -0.418148153712181081E+01   -0.663691548296135103E+01   -0.827579202037740025E+01   -0.430456682128168300E+01   -0.941094648628177310E+01   -0.245872550130519849E+05   -0.899175511231544355E+01    1
    0.906462661034882267E+00    0.236063820123672485E+03   -0.169823962450027466E+01   -0.477038550376892090E+01   -0.699258226156234741E+01   -0.523903715610504150E+01   -0.522021824121475220E+01   -0.729310500621795654E+01   -0.667182922363281250E+01   -0.245680947339168888E+05   -0.899275511231546432E+01    1
    0.932388767999403401E+00    0.418087132933896669E+03   -0.723427357700314921E+01   -0.585960734882916334E+01   -0.755591081958338773E+01   -0.957633865066475032E+01   -0.613927615781279279E+01   -0.724079907325195027E+01   -0.607411446793052967E+01   -0.245199016438512881E+05   -0.899375511231545666E+01    1
    0.930155735873559486E+00    0.331729828797549544E+03   -0.826077281620520587E+01   -0.846980498573089058E+01   -0.759007742634647364E+01   -0.934914418775259470E+01   -0.763961977912601053E+01   -0.459567511569501619E+01   -0.502525240120661199E+01   -0.244756238666259269E+05   -0.899475511231544367E+01    1
    0.904069096360473390E+00    0.322397211099915353E+03   -0.406379876538904661E+01   -0.297462804167824579E+01   -0.992896067030834217E+01   -0.538175363388802452E+01   -0.740100380314567108E+01   -0.139044666474888778E+01   -0.588295430538372610E+01   -0.244452979387705236E+05   -0.899575511231543956E+01    1
    0.930133534239756088E+00    0.409307029143018042E+03   -0.907792471002304069E+01   -0.401355995403306576E+01   -0.527425039494789871E+01   -0.498169480067710335E+01   -0.515941691488865484E+01   -0.915958431667374740E+01   -0.648603195391745757E+01   -0.241924299591243180E+05   -0.899675511231545677E+01    1
    0.917065302528747961E+00    0.473226768433476536E+03   -0.745511985225596518E+01   -0.450145206042983848E+01   -0.557568933178268544E+01   -0.224914298801535395E+01   -0.230068579197496970E+01   -0.150656600287995524E+01   -0.535341610302210036E+01   -0.241838945802468807E+05   -0.899775511231544201E+01    1
    0.915141780463802790E+00    0.394751630452425502E+03   -0.254251217679866404E+01   -0.860951807079121778E+01   -0.163751376384950653E+01   -0.453392392143149880E+01   -0.612342577953621081E+01   -0.758365342078834459E+01   -0.268817263450123001E+01   -0.241563784137891162E+05   -0.899875511231544323E+01    1
    0.905644740938931658E+00    0.333379379935723023E+03   -0.335519890087557116E+01   -0.139264517742754279E+01   -0.759019900111616508E+01   -0.733264278968646366E+01   -0.378553085926495925E+01   -0.593214211355113630E+01   -0.871379604619888681E+01   -0.241363989862141279E+05   -0.899975511231544445E+01    1
    0.921848194413583677E+00    0.238620850161046917E+03   -0.371094647206095996E+01   -0.653268770264616894E+01   -0.660102112628424376E+01   -0.881063817793079096E+01   -0.388988246091399326E+01   -0.625037627529239170E+01   -0.107270572535091269E+01   -0.240345736103284144E+05   -0.900075511231541903E+01    1
    0.904738093455164205E+00    0.384238011970134380E+03   -0.237999063221132268E+01   -0.906224647107157821E+01   -0.820872077007325807E+01   -0.832109600491258483E+01   -0.469000146367927773E+01   -0.549868096213621804E+01   -0.534739491320672755E+01   -0.239281750628550035E+05   -0.900175511231543979E+01    1
    0.926747707053065417E+00    0.264735525846481323E+03   -0.253274244070053101E+01   -0.389455252885818481E+01   -0.427807462215423584E+01   -0.991948544979095459E+01   -0.781070858240127563E+01   -0.437006580829620361E+01   -0.406092619895935059E+01   -0.238629785961509733E+05   -0.900275511231545700E+01    1
    0.904003911029818807E+00    0.369612317051559899E+03   -0.312699905855751048E+01   -0.498686289465812393E+01   -0.530626142525513700E+01   -0.736143046832857095E+01   -0.260193353297841412E+01   -0.506179355488399896E+01   -0.565190554437851400E+01   -0.238611833189678837E+05   -0.900375511231546000E+01    1
    0.907416771265688760E+00    0.213295783909995578E+03   -0.656765570507482810E+01   -0.456683373845301954E+01   -0.487727447801504876E+01   -0.229666364527002109E+01   -0.774550716734018518E+01   -0.572319690712191065E+01   -0.425312315746392144E+01   -0.236762969131855716E+05   -0.900475511231547898E+01    1
    0.927273935689596041E+00    0.237667415033299221E+03   -0.298766691114087379E+01   -0.169352078507501247E+01   -0.540901691792125217E+01   -0.288979573912329002E+01   -0.501458780909290525E+01   -0.182231480126326773E+01   -0.820490080655032372E+01   -0.235676643205971159E+05   -0.900575511231547665E+01    1
    0.905980702316347863E+00    0.205999421444810451E+03   -0.605223256655457043E+01   -0.263308240821864192E+01   -0.315470362145065941E+01   -0.810313330903284523E+01   -0.398880069371407320E+01   -0.326403280763997028E+01   -0.978832396776975600E+01   -0.235498702847130808E+05   -0.900675511231545123E+01    1
    0.923014059747609750E+00    0.385347489072523786E+03   -0.837783630492048204E+01   -0.473152196925401647E+01   -0.452110672559834814E+01   -0.603290738890978773E+01   -0.318606430634790616E+01   -0.193479952023241175E+01   -0.788104562857798019E+01   -0.235037865813925164E+05   -0.900775511231544179E+01    1
    0.903317099080882313E+00    0.297798087652536253E+03   -0.825189265292965857E+01   -0.747750972424100713E+01   -0.788770679434511468E+01   -0.848776095285306909E+01   -0.210529969967167485E+01   -0.689063036522811778E+01   -0.333127779698794413E+01   -0.234542900567866345E+05   -0.900875511231546433E+01    1
    0.903019175489008563E+00    0.270950937271118164E+03   -0.952789527177810669E+01   -0.661934751272201538E+01   -0.483318567276000977E+01   -0.734157037734985352E+01   -0.872432154417037964E+01   -0.649395048618316650E+01   -0.226815378665924072E+01   -0.233662507950938270E+05   -0.900975511231546378E+01    1
    0.902439369352518450E+00    0.327174017426690966E+03   -0.108254519117205739E+01   -0.708929243868587555E+01   -0.591751902800667740E+01   -0.469269431711603868E+01   -0.455877320423452925E+01   -0.280462392163665086E+01   -0.631992363282374470E+01   -0.232677038975239957E+05   -0.901075511231547566E+01    1
    0.926019525527700837E+00    0.355557310916035135E+03   -0.435357421631561081E+01   -0.540481342434933421E+01   -0.389472090320839737E+01   -0.655121038636715802E+01   -0.359497972453447190E+01   -0.576149800041694249E+01   -0.571444817076872802E+01   -0.232242790249236496E+05   -0.901175511231545556E+01    1
    0.897550939141294468E+00    0.494932189442584956E+03   -0.384987407467339438E+01   -0.651107820778645596E+01   -0.370457872961254964E+01   -0.153609272982470202E+01   -0.736686141967750263E+01   -0.464573239073854793E+01   -0.327437413095279783E+01   -0.232163329137322689E+05   -0.901275511231544790E+01    1
    0.926391392770947952E+00    0.413545087921725667E+03   -0.496256997800543953E+01   -0.532278191951432866E+01   -0.545400947717494500E+01   -0.631998753711268790E+01   -0.293040575157178562E+01   -0.660867874763415042E+01   -0.994438822247672682E+01   -0.231711493965118825E+05   -0.901375511231547932E+01    1
    0.922306331769164545E+00    0.247699007690559313E+03   -0.796428344884664696E+01   -0.509641322217527559E+01   -0.116022288901080373E+01   -0.634702392089670209E+01   -0.922787651869058045E+01   -0.782772897639655607E+01   -0.402959604832421192E+01   -0.231691930842248294E+05   -0.901475511231548765E+01    1
    0.894498541287022664E+00    0.432353987417603321E+03   -0.324312061369347582E+01   -0.582011108744241579E+01   -0.207866309925941195E+01   -0.446918421762337736E+01   -0.845605502328248804E+01   -0.815426980479869457E+01   -0.271005337332238216E+01   -0.230709576659472295E+05   -0.901575511231544624E+01    1
    0.911121979640012070E+00    0.430693492151419719E+03   -0.304104428902467472E+01   -0.836365968711108643E+01   -0.112613805566146929E+01   -0.508742604043280444E+01   -0.991669487602148969E+01   -0.677575853567440411E+01   -0.705013658556795342E+01   -0.229692430462523043E+05   -0.901675511231541194E+01    1
    0.909560981763839593E+00    0.375875482354012604E+03   -0.610832706322097252E+01   -0.758339835968569886E+01   -0.731359017043677895E+01   -0.806751205456684239E+01   -0.632518710898543546E+01   -0.424374629081712573E+01   -0.651076357051429611E+01   -0.228875430040366664E+05   -0.901775511231541671E+01    1
    0.932230569742697246E+00    0.201066257188272203E+03   -0.724054474647553903E+01   -0.496509721644857471E+01   -0.684749098393208300E+01   -0.223726360419404191E+01   -0.622088299562670688E+01   -0.801793950269677325E+01   -0.927529566571067576E+01   -0.228777763280415529E+05   -0.901875511231540550E+01    1
    0.925906575709995794E+00    0.353814385967460566E+03   -0.570918714023765883E+01   -0.663060920489288819E+01   -0.357561479710584251E+01   -0.861952919083335800E+01   -0.379859028377637120E+01   -0.635083787494289087E+01   -0.571780882488001296E+01   -0.228558325363544282E+05   -0.901975511231540494E+01    1
    0.903388870762109941E+00    0.202031862735748291E+03   -0.575456255674362183E+01   -0.950032538175582886E+01   -0.671919649839401245E+01   -0.398232513666152954E+01   -0.741113024950027466E+01   -0.142546272277832031E+01   -0.143879330158233643E+01   -0.228030779020880545E+05   -0.902075511231541149E+01    1
    0.904952718469104966E+00    0.216808370656228703E+03   -0.811970402511831502E+01   -0.590611763127133393E+01   -0.200868263075223563E+01   -0.718305483208723139E+01   -0.625942391700591205E+01   -0.436736035865848393E+01   -0.972662056174450562E+01   -0.227246905013825744E+05   -0.902175511231545180E+01    1
    0.927534321427138320E+00    0.222906017347043644E+03   -0.949983679521196933E+01   -0.229785585816527149E+01   -0.838650076519756560E+01   -0.566926067720222360E+01   -0.691124449740259461E+01   -0.520713512855283422E+01   -0.320385626696072912E+01   -0.226461242829113689E+05   -0.902275511231545302E+01    1
    0.923985634799838196E+00    0.351667368412017822E+03   -0.762018591165542603E+01   -0.560294961929321289E+01   -0.625117516517639160E+01   -0.608359074592590332E+01   -0.166975778341293335E+01   -0.469921630620956421E+01   -0.685837364196777344E+01   -0.225682270506967434E+05   -0.902375511231542937E+01    1
    0.922270108900249852E+00    0.279336457497115475E+03   -0.546815836340596562E+01   -0.229915005119419646E+01   -0.593522499866553055E+01   -0.864850391982529310E+01   -0.858546620728001031E+01   -0.682802192264371399E+01   -0.188254664205903310E+01   -0.224546901603668775E+05   -0.902475511231541461E+01    1
    0.895472940210163770E+00    0.400330650806427002E+03   -0.770211398601531982E+01   -0.358919268846511841E+01   -0.189007657766342163E+01   -0.410611659288406372E+01   -0.163060343265533447E+01   -0.115083885192871094E+01   -0.560749381780624390E+01   -0.224456114487114937E+05   -0.902575511231540517E+01    1
    0.907302195176159509E+00    0.270078103018251682E+03   -0.575140174628409628E+01   -0.751814597117090777E+01   -0.956979974912688647E+01   -0.257829070120208659E+01   -0.249800681715998518E+01   -0.340069022894085204E+01   -0.827363893890940361E+01   -0.223918344785856716E+05   -0.902675511231542238E+01    1
    0.904177903447131337E+00    0.216448687692864581E+03   -0.712450597957899667E+01   -0.280777494037438657E+01   -0.195562139861393902E+01   -0.627276698072307770E+01   -0.668171693907114594E+01   -0.296697308668136461E+01   -0.517316156570356700E+01   -0.223683821639368070E+05   -0.902775511231544492E+01    1
    0.898963321521248804E+00    0.372169340814413033E+03   -0.647487319914152160E+01   -0.416307261061174749E+01   -0.224434420295554471E+01   -0.205770005442967374E+01   -0.954302640336832653E+01   -0.191005243765504318E+01   -0.422226532289087597E+01   -0.223290163458836105E+05   -0.902875511231546746E+01    1
    0.890669833764841545E+00    0.484507930261430147E+03   -0.238370476503387785E+01   -0.724714893581185837E+01   -0.137385846298943726E+01   -0.966026136436681249E+01   -0.679038316846833823E+01   -0.849567405067703341E+01   -0.333364058643812644E+01   -0.222813291119315691E+05   -0.902975511231545092E+01    1
    0.921597721185944518E+00    0.252599723550807084E+03   -0.624003149430709314E+01   -0.948353065488854874E+01   -0.495121954168299983E+01   -0.262878796040819829E+01   -0.676406217513526542E+01   -0.628392148835989950E+01   -0.127384963787868166E+01   -0.221496190565988109E+05   -0.903075511231542549E+01    1
    0.903621578579585361E+00    0.287762790719330440E+03   -0.414354854179658272E+01   -0.533996975442788191E+01   -0.789583873113213919E+01   -0.589771241302451887E+01   -0.842490496935726085E+01   -0.714214897633929979E+01   -0.265073028739719430E+01   -0.221490803343910047E+05   -0.903175511231543915E+01    1
    0.908693866065144684E+00    0.392706739902496338E+03   -0.662056899070739746E+01   -0.658769530057907104E+01   -0.978170412778854370E+01   -0.808539950847625732E+01   -0.271563851833343506E+01   -0.783598786592483521E+01   -0.963449108600616455E+01   -0.221443102464186886E+05   -0.903275511231543504E+01    1
    0.910883706636923529E+00    0.420139914122888285E+03   -0.966502303642356964E+01   -0.760433902668122741E+01   -0.660219936730137924E+01   -0.131220943156194281E+01   -0.570243438232999544E+01   -0.612775082985988107E+01   -0.642789394470265130E+01   -0.221007236426333075E+05   -0.903375511231542916E+01    1
    0.911692557759409494E+00    0.483745903063301455E+03   -0.716084455698658218E+01   -0.884364826651684055E+01   -0.659131150836082647E+01   -0.636109268138510586E+01   -0.716867679246303169E+01   -0.384807811862554505E+01   -0.190965623046798072E+01   -0.220766317873578155E+05   -0.903475511231545170E+01    1
    0.925127785157518923E+00    0.453283914284635728E+03   -0.598176624525433542E+01   -0.257347944761179104E+01   -0.654151360938422499E+01   -0.361662821863210571E+01   -0.360545817006092140E+01   -0.414971611802627471E+01   -0.819566703705461030E+01   -0.220146947579679181E+05   -0.903575511231542627E+01    1
    0.903525460168982386E+00    0.435406226036402984E+03   -0.362372058271610165E+01   -0.910777642617577321E+01   -0.487899596209029518E+01   -0.504601608022358672E+01   -0.179229163453177165E+01   -0.551641615406456154E+01   -0.863535731855430910E+01   -0.220135800180009064E+05   -0.903675511231540263E+01    1
    0.904938684386193959E+00    0.497149044275283813E+03   -0.756528753042221069E+01   -0.169982856512069702E+01   -0.466074377298355103E+01   -0.812304699420928955E+01   -0.505183023214340210E+01   -0.808024108409881592E+01   -0.937648189067840576E+01   -0.219914299750168066E+05   -0.903775511231544115E+01    1
    0.915205626493871383E+00    0.351943743228912354E+03   -0.870777124166488647E+01   -0.157916992902755737E+01   -0.178949910402297974E+01   -0.759946852922439575E+01   -0.649868029356002808E+01   -0.675483125448226929E+01   -0.156857627630233765E+01   -0.219648962103323647E+05   -0.903875511231543527E+01    1
    0.918161308294128009E+00    0.345452994754807037E+03   -0.214175582885714988E+01   -0.216129478450327639E+01   -0.364926158624741070E+01   -0.363383466303596681E+01   -0.182876247292048788E+01   -0.637369425347495167E+01   -0.229529216680988313E+01   -0.219572208025832369E+05   -0.903975511231540096E+01    1
    0.898371991475939047E+00    0.405996044620029807E+03   -0.184127307618031288E+01   -0.198974090555032213E+01   -0.402043736565718923E+01   -0.652237649531371844E+01   -0.266664979109136269E+01   -0.262499622880321226E+01   -0.380473740924105908E+01   -0.219033797213614453E+05   -0.904075511231542350E+01    1
    0.910070645273745260E+00    0.357444578409194946E+03   -0.833704489469528198E+01   -0.464083051681518555E+01   -0.633909046649932861E+01   -0.946026068925857544E+01   -0.686943453550338745E+01   -0.838088613748550415E+01   -0.586524927616119385E+01   -0.218939251003569188E+05   -0.904175511231547091E+01    1
    0.920959785095917915E+00    0.488737096473798317E+03   -0.347243234445226268E+01   -0.781761770278665580E+01   -0.343289916031325504E+01   -0.257745903493835460E+01   -0.500619025890771940E+01   -0.468122902903390514E+01   -0.943375069683688139E+01   -0.217720873541982000E+05   -0.904275511231545970E+01    1
    0.891038030496597466E+00    0.406266343593597412E+03   -0.973269748687744141E+01   -0.884981030225753784E+01   -0.171175795793533325E+01   -0.363210803270339966E+01   -0.502622264623641968E+01   -0.819717091321945190E+01   -0.136463934183120728E+01   -0.217663655471226739E+05   -0.904375511231542717E+01    1
    0.916240291562466558E+00    0.434308534049624200E+03   -0.844159768124740317E+01   -0.750940550177666744E+01   -0.790169303816876756E+01   -0.412754319277593229E+01   -0.707402418129148813E+01   -0.274714294637779854E+01   -0.233064395498886068E+01   -0.217517187596899894E+05   -0.904475511231541418E+01    1
    0.905488023788094676E+00    0.298570126295089722E+03   -0.180429738759994507E+01   -0.685668545961380005E+01   -0.778135073184967041E+01   -0.617230641841888428E+01   -0.499759167432785034E+01   -0.337689369916915894E+01   -0.963945263624191284E+01   -0.216723934070566320E+05   -0.904575511231540119E+01    1
    0.921575007266033142E+00    0.310827983800612230E+03   -0.705331515120617425E+01   -0.435885735332225455E+01   -0.183306014689173047E+01   -0.305393236290855619E+01   -0.905064901994676418E+01   -0.356486923668979649E+01   -0.730275894953403171E+01   -0.216303106596735779E+05   -0.904675511231543084E+01    1
    0.922493470132291438E+00    0.386828821897506714E+03   -0.137090015411376953E+01   -0.529100817441940308E+01   -0.450626087188720703E+01   -0.138548976182937622E+01   -0.664591050148010254E+01   -0.850676918029785156E+01   -0.585173094272613525E+01   -0.215582032337999590E+05   -0.904775511231542495E+01    1
    0.911082497059349516E+00    0.285081191866544032E+03   -0.731459152794616863E+01   -0.794395429939525144E+01   -0.956122225273010962E+01   -0.879156498424767641E+01   -0.492622202109167873E+01   -0.803816446619212854E+01   -0.709596784550586346E+01   -0.215263326391703558E+05   -0.904875511231542262E+01    1
    0.900359783600092056E+00    0.311819773912429810E+03   -0.265419071912765503E+01   -0.465447974205017090E+01   -0.780743843317031860E+01   -0.970996683835983276E+01   -0.721129012107849121E+01   -0.421905422210693359E+01   -0.194670552015304565E+01   -0.215150997113786980E+05   -0.904975511231546115E+01    1
    0.907185472164875106E+00    0.487906251813613665E+03   -0.671235914404062761E+01   -0.793168916536897051E+01   -0.251341674238069412E+01   -0.670000873149883969E+01   -0.858446369396544640E+01   -0.758489422632150490E+01   -0.147047921548865013E+01   -0.214842283774796633E+05   -0.905075511231545526E+01    1
    0.922241512506756345E+00    0.440015084961928437E+03   -0.185364468897649459E+01   -0.407310778375545990E+01   -0.528124499515610513E+01   -0.440708342996513736E+01   -0.465263256780911050E+01   -0.708441550561976552E+01   -0.577512875059509323E+01   -0.214633491870963153E+05   -0.905175511231543339E+01    1
    0.902145582172922511E+00    0.299621556185103998E+03   -0.755182749241490647E+01   -0.273833994208899600E+01   -0.775472760278871043E+01   -0.820956358546079024E+01   -0.739014495523401926E+01   -0.439589369167712807E+01   -0.221735155262774608E+01   -0.214270291203088818E+05   -0.905275511231541863E+01    1
    0.927020390713723663E+00    0.294635935586150538E+03   -0.782484278762509078E+01   -0.754484856929609826E+01   -0.689227590563506887E+01   -0.764897975698992028E+01   -0.263967229130274639E+01   -0.309888714920022856E+01   -0.843776788285240009E+01   -0.214092790653386946E+05   -0.905375511231542696E+01    1
    0.923113599355994907E+00    0.460099134845887420E+03   -0.547690085154030371E+01   -0.918510672851850707E+01   -0.762492543759837904E+01   -0.916202884356158798E+01   -0.232698212068903043E+01   -0.615806244660155500E+01   -0.707287450009528751E+01   -0.213787505651271385E+05   -0.905475511231546903E+01    1
    0.900705138351468038E+00    0.400431561619160902E+03   -0.135491282623621778E+01   -0.954617551266490949E+01   -0.993408057769373087E+01   -0.989500249448257385E+01   -0.834809930068778350E+01   -0.658619938241336023E+01   -0.365267931435318438E+01   -0.213432708839880106E+05   -0.905575511231548269E+01    1
    0.899356800502240206E+00    0.312784767103700858E+03   -0.486606304650498522E+01   -0.637876579321905979E+01   -0.138192280309993265E+01   -0.554424555130480101E+01   -0.428823345337385575E+01   -0.224917755288156762E+01   -0.995003960777474994E+01   -0.212663140132917397E+05   -0.905675511231545904E+01    1
    0.907848929945365257E+00    0.234952630586727366E+03   -0.748225958506857669E+01   -0.632913120407457619E+01   -0.811310012042006967E+01   -0.241399422058572810E+01   -0.302823694356331607E+01   -0.276353260483059859E+01   -0.589007332052259525E+01   -0.212576013058109784E+05   -0.905775511231543895E+01    1
    0.920453903015256092E+00    0.448843032121658325E+03   -0.178203022480010986E+01   -0.118738931417465210E+01   -0.812044847011566162E+01   -0.556335914134979248E+01   -0.535800063610076904E+01   -0.720005756616592407E+01   -0.877004140615463257E+01   -0.212167584184084808E+05   -0.905875511231544728E+01    1
    0.930076214056772654E+00    0.427748823184962362E+03   -0.489411099421081186E+01   -0.915627786327902804E+01   -0.731679173246931569E+01   -0.273089351338053010E+01   -0.714299236651842762E+01   -0.477798956289467025E+01   -0.743328059924935847E+01   -0.211789272853643670E+05   -0.905975511231544139E+01    1
    0.906800796162570477E+00    0.445916523360036535E+03   -0.726861315939364427E+01   -0.863320619191732241E+01   -0.520378559895521153E+01   -0.563020921242496541E+01   -0.844494693544164754E+01   -0.786034192732864945E+01   -0.469063864092451155E+01   -0.211588848621159850E+05   -0.906075511231542308E+01    1
    0.929624838545232701E+00    0.210406373546554619E+03   -0.464931525111767829E+01   -0.447303211260145162E+01   -0.655166875170281671E+01   -0.946206776801012950E+01   -0.546412462610417915E+01   -0.790201696096647055E+01   -0.473595124436405701E+01   -0.211446274146083924E+05   -0.906175511231543673E+01    1
    0.905749328852370583E+00    0.355838795326771674E+03   -0.608716905538991515E+01   -0.901304019865531636E+01   -0.471875780818969126E+01   -0.770670318738606142E+01   -0.432354226212349246E+01   -0.230382978995953458E+01   -0.900574324872333065E+01   -0.211135868345617273E+05   -0.906275511231545394E+01    1
    0.916752633535706352E+00    0.382342386977107367E+03   -0.510347525851350525E+01   -0.722274420830900432E+01   -0.157099863630864256E+01   -0.694368240707716122E+01   -0.445517816911922715E+01   -0.739558666870390446E+01   -0.588541400682411453E+01   -0.211074613369747276E+05   -0.906375511231542852E+01    1
    0.931584546821226600E+00    0.214315894490679938E+03   -0.623574839413802628E+01   -0.690039174932495669E+01   -0.742419093896644711E+01   -0.576997869032679045E+01   -0.688356675549522734E+01   -0.893238968176735071E+01   -0.630335389571718530E+01   -0.209966009690198080E+05   -0.906475511231541553E+01    1
    0.924978722985641433E+00    0.435272026118942335E+03   -0.602559729848881886E+01   -0.231675424182979572E+01   -0.445713067621946024E+01   -0.715458312529540574E+01   -0.646362600357576067E+01   -0.438262608835234690E+01   -0.785172583015138148E+01   -0.209847480917379398E+05   -0.906575511231545406E+01    1
    0.917869413935248790E+00    0.389852553955845110E+03   -0.309604619755288457E+01   -0.536174871676156251E+01   -0.189809465941523747E+01   -0.879164760497984510E+01   -0.863525320694433240E+01   -0.670276298068877274E+01   -0.825977793690427298E+01   -0.209835433757835126E+05   -0.906675511231544107E+01    1
    0.923878333089394377E+00    0.433207183957927782E+03   -0.287994612625477053E+01   -0.672665960924521045E+01   -0.730478971213650663E+01   -0.535653420705813588E+01   -0.996004674503138787E+01   -0.308330003846017320E+01   -0.645320518990886782E+01   -0.209542940932721431E+05   -0.906775511231543341E+01    1
    0.921382906976402016E+00    0.365061444044113159E+03   -0.171615785360336304E+01   -0.441031235456466675E+01   -0.295375269651412964E+01   -0.875094515085220337E+01   -0.987284666299819946E+01   -0.836139076948165894E+01   -0.505524092912673950E+01   -0.209462126148386378E+05   -0.906875511231546483E+01    1
    0.907285534174669728E+00    0.234779355393771283E+03   -0.365941693020844472E+01   -0.277395762430734294E+01   -0.667439029658224747E+01   -0.582950040879435782E+01   -0.232863312501485531E+01   -0.895400532288892670E+01   -0.810757695872919726E+01   -0.208888365799401108E+05   -0.906975511231548737E+01    1
    0.906468007958299071E+00    0.389450473272132058E+03   -0.282345000171401850E+01   -0.364306615254322530E+01   -0.599721934838253468E+01   -0.546775579780011078E+01   -0.706221203894248806E+01   -0.993935262922127016E+01   -0.607877939807014123E+01   -0.208731669838973394E+05   -0.907075511231549214E+01    1
    0.900201666904492548E+00    0.454152590089695764E+03   -0.122019730613890154E+01   -0.827521615219843909E+01   -0.530874502677553473E+01   -0.237690167403131003E+01   -0.358884466894834908E+01   -0.471058295743913114E+01   -0.705347560358233316E+01   -0.208668446624708522E+05   -0.907175511231543830E+01    1
    0.910984709451501451E+00    0.247626993719839987E+03   -0.748283041963132156E+01   -0.843828669429720613E+01   -0.602337465946362549E+01   -0.902786131142822335E+01   -0.717177589115811998E+01   -0.629715259240756353E+01   -0.959717831585840209E+01   -0.208249172903442377E+05   -0.907275511231544662E+01    1
    0.905157438709029982E+00    0.397319968660101210E+03   -0.884120296601661160E+01   -0.197484368632700757E+01   -0.507402481390680116E+01   -0.477302575527789763E+01   -0.287820541092781390E+01   -0.347370958115283646E+01   -0.748890805155078798E+01   -0.207999123922464205E+05   -0.907375511231548870E+01    1
    0.915567352670457080E+00    0.481226200273279574E+03   -0.507912028107882740E+01   -0.742609225911979465E+01   -0.837803219155843237E+01   -0.358845771898988897E+01   -0.176917379513760764E+01   -0.656571396028927889E+01   -0.320580075529654085E+01   -0.207554498918572317E+05   -0.907475511231544552E+01    1
    0.928926957591968971E+00    0.225125919594337120E+03   -0.481837094946747335E+01   -0.742211670153932612E+01   -0.608334612673009723E+01   -0.203093379567435317E+01   -0.550036641030405438E+01   -0.880196490094557937E+01   -0.431512875854972755E+01   -0.207494982033447741E+05   -0.907575511231541121E+01    1
    0.899868739655236838E+00    0.303753002621473740E+03   -0.450032903980272803E+01   -0.111772831493294866E+01   -0.748327940075848641E+01   -0.662130486649411676E+01   -0.312673152418169753E+01   -0.647936138676178253E+01   -0.153169754388230928E+01   -0.206865405036146512E+05   -0.907675511231545329E+01    1
    0.919906934706984702E+00    0.462904752043100416E+03   -0.163539631340385760E+01   -0.186187791376622869E+01   -0.891525761548272477E+01   -0.312108680239584846E+01   -0.592507410031702975E+01   -0.776645828817620831E+01   -0.822769668819242384E+01   -0.205383317540002863E+05   -0.907775511231548471E+01    1
    0.911134466628578998E+00    0.414774770436048016E+03   -0.800596698900857007E+01   -0.597282992163003801E+01   -0.594877402654648346E+01   -0.394989093493379606E+01   -0.566203000025268910E+01   -0.774420832418718952E+01   -0.693223166573682636E+01   -0.205037046381560722E+05   -0.907875511231544507E+01    1
    0.903906199963881440E+00    0.379757928177510053E+03   -0.897535133590889878E+01   -0.299031267982085502E+01   -0.373221080431957741E+01   -0.417296892663141961E+01   -0.365033167572870632E+01   -0.424844786601483193E+01   -0.516153838093691419E+01   -0.204744230335422799E+05   -0.907975511231542676E+01    1
    0.925870632379378833E+00    0.436056577691635084E+03   -0.473424455891408336E+01   -0.301780302891375030E+01   -0.473047926379517936E+01   -0.633788850256643421E+01   -0.609442024470458321E+01   -0.456689360840660274E+01   -0.745789849101921654E+01   -0.204514304712957055E+05   -0.908075511231542443E+01    1
    0.923076985253870608E+00    0.289746427536010742E+03   -0.155388152599334717E+01   -0.671848410367965698E+01   -0.660113960504531860E+01   -0.723614615201950073E+01   -0.225102412700653076E+01   -0.204386371374130249E+01   -0.908436197042465210E+01   -0.204488737470485321E+05   -0.908175511231540078E+01    1
    0.920807216267109041E+00    0.393925106525421143E+03   -0.959070616960525513E+01   -0.548670965433120728E+01   -0.540390986204147339E+01   -0.238329190015792847E+01   -0.246678799390792847E+01   -0.318664407730102539E+01   -0.363040536642074585E+01   -0.204157380019836528E+05   -0.908275511231539845E+01    1
    0.901305845916917092E+00    0.426116828551998765E+03   -0.933124330464856122E+01   -0.956893015742572572E+01   -0.449341932556770729E+01   -0.393405212642990332E+01   -0.230485498056834537E+01   -0.982126744421197628E+01   -0.371372465921550354E+01   -0.204043997240218523E+05   -0.908375511231542809E+01    1
    0.929416218591495924E+00    0.214977951435197269E+03   -0.585263294878015738E+01   -0.545321483349457381E+01   -0.393474740739789297E+01   -0.322232489306810521E+01   -0.886075011423838710E+01   -0.817778209254726995E+01   -0.654699156081287192E+01   -0.203993685867976346E+05   -0.908475511231546129E+01    1
    0.928908255474916511E+00    0.377732400819094210E+03   -0.465927099144241996E+01   -0.742428451463296568E+01   -0.533514150661301745E+01   -0.435172427311825238E+01   -0.748396363421766608E+01   -0.455434997629158111E+01   -0.845096604976522059E+01   -0.203690342741119784E+05   -0.908575511231542876E+01    1
    0.910257502541990671E+00    0.469196969408133668E+03   -0.824759662679260330E+01   -0.326475616668846147E+01   -0.203867250480662854E+01   -0.910077065168499288E+01   -0.858192864726177795E+01   -0.270064186719471877E+01   -0.228991497312433978E+01   -0.203339254130127483E+05   -0.908675511231540334E+01    1
    0.918075870239382419E+00    0.428687611123473573E+03   -0.294307591436414295E+01   -0.279018745125083356E+01   -0.312694160351321226E+01   -0.528374202639686175E+01   -0.451507709644337130E+01   -0.807335528304519023E+01   -0.330500009029997699E+01   -0.202683155246958631E+05   -0.908775511231542055E+01    1
    0.910606437590135487E+00    0.381151605680644707E+03   -0.793898355817891499E+01   -0.771479121673684531E+01   -0.534449503883900157E+01   -0.150591018003110655E+01   -0.866548701648932074E+01   -0.648829409961472514E+01   -0.732750137851875216E+01   -0.202416922805382055E+05   -0.908875511231540756E+01    1
    0.903024865970671331E+00    0.480536353588104248E+03   -0.423448228836059570E+01   -0.189664316177368164E+01   -0.666178864240646362E+01   -0.314158350229263306E+01   -0.932783466577529907E+01   -0.634354025125503540E+01   -0.403112900257110596E+01   -0.201175946314782050E+05   -0.908975511231543543E+01    1
    0.900648006496310383E+00    0.498964077234268188E+03   -0.325724893808364868E+01   -0.206119078397750854E+01   -0.683506202697753906E+01   -0.222310179471969604E+01   -0.143337792158126831E+01   -0.742961066961288452E+01   -0.487194252014160156E+01   -0.200936247948184027E+05   -0.909075511231546862E+01    1
    0.902772716981368850E+00    0.371663753569405117E+03   -0.854483801797011111E+01   -0.715850611602128684E+01   -0.257932989929839351E+01   -0.956328579093748665E+01   -0.731054798058501909E+01   -0.375710802526362908E+01   -0.783773811985897506E+01   -0.200478843718926437E+05   -0.909175511231548406E+01    1
    0.927132929390987126E+00    0.220977974678513391E+03   -0.243957283737731601E+01   -0.391115854003975016E+01   -0.939710130223947893E+01   -0.903807928197652544E+01   -0.604143342424674934E+01   -0.385193973491112995E+01   -0.403422453501471256E+01   -0.199993413225817021E+05   -0.909275511231541778E+01    1
    0.927187110617749943E+00    0.237303063007513458E+03   -0.299378862802927515E+01   -0.710901390514260267E+01   -0.945860068598960702E+01   -0.306616792713258768E+01   -0.234879388043725790E+01   -0.923572929907889417E+01   -0.787599641766593095E+01   -0.199906307052338489E+05   -0.909375511231546163E+01    1
    0.905265725825778467E+00    0.482664812302098994E+03   -0.265512268458337264E+01   -0.554723168295851732E+01   -0.802700998962847478E+01   -0.247716548017000981E+01   -0.204023742045221645E+01   -0.301412020511840950E+01   -0.117831794782574839E+01   -0.198916405482733717E+05   -0.909475511231545219E+01    1
    0.921616523135125765E+00    0.255965328216552734E+03   -0.593003964424133301E+01   -0.296607959270477295E+01   -0.248146450519561768E+01   -0.973670148849487305E+01   -0.605780613422393799E+01   -0.891660213470458984E+01   -0.188151603937149048E+01   -0.198866153822401648E+05   -0.909575511231542322E+01    1
    0.920582421860876021E+00    0.408937915477074455E+03   -0.721120875409586404E+01   -0.965006554330234145E+01   -0.292243796851841786E+01   -0.605458325770321615E+01   -0.423052868687008310E+01   -0.378588421596023394E+01   -0.454716142190868933E+01   -0.198832812641448072E+05   -0.909675511231541911E+01    1
    0.916704621000779429E+00    0.358131171739949991E+03   -0.646279079617801777E+01   -0.729262569448047770E+01   -0.613926088824489646E+01   -0.613122019511327210E+01   -0.787390241211173159E+01   -0.561354385717798898E+01   -0.161626810429123147E+01   -0.198278434317640495E+05   -0.909775511231543277E+01    1
    0.922298498519459886E+00    0.457477433339949755E+03   -0.852689699263173750E+01   -0.349803429304330482E+01   -0.574697389384848734E+01   -0.526048602264651777E+01   -0.696618740990755025E+01   -0.234253395760865768E+01   -0.808167485795506479E+01   -0.196888810304256731E+05   -0.909875511231546596E+01    1
    0.929229508597160025E+00    0.217071189521041049E+03   -0.561090438280880210E+01   -0.672095529921600310E+01   -0.462762209036469496E+01   -0.279950145822397189E+01   -0.542301067622012578E+01   -0.354743304384991909E+01   -0.941068338984246111E+01   -0.196567151302460807E+05   -0.909975511231546541E+01    1
    0.913532645912524033E+00    0.348048865801725640E+03   -0.507157570009223058E+01   -0.578346779645265041E+01   -0.117722362741876552E+01   -0.745134531149543911E+01   -0.386582347048270414E+01   -0.746436684153169949E+01   -0.182208213332764579E+01   -0.195433008467773179E+05   -0.910075511231544887E+01    1
    0.906195696183669908E+00    0.270408696233760793E+03   -0.680940919571087999E+01   -0.602939644369659433E+01   -0.319985705518286512E+01   -0.476283506266951751E+01   -0.916389754572928084E+01   -0.305746701229444184E+01   -0.614045757534509384E+01   -0.194968205624542970E+05   -0.910175511231543588E+01    1
    0.907788723693587873E+00    0.468476278696264330E+03   -0.426943412204123440E+01   -0.332901571742054614E+01   -0.116173357886564155E+01   -0.467310619392438209E+01   -0.503163680091383458E+01   -0.877141904469639933E+01   -0.423891211541744539E+01   -0.194777163918251463E+05   -0.910275511231539625E+01    1
    0.921283422036409561E+00    0.410195511579513550E+03   -0.247486573457717896E+01   -0.800655490159988403E+01   -0.319399118423461914E+01   -0.383932584524154663E+01   -0.980148434638977051E+01   -0.533848381042480469E+01   -0.552316409349441528E+01   -0.194050135325085103E+05   -0.910375511231542056E+01    1
    0.906707345887411420E+00    0.410083113929516912E+03   -0.768948023447214268E+01   -0.493302272873469505E+01   -0.747513722003533942E+01   -0.570695316902950012E+01   -0.930967785123508662E+01   -0.387885695347046600E+01   -0.443070956353345657E+01   -0.193997742754547617E+05   -0.910475511231542178E+01    1
    0.909426915572347561E+00    0.283192353683690044E+03   -0.834800522377999421E+01   -0.532716052420983299E+01   -0.650110677264382097E+01   -0.797419516859872779E+01   -0.689749001102265957E+01   -0.912374999949570054E+01   -0.475539868553994083E+01   -0.193871047787652533E+05   -0.910575511231543366E+01    1
    0.927124949320020986E+00    0.324302886303520722E+03   -0.726971719307793318E+01   -0.409011599922122127E+01   -0.744136027002943834E+01   -0.825315892581163091E+01   -0.295674910569194171E+01   -0.893346613067084583E+01   -0.558603725385946781E+01   -0.193650765120748729E+05   -0.910675511231543311E+01    1
