alt           press         den           temp          eddy          H2Oaer        H2SO4aer      NO2           CH3CHO        HO2           N2H3          SO            S3            N2O           NCO           CS2           N2H2          NS            CH2           CH2_1         C             CH3CN         CH            N2H4          S8            C2H2          H2CN          CH2NH         SO2           H2SO4         O2            HC3N          C3H3          H             H2CO          O_1           CS            C6H6          CH3O          N2H           O             HNO3          CH3O2         HS2           COS           HSO3          CH3CO         H2CCO         O3            C4H3          NH            C2            HNO2          CH2CN         NH2           CH2NH2        S2O           HNCO          S4            C4H5          NH3           N2O5          HCN           C2H4          C2H5          H2O           He            C2H3CN        SH            C2H3          CH3OOH        N_2D          HCS           CH3NH2        HCO           C2H6          CN            C4H2          CO2           N             H2S           HSO           H2            CH3           NO            C2H           CH4           NO3           C3H2          HNO           SO3           H2O2          C6H5          CH2OH         OH            CH3SH         N2            C3H4          CO            S             CH3S          S2            HCCO          CH3OH         H2Oaer_r      H2SO4aer_r    
4.28201E-001  1.05290E+000  2.83448E+019  2.69049E+002  1.00000E+005  4.17335E-004  1.05061E-024  2.91420E-009  5.81622E-012  2.19136E-013  2.67712E-019  1.85726E-023  2.84771E-031  8.02118E-007  7.16051E-028  3.77864E-031  2.85890E-019  1.44602E-022  6.76513E-028  2.20837E-032  1.00000E-040  3.51687E-011  1.28962E-035  8.39314E-019  2.75179E-034  3.84119E-009  4.63463E-015  7.66548E-014  3.17441E-010  2.05772E-011  1.99449E-001  1.46925E-003  4.17088E-015  3.11319E-024  2.46360E-009  6.88705E-025  1.34974E-032  2.72523E-006  1.32902E-019  1.42908E-030  7.41509E-020  6.44716E-011  1.89329E-013  5.58427E-026  6.85665E-017  7.48308E-027  4.67199E-018  7.42742E-012  1.41090E-009  4.90267E-015  8.79522E-030  1.00000E-040  2.92455E-016  1.07984E-014  5.14610E-022  1.69718E-015  2.75786E-037  1.91140E-016  1.00000E-040  1.07157E-018  5.28745E-011  2.02217E-011  4.60753E-011  7.88363E-008  9.38750E-014  2.08995E-003  1.00000E-040  2.99460E-007  8.17263E-019  3.37057E-030  2.65917E-007  1.00000E-040  1.00000E-040  6.31904E-010  7.33091E-025  9.04200E-007  1.33016E-035  6.50647E-012  3.41912E-004  3.49975E-037  1.84365E-012  7.02174E-012  5.03370E-007  1.69316E-016  1.52301E-011  1.31330E-037  7.08412E-003  1.29130E-013  2.96580E-011  1.35977E-015  1.43855E-019  8.70036E-011  8.65918E-017  3.63788E-028  1.38623E-018  1.55389E-013  7.40809E-001  4.87507E-002  4.46959E-007  2.37524E-031  1.30992E-024  3.39328E-027  7.20617E-012  5.68998E-010  1.00000E-005  1.00000E-005  
1.28460E+000  9.61564E-001  2.61226E+019  2.66611E+002  1.00000E+005  4.32099E-004  2.05744E-024  2.54426E-009  5.82365E-012  4.12385E-013  2.67816E-019  8.13116E-024  2.84515E-031  8.02405E-007  2.93179E-027  3.77997E-031  2.85990E-019  1.44654E-022  8.52521E-028  1.55919E-032  1.00000E-040  3.51685E-011  5.74402E-035  8.39613E-019  2.75277E-034  3.84260E-009  4.63631E-015  7.66824E-014  3.17488E-010  1.69054E-011  1.99520E-001  1.46978E-003  2.90150E-015  4.50318E-024  2.83110E-009  1.03151E-024  1.39358E-032  2.72621E-006  9.27800E-020  4.34231E-031  9.83195E-020  2.48668E-010  3.80683E-013  2.53119E-026  6.85915E-017  5.53322E-027  4.36346E-018  7.43008E-012  1.82499E-009  7.44053E-015  7.58332E-030  1.00000E-040  2.75372E-016  1.08009E-014  4.25501E-022  1.69825E-015  2.75875E-037  3.61894E-016  1.00000E-040  1.11221E-018  5.28531E-011  4.20528E-011  4.60849E-011  7.88646E-008  1.27435E-013  1.73144E-003  1.00000E-040  2.99568E-007  2.26108E-019  2.19406E-030  2.66015E-007  1.00000E-040  1.00000E-040  6.32131E-010  1.01663E-024  9.04525E-007  1.43380E-035  6.50881E-012  3.42039E-004  1.00000E-040  3.17551E-013  8.54516E-012  5.05408E-007  1.28706E-016  5.08120E-012  1.85723E-038  7.08666E-003  2.34310E-013  2.96687E-011  1.35898E-015  1.06011E-019  1.02259E-010  1.39060E-016  2.64634E-028  1.01226E-018  1.55450E-013  7.41075E-001  4.87683E-002  4.47434E-007  9.10906E-032  1.27040E-024  3.41990E-027  7.20876E-012  5.69205E-010  1.00000E-005  1.00000E-005  
2.14101E+000  8.77098E-001  2.42399E+019  2.62080E+002  1.00000E+005  5.29065E-004  3.99726E-024  2.20417E-009  5.83774E-012  5.04476E-013  2.67935E-019  3.46347E-024  2.84268E-031  8.02716E-007  6.10240E-027  3.78120E-031  2.86097E-019  1.44712E-022  9.87085E-028  3.11184E-032  1.00000E-040  3.51682E-011  2.29836E-034  8.39936E-019  2.75384E-034  3.84415E-009  4.63815E-015  7.67121E-014  3.17539E-010  1.29329E-011  1.99598E-001  1.47035E-003  2.00360E-015  6.35349E-024  3.18557E-009  1.48213E-024  1.39517E-032  2.72727E-006  1.06852E-019  5.77839E-031  1.25346E-019  3.74977E-010  4.90883E-013  1.12710E-026  6.86189E-017  6.89363E-027  9.03946E-018  7.43297E-012  2.29984E-009  1.33809E-014  6.05764E-030  1.00000E-040  2.62238E-016  1.08030E-014  5.59520E-022  1.69973E-015  2.75968E-037  5.46587E-016  1.00000E-040  1.18938E-018  5.28300E-011  6.70729E-011  4.60953E-011  7.88951E-008  1.54088E-013  1.34364E-003  1.00000E-040  2.99684E-007  6.62424E-020  2.18407E-030  2.66121E-007  2.53022E-037  1.00000E-040  6.32377E-010  1.36444E-024  9.04876E-007  1.63125E-035  6.51133E-012  3.42175E-004  1.00000E-040  4.98672E-014  8.80996E-012  5.07609E-007  1.49413E-016  4.27699E-012  1.00000E-040  7.08941E-003  2.30716E-013  2.96802E-011  1.36001E-015  5.48638E-020  1.17699E-010  2.77705E-016  3.17598E-028  1.22320E-018  1.55521E-013  7.41363E-001  4.87872E-002  4.47942E-007  3.38175E-032  2.22664E-024  3.49755E-027  7.21156E-012  5.69430E-010  1.00000E-005  1.00000E-005  
2.99741E+000  7.98606E-001  2.25545E+019  2.56458E+002  1.00000E+005  5.57434E-004  7.76009E-024  1.90325E-009  5.85966E-012  5.57653E-013  2.68069E-019  2.85554E-024  2.84027E-031  8.03050E-007  1.07847E-026  3.78234E-031  2.86210E-019  1.44775E-022  1.09039E-027  7.70907E-032  3.20155E-036  3.51679E-011  8.48490E-034  8.40283E-019  2.75498E-034  3.84585E-009  4.64014E-015  7.67442E-014  3.17596E-010  8.65514E-012  1.99681E-001  1.47097E-003  1.48630E-015  8.60411E-024  3.52571E-009  2.05997E-024  1.38324E-032  2.72841E-006  1.23368E-019  8.69399E-031  1.56556E-019  4.27369E-010  5.73973E-013  7.80084E-027  6.86489E-017  8.73417E-027  2.24978E-017  7.43608E-012  2.82664E-009  2.41664E-014  5.56632E-030  1.00000E-040  2.53837E-016  1.08044E-014  7.27125E-022  1.70165E-015  2.76068E-037  7.45426E-016  1.00000E-040  1.29740E-018  5.28052E-011  1.02975E-010  4.61064E-011  7.89279E-008  1.67937E-013  9.26147E-004  1.00000E-040  2.99809E-007  4.10066E-020  2.09247E-030  2.66234E-007  1.97970E-036  1.00000E-040  6.32641E-010  1.76840E-024  9.05255E-007  1.77428E-035  6.51406E-012  3.42323E-004  5.26852E-031  7.67724E-015  8.84904E-012  5.09975E-007  1.67125E-016  3.90300E-012  1.00000E-040  7.09237E-003  1.79884E-013  2.96926E-011  1.36330E-015  2.29815E-020  1.32802E-010  6.01134E-016  3.83107E-028  1.48731E-018  1.55603E-013  7.41673E-001  4.88076E-002  4.48484E-007  2.42619E-032  4.33301E-024  3.64450E-027  7.21456E-012  5.69675E-010  1.00000E-005  1.00000E-005  
3.85381E+000  7.25635E-001  2.09941E+019  2.50345E+002  1.00000E+005  6.59850E-004  7.85699E-021  1.64643E-009  5.89019E-012  6.01124E-013  2.68190E-019  4.70064E-024  2.83762E-031  8.03324E-007  1.79338E-026  3.78299E-031  2.86298E-019  1.44829E-022  1.17540E-027  2.47360E-031  1.00000E-040  3.51684E-011  2.91253E-033  8.40566E-019  2.75592E-034  3.84729E-009  4.64179E-015  7.67705E-014  3.17626E-010  5.72106E-012  1.99749E-001  1.47147E-003  1.18380E-015  1.14367E-023  3.88353E-009  2.79104E-024  1.36425E-032  2.72934E-006  1.43688E-019  1.37376E-030  1.93717E-019  4.49562E-010  6.53025E-013  1.00659E-026  6.86745E-017  1.12824E-026  6.32373E-017  7.43862E-012  3.40205E-009  4.15051E-014  6.44537E-030  1.00000E-040  2.50580E-016  1.08039E-014  9.42210E-022  1.70390E-015  2.76145E-037  9.59091E-016  1.00000E-040  1.43107E-018  5.27858E-011  1.49170E-010  4.61166E-011  7.89545E-008  1.77879E-013  5.84573E-004  1.00000E-040  2.99912E-007  5.20251E-020  1.97951E-030  2.66325E-007  1.00000E-040  1.00000E-040  6.32857E-010  2.25381E-024  9.05564E-007  1.96892E-035  6.51628E-012  3.42444E-004  1.00000E-040  1.18823E-015  8.85124E-012  5.12460E-007  1.84256E-016  3.63011E-012  1.00000E-040  7.09479E-003  1.18284E-013  2.97028E-011  1.36891E-015  9.87906E-021  1.60764E-010  1.67563E-015  4.68545E-028  1.83255E-018  1.55680E-013  7.41927E-001  4.88243E-002  4.49012E-007  3.48573E-032  9.08080E-024  3.87983E-027  7.21702E-012  5.70184E-010  1.00000E-005  1.00000E-005  
4.71022E+000  6.57817E-001  1.95317E+019  2.43939E+002  1.00000E+005  5.56377E-004  7.55076E-018  1.43786E-009  5.93050E-012  6.41818E-013  2.68290E-019  9.10044E-024  2.83467E-031  8.03515E-007  2.88799E-026  3.78304E-031  2.86356E-019  1.44870E-022  1.24451E-027  9.87693E-031  1.00000E-040  3.51693E-011  9.34627E-033  8.40762E-019  2.75657E-034  3.84839E-009  4.64300E-015  7.67888E-014  3.17622E-010  3.67794E-012  1.99797E-001  1.47182E-003  9.93935E-016  1.50679E-023  4.26892E-009  3.70448E-024  1.34697E-032  2.72999E-006  1.70386E-019  2.26425E-030  2.38224E-019  4.57006E-010  7.32888E-013  1.75027E-026  6.86938E-017  1.49600E-026  1.99231E-016  7.44040E-012  4.02198E-009  6.70523E-014  8.72245E-030  1.00000E-040  2.52884E-016  1.08013E-014  1.22067E-021  1.70650E-015  2.76191E-037  1.18865E-015  1.00000E-040  1.58667E-018  5.27725E-011  1.99861E-010  4.61248E-011  7.89730E-008  1.88213E-013  3.45709E-004  1.00000E-040  2.99983E-007  7.80804E-020  1.87344E-030  2.66386E-007  2.13249E-036  1.00000E-040  6.33008E-010  2.84323E-024  9.05781E-007  2.21704E-035  6.51784E-012  3.42531E-004  1.70928E-032  1.92645E-016  8.84649E-012  5.15061E-007  2.02539E-016  3.42511E-012  1.28210E-037  7.09648E-003  6.66101E-014  2.97099E-011  1.37699E-015  5.65978E-021  2.06165E-010  7.43699E-015  5.86050E-028  2.30659E-018  1.55750E-013  7.42104E-001  4.88359E-002  4.49513E-007  5.95143E-032  2.04682E-023  4.22628E-027  7.21873E-012  5.70992E-010  1.00000E-005  1.00000E-005  
5.56662E+000  5.94832E-001  1.81491E+019  2.37386E+002  1.00000E+005  4.26075E-004  6.58618E-015  1.27697E-009  5.98206E-012  6.82122E-013  2.68374E-019  1.77124E-023  2.83147E-031  8.03636E-007  4.54440E-026  3.78256E-031  2.86386E-019  1.44900E-022  1.29972E-027  4.50960E-030  1.00000E-040  3.51703E-011  2.81994E-032  8.40885E-019  2.75699E-034  3.84922E-009  4.64383E-015  7.68005E-014  3.17588E-010  2.17154E-012  1.99828E-001  1.47204E-003  8.64985E-016  1.98381E-023  4.67958E-009  4.83589E-024  1.33236E-032  2.73041E-006  2.07081E-019  3.89180E-030  2.91636E-019  4.58363E-010  8.13780E-013  3.16801E-026  6.87081E-017  2.04318E-026  7.13635E-016  7.44153E-012  4.68148E-009  1.02123E-013  1.25413E-029  1.00000E-040  2.61218E-016  1.07966E-014  1.58007E-021  1.70956E-015  2.76212E-037  1.43548E-015  1.00028E-040  1.76185E-018  5.27631E-011  2.48262E-010  4.61313E-011  7.89844E-008  2.00751E-013  1.93641E-004  1.00000E-040  3.00029E-007  1.18319E-019  1.78939E-030  2.66422E-007  1.00000E-040  1.00000E-040  6.33105E-010  3.55823E-024  9.05920E-007  2.48693E-035  6.51883E-012  3.42589E-004  8.66858E-039  3.82799E-017  8.83953E-012  5.17800E-007  2.23624E-016  3.29313E-012  2.11654E-037  7.09756E-003  3.39958E-014  2.97144E-011  1.38768E-015  6.81593E-021  2.70883E-010  3.82181E-014  7.53188E-028  2.97896E-018  1.55818E-013  7.42217E-001  4.88434E-002  4.49996E-007  1.03953E-031  4.95395E-023  4.71168E-027  7.21982E-012  5.72051E-010  1.00000E-005  1.00000E-005  
6.42302E+000  5.36379E-001  1.68502E+019  2.30559E+002  1.00000E+005  3.46683E-004  4.81267E-012  1.15783E-009  6.04653E-012  7.22451E-013  2.68448E-019  3.39161E-023  2.82810E-031  8.03709E-007  6.98184E-026  3.78164E-031  2.86398E-019  1.44923E-022  1.32856E-027  2.21877E-029  1.00000E-040  3.51712E-011  8.02986E-032  8.40959E-019  2.75723E-034  3.84990E-009  4.64442E-015  7.68075E-014  3.17531E-010  9.15393E-013  1.99846E-001  1.47218E-003  7.71172E-016  2.62236E-023  5.10974E-009  6.22064E-024  1.31955E-032  2.73065E-006  2.60489E-019  7.11640E-030  3.54027E-019  4.58145E-010  8.92854E-013  5.47803E-026  6.87194E-017  2.90399E-026  3.52063E-015  7.44221E-012  5.37514E-009  1.47537E-013  1.83119E-029  1.00000E-040  2.76064E-016  1.07898E-014  2.04947E-021  1.71324E-015  2.76213E-037  1.70118E-015  1.21576E-040  1.95540E-018  5.27558E-011  2.89870E-010  4.61365E-011  7.89909E-008  2.16513E-013  1.02093E-004  1.00000E-040  3.00056E-007  1.76960E-019  1.72782E-030  2.66438E-007  1.00000E-040  1.00000E-040  6.33163E-010  4.42076E-024  9.06004E-007  2.69696E-035  6.51942E-012  3.42626E-004  1.72495E-039  1.31968E-017  8.83126E-012  5.20705E-007  2.48269E-016  3.25217E-012  9.93616E-038  7.09820E-003  1.69078E-014  2.97171E-011  1.40112E-015  1.50916E-020  3.54552E-010  1.66968E-013  1.00319E-027  3.98163E-018  1.55891E-013  7.42285E-001  4.88478E-002  4.50473E-007  1.82509E-031  1.32433E-022  5.36952E-027  7.22046E-012  5.73306E-010  1.00000E-005  1.00000E-005  
7.27943E+000  4.82196E-001  1.56142E+019  2.23677E+002  1.00000E+005  2.99059E-004  3.84143E-012  1.07152E-009  6.12573E-012  7.64571E-013  2.68518E-019  6.36378E-023  2.82463E-031  8.03749E-007  1.05007E-025  3.78035E-031  2.86396E-019  1.44944E-022  1.34039E-027  1.12817E-028  1.00000E-040  3.51718E-011  2.17003E-031  8.41000E-019  2.75737E-034  3.85051E-009  4.64486E-015  7.68114E-014  3.17458E-010  3.46395E-013  1.99856E-001  1.47225E-003  7.00437E-016  3.48904E-023  5.55489E-009  7.91173E-024  1.30819E-032  2.73079E-006  3.38128E-019  1.36772E-029  4.27567E-019  4.59369E-010  9.69987E-013  8.84795E-026  6.87293E-017  4.25441E-026  2.61437E-014  7.44259E-012  6.09732E-009  2.03561E-013  2.67035E-029  1.00000E-040  2.97750E-016  1.07812E-014  2.65407E-021  1.71773E-015  2.76201E-037  1.98761E-015  1.53785E-040  2.16705E-018  5.27492E-011  3.23115E-010  4.61408E-011  7.89940E-008  2.35621E-013  5.10569E-005  1.00000E-040  3.00072E-007  2.61119E-019  1.69049E-030  2.66439E-007  1.00000E-040  1.00000E-040  6.33195E-010  5.46422E-024  9.06051E-007  2.82377E-035  6.51976E-012  3.42651E-004  3.62929E-039  8.37224E-018  8.82189E-012  5.23806E-007  2.77743E-016  3.29599E-012  2.48866E-037  7.09856E-003  9.49283E-015  2.97186E-011  1.41740E-015  4.15160E-020  4.55835E-010  5.75703E-013  1.37454E-027  5.46496E-018  1.55975E-013  7.42323E-001  4.88503E-002  4.50953E-007  3.20613E-031  3.83525E-022  6.23880E-027  7.22081E-012  5.74728E-010  1.00000E-005  1.00000E-005  
8.13583E+000  4.32060E-001  1.44401E+019  2.16716E+002  1.00000E+005  2.82571E-004  2.66687E-012  1.00897E-009  6.22170E-012  8.06140E-013  2.68590E-019  1.17477E-022  2.82112E-031  8.03769E-007  1.54993E-025  3.77873E-031  2.86387E-019  1.44965E-022  1.33328E-027  5.79485E-028  1.00000E-040  3.51722E-011  5.58138E-031  8.41024E-019  2.75743E-034  3.85117E-009  4.64526E-015  7.68135E-014  3.17373E-010  1.26932E-013  1.99861E-001  1.47229E-003  6.47458E-016  4.62306E-023  6.01118E-009  9.96494E-024  1.29805E-032  2.73086E-006  4.50865E-019  2.75591E-029  5.13214E-019  4.62535E-010  1.04090E-012  1.33434E-025  6.87391E-017  6.38261E-026  1.55998E-013  7.44278E-012  6.84289E-009  2.70128E-013  3.88215E-029  1.00000E-040  3.26317E-016  1.07705E-014  3.41719E-021  1.72331E-015  2.76180E-037  2.29700E-015  2.01002E-040  2.39739E-018  5.27428E-011  3.48576E-010  4.61446E-011  7.89950E-008  2.57560E-013  2.43428E-005  1.00000E-040  3.00079E-007  3.81882E-019  1.66530E-030  2.66429E-007  1.00000E-040  1.00000E-040  6.33212E-010  6.72869E-024  9.06077E-007  2.83312E-035  6.51993E-012  3.42667E-004  9.01903E-039  7.13541E-018  8.81152E-012  5.27133E-007  3.10330E-016  3.42033E-012  4.86080E-036  7.09874E-003  6.22773E-015  2.97194E-011  1.43649E-015  1.24134E-019  5.72229E-010  1.59211E-012  1.92391E-027  7.64752E-018  1.56079E-013  7.42343E-001  4.88516E-002  4.51445E-007  5.64051E-031  1.20844E-021  7.36210E-027  7.22097E-012  5.76301E-010  1.00000E-005  1.00000E-005  
8.99223E+000  3.85849E-001  1.32737E+019  2.10544E+002  1.00000E+005  4.43995E-004  6.62548E-012  9.62469E-010  6.33697E-012  8.52165E-013  2.68666E-019  2.11165E-022  2.81762E-031  8.03778E-007  2.28227E-025  3.77680E-031  2.86374E-019  1.44987E-022  1.37019E-027  2.80722E-027  1.00000E-040  3.51724E-011  1.37845E-030  8.41039E-019  2.75746E-034  3.85194E-009  4.64567E-015  7.68145E-014  3.17280E-010  4.73201E-014  1.99864E-001  1.47231E-003  6.10512E-016  6.12832E-023  6.47711E-009  1.25194E-023  1.28907E-032  2.73089E-006  5.99956E-019  5.37651E-029  6.24209E-019  4.67568E-010  1.11246E-012  1.89322E-025  6.87496E-017  9.37802E-026  4.99788E-013  7.44288E-012  7.60839E-009  3.47156E-013  5.57559E-029  1.00000E-040  3.61351E-016  1.07577E-014  4.32167E-021  1.73030E-015  2.76151E-037  2.63260E-015  2.65042E-040  2.64818E-018  5.27361E-011  3.67895E-010  4.61482E-011  7.89946E-008  2.80988E-013  1.18660E-005  1.00000E-040  3.00083E-007  5.54812E-019  1.67459E-030  2.66411E-007  1.00000E-040  1.00000E-040  6.33220E-010  8.28174E-024  9.06090E-007  2.90072E-035  6.52001E-012  3.42679E-004  2.23462E-038  7.20114E-018  8.80012E-012  5.30726E-007  3.50059E-016  3.58211E-012  5.12072E-035  7.09882E-003  4.74916E-015  2.97198E-011  1.45825E-015  3.57385E-019  7.01841E-010  3.65358E-012  2.65870E-027  1.05428E-017  1.56213E-013  7.42352E-001  4.88522E-002  4.51954E-007  9.77731E-031  3.61417E-021  8.78304E-027  7.22104E-012  5.78029E-010  1.00000E-005  1.00000E-005  
9.84863E+000  3.43619E-001  1.20623E+019  2.06332E+002  1.00000E+005  1.60954E-002  4.43441E-010  9.26549E-010  6.47508E-012  9.18002E-013  2.68751E-019  3.62855E-022  2.81423E-031  8.03781E-007  3.42857E-025  3.77456E-031  2.86361E-019  1.45013E-022  1.55998E-027  1.13452E-026  1.00000E-040  3.51725E-011  3.30145E-030  8.41052E-019  2.75746E-034  3.85292E-009  4.64616E-015  7.68148E-014  3.17181E-010  1.96147E-014  1.99865E-001  1.47232E-003  5.88514E-016  8.32962E-023  6.95461E-009  1.58480E-023  1.28109E-032  2.73090E-006  7.70542E-019  9.11007E-029  7.91490E-019  4.73764E-010  1.20846E-012  2.55902E-025  6.87619E-017  1.28214E-025  1.02998E-012  7.44291E-012  8.39571E-009  4.35265E-013  7.79550E-029  1.00000E-040  4.02366E-016  1.07422E-014  5.34533E-021  1.73916E-015  2.76116E-037  2.99990E-015  3.43787E-040  2.92318E-018  5.27288E-011  3.82759E-010  4.61519E-011  7.89933E-008  3.05187E-013  6.76572E-006  1.00000E-040  3.00085E-007  7.97705E-019  1.76981E-030  2.66388E-007  1.00000E-040  1.00000E-040  6.33223E-010  1.02171E-023  9.06096E-007  3.35660E-035  6.52004E-012  3.42689E-004  4.94132E-038  8.36034E-018  8.78757E-012  5.34645E-007  4.13736E-016  3.71763E-012  4.15467E-034  7.09885E-003  4.17469E-015  2.97199E-011  1.48254E-015  8.29576E-019  8.43830E-010  7.28034E-012  3.49956E-027  1.38234E-017  1.56389E-013  7.42356E-001  4.88525E-002  4.52490E-007  1.62786E-030  8.32551E-021  1.05492E-026  7.22105E-012  5.79934E-010  1.00000E-005  1.00000E-005  
1.07050E+001  3.05363E-001  1.08974E+019  2.02959E+002  1.00000E+005  6.69810E-003  3.69543E-010  8.98154E-010  6.64027E-012  9.96435E-013  2.68847E-019  6.10816E-022  2.81104E-031  8.03782E-007  5.20240E-025  3.77198E-031  2.86349E-019  1.45045E-022  1.87538E-027  3.81136E-026  1.00000E-040  3.51725E-011  7.56751E-030  8.41068E-019  2.75746E-034  3.85420E-009  4.64678E-015  7.68150E-014  3.17077E-010  1.01981E-014  1.99865E-001  1.47232E-003  5.79612E-016  1.13935E-022  7.44617E-009  2.00811E-023  1.27412E-032  2.73090E-006  9.76953E-019  1.45598E-028  1.02151E-018  4.79211E-010  1.32047E-012  3.33579E-025  6.87765E-017  1.70080E-025  1.69586E-012  7.44293E-012  9.21041E-009  5.35765E-013  1.07520E-028  1.00000E-040  4.49554E-016  1.07237E-014  6.53969E-021  1.75041E-015  2.76076E-037  3.40536E-015  4.41733E-040  3.22709E-018  5.27206E-011  3.94236E-010  4.61558E-011  7.89914E-008  3.30784E-013  4.45442E-006  1.00000E-040  3.00085E-007  1.13860E-018  1.92130E-030  2.66361E-007  1.00000E-040  1.00000E-040  6.33225E-010  1.25954E-023  9.06101E-007  4.10017E-035  6.52005E-012  3.42699E-004  1.03448E-037  1.04485E-017  8.77369E-012  5.38959E-007  4.99948E-016  3.85532E-012  2.85140E-033  7.09886E-003  3.86711E-015  2.97200E-011  1.50942E-015  1.62721E-018  9.96363E-010  1.31727E-011  4.51704E-027  1.77582E-017  1.56621E-013  7.42358E-001  4.88526E-002  4.53060E-007  2.65582E-030  1.71585E-020  1.27158E-026  7.22103E-012  5.82043E-010  1.00000E-005  1.00000E-005  
1.15614E+001  2.70911E-001  9.78556E+018  2.00520E+002  1.00000E+005  2.89758E-003  3.35820E-010  8.75389E-010  6.83730E-012  1.09227E-012  2.68957E-019  1.01771E-021  2.80813E-031  8.03781E-007  7.98749E-025  3.76902E-031  2.86341E-019  1.45084E-022  2.40880E-027  1.07557E-025  1.00000E-040  3.51724E-011  1.66053E-029  8.41091E-019  2.75745E-034  3.85586E-009  4.64757E-015  7.68151E-014  3.16968E-010  7.24758E-015  1.99865E-001  1.47232E-003  5.82742E-016  1.57781E-022  7.95565E-009  2.54936E-023  1.26821E-032  2.73089E-006  1.21706E-018  2.16914E-028  1.34565E-018  4.84306E-010  1.45482E-012  4.22838E-025  6.87940E-017  2.18045E-025  2.43426E-012  7.44293E-012  1.00579E-008  6.50200E-013  1.46036E-028  1.00000E-040  5.03366E-016  1.07017E-014  7.93973E-021  1.76461E-015  2.76029E-037  3.85564E-015  5.60802E-040  3.56481E-018  5.27114E-011  4.03082E-010  4.61601E-011  7.89891E-008  3.58295E-013  3.36388E-006  1.00000E-040  3.00085E-007  1.61111E-018  2.15114E-030  2.66330E-007  1.00000E-040  1.00000E-040  6.33225E-010  1.55165E-023  9.06104E-007  5.35737E-035  6.52006E-012  3.42710E-004  2.03673E-037  1.36338E-017  8.75827E-012  5.43739E-007  6.21405E-016  3.98492E-012  1.65048E-032  7.09886E-003  3.77355E-015  2.97200E-011  1.53899E-015  2.70797E-018  1.16115E-009  2.21895E-011  5.70562E-027  2.23147E-017  1.56924E-013  7.42359E-001  4.88526E-002  4.53670E-007  4.23526E-030  3.07857E-020  1.53410E-026  7.22100E-012  5.84393E-010  1.00000E-005  1.00000E-005  
1.24178E+001  2.40035E-001  8.75602E+018  1.98557E+002  1.00000E+005  1.46090E-003  3.14702E-010  8.57083E-010  7.07160E-012  1.20295E-012  2.69082E-019  1.73747E-021  2.80561E-031  8.03780E-007  1.23668E-024  3.76563E-031  2.86337E-019  1.45133E-022  3.24315E-027  2.68047E-025  1.00000E-040  3.51724E-011  3.48228E-029  8.41123E-019  2.75744E-034  3.85800E-009  4.64858E-015  7.68152E-014  3.16855E-010  6.53929E-015  1.99866E-001  1.47232E-003  5.97087E-016  2.19397E-022  8.48698E-009  3.23451E-023  1.26346E-032  2.73087E-006  1.50510E-018  3.12835E-028  1.79116E-018  4.89240E-010  1.60739E-012  5.24346E-025  6.88151E-017  2.74945E-025  3.20228E-012  7.44294E-012  1.09450E-008  7.80458E-013  1.96593E-028  1.00000E-040  5.64818E-016  1.06757E-014  9.61178E-021  1.78239E-015  2.75975E-037  4.35807E-015  7.02307E-040  3.94180E-018  5.27012E-011  4.09784E-010  4.61649E-011  7.89862E-008  3.88268E-013  2.76279E-006  1.00000E-040  3.00085E-007  2.26511E-018  2.45993E-030  2.66295E-007  1.00000E-040  1.00000E-040  6.33226E-010  1.90942E-023  9.06108E-007  7.26501E-035  6.52006E-012  3.42721E-004  3.88503E-037  1.81690E-017  8.74107E-012  5.49061E-007  7.84483E-016  4.12135E-012  8.12805E-032  7.09885E-003  3.78028E-015  2.97200E-011  1.57151E-015  4.09010E-018  1.33998E-009  3.54334E-011  7.13979E-027  2.77657E-017  1.57316E-013  7.42359E-001  4.88526E-002  4.54326E-007  6.66748E-030  5.15108E-020  1.84953E-026  7.22096E-012  5.87024E-010  1.00000E-005  1.00000E-005  
1.32742E+001  2.12450E-001  7.81432E+018  1.96916E+002  1.00000E+005  8.23459E-004  2.97247E-010  8.42453E-010  7.34925E-012  1.32901E-012  2.69225E-019  3.17194E-021  2.80359E-031  8.03778E-007  1.93120E-024  3.76176E-031  2.86341E-019  1.45192E-022  4.54873E-027  6.09076E-025  1.00000E-040  3.51723E-011  6.99206E-029  8.41167E-019  2.75743E-034  3.86071E-009  4.64985E-015  7.68152E-014  3.16737E-010  6.60579E-015  1.99866E-001  1.47232E-003  6.22284E-016  3.05627E-022  9.04364E-009  4.09918E-023  1.25998E-032  2.73085E-006  1.85419E-018  4.43300E-028  2.40153E-018  4.94119E-010  1.77764E-012  6.38729E-025  6.88402E-017  3.43018E-025  3.96485E-012  7.44294E-012  1.18784E-008  9.28627E-013  2.62967E-028  1.00000E-040  6.35283E-016  1.06452E-014  1.16546E-020  1.80447E-015  2.75913E-037  4.92040E-015  8.71108E-040  4.36386E-018  5.26898E-011  4.14677E-010  4.61702E-011  7.89827E-008  4.21162E-013  2.39219E-006  1.00000E-040  3.00085E-007  3.16765E-018  2.86523E-030  2.66256E-007  1.00000E-040  1.03140E-040  6.33226E-010  2.34773E-023  9.06112E-007  1.01377E-034  6.52006E-012  3.42734E-004  7.22278E-037  2.44822E-017  8.72182E-012  5.55005E-007  1.00155E-015  4.27051E-012  3.44465E-031  7.09884E-003  3.85483E-015  2.97201E-011  1.60733E-015  5.81201E-018  1.53465E-009  5.42499E-011  8.88942E-027  3.43568E-017  1.57816E-013  7.42359E-001  4.88526E-002  4.55034E-007  1.04013E-029  8.22351E-020  2.22600E-026  7.22092E-012  5.89981E-010  1.00000E-005  1.00000E-005  
1.41306E+001  1.87859E-001  6.96152E+018  1.95454E+002  1.00000E+005  5.24993E-004  2.80640E-010  8.30939E-010  7.67712E-012  1.47041E-012  2.69388E-019  6.41128E-021  2.80220E-031  8.03777E-007  3.04389E-024  3.75734E-031  2.86352E-019  1.45266E-022  6.58869E-027  1.29224E-024  1.00000E-040  3.51722E-011  1.34717E-028  8.41225E-019  2.75742E-034  3.86411E-009  4.65144E-015  7.68152E-014  3.16615E-010  6.94765E-015  1.99866E-001  1.47232E-003  6.58345E-016  4.25165E-022  9.62904E-009  5.18627E-023  1.25795E-032  2.73082E-006  2.28347E-018  6.28605E-028  3.23343E-018  4.99010E-010  1.96418E-012  7.66558E-025  6.88701E-017  4.25648E-025  4.69408E-012  7.44294E-012  1.28656E-008  1.09705E-012  3.50364E-028  1.00000E-040  7.16516E-016  1.06094E-014  1.42599E-020  1.83168E-015  2.75842E-037  5.55117E-015  1.06807E-039  4.83736E-018  5.26771E-011  4.18006E-010  4.61761E-011  7.89785E-008  4.57356E-013  2.13356E-006  1.00000E-040  3.00085E-007  4.41194E-018  3.38951E-030  2.66210E-007  1.00000E-040  1.32969E-040  6.33226E-010  2.88501E-023  9.06117E-007  1.44336E-034  6.52005E-012  3.42749E-004  1.00000E-040  3.31886E-017  8.70025E-012  5.61661E-007  1.28693E-015  4.43869E-012  1.27176E-030  7.09883E-003  3.97127E-015  2.97201E-011  1.64689E-015  7.98535E-018  1.74703E-009  8.02543E-011  1.10524E-026  4.24273E-017  1.58445E-013  7.42360E-001  4.88526E-002  4.55798E-007  1.61376E-029  1.28203E-019  2.67319E-026  7.22086E-012  5.93309E-010  1.00000E-005  1.00000E-005  
1.49871E+001  1.65972E-001  6.19365E+018  1.94091E+002  1.00000E+005  3.68513E-004  2.64102E-010  8.22110E-010  8.06306E-012  1.62776E-012  2.69573E-019  1.42419E-020  2.80161E-031  8.03774E-007  4.84876E-024  3.75232E-031  2.86374E-019  1.45356E-022  9.77863E-027  2.59810E-024  1.00000E-040  3.51721E-011  2.49789E-028  8.41302E-019  2.75740E-034  3.86833E-009  4.65340E-015  7.68152E-014  3.16488E-010  7.39796E-015  1.99866E-001  1.47232E-003  7.05666E-016  5.89556E-022  1.02465E-008  6.54978E-023  1.25760E-032  2.73079E-006  2.81672E-018  9.09912E-028  4.36506E-018  5.03959E-010  2.16632E-012  9.08321E-025  6.89055E-017  5.26778E-025  5.36702E-012  7.44293E-012  1.39142E-008  1.28833E-012  4.65683E-028  1.00000E-040  8.10632E-016  1.05677E-014  1.78489E-020  1.86495E-015  2.75760E-037  6.25979E-015  1.30009E-039  5.36933E-018  5.26628E-011  4.19963E-010  4.61828E-011  7.89737E-008  4.97218E-013  1.93463E-006  1.00000E-040  3.00085E-007  6.12633E-018  4.06733E-030  2.66158E-007  1.00000E-040  1.72532E-040  6.33226E-010  3.54449E-023  9.06122E-007  2.08868E-034  6.52005E-012  3.42765E-004  1.00000E-040  4.51551E-017  8.67603E-012  5.69126E-007  1.65955E-015  4.63030E-012  4.14166E-030  7.09882E-003  4.11704E-015  2.97201E-011  1.69073E-015  1.07700E-017  1.97913E-009  1.15335E-010  1.37487E-026  5.23831E-017  1.59231E-013  7.42360E-001  4.88526E-002  4.56625E-007  2.49569E-029  1.97717E-019  3.20240E-026  7.22080E-012  5.97061E-010  1.00000E-005  1.00000E-005  
1.58435E+001  1.46517E-001  5.50331E+018  1.92833E+002  1.00000E+005  2.62500E-004  2.47567E-010  8.15623E-010  8.51609E-012  1.80380E-012  2.69782E-019  3.31589E-020  2.80200E-031  8.03772E-007  7.81530E-024  3.74661E-031  2.86409E-019  1.45468E-022  1.47765E-026  4.97788E-024  1.00000E-040  3.51719E-011  4.47254E-028  8.41401E-019  2.75738E-034  3.87352E-009  4.65580E-015  7.68152E-014  3.16358E-010  7.90038E-015  1.99866E-001  1.47232E-003  7.65051E-016  8.15574E-022  1.08995E-008  8.26059E-023  1.25918E-032  2.73074E-006  3.48028E-018  1.37280E-027  5.91124E-018  5.09003E-010  2.38525E-012  1.06445E-024  6.89472E-017  6.50106E-025  5.96527E-012  7.44293E-012  1.50328E-008  1.50546E-012  6.17613E-028  1.00000E-040  9.20141E-016  1.05195E-014  2.33594E-020  1.90540E-015  2.75667E-037  7.05689E-015  1.56592E-039  5.96776E-018  5.26467E-011  4.20701E-010  4.61903E-011  7.89679E-008  5.41201E-013  1.77973E-006  1.00000E-040  3.00085E-007  8.48371E-018  4.95491E-030  2.66097E-007  1.00000E-040  2.26626E-040  6.33226E-010  4.35581E-023  9.06128E-007  3.07794E-034  6.52005E-012  3.42783E-004  1.00000E-040  6.15821E-017  8.64882E-012  5.77509E-007  2.14803E-015  4.84733E-012  1.20439E-029  7.09881E-003  4.29480E-015  2.97201E-011  1.73950E-015  1.42887E-017  2.23318E-009  1.61667E-010  1.71154E-026  6.46724E-017  1.60202E-013  7.42360E-001  4.88526E-002  4.57520E-007  3.84813E-029  3.01280E-019  3.82693E-026  7.22074E-012  6.01296E-010  1.00000E-005  1.00000E-005  
1.66999E+001  1.29243E-001  4.88525E+018  1.91618E+002  1.00000E+005  2.02396E-004  2.31056E-010  8.11195E-010  9.04663E-012  1.99946E-012  2.70019E-019  7.68813E-020  2.80361E-031  8.03769E-007  1.27341E-023  3.74013E-031  2.86458E-019  1.45605E-022  2.25280E-026  9.16771E-024  1.00000E-040  3.51718E-011  7.75101E-028  8.41529E-019  2.75736E-034  3.87985E-009  4.65873E-015  7.68153E-014  3.16225E-010  8.43927E-015  1.99866E-001  1.47232E-003  8.37655E-016  1.12378E-021  1.15917E-008  1.04029E-022  1.26304E-032  2.73067E-006  4.31391E-018  2.22116E-027  8.02017E-018  5.14166E-010  2.62008E-012  1.23533E-024  6.89962E-017  8.01605E-025  6.47663E-012  7.44293E-012  1.62302E-008  1.75180E-012  8.18354E-028  1.00000E-040  1.04804E-015  1.04640E-014  3.27258E-020  1.95431E-015  2.75560E-037  7.95455E-015  1.87175E-039  6.64168E-018  5.26288E-011  4.20348E-010  4.61987E-011  7.89612E-008  5.89718E-013  1.64895E-006  1.00000E-040  3.00085E-007  1.17260E-017  6.12246E-030  2.66025E-007  1.00000E-040  3.03766E-040  6.33226E-010  5.35574E-023  9.06134E-007  4.59494E-034  6.52004E-012  3.42804E-004  8.14145E-036  8.41204E-017  8.61822E-012  5.86936E-007  2.78372E-015  5.09451E-012  3.16240E-029  7.09879E-003  4.49505E-015  2.97201E-011  1.79394E-015  1.88105E-017  2.51164E-009  2.21741E-010  2.13506E-026  7.99365E-017  1.61395E-013  7.42360E-001  4.88526E-002  4.58491E-007  5.92617E-029  4.58394E-019  4.56256E-026  7.22066E-012  6.06082E-010  1.00000E-005  1.00000E-005  
1.75563E+001  1.13921E-001  4.33223E+018  1.90462E+002  1.00000E+005  1.56115E-004  2.14709E-010  8.08594E-010  9.66670E-012  2.21828E-012  2.70284E-019  1.71647E-019  2.80670E-031  8.03766E-007  2.09233E-023  3.73278E-031  2.86526E-019  1.45773E-022  3.44413E-026  1.62724E-023  1.00000E-040  3.51716E-011  1.30356E-027  8.41692E-019  2.75734E-034  3.88752E-009  4.66227E-015  7.68153E-014  3.16088E-010  9.00915E-015  1.99866E-001  1.47232E-003  9.25063E-016  1.54415E-021  1.23268E-008  1.30867E-022  1.26956E-032  2.73059E-006  5.36329E-018  3.89388E-027  1.09083E-017  5.19468E-010  2.87179E-012  1.42127E-024  6.90535E-017  9.87067E-025  6.89382E-012  7.44293E-012  1.75154E-008  2.03119E-012  1.08342E-027  3.26195E-038  1.19786E-015  1.04002E-014  4.96557E-020  2.01319E-015  2.75439E-037  8.96644E-015  2.21883E-039  7.40133E-018  5.26085E-011  4.19011E-010  4.62082E-011  7.89534E-008  6.43297E-013  1.53891E-006  1.00000E-040  3.00084E-007  1.61787E-017  7.67957E-030  2.65942E-007  1.00000E-040  4.20405E-040  6.33226E-010  6.59145E-023  9.06142E-007  6.94060E-034  6.52004E-012  3.42827E-004  1.47751E-035  1.15033E-016  8.58379E-012  5.97548E-007  3.61331E-015  5.37486E-012  7.57922E-029  7.09877E-003  4.72143E-015  2.97201E-011  1.85493E-015  2.45607E-017  2.81728E-009  2.98370E-010  2.66890E-026  9.89102E-017  1.62850E-013  7.42360E-001  4.88526E-002  4.59545E-007  9.11418E-029  6.94721E-019  5.42769E-026  7.22057E-012  6.11494E-010  1.00000E-005  1.00000E-005  
1.84127E+001  1.00342E-001  3.83878E+018  1.89324E+002  1.00000E+005  1.28624E-004  1.98604E-010  8.07622E-010  1.03902E-011  2.46209E-012  2.70580E-019  3.63248E-019  2.81165E-031  8.03762E-007  3.45076E-023  3.72446E-031  2.86616E-019  1.45979E-022  5.24648E-026  2.79960E-023  1.00000E-040  3.51715E-011  2.13096E-027  8.41900E-019  2.75731E-034  3.89678E-009  4.66653E-015  7.68153E-014  3.15949E-010  9.61044E-015  1.99866E-001  1.47231E-003  1.02928E-015  2.11402E-021  1.31085E-008  1.64436E-022  1.27918E-032  2.73049E-006  6.69408E-018  7.32949E-027  1.48600E-017  5.24922E-010  3.13948E-012  1.62256E-024  6.91205E-017  1.21513E-024  7.21530E-012  7.44292E-012  1.88974E-008  2.34800E-012  1.43444E-027  1.00000E-040  1.37373E-015  1.03273E-014  8.05985E-020  2.08377E-015  2.75302E-037  1.01081E-014  2.61183E-039  8.25836E-018  5.25858E-011  4.16782E-010  4.62189E-011  7.89444E-008  7.02409E-013  1.43967E-006  1.00000E-040  3.00084E-007  2.22957E-017  9.77317E-030  2.65845E-007  1.00000E-040  6.08222E-040  6.33226E-010  8.12198E-023  9.06150E-007  1.05278E-033  6.52003E-012  3.42853E-004  2.67452E-035  1.57438E-016  8.54502E-012  6.09505E-007  4.68906E-015  5.69360E-012  1.67427E-028  7.09875E-003  4.96773E-015  2.97202E-011  1.92345E-015  3.19848E-017  3.15316E-009  3.94729E-010  3.34577E-026  1.22598E-016  1.64618E-013  7.42360E-001  4.88525E-002  4.60691E-007  1.40139E-028  1.05623E-018  6.44393E-026  7.22047E-012  6.17620E-010  1.00000E-005  1.00000E-005  
1.92691E+001  8.83179E-002  3.39888E+018  1.88204E+002  1.00000E+005  1.08138E-004  1.82843E-010  8.08110E-010  1.12333E-011  2.73448E-012  2.70908E-019  7.25261E-019  2.81886E-031  8.03758E-007  5.68143E-023  3.71504E-031  2.86731E-019  1.46232E-022  7.93147E-026  4.68173E-023  1.00000E-040  3.51713E-011  3.39210E-027  8.42163E-019  2.75728E-034  3.90788E-009  4.67164E-015  7.68153E-014  3.15809E-010  1.02430E-014  1.99865E-001  1.47231E-003  1.15286E-015  2.88552E-021  1.39407E-008  2.06400E-022  1.29241E-032  2.73036E-006  8.38772E-018  1.43858E-026  2.02761E-017  5.30534E-010  3.42312E-012  1.83944E-024  6.91984E-017  1.49531E-024  7.44371E-012  7.44292E-012  2.03848E-008  2.70719E-012  1.89989E-027  1.00000E-040  1.58049E-015  1.02443E-014  1.35904E-019  2.16800E-015  2.75146E-037  1.13973E-014  3.05362E-039  9.22601E-018  5.25603E-011  4.13741E-010  4.62310E-011  7.89339E-008  7.67591E-013  1.34837E-006  1.00000E-040  3.00084E-007  3.06933E-017  1.26211E-029  2.65731E-007  1.00000E-040  9.29416E-040  6.33226E-010  1.00229E-022  9.06159E-007  1.59487E-033  6.52002E-012  3.42882E-004  4.83549E-035  2.15606E-016  8.50135E-012  6.22989E-007  6.08154E-015  6.05558E-012  3.44051E-028  7.09873E-003  5.23428E-015  2.97202E-011  2.00062E-015  4.15916E-017  3.52273E-009  5.14367E-010  4.20695E-026  1.52222E-016  1.66754E-013  7.42361E-001  4.88525E-002  4.61936E-007  2.15438E-028  1.61170E-018  7.63628E-026  7.22036E-012  6.24559E-010  1.00000E-005  1.00000E-005  
2.01255E+001  7.76779E-002  3.00744E+018  1.87076E+002  1.00000E+005  9.51666E-005  1.67490E-010  8.09911E-010  1.22145E-011  3.03808E-012  2.71267E-019  1.36748E-018  2.82886E-031  8.03753E-007  9.28653E-023  3.70439E-031  2.86876E-019  1.46542E-022  1.18623E-025  7.64075E-023  1.00000E-040  3.51711E-011  5.26494E-027  8.42497E-019  2.75724E-034  3.92115E-009  4.67775E-015  7.68153E-014  3.15667E-010  1.09065E-014  1.99865E-001  1.47231E-003  1.29895E-015  3.92587E-021  1.48275E-008  2.58766E-022  1.30978E-032  2.73020E-006  1.05545E-017  2.86110E-026  2.76921E-017  5.36305E-010  3.72169E-012  2.07215E-024  6.92888E-017  1.84024E-024  7.58525E-012  7.44291E-012  2.19850E-008  3.11442E-012  2.51907E-027  3.72037E-037  1.82371E-015  1.01501E-014  2.30865E-019  2.26807E-015  2.74970E-037  1.28539E-014  3.54864E-039  1.03193E-017  5.25318E-011  4.09960E-010  4.62447E-011  7.89217E-008  8.39335E-013  1.25996E-006  1.00000E-040  3.00083E-007  4.22239E-017  1.65319E-029  2.65599E-007  1.00000E-040  1.50508E-039  6.33226E-010  1.23896E-022  9.06169E-007  2.39506E-033  6.52002E-012  3.42916E-004  8.73959E-035  2.95406E-016  8.45216E-012  6.38208E-007  7.87212E-015  6.46672E-012  6.63153E-028  7.09870E-003  5.51702E-015  2.97202E-011  2.08761E-015  5.42022E-017  3.92981E-009  6.61245E-010  5.30759E-026  1.89367E-016  1.69329E-013  7.42361E-001  4.88525E-002  4.63292E-007  3.31333E-028  2.47967E-018  9.03341E-026  7.22023E-012  6.32423E-010  1.00000E-005  1.00000E-005  
2.09819E+001  6.82689E-002  2.65940E+018  1.85933E+002  1.00000E+005  8.44889E-005  1.52608E-010  8.12899E-010  1.33553E-011  3.37664E-012  2.71655E-019  2.44366E-018  2.84229E-031  8.03748E-007  1.50001E-022  3.69238E-031  2.87057E-019  1.46921E-022  1.75198E-025  1.21941E-022  1.00000E-040  3.51708E-011  7.97964E-027  8.42919E-019  2.75720E-034  3.93695E-009  4.68503E-015  7.68153E-014  3.15527E-010  1.15977E-014  1.99865E-001  1.47231E-003  1.47151E-015  5.32691E-021  1.57727E-008  3.24005E-022  1.33187E-032  2.73002E-006  1.33357E-017  5.64447E-026  3.78449E-017  5.42228E-010  4.03456E-012  2.32099E-024  6.93936E-017  2.26465E-024  7.64750E-012  7.44290E-012  2.37039E-008  3.57612E-012  3.34498E-027  1.00000E-040  2.10978E-015  1.00437E-014  3.86564E-019  2.38634E-015  2.74771E-037  1.45010E-014  4.10077E-039  1.15554E-017  5.24998E-011  4.05507E-010  4.62601E-011  7.89077E-008  9.18230E-013  1.17358E-006  1.00000E-040  3.00083E-007  5.80518E-017  2.19585E-029  2.65447E-007  1.00000E-040  2.56847E-039  6.33226E-010  1.53443E-022  9.06180E-007  3.54677E-033  6.52001E-012  3.42953E-004  1.57912E-034  4.04826E-016  8.39674E-012  6.55395E-007  1.01626E-014  6.93295E-012  1.20805E-027  7.09867E-003  5.81476E-015  2.97203E-011  2.18567E-015  7.08398E-017  4.37865E-009  8.39756E-010  6.71900E-026  2.36000E-016  1.72420E-013  7.42361E-001  4.88525E-002  4.64770E-007  5.09858E-028  3.85211E-018  1.06677E-025  7.22008E-012  6.41341E-010  1.00000E-005  1.00000E-005  
2.18383E+001  5.99545E-002  2.34966E+018  1.84814E+002  1.00000E+005  7.05557E-005  1.38286E-010  8.16959E-010  1.46809E-011  3.75812E-012  2.72070E-019  4.15806E-018  2.85994E-031  8.03742E-007  2.38609E-022  3.67887E-031  2.87279E-019  1.47386E-022  2.55321E-025  1.89789E-022  1.00000E-040  3.51705E-011  1.18319E-026  8.43453E-019  2.75716E-034  3.95571E-009  4.69370E-015  7.68153E-014  3.15387E-010  1.23083E-014  1.99865E-001  1.47231E-003  1.67553E-015  7.22654E-021  1.67804E-008  4.05265E-022  1.35925E-032  2.72979E-006  1.69009E-017  1.08765E-025  5.17957E-017  5.48291E-010  4.36260E-012  2.58638E-024  6.95146E-017  2.78300E-024  7.63733E-012  7.44290E-012  2.55458E-008  4.09968E-012  4.44653E-027  7.29208E-037  2.44598E-015  9.92370E-015  6.30417E-019  2.52536E-015  2.74546E-037  1.63646E-014  4.70548E-039  1.29538E-017  5.24641E-011  4.00445E-010  4.62776E-011  7.88917E-008  1.00521E-012  1.09565E-006  1.00000E-040  3.00082E-007  7.97230E-017  2.95791E-029  2.65272E-007  1.00000E-040  4.55942E-039  6.33226E-010  1.90444E-022  9.06192E-007  5.17774E-033  6.52000E-012  3.42996E-004  2.84803E-034  5.54523E-016  8.33431E-012  6.74822E-007  1.30985E-014  7.46026E-012  2.09428E-027  7.09864E-003  6.13362E-015  2.97204E-011  2.29597E-015  9.22468E-017  4.87411E-009  1.05480E-009  8.53129E-026  2.94495E-016  1.76123E-013  7.42361E-001  4.88524E-002  4.66380E-007  7.84198E-028  6.00159E-018  1.25751E-025  7.21992E-012  6.51462E-010  1.00000E-005  1.00000E-005  
2.26947E+001  5.26136E-002  2.07413E+018  1.83730E+002  1.00000E+005  5.60315E-005  1.24585E-010  8.21996E-010  1.62205E-011  4.19036E-012  2.72504E-019  6.76909E-018  2.88278E-031  8.03736E-007  3.72900E-022  3.66369E-031  2.87548E-019  1.47955E-022  3.66712E-025  2.87281E-022  1.00000E-040  3.51702E-011  1.71882E-026  8.44126E-019  2.75711E-034  3.97793E-009  4.70399E-015  7.68153E-014  3.15252E-010  1.30269E-014  1.99865E-001  1.47230E-003  1.91723E-015  9.81469E-021  1.78549E-008  5.06332E-022  1.39243E-032  2.72952E-006  2.14711E-017  2.03366E-025  7.09932E-017  5.54475E-010  4.70571E-012  2.86897E-024  6.96541E-017  3.41293E-024  7.56033E-012  7.44289E-012  2.75127E-008  4.69365E-012  5.91741E-027  2.15935E-037  2.84068E-015  9.78901E-015  9.95960E-019  2.68772E-015  2.74293E-037  1.84753E-014  5.36588E-039  1.45374E-017  5.24244E-011  3.94831E-010  4.62974E-011  7.88732E-008  1.10153E-012  1.03066E-006  1.00000E-040  3.00081E-007  1.09322E-016  4.03827E-029  2.65072E-007  1.00000E-040  8.28243E-039  6.33226E-010  2.36909E-022  9.06205E-007  7.44074E-033  6.51998E-012  3.43044E-004  5.12499E-034  7.58525E-016  8.26398E-012  6.96799E-007  1.68539E-014  8.05565E-012  3.47555E-027  7.09860E-003  6.47427E-015  2.97205E-011  2.41965E-015  1.18980E-016  5.42168E-009  1.31188E-009  1.08640E-025  3.67871E-016  1.80549E-013  7.42361E-001  4.88524E-002  4.68139E-007  1.20532E-027  9.34631E-018  1.47961E-025  7.21973E-012  6.62956E-010  1.00000E-005  1.00000E-005  
2.35511E+001  4.61408E-002  1.82770E+018  1.82851E+002  1.00000E+005  3.19855E-005  1.11654E-010  8.27929E-010  1.80094E-011  4.69985E-012  2.72949E-019  1.05954E-017  2.91205E-031  8.03728E-007  5.71558E-022  3.64670E-031  2.87874E-019  1.48653E-022  5.18953E-025  4.16541E-022  1.00000E-040  3.51699E-011  2.45373E-026  8.44969E-019  2.75705E-034  4.00419E-009  4.71621E-015  7.68153E-014  3.15120E-010  1.37356E-014  1.99865E-001  1.47230E-003  2.20461E-015  1.34453E-020  1.90011E-008  6.32617E-022  1.43189E-032  2.72920E-006  2.72576E-017  3.63397E-025  9.78432E-017  5.60756E-010  5.06873E-012  3.16974E-024  6.98147E-017  4.15815E-024  7.41858E-012  7.44288E-012  2.96052E-008  5.36817E-012  7.86204E-027  5.56698E-037  3.30348E-015  9.63820E-015  1.52355E-018  2.87607E-015  2.74008E-037  2.08688E-014  6.39401E-039  1.63331E-017  5.23804E-011  3.88716E-010  4.63198E-011  7.88519E-008  1.20969E-012  1.00061E-006  1.00000E-040  3.00081E-007  1.49298E-016  5.59158E-029  2.64846E-007  1.00000E-040  1.51591E-038  6.33226E-010  2.95531E-022  9.06220E-007  1.06568E-032  6.51997E-012  3.43098E-004  9.15872E-034  1.03410E-015  8.18474E-012  7.21695E-007  2.17810E-014  8.72851E-012  5.55372E-027  7.09856E-003  6.86081E-015  2.97206E-011  2.55774E-015  1.48014E-016  6.02782E-009  1.61736E-009  1.38618E-025  4.59618E-016  1.85833E-013  7.42361E-001  4.88523E-002  4.70062E-007  1.84296E-027  1.41288E-017  1.73757E-025  7.21952E-012  6.76027E-010  1.00000E-005  1.00000E-005  
2.44075E+001  4.04428E-002  1.60806E+018  1.82161E+002  1.00000E+005  1.34592E-005  9.95352E-011  8.34697E-010  2.00891E-011  5.30156E-012  2.73393E-019  1.60078E-017  2.94930E-031  8.03719E-007  8.58259E-022  3.62774E-031  2.88265E-019  1.49509E-022  7.22776E-025  5.78390E-022  1.00000E-040  3.51695E-011  3.44470E-026  8.46018E-019  2.75698E-034  4.03520E-009  4.73071E-015  7.68153E-014  3.14996E-010  1.44210E-014  1.99865E-001  1.47230E-003  2.54771E-015  1.85744E-020  2.02241E-008  7.90084E-022  1.47798E-032  2.72882E-006  3.45742E-017  6.21299E-025  1.35473E-016  5.67109E-010  5.45000E-012  3.48973E-024  6.99994E-017  5.03317E-024  7.21747E-012  7.44287E-012  3.18228E-008  6.13523E-012  1.04309E-026  1.22893E-035  3.84532E-015  9.46978E-015  2.25737E-018  3.09300E-015  2.73688E-037  2.35877E-014  6.62112E-039  1.83725E-017  5.23319E-011  3.82143E-010  4.63452E-011  7.88275E-008  1.33188E-012  1.00455E-006  1.00000E-040  3.00080E-007  2.02942E-016  7.83964E-029  2.64589E-007  1.00000E-040  2.76451E-038  6.33226E-010  3.69670E-022  9.06235E-007  1.51836E-032  6.51995E-012  3.43160E-004  1.62684E-033  1.40340E-015  8.09542E-012  7.49946E-007  2.82295E-014  9.49020E-012  8.57997E-027  7.09851E-003  7.28647E-015  2.97207E-011  2.71143E-015  1.77229E-016  6.69997E-009  1.97875E-009  1.77287E-025  5.74465E-016  1.92133E-013  7.42362E-001  4.88522E-002  4.72169E-007  2.80346E-027  2.07344E-017  2.03658E-025  7.21928E-012  6.90916E-010  1.00000E-005  1.00000E-005  
2.52639E+001  3.54359E-002  1.41192E+018  1.81782E+002  1.00000E+005  1.88451E-025  8.83224E-011  8.42252E-010  2.25091E-011  6.03180E-012  2.73820E-019  2.34361E-017  2.99650E-031  8.03710E-007  1.26164E-021  3.60663E-031  2.88731E-019  1.50560E-022  9.93968E-025  7.72671E-022  1.67082E-040  3.51691E-011  4.76596E-026  8.47313E-019  2.75691E-034  4.07176E-009  4.74791E-015  7.68153E-014  3.14880E-010  1.50658E-014  1.99865E-001  1.47229E-003  2.95962E-015  2.60049E-020  2.15293E-008  9.87033E-022  1.53090E-032  2.72838E-006  4.37236E-017  1.00777E-024  1.88946E-016  5.73505E-010  5.85135E-012  3.82996E-024  7.02115E-017  6.03236E-024  6.96377E-012  7.44285E-012  3.41634E-008  7.00891E-012  1.37892E-026  1.13686E-036  4.47834E-015  9.28223E-015  3.24663E-018  3.34088E-015  2.73328E-037  2.66818E-014  6.97894E-039  2.06931E-017  5.22786E-011  3.75149E-010  4.63741E-011  7.87995E-008  1.47111E-012  1.04037E-006  1.00000E-040  3.00079E-007  2.73883E-016  1.11260E-028  2.64301E-007  1.00000E-040  4.99148E-038  6.33226E-010  4.63792E-022  9.06252E-007  2.17317E-032  6.51993E-012  3.43231E-004  2.86409E-033  1.89278E-015  7.99472E-012  7.82063E-007  3.68297E-014  1.03567E-011  1.28702E-026  7.09845E-003  7.76448E-015  2.97209E-011  2.88211E-015  2.04359E-016  7.44661E-009  2.40492E-009  2.27208E-025  7.18056E-016  1.99636E-013  7.42362E-001  4.88522E-002  4.74481E-007  4.22540E-027  2.89865E-017  2.38246E-025  7.21900E-012  7.07905E-010  1.00000E-005  1.00000E-005  
2.61203E+001  3.10434E-002  1.23818E+018  1.81595E+002  1.00000E+005  2.06451E-025  7.79983E-011  8.50562E-010  2.53273E-011  6.90091E-012  2.74212E-019  3.33409E-017  3.05614E-031  8.03699E-007  1.81629E-021  3.58325E-031  2.89284E-019  1.51854E-022  1.35270E-024  1.01396E-021  3.24984E-040  3.51686E-011  6.49469E-026  8.48890E-019  2.75682E-034  4.11484E-009  4.76830E-015  7.68153E-014  3.14774E-010  1.56573E-014  1.99864E-001  1.47229E-003  3.45699E-015  3.67208E-020  2.29209E-008  1.23183E-021  1.59065E-032  2.72786E-006  5.51940E-017  1.56775E-024  2.64479E-016  5.79913E-010  6.26735E-012  4.19078E-024  7.04549E-017  7.17335E-024  6.67327E-012  7.44284E-012  3.66236E-008  8.00551E-012  1.81954E-026  1.00000E-040  5.21527E-015  9.07403E-015  4.53850E-018  3.62165E-015  2.72924E-037  3.02085E-014  7.83018E-039  2.33377E-017  5.22203E-011  3.67765E-010  4.64071E-011  7.87674E-008  1.62868E-012  1.08096E-006  1.00000E-040  3.00078E-007  3.67233E-016  1.59473E-028  2.63977E-007  1.00000E-040  8.90508E-038  6.33225E-010  5.83291E-022  9.06271E-007  3.09639E-032  6.51991E-012  3.43311E-004  5.01128E-033  2.53694E-015  7.88121E-012  8.18636E-007  4.80928E-014  1.13396E-011  1.87939E-026  7.09839E-003  8.27095E-015  2.97211E-011  3.07183E-015  2.33443E-016  8.27705E-009  2.90638E-009  2.91933E-025  8.97658E-016  2.08555E-013  7.42362E-001  4.88521E-002  4.77026E-007  6.32283E-027  3.93023E-017  2.78175E-025  7.21869E-012  7.27320E-010  1.00000E-005  1.00000E-005  
2.69767E+001  2.71948E-002  1.08449E+018  1.81626E+002  1.00000E+005  2.76980E-025  6.85807E-011  8.59596E-010  2.86105E-011  7.93984E-012  2.74547E-019  4.62324E-017  3.13136E-031  8.03687E-007  2.56262E-021  3.55744E-031  2.89936E-019  1.53449E-022  1.82485E-024  1.30838E-021  6.21222E-040  3.51681E-011  8.72701E-026  8.50786E-019  2.75673E-034  4.16550E-009  4.79245E-015  7.68154E-014  3.14681E-010  1.61815E-014  1.99864E-001  1.47228E-003  4.06130E-015  5.23396E-020  2.44023E-008  1.53567E-021  1.65699E-032  2.72724E-006  6.94827E-017  2.33886E-024  3.71616E-016  5.86303E-010  6.69704E-012  4.57179E-024  7.07341E-017  8.45044E-024  6.36487E-012  7.44282E-012  3.91983E-008  9.14357E-012  2.39491E-026  1.00000E-040  6.06882E-015  8.84382E-015  6.18189E-018  3.93665E-015  2.72470E-037  3.42333E-014  8.43683E-039  2.63554E-017  5.21568E-011  3.60023E-010  4.64447E-011  7.87305E-008  1.80585E-012  1.12704E-006  1.00000E-040  3.00076E-007  4.88673E-016  2.30642E-028  2.63615E-007  1.00000E-040  1.56813E-037  6.33225E-010  7.35148E-022  9.06291E-007  4.40524E-032  6.51989E-012  3.43402E-004  8.70450E-033  3.37829E-015  7.75335E-012  8.60338E-007  6.28560E-014  1.24539E-011  2.68018E-026  7.09831E-003  8.80348E-015  2.97214E-011  3.28312E-015  2.63843E-016  9.20129E-009  3.49534E-009  3.75936E-025  1.12173E-015  2.19134E-013  7.42362E-001  4.88520E-002  4.79830E-007  9.37197E-027  5.16951E-017  3.24127E-025  7.21833E-012  7.49535E-010  1.00000E-005  1.00000E-005  
2.78331E+001  2.38247E-002  9.49993E+017  1.81645E+002  1.00000E+005  4.58076E-025  5.99966E-011  8.69338E-010  3.24345E-011  9.12821E-012  2.74797E-019  6.26183E-017  3.22607E-031  8.03673E-007  3.55167E-021  3.52910E-031  2.90699E-019  1.55417E-022  2.43106E-024  1.65619E-021  1.16947E-039  3.51675E-011  1.15436E-025  8.53030E-019  2.75661E-034  4.22496E-009  4.82102E-015  7.68154E-014  3.14602E-010  1.66355E-014  1.99864E-001  1.47227E-003  4.80008E-015  7.45853E-020  2.59744E-008  1.90835E-021  1.72944E-032  2.72652E-006  8.74007E-017  3.41317E-024  5.20791E-016  5.92637E-010  7.13543E-012  4.97119E-024  7.10537E-017  9.90510E-024  6.06525E-012  7.44280E-012  4.18802E-008  1.04437E-011  3.15574E-026  1.00000E-040  7.05045E-015  8.59059E-015  8.21563E-018  4.28635E-015  2.71962E-037  3.88288E-014  8.91553E-039  2.98005E-017  5.20881E-011  3.51958E-010  4.64876E-011  7.86883E-008  2.00059E-012  1.17936E-006  1.00000E-040  3.00075E-007  6.47103E-016  3.35750E-028  2.63212E-007  1.00000E-040  2.72719E-037  6.33225E-010  9.27399E-022  9.06313E-007  6.15385E-032  6.51986E-012  3.43507E-004  1.50816E-032  4.47729E-015  7.60957E-012  9.07913E-007  8.14502E-014  1.36989E-011  3.73902E-026  7.09823E-003  9.31958E-015  2.97218E-011  3.51940E-015  2.95594E-016  1.02296E-008  4.18578E-009  4.85233E-025  1.40036E-015  2.31637E-013  7.42362E-001  4.88519E-002  4.82923E-007  1.38227E-026  6.84467E-017  3.76797E-025  7.21793E-012  7.74965E-010  1.00000E-005  1.00000E-005  
2.86895E+001  2.08724E-002  8.32782E+017  1.81533E+002  1.00000E+005  8.42815E-025  5.21895E-011  8.79763E-010  3.68829E-011  1.04471E-011  2.74933E-019  8.30520E-017  3.34515E-031  8.03658E-007  4.84695E-021  3.49817E-031  2.91587E-019  1.57845E-022  3.19422E-024  2.05551E-021  2.17141E-039  3.51668E-011  1.50288E-025  8.55639E-019  2.75649E-034  4.29456E-009  4.85472E-015  7.68154E-014  3.14540E-010  1.70127E-014  1.99864E-001  1.47227E-003  5.71053E-015  1.05705E-019  2.76357E-008  2.36137E-021  1.80723E-032  2.72569E-006  1.09885E-016  4.92757E-024  7.25592E-016  5.98873E-010  7.58354E-012  5.38613E-024  7.14187E-017  1.15755E-023  5.79657E-012  7.44277E-012  4.46585E-008  1.19283E-011  4.17025E-026  3.70752E-036  8.16950E-015  8.31381E-015  1.06768E-017  4.67012E-015  2.71396E-037  4.40737E-014  9.43649E-039  3.37317E-017  5.20141E-011  3.43614E-010  4.65365E-011  7.86400E-008  2.21059E-012  1.23878E-006  1.00000E-040  3.00073E-007  8.54046E-016  4.91470E-028  2.62765E-007  1.00000E-040  4.68810E-037  6.33225E-010  1.16995E-021  9.06337E-007  8.37782E-032  6.51983E-012  3.43626E-004  2.61283E-032  5.91223E-015  7.44835E-012  9.62169E-007  1.04162E-013  1.50712E-011  5.11437E-026  7.09814E-003  9.79376E-015  2.97222E-011  3.78403E-015  3.28499E-016  1.13722E-008  4.99307E-009  6.27507E-025  1.74503E-015  2.46346E-013  7.42363E-001  4.88517E-002  4.86334E-007  2.03248E-026  9.30149E-017  4.36805E-025  7.21747E-012  8.04061E-010  1.00000E-005  1.00000E-005  
2.95459E+001  1.82845E-002  7.30349E+017  1.81330E+002  1.00000E+005  1.62406E-024  4.51326E-011  8.90838E-010  4.20512E-011  1.19061E-011  2.74923E-019  1.08176E-016  3.49468E-031  8.03640E-007  6.52498E-021  3.46461E-031  2.92614E-019  1.60841E-022  4.14947E-024  2.50556E-021  3.97902E-039  3.51660E-011  1.92904E-025  8.58624E-019  2.75634E-034  4.37579E-009  4.89437E-015  7.68154E-014  3.14496E-010  1.73003E-014  1.99863E-001  1.47226E-003  6.84529E-015  1.49170E-019  2.93837E-008  2.91038E-021  1.88941E-032  2.72471E-006  1.37901E-016  7.03001E-024  1.00608E-015  6.04962E-010  8.04666E-012  5.81361E-024  7.18343E-017  1.34667E-023  5.56993E-012  7.44275E-012  4.75212E-008  1.36223E-011  5.52188E-026  1.00000E-040  9.43357E-015  8.01331E-015  1.36071E-017  5.08648E-015  2.70767E-037  5.00563E-014  9.87589E-039  3.82153E-017  5.19350E-011  3.35041E-010  4.65923E-011  7.85849E-008  2.43472E-012  1.30621E-006  1.00000E-040  3.00071E-007  1.12269E-015  7.23856E-028  2.62273E-007  1.00000E-040  7.97193E-037  6.33224E-010  1.47538E-021  9.06364E-007  1.11720E-031  6.51979E-012  3.43762E-004  4.52145E-032  7.77905E-015  7.26821E-012  1.02401E-006  1.31665E-013  1.65746E-011  6.87911E-026  7.09803E-003  1.02267E-014  2.97228E-011  4.07965E-015  3.61708E-016  1.26402E-008  5.93439E-009  8.12524E-025  2.16891E-015  2.63562E-013  7.42363E-001  4.88516E-002  4.90097E-007  2.97355E-026  1.29530E-016  5.04691E-025  7.21694E-012  8.37331E-010  1.00000E-005  1.00000E-005  
3.04023E+001  1.60143E-002  6.41348E+017  1.80855E+002  1.00000E+005  3.20024E-024  3.87552E-011  9.02547E-010  4.80467E-011  1.34470E-011  2.74730E-019  1.38658E-016  3.68226E-031  8.03621E-007  8.68826E-021  3.42840E-031  2.93793E-019  1.64535E-022  5.31296E-024  2.99569E-021  7.21086E-039  3.51651E-011  2.43909E-025  8.61981E-019  2.75618E-034  4.47033E-009  4.94090E-015  7.68154E-014  3.14473E-010  1.74940E-014  1.99863E-001  1.47225E-003  8.27872E-015  2.08013E-019  3.12149E-008  3.56764E-021  1.97487E-032  2.72357E-006  1.72945E-016  1.00697E-023  1.38186E-015  6.10852E-010  8.52870E-012  6.25036E-024  7.23055E-017  1.56602E-023  5.39111E-012  7.44272E-012  5.04544E-008  1.55535E-011  7.34744E-026  1.00000E-040  1.08477E-014  7.68947E-015  1.70345E-017  5.53305E-015  2.70072E-037  5.68743E-014  1.03488E-038  4.33240E-017  5.18507E-011  3.26292E-010  4.66558E-011  7.85222E-008  2.67024E-012  1.38268E-006  1.00000E-040  3.00069E-007  1.47399E-015  1.07277E-027  2.61735E-007  1.00000E-040  1.34205E-036  6.33224E-010  1.85791E-021  9.06393E-007  1.44123E-031  6.51975E-012  3.43917E-004  7.84694E-032  1.02084E-014  7.06777E-012  1.09444E-006  1.63488E-013  1.81909E-011  9.11249E-026  7.09791E-003  1.05878E-014  2.97235E-011  4.40782E-015  3.95437E-016  1.40452E-008  7.02870E-009  1.05324E-024  2.68697E-015  2.83600E-013  7.42363E-001  4.88514E-002  4.94244E-007  4.34907E-026  1.88287E-016  5.80899E-025  7.21635E-012  8.75339E-010  1.00000E-005  1.00000E-005  
3.12587E+001  1.40215E-002  5.63046E+017  1.80372E+002  1.00000E+005  6.26881E-024  3.30580E-011  9.14844E-010  5.49943E-011  1.51486E-011  2.74317E-019  1.75438E-016  3.91758E-031  8.03599E-007  1.14446E-020  3.38953E-031  2.95140E-019  1.69087E-022  6.75955E-024  3.53035E-021  1.29177E-038  3.51642E-011  3.05078E-025  8.65700E-019  2.75599E-034  4.58013E-009  4.99538E-015  7.68154E-014  3.14473E-010  1.75691E-014  1.99863E-001  1.47223E-003  1.01205E-014  2.89710E-019  3.31272E-008  4.35962E-021  2.06244E-032  2.72226E-006  2.16113E-016  1.42155E-023  1.89354E-015  6.16487E-010  9.03719E-012  6.69473E-024  7.28378E-017  1.80859E-023  5.24544E-012  7.44268E-012  5.34444E-008  1.77538E-011  9.77913E-026  3.37624E-036  1.24164E-014  7.34290E-015  2.10170E-017  6.00692E-015  2.69306E-037  6.46407E-014  1.07179E-038  4.91424E-017  5.17615E-011  3.17419E-010  4.67281E-011  7.84511E-008  2.92101E-012  1.46939E-006  1.00000E-040  3.00066E-007  1.92503E-015  1.60446E-027  2.61151E-007  1.00000E-040  2.23678E-036  6.33223E-010  2.33762E-021  9.06424E-007  1.83899E-031  6.51970E-012  3.44094E-004  1.35798E-031  1.33275E-014  6.84581E-012  1.17461E-006  2.01422E-013  1.99461E-011  1.19316E-025  7.09777E-003  1.09157E-014  2.97244E-011  4.76694E-015  4.27636E-016  1.56009E-008  8.29739E-009  1.36622E-024  3.31767E-015  3.06790E-013  7.42364E-001  4.88512E-002  4.98815E-007  6.31531E-026  2.75131E-016  6.65765E-025  7.21567E-012  9.18739E-010  1.00000E-005  1.00000E-005  
3.21151E+001  1.22728E-002  4.94180E+017  1.79877E+002  1.00000E+005  1.21614E-023  2.80063E-011  9.27715E-010  6.30424E-011  1.70241E-011  2.73643E-019  2.19522E-016  4.21319E-031  8.03574E-007  1.49305E-020  3.34794E-031  2.96672E-019  1.74699E-022  8.55806E-024  4.10444E-021  2.28939E-038  3.51631E-011  3.77810E-025  8.69762E-019  2.75577E-034  4.70748E-009  5.05909E-015  7.68154E-014  3.14498E-010  1.75136E-014  1.99862E-001  1.47222E-003  1.25302E-014  4.02888E-019  3.51198E-008  5.31073E-021  2.15096E-032  2.72074E-006  2.69061E-016  1.98117E-023  2.58840E-015  6.21815E-010  9.57628E-012  7.14572E-024  7.34368E-017  2.07484E-023  5.11697E-012  7.44264E-012  5.64798E-008  2.02613E-011  1.30183E-025  1.00000E-040  1.41428E-014  6.97445E-015  2.55972E-017  6.50495E-015  2.68465E-037  7.34898E-014  1.10391E-038  5.57708E-017  5.16673E-011  3.08468E-010  4.68104E-011  7.83705E-008  3.19043E-012  1.56775E-006  1.00000E-040  3.00064E-007  2.49998E-015  2.42598E-027  2.60521E-007  1.00000E-040  3.69278E-036  6.33223E-010  2.93809E-021  9.06459E-007  2.32296E-031  6.51964E-012  3.44295E-004  2.34452E-031  1.72857E-014  6.60115E-012  1.26591E-006  2.46287E-013  2.18443E-011  1.54709E-025  7.09761E-003  1.12073E-014  2.97255E-011  5.15335E-015  4.57470E-016  1.73237E-008  9.76569E-009  1.77377E-024  4.08288E-015  3.33478E-013  7.42364E-001  4.88510E-002  5.03856E-007  9.11084E-026  3.99308E-016  7.59604E-025  7.21491E-012  9.68308E-010  1.00000E-005  1.00000E-005  
3.29715E+001  1.07394E-002  4.33084E+017  1.79608E+002  1.00000E+005  2.32694E-023  2.35908E-011  9.41131E-010  7.23678E-011  1.92026E-011  2.72664E-019  2.72190E-016  4.58563E-031  8.03547E-007  1.92837E-020  3.30355E-031  2.98406E-019  1.81628E-022  1.08754E-023  4.72795E-021  4.01076E-038  3.51618E-011  4.64911E-025  8.74149E-019  2.75553E-034  4.85508E-009  5.13352E-015  7.68154E-014  3.14547E-010  1.73086E-014  1.99862E-001  1.47221E-003  1.57442E-014  5.64901E-019  3.71942E-008  6.46229E-021  2.23933E-032  2.71898E-006  3.32975E-016  2.67816E-023  3.55197E-015  6.26787E-010  1.01498E-011  7.60320E-024  7.41090E-017  2.35071E-023  4.98277E-012  7.44260E-012  5.95521E-008  2.31213E-011  1.72602E-025  1.00000E-040  1.60292E-014  6.58517E-015  3.08450E-017  7.02379E-015  2.67544E-037  8.35817E-014  1.11134E-038  6.33287E-017  5.15680E-011  2.99474E-010  4.69043E-011  7.82792E-008  3.48686E-012  1.67945E-006  1.00000E-040  3.00060E-007  3.21400E-015  3.71903E-027  2.59844E-007  1.00000E-040  6.04263E-036  6.33222E-010  3.69169E-021  9.06496E-007  2.96381E-031  6.51958E-012  3.44524E-004  4.02108E-031  2.21986E-014  6.33282E-012  1.36996E-006  3.01477E-013  2.39270E-011  1.99226E-025  7.09743E-003  1.14911E-014  2.97268E-011  5.56047E-015  4.82487E-016  1.92335E-008  1.14637E-008  2.30561E-024  5.01095E-015  3.64015E-013  7.42365E-001  4.88507E-002  5.09425E-007  1.29757E-025  5.56758E-016  8.62668E-025  7.21404E-012  1.02497E-009  1.00000E-005  1.00000E-005  
3.38279E+001  9.39707E-003  3.78927E+017  1.79619E+002  1.00000E+005  4.50120E-023  1.97807E-011  9.55094E-010  8.31827E-011  2.17734E-011  2.71334E-019  3.34776E-016  5.05710E-031  8.03516E-007  2.46715E-020  3.25620E-031  3.00363E-019  1.90203E-022  1.39305E-023  5.40400E-021  6.94811E-038  3.51604E-011  5.69154E-025  8.78842E-019  2.75525E-034  5.02618E-009  5.22049E-015  7.68154E-014  3.14623E-010  1.69509E-014  1.99861E-001  1.47219E-003  2.01141E-014  8.00476E-019  3.93526E-008  7.85849E-021  2.32648E-032  2.71694E-006  4.09397E-016  3.49909E-023  4.89913E-015  6.31369E-010  1.07590E-011  8.06590E-024  7.48617E-017  2.62671E-023  4.82859E-012  7.44254E-012  6.26576E-008  2.63885E-011  2.27668E-025  1.00000E-040  1.80749E-014  6.17642E-015  3.68165E-017  7.56002E-015  2.66540E-037  9.51091E-014  1.09642E-038  7.19601E-017  5.14634E-011  2.90465E-010  4.70114E-011  7.81758E-008  3.81702E-012  1.80653E-006  1.00000E-040  3.00057E-007  4.08230E-015  5.79104E-027  2.59120E-007  1.00000E-040  9.81473E-036  6.33221E-010  4.63764E-021  9.06538E-007  3.84009E-031  6.51951E-012  3.44786E-004  6.84846E-031  2.81700E-014  6.04003E-012  1.48874E-006  3.70132E-013  2.62176E-011  2.55209E-025  7.09722E-003  1.17673E-014  2.97284E-011  5.98095E-015  5.01262E-016  2.13539E-008  1.34282E-008  3.00162E-024  6.13539E-015  3.98733E-013  7.42365E-001  4.88504E-002  5.15588E-007  1.82111E-025  7.38504E-016  9.75128E-025  7.21306E-012  1.08985E-009  1.00000E-005  1.00000E-005  
3.46843E+001  8.22384E-003  3.30978E+017  1.79967E+002  1.00000E+005  9.02129E-023  1.65380E-011  9.69609E-010  9.57355E-011  2.48533E-011  2.69605E-019  4.08692E-016  5.65766E-031  8.03481E-007  3.12892E-020  3.20572E-031  3.02561E-019  2.00848E-022  1.80771E-023  6.13831E-021  1.19148E-037  3.51588E-011  6.94016E-025  8.83829E-019  2.75493E-034  5.22452E-009  5.32210E-015  7.68154E-014  3.14726E-010  1.64480E-014  1.99860E-001  1.47217E-003  2.61682E-014  1.14986E-018  4.15964E-008  9.55469E-021  2.41130E-032  2.71459E-006  4.99870E-016  4.40159E-023  6.80023E-015  6.35540E-010  1.14032E-011  8.52989E-024  7.57036E-017  2.89021E-023  4.64951E-012  7.44249E-012  6.57969E-008  3.01268E-011  2.98430E-025  1.00000E-040  2.02741E-014  5.75023E-015  4.35708E-017  8.10980E-015  2.65448E-037  1.08298E-013  1.05947E-038  8.18338E-017  5.13533E-011  2.81462E-010  4.71339E-011  7.80588E-008  4.18582E-012  1.95137E-006  1.00000E-040  3.00052E-007  5.11170E-015  9.17245E-027  2.58346E-007  1.00000E-040  1.58546E-035  6.33220E-010  5.82482E-021  9.06584E-007  5.08100E-031  6.51943E-012  3.45086E-004  1.15783E-030  3.52697E-014  5.72237E-012  1.62458E-006  4.56623E-013  2.87426E-011  3.25699E-025  7.09699E-003  1.20364E-014  2.97305E-011  6.40780E-015  5.12442E-016  2.37121E-008  1.57037E-008  3.91469E-024  7.49546E-015  4.37895E-013  7.42366E-001  4.88501E-002  5.22425E-007  2.51191E-025  9.30001E-016  1.09688E-024  7.21195E-012  1.16424E-009  1.00000E-005  1.00000E-005  
3.55407E+001  7.19977E-003  2.88849E+017  1.80536E+002  1.00000E+005  1.88861E-022  1.38066E-011  9.84710E-010  1.10310E-010  2.84779E-011  2.67427E-019  4.95316E-016  6.42833E-031  8.03442E-007  3.94094E-020  3.15188E-031  3.05017E-019  2.14112E-022  2.37599E-023  6.92291E-021  2.02773E-037  3.51570E-011  8.42243E-025  8.89102E-019  2.75457E-034  5.45443E-009  5.44078E-015  7.68154E-014  3.14854E-010  1.58271E-014  1.99859E-001  1.47215E-003  3.47057E-014  1.66849E-018  4.39243E-008  1.16042E-020  2.49252E-032  2.71186E-006  6.06830E-016  5.38276E-023  9.46815E-015  6.39290E-010  1.20814E-011  8.98645E-024  7.66441E-017  3.14036E-023  4.45502E-012  7.44242E-012  6.89743E-008  3.44094E-011  3.89479E-025  1.00000E-040  2.26128E-014  5.30963E-015  5.11423E-017  8.66871E-015  2.64266E-037  1.23407E-013  1.00692E-038  9.31427E-017  5.12373E-011  2.72483E-010  4.72741E-011  7.79263E-008  4.59191E-012  2.11669E-006  1.00000E-040  3.00047E-007  6.31362E-015  1.47820E-026  2.57522E-007  1.00000E-040  2.55220E-035  6.33219E-010  7.30891E-021  9.06635E-007  6.81071E-031  6.51934E-012  3.45429E-004  1.95495E-030  4.35792E-014  5.37993E-012  1.78012E-006  5.63850E-013  3.14945E-011  4.14305E-025  7.09672E-003  1.22798E-014  2.97330E-011  6.83652E-015  5.16321E-016  2.63371E-008  1.83427E-008  5.11436E-024  9.13308E-015  4.81622E-013  7.42367E-001  4.88497E-002  5.30026E-007  3.40993E-025  1.13035E-015  1.22732E-024  7.21068E-012  1.24967E-009  1.00000E-005  1.00000E-005  
3.63971E+001  6.30628E-003  2.52104E+017  1.81180E+002  1.00000E+005  4.08171E-022  1.15227E-011  1.00044E-009  1.27219E-010  3.26404E-011  2.64752E-019  5.96104E-016  7.42532E-031  8.03397E-007  4.94010E-020  3.09449E-031  3.07743E-019  2.30695E-022  3.15625E-023  7.74339E-021  3.43468E-037  3.51549E-011  1.01620E-024  8.94656E-019  2.75415E-034  5.72064E-009  5.57924E-015  7.68153E-014  3.15006E-010  1.51243E-014  1.99858E-001  1.47212E-003  4.69362E-014  2.43371E-018  4.63306E-008  1.40623E-020  2.56852E-032  2.70869E-006  7.33523E-016  6.47961E-023  1.31712E-014  6.42621E-010  1.27952E-011  9.42156E-024  7.76929E-017  3.38327E-023  4.26166E-012  7.44234E-012  7.21963E-008  3.93174E-011  5.07350E-025  3.65372E-035  2.50681E-014  4.85893E-015  5.95621E-017  9.23149E-015  2.62996E-037  1.40722E-013  9.34338E-039  1.06100E-016  5.11150E-011  2.63553E-010  4.74347E-011  7.77768E-008  5.02942E-012  2.30549E-006  1.00000E-040  3.00042E-007  7.70173E-015  2.42302E-026  2.56645E-007  1.00000E-040  4.09944E-035  6.33218E-010  9.15462E-021  9.06692E-007  9.15141E-031  6.51923E-012  3.45822E-004  3.37683E-030  5.31807E-014  5.01367E-012  1.95829E-006  6.93619E-013  3.44473E-011  5.25486E-025  7.09641E-003  1.24781E-014  2.97361E-011  7.26506E-015  5.14061E-016  2.92591E-008  2.14058E-008  6.69276E-024  1.10951E-014  5.29816E-013  7.42368E-001  4.88493E-002  5.38485E-007  4.56516E-025  1.35334E-015  1.36502E-024  7.20924E-012  1.34778E-009  1.00000E-005  1.00000E-005  
3.72535E+001  5.52653E-003  2.20124E+017  1.81845E+002  1.00000E+005  8.99165E-022  9.62514E-012  1.01683E-009  1.46809E-010  3.73801E-011  2.61536E-019  7.12618E-016  8.72673E-031  8.03347E-007  6.17357E-020  3.03332E-031  3.10746E-019  2.51503E-022  4.23869E-023  8.59391E-021  5.80684E-037  3.51526E-011  1.21923E-024  9.00501E-019  2.75367E-034  6.02843E-009  5.74050E-015  7.68153E-014  3.15181E-010  1.43728E-014  1.99857E-001  1.47209E-003  6.46888E-014  3.56680E-018  4.88063E-008  1.70003E-020  2.63707E-032  2.70502E-006  8.83418E-016  7.71614E-023  1.82842E-014  6.45541E-010  1.35468E-011  9.81686E-024  7.88599E-017  3.62049E-023  4.08454E-012  7.44225E-012  7.54719E-008  4.49403E-011  6.60204E-025  2.36331E-034  2.76106E-014  4.40352E-015  6.88936E-017  9.79243E-015  2.61645E-037  1.60558E-013  8.61415E-039  1.20942E-016  5.09861E-011  2.54697E-010  4.76185E-011  7.76084E-008  5.49130E-012  2.52108E-006  1.00000E-040  3.00035E-007  9.27607E-015  4.03683E-026  2.55713E-007  1.00000E-040  6.57387E-035  6.33216E-010  1.14413E-020  9.06754E-007  1.22935E-030  6.51911E-012  3.46272E-004  6.43090E-030  6.41054E-014  4.62559E-012  2.16234E-006  8.48922E-013  3.75843E-011  6.65156E-025  7.09606E-003  1.26256E-014  2.97399E-011  7.69283E-015  5.06488E-016  3.25097E-008  2.49624E-008  8.77259E-024  1.34375E-014  5.82099E-013  7.42369E-001  4.88488E-002  5.47906E-007  6.02394E-025  1.61908E-015  1.50754E-024  7.20760E-012  1.46043E-009  1.00000E-005  1.00000E-005  
3.81099E+001  4.84540E-003  1.92493E+017  1.82319E+002  1.00000E+005  2.00166E-021  8.04941E-012  1.03397E-009  1.69452E-010  4.25737E-011  2.57740E-019  8.46592E-016  1.04423E-030  8.03289E-007  7.71104E-020  2.96819E-031  3.14025E-019  2.77706E-022  5.71281E-023  9.44776E-021  9.82456E-037  3.51499E-011  1.45262E-024  9.06649E-019  2.75313E-034  6.38357E-009  5.92790E-015  7.68153E-014  3.15374E-010  1.36111E-014  1.99856E-001  1.47206E-003  9.06852E-014  5.21046E-018  5.13388E-008  2.04737E-020  2.69493E-032  2.70075E-006  1.06201E-015  9.24844E-023  2.51971E-014  6.48062E-010  1.43464E-011  1.01500E-023  8.01545E-017  3.87394E-023  3.94048E-012  7.44215E-012  7.88121E-008  5.13761E-011  8.61280E-025  1.95265E-033  3.02055E-014  3.94977E-015  7.91952E-017  1.03455E-014  2.60222E-037  1.83262E-013  7.88334E-039  1.37925E-016  5.08501E-011  2.45943E-010  4.78288E-011  7.74194E-008  5.96564E-012  2.76707E-006  1.00000E-040  3.00028E-007  1.10556E-014  6.82194E-026  2.54726E-007  1.00000E-040  1.05207E-034  6.33214E-010  1.42567E-020  9.06824E-007  1.62658E-030  6.51897E-012  3.46787E-004  1.54957E-029  7.64064E-014  4.21876E-012  2.39582E-006  1.02723E-012  4.08346E-011  8.40298E-025  7.09566E-003  1.27011E-014  2.97446E-011  8.12088E-015  4.96118E-016  3.61208E-008  2.90900E-008  1.15197E-023  1.62248E-014  6.37745E-013  7.42370E-001  4.88482E-002  5.58395E-007  7.86485E-025  1.97819E-015  1.65128E-024  7.20574E-012  1.58965E-009  1.00000E-005  1.00000E-005  
3.89663E+001  4.24969E-003  1.68488E+017  1.82686E+002  1.00000E+005  4.47958E-021  6.74496E-012  1.05187E-009  1.95558E-010  4.83542E-011  2.53331E-019  9.99873E-016  1.27286E-030  8.03225E-007  9.63750E-020  2.89887E-031  3.17569E-019  3.10834E-022  7.75649E-023  1.03193E-020  1.66969E-036  3.51469E-011  1.72236E-024  9.13127E-019  2.75250E-034  6.79246E-009  6.14517E-015  7.68152E-014  3.15581E-010  1.28563E-014  1.99855E-001  1.47202E-003  1.28919E-013  7.63655E-018  5.39153E-008  2.45897E-020  2.73723E-032  2.69581E-006  1.27390E-015  1.10983E-022  3.45636E-014  6.50191E-010  1.51960E-011  1.03992E-023  8.15855E-017  4.13837E-023  3.83340E-012  7.44204E-012  8.22301E-008  5.87330E-011  1.12492E-024  1.20110E-032  3.28166E-014  3.50434E-015  9.06449E-017  1.08850E-014  2.58746E-037  2.09216E-013  7.02033E-039  1.57336E-016  5.07067E-011  2.37317E-010  4.80691E-011  7.72083E-008  6.44597E-012  3.04745E-006  1.00000E-040  3.00020E-007  1.30057E-014  1.16666E-025  2.53680E-007  1.00000E-040  1.67988E-034  6.33212E-010  1.77199E-020  9.06902E-007  2.13763E-030  6.51881E-012  3.47376E-004  4.94420E-029  8.99164E-014  3.79778E-012  2.66264E-006  1.23321E-012  4.41916E-011  1.06132E-024  7.09520E-003  1.27196E-014  2.97504E-011  8.54724E-015  4.83026E-016  4.01267E-008  3.38759E-008  1.51578E-023  1.95429E-014  6.95674E-013  7.42372E-001  4.88476E-002  5.70070E-007  1.01234E-024  2.46587E-015  1.79156E-024  7.20361E-012  1.73769E-009  1.00000E-005  1.00000E-005  
3.98227E+001  3.72805E-003  1.47699E+017  1.82820E+002  1.00000E+005  1.00486E-020  5.66296E-012  1.07065E-009  2.25579E-010  5.46620E-011  2.48283E-019  1.17447E-015  1.58134E-030  8.03152E-007  1.20835E-019  2.82515E-031  3.21364E-019  3.52920E-022  1.05483E-022  1.11975E-020  2.86113E-036  3.51434E-011  2.03240E-024  9.19971E-019  2.75179E-034  7.26228E-009  6.39654E-015  7.68151E-014  3.15799E-010  1.21286E-014  1.99853E-001  1.47198E-003  1.85058E-013  1.11934E-017  5.65226E-008  2.94339E-020  2.75642E-032  2.69009E-006  1.52664E-015  1.34802E-022  4.70608E-014  6.51941E-010  1.61044E-011  1.05430E-023  8.31607E-017  4.43419E-023  3.76872E-012  7.44190E-012  8.57428E-008  6.71324E-011  1.47437E-024  6.04922E-032  3.54082E-014  3.07390E-015  1.03446E-016  1.14057E-014  2.57240E-037  2.38847E-013  6.23631E-039  1.79493E-016  5.05554E-011  2.28846E-010  4.83433E-011  7.69733E-008  6.92165E-012  3.36669E-006  1.00000E-040  3.00010E-007  1.51101E-014  2.01134E-025  2.52576E-007  1.00000E-040  2.67483E-034  6.33209E-010  2.19655E-020  9.06989E-007  2.76893E-030  6.51863E-012  3.48048E-004  2.05877E-028  1.04429E-013  3.36825E-012  2.96721E-006  1.46407E-012  4.75763E-011  1.34116E-024  7.09468E-003  1.26753E-014  2.97575E-011  8.96916E-015  4.69099E-016  4.45643E-008  3.94173E-008  1.99945E-023  2.34948E-014  7.54428E-013  7.42373E-001  4.88469E-002  5.83060E-007  1.28727E-024  3.16084E-015  1.92270E-024  7.20119E-012  1.90708E-009  1.00000E-005  1.00000E-005  
4.06791E+001  3.27076E-003  1.29566E+017  1.82842E+002  1.00000E+005  2.25660E-020  4.76670E-012  1.09040E-009  2.60017E-010  6.17664E-011  2.42574E-019  1.37219E-015  2.00338E-030  8.03069E-007  1.52259E-019  2.74676E-031  3.25384E-019  4.06691E-022  1.44441E-022  1.21207E-020  4.97300E-036  3.51395E-011  2.39439E-024  9.27227E-019  2.75099E-034  7.80117E-009  6.68683E-015  7.68150E-014  3.16022E-010  1.14322E-014  1.99851E-001  1.47193E-003  2.66828E-013  1.65743E-017  5.91494E-008  3.51643E-020  2.74073E-032  2.68349E-006  1.82695E-015  1.64411E-022  6.38406E-014  6.53317E-010  1.70654E-011  1.05647E-023  8.48867E-017  4.75298E-023  3.74252E-012  7.44175E-012  8.93696E-008  7.67115E-011  1.93580E-024  2.57743E-031  3.79473E-014  2.66458E-015  1.17988E-016  1.19031E-014  2.55735E-037  2.72642E-013  5.39643E-039  2.04757E-016  5.03956E-011  2.20548E-010  4.86558E-011  7.67128E-008  7.38687E-012  3.72983E-006  1.00000E-040  2.99999E-007  1.72749E-014  3.48039E-025  2.51409E-007  1.00000E-040  4.24894E-034  6.33206E-010  2.71778E-020  9.07085E-007  3.57825E-030  6.51842E-012  3.48815E-004  1.56773E-027  1.19398E-013  2.93727E-012  3.31451E-006  1.72699E-012  5.09709E-011  1.69957E-024  7.09408E-003  1.25895E-014  2.97662E-011  9.37882E-015  4.54007E-016  4.94746E-008  4.58212E-008  2.64493E-023  2.82166E-014  8.12206E-013  7.42375E-001  4.88460E-002  5.97512E-007  1.61045E-024  4.13234E-015  2.03841E-024  7.19843E-012  2.10070E-009  1.00000E-005  1.00000E-005  
4.15355E+001  2.86952E-003  1.13781E+017  1.82666E+002  1.00000E+005  5.06758E-020  4.02223E-012  1.11130E-009  2.99429E-010  6.97362E-011  2.36193E-019  1.59497E-015  2.58987E-030  8.02976E-007  1.93477E-019  2.66345E-031  3.29596E-019  4.75870E-022  1.98230E-022  1.31015E-020  8.81123E-036  3.51351E-011  2.81962E-024  9.34951E-019  2.75007E-034  8.41836E-009  7.02153E-015  7.68148E-014  3.16243E-010  1.07766E-014  1.99849E-001  1.47188E-003  3.84118E-013  2.47781E-017  6.17863E-008  4.19153E-020  2.67167E-032  2.67588E-006  2.18548E-015  2.03000E-022  8.61303E-014  6.54324E-010  1.80788E-011  1.04520E-023  8.67680E-017  5.11476E-023  3.75561E-012  7.44158E-012  9.31344E-008  8.76260E-011  2.55110E-024  9.45522E-031  4.04053E-014  2.28176E-015  1.34764E-016  1.23737E-014  2.54274E-037  3.11149E-013  4.74134E-039  2.33537E-016  5.02267E-011  2.12440E-010  4.90117E-011  7.64251E-008  7.83065E-012  4.14261E-006  1.00000E-040  2.99987E-007  1.94230E-014  6.01194E-025  2.50177E-007  1.00000E-040  6.73779E-034  6.33201E-010  3.35710E-020  9.07191E-007  4.59680E-030  6.51819E-012  3.49688E-004  2.13646E-026  1.34195E-013  2.51262E-012  3.71019E-006  2.01997E-012  5.42732E-011  2.16324E-024  7.09341E-003  1.24634E-014  2.97769E-011  9.76731E-015  4.39117E-016  5.49019E-008  5.32042E-008  3.51056E-023  3.38752E-014  8.66896E-013  7.42377E-001  4.88451E-002  6.13587E-007  1.98459E-024  5.51758E-015  2.13211E-024  7.19529E-012  2.32180E-009  1.00000E-005  1.00000E-005  
4.23919E+001  2.51722E-003  9.99511E+016  1.82411E+002  1.00000E+005  1.13769E-019  3.40415E-012  1.13352E-009  3.44441E-010  7.90193E-011  2.29133E-019  1.84438E-015  3.41909E-030  8.02871E-007  2.48667E-019  2.57496E-031  3.33958E-019  5.65607E-022  2.74119E-022  1.42075E-020  1.60034E-035  3.51301E-011  3.33206E-024  9.43200E-019  2.74902E-034  9.12442E-009  7.40701E-015  7.68145E-014  3.16456E-010  1.01605E-014  1.99847E-001  1.47181E-003  5.48757E-013  3.77350E-017  6.44266E-008  4.99171E-020  2.52056E-032  2.66713E-006  2.61238E-015  2.51917E-022  1.15979E-013  6.54962E-010  1.91265E-011  1.02003E-023  8.88065E-017  5.51132E-023  3.80283E-012  7.44139E-012  9.70640E-008  1.00053E-010  3.37029E-024  3.03506E-030  4.27599E-014  1.92972E-015  1.54573E-016  1.28143E-014  2.52908E-037  3.54996E-013  4.15693E-039  2.66302E-016  5.00479E-011  2.04535E-010  4.94168E-011  7.61085E-008  8.24563E-012  4.61156E-006  1.00000E-040  2.99973E-007  2.13878E-014  1.03129E-024  2.48876E-007  1.00000E-040  1.06896E-033  6.33196E-010  4.14397E-020  9.07310E-007  5.94559E-030  6.51792E-012  3.50682E-004  2.82320E-025  1.47796E-013  2.10309E-012  4.16069E-006  2.35308E-012  5.74413E-011  2.77428E-024  7.09263E-003  1.23160E-014  2.97899E-011  1.01216E-014  4.23998E-016  6.08942E-008  6.16903E-008  4.67706E-023  4.06899E-014  9.16180E-013  7.42380E-001  4.88440E-002  6.31472E-007  2.40070E-024  7.45556E-015  2.19753E-024  7.19176E-012  2.57414E-009  1.00000E-005  1.00000E-005  
4.32483E+001  2.20776E-003  8.78430E+016  1.82038E+002  1.00000E+005  2.55197E-019  2.88990E-012  1.15729E-009  3.95754E-010  8.99065E-011  2.21397E-019  2.12228E-015  4.61442E-030  8.02751E-007  3.24518E-019  2.48103E-031  3.38417E-019  6.83150E-022  3.80970E-022  1.54884E-020  2.98531E-035  3.51244E-011  3.96107E-024  9.52034E-019  2.74783E-034  9.93148E-009  7.85063E-015  7.68141E-014  3.16656E-010  9.58703E-015  1.99844E-001  1.47174E-003  7.73725E-013  5.84658E-017  6.70663E-008  5.93935E-020  2.24441E-032  2.65711E-006  3.12238E-015  3.15741E-022  1.55778E-013  6.55230E-010  2.01944E-011  9.81112E-024  9.10010E-017  5.95795E-023  3.88441E-012  7.44117E-012  1.01190E-007  1.14197E-010  4.47036E-024  8.65445E-030  4.49987E-014  1.61161E-015  1.78462E-016  1.32223E-014  2.51704E-037  4.04904E-013  2.86890E-039  3.03587E-016  4.98586E-011  1.96839E-010  4.98777E-011  7.57614E-008  8.61962E-012  5.14420E-006  1.00000E-040  2.99957E-007  2.30180E-014  1.74812E-024  2.47498E-007  1.00000E-040  1.70165E-033  6.33191E-010  5.11376E-020  9.07441E-007  7.74842E-030  6.51762E-012  3.51813E-004  2.91647E-024  1.59123E-013  1.71735E-012  4.67343E-006  2.72806E-012  6.03755E-011  3.59451E-024  7.09176E-003  1.21520E-014  2.98059E-011  1.04300E-014  4.09385E-016  6.75024E-008  7.14081E-008  6.25715E-023  4.89295E-014  9.57649E-013  7.42382E-001  4.88427E-002  6.51380E-007  2.85239E-024  1.01736E-014  2.22928E-024  7.18780E-012  2.86202E-009  1.00000E-005  1.00000E-005  
4.41048E+001  1.93584E-003  7.72193E+016  1.81577E+002  1.00000E+005  5.71654E-019  2.46142E-012  1.18285E-009  4.54148E-010  1.02855E-010  2.12995E-019  2.43096E-015  6.37424E-030  8.02617E-007  4.31317E-019  2.38153E-031  3.42907E-019  8.38811E-022  5.32592E-022  1.70240E-020  5.71100E-035  3.51180E-011  4.75189E-024  9.61502E-019  2.74647E-034  1.08533E-008  8.36085E-015  7.68136E-014  3.16837E-010  9.05516E-015  1.99841E-001  1.47166E-003  1.07213E-012  9.20846E-017  6.97046E-008  7.06463E-020  1.79066E-032  2.64570E-006  3.73245E-015  3.99635E-022  2.08950E-013  6.55121E-010  2.12617E-011  9.29438E-024  9.33456E-017  6.45940E-023  3.99975E-012  7.44092E-012  1.05545E-007  1.30289E-010  5.95642E-024  2.22316E-029  4.71219E-014  1.32930E-015  2.07889E-016  1.35948E-014  2.50748E-037  4.61690E-013  2.49170E-039  3.46001E-016  4.96578E-011  1.89359E-010  5.04019E-011  7.53823E-008  8.94105E-012  5.74903E-006  1.00000E-040  2.99939E-007  2.41284E-014  2.91696E-024  2.46035E-007  1.00000E-040  2.72946E-033  6.33183E-010  6.31220E-020  9.07587E-007  1.02300E-029  6.51728E-012  3.53099E-004  2.32551E-023  1.66961E-013  1.36380E-012  5.25680E-006  3.15179E-012  6.30219E-011  4.72001E-024  7.09076E-003  1.19800E-014  2.98255E-011  1.06825E-014  3.95333E-016  7.47769E-008  8.24845E-008  8.40733E-023  5.89295E-014  9.88986E-013  7.42385E-001  4.88413E-002  6.73548E-007  3.32823E-024  1.39399E-014  2.22357E-024  7.18343E-012  3.19035E-009  1.00000E-005  1.00000E-005  
4.49612E+001  1.69685E-003  6.78957E+016  1.81016E+002  1.00000E+005  1.27776E-018  2.10354E-012  1.21043E-009  5.20495E-010  1.18259E-010  2.03951E-019  2.77398E-015  9.02576E-030  8.02464E-007  5.84834E-019  2.27642E-031  3.47352E-019  1.04734E-021  7.47867E-022  1.88925E-020  1.11298E-034  3.51108E-011  5.76494E-024  9.71642E-019  2.74492E-034  1.19058E-008  8.94746E-015  7.68128E-014  3.16993E-010  8.56329E-015  1.99837E-001  1.47156E-003  1.45612E-012  1.46634E-016  7.23436E-008  8.40203E-020  1.14991E-032  2.63276E-006  4.46474E-015  5.12338E-022  2.79904E-013  6.54627E-010  2.23131E-011  8.66730E-024  9.58295E-017  7.02819E-023  4.14946E-012  7.44063E-012  1.10166E-007  1.48593E-010  7.98263E-024  5.21367E-029  4.91462E-014  1.08339E-015  2.44719E-016  1.39278E-014  2.50145E-037  5.26287E-013  7.68134E-040  3.94238E-016  4.94450E-011  1.82099E-010  5.09980E-011  7.49696E-008  9.19834E-012  6.43577E-006  1.00000E-040  2.99918E-007  2.45598E-014  4.77939E-024  2.44478E-007  1.00000E-040  4.43288E-033  6.33175E-010  7.79612E-020  9.07748E-007  1.36929E-029  6.51689E-012  3.54562E-004  1.46518E-022  1.70201E-013  1.04958E-012  5.92040E-006  3.62824E-012  6.53511E-011  6.29685E-024  7.08963E-003  1.18044E-014  2.98496E-011  1.08731E-014  3.82086E-016  8.27654E-008  9.50375E-008  1.13456E-022  7.10996E-014  1.00818E-012  7.42389E-001  4.88397E-002  6.98250E-007  3.82181E-024  1.90616E-014  2.17895E-024  7.17873E-012  3.56475E-009  1.00000E-005  1.00000E-005  
4.58176E+001  1.48678E-003  5.96958E+016  1.80392E+002  1.00000E+005  2.84694E-018  1.80422E-012  1.24024E-009  5.95773E-010  1.36590E-010  1.94295E-019  3.15702E-015  1.31227E-029  8.02292E-007  8.08342E-019  2.16586E-031  3.51660E-019  1.32936E-021  1.05602E-021  2.11932E-020  2.18432E-034  3.51025E-011  7.08377E-024  9.82463E-019  2.74317E-034  1.31069E-008  9.62187E-015  7.68118E-014  3.17120E-010  8.10690E-015  1.99833E-001  1.47146E-003  1.93618E-012  2.34891E-016  7.49902E-008  9.99680E-020  4.99893E-033  2.61819E-006  5.34613E-015  6.64656E-022  3.74936E-013  6.53737E-010  2.33397E-011  7.95392E-024  9.84374E-017  7.66732E-023  4.33171E-012  7.44030E-012  1.15089E-007  1.69410E-010  1.07645E-023  1.13014E-028  5.11081E-014  8.73255E-016  2.91286E-016  1.42158E-014  2.50030E-037  5.99763E-013  2.08407E-038  4.49091E-016  4.92194E-011  1.75060E-010  5.16758E-011  7.45223E-008  9.38393E-012  7.21553E-006  1.00000E-040  2.99894E-007  2.41784E-014  7.68176E-024  2.42812E-007  1.00000E-040  7.32321E-033  6.33165E-010  9.63901E-020  9.07927E-007  1.86213E-029  6.51644E-012  3.56226E-004  7.48990E-022  1.67955E-013  7.79987E-013  6.67520E-006  4.16710E-012  6.74192E-011  8.54815E-024  7.08834E-003  1.16308E-014  2.98795E-011  1.10007E-014  3.69450E-016  9.15105E-008  1.09169E-007  1.53754E-022  8.59470E-014  1.01377E-012  7.42393E-001  4.88379E-002  7.25791E-007  4.33282E-024  2.57909E-014  2.09678E-024  7.17389E-012  3.99170E-009  1.00000E-005  1.00000E-005  
4.66740E+001  1.30214E-003  5.24786E+016  1.79718E+002  1.00000E+005  6.31344E-018  1.55355E-012  1.27244E-009  6.81087E-010  1.58203E-010  1.84070E-019  3.58888E-015  1.96303E-029  8.02096E-007  1.13514E-018  2.05018E-031  3.55726E-019  1.71159E-021  1.49931E-021  2.40198E-020  4.24762E-034  3.50932E-011  8.81421E-024  9.93940E-019  2.74117E-034  1.44774E-008  1.03974E-014  7.68102E-014  3.17216E-010  7.68154E-015  1.99829E-001  1.47134E-003  2.52082E-012  3.76100E-016  7.76552E-008  1.19027E-019  1.48474E-033  2.60190E-006  6.41178E-015  8.72745E-022  5.02501E-013  6.52436E-010  2.43504E-011  7.18271E-024  1.01151E-016  8.38443E-023  4.54373E-012  7.43993E-012  1.20351E-007  1.93086E-010  1.46140E-023  2.29066E-028  5.30658E-014  6.97137E-016  3.50302E-016  1.44509E-014  2.50571E-037  6.83346E-013  1.07764E-036  5.11471E-016  4.89807E-011  1.68243E-010  5.24466E-011  7.40392E-008  9.49418E-012  8.10106E-006  1.00000E-040  2.99868E-007  2.29376E-014  1.21134E-023  2.41021E-007  1.00000E-040  1.23384E-032  6.33153E-010  1.19345E-019  9.08125E-007  2.56715E-029  6.51594E-012  3.58119E-004  3.18652E-021  1.59852E-013  5.57681E-013  7.53382E-006  4.77765E-012  6.93403E-011  1.18068E-023  7.08688E-003  1.14621E-014  2.99166E-011  1.10710E-014  3.57370E-016  1.01046E-007  1.24958E-007  2.09220E-022  1.04101E-013  1.00503E-012  7.42397E-001  4.88358E-002  7.56524E-007  4.88031E-024  3.42630E-014  1.98137E-024  7.16922E-012  4.47865E-009  1.00000E-005  1.00000E-005  
4.75304E+001  1.13992E-003  4.61060E+016  1.79075E+002  1.00000E+005  1.39078E-017  1.34388E-012  1.30715E-009  7.77704E-010  1.83571E-010  1.73326E-019  4.08254E-015  3.02857E-029  8.01875E-007  1.61018E-018  1.92996E-031  3.59428E-019  2.22253E-021  2.14852E-021  2.75021E-020  8.04845E-034  3.50826E-011  1.10962E-023  1.00600E-018  2.73889E-034  1.60415E-008  1.12898E-014  7.68081E-014  3.17280E-010  7.28160E-015  1.99824E-001  1.47120E-003  3.21691E-012  5.99915E-016  8.03546E-008  1.41933E-019  5.15380E-034  2.58384E-006  7.70422E-015  1.15322E-021  6.75365E-013  6.50711E-010  2.53732E-011  6.38391E-024  1.03951E-016  9.16946E-023  4.77861E-012  7.43951E-012  1.25987E-007  2.20024E-010  1.99555E-023  4.38547E-028  5.51005E-014  5.52380E-016  4.24802E-016  1.46225E-014  2.51981E-037  7.78460E-013  6.11612E-035  5.82439E-016  4.87284E-011  1.61646E-010  5.33234E-011  7.35197E-008  9.53230E-012  9.10720E-006  1.00000E-040  2.99837E-007  2.08740E-014  1.87660E-023  2.39086E-007  1.00000E-040  2.11909E-032  6.33139E-010  1.48090E-019  9.08344E-007  3.59171E-029  6.51537E-012  3.60271E-004  1.15419E-020  1.46149E-013  3.82385E-013  8.51092E-006  5.48281E-012  7.13328E-011  1.65690E-023  7.08522E-003  1.13019E-014  2.99628E-011  1.10949E-014  3.45369E-016  1.11394E-007  1.42454E-007  2.85868E-022  1.26377E-013  9.82096E-013  7.42403E-001  4.88334E-002  7.90857E-007  5.50547E-024  4.43841E-014  1.83966E-024  7.16528E-012  5.03430E-009  1.00000E-005  1.00000E-005  
4.83868E+001  9.97486E-004  4.04814E+016  1.78471E+002  1.00000E+005  3.03652E-017  1.16861E-012  1.34455E-009  8.87073E-010  2.12884E-010  1.62125E-019  4.65483E-015  4.83305E-029  8.01625E-007  2.29177E-018  1.80598E-031  3.62631E-019  2.87991E-021  3.10715E-021  3.17467E-020  1.46371E-033  3.50705E-011  1.40943E-023  1.01852E-018  2.73629E-034  1.78275E-008  1.23177E-014  7.68050E-014  3.17311E-010  6.90495E-015  1.99818E-001  1.47104E-003  4.02994E-012  9.48803E-016  8.31080E-008  1.69515E-019  2.54948E-034  2.56397E-006  9.28090E-015  1.53178E-021  9.10497E-013  6.48547E-010  2.64578E-011  5.58617E-024  1.06819E-016  1.00298E-022  5.03105E-012  7.43902E-012  1.32027E-007  2.50692E-010  2.74041E-023  8.00107E-028  5.73156E-014  4.35729E-016  5.17826E-016  1.47173E-014  2.54531E-037  8.86763E-013  3.47788E-033  6.63223E-016  4.84627E-011  1.55265E-010  5.43216E-011  7.29636E-008  9.50397E-012  1.02512E-005  1.00000E-040  2.99802E-007  1.81663E-014  2.86142E-023  2.36984E-007  1.00000E-040  3.69465E-032  6.33122E-010  1.84269E-019  9.08587E-007  5.07068E-029  6.51472E-012  3.62722E-004  3.63562E-020  1.27950E-013  2.50708E-013  9.62354E-006  6.30118E-012  7.36169E-011  2.35523E-023  7.08333E-003  1.11505E-014  3.00206E-011  1.10902E-014  3.33523E-016  1.22566E-007  1.61674E-007  3.92290E-022  1.53821E-013  9.45953E-013  7.42408E-001  4.88307E-002  8.29261E-007  6.28652E-024  5.58812E-014  1.68056E-024  7.16293E-012  5.66884E-009  1.00000E-005  1.00000E-005  
4.92432E+001  8.72530E-004  3.55019E+016  1.78010E+002  1.00000E+005  6.55535E-017  1.02273E-012  1.38476E-009  1.01086E-009  2.46630E-010  1.50540E-019  5.32716E-015  8.00537E-029  8.01341E-007  3.24972E-018  1.67919E-031  3.65177E-019  3.66908E-021  4.55968E-021  3.69469E-020  2.55271E-033  3.50569E-011  1.80258E-023  1.03129E-018  2.73333E-034  1.98683E-008  1.35036E-014  7.68007E-014  3.17311E-010  6.54930E-015  1.99811E-001  1.47086E-003  4.96514E-012  1.48744E-015  8.59385E-008  2.02938E-019  1.54619E-034  2.54230E-006  1.12098E-014  2.02665E-021  1.23454E-012  6.45931E-010  2.76711E-011  4.81448E-024  1.09740E-016  1.09445E-022  5.29221E-012  7.43847E-012  1.38497E-007  2.85635E-010  3.77678E-023  1.40049E-027  5.98358E-014  3.43552E-016  6.32277E-016  1.47202E-014  2.58565E-037  1.01020E-012  1.97995E-031  7.55263E-016  4.81836E-011  1.49095E-010  5.54589E-011  7.23714E-008  9.42042E-012  1.15531E-005  1.00000E-040  2.99762E-007  1.50627E-014  4.30572E-023  2.34690E-007  1.00000E-040  6.49794E-032  6.33102E-010  2.30209E-019  9.08856E-007  7.23819E-029  6.51398E-012  3.65514E-004  1.01456E-019  1.06929E-013  1.56907E-013  1.08916E-005  7.27739E-012  7.65092E-011  3.38058E-023  7.08117E-003  1.10095E-014  3.00930E-011  1.10783E-014  3.21402E-016  1.34553E-007  1.82603E-007  5.40936E-022  1.87861E-013  8.98326E-013  7.42415E-001  4.88276E-002  8.72285E-007  7.33039E-024  6.82637E-014  1.51429E-024  7.16343E-012  6.39419E-009  1.00000E-005  1.00000E-005  
5.00996E+001  7.63013E-004  3.11120E+016  1.77632E+002  1.00000E+005  1.39896E-016  9.01328E-013  1.42812E-009  1.15095E-009  2.84650E-010  1.38659E-019  6.12077E-015  1.38155E-028  8.01018E-007  4.56560E-018  1.55075E-031  3.66893E-019  4.52211E-021  6.76198E-021  4.32185E-020  4.26393E-033  3.50413E-011  2.31230E-023  1.04407E-018  2.72996E-034  2.22021E-008  1.48739E-014  7.67945E-014  3.17280E-010  6.21779E-015  1.99803E-001  1.47065E-003  6.02698E-012  2.30227E-015  8.88699E-008  2.43350E-019  1.07060E-034  2.51888E-006  1.35873E-014  2.67944E-021  1.68040E-012  6.42854E-010  2.90843E-011  4.08826E-024  1.12699E-016  1.19444E-022  5.56119E-012  7.43784E-012  1.45406E-007  3.25487E-010  5.22537E-023  2.36498E-027  6.28066E-014  2.72142E-016  7.70334E-016  1.46149E-014  2.64530E-037  1.15100E-012  1.12833E-029  8.60221E-016  4.78916E-011  1.43130E-010  5.67558E-011  7.17448E-008  9.28977E-012  1.30363E-005  1.00000E-040  2.99717E-007  1.18921E-014  6.40808E-023  2.32174E-007  1.00000E-040  1.14436E-031  6.33078E-010  2.88879E-019  9.09154E-007  1.03375E-028  6.51315E-012  3.68698E-004  2.55168E-019  8.52008E-014  9.36011E-014  1.23382E-005  8.43266E-012  8.02175E-011  4.88013E-023  7.07872E-003  1.08778E-014  3.01838E-011  1.10861E-014  3.09620E-016  1.47331E-007  2.05187E-007  7.49918E-022  2.30325E-013  8.41450E-013  7.42423E-001  4.88241E-002  9.20559E-007  8.77641E-024  8.10276E-014  1.35221E-024  7.16859E-012  7.22428E-009  1.00000E-005  1.00000E-005  
5.09560E+001  6.67135E-004  2.72238E+016  1.77493E+002  1.00000E+005  2.95261E-016  8.00998E-013  1.47482E-009  1.30950E-009  3.27783E-010  1.26587E-019  7.06149E-015  2.46061E-028  8.00652E-007  6.32236E-018  1.42189E-031  3.67584E-019  5.31201E-021  1.02232E-020  5.09487E-020  7.01078E-033  3.50236E-011  2.97247E-023  1.05652E-018  2.72611E-034  2.48737E-008  1.64602E-014  7.67858E-014  3.17221E-010  5.91039E-015  1.99794E-001  1.47042E-003  7.22163E-012  3.53075E-015  9.19289E-008  2.92576E-019  8.45617E-035  2.49376E-006  1.65207E-014  3.49091E-021  2.30476E-012  6.39306E-010  3.07865E-011  3.42132E-024  1.15686E-016  1.29876E-022  5.82964E-012  7.43712E-012  1.52749E-007  3.70986E-010  7.23305E-023  3.86502E-027  6.63948E-014  2.17843E-016  9.33464E-016  1.43864E-014  2.73008E-037  1.31180E-012  1.95626E-027  9.80041E-016  4.75876E-011  1.37364E-010  5.82366E-011  7.10871E-008  9.12716E-012  1.47279E-005  1.00000E-040  2.99665E-007  8.91850E-015  9.46331E-023  2.29404E-007  1.00000E-040  2.00547E-031  6.33049E-010  3.64792E-019  9.09484E-007  1.49007E-028  6.51220E-012  3.72333E-004  5.86790E-019  6.46316E-014  5.32691E-014  1.39904E-005  9.85464E-012  8.51592E-011  7.06868E-023  7.07592E-003  1.07570E-014  3.02975E-011  1.11386E-014  2.97593E-016  1.60858E-007  2.29339E-007  1.04625E-021  2.83860E-013  7.77815E-013  7.42432E-001  4.88201E-002  9.74814E-007  1.07761E-023  9.35422E-014  1.20626E-024  7.18086E-012  8.17545E-009  1.00000E-005  1.00000E-005  
5.18124E+001  5.83282E-004  2.38097E+016  1.77436E+002  1.00000E+005  6.21268E-016  7.17823E-013  1.52538E-009  1.48888E-009  3.75354E-010  1.14451E-019  8.16585E-015  1.00000E-040  8.00236E-007  8.61200E-018  1.29394E-031  3.67040E-019  5.88171E-021  1.55988E-020  6.02938E-020  1.12816E-032  3.50034E-011  3.81436E-023  1.06826E-018  2.72172E-034  2.79348E-008  1.83002E-014  7.67738E-014  3.17134E-010  5.63402E-015  1.99784E-001  1.47015E-003  8.55340E-012  5.34051E-015  9.51394E-008  3.52029E-019  7.31049E-035  2.46706E-006  2.01700E-014  4.52910E-021  3.16997E-012  6.35285E-010  3.28435E-011  2.82166E-024  1.18687E-016  1.41473E-022  6.10877E-012  7.43630E-012  1.60493E-007  4.22980E-010  1.00326E-022  6.13250E-027  7.07899E-014  1.77283E-016  1.12150E-015  1.40232E-014  2.84761E-037  1.49562E-012  1.00000E-040  1.11695E-015  4.72726E-011  1.31791E-010  5.99288E-011  7.04043E-008  8.93657E-012  1.66593E-005  1.00000E-040  2.99605E-007  6.36734E-015  1.38869E-022  2.26347E-007  1.00000E-040  3.47916E-031  6.33014E-010  4.63412E-019  9.09850E-007  2.13402E-028  6.51113E-012  3.76486E-004  1.24975E-018  4.67321E-014  2.89126E-014  1.58791E-005  1.15591E-011  9.14851E-011  1.02380E-022  7.07272E-003  1.06472E-014  3.04396E-011  1.12673E-014  2.86414E-016  1.75070E-007  2.54941E-007  1.46944E-021  3.51677E-013  7.09893E-013  7.42442E-001  4.88155E-002  1.03588E-006  1.34868E-023  1.05403E-013  8.87745E-025  7.20352E-012  9.26663E-009  1.00000E-005  1.00000E-005  
5.26688E+001  5.09992E-004  2.08084E+016  1.77518E+002  1.00000E+005  1.30816E-015  6.48991E-013  1.58020E-009  1.69172E-009  4.27742E-010  1.02397E-019  9.45332E-015  1.00000E-040  7.99762E-007  1.15161E-017  1.16824E-031  3.65042E-019  6.09185E-021  2.40814E-020  7.17785E-020  1.80682E-032  3.49803E-011  4.88277E-023  1.07888E-018  2.71671E-034  3.14440E-008  2.04376E-014  7.67573E-014  3.17020E-010  5.39134E-015  1.99773E-001  1.46984E-003  1.00288E-011  7.98520E-015  9.85259E-008  4.23826E-019  6.88046E-035  2.43891E-006  2.47228E-014  5.81662E-021  4.37558E-012  6.30787E-010  3.53397E-011  2.29298E-024  1.21689E-016  1.54241E-022  6.40144E-012  7.43536E-012  1.68565E-007  4.82429E-010  1.39179E-022  9.46456E-027  7.62059E-014  1.47434E-016  1.33300E-015  1.35187E-014  3.00790E-037  1.70586E-012  1.00000E-040  1.27349E-015  4.69484E-011  1.26404E-010  6.18637E-011  6.97056E-008  8.72944E-012  1.88658E-005  1.00000E-040  2.99537E-007  4.32965E-015  2.02972E-022  2.22965E-007  1.00000E-040  5.95534E-031  6.32973E-010  5.92850E-019  9.10256E-007  3.04549E-028  6.50992E-012  3.81235E-004  2.49221E-018  3.22387E-014  1.49951E-014  1.80396E-005  1.36350E-011  9.95904E-011  1.48046E-022  7.06907E-003  1.05508E-014  3.06166E-011  1.14980E-014  2.75990E-016  1.89886E-007  2.81836E-007  2.07902E-021  4.38369E-013  6.39991E-013  7.42453E-001  4.88102E-002  1.10468E-006  1.70656E-023  1.16134E-013  7.44565E-025  7.24081E-012  1.05195E-008  1.00000E-005  1.00000E-005  
5.35252E+001  4.45969E-004  1.81796E+016  1.77679E+002  1.00000E+005  2.77210E-015  5.91833E-013  1.63980E-009  1.92087E-009  4.84691E-010  9.05856E-020  1.09365E-014  1.00000E-040  7.99224E-007  1.51077E-017  1.04609E-031  3.61373E-019  5.87662E-021  3.74413E-020  8.59509E-020  2.87514E-032  3.49540E-011  6.22624E-023  1.08798E-018  2.71099E-034  3.54689E-008  2.29239E-014  7.67350E-014  3.16878E-010  5.18612E-015  1.99760E-001  1.46949E-003  1.16544E-011  1.17957E-014  1.02112E-007  5.09916E-019  6.91086E-035  2.40948E-006  3.04317E-014  7.41751E-021  6.04619E-012  6.25814E-010  3.83468E-011  1.83521E-024  1.24677E-016  1.68711E-022  6.71534E-012  7.43429E-012  1.76848E-007  5.50434E-010  1.93086E-022  1.42367E-026  8.28863E-014  1.25705E-016  1.56443E-015  1.28737E-014  3.22426E-037  1.94646E-012  1.14603E-029  1.45253E-015  4.66168E-011  1.21200E-010  6.40773E-011  6.90048E-008  8.51595E-012  2.13878E-005  1.00000E-040  2.99460E-007  2.81026E-015  2.95917E-022  2.19223E-007  1.00000E-040  1.00385E-030  6.32923E-010  7.63863E-019  9.10704E-007  4.30541E-028  6.50855E-012  3.86668E-004  4.69686E-018  2.12614E-014  7.44304E-015  2.05122E-005  1.61469E-011  1.09817E-010  2.13390E-022  7.06488E-003  1.04710E-014  3.08361E-011  1.18554E-014  2.66731E-016  2.05206E-007  3.09838E-007  2.96412E-021  5.49928E-013  5.70101E-013  7.42466E-001  4.88042E-002  1.18226E-006  2.16655E-023  1.25321E-013  6.19449E-025  7.29807E-012  1.19590E-008  1.00000E-005  1.00000E-005  
5.43816E+001  3.90062E-004  1.58755E+016  1.77961E+002  1.00000E+005  5.92589E-015  5.44348E-013  1.70464E-009  2.17947E-009  5.46659E-010  7.91852E-020  1.26292E-014  1.00000E-040  7.98610E-007  1.94315E-017  9.28685E-032  3.55835E-019  5.26860E-021  5.86995E-020  1.03855E-019  4.60011E-032  3.49239E-011  7.90986E-023  1.09516E-018  2.70446E-034  4.00871E-008  2.58193E-014  7.67053E-014  3.16707E-010  5.02174E-015  1.99745E-001  1.46909E-003  1.34387E-011  1.72555E-014  1.05925E-007  6.12706E-019  7.39149E-035  2.37894E-006  3.76124E-014  9.34963E-021  8.36363E-012  6.20365E-010  4.19528E-011  1.44560E-024  1.27638E-016  1.85031E-022  7.04999E-012  7.43306E-012  1.85171E-007  6.28250E-010  2.67442E-022  2.09043E-026  9.11072E-014  1.09992E-016  1.81021E-015  1.20970E-014  3.51454E-037  2.22187E-012  7.67317E-029  1.65739E-015  4.62799E-011  1.16175E-010  6.66106E-011  6.83209E-008  8.31239E-012  2.42717E-005  1.00000E-040  2.99371E-007  1.74429E-015  4.31121E-022  2.15080E-007  1.00000E-040  1.66511E-030  6.32863E-010  9.92017E-019  9.11200E-007  6.04615E-028  6.50701E-012  3.92884E-004  8.43298E-018  1.34323E-014  3.54687E-015  2.33430E-005  1.92252E-011  1.22734E-010  3.06406E-022  7.06009E-003  1.04113E-014  3.11071E-011  1.23588E-014  2.58534E-016  2.20922E-007  3.38739E-007  4.26076E-021  6.94759E-013  5.01857E-013  7.42481E-001  4.87974E-002  1.26979E-006  2.74476E-023  1.32504E-013  5.02709E-025  7.38189E-012  1.36142E-008  1.00000E-005  1.00000E-005  
5.52380E+001  3.41266E-004  1.38573E+016  1.78374E+002  1.00000E+005  1.28094E-014  5.04829E-013  1.77518E-009  2.47097E-009  6.14052E-010  6.83603E-020  1.45418E-014  1.00000E-040  7.97912E-007  2.45014E-017  8.17037E-032  3.48264E-019  4.38756E-021  9.27210E-020  1.26994E-019  7.44433E-032  3.48896E-011  1.00120E-022  1.10011E-018  2.69702E-034  4.53889E-008  2.91946E-014  7.66661E-014  3.16504E-010  4.90676E-015  1.99728E-001  1.46863E-003  1.53912E-011  2.50379E-014  1.09991E-007  7.34532E-019  8.37632E-035  2.34749E-006  4.66745E-014  1.16231E-020  1.15701E-011  6.14441E-010  4.62394E-011  1.11955E-024  1.30558E-016  2.03495E-022  7.40283E-012  7.43166E-012  1.93309E-007  7.17326E-010  3.69399E-022  3.00108E-026  1.01181E-013  9.86804E-017  2.06237E-015  1.12053E-014  3.90299E-037  2.53728E-012  1.00000E-040  1.89186E-015  4.59402E-011  1.11323E-010  6.95108E-011  6.76801E-008  8.13598E-012  2.75707E-005  1.00000E-040  2.99270E-007  1.03800E-015  6.28471E-022  2.10497E-007  1.00000E-040  2.71780E-030  6.32792E-010  1.29901E-018  9.11745E-007  8.43932E-028  6.50528E-012  4.00000E-004  1.45215E-017  8.15006E-015  1.62824E-015  2.65854E-005  2.30265E-011  1.39030E-010  4.38100E-022  7.05461E-003  1.03752E-014  3.14400E-011  1.30258E-014  2.51383E-016  2.36917E-007  3.68318E-007  6.17655E-021  8.84241E-013  4.36529E-013  7.42498E-001  4.87895E-002  1.36861E-006  3.45821E-023  1.37256E-013  3.94220E-025  7.50024E-012  1.55189E-008  1.00000E-005  1.00000E-005  
5.60944E+001  2.98693E-004  1.20904E+016  1.78938E+002  1.00000E+005  2.80223E-014  4.71876E-013  1.85185E-009  2.79908E-009  6.87548E-010  5.82642E-020  1.66838E-014  1.00000E-040  7.97117E-007  3.02913E-017  7.11995E-032  3.38544E-019  3.39609E-021  1.47499E-019  1.57703E-019  1.22619E-031  3.48503E-011  1.26302E-022  1.10263E-018  2.68853E-034  5.14784E-008  3.31312E-014  7.66154E-014  3.16267E-010  4.86515E-015  1.99708E-001  1.46811E-003  1.75215E-011  3.61062E-014  1.14339E-007  8.77635E-019  1.00356E-034  2.31532E-006  5.81444E-014  1.42104E-020  1.59918E-011  6.08040E-010  5.12789E-011  8.51301E-025  1.33424E-016  2.24341E-022  7.76612E-012  7.43005E-012  2.00977E-007  8.19324E-010  5.08123E-022  4.21890E-026  1.13458E-013  9.06023E-017  2.31091E-015  1.02227E-014  4.42309E-037  2.89862E-012  1.00000E-040  2.16033E-015  4.56000E-011  1.06638E-010  7.28324E-011  6.71175E-008  8.00522E-012  3.13462E-005  1.00000E-040  2.99154E-007  5.94134E-016  9.17570E-022  2.05435E-007  1.00000E-040  4.36704E-030  6.32707E-010  1.71553E-018  9.12343E-007  1.17264E-027  6.50333E-012  4.08148E-004  2.41161E-017  4.76402E-015  7.23185E-016  3.03007E-005  2.77674E-011  1.59609E-010  6.23645E-022  7.04832E-003  1.03664E-014  3.18469E-011  1.38740E-014  2.45170E-016  2.53075E-007  3.98345E-007  9.03041E-021  1.13392E-012  3.75069E-013  7.42518E-001  4.87805E-002  1.48022E-006  4.32568E-023  1.39206E-013  2.94210E-025  7.66253E-012  1.77124E-008  1.00000E-005  1.00000E-005  
5.69508E+001  2.61573E-004  1.05410E+016  1.79732E+002  1.00000E+005  6.20333E-014  4.44399E-013  1.93490E-009  3.16784E-009  7.68741E-010  4.90263E-020  1.90680E-014  1.00000E-040  7.96210E-007  3.67271E-017  6.14208E-032  3.26628E-019  2.44681E-021  2.36990E-019  2.00017E-019  2.08772E-031  3.48054E-011  1.58921E-022  1.10262E-018  2.67885E-034  5.84779E-008  3.77231E-014  7.65505E-014  3.15993E-010  4.96729E-015  1.99686E-001  1.46751E-003  1.98408E-011  5.19352E-014  1.18998E-007  1.04440E-018  1.28172E-034  2.28263E-006  7.26917E-014  1.69676E-020  2.20934E-011  6.01160E-010  5.71336E-011  6.34536E-025  1.36219E-016  2.47392E-022  8.12323E-012  7.42822E-012  2.07844E-007  9.36177E-010  6.94640E-022  5.81479E-026  1.28321E-013  8.49639E-017  2.54512E-015  9.17884E-015  5.12175E-037  3.31280E-012  1.00000E-040  2.46787E-015  4.52617E-011  1.02113E-010  7.66384E-011  6.66797E-008  7.94146E-012  3.56691E-005  1.00000E-040  2.99022E-007  3.28443E-016  1.34308E-021  1.99856E-007  1.00000E-040  6.91311E-030  6.32607E-010  2.28642E-018  9.12996E-007  1.63266E-027  6.50115E-012  4.17483E-004  3.87960E-017  2.69298E-015  3.12755E-016  3.45602E-005  3.38107E-011  1.85780E-010  8.84160E-022  7.04111E-003  1.03865E-014  3.23422E-011  1.49221E-014  2.39536E-016  2.69282E-007  4.28597E-007  1.33183E-020  1.46557E-012  3.18158E-013  7.42540E-001  4.87703E-002  1.60633E-006  5.36898E-023  1.38076E-013  2.01200E-025  7.87951E-012  2.02414E-008  1.00000E-005  1.00000E-005  
5.78072E+001  2.29224E-004  9.18715E+015  1.80715E+002  1.00000E+005  1.38802E-013  4.21115E-013  2.02476E-009  3.58135E-009  8.58349E-010  4.07480E-020  2.16977E-014  2.67821E-029  7.95177E-007  4.37260E-017  5.24172E-032  3.12556E-019  1.64620E-021  3.82842E-019  2.59361E-019  3.64578E-031  3.47541E-011  1.99337E-022  1.10009E-018  2.66783E-034  6.65293E-008  4.30749E-014  7.64685E-014  3.15675E-010  5.41160E-015  1.99660E-001  1.46683E-003  2.23561E-011  7.45519E-014  1.23993E-007  1.23570E-018  1.72738E-034  2.24957E-006  9.11646E-014  1.98314E-020  3.04221E-011  5.93798E-010  6.37776E-011  4.62751E-025  1.38921E-016  2.73059E-022  8.46406E-012  7.42612E-012  2.13548E-007  1.07010E-009  9.43391E-022  7.87028E-026  1.46179E-013  8.12409E-017  2.75431E-015  8.10712E-015  6.06570E-037  3.78775E-012  2.82090E-028  2.82028E-015  4.49276E-011  9.77414E-011  8.10014E-011  6.64284E-008  7.95870E-012  4.06213E-005  1.00000E-040  2.98870E-007  1.76575E-016  1.96962E-021  1.93729E-007  1.00000E-040  1.07884E-029  6.32487E-010  3.07191E-018  9.13704E-007  2.27080E-027  6.49872E-012  4.28182E-004  6.06397E-017  1.48038E-015  1.32613E-016  3.94459E-005  4.15147E-011  2.18897E-010  1.24808E-021  7.03284E-003  1.04384E-014  3.29425E-011  1.61992E-014  2.34466E-016  2.85426E-007  4.58862E-007  1.97955E-020  1.90719E-012  2.66261E-013  7.42566E-001  4.87585E-002  1.74886E-006  6.61100E-023  1.33814E-013  1.56231E-025  8.16281E-012  2.31601E-008  1.00000E-005  1.00000E-005  
5.86636E+001  2.01050E-004  7.99968E+015  1.82032E+002  1.00000E+005  3.13311E-013  4.00866E-013  2.12124E-009  4.04385E-009  9.59755E-010  3.34904E-020  2.45923E-014  4.77879E-029  7.93998E-007  5.11710E-017  4.42206E-032  2.96464E-019  1.03905E-021  6.25782E-019  3.46380E-019  6.67951E-031  3.46954E-011  2.49487E-022  1.09517E-018  2.65529E-034  7.57994E-008  4.93009E-014  7.63661E-014  3.15309E-010  6.74196E-015  1.99631E-001  1.46605E-003  2.50769E-011  1.07448E-013  1.29342E-007  1.45329E-018  2.50649E-034  2.21630E-006  1.14605E-013  2.24548E-020  4.18270E-011  5.85949E-010  7.11589E-011  3.29495E-025  1.41505E-016  3.00346E-022  8.76414E-012  7.42373E-012  2.17719E-007  1.22366E-009  1.26972E-021  1.04702E-025  1.67452E-013  7.91127E-017  2.93231E-015  7.04156E-015  7.35153E-037  4.33267E-012  1.09352E-028  3.22433E-015  4.45997E-011  9.35140E-011  8.60057E-011  6.64444E-008  8.07933E-012  4.62972E-005  1.00000E-040  2.98697E-007  9.31393E-017  2.89559E-021  1.87028E-007  1.00000E-040  1.66101E-029  6.32345E-010  4.16374E-018  9.14465E-007  3.19424E-027  6.49602E-012  4.40450E-004  9.22691E-017  7.97188E-016  5.58160E-017  4.50532E-005  5.16630E-011  2.61207E-010  1.75567E-021  7.02335E-003  1.05188E-014  3.36678E-011  1.77351E-014  2.29295E-016  3.01400E-007  4.88953E-007  2.96507E-020  2.49922E-012  2.19660E-013  7.42595E-001  4.87451E-002  1.91000E-006  8.08087E-023  1.26544E-013  9.30747E-026  8.52428E-012  2.65329E-008  1.00000E-005  1.00000E-005  
5.95200E+001  1.76521E-004  6.96794E+015  1.83489E+002  1.00000E+005  7.11096E-013  3.81801E-013  2.22531E-009  4.55909E-009  1.07211E-009  2.72796E-020  2.77339E-014  1.00000E-040  7.92653E-007  5.90888E-017  3.68542E-032  2.78605E-019  6.21161E-022  1.02086E-018  4.72184E-019  1.23673E-030  3.46283E-011  3.10909E-022  1.08806E-018  2.64103E-034  8.64795E-008  5.65154E-014  7.62398E-014  3.14887E-010  1.01144E-014  1.99597E-001  1.46515E-003  2.79992E-011  1.54934E-013  1.35037E-007  1.69409E-018  3.78381E-034  2.18290E-006  1.44129E-013  2.49606E-020  5.70343E-011  5.77614E-010  7.89942E-011  2.28589E-025  1.43932E-016  3.30238E-022  9.04277E-012  7.42100E-012  2.20031E-007  1.39976E-009  1.69629E-021  1.37197E-025  1.92546E-013  7.83091E-017  3.07285E-015  6.01466E-015  9.12078E-037  4.95796E-012  1.41814E-028  3.68761E-015  4.42801E-011  8.94226E-011  9.17461E-011  6.68340E-008  8.29699E-012  5.28036E-005  1.00000E-040  2.98500E-007  4.89230E-017  4.25090E-021  1.79744E-007  1.00000E-040  2.52338E-029  6.32177E-010  5.66915E-018  9.15271E-007  4.48253E-027  6.49303E-012  4.54521E-004  1.36739E-016  4.25258E-016  2.35978E-017  5.14897E-005  6.46420E-011  3.14082E-010  2.45870E-021  7.01244E-003  1.06293E-014  3.45412E-011  1.95789E-014  2.24241E-016  3.17098E-007  5.18719E-007  4.46057E-020  3.28548E-012  1.78491E-013  7.42629E-001  4.87298E-002  2.09212E-006  9.80362E-023  1.16827E-013  1.05451E-026  8.97343E-012  3.04342E-008  1.00000E-005  1.00000E-005  
6.03764E+001  1.55157E-004  6.07221E+015  1.85073E+002  1.00000E+005  1.61772E-012  3.62552E-013  2.33752E-009  5.12994E-009  1.19678E-009  2.20975E-020  3.11167E-014  1.00000E-040  7.91119E-007  6.75484E-017  3.03296E-032  2.59344E-019  3.56810E-022  1.65779E-018  6.54516E-019  2.30303E-030  3.45515E-011  3.85678E-022  1.07898E-018  2.62484E-034  9.87853E-008  6.48202E-014  7.60854E-014  3.14402E-010  1.75385E-014  1.99559E-001  1.46414E-003  3.11200E-011  2.23905E-013  1.41046E-007  1.95518E-018  5.91051E-034  2.14945E-006  1.80912E-013  2.72569E-020  7.69976E-011  5.68797E-010  8.69597E-011  1.54233E-025  1.46162E-016  3.62343E-022  9.31134E-012  7.41788E-012  2.20227E-007  1.60158E-009  2.24866E-021  1.77347E-025  2.21820E-013  7.86335E-017  3.17547E-015  5.05467E-015  1.15820E-036  5.67506E-012  1.00000E-040  4.21848E-015  4.39710E-011  8.54615E-011  9.83272E-011  6.77336E-008  8.61229E-012  6.02579E-005  1.00000E-040  2.98275E-007  2.60431E-017  6.21764E-021  1.71888E-007  1.00000E-040  3.78293E-029  6.31981E-010  7.73585E-018  9.16107E-007  6.28404E-027  6.48975E-012  4.70647E-004  1.97469E-016  2.27941E-016  1.02019E-017  5.88745E-005  8.11708E-011  3.79513E-010  3.42841E-021  6.99991E-003  1.07649E-014  3.55893E-011  2.17742E-014  2.18939E-016  3.32408E-007  5.48034E-007  6.72356E-020  4.32276E-012  1.42766E-013  7.42667E-001  4.87123E-002  2.29775E-006  1.18110E-022  1.05395E-013  1.00000E-040  9.51507E-012  3.49487E-008  1.00000E-005  1.00000E-005  
6.12328E+001  1.36537E-004  5.29701E+015  1.86696E+002  1.00000E+005  3.67919E-012  3.42095E-013  2.45913E-009  5.75821E-009  1.33367E-009  1.78835E-020  3.47157E-014  1.00000E-040  7.89370E-007  7.67430E-017  2.46424E-032  2.39141E-019  2.01040E-022  2.66256E-018  9.14125E-019  4.24804E-030  3.44639E-011  4.75887E-022  1.06819E-018  2.60649E-034  1.12962E-007  7.42903E-014  7.58988E-014  3.13845E-010  3.20019E-014  1.99515E-001  1.46298E-003  3.44308E-011  3.24005E-013  1.47301E-007  2.23109E-018  9.38507E-034  2.11595E-006  2.26032E-013  2.94030E-020  1.02588E-010  5.59509E-010  9.46465E-011  1.01052E-025  1.48150E-016  3.96666E-022  9.59855E-012  7.41433E-012  2.18178E-007  1.83265E-009  2.95978E-021  2.26544E-025  2.55587E-013  7.98983E-017  3.24124E-015  4.18296E-015  1.50462E-036  6.49667E-012  1.00000E-040  4.82618E-015  4.36746E-011  8.16256E-011  1.05865E-010  6.93160E-008  9.01578E-012  6.87903E-005  1.00000E-040  2.98018E-007  1.43106E-017  9.03181E-021  1.63494E-007  1.00000E-040  5.59565E-029  6.31751E-010  1.05422E-017  9.16946E-007  8.76471E-027  6.48618E-012  4.89113E-004  2.78092E-016  1.24737E-016  4.58901E-018  6.73401E-005  1.01770E-010  4.59067E-010  4.75894E-021  6.98554E-003  1.09205E-014  3.68433E-011  2.43664E-014  2.13225E-016  3.47222E-007  5.76826E-007  1.01226E-019  5.67415E-012  1.12349E-013  7.42711E-001  4.86924E-002  2.52956E-006  1.41352E-022  9.31542E-014  1.00000E-040  1.01454E-011  4.01731E-008  1.00000E-005  1.00000E-005  
6.20892E+001  1.20283E-004  4.62973E+015  1.88177E+002  1.00000E+005  8.34550E-012  3.20818E-013  2.59256E-009  6.44400E-009  1.47998E-009  1.45431E-020  3.84755E-014  1.00000E-040  7.87381E-007  8.70048E-017  1.97723E-032  2.18519E-019  1.14065E-022  4.18418E-018  1.26791E-018  7.57543E-030  3.43640E-011  5.83479E-022  1.05592E-018  2.58576E-034  1.29283E-007  8.49521E-014  7.56752E-014  3.13207E-010  5.68121E-014  1.99465E-001  1.46166E-003  3.79161E-011  4.67155E-013  1.53697E-007  2.51336E-018  1.46579E-033  2.08236E-006  2.80375E-013  3.16690E-020  1.34284E-010  5.49766E-010  1.01652E-010  6.42262E-026  1.49855E-016  4.34125E-022  9.95518E-012  7.41029E-012  2.13915E-007  2.09675E-009  3.87451E-021  2.86557E-025  2.94108E-013  8.18938E-017  3.26901E-015  3.41290E-015  1.99789E-036  7.43641E-012  1.00000E-040  5.52062E-015  4.33935E-011  7.79119E-011  1.14484E-010  7.17962E-008  9.48235E-012  7.85404E-005  1.00000E-040  2.97726E-007  8.23490E-018  1.29786E-020  1.54622E-007  1.00000E-040  8.16316E-029  6.31483E-010  1.42826E-017  9.17751E-007  1.20317E-026  6.48234E-012  5.10221E-004  3.82680E-016  7.07236E-017  2.17305E-018  7.70294E-005  1.26316E-010  5.53350E-010  6.57178E-021  6.96908E-003  1.10939E-014  3.83383E-011  2.74093E-014  2.07227E-016  3.61429E-007  6.05067E-007  1.51648E-019  7.40221E-012  8.69731E-014  7.42760E-001  4.86697E-002  2.79026E-006  1.68070E-022  8.10565E-014  1.00000E-040  1.08472E-011  4.62160E-008  1.00000E-005  1.00000E-005  
6.29456E+001  1.06070E-004  4.05378E+015  1.89517E+002  1.00000E+005  1.88681E-011  2.98772E-013  2.73962E-009  7.18589E-009  1.63585E-009  1.19546E-020  4.23561E-014  1.00000E-040  7.85121E-007  9.86432E-017  1.56770E-032  1.98005E-019  6.67955E-023  6.43681E-018  1.73905E-018  1.31216E-029  3.42504E-011  7.11214E-022  1.04236E-018  2.56238E-034  1.48051E-007  9.67694E-014  7.54098E-014  3.12479E-010  9.59699E-014  1.99408E-001  1.46016E-003  4.15650E-011  6.71426E-013  1.60104E-007  2.79632E-018  2.24591E-033  2.04860E-006  3.44927E-013  3.40344E-020  1.72783E-010  5.39593E-010  1.07700E-010  3.95742E-026  1.51248E-016  4.74296E-022  1.04089E-011  7.40570E-012  2.07623E-007  2.39797E-009  5.04562E-021  3.59412E-025  3.37637E-013  8.44783E-017  3.26238E-015  2.74938E-015  2.70791E-036  8.50906E-012  1.00000E-040  6.31246E-015  4.31300E-011  7.43188E-011  1.24320E-010  7.54367E-008  1.00033E-011  8.96594E-005  1.00000E-040  2.97395E-007  4.98134E-018  1.84311E-020  1.45353E-007  1.00000E-040  1.17429E-028  6.31172E-010  1.92115E-017  9.18469E-007  1.62940E-026  6.47825E-012  5.34296E-004  5.15686E-016  4.18947E-017  1.08833E-018  8.80984E-005  1.55062E-010  6.63803E-010  9.03213E-021  6.95026E-003  1.12789E-014  4.01148E-011  3.09575E-014  2.00777E-016  3.74929E-007  6.32773E-007  2.25750E-019  9.58626E-012  6.62380E-014  7.42817E-001  4.86440E-002  3.08268E-006  1.98680E-022  6.98294E-014  1.00000E-040  1.15895E-011  5.31998E-008  1.00000E-005  1.00000E-005  
6.38020E+001  9.36142E-005  3.55787E+015  1.90576E+002  1.00000E+005  4.24832E-011  2.81966E-013  2.90351E-009  7.98079E-009  1.79778E-009  9.98695E-021  4.62787E-014  2.68775E-028  7.82559E-007  1.12067E-016  1.22955E-032  1.78080E-019  4.10697E-023  9.63272E-018  2.33685E-018  2.17678E-029  3.41215E-011  8.61573E-022  1.02770E-018  2.53610E-034  1.69607E-007  1.09631E-013  7.50974E-014  3.11650E-010  1.49100E-013  1.99343E-001  1.45846E-003  4.53573E-011  9.56994E-013  1.66370E-007  3.07232E-018  3.29427E-033  2.01450E-006  4.20805E-013  3.67619E-020  2.18146E-010  5.29015E-010  1.12621E-010  2.36321E-026  1.52309E-016  5.18566E-022  1.10113E-011  7.40050E-012  1.99643E-007  2.74070E-009  6.54839E-021  4.47751E-025  3.86473E-013  8.74770E-017  3.21819E-015  2.18960E-015  3.74024E-036  9.73053E-012  2.89727E-028  7.21319E-015  4.28864E-011  7.08450E-011  1.35517E-010  8.05563E-008  1.05515E-011  1.02311E-004  1.00000E-040  2.97019E-007  3.15206E-018  2.58238E-020  1.35784E-007  1.00000E-040  1.66516E-028  6.30814E-010  2.55948E-017  9.19034E-007  2.15804E-026  6.47399E-012  5.61693E-004  6.82840E-016  2.59399E-017  5.72635E-019  1.00717E-004  1.87258E-010  7.90755E-010  1.23510E-020  6.92881E-003  1.14796E-014  4.22186E-011  3.51034E-014  1.94198E-016  3.87637E-007  6.60006E-007  3.33359E-019  1.23041E-011  4.96413E-014  7.42881E-001  4.86148E-002  3.40969E-006  2.33560E-022  6.00096E-014  1.53051E-026  1.23247E-011  6.12633E-008  1.00000E-005  1.00000E-005  
6.46584E+001  8.26755E-005  3.12891E+015  1.91382E+002  1.00000E+005  9.53087E-011  2.72697E-013  3.08639E-009  8.82433E-009  1.96568E-009  8.51066E-021  5.01866E-014  5.62271E-028  7.79661E-007  1.27628E-016  9.55117E-033  1.59136E-019  2.65858E-023  1.40693E-017  3.07887E-018  3.47961E-029  3.39756E-011  1.03810E-021  1.01209E-018  2.50664E-034  1.94333E-007  1.23349E-013  7.47328E-014  3.10710E-010  2.12607E-013  1.99270E-001  1.45654E-003  4.92734E-011  1.35352E-012  1.72343E-007  3.33891E-018  4.63875E-033  1.97991E-006  5.09691E-013  3.98153E-020  2.70926E-010  5.18059E-010  1.16364E-010  1.36738E-026  1.53032E-016  5.67141E-022  1.17961E-011  7.39461E-012  1.90415E-007  3.12970E-009  8.47595E-021  5.54658E-025  4.41021E-013  9.07747E-017  3.13781E-015  1.72526E-015  5.25435E-036  1.11181E-011  1.05030E-029  8.23522E-015  4.26649E-011  6.74895E-011  1.48234E-010  8.75389E-008  1.11164E-011  1.16673E-004  1.00000E-040  2.96594E-007  2.06236E-018  3.57272E-020  1.26021E-007  1.00000E-040  2.32754E-028  6.30403E-010  3.37956E-017  9.19368E-007  2.80235E-026  6.46962E-012  5.92792E-004  8.90709E-016  1.66725E-017  3.13156E-019  1.15070E-004  2.22786E-010  9.35870E-010  1.68144E-020  6.90441E-003  1.16976E-014  4.47022E-011  3.99622E-014  1.87562E-016  3.99489E-007  6.86851E-007  4.88554E-019  1.56638E-011  3.66191E-014  7.42953E-001  4.85817E-002  3.77429E-006  2.73228E-022  5.18291E-014  5.97952E-026  1.29950E-011  7.05648E-008  1.00000E-005  1.00000E-005  
6.55148E+001  7.30466E-005  2.75896E+015  1.91766E+002  1.00000E+005  2.12985E-010  2.81162E-013  3.29214E-009  9.71076E-009  2.13396E-009  7.41021E-021  5.39739E-014  4.05407E-027  7.76389E-007  1.45799E-016  7.35967E-033  1.41463E-019  1.79933E-023  1.99386E-017  3.95116E-018  5.24688E-029  3.38107E-011  1.24367E-021  9.95618E-019  2.47372E-034  2.22649E-007  1.37659E-013  7.43103E-014  3.09647E-010  2.69455E-013  1.99187E-001  1.45436E-003  5.32759E-011  1.88714E-012  1.77870E-007  3.59158E-018  6.10464E-033  1.94464E-006  6.14099E-013  4.35460E-020  3.30787E-010  5.06755E-010  1.18999E-010  7.66432E-027  1.53415E-016  6.23390E-022  1.28415E-011  7.38797E-012  1.80447E-007  3.57002E-009  1.09697E-020  6.84318E-025  5.01842E-013  9.41702E-017  3.01074E-015  1.34466E-015  7.49174E-036  1.26902E-011  5.24676E-027  9.39172E-015  4.24673E-011  6.42517E-011  1.62639E-010  9.68465E-008  1.16568E-011  1.32935E-004  1.00000E-040  2.96114E-007  1.37955E-018  4.87909E-020  1.16176E-007  1.00000E-040  3.20613E-028  6.29934E-010  4.41850E-017  9.19385E-007  3.52542E-026  6.46525E-012  6.27999E-004  1.14888E-015  1.10146E-017  1.75380E-019  1.31361E-004  2.59902E-010  1.09932E-009  2.27800E-020  6.87673E-003  1.19534E-014  4.76247E-011  4.57294E-014  1.81489E-016  4.10446E-007  7.13395E-007  7.10500E-019  1.97757E-011  2.65946E-014  7.43036E-001  4.85444E-002  4.17955E-006  3.18116E-022  4.53462E-014  1.75614E-025  1.35345E-011  8.12840E-008  1.00000E-005  1.00000E-005  
6.63712E+001  6.45513E-005  2.43733E+015  1.91826E+002  1.00000E+005  4.74750E-010  2.95745E-013  3.52188E-009  1.06338E-008  2.30491E-009  6.58638E-021  5.76058E-014  8.05839E-028  7.72704E-007  1.66879E-016  5.63362E-033  1.25229E-019  1.25416E-023  2.76281E-017  4.97729E-018  7.52942E-029  3.36251E-011  1.48310E-021  9.78388E-019  2.43704E-034  2.55024E-007  1.52235E-013  7.38240E-014  3.08450E-010  3.09755E-013  1.99093E-001  1.45192E-003  5.73281E-011  2.60473E-012  1.82848E-007  3.83428E-018  7.62925E-033  1.90854E-006  7.37878E-013  4.77797E-020  3.98930E-010  4.95128E-010  1.20594E-010  4.15965E-027  1.53469E-016  6.88224E-022  1.41792E-011  7.38047E-012  1.70187E-007  4.06714E-009  1.42043E-020  8.41540E-025  5.69664E-013  9.76167E-017  2.84073E-015  1.03559E-015  1.08185E-035  1.44667E-011  3.27903E-028  1.06969E-014  4.22947E-011  6.11307E-011  1.78917E-010  1.09033E-007  1.21729E-011  1.51306E-004  1.00000E-040  2.95572E-007  9.32613E-019  6.59496E-020  1.06357E-007  1.00000E-040  4.35343E-028  6.29400E-010  5.73752E-017  9.18995E-007  4.32268E-026  6.46101E-012  6.67752E-004  1.46732E-015  7.39902E-018  9.95361E-020  1.49810E-004  2.98895E-010  1.28443E-009  3.07435E-020  6.84542E-003  1.22578E-014  5.10528E-011  5.26277E-014  1.76040E-016  4.20499E-007  7.39682E-007  1.02795E-018  2.48290E-011  1.90155E-014  7.43128E-001  4.85022E-002  4.62868E-006  3.68936E-022  4.03852E-014  1.00000E-040  1.38857E-011  9.36285E-008  1.00000E-005  1.00000E-005  
6.72276E+001  5.70429E-005  2.15673E+015  1.91568E+002  1.00000E+005  1.05636E-009  3.13939E-013  3.77746E-009  1.15869E-008  2.47909E-009  5.96022E-021  6.10285E-014  1.00000E-040  7.68560E-007  1.91251E-016  4.28977E-033  1.10504E-019  8.87114E-024  3.75349E-017  6.17601E-018  1.02318E-028  3.34163E-011  1.76116E-021  9.60450E-019  2.39630E-034  2.91990E-007  1.66706E-013  7.32678E-014  3.07106E-010  3.23678E-013  1.98987E-001  1.44916E-003  6.13744E-011  3.56355E-012  1.87211E-007  4.07043E-018  9.06960E-033  1.87148E-006  8.86279E-013  5.24918E-020  4.76496E-010  4.83194E-010  1.21227E-010  2.18376E-027  1.53202E-016  7.64312E-022  1.58703E-011  7.37203E-012  1.60015E-007  4.62713E-009  1.84271E-020  1.03245E-024  6.45406E-013  1.01041E-016  2.62904E-015  7.86406E-016  1.57937E-035  1.64702E-011  4.37408E-028  1.21667E-014  4.21476E-011  5.81243E-011  1.97272E-010  1.24772E-007  1.26530E-011  1.72019E-004  1.00000E-040  2.94963E-007  6.31633E-019  8.83774E-020  9.66637E-008  7.85779E-033  5.82723E-028  6.28794E-010  7.41465E-017  9.18108E-007  5.16249E-026  6.45704E-012  7.12543E-004  1.85825E-015  5.00693E-018  5.67015E-020  1.70669E-004  3.39539E-010  1.49431E-009  4.13518E-020  6.81008E-003  1.26306E-014  5.50636E-011  6.09682E-014  1.71460E-016  4.29678E-007  7.65717E-007  1.48249E-018  3.10624E-011  1.33808E-014  7.43233E-001  4.84547E-002  5.12527E-006  4.26414E-022  3.67127E-014  1.00000E-040  1.40014E-011  1.07845E-007  1.00000E-005  1.00000E-005  
6.80840E+001  5.03953E-005  1.91180E+015  1.90926E+002  1.00000E+005  2.34735E-009  3.32642E-013  4.06165E-009  1.25632E-008  2.65517E-009  5.47217E-021  6.41678E-014  1.00000E-040  7.63908E-007  2.19420E-016  3.25374E-033  9.72819E-020  6.29704E-024  4.99580E-017  7.55073E-018  1.29421E-028  3.31819E-011  2.08221E-021  9.41833E-019  2.35117E-034  3.34140E-007  1.80664E-013  7.26348E-014  3.05598E-010  3.03157E-013  1.98868E-001  1.44606E-003  6.53387E-011  4.82780E-012  1.90935E-007  4.30247E-018  1.01597E-032  1.83341E-006  1.06665E-012  5.77738E-020  5.64486E-010  4.70965E-010  1.20997E-010  1.10740E-027  1.52626E-016  8.56631E-022  1.80149E-011  7.36254E-012  1.50226E-007  5.25659E-009  2.39996E-020  1.26507E-024  7.30109E-013  1.04316E-016  2.37451E-015  5.86985E-016  2.32728E-035  1.87248E-011  1.00000E-040  1.38181E-014  4.20260E-011  5.52297E-011  2.17929E-010  1.44885E-007  1.30695E-011  1.95329E-004  1.00000E-040  2.94277E-007  4.25951E-019  1.17523E-019  8.71939E-008  1.38202E-032  7.68621E-028  6.28110E-010  9.54851E-017  9.16634E-007  5.97049E-026  6.45350E-012  7.62903E-004  2.33675E-015  3.38908E-018  3.21370E-020  1.94217E-004  3.80839E-010  1.73160E-009  5.54411E-020  6.77027E-003  1.31038E-014  5.97443E-011  7.11774E-014  1.68125E-016  4.38045E-007  7.91436E-007  2.13450E-018  3.87771E-011  9.26032E-015  7.43351E-001  4.84012E-002  5.67307E-006  4.91288E-022  3.40857E-014  1.00000E-040  1.38488E-011  1.24222E-007  1.00000E-005  1.00000E-005  
6.89404E+001  4.45021E-005  1.69619E+015  1.90030E+002  1.00000E+005  5.21645E-009  3.39378E-013  4.37488E-009  1.35558E-008  2.83981E-009  5.07819E-021  6.70154E-014  1.00000E-040  7.58693E-007  2.51830E-016  2.46108E-033  8.55002E-020  4.44031E-024  6.56319E-017  9.17342E-018  1.54270E-028  3.29192E-011  2.45279E-021  9.22541E-019  2.30134E-034  3.82139E-007  1.93695E-013  7.19178E-014  3.03910E-010  2.60508E-013  1.98734E-001  1.44257E-003  6.91439E-011  6.52205E-012  1.94078E-007  4.53782E-018  1.09481E-032  1.79434E-006  1.28823E-012  6.32598E-020  6.65705E-010  4.58445E-010  1.19893E-010  5.41423E-028  1.51748E-016  9.67100E-022  2.06702E-011  7.35187E-012  1.40960E-007  5.96281E-009  3.13820E-020  1.54883E-024  8.24840E-013  1.07478E-016  2.09503E-015  4.29309E-016  3.45729E-035  2.12576E-011  1.00000E-040  1.56701E-014  4.19290E-011  5.24436E-011  2.41137E-010  1.70373E-007  1.34369E-011  2.21520E-004  1.00000E-040  2.93507E-007  2.84425E-019  1.55379E-019  7.80357E-008  8.65145E-033  9.98734E-028  6.27339E-010  1.22919E-016  9.14485E-007  6.74217E-026  6.45053E-012  8.19422E-004  2.91712E-015  2.28159E-018  1.80536E-020  2.20771E-004  4.24253E-010  2.00190E-009  7.41747E-020  6.72551E-003  1.36893E-014  6.51955E-011  8.37426E-014  1.65870E-016  4.45699E-007  8.16677E-007  3.07532E-018  4.84137E-011  6.29654E-015  7.43483E-001  4.83410E-002  6.27623E-006  5.64669E-022  3.22441E-014  1.00000E-040  1.34198E-011  1.43105E-007  1.00000E-005  1.00000E-005  
6.97968E+001  3.92723E-005  1.50661E+015  1.88800E+002  1.00000E+005  1.15944E-008  3.39716E-013  4.72074E-009  1.45577E-008  3.03340E-009  4.74805E-021  6.94942E-014  2.25007E-028  7.52855E-007  2.89223E-016  1.85844E-033  7.50658E-020  3.09259E-024  8.48795E-017  1.10595E-017  1.70142E-028  3.26252E-011  2.87710E-021  9.02548E-019  2.24649E-034  4.36741E-007  2.05404E-013  7.11089E-014  3.02023E-010  2.03055E-013  1.98583E-001  1.43866E-003  7.26960E-011  8.77792E-012  1.96747E-007  4.77666E-018  1.12098E-032  1.75434E-006  1.56426E-012  6.90102E-020  7.81568E-010  4.45626E-010  1.17966E-010  2.54783E-028  1.50575E-016  1.10304E-021  2.39667E-011  7.33989E-012  1.32285E-007  6.75385E-009  4.12814E-020  1.89659E-024  9.30633E-013  1.10418E-016  1.79633E-015  3.06587E-016  5.17331E-035  2.40987E-011  7.31428E-027  1.77437E-014  4.18552E-011  4.97614E-011  2.67177E-010  2.02472E-007  1.37279E-011  2.50909E-004  1.00000E-040  2.92642E-007  1.87437E-019  2.04246E-019  6.92707E-008  1.00000E-040  1.27709E-027  6.26472E-010  1.58272E-016  9.11570E-007  7.38355E-026  6.44830E-012  8.82755E-004  3.61857E-015  1.52167E-018  9.99279E-021  2.50691E-004  4.68821E-010  2.30838E-009  9.90327E-020  6.67524E-003  1.44257E-014  7.15335E-011  9.93960E-014  1.64974E-016  4.52771E-007  8.41206E-007  4.43767E-018  6.04852E-011  4.20082E-015  7.43632E-001  4.82734E-002  6.93928E-006  6.47507E-022  3.09749E-014  1.00000E-040  1.27214E-011  1.64912E-007  1.00000E-005  1.00000E-005  
7.06532E+001  3.46282E-005  1.33843E+015  1.87392E+002  1.00000E+005  2.58061E-008  3.31158E-013  5.09989E-009  1.55624E-008  3.24619E-009  4.46110E-021  7.16113E-014  1.00000E-040  7.46324E-007  3.32303E-016  1.40236E-033  6.58666E-020  2.11653E-024  1.08825E-016  1.33329E-017  1.77910E-028  3.22965E-011  3.36319E-021  8.81806E-019  2.18628E-034  4.98797E-007  2.15468E-013  7.01989E-014  2.99916E-010  1.47862E-013  1.98414E-001  1.43427E-003  7.59256E-011  1.18591E-011  1.99147E-007  5.02409E-018  1.11642E-032  1.71358E-006  1.91048E-012  7.45849E-020  9.15663E-010  4.32489E-010  1.15141E-010  1.15108E-028  1.49111E-016  1.26602E-021  2.79545E-011  7.32644E-012  1.24142E-007  7.63873E-009  5.45787E-020  2.32344E-024  1.04828E-012  1.13225E-016  1.50401E-015  2.13316E-016  7.79278E-035  2.72817E-011  1.00000E-040  2.00623E-014  4.18026E-011  4.71779E-011  2.96363E-010  2.42697E-007  1.39697E-011  2.83840E-004  1.00000E-040  2.91672E-007  1.21504E-019  2.67191E-019  6.09726E-008  1.00000E-040  1.60560E-027  6.25497E-010  2.04332E-016  9.07801E-007  7.92704E-026  6.44694E-012  9.53638E-004  4.46040E-015  1.00222E-018  5.44966E-021  2.84392E-004  5.16990E-010  2.65796E-009  1.32113E-019  6.61885E-003  1.53119E-014  7.88942E-011  1.18975E-013  1.65027E-016  4.59420E-007  8.64687E-007  6.42106E-018  7.56959E-011  2.74589E-015  7.43799E-001  4.81974E-002  7.66726E-006  7.41318E-022  3.00859E-014  1.00000E-040  1.17870E-011  1.90152E-007  1.00000E-005  1.00000E-005  
7.15096E+001  3.05027E-005  1.18963E+015  1.85714E+002  1.00000E+005  5.74889E-008  3.21453E-013  5.51717E-009  1.65630E-008  3.47950E-009  4.20448E-021  7.32875E-014  3.31124E-027  7.39024E-007  3.82185E-016  1.05847E-033  5.77870E-020  1.42142E-024  1.37750E-016  1.60178E-017  1.73400E-028  3.19291E-011  3.91510E-021  8.60240E-019  2.12041E-034  5.69271E-007  2.23684E-013  6.91780E-014  2.97565E-010  9.90678E-014  1.98225E-001  1.42934E-003  7.87746E-011  1.60544E-011  2.01546E-007  5.27508E-018  1.06463E-032  1.67227E-006  2.35041E-012  8.00885E-020  1.06943E-009  4.19002E-010  1.11442E-010  4.98486E-029  1.47358E-016  1.46547E-021  3.27725E-011  7.31134E-012  1.16458E-007  8.62746E-009  7.26505E-020  2.85028E-024  1.17829E-012  1.15746E-016  1.22377E-015  1.44290E-016  1.18122E-034  3.08443E-011  1.06192E-027  2.26518E-014  4.17692E-011  4.46873E-011  3.29051E-010  2.92919E-007  1.41285E-011  3.20678E-004  1.00000E-040  2.90585E-007  7.73497E-020  3.47615E-019  5.32065E-008  1.00000E-040  1.98161E-027  6.24404E-010  2.64417E-016  9.03078E-007  8.27932E-026  6.44656E-012  1.03289E-003  5.47223E-015  6.50549E-019  2.91596E-021  3.22349E-004  5.67738E-010  3.05434E-009  1.76089E-019  6.55563E-003  1.63851E-014  8.74377E-011  1.43782E-013  1.66203E-016  4.65827E-007  8.86722E-007  9.31463E-018  9.48289E-011  1.75557E-015  7.43987E-001  4.81120E-002  8.46571E-006  8.47330E-022  2.94368E-014  2.79237E-025  1.06602E-011  2.19448E-007  1.00000E-005  1.00000E-005  
7.23661E+001  2.68378E-005  1.05691E+015  1.83918E+002  1.00000E+005  1.28229E-007  3.10528E-013  5.97346E-009  1.75533E-008  3.74524E-009  3.97017E-021  7.45513E-014  2.39697E-026  7.30867E-007  4.39909E-016  7.99774E-034  5.07124E-020  9.35854E-025  1.73176E-016  1.92892E-017  1.62364E-028  3.15188E-011  4.54388E-021  8.37751E-019  2.04860E-034  6.49255E-007  2.30048E-013  6.80348E-014  2.94943E-010  6.28687E-014  1.98012E-001  1.42382E-003  8.12546E-011  2.19074E-011  2.04335E-007  5.52938E-018  9.93057E-033  1.63066E-006  2.91193E-012  8.52108E-020  1.24668E-009  4.05118E-010  1.06802E-010  2.06896E-029  1.45312E-016  1.70186E-021  3.84145E-011  7.29440E-012  1.09075E-007  9.73123E-009  9.71999E-020  3.50199E-024  1.32055E-012  1.18045E-016  9.75437E-016  9.49072E-017  1.80109E-034  3.48290E-011  2.88636E-026  2.55413E-014  4.17529E-011  4.22828E-011  3.65640E-010  3.55436E-007  1.42317E-011  3.61762E-004  1.00278E-040  2.89365E-007  4.82710E-020  4.50002E-019  4.60271E-008  7.20781E-032  2.39827E-027  6.23178E-010  3.43536E-016  8.97300E-007  8.50682E-026  6.44725E-012  1.12143E-003  6.69305E-015  4.15510E-019  1.53405E-021  3.65111E-004  6.24157E-010  3.50625E-009  2.34787E-019  6.48479E-003  1.76215E-014  9.73534E-011  1.75372E-013  1.67941E-016  4.72179E-007  9.06826E-007  1.35459E-017  1.18887E-010  1.09616E-015  7.44199E-001  4.80161E-002  9.34079E-006  9.67519E-022  2.89163E-014  9.78286E-025  9.40748E-012  2.53570E-007  1.00000E-005  1.00000E-005  
7.32225E+001  2.35832E-005  9.38810E+014  1.81946E+002  1.00000E+005  2.85883E-007  3.01307E-013  6.47304E-009  1.85276E-008  4.04657E-009  3.75379E-021  7.53652E-014  9.34091E-027  7.21757E-007  5.06915E-016  6.05443E-034  4.45356E-020  6.05124E-025  2.15561E-016  2.32143E-017  1.44510E-028  3.10607E-011  5.25646E-021  8.14217E-019  1.97060E-034  7.39991E-007  2.34816E-013  6.67564E-014  2.92021E-010  3.75851E-014  1.97774E-001  1.41762E-003  8.34334E-011  3.00738E-011  2.07999E-007  5.77579E-018  8.94655E-033  1.58904E-006  3.63690E-012  9.01066E-020  1.44921E-009  3.90771E-010  1.01262E-010  8.15336E-030  1.42967E-016  1.98366E-021  4.49207E-011  7.27539E-012  1.01856E-007  1.09626E-008  1.30836E-019  4.31277E-024  1.47431E-012  1.19918E-016  7.59672E-016  6.07506E-017  2.76161E-034  3.92835E-011  6.84215E-027  2.87632E-014  4.17518E-011  3.99572E-011  4.06587E-010  4.33072E-007  1.42460E-011  4.07304E-004  1.01398E-040  2.87999E-007  2.95094E-020  5.79546E-019  3.94762E-008  1.00000E-040  2.84266E-027  6.21805E-010  4.47947E-016  8.90347E-007  8.55213E-026  6.44900E-012  1.22028E-003  8.18571E-015  2.60905E-019  7.91488E-022  4.13318E-004  6.86019E-010  4.02033E-009  3.13190E-019  6.40542E-003  1.90325E-014  1.08868E-010  2.16139E-013  1.70267E-016  4.78662E-007  9.24471E-007  1.97299E-017  1.48934E-010  6.67418E-016  7.44437E-001  4.79084E-002  1.02993E-005  1.10356E-021  2.84510E-014  1.07653E-025  8.09799E-012  2.93472E-007  1.00000E-005  1.00000E-005  
7.40789E+001  2.06944E-005  8.33152E+014  1.79906E+002  1.00000E+005  6.35305E-007  2.93486E-013  7.01626E-009  1.94809E-008  4.39475E-009  3.55345E-021  7.57874E-014  1.00000E-040  7.11583E-007  5.84583E-016  4.59487E-034  3.91579E-020  3.85275E-025  2.66733E-016  2.80290E-017  1.25215E-028  3.05493E-011  6.06945E-021  7.89488E-019  1.88623E-034  8.42888E-007  2.38566E-013  6.53283E-014  2.88764E-010  2.17836E-014  1.97506E-001  1.41069E-003  8.54842E-011  4.16369E-011  2.13184E-007  6.00343E-018  7.89211E-033  1.54776E-006  4.57718E-012  9.47088E-020  1.68063E-009  3.75874E-010  9.48536E-011  3.08903E-030  1.40310E-016  2.30899E-021  5.21165E-011  7.25405E-012  9.45998E-008  1.23354E-008  1.76893E-019  5.32485E-024  1.63775E-012  1.21328E-016  5.82667E-016  3.80060E-017  4.25629E-034  4.42615E-011  1.00000E-040  3.23536E-014  4.17643E-011  3.77028E-011  4.52407E-010  5.29276E-007  1.41852E-011  4.57092E-004  1.02665E-040  2.86468E-007  1.76668E-020  7.43330E-019  3.35819E-008  6.13128E-033  3.29886E-027  6.20266E-010  5.86842E-016  8.82089E-007  8.48986E-026  6.45175E-012  1.33062E-003  1.00445E-014  1.61013E-019  4.01546E-022  4.67714E-004  7.56576E-010  4.60852E-009  4.18372E-019  6.31648E-003  2.05618E-014  1.22255E-010  2.69175E-013  1.72760E-016  4.85437E-007  9.39069E-007  2.87526E-017  1.86191E-010  3.95908E-016  7.44705E-001  4.77875E-002  1.13488E-005  1.25789E-021  2.79904E-014  1.00000E-040  6.81075E-012  3.40340E-007  1.00000E-005  1.00000E-005  
7.49353E+001  1.81324E-005  7.38798E+014  1.77765E+002  1.00000E+005  1.39599E-006  2.87046E-013  7.60528E-009  2.04095E-008  4.79532E-009  3.36975E-021  7.58494E-014  1.08654E-027  7.00223E-007  6.74549E-016  3.49773E-034  3.44895E-020  2.42670E-025  3.27466E-016  3.39357E-017  1.04967E-028  2.99784E-011  6.99745E-021  7.63387E-019  1.79539E-034  9.59547E-007  2.42232E-013  6.37342E-014  2.85136E-010  1.26882E-014  1.97207E-001  1.40291E-003  8.76726E-011  5.79942E-011  2.20702E-007  6.18583E-018  6.76035E-033  1.50713E-006  5.80986E-012  9.92147E-020  1.94296E-009  3.60317E-010  8.77059E-011  1.15930E-030  1.37325E-016  2.68157E-021  5.96925E-011  7.23012E-012  8.70751E-008  1.38654E-008  2.40341E-019  6.59579E-024  1.80784E-012  1.22086E-016  4.39725E-016  2.34405E-017  6.59026E-034  4.98234E-011  9.91972E-028  3.63528E-014  4.17894E-011  3.55116E-011  5.03686E-010  6.48251E-007  1.40230E-011  5.09814E-004  1.04101E-040  2.84753E-007  1.03686E-020  9.50674E-019  2.83561E-008  1.06743E-031  3.75022E-027  6.18544E-010  7.72382E-016  8.72374E-007  8.32849E-026  6.45529E-012  1.45375E-003  1.24100E-014  9.77345E-020  2.00263E-022  5.29166E-004  8.36852E-010  5.28263E-009  5.59784E-019  6.21678E-003  2.21715E-014  1.37842E-010  3.39118E-013  1.75670E-016  4.92615E-007  9.49994E-007  4.18649E-017  2.31833E-010  2.28803E-016  7.45009E-001  4.76518E-002  1.24976E-005  1.43269E-021  2.75038E-014  1.00000E-040  5.61880E-012  3.95649E-007  1.00000E-005  1.00000E-005  
7.57917E+001  1.58633E-005  6.53893E+014  1.75713E+002  1.00000E+005  2.96324E-006  2.81496E-013  8.23695E-009  2.13117E-008  5.27011E-009  3.20666E-021  7.57297E-014  9.84884E-028  6.87540E-007  7.77813E-016  2.67088E-034  3.04471E-020  1.52314E-025  4.01603E-016  4.16294E-017  8.89084E-029  2.93410E-011  8.07954E-021  7.35704E-019  1.69810E-034  1.09182E-006  2.47167E-013  6.19554E-014  2.81097E-010  9.41204E-015  1.96872E-001  1.39420E-003  9.04016E-011  8.14804E-011  2.31637E-007  6.28527E-018  5.79448E-033  1.46752E-006  7.42604E-012  1.03630E-019  2.23937E-009  3.43958E-010  7.99782E-011  4.50344E-031  1.33989E-016  3.08207E-021  6.66593E-011  7.20328E-012  7.88845E-008  1.55704E-008  3.27072E-019  8.19499E-024  1.97982E-012  1.22609E-016  3.31854E-016  1.46403E-017  1.02452E-033  5.60387E-011  2.17548E-027  4.08069E-014  4.18264E-011  3.33746E-011  5.61107E-010  7.95131E-007  1.38313E-011  5.61732E-004  1.05733E-040  2.82834E-007  5.98941E-021  1.21595E-018  2.37940E-008  1.00000E-040  4.19202E-027  6.16618E-010  1.02309E-015  8.61026E-007  8.34046E-026  6.45918E-012  1.59115E-003  1.54830E-014  5.85126E-020  9.91970E-023  5.98707E-004  9.33857E-010  6.06199E-009  7.51245E-019  6.10494E-003  2.37011E-014  1.56035E-010  4.31804E-013  1.78980E-016  5.00219E-007  9.56584E-007  6.08189E-017  2.87088E-010  1.29181E-016  7.45356E-001  4.74996E-002  1.37550E-005  1.63135E-021  2.69715E-014  1.00000E-040  4.60507E-012  4.61251E-007  1.00000E-005  1.00000E-005  
7.66481E+001  1.38584E-005  5.76955E+014  1.73975E+002  1.00000E+005  5.49207E-006  2.76473E-013  8.90492E-009  2.21881E-008  5.86921E-009  3.07297E-021  7.57949E-014  1.00000E-040  6.73368E-007  8.93154E-016  2.04481E-034  2.69483E-020  9.67645E-026  4.95297E-016  5.26193E-017  8.05009E-029  2.86288E-011  9.38395E-021  7.06168E-019  1.59447E-034  1.24195E-006  2.55192E-013  5.99688E-014  2.76599E-010  1.39383E-014  1.96498E-001  1.38446E-003  9.42076E-011  1.15869E-010  2.47368E-007  6.22991E-018  5.19956E-033  1.42926E-006  9.55461E-012  1.08311E-019  2.56663E-009  3.26615E-010  7.19556E-011  1.18176E-031  1.30272E-016  3.47690E-021  7.08206E-011  7.17321E-012  6.94447E-008  1.74719E-008  4.43842E-019  1.02065E-023  2.14754E-012  1.24810E-016  2.56628E-016  9.99245E-018  1.59816E-033  6.29917E-011  1.00000E-040  4.57713E-014  4.18754E-011  3.12814E-011  6.25496E-010  9.76282E-007  1.38421E-011  6.06850E-004  1.07590E-040  2.80687E-007  3.44615E-021  1.56356E-018  1.98713E-008  1.00000E-040  4.64956E-027  6.14463E-010  1.36682E-015  8.47833E-007  9.11464E-026  6.46279E-012  1.74466E-003  1.95345E-014  3.48000E-020  4.99357E-023  6.77593E-004  1.06125E-009  6.97268E-009  1.01275E-018  5.97926E-003  2.49254E-014  1.77343E-010  5.54310E-013  1.82273E-016  5.08128E-007  9.58156E-007  8.81441E-017  3.53572E-010  7.18991E-017  7.45757E-001  4.73291E-002  1.51324E-005  1.85777E-021  2.63812E-014  1.00000E-040  3.87329E-012  5.39502E-007  1.00000E-005  1.00000E-005  
7.75045E+001  1.21084E-005  4.97955E+014  1.76122E+002  1.00000E+005  1.00000E-040  2.75464E-013  9.51695E-009  2.30452E-008  6.94390E-009  2.98213E-021  7.80255E-014  1.00000E-040  6.57358E-007  1.00879E-015  1.56319E-034  2.38812E-020  6.41070E-026  7.01547E-016  7.35068E-017  1.80375E-028  2.78239E-011  1.14405E-020  6.74140E-019  1.48420E-034  1.41399E-006  2.68753E-013  5.77250E-014  2.71546E-010  3.77691E-014  1.96068E-001  1.37344E-003  1.00021E-010  1.79648E-010  2.69778E-007  6.04124E-018  8.87200E-033  1.39239E-006  1.17761E-011  1.12396E-019  2.92401E-009  3.07912E-010  6.38207E-011  2.45004E-032  1.26098E-016  3.42520E-021  6.64967E-011  7.13901E-012  5.78347E-008  1.96138E-008  5.62087E-019  1.25422E-023  2.30525E-012  1.38658E-016  2.78806E-016  8.91999E-018  2.50652E-033  7.08488E-011  1.00000E-040  5.13597E-014  4.19341E-011  2.92041E-011  6.98430E-010  1.20141E-006  1.58473E-011  6.90373E-004  1.09708E-040  2.78260E-007  2.04321E-021  2.05668E-018  1.65177E-008  1.00000E-040  5.24848E-027  6.12001E-010  1.88989E-015  8.32355E-007  1.50649E-025  6.46504E-012  1.91788E-003  2.49967E-014  2.08031E-020  3.04925E-023  7.67822E-004  1.34226E-009  8.14488E-009  1.39883E-018  5.83600E-003  2.39013E-014  2.02623E-010  6.96352E-013  1.61527E-016  5.15993E-007  9.53997E-007  1.27699E-016  4.37067E-010  4.02938E-017  7.46187E-001  4.71347E-002  1.66547E-005  2.13423E-021  2.57186E-014  1.00000E-040  3.65140E-012  6.34139E-007  1.00000E-005  1.00000E-005  
7.83609E+001  1.06140E-005  4.20108E+014  1.82992E+002  1.00000E+005  1.00000E-040  2.75262E-013  1.00081E-008  2.38782E-008  8.68205E-009  2.92246E-021  8.29135E-014  2.38858E-028  6.39030E-007  1.12080E-015  1.18711E-034  2.11127E-020  4.51271E-026  1.14758E-015  1.16228E-016  1.12220E-027  2.69013E-011  1.47689E-020  6.38642E-019  1.36722E-034  1.61470E-006  2.88771E-013  5.51495E-014  2.65827E-010  1.24233E-013  1.95575E-001  1.36095E-003  1.08269E-010  3.00536E-010  2.99158E-007  5.70281E-018  3.09260E-032  1.35659E-006  1.36684E-011  1.16874E-019  3.26132E-009  2.87449E-010  5.52028E-011  2.46448E-032  1.21348E-016  2.85084E-021  5.52334E-011  7.10018E-012  4.52370E-008  2.20706E-008  6.57495E-019  1.51497E-023  2.46753E-012  1.67683E-016  4.47758E-016  1.06643E-017  3.95103E-033  7.98884E-011  6.29580E-028  5.77656E-014  4.20032E-011  2.71044E-011  7.82496E-010  1.48582E-006  2.07808E-011  7.86928E-004  1.12139E-040  2.75513E-007  1.27873E-021  2.73138E-018  1.36168E-008  1.00000E-040  6.04788E-027  6.09167E-010  2.67591E-015  8.13907E-007  3.49386E-025  6.46657E-012  2.11694E-003  3.20220E-014  1.26210E-020  2.39294E-023  8.72220E-004  1.88448E-009  9.70761E-009  1.98318E-018  5.66955E-003  2.03900E-014  2.33293E-010  8.62700E-013  1.27246E-016  5.23204E-007  9.43780E-007  1.82898E-016  5.34755E-010  2.29310E-017  7.46677E-001  4.69140E-002  1.83648E-005  2.46991E-021  2.49871E-014  1.00000E-040  3.94709E-012  7.50635E-007  1.00000E-005  1.00000E-005  
7.92173E+001  9.33764E-006  3.64414E+014  1.85592E+002  1.00000E+005  1.00000E-040  2.68693E-013  1.06193E-008  2.46343E-008  1.02792E-008  2.83511E-021  8.49820E-014  1.00000E-040  6.18220E-007  1.25333E-015  8.98564E-035  1.85602E-020  3.26960E-026  1.59550E-015  1.58096E-016  2.63800E-027  2.58519E-011  1.82075E-020  5.99366E-019  1.24566E-034  1.84749E-006  3.11494E-013  5.22158E-014  2.59424E-010  2.92770E-013  1.95015E-001  1.34697E-003  1.16603E-010  4.52220E-010  3.31421E-007  5.09460E-018  5.29730E-032  1.32146E-006  1.68478E-011  1.24632E-019  3.58962E-009  2.65323E-010  4.73672E-011  4.62903E-033  1.15964E-016  2.72660E-021  4.96686E-011  7.05657E-012  3.48751E-008  2.48670E-008  8.27410E-019  1.86105E-023  2.67324E-012  1.88016E-016  5.04400E-016  1.18515E-017  6.17152E-033  9.02097E-011  1.00000E-040  6.50514E-014  4.20851E-011  2.49849E-011  8.78686E-010  1.84250E-006  2.39559E-011  8.97812E-004  1.14904E-040  2.72439E-007  8.05953E-022  3.57122E-018  1.10861E-008  1.00000E-040  6.69630E-027  6.05931E-010  3.67067E-015  7.91959E-007  6.32971E-025  6.47003E-012  2.34399E-003  4.08681E-014  7.76114E-021  1.63029E-023  9.92200E-004  2.37548E-009  1.14471E-008  2.74176E-018  5.47729E-003  1.87668E-014  2.70451E-010  1.12599E-012  1.08863E-016  5.28599E-007  9.27892E-007  2.62849E-016  6.47243E-010  1.29268E-017  7.47231E-001  4.66656E-002  2.02688E-005  2.80195E-021  2.42641E-014  1.00000E-040  3.95756E-012  8.92437E-007  1.00000E-005  1.00000E-005  
8.00737E+001  8.22314E-006  3.20919E+014  1.85592E+002  1.00000E+005  1.00000E-040  2.84956E-013  1.12808E-008  2.52645E-008  1.17610E-008  2.69667E-021  8.45362E-014  1.00000E-040  5.95016E-007  1.40882E-015  6.81272E-035  1.61840E-020  2.41747E-026  2.05077E-015  2.00469E-016  3.63346E-027  2.46806E-011  2.20688E-020  5.56563E-019  1.12194E-034  2.11235E-006  3.34908E-013  4.89402E-014  2.52361E-010  3.37585E-013  1.94388E-001  1.33147E-003  1.24300E-010  6.45253E-010  3.64210E-007  4.47862E-018  6.01588E-032  1.28722E-006  2.14716E-011  1.33455E-019  3.97958E-009  2.41760E-010  4.05023E-011  1.00000E-040  1.09962E-016  2.84925E-021  4.87339E-011  7.00810E-012  2.70566E-008  2.79814E-008  1.08411E-018  2.31722E-023  2.94293E-012  1.98565E-016  4.60971E-016  1.15726E-017  9.48089E-033  1.01748E-010  1.00000E-040  7.31579E-014  4.21833E-011  2.28698E-011  9.86592E-010  2.28023E-006  2.53579E-011  1.02285E-003  1.18032E-040  2.69033E-007  5.13013E-022  4.64395E-018  8.90206E-009  1.00000E-040  7.14748E-027  6.02299E-010  4.96971E-015  7.66332E-007  1.10709E-024  6.47582E-012  2.59753E-003  5.23968E-014  4.87603E-021  1.01992E-023  1.12850E-003  2.82207E-009  1.34215E-008  3.73650E-018  5.25983E-003  1.80931E-014  3.14763E-010  1.50425E-012  9.92576E-017  5.30471E-007  9.06286E-007  3.81433E-016  7.86945E-010  7.16858E-018  7.47850E-001  4.63890E-002  2.23438E-005  3.14024E-021  2.35985E-014  1.00000E-040  3.62197E-012  1.06173E-006  1.00000E-005  1.00000E-005  
8.09301E+001  7.24203E-006  2.82630E+014  1.85592E+002  1.00000E+005  1.00000E-040  2.84953E-013  1.18380E-008  2.57439E-008  1.34006E-008  2.50964E-021  8.33593E-014  4.92118E-029  5.69338E-007  1.60068E-015  5.18170E-035  1.39281E-020  1.87376E-026  2.65037E-015  2.56892E-016  5.26163E-027  2.33831E-011  2.81279E-020  5.10094E-019  9.97905E-035  2.41139E-006  3.58586E-013  4.53113E-014  2.44620E-010  3.84122E-013  1.93690E-001  1.31436E-003  1.31689E-010  9.22913E-010  3.97036E-007  3.93361E-018  6.77657E-032  1.25430E-006  2.73337E-011  1.42612E-019  4.43379E-009  2.16710E-010  3.42105E-011  1.00000E-040  1.03331E-016  2.98805E-021  4.87675E-011  6.95445E-012  2.09766E-008  3.14181E-008  1.41898E-018  2.90603E-023  3.29235E-012  2.07201E-016  4.18922E-016  1.09542E-017  1.43627E-032  1.14535E-010  1.97685E-028  8.20932E-014  4.22995E-011  2.07642E-011  1.10669E-009  2.81222E-006  2.65696E-011  1.16292E-003  1.21567E-040  2.65280E-007  3.42874E-022  6.04435E-018  7.02606E-009  1.97752E-032  7.51172E-027  5.98251E-010  6.73135E-015  7.36690E-007  2.27473E-024  6.48225E-012  2.87816E-003  6.72423E-014  3.19740E-021  6.68122E-024  1.28282E-003  3.35965E-009  1.57954E-008  5.09293E-018  5.01572E-003  1.72754E-014  3.67396E-010  2.01139E-012  9.12079E-017  5.26925E-007  8.78456E-007  5.57360E-016  9.63227E-010  3.90937E-018  7.48538E-001  4.60822E-002  2.45825E-005  3.50656E-021  2.29813E-014  1.00000E-040  3.23533E-012  1.26294E-006  1.00000E-005  1.00000E-005  
8.17865E+001  6.37831E-006  2.48922E+014  1.85592E+002  1.00000E+005  1.00000E-040  2.84597E-013  1.22356E-008  2.60524E-008  1.52354E-008  2.27499E-021  8.15433E-014  5.17283E-029  5.41004E-007  1.96700E-015  3.95677E-035  1.17347E-020  1.59677E-026  3.43824E-015  3.33848E-016  2.06404E-026  2.19498E-011  9.71333E-020  4.59575E-019  8.75385E-035  2.74825E-006  3.80761E-013  4.13005E-014  2.36170E-010  4.36269E-013  1.92913E-001  1.29556E-003  1.38152E-010  1.32622E-009  4.28933E-007  3.40964E-018  7.61279E-032  1.22311E-006  3.47404E-011  1.52472E-019  4.95081E-009  1.90009E-010  2.83364E-011  1.00000E-040  9.60413E-017  3.14445E-021  4.88496E-011  6.89525E-012  1.60409E-008  3.51976E-008  1.85603E-018  3.67612E-023  3.74546E-012  2.16384E-016  3.79717E-016  1.04699E-017  2.15187E-032  1.28663E-010  7.44605E-029  9.19076E-014  4.24350E-011  1.86659E-011  1.24003E-009  3.45626E-006  2.77457E-011  1.31958E-003  1.25559E-040  2.61157E-007  2.49259E-022  7.84811E-018  5.40898E-009  1.00000E-040  7.78623E-027  5.93751E-010  9.10788E-015  7.02531E-007  1.76143E-023  6.48680E-012  3.18786E-003  8.62009E-014  2.26648E-021  4.75217E-024  1.45749E-003  4.01472E-009  1.86513E-008  6.94356E-018  4.74206E-003  1.62392E-014  4.30043E-010  2.69836E-012  8.42683E-017  5.15812E-007  8.43866E-007  8.20567E-016  1.18727E-009  2.08605E-018  7.49302E-001  4.57427E-002  2.69868E-005  3.89993E-021  2.24014E-014  9.27499E-028  2.85413E-012  1.50244E-006  1.00000E-005  1.00000E-005  
8.26429E+001  5.61792E-006  2.19247E+014  1.85592E+002  1.00000E+005  1.00000E-040  2.84189E-013  1.23471E-008  2.61694E-008  1.73815E-008  1.99044E-021  7.84894E-014  8.38718E-030  5.09841E-007  3.44404E-015  3.03819E-035  9.55338E-021  1.62794E-026  4.49315E-015  4.64483E-016  6.55299E-025  2.03712E-011  2.71493E-018  4.04601E-019  7.56314E-035  3.12679E-006  3.95853E-013  3.68782E-014  2.26986E-010  4.95400E-013  1.92052E-001  1.27495E-003  1.41008E-010  1.94517E-009  4.57874E-007  2.94259E-018  8.53415E-032  1.19418E-006  4.41538E-011  1.63119E-019  5.51511E-009  1.61488E-010  2.28344E-011  8.29863E-034  8.80663E-017  3.34148E-021  4.85744E-011  6.83013E-012  1.17637E-008  3.93387E-008  2.45976E-018  4.70487E-023  4.33626E-012  2.34493E-016  3.42661E-016  1.03489E-017  3.19266E-032  1.44221E-010  8.53728E-030  1.02647E-013  4.25911E-011  1.65738E-011  1.38764E-009  4.23284E-006  2.92235E-011  1.49454E-003  1.30066E-040  2.56645E-007  2.05686E-022  1.00570E-017  4.00291E-009  3.57284E-032  7.87091E-027  5.88759E-010  1.23126E-014  6.63307E-007  6.10626E-022  6.48546E-012  3.52852E-003  1.11031E-013  1.83593E-021  3.83069E-024  1.65514E-003  4.84868E-009  2.21436E-008  9.49533E-018  4.43572E-003  1.49857E-014  5.04786E-010  3.70112E-012  7.90145E-017  4.94571E-007  8.01980E-007  1.22578E-015  1.48368E-009  1.07398E-018  7.50147E-001  4.53683E-002  2.95559E-005  4.31867E-021  2.18490E-014  3.06694E-027  2.42626E-012  1.78797E-006  1.00000E-005  1.00000E-005  
8.34993E+001  4.94846E-006  1.93120E+014  1.85592E+002  1.00000E+005  1.00000E-040  2.83753E-013  1.14444E-008  2.60717E-008  2.09224E-008  1.64704E-021  7.08622E-014  5.48005E-030  4.75684E-007  1.22801E-014  2.35188E-035  7.33982E-021  2.20833E-026  6.49056E-015  1.15463E-015  1.87834E-023  1.86382E-011  6.84984E-017  3.44754E-019  6.42641E-035  3.55107E-006  3.84441E-013  3.20145E-014  2.17057E-010  5.62678E-013  1.91100E-001  1.25247E-003  1.31903E-010  3.44573E-009  4.80227E-007  5.13322E-018  1.09001E-031  1.16806E-006  5.82329E-011  1.65943E-019  5.97807E-009  1.30982E-010  1.84236E-011  3.55091E-033  7.93873E-017  3.88663E-021  4.70943E-011  6.75874E-012  7.63179E-009  4.38580E-008  4.30212E-018  6.27375E-023  5.11178E-012  3.06206E-016  2.86458E-016  1.08887E-017  4.69197E-032  1.61292E-010  1.00000E-040  1.14348E-013  4.27693E-011  1.44886E-011  1.55057E-009  5.16505E-006  3.33269E-011  1.68957E-003  1.35151E-040  2.51729E-007  2.11967E-022  1.30087E-017  2.75968E-009  1.00000E-040  7.46582E-027  5.83235E-010  1.71812E-014  6.18401E-007  1.61903E-020  6.47267E-012  3.90191E-003  1.49756E-013  1.81587E-021  3.87245E-024  1.87872E-003  6.38070E-009  2.70228E-008  1.37703E-017  4.09332E-003  1.43089E-014  5.94255E-010  5.53594E-012  8.29832E-017  4.59958E-007  7.52272E-007  2.01560E-015  2.03862E-009  5.07635E-019  7.51080E-001  4.49566E-002  3.22869E-005  4.77172E-021  2.13154E-014  8.70920E-027  1.68112E-012  2.12911E-006  1.00000E-005  1.00000E-005  
8.43557E+001  4.35904E-006  1.70117E+014  1.85592E+002  1.00000E+005  1.00000E-040  2.83241E-013  7.11793E-009  2.57198E-008  3.12724E-008  1.22670E-021  4.78448E-014  5.81538E-029  4.38388E-007  6.83778E-014  1.83972E-035  5.08954E-021  3.75740E-026  1.98916E-014  8.70190E-015  3.46011E-022  1.67425E-011  1.11033E-015  2.79632E-019  5.36215E-035  4.02517E-006  2.94488E-013  2.66858E-014  2.06389E-010  6.39790E-013  1.90050E-001  1.22804E-003  9.70434E-011  1.39245E-008  4.90985E-007  5.37845E-017  3.15664E-031  1.14543E-006  9.47392E-011  1.01136E-019  6.21807E-009  9.83987E-011  1.76552E-011  1.11112E-032  6.99942E-017  7.32669E-021  4.31598E-011  6.68087E-012  3.40037E-009  4.87684E-008  2.84181E-017  1.15853E-022  6.12264E-012  5.92135E-016  1.33667E-016  1.27178E-017  6.81768E-032  1.79948E-010  1.00000E-040  1.27041E-013  4.29708E-011  1.24127E-011  1.72964E-009  6.27615E-006  4.52879E-011  1.90658E-003  1.40885E-040  2.46396E-007  3.20779E-022  2.18371E-017  1.64216E-009  5.33077E-040  7.04362E-027  5.77141E-010  3.22005E-014  5.66831E-007  2.75792E-019  6.44708E-012  4.30959E-003  2.25741E-013  2.20016E-021  5.74915E-024  2.13152E-003  1.22545E-008  3.57059E-008  3.41618E-017  3.71125E-003  1.83390E-014  7.02186E-010  9.43681E-012  1.47252E-016  4.06010E-007  6.94248E-007  5.41043E-015  4.56280E-009  1.85146E-019  7.52105E-001  4.45056E-002  3.51737E-005  5.44639E-021  2.07930E-014  2.53125E-026  5.24792E-013  2.53943E-006  1.00000E-005  1.00000E-005  
8.52121E+001  3.84007E-006  1.49864E+014  1.85592E+002  1.00000E+005  1.00000E-040  2.82455E-013  2.07541E-009  2.50266E-008  4.99177E-008  7.71182E-022  1.68707E-014  6.09478E-028  3.97832E-007  4.16601E-013  1.45516E-035  2.96548E-021  5.19917E-026  1.56855E-013  7.92667E-014  4.24512E-021  1.46776E-011  1.19959E-014  2.09125E-019  4.38664E-035  4.55319E-006  1.46204E-013  2.09316E-014  1.94984E-010  7.30282E-013  1.88895E-001  1.20162E-003  5.67939E-011  1.11213E-007  4.90873E-007  6.11974E-016  2.13805E-030  1.12697E-006  2.71583E-010  3.81206E-020  1.03719E-008  6.41921E-011  2.02316E-011  3.36311E-032  5.98899E-017  2.91062E-020  4.25798E-011  6.59704E-012  7.32613E-010  5.40785E-008  3.37526E-016  5.67177E-022  7.33184E-012  1.26153E-015  4.26101E-017  1.53820E-017  9.74757E-032  2.00205E-010  1.31695E-028  1.40742E-013  4.31953E-011  1.03509E-011  1.92426E-009  7.58283E-006  5.10834E-011  2.14732E-003  1.47347E-040  2.40637E-007  4.79645E-022  6.44210E-017  6.89929E-010  1.90998E-038  1.07390E-026  5.70436E-010  1.28902E-013  5.04319E-007  3.14813E-018  6.45998E-012  4.75281E-003  3.77038E-013  2.59575E-021  5.81566E-024  2.41723E-003  2.82006E-008  4.56058E-008  2.37484E-016  3.28576E-003  2.72882E-014  8.35159E-010  1.45392E-011  5.30554E-016  3.13067E-007  6.27483E-007  3.09921E-014  2.16467E-008  3.20253E-020  7.53229E-001  4.40131E-002  3.81809E-005  8.21365E-021  2.02752E-014  7.19947E-026  1.19775E-013  3.04754E-006  1.00000E-005  1.00000E-005  
8.60685E+001  3.38311E-006  1.32030E+014  1.85592E+002  1.00000E+005  1.00000E-040  2.80721E-013  3.70253E-010  2.37546E-008  5.77754E-008  4.54508E-022  7.08686E-015  5.64730E-027  3.53944E-007  2.35115E-012  1.20442E-035  1.42254E-021  4.96739E-026  1.10735E-012  5.18543E-013  3.67267E-020  1.24425E-011  9.14274E-014  1.34957E-019  3.51277E-035  5.14215E-006  4.55040E-014  1.51278E-014  1.82842E-010  8.43159E-013  1.87632E-001  1.17318E-003  4.64448E-011  8.59302E-007  4.91243E-007  5.00129E-015  2.42365E-029  1.11334E-006  1.07982E-009  1.98550E-020  3.37499E-008  3.15115E-011  1.31387E-011  1.19608E-031  4.91094E-017  1.47735E-019  4.31128E-011  6.51357E-012  2.03030E-010  5.97908E-008  2.79434E-015  4.59812E-021  8.34003E-012  2.04825E-015  2.86218E-017  1.66315E-017  1.40647E-031  2.21552E-010  6.12238E-027  1.55443E-013  4.34393E-011  8.31212E-012  2.12856E-009  9.12442E-006  4.78884E-011  2.41221E-003  1.54624E-040  2.34451E-007  5.36949E-022  3.42952E-016  1.23258E-010  9.57381E-037  3.03516E-026  5.63083E-010  7.52720E-013  4.13048E-007  2.51757E-017  6.76644E-012  5.23199E-003  6.52386E-013  1.98758E-021  2.83274E-024  2.73977E-003  3.92675E-008  5.27950E-008  1.96806E-015  2.81361E-003  1.85676E-014  1.00098E-009  1.60506E-011  2.31724E-015  1.59199E-007  5.51736E-007  2.27095E-013  1.32103E-007  1.46201E-021  7.54456E-001  4.34776E-002  4.10129E-005  2.52702E-020  1.97567E-014  2.02044E-025  5.62377E-014  3.63497E-006  1.00000E-005  1.00000E-005  
8.69249E+001  2.98075E-006  1.16328E+014  1.85592E+002  1.00000E+005  1.00000E-040  2.75993E-013  6.34310E-011  2.10217E-008  5.50405E-008  2.23084E-022  5.47698E-015  1.00000E-040  3.06788E-007  1.11074E-011  1.22295E-035  6.58644E-022  1.12163E-025  5.12038E-012  2.32973E-012  2.49161E-019  1.00571E-011  5.46487E-013  6.55106E-020  2.74907E-035  5.81015E-006  8.60382E-015  1.05662E-014  1.70050E-010  1.00007E-012  1.86262E-001  1.14275E-003  4.91337E-011  5.37992E-006  4.50117E-007  3.00372E-014  4.25414E-028  1.10471E-006  1.90137E-009  9.02580E-021  7.79041E-008  8.92709E-012  2.33311E-012  1.24575E-031  3.77987E-017  6.42948E-019  3.82034E-011  6.46461E-012  6.40335E-011  6.58934E-008  1.46303E-014  3.49229E-020  8.61840E-012  3.79010E-015  3.14781E-017  1.73529E-017  2.33843E-031  2.40264E-010  1.00000E-040  1.71058E-013  4.36712E-011  6.31918E-012  2.33318E-009  1.10755E-005  4.37074E-011  2.69375E-003  1.62815E-040  2.27842E-007  4.91894E-022  1.98663E-015  6.07575E-012  2.62109E-035  9.90258E-026  5.55050E-010  3.51953E-012  2.87225E-007  1.46500E-016  7.68535E-012  5.74435E-003  7.45146E-013  7.01500E-022  3.49847E-024  3.10220E-003  4.07422E-008  5.91670E-008  1.29416E-014  2.29519E-003  5.00973E-015  1.22296E-009  7.87652E-012  8.75060E-015  3.88497E-008  4.67370E-007  1.30553E-012  6.96474E-007  2.04950E-023  7.55790E-001  4.28977E-002  4.21435E-005  1.11520E-019  1.92329E-014  3.74150E-025  2.34205E-014  3.93632E-006  1.00000E-005  1.00000E-005  
8.77813E+001  2.62646E-006  1.02501E+014  1.85592E+002  1.00000E+005  1.00000E-040  2.63257E-013  1.26217E-011  1.60491E-008  4.73769E-008  6.54791E-023  4.77390E-015  6.44964E-029  2.56830E-007  4.27477E-011  1.69296E-035  2.29458E-022  6.15268E-025  1.34414E-011  7.36130E-012  1.48747E-018  7.60151E-012  2.87469E-012  1.90102E-020  2.09911E-035  6.56616E-006  1.35285E-015  8.65236E-015  1.56794E-010  1.24688E-012  1.84813E-001  1.11034E-003  5.55900E-011  2.59492E-005  3.55753E-007  1.36862E-013  5.23278E-027  1.09954E-006  1.77320E-009  4.57337E-021  1.05503E-007  1.09697E-012  1.50622E-013  1.31746E-032  2.64347E-017  2.33447E-018  3.52268E-011  6.54678E-012  1.56902E-011  7.23226E-008  4.38307E-014  1.97568E-019  8.50673E-012  9.12299E-015  5.29788E-017  1.75202E-017  5.00188E-031  2.42127E-010  3.33649E-029  1.87209E-013  4.36910E-011  4.43143E-012  2.53909E-009  1.34779E-005  4.03836E-011  2.95837E-003  1.72026E-040  2.20820E-007  3.73518E-022  1.01452E-014  8.40871E-014  3.45778E-034  2.13387E-025  5.46314E-010  1.20499E-011  1.53502E-007  6.44611E-016  9.11736E-012  6.27531E-003  6.83790E-013  1.18034E-022  8.99422E-024  3.50277E-003  3.35904E-008  6.58244E-008  6.55085E-014  1.74347E-003  5.91534E-016  1.68095E-009  2.31706E-012  2.78135E-014  5.06339E-009  3.76571E-007  5.02370E-012  3.08835E-006  6.85636E-025  7.57231E-001  4.22724E-002  3.82176E-005  4.41341E-019  1.87003E-014  3.49253E-026  7.43108E-015  3.39598E-006  1.00000E-005  1.00000E-005  
8.86377E+001  2.31451E-006  9.03266E+013  1.85592E+002  1.00000E+005  1.00000E-040  2.34353E-013  3.22578E-012  1.00057E-008  3.92626E-008  9.53996E-024  4.53473E-015  5.22118E-031  2.05454E-007  1.30283E-010  2.34810E-035  8.03011E-023  2.08228E-024  1.79643E-011  1.66245E-011  6.56363E-018  5.28604E-012  1.11783E-011  2.75195E-021  1.56138E-035  7.26918E-006  2.87882E-016  8.40554E-015  1.43487E-010  1.62406E-012  1.83368E-001  1.07604E-003  6.49783E-011  9.38214E-005  2.64493E-007  4.82186E-013  2.89856E-026  1.09268E-006  1.26304E-009  3.82481E-021  1.31252E-007  6.97593E-014  6.38669E-015  1.44456E-032  1.61091E-017  6.27954E-018  3.14105E-011  6.92757E-012  4.71501E-012  7.88122E-008  7.31545E-014  6.62607E-019  8.33334E-012  1.64860E-014  1.27780E-016  1.76569E-017  1.20823E-030  2.05069E-010  4.26196E-031  2.02559E-013  4.27089E-011  2.76988E-012  2.73368E-009  1.49322E-005  3.57263E-011  3.12031E-003  1.82375E-040  2.13392E-007  2.40556E-022  3.94587E-014  4.83984E-016  1.90643E-033  2.51009E-025  5.36888E-010  2.93410E-011  5.84759E-008  2.22417E-015  1.09076E-011  6.77913E-003  6.98403E-013  1.71447E-023  2.17214E-023  3.92711E-003  2.49232E-008  7.31081E-008  2.54591E-013  1.19811E-003  4.22761E-017  2.26167E-009  7.66355E-013  6.83635E-014  7.96117E-010  2.85263E-007  1.24370E-011  1.02207E-005  8.10079E-026  7.58770E-001  4.16006E-002  2.98060E-005  1.40353E-018  1.81562E-014  4.24956E-026  2.83057E-015  2.53695E-006  1.00000E-005  1.00000E-005  
8.94941E+001  2.03987E-006  7.96085E+013  1.85592E+002  1.00000E+005  1.00000E-040  1.86539E-013  1.12529E-012  4.99298E-009  3.32189E-008  1.17507E-024  5.16839E-015  1.10414E-028  1.55454E-007  3.03666E-010  2.38410E-035  6.90178E-023  3.81737E-024  1.46473E-011  2.76647E-011  1.83546E-017  3.42359E-012  2.75499E-011  2.04323E-022  1.12962E-035  7.37186E-006  1.00236E-016  8.66397E-015  1.30861E-010  2.02562E-012  1.82055E-001  1.03992E-003  6.97765E-011  2.55697E-004  2.03461E-007  1.32331E-012  8.90366E-026  1.07544E-006  8.01531E-010  4.70895E-021  1.84910E-007  7.38965E-015  1.20890E-015  2.51705E-031  8.25686E-018  1.12693E-017  2.27919E-011  7.51140E-012  2.13214E-012  8.45116E-008  8.37391E-014  1.20506E-018  8.19730E-012  1.68022E-014  3.18165E-016  1.82668E-017  3.01291E-030  1.37296E-010  5.52019E-029  2.13756E-013  3.91789E-011  1.49103E-012  2.81119E-009  1.30749E-005  2.67065E-011  3.05585E-003  1.93992E-040  2.05556E-007  1.39953E-022  9.46856E-014  9.61518E-018  4.88092E-033  1.91633E-025  5.26870E-010  4.92231E-011  1.71569E-008  6.05754E-015  1.16173E-011  7.17859E-003  8.35186E-013  3.27178E-024  4.21611E-023  4.34266E-003  1.90001E-008  8.15967E-008  7.22905E-013  7.26070E-004  7.50018E-018  2.35563E-009  3.89687E-013  1.23067E-013  2.55606E-010  2.03023E-007  2.07695E-011  2.26561E-005  1.41350E-026  7.60394E-001  4.08820E-002  2.28310E-005  3.57456E-018  1.75985E-014  7.93098E-025  1.48385E-015  1.92709E-006  1.00000E-005  1.00000E-005  
9.03505E+001  1.79807E-006  7.01721E+013  1.85592E+002  1.00000E+005  1.00000E-040  1.27809E-013  5.18646E-013  2.02299E-009  2.84722E-008  3.22211E-026  6.62666E-015  1.57150E-025  1.10668E-007  5.40712E-010  1.66014E-035  8.08281E-023  5.15454E-024  9.13416E-012  3.51055E-011  3.52293E-017  2.17241E-012  4.66105E-011  9.07840E-024  7.93764E-036  6.23416E-006  4.95961E-017  9.00510E-015  1.19602E-010  2.28069E-012  1.80972E-001  1.00215E-003  6.05040E-011  5.42245E-004  1.51646E-007  2.85385E-012  1.85113E-025  1.04031E-006  4.62165E-010  6.75326E-021  2.64739E-007  2.41851E-015  5.36893E-016  7.72513E-030  3.53293E-018  1.46830E-017  1.28634E-011  7.26826E-012  1.26126E-012  8.77570E-008  8.06864E-014  1.27187E-018  8.17319E-012  1.20409E-014  6.77434E-016  1.89924E-017  7.99186E-030  7.43293E-011  1.57210E-025  2.16695E-013  3.23249E-011  6.78507E-013  2.65058E-009  8.53696E-006  1.53769E-011  2.69508E-003  2.07022E-040  1.97311E-007  8.42684E-023  1.33507E-013  2.02734E-018  7.73810E-033  1.17503E-025  5.16489E-010  5.70991E-011  4.74684E-009  1.27840E-014  8.98394E-012  7.41044E-003  1.09770E-012  8.79008E-025  7.05642E-023  4.70555E-003  1.41409E-008  9.23360E-008  1.38803E-012  3.84414E-004  2.93651E-018  1.80482E-009  2.56311E-013  1.80300E-013  1.35901E-010  1.38331E-007  2.42662E-011  3.64225E-005  3.41732E-027  7.62099E-001  4.01170E-002  1.77165E-005  7.41293E-018  1.70264E-014  2.21453E-023  8.47187E-016  1.43021E-006  1.00000E-005  1.00000E-005  
9.12069E+001  1.58515E-006  6.18626E+013  1.85592E+002  1.00000E+005  1.00000E-040  7.00078E-014  2.98730E-013  7.01374E-010  2.46635E-008  3.19582E-027  8.89218E-015  1.00000E-040  7.43955E-008  7.58769E-010  7.98630E-036  9.62422E-023  6.05914E-024  4.80920E-012  3.54030E-011  5.15544E-017  1.46624E-012  6.01325E-011  2.84820E-025  5.41038E-036  4.15227E-006  3.03538E-017  9.28921E-015  1.09986E-010  2.34468E-012  1.80102E-001  9.62934E-004  3.97872E-011  9.44828E-004  1.03437E-007  4.95704E-012  2.66551E-025  9.86040E-007  2.39666E-010  1.01555E-020  3.62899E-007  1.19765E-015  2.41169E-016  1.37384E-028  1.29531E-018  1.53630E-017  5.56421E-012  5.82510E-012  8.70544E-013  8.74489E-008  7.17076E-014  7.80988E-019  8.29202E-012  7.62246E-015  1.21210E-015  1.95878E-017  2.30331E-029  3.48117E-011  1.00000E-040  2.11672E-013  2.35620E-011  2.63433E-013  2.29951E-009  4.25329E-006  6.80540E-012  2.09382E-003  2.21630E-040  1.88701E-007  6.33053E-023  1.14786E-013  6.12583E-019  9.15287E-033  6.22063E-026  5.06082E-010  4.77351E-011  1.44737E-009  2.11730E-014  4.35806E-012  7.46177E-003  1.53739E-012  3.63471E-025  1.06105E-022  4.98047E-003  9.74665E-009  1.06348E-007  1.74145E-012  1.80186E-004  1.18965E-018  1.01056E-009  1.90274E-013  2.35330E-013  9.56253E-011  9.35171E-008  2.07644E-011  4.67818E-005  1.18394E-027  7.63892E-001  3.93079E-002  1.61093E-005  1.28383E-017  1.64405E-014  1.00000E-040  4.43912E-016  9.83868E-007  1.00000E-005  1.00000E-005  
9.20633E+001  1.39766E-006  5.45456E+013  1.85592E+002  1.00000E+005  1.00000E-040  2.37660E-014  2.01332E-013  2.59563E-010  2.21010E-008  1.00000E-040  1.38917E-014  1.00000E-040  4.78050E-008  9.07851E-010  2.34651E-036  1.11795E-022  5.63896E-024  2.21321E-012  3.00458E-011  6.57296E-017  1.16684E-012  6.75984E-011  7.52168E-027  3.57306E-036  2.03966E-006  4.04909E-017  9.64204E-015  1.01876E-010  2.27215E-012  1.79370E-001  9.22484E-004  2.24479E-011  1.46060E-003  7.48699E-008  7.18224E-012  1.43530E-025  9.16878E-007  1.09368E-010  1.48046E-020  5.57626E-007  6.99187E-016  1.00080E-016  1.00000E-040  4.32600E-019  1.21434E-017  1.50425E-012  6.10616E-012  7.64016E-013  8.45689E-008  6.30812E-014  2.36646E-019  8.48057E-012  3.82534E-015  1.67739E-015  2.03252E-017  7.12671E-029  1.50018E-011  1.00000E-040  2.02780E-013  1.50828E-011  9.02647E-014  1.94067E-009  1.60873E-006  2.29351E-012  1.35533E-003  2.37993E-040  1.79823E-007  7.04668E-023  6.36591E-014  2.36099E-019  8.10935E-033  3.45189E-026  4.95995E-010  3.13556E-011  5.07522E-010  2.99664E-014  1.11048E-012  7.33579E-003  4.66884E-012  3.05469E-025  1.47036E-022  5.15595E-003  6.98472E-009  1.23820E-007  1.37750E-012  7.72289E-005  4.26160E-019  4.09749E-010  1.52428E-013  2.46220E-013  8.19634E-011  6.53655E-008  1.36422E-011  4.50927E-005  8.21282E-028  7.65761E-001  3.84562E-002  5.39263E-005  1.91419E-017  1.58413E-014  1.00000E-040  2.16752E-016  6.99023E-007  1.00000E-005  1.00000E-005  
9.29197E+001  1.23285E-006  4.81136E+013  1.85592E+002  1.00000E+005  1.00000E-040  1.00000E-040  1.14897E-013  2.93273E-010  1.68436E-008  1.00000E-040  3.00189E-012  1.00000E-040  2.98308E-008  1.04016E-009  8.75948E-039  6.06793E-024  2.58596E-024  9.14362E-013  1.25082E-011  7.18166E-017  1.13563E-012  6.51491E-011  1.00000E-040  2.28361E-036  2.67817E-007  4.42936E-015  1.04590E-014  9.17750E-011  2.10924E-012  1.78726E-001  8.80849E-004  1.40092E-010  2.06376E-003  2.48197E-006  9.05978E-012  1.25114E-028  8.38215E-007  1.46995E-012  1.83555E-021  1.71723E-004  2.66734E-016  3.55693E-020  1.00000E-040  1.63189E-019  6.40011E-020  7.24142E-015  1.97290E-011  1.45598E-010  8.07722E-008  3.15502E-014  5.01746E-021  4.42508E-012  4.70018E-019  1.00881E-016  2.20713E-017  2.35179E-028  5.54389E-012  1.00000E-040  1.92837E-013  7.95194E-012  2.85220E-014  1.66856E-009  3.18723E-008  3.47368E-014  6.07648E-004  2.56247E-040  1.70747E-007  7.70547E-021  2.55754E-015  6.74415E-020  1.56145E-034  1.18405E-026  4.86444E-010  1.46713E-011  1.79975E-010  4.37266E-014  2.06983E-014  6.69695E-003  8.14999E-009  1.95899E-023  1.28601E-022  5.23709E-003  7.34663E-010  1.34868E-007  2.56671E-013  3.15209E-005  1.03252E-019  4.23318E-011  3.32776E-014  8.73580E-014  4.14248E-010  4.92877E-008  3.24485E-014  2.97223E-007  2.33435E-026  7.67518E-001  3.75560E-002  5.05075E-004  2.89324E-017  1.52270E-014  1.00000E-040  6.20188E-015  2.62287E-007  1.00000E-005  1.00000E-005  
9.37761E+001  1.08868E-006  4.24872E+013  1.85592E+002  1.00000E+005  1.00000E-040  1.00000E-040  5.38935E-015  5.49247E-011  4.04763E-009  1.00000E-040  3.49286E-011  3.76134E-028  1.82996E-008  1.28967E-009  1.00000E-040  5.45644E-027  4.21827E-024  3.07434E-013  7.43083E-012  1.01986E-017  1.10380E-012  8.16978E-012  1.00000E-040  1.41059E-036  4.19593E-009  3.51010E-015  1.02767E-014  5.25409E-011  1.84261E-012  1.76346E-001  8.37791E-004  7.79717E-012  2.40677E-003  4.21441E-007  1.10651E-011  1.98459E-030  7.54328E-007  3.77445E-013  8.53069E-024  2.68823E-003  9.48522E-017  5.29739E-023  3.50704E-033  8.71697E-020  1.51895E-021  1.20246E-015  6.01561E-012  1.70245E-009  7.68203E-008  3.43124E-015  9.35943E-024  1.37946E-012  3.02533E-021  4.77071E-018  2.16710E-017  1.00000E-040  2.13849E-012  3.76147E-028  1.82610E-013  4.00098E-012  8.60226E-015  7.80688E-010  6.42171E-011  2.25964E-017  2.61442E-004  2.76407E-040  1.61479E-007  1.37941E-020  2.44776E-017  5.64894E-020  3.21417E-029  1.03784E-026  4.77391E-010  7.66020E-012  6.00056E-011  2.16634E-014  3.07987E-017  6.03237E-003  2.46591E-007  9.60466E-024  9.84311E-023  5.22800E-003  2.24053E-011  3.01391E-008  5.01404E-015  1.25692E-005  2.93762E-020  1.98457E-013  6.55807E-016  4.51210E-014  8.72834E-011  4.14817E-008  7.36099E-016  1.37943E-008  2.06850E-028  7.68648E-001  3.65874E-002  9.49277E-004  8.70534E-017  1.45907E-014  2.23925E-027  1.30444E-015  1.08798E-007  1.00000E-005  1.00000E-005  
9.46325E+001  9.62395E-007  3.75587E+013  1.85592E+002  1.00000E+005  1.00000E-040  1.00000E-040  9.89868E-016  1.03480E-011  1.64140E-009  1.00000E-040  5.12257E-011  2.25849E-029  1.11206E-008  1.26978E-009  1.00000E-040  1.00000E-040  4.05357E-024  1.08638E-013  3.86584E-012  2.06706E-018  1.07027E-012  1.46352E-012  1.00000E-040  8.41907E-037  3.09793E-011  2.65598E-015  1.00942E-014  3.02542E-011  1.57714E-012  1.72646E-001  7.93802E-004  3.93056E-012  2.60874E-003  7.66343E-008  1.33374E-011  1.33285E-031  6.70041E-007  1.13261E-013  5.09798E-025  7.12111E-003  3.31237E-017  3.15182E-024  2.43199E-034  6.57301E-020  2.64388E-022  2.26463E-016  4.78610E-012  3.60075E-009  7.27833E-008  5.72424E-015  1.70512E-026  4.22701E-013  2.59092E-021  1.37547E-018  2.12860E-017  8.90319E-028  9.74534E-013  2.25844E-029  1.72218E-013  1.99754E-012  2.52576E-015  4.10969E-010  7.04783E-013  2.71893E-019  1.11191E-004  2.98670E-040  1.52122E-007  7.81493E-021  1.33891E-017  5.13851E-020  6.80065E-035  5.53434E-027  4.68903E-010  3.37060E-012  1.96669E-011  8.99828E-015  4.34073E-020  5.37117E-003  1.10817E-006  2.92065E-024  5.22162E-023  5.19204E-003  4.08740E-012  1.13207E-008  4.29591E-017  4.95734E-006  8.02698E-021  8.15242E-016  9.03003E-017  2.73891E-014  1.75912E-011  3.82384E-008  1.40629E-016  4.62062E-009  7.56685E-030  7.69209E-001  3.55604E-002  1.37990E-003  1.42389E-016  1.39383E-014  1.83274E-028  2.35390E-017  4.47542E-008  1.00000E-005  1.00000E-005  
9.54889E+001  8.51565E-007  3.32335E+013  1.85592E+002  1.00000E+005  1.00000E-040  1.00000E-040  5.25569E-016  2.06190E-012  8.54568E-010  7.08253E-028  5.49565E-011  1.00000E-040  6.72677E-009  1.16986E-009  1.00000E-040  8.64584E-027  3.34867E-024  4.52234E-014  1.88394E-012  6.06116E-019  1.03540E-012  3.77866E-013  1.09652E-024  4.85535E-037  1.76955E-013  1.76463E-015  9.92345E-015  2.13776E-011  1.33311E-012  1.68048E-001  7.49402E-004  2.32884E-012  2.74646E-003  1.97254E-008  1.59629E-011  1.70424E-032  5.88602E-007  3.72432E-014  1.37153E-025  1.29468E-002  1.14712E-017  3.89857E-025  1.00000E-040  5.74081E-020  8.72723E-023  4.51241E-017  5.25525E-012  5.35543E-009  6.87087E-008  8.00716E-015  5.23728E-029  1.29300E-013  2.65084E-021  8.05800E-019  2.09259E-017  1.00000E-040  5.31109E-013  1.00000E-040  1.61787E-013  9.96616E-013  7.30901E-016  2.27827E-010  3.88508E-014  4.28564E-020  4.72854E-005  3.23269E-040  1.42778E-007  4.38251E-021  9.37968E-018  4.77377E-020  6.24391E-038  2.86073E-027  4.60968E-010  1.55062E-012  6.41314E-012  3.98353E-015  7.09621E-023  4.71889E-003  2.96831E-006  1.13758E-024  2.87029E-023  5.14582E-003  1.06646E-012  7.63910E-009  2.73764E-019  1.95310E-006  2.18869E-021  3.93997E-018  3.15996E-017  1.74311E-014  3.83645E-012  3.72406E-008  4.25850E-017  2.37460E-009  5.53268E-031  7.69299E-001  3.44873E-002  1.80517E-003  1.86145E-016  1.32763E-014  1.00000E-040  2.32216E-019  1.83561E-008  1.00000E-005  1.00000E-005  
9.63453E+001  7.54127E-007  2.94308E+013  1.85592E+002  1.00000E+005  1.00000E-040  1.00000E-040  3.81992E-016  4.38326E-013  5.09561E-010  1.61941E-027  5.40036E-011  1.00000E-040  4.06212E-009  1.09635E-009  1.00000E-040  1.91091E-026  2.81077E-024  1.90535E-014  8.94117E-013  2.30490E-019  9.99525E-013  1.16382E-013  3.41396E-024  2.70629E-037  1.17363E-014  1.12361E-015  9.76350E-015  1.75407E-011  1.11518E-012  1.62872E-001  7.05057E-004  1.36183E-012  2.85489E-003  6.09430E-009  1.91273E-011  3.06256E-033  5.12025E-007  1.32390E-014  6.94465E-026  1.97520E-002  3.96973E-018  6.78279E-026  1.00000E-040  5.18374E-020  4.08198E-023  9.59266E-018  5.60324E-012  6.74605E-009  6.46394E-008  1.04343E-014  2.20434E-030  3.98062E-014  2.71987E-021  7.13421E-019  2.05886E-017  1.21755E-028  3.38356E-013  1.00000E-040  1.51425E-013  4.99475E-013  2.10248E-016  1.28919E-010  3.38007E-015  1.09890E-020  2.02701E-005  3.50462E-040  1.33535E-007  2.62160E-021  6.87149E-018  4.46691E-020  5.22937E-038  1.40507E-027  4.53538E-010  7.35741E-013  2.09781E-012  1.90233E-015  1.37847E-025  4.08036E-003  6.35499E-006  5.27165E-025  1.70187E-023  5.09537E-003  3.29238E-013  5.97363E-009  1.98310E-020  7.73993E-007  6.09354E-022  2.77695E-020  1.53142E-017  1.13230E-014  9.53755E-013  3.71467E-008  1.53854E-017  1.48146E-009  6.01155E-032  7.69006E-001  3.33793E-002  2.22726E-003  2.25565E-016  1.26108E-014  9.93476E-031  2.26015E-020  7.55131E-009  1.00000E-005  1.00000E-005  
9.72017E+001  6.68327E-007  2.60823E+013  1.85592E+002  1.00000E+005  1.00000E-040  1.00000E-040  3.00689E-016  9.98639E-014  3.30497E-010  2.84244E-028  5.17729E-011  2.39916E-030  2.45262E-009  1.06879E-009  1.00000E-040  3.51211E-027  2.43343E-024  8.16589E-015  4.22147E-013  2.11877E-019  9.62974E-013  4.65292E-014  5.77594E-025  1.45854E-037  6.83038E-015  6.96564E-016  9.61300E-015  1.51612E-011  9.23961E-013  1.57361E-001  6.61179E-004  8.30711E-013  2.94866E-003  2.09197E-009  2.32403E-011  9.31949E-034  4.41517E-007  5.01220E-015  4.49578E-026  2.72191E-002  1.38080E-018  1.44908E-026  2.57225E-035  4.69128E-020  2.24928E-023  2.18550E-018  5.69265E-012  7.70650E-009  6.06132E-008  1.29863E-014  8.03570E-031  1.24144E-014  2.79355E-021  7.47704E-019  2.02712E-017  9.61824E-030  2.42905E-013  2.39914E-030  1.41229E-013  2.52375E-013  6.04933E-017  7.38707E-011  4.61900E-016  3.27147E-021  8.81700E-006  3.80529E-040  1.24471E-007  1.67733E-021  5.21867E-018  4.18955E-020  4.68026E-038  6.86034E-028  4.46546E-010  3.56753E-013  6.92336E-013  1.00631E-015  3.39780E-028  3.46237E-003  1.18514E-005  2.75112E-025  1.08373E-023  5.04327E-003  1.12769E-013  4.89152E-009  1.24749E-020  3.09997E-007  1.76785E-022  1.19035E-021  8.77487E-018  7.51752E-015  2.79167E-013  3.71765E-008  6.04316E-018  1.02964E-009  8.54203E-033  7.68392E-001  3.22464E-002  2.64385E-003  2.65972E-016  1.19471E-014  2.73105E-029  1.75498E-020  3.12973E-009  1.00000E-005  1.00000E-005  
9.80581E+001  5.92665E-007  2.31295E+013  1.85592E+002  1.00000E+005  1.00000E-040  1.00000E-040  2.39341E-016  2.44681E-014  2.26970E-010  1.00000E-040  4.93355E-011  3.08877E-029  1.48136E-009  1.08249E-009  1.00000E-040  1.00000E-040  2.15069E-024  3.58675E-015  2.00792E-013  6.61191E-019  9.26037E-013  4.15466E-014  1.00000E-040  7.60550E-038  4.83983E-015  4.23169E-016  9.47064E-015  1.31385E-011  7.58575E-013  1.51711E-001  6.18125E-004  5.37928E-013  3.03347E-003  7.74154E-010  2.89968E-011  9.21337E-034  3.77735E-007  2.00124E-015  3.17598E-026  3.50870E-002  4.84850E-019  3.57979E-027  3.03294E-034  4.22832E-020  1.33335E-023  5.35481E-019  5.59802E-012  8.25536E-009  5.66630E-008  1.55285E-014  2.29432E-030  3.94369E-015  2.85567E-021  8.17534E-019  1.99710E-017  1.28794E-032  1.89368E-013  3.08878E-029  1.31282E-013  1.28889E-013  1.74844E-017  4.29791E-011  1.33180E-016  1.07031E-021  3.91438E-006  4.13782E-040  1.15652E-007  1.13441E-021  4.08291E-018  3.93036E-020  4.31338E-038  3.41991E-028  4.39933E-010  1.78728E-013  2.31385E-013  7.40797E-016  1.08217E-029  2.87597E-003  1.99669E-005  1.55976E-025  7.30875E-024  4.99089E-003  4.16531E-014  4.06765E-009  9.51420E-021  1.25861E-007  5.50039E-023  6.89109E-022  5.63395E-018  5.11548E-015  9.70411E-014  3.68806E-008  2.49024E-018  7.65720E-010  1.47620E-033  7.67515E-001  3.10975E-002  3.04713E-003  3.09896E-016  1.12902E-014  1.78094E-028  1.55817E-020  1.31088E-009  1.00000E-005  1.00000E-005  
9.89145E+001  5.25847E-007  2.05219E+013  1.85592E+002  1.00000E+005  1.00000E-040  1.00000E-040  1.88996E-016  6.46838E-015  1.62552E-010  1.00000E-040  4.69608E-011  7.00344E-030  8.95578E-010  1.12716E-009  1.00000E-040  1.00000E-040  1.91852E-024  1.62993E-015  9.70161E-014  2.61901E-018  8.88990E-013  9.11912E-014  1.00000E-040  3.84036E-038  3.70595E-015  2.53580E-016  9.33536E-015  1.12203E-011  6.17407E-013  1.46092E-001  5.76211E-004  3.70689E-013  3.11115E-003  3.04543E-010  3.73491E-011  1.92736E-033  3.20938E-007  8.37949E-016  2.41283E-026  4.31147E-002  1.72407E-019  9.95274E-028  6.77659E-035  3.78715E-020  8.17774E-024  1.41560E-019  5.39060E-012  8.45045E-009  5.28175E-008  1.78858E-014  2.03237E-029  1.28236E-015  2.89201E-021  8.89300E-019  1.96857E-017  6.06684E-033  1.55333E-013  7.00344E-030  1.21655E-013  6.66694E-014  5.08984E-018  2.56006E-011  8.33392E-017  3.79381E-022  1.78385E-006  4.50567E-040  1.07136E-007  8.01094E-022  3.27331E-018  3.68449E-020  4.01695E-038  1.75234E-028  4.33649E-010  9.43487E-014  7.84648E-014  1.21131E-015  6.26941E-030  2.33720E-003  3.09976E-005  9.38315E-026  5.15193E-024  4.93941E-003  1.63611E-014  3.39664E-009  7.84303E-021  5.18846E-008  1.91549E-023  1.26858E-021  3.96194E-018  3.56225E-015  3.93978E-014  3.60218E-008  1.05976E-018  5.96844E-010  2.96902E-034  7.66431E-001  2.99415E-002  3.42354E-003  3.58371E-016  1.06445E-014  4.03445E-029  1.42950E-020  5.55937E-010  1.00000E-005  1.00000E-005  
9.97709E+001  4.66753E-007  1.82156E+013  1.85592E+002  1.00000E+005  1.00000E-040  1.00000E-040  1.47814E-016  1.85134E-015  1.20343E-010  1.00000E-040  4.46866E-011  1.00000E-040  5.43778E-010  1.19082E-009  1.00000E-040  1.00000E-040  1.71394E-024  7.90967E-016  4.79218E-014  9.63569E-018  8.52100E-013  2.47904E-013  1.00000E-040  1.87974E-038  2.96645E-015  1.51194E-016  9.20645E-015  9.39366E-012  4.98398E-013  1.40676E-001  5.35708E-004  2.71890E-013  3.18158E-003  1.26548E-010  4.95836E-011  4.50293E-033  2.71086E-007  3.67161E-016  1.83842E-026  5.10543E-002  6.22405E-020  3.09166E-028  1.00000E-040  3.36351E-020  5.10194E-024  4.05165E-020  5.11917E-012  8.36306E-009  4.91018E-008  1.98884E-014  2.06141E-028  4.29058E-016  2.89505E-021  9.47772E-019  1.94139E-017  1.91697E-028  1.30709E-013  1.00000E-040  1.12408E-013  3.50667E-014  1.49434E-018  1.57893E-011  7.28603E-017  1.44598E-022  8.40359E-007  4.91285E-040  9.89691E-008  5.85055E-022  2.67851E-018  3.44993E-020  3.74535E-038  9.57320E-029  4.27660E-010  5.38709E-014  2.70194E-014  3.43478E-015  4.43233E-030  1.86496E-003  4.49075E-005  5.89780E-026  3.75798E-024  4.89021E-003  6.78982E-015  2.84353E-009  6.78504E-021  2.17461E-008  7.81711E-024  3.04882E-021  3.01226E-018  2.53005E-015  1.81419E-014  3.45078E-008  4.62392E-019  4.82496E-010  6.76870E-035  7.65209E-001  2.87867E-002  3.75575E-003  4.11663E-016  1.00142E-014  1.00000E-040  1.32496E-020  2.39192E-010  1.00000E-005  1.00000E-005  
1.00627E+002  4.14407E-007  1.61728E+013  1.85592E+002  1.00000E+005  1.00000E-040  1.00000E-040  1.15319E-016  5.77866E-016  9.16491E-011  1.14852E-029  4.24932E-011  1.79884E-030  3.35750E-010  1.25918E-009  1.00000E-040  3.39727E-028  1.52568E-024  4.61199E-016  2.44515E-014  3.21560E-017  8.15628E-013  6.52707E-013  6.29707E-026  8.92945E-039  2.44445E-015  9.10610E-017  9.08361E-015  7.69955E-012  3.99237E-013  1.35639E-001  4.96847E-004  2.15465E-013  3.24353E-003  5.57101E-011  6.83556E-011  1.03369E-032  2.27912E-007  1.69319E-016  1.42253E-026  5.86317E-002  2.29304E-020  1.08654E-028  1.73179E-035  2.95492E-020  3.21844E-024  1.26466E-020  4.81740E-012  8.06455E-009  4.55370E-008  2.13859E-014  1.83193E-027  1.49044E-016  2.86201E-021  9.85409E-019  1.91548E-017  1.00000E-040  1.10612E-013  1.79885E-030  1.03590E-013  1.90080E-014  4.43176E-019  1.02356E-011  6.90463E-017  5.96986E-023  4.15105E-007  5.36398E-040  9.11922E-008  4.38851E-022  2.23106E-018  3.22598E-020  3.48662E-038  6.23748E-029  4.21954E-010  3.42628E-014  9.46878E-015  1.04086E-014  3.86832E-030  1.47711E-003  6.12118E-005  3.83429E-026  2.81652E-024  4.84522E-003  2.98518E-015  2.39971E-009  6.08751E-021  9.32240E-009  3.81658E-024  7.33304E-021  2.44584E-018  1.83197E-015  9.24005E-015  3.23451E-008  2.07206E-019  4.03271E-010  1.73190E-035  7.63937E-001  2.76414E-002  4.02624E-003  4.69503E-016  9.40284E-015  1.03580E-029  1.22991E-020  1.05163E-010  1.00000E-005  1.00000E-005  
1.01484E+002  3.67960E-007  1.43601E+013  1.85592E+002  1.00000E+005  1.00000E-040  1.00000E-040  9.11107E-017  2.04728E-016  7.16562E-011  1.20347E-029  4.03423E-011  3.60371E-031  2.18427E-010  1.31363E-009  1.00000E-040  3.33296E-028  1.34525E-024  4.14068E-016  1.34421E-014  9.78838E-017  7.79829E-013  1.61110E-012  7.34259E-026  4.12234E-039  2.05941E-015  5.78331E-017  8.96712E-015  6.19182E-012  3.17527E-013  1.31192E-001  4.59824E-004  2.04288E-013  3.29456E-003  2.70046E-011  1.04214E-010  2.30519E-032  1.91005E-007  8.54759E-017  1.12244E-026  6.55164E-002  8.86859E-021  4.54691E-029  3.43355E-036  2.56098E-020  2.07583E-024  4.48048E-021  4.51280E-012  7.61894E-009  4.21409E-008  2.21993E-014  1.39248E-026  5.55752E-017  2.78689E-021  9.96416E-019  1.89090E-017  4.83763E-033  9.29419E-014  3.60371E-031  9.52402E-014  1.11212E-014  1.34816E-019  7.16359E-012  6.84531E-017  2.89594E-023  2.24639E-007  5.86458E-040  8.38366E-008  3.36468E-022  1.88888E-018  3.01265E-020  3.26513E-038  5.38916E-029  4.16539E-010  2.50690E-014  3.45786E-015  2.93449E-014  6.91993E-030  1.18790E-003  7.86723E-005  2.56098E-026  2.15818E-024  4.80735E-003  1.44433E-015  2.06952E-009  5.64742E-021  4.24114E-009  2.19770E-024  1.69306E-020  2.08928E-018  1.36233E-015  5.19148E-015  2.95953E-008  9.86728E-020  3.52316E-010  5.12997E-036  7.62729E-001  2.65141E-002  4.21985E-003  5.30985E-016  8.81394E-015  2.07456E-030  1.13992E-020  4.90413E-011  1.00000E-005  1.00000E-005  
1.02340E+002  3.26650E-007  1.27479E+013  1.85592E+002  1.00000E+005  1.00000E-040  1.00000E-040  7.54410E-017  1.00358E-016  5.76223E-011  1.00000E-040  3.81408E-011  4.20572E-037  1.62040E-010  1.32825E-009  1.00000E-040  9.58918E-029  1.15849E-024  6.18157E-016  9.54169E-015  2.75577E-016  7.44996E-013  3.75895E-012  1.00000E-040  1.85236E-039  1.77214E-015  4.50328E-017  8.86047E-015  4.97523E-012  2.50907E-013  1.27650E-001  4.24815E-004  3.14115E-013  3.32940E-003  1.72632E-011  2.18728E-010  5.09615E-032  1.59931E-007  5.57618E-017  9.20661E-027  7.11952E-002  4.20075E-021  2.65755E-029  1.18561E-040  2.19513E-020  1.50155E-024  2.19634E-021  4.23606E-012  7.07631E-009  3.89299E-008  2.19774E-014  9.29969E-026  2.62722E-017  2.64692E-021  9.69738E-019  1.86790E-017  2.00071E-037  7.84364E-014  1.00000E-040  8.73937E-014  7.95538E-015  4.82738E-020  5.73314E-012  8.38040E-017  2.42730E-023  1.51666E-007  6.42162E-040  7.69301E-008  2.62720E-022  1.62650E-018  2.81042E-020  3.27458E-038  1.04079E-028  4.11471E-010  2.22680E-014  1.57021E-015  7.53149E-014  2.83958E-029  1.00903E-003  9.42969E-005  1.75471E-026  1.68448E-024  4.78216E-003  9.21885E-016  1.88624E-009  5.45117E-021  2.43186E-009  1.48374E-024  3.60391E-020  1.84618E-018  1.06003E-015  3.44740E-015  2.62936E-008  5.84312E-020  3.47630E-010  2.10221E-036  7.61777E-001  2.54143E-002  4.32319E-003  5.94023E-016  8.25089E-015  1.00000E-040  1.05478E-020  2.83466E-011  1.00000E-005  1.00000E-005  
