PRESS OH H2 H2O H O CH C CH2 CH3 CH4 C2 C2H2 C2H C2H3 C2H4 C2H5 C2H6 CO CO2 CH2OH H2CO HCO CH3O CH3OH CH3CO O2 H2CCO HCCO CH3O2 HO2 CH3OOH N NH CN HCN NH2 N2 NH3 NO N2H2 N2H N2H3 N2H4 HNO H2CN HNCO NO2 N2O C4H2 CH2NH2 CH2NH CH3NH2 CH3CHO O3 NO3 HNO3 HNO2 NCO N2O5 S SH S2 SO H2S CS COS CS2 NS HS2 SO2 S4 S8 HCS S3 H2O2 SO3 HSO3 HSO H2SO4 HC3N CH3CN CH2CN C2H3CN CH3SH CH3S C3H3 C3H2 C3H4 C6H5 C6H6 C4H3 C4H5 S2O O_1 CH2_1 N_2D He H2O_l_s H2SO4_l
1.000000e+00 1.092261e-13 5.538783e-07 8.894051e-03 1.240683e-20 4.956062e-17 2.511540e-34 0.000000e+00 1.028880e-25 7.105485e-15 1.095553e-06 0.000000e+00 0.000000e+00 0.000000e+00 1.148018e-28 1.223734e-11 5.413616e-16 2.209773e-13 1.352928e-07 3.979441e-04 1.704938e-26 3.606667e-10 5.218823e-22 1.701274e-18 3.196807e-13 4.741681e-20 1.992784e-01 2.046215e-21 4.532396e-21 5.841190e-12 1.455072e-11 1.294293e-09 0.000000e+00 3.504405e-26 2.766202e-29 5.957119e-11 2.174261e-16 7.914275e-01 5.445464e-11 1.509274e-11 6.226204e-20 2.024254e-25 1.290331e-19 5.075107e-14 1.876302e-17 1.878991e-22 5.396870e-15 7.560497e-11 3.487775e-07 3.936677e-28 5.190223e-19 2.461426e-15 8.817949e-11 5.731467e-18 1.982759e-08 1.041482e-14 1.380050e-10 4.587867e-14 1.920486e-21 5.719539e-16 8.254227e-27 6.153686e-16 5.908060e-14 1.008314e-17 4.184817e-14 2.348136e-29 4.185141e-10 5.690634e-22 2.175444e-26 9.132759e-17 2.231728e-10 1.020657e-16 5.206411e-13 2.340670e-34 5.982294e-17 1.661656e-09 2.370804e-17 3.239060e-22 5.773036e-10 1.525834e-10 3.176121e-19 3.550924e-11 8.527189e-12 3.814704e-20 2.773390e-16 2.135075e-23 0.000000e+00 2.907510e-27 3.363270e-21 9.293046e-25 6.476108e-19 4.782187e-26 2.995025e-29 4.227439e-32 4.683774e-22 1.853749e-26 7.279380e-47 0.000000e+00 0.000000e+00 4.245605e-18
8.682540e-01 7.584120e-14 5.554646e-07 6.476978e-03 8.481881e-21 5.156809e-17 1.638657e-34 0.000000e+00 4.732448e-26 4.797466e-15 1.093243e-06 0.000000e+00 0.000000e+00 0.000000e+00 6.180853e-29 1.226090e-11 4.308785e-16 2.196846e-13 1.256449e-07 4.001902e-04 1.071558e-26 1.837399e-10 2.403737e-22 8.727897e-19 2.944492e-13 4.172804e-20 1.997641e-01 2.051207e-21 4.543502e-21 7.370274e-12 1.236653e-11 1.557606e-09 5.674802e-34 3.088316e-26 1.710323e-29 6.048351e-11 1.672698e-16 7.933566e-01 4.908750e-11 5.472350e-12 5.992369e-20 7.204795e-26 1.238705e-19 5.086228e-14 8.586589e-18 1.624650e-22 5.265018e-15 1.882215e-11 3.495545e-07 3.946007e-28 4.601473e-19 2.467438e-15 8.839395e-11 4.288879e-18 1.755387e-08 1.997032e-15 2.230132e-10 9.372805e-15 2.692466e-21 6.209894e-17 1.548445e-26 8.513974e-16 6.076700e-14 3.041777e-17 6.252871e-15 2.493631e-29 4.186949e-10 5.701841e-22 2.162353e-26 1.454857e-16 1.455755e-10 9.100652e-17 5.219063e-13 2.124669e-34 5.935728e-17 1.485931e-09 2.124922e-17 1.524442e-22 5.686671e-10 2.420589e-10 3.183881e-19 3.500096e-11 8.372353e-12 3.823973e-20 3.438553e-16 2.845904e-23 0.000000e+00 2.914641e-27 3.371469e-21 8.320626e-23 6.492529e-19 4.793848e-26 3.002693e-29 4.221979e-32 5.146194e-22 1.169922e-26 2.398606e-47 0.000000e+00 1.937957e-05 4.911400e-16
7.538651e-01 7.210163e-14 5.564685e-07 5.209392e-03 7.919943e-21 5.807334e-17 2.166741e-34 7.007201e-51 4.024601e-26 4.368558e-15 1.090451e-06 0.000000e+00 0.000000e+00 0.000000e+00 4.639687e-29 1.226669e-11 4.005679e-16 2.176543e-13 1.165147e-07 4.007175e-04 9.688232e-27 1.151402e-10 1.676843e-22 7.800728e-19 2.839616e-13 4.791488e-20 2.000190e-01 2.053834e-21 4.549408e-21 7.914072e-12 1.105157e-11 1.634002e-09 8.158299e-34 3.621256e-26 1.253314e-29 6.133705e-11 1.586624e-16 7.943688e-01 4.455407e-11 4.082264e-12 5.565287e-20 6.409868e-26 1.135165e-19 5.090582e-14 6.007861e-18 1.330803e-22 5.071648e-15 1.006996e-11 3.499149e-07 3.950680e-28 4.175850e-19 2.470613e-15 8.850607e-11 3.443691e-18 1.621741e-08 9.374373e-16 2.527719e-10 5.088286e-15 3.098084e-21 3.317605e-17 2.742541e-26 1.163200e-15 6.238991e-14 6.674439e-17 8.257135e-15 2.629063e-29 4.184448e-10 5.703003e-22 2.176828e-26 1.788511e-16 9.672205e-11 8.055387e-17 5.225659e-13 1.923898e-34 5.828386e-17 1.235558e-09 1.520997e-17 9.968738e-23 5.577286e-10 3.032992e-10 3.187984e-19 3.452261e-11 8.126455e-12 3.828808e-20 4.343633e-16 5.225234e-23 0.000000e+00 2.918442e-27 3.375778e-21 2.053132e-24 6.531042e-19 4.799972e-26 3.006631e-29 4.208097e-32 5.764649e-22 1.236729e-26 1.464423e-47 0.000000e+00 9.121563e-06 2.505952e-14
6.545464e-01 7.895925e-14 5.574546e-07 4.057659e-03 8.651077e-21 7.107870e-17 4.077232e-34 1.644912e-50 4.515850e-26 4.556144e-15 1.088191e-06 0.000000e+00 0.000000e+00 0.000000e+00 4.058826e-29 1.226821e-11 3.901958e-16 2.154440e-13 1.082342e-07 4.011961e-04 1.064573e-26 9.472904e-11 1.630897e-22 9.504943e-19 2.884357e-13 6.184391e-20 2.002506e-01 2.056226e-21 4.554830e-21 7.354246e-12 1.067897e-11 1.505800e-09 1.407213e-33 4.470649e-26 9.248114e-30 6.216156e-11 1.592158e-16 7.952885e-01 4.074875e-11 4.839801e-12 5.019712e-20 9.494752e-26 9.995356e-20 5.093577e-14 6.948101e-18 1.062794e-22 4.863637e-15 9.156616e-12 3.502248e-07 3.954851e-28 3.673033e-19 2.473515e-15 8.860781e-11 3.167160e-18 1.615006e-08 7.642678e-16 2.734696e-10 5.264487e-15 3.148431e-21 5.029664e-17 4.682818e-26 1.578972e-15 6.338844e-14 1.239077e-16 1.120442e-14 3.018661e-29 4.182022e-10 5.699798e-22 2.225207e-26 1.917237e-16 6.513972e-11 6.974146e-17 5.231633e-13 1.833985e-34 5.677679e-17 1.024529e-09 1.095482e-17 7.586506e-23 5.456012e-10 3.478417e-10 3.191739e-19 3.410555e-11 7.836410e-12 3.833189e-20 5.424803e-16 1.083134e-22 4.049566e-22 2.921939e-27 3.379690e-21 7.559702e-26 6.624719e-19 4.805540e-26 3.010191e-29 4.192326e-32 6.873443e-22 1.781536e-26 1.114578e-47 0.000000e+00 7.968793e-06 6.171104e-13
5.683125e-01 9.208889e-14 5.583613e-07 3.061234e-03 1.006327e-20 9.111473e-17 9.033215e-34 4.837003e-50 5.625566e-26 4.961224e-15 1.086313e-06 0.000000e+00 0.000000e+00 0.000000e+00 3.732281e-29 1.226502e-11 3.850336e-16 2.129841e-13 1.007128e-07 4.016103e-04 1.290082e-26 8.557201e-11 1.768122e-22 1.212907e-18 3.032416e-13 8.571304e-20 2.004509e-01 2.058304e-21 4.559589e-21 6.423359e-12 1.058563e-11 1.265552e-09 2.651334e-33 5.576694e-26 5.501533e-30 6.294485e-11 1.615791e-16 7.960841e-01 3.753676e-11 6.338304e-12 4.420958e-20 1.593811e-25 8.518981e-20 5.095034e-14 9.576284e-18 8.330643e-23 4.657007e-15 9.586795e-12 3.504703e-07 3.958372e-28 3.123959e-19 2.476049e-15 8.869568e-11 3.205179e-18 1.697793e-08 7.394927e-16 2.931297e-10 6.527656e-15 2.224720e-21 1.096217e-16 7.791924e-26 2.136429e-15 6.354825e-14 2.117172e-16 1.515449e-14 3.612304e-29 4.179434e-10 5.691772e-22 2.306621e-26 1.889372e-16 4.446273e-11 5.922772e-17 5.236783e-13 1.846292e-34 5.492007e-17 8.562767e-10 7.560309e-18 6.246703e-23 5.323884e-10 3.759301e-10 3.195021e-19 3.374052e-11 7.519527e-12 3.836968e-20 6.628397e-16 2.419123e-22 0.000000e+00 2.925017e-27 3.383080e-21 4.062945e-27 6.717474e-19 4.810363e-26 3.013253e-29 4.174840e-32 8.540715e-22 2.941913e-26 8.762352e-48 0.000000e+00 6.782740e-06 7.620200e-12
4.934396e-01 1.093438e-13 5.591548e-07 2.213747e-03 1.191992e-20 1.194501e-16 2.141170e-33 1.558381e-49 7.171330e-26 5.434834e-15 1.084746e-06 0.000000e+00 0.000000e+00 0.000000e+00 3.477911e-29 1.225702e-11 3.810614e-16 2.101534e-13 9.387745e-08 4.019628e-04 1.616793e-26 7.772233e-11 1.923265e-22 1.499955e-18 3.235405e-13 1.209596e-19 2.006213e-01 2.060081e-21 4.563719e-21 5.391871e-12 1.041773e-11 9.893964e-10 5.087829e-33 6.920137e-26 2.408858e-30 6.367982e-11 1.634042e-16 7.967609e-01 3.483253e-11 8.327341e-12 3.835701e-20 2.691848e-25 7.105449e-20 5.094971e-14 1.333011e-17 6.438082e-23 4.458483e-15 1.025758e-11 3.506528e-07 3.961270e-28 2.617772e-19 2.478229e-15 8.877023e-11 3.401307e-18 1.832758e-08 7.610316e-16 3.133397e-10 8.358547e-15 5.371933e-22 2.636461e-16 1.272107e-25 2.882253e-15 6.286932e-14 3.464075e-16 2.043613e-14 4.409550e-29 4.176645e-10 5.678647e-22 2.421009e-26 1.793559e-16 3.104550e-11 4.917917e-17 5.241147e-13 1.923492e-34 5.279556e-17 7.124295e-10 5.198291e-18 5.358845e-23 5.181504e-10 3.652098e-10 3.197852e-19 3.342253e-11 7.188542e-12 3.840175e-20 7.918946e-16 5.466319e-22 0.000000e+00 2.927700e-27 3.385968e-21 3.544263e-28 6.807779e-19 4.814470e-26 3.015836e-29 4.155714e-32 1.079459e-21 5.186368e-26 6.848966e-48 0.000000e+00 5.722176e-06 4.610393e-11
4.284310e-01 1.302556e-13 5.598018e-07 1.529678e-03 1.399842e-20 1.542508e-16 5.371068e-33 5.384698e-49 8.769004e-26 5.715652e-15 1.083423e-06 0.000000e+00 0.000000e+00 0.000000e+00 3.117485e-29 1.224385e-11 3.725635e-16 2.068500e-13 8.771665e-08 4.022478e-04 2.027117e-26 6.912296e-11 2.032485e-22 1.804093e-18 3.443445e-13 1.788203e-19 2.007588e-01 2.061527e-21 4.567156e-21 4.294440e-12 9.959357e-12 7.243718e-10 1.167417e-32 8.617856e-26 2.087050e-30 6.435374e-11 1.655626e-16 7.973071e-01 3.258416e-11 1.097247e-11 3.331020e-20 4.772494e-25 5.885532e-20 5.093310e-14 1.833268e-17 4.921999e-23 4.272164e-15 1.092306e-11 3.507665e-07 3.963484e-28 2.175599e-19 2.480021e-15 8.883020e-11 3.615038e-18 1.988993e-08 8.080581e-16 3.343272e-10 1.084802e-14 1.275524e-21 7.381495e-16 2.051148e-25 3.896521e-15 6.143676e-14 5.650655e-16 2.760783e-14 5.229658e-29 4.173560e-10 5.660048e-22 2.566884e-26 1.633193e-16 2.257693e-11 4.055122e-17 5.244651e-13 2.010066e-34 5.050944e-17 5.812705e-10 3.475408e-18 4.849135e-23 5.030318e-10 2.890752e-10 3.200187e-19 3.314867e-11 6.857570e-12 3.842757e-20 9.136643e-16 1.311098e-21 1.134782e-21 2.929946e-27 3.388309e-21 5.824647e-28 6.894024e-19 4.817792e-26 3.017899e-29 4.135006e-32 1.354175e-21 9.178503e-26 4.751513e-48 0.000000e+00 4.576628e-06 1.432406e-10
3.719869e-01 1.553627e-13 5.602752e-07 1.028420e-03 1.657016e-20 1.980781e-16 8.630885e-31 0.000000e+00 1.075132e-25 6.020204e-15 1.082266e-06 0.000000e+00 0.000000e+00 0.000000e+00 2.813017e-29 1.222511e-11 3.631629e-16 2.031663e-13 8.224704e-08 4.024577e-04 2.523631e-26 6.059353e-11 2.107847e-22 2.102616e-18 3.628212e-13 2.628961e-19 2.008596e-01 2.062602e-21 4.569816e-21 3.306150e-12 9.287858e-12 5.010399e-10 5.763631e-27 1.071984e-25 1.442399e-30 6.495517e-11 1.697147e-16 7.977074e-01 3.074458e-11 1.450821e-11 2.974052e-20 8.559895e-25 4.963639e-20 5.089938e-14 2.475126e-17 3.763043e-23 4.101157e-15 1.159488e-11 3.508041e-07 3.964937e-28 1.824572e-19 2.481379e-15 8.887385e-11 3.810041e-18 2.140848e-08 8.813839e-16 3.560033e-10 1.423336e-14 1.145506e-21 1.853004e-15 3.272575e-25 5.256906e-15 5.943823e-14 9.160365e-16 3.721030e-14 6.170199e-29 4.170052e-10 5.635532e-22 2.739963e-26 1.474691e-16 1.752330e-11 3.275097e-17 5.247196e-13 2.078533e-34 4.817381e-17 4.608051e-10 3.271507e-18 4.679037e-23 4.872450e-10 1.974261e-10 3.201966e-19 3.291520e-11 6.539729e-12 3.844638e-20 1.029661e-15 3.059397e-21 0.000000e+00 2.931701e-27 3.390029e-21 5.262098e-27 6.974872e-19 4.820237e-26 3.019383e-29 4.112748e-32 1.675884e-21 1.673933e-25 3.326218e-48 0.000000e+00 3.315157e-06 2.501990e-10
3.229791e-01 1.861807e-13 5.606054e-07 6.572295e-04 1.927330e-20 2.423300e-16 3.939272e-32 7.384127e-48 1.214534e-25 5.864404e-15 1.081214e-06 1.754559e-54 0.000000e+00 8.077476e-36 2.342894e-29 1.219984e-11 3.438361e-16 1.990099e-13 7.726543e-08 4.026140e-04 3.098417e-26 5.139697e-11 2.102814e-22 2.412758e-18 3.755569e-13 4.244110e-19 2.009343e-01 2.063418e-21 4.571966e-21 2.350607e-12 8.198072e-12 3.222754e-10 4.862404e-32 1.361197e-25 9.113067e-31 6.550312e-11 1.754886e-16 7.980038e-01 2.920369e-11 1.961814e-11 2.830853e-20 1.732372e-24 4.388981e-20 5.084767e-14 3.352085e-17 2.865884e-23 3.939958e-15 1.213136e-11 3.507758e-07 3.965807e-28 1.505313e-19 2.482440e-15 8.890583e-11 3.847312e-18 2.276693e-08 1.001127e-15 3.793809e-10 1.923844e-14 6.469288e-22 4.134266e-15 5.210686e-25 7.162759e-15 5.693958e-14 1.538692e-15 5.059402e-14 6.750606e-29 4.166027e-10 5.603417e-22 2.901174e-26 1.248943e-16 1.466868e-11 2.679453e-17 5.249054e-13 2.072985e-34 4.580265e-17 3.489581e-10 4.456011e-18 4.988814e-23 4.703187e-10 1.347922e-10 3.203368e-19 3.271080e-11 6.232730e-12 3.846020e-20 1.100422e-15 8.156671e-21 1.045084e-22 2.933141e-27 3.391320e-21 3.702078e-26 7.053385e-19 4.822059e-26 3.020545e-29 4.088018e-32 2.017730e-21 2.959044e-25 1.861701e-48 0.000000e+00 2.293080e-06 3.244865e-10
2.804279e-01 2.238808e-13 5.607874e-07 4.114789e-04 2.267784e-20 2.935134e-16 1.150298e-31 3.297850e-47 1.385526e-25 5.752399e-15 1.080184e-06 1.427965e-60 0.000000e+00 4.698121e-47 1.968980e-29 1.216591e-11 3.222616e-16 1.945840e-13 7.271685e-08 4.027187e-04 3.770719e-26 4.288885e-11 2.062203e-22 2.697494e-18 3.831433e-13 6.838929e-19 2.009837e-01 2.063989e-21 4.573662e-21 1.603761e-12 6.951532e-12 1.949489e-10 1.060074e-31 1.728836e-25 4.060346e-31 6.600750e-11 1.819946e-16 7.982000e-01 2.790162e-11 2.695039e-11 3.050920e-20 3.560054e-24 4.347217e-20 5.077329e-14 4.493354e-17 2.207342e-23 3.786085e-15 1.266505e-11 3.506730e-07 3.966074e-28 1.232094e-19 2.483227e-15 8.892653e-11 3.801201e-18 2.386264e-08 1.172714e-15 4.055372e-10 2.659401e-14 5.104796e-22 6.307229e-15 8.242813e-25 9.742153e-15 5.411690e-14 2.585001e-15 6.846346e-14 7.307041e-29 4.161212e-10 5.560828e-22 3.071306e-26 1.049520e-16 1.337286e-11 2.154911e-17 5.250247e-13 2.026638e-34 4.340867e-17 2.519884e-10 7.691322e-18 5.800204e-23 4.519277e-10 9.926623e-11 3.204425e-19 3.252780e-11 5.934713e-12 3.846920e-20 1.152109e-15 2.134168e-20 2.555898e-22 2.934307e-27 3.392190e-21 1.924735e-25 7.131579e-19 4.823284e-26 3.021312e-29 4.059552e-32 2.386837e-21 5.391519e-25 1.053295e-48 0.000000e+00 1.341717e-06 3.692377e-10
2.434827e-01 2.715465e-13 5.608307e-07 2.297068e-04 2.634536e-20 3.484163e-16 3.884900e-31 1.649664e-46 1.534897e-25 5.461490e-15 1.078808e-06 3.069242e-58 3.286358e-27 7.138626e-49 1.596468e-29 1.210628e-11 2.941242e-16 1.886730e-13 6.740386e-08 4.027981e-04 4.551860e-26 3.412266e-11 1.929048e-22 2.910913e-18 3.838953e-13 1.137441e-18 2.010202e-01 2.064472e-21 4.575470e-21 9.501017e-13 5.274392e-12 9.739270e-11 2.490550e-31 2.171600e-25 1.949354e-31 6.661667e-11 1.809015e-16 7.983452e-01 2.648334e-11 4.018776e-11 4.238923e-20 7.986158e-24 5.537185e-20 5.063814e-14 6.366941e-17 1.637386e-23 3.592398e-15 1.365568e-11 3.504306e-07 3.965664e-28 9.384213e-20 2.483979e-15 8.894091e-11 3.632996e-18 2.488684e-08 1.459862e-15 4.457332e-10 4.029780e-14 2.520515e-22 8.566319e-15 1.284837e-24 1.313950e-14 5.024505e-14 4.299849e-15 9.157494e-14 7.608734e-29 4.153552e-10 5.485743e-22 3.262335e-26 8.338410e-17 1.312596e-11 1.680824e-17 5.251058e-13 1.919976e-34 4.029671e-17 1.568706e-10 1.664303e-17 7.391928e-23 4.258023e-10 7.559716e-11 3.205467e-19 3.231241e-11 5.556629e-12 3.847558e-20 1.154061e-15 5.961843e-20 9.032471e-22 2.935598e-27 3.392858e-21 9.685520e-25 7.236002e-19 4.824227e-26 3.021872e-29 4.015318e-32 2.786752e-21 1.069703e-24 5.214769e-49 0.000000e+00 6.224393e-07 4.019640e-10
2.114048e-01 3.231528e-13 5.605408e-07 9.177458e-05 2.852989e-20 4.136814e-16 1.708148e-30 1.032389e-45 1.596885e-25 4.981473e-15 1.076104e-06 3.917074e-56 2.730044e-26 4.036748e-47 1.230827e-29 1.195476e-11 2.581810e-16 1.782218e-13 5.913406e-08 4.028619e-04 5.126881e-26 2.480329e-11 1.631850e-22 2.892216e-18 3.650247e-13 1.771466e-18 2.010479e-01 2.065027e-21 4.578557e-21 4.016761e-13 2.916239e-12 2.810191e-11 5.223740e-31 2.441988e-25 9.163344e-32 6.766719e-11 1.478620e-16 7.984554e-01 2.438454e-11 7.608922e-11 1.034611e-19 1.920529e-23 1.295525e-19 5.029078e-14 1.097842e-16 1.075953e-23 3.239986e-15 1.700012e-11 3.497418e-07 3.963523e-28 5.767615e-20 2.485075e-15 8.894919e-11 3.329211e-18 2.606409e-08 1.943428e-15 5.363913e-10 7.615168e-14 1.167622e-22 1.284568e-14 1.874028e-24 1.665482e-14 4.350667e-14 6.416591e-15 1.144634e-13 7.731576e-29 4.135853e-10 5.291655e-22 3.406082e-26 6.178695e-17 1.441703e-11 1.149468e-17 5.251469e-13 1.724221e-34 3.465397e-17 6.037387e-11 5.559476e-17 1.038617e-22 3.737990e-10 5.725020e-11 3.207062e-19 3.195588e-11 4.870062e-12 3.847970e-20 1.057457e-15 1.584926e-19 0.000000e+00 2.937908e-27 3.393454e-21 6.021819e-24 7.439646e-19 4.825058e-26 3.022258e-29 3.913728e-32 3.251521e-21 2.782815e-24 2.112879e-49 0.000000e+00 1.798558e-07 4.299471e-10
1.835531e-01 3.126582e-13 5.596487e-07 3.112352e-05 2.479388e-20 4.893925e-16 8.562031e-30 6.149500e-45 1.067378e-25 3.606333e-15 1.072143e-06 2.651707e-54 1.558876e-25 1.276844e-45 7.450235e-30 1.166729e-11 2.113326e-16 1.663004e-13 5.094125e-08 4.028923e-04 4.065817e-26 1.567325e-11 1.091850e-22 2.387468e-18 2.998737e-13 2.155628e-18 2.010600e-01 2.065667e-21 4.583519e-21 1.169479e-13 1.047004e-12 5.627296e-12 7.450330e-31 2.171163e-25 3.401164e-32 6.900757e-11 7.678568e-17 7.985039e-01 2.233639e-11 1.710765e-10 3.655509e-19 3.597472e-23 4.715563e-19 4.963532e-14 2.239983e-16 7.446765e-24 2.748770e-15 2.409202e-11 3.484068e-07 3.958872e-28 2.608428e-20 2.486663e-15 8.894789e-11 2.871463e-18 2.731169e-08 2.109545e-15 6.724029e-10 1.390892e-13 3.277555e-23 1.750497e-14 2.518379e-24 1.952790e-14 3.635719e-14 8.335911e-15 1.288388e-13 7.595177e-29 4.105290e-10 4.908780e-22 3.155978e-26 5.060806e-17 1.875399e-11 7.389225e-18 5.251265e-13 1.402115e-34 2.739768e-17 1.469101e-11 2.111813e-16 1.412518e-22 3.009274e-10 4.823789e-11 3.209456e-19 3.154217e-11 3.938205e-12 3.848031e-20 8.664792e-16 3.286724e-19 0.000000e+00 2.941721e-27 3.393966e-21 3.305420e-23 7.734985e-19 4.825663e-26 3.022313e-29 3.736187e-32 3.776619e-21 5.464662e-24 5.043919e-50 0.000000e+00 3.321087e-08 4.386461e-10
1.593707e-01 1.688338e-13 5.573486e-07 9.675127e-06 1.210360e-20 7.025504e-16 6.084485e-29 3.137037e-44 2.229419e-26 1.461347e-15 1.064996e-06 1.053773e-52 1.342910e-24 5.002943e-44 2.475014e-30 1.104162e-11 1.607925e-16 1.532381e-13 4.336164e-08 4.029017e-04 1.365733e-26 6.334243e-12 3.894453e-23 1.144213e-18 1.864926e-13 1.612236e-18 2.010642e-01 2.066854e-21 4.593962e-21 1.707046e-14 1.815341e-13 1.002177e-12 1.517351e-30 1.591387e-25 7.521117e-33 7.097224e-11 1.584771e-17 7.985212e-01 2.028986e-11 4.414738e-10 1.770789e-18 3.038134e-23 2.426245e-18 4.821543e-14 5.216090e-16 5.706774e-24 1.989938e-15 4.928585e-11 3.454940e-07 3.948525e-28 7.896006e-21 2.489904e-15 8.893704e-11 2.776153e-18 3.416862e-08 1.215064e-15 8.891492e-10 1.634157e-13 3.880678e-24 1.854438e-14 2.717161e-24 1.841550e-14 2.871332e-14 6.364714e-15 1.154389e-13 8.400486e-29 4.042762e-10 4.015147e-22 2.278384e-26 5.938376e-17 3.093237e-11 4.219706e-18 5.250351e-13 2.635562e-34 1.717343e-17 2.077072e-12 6.176707e-16 1.353542e-22 1.953891e-10 4.367921e-11 3.214405e-19 3.098804e-11 2.507233e-12 3.847829e-20 5.752799e-16 3.026148e-19 0.000000e+00 2.949819e-27 3.394684e-21 1.888429e-22 8.215263e-19 4.826455e-26 3.022007e-29 3.372797e-32 5.238747e-21 3.622848e-24 5.726253e-51 0.000000e+00 2.150785e-09 4.158132e-10
1.383743e-01 9.644882e-14 5.540104e-07 3.921157e-06 6.509418e-21 1.428412e-15 3.202731e-28 1.474146e-43 5.271454e-27 6.282655e-16 1.055868e-06 2.671932e-51 7.028806e-24 1.008015e-42 8.704501e-31 1.019619e-11 1.195202e-16 1.424838e-13 3.798045e-08 4.029003e-04 5.018044e-27 2.659039e-12 1.617919e-23 6.030393e-19 1.196731e-13 1.239491e-18 2.010651e-01 2.068466e-21 4.608290e-21 3.921246e-15 5.280863e-14 2.407754e-13 1.458357e-29 1.335241e-25 1.884322e-33 7.277999e-11 4.176088e-18 7.985260e-01 1.858752e-11 7.729127e-10 5.800417e-18 2.167675e-23 8.367735e-18 4.627651e-14 8.000304e-16 4.931825e-24 1.360157e-15 1.076530e-10 3.415091e-07 3.934423e-28 2.791227e-21 2.494382e-15 8.892234e-11 3.703051e-18 6.000331e-08 8.156816e-16 1.197850e-09 1.377293e-13 7.166622e-25 2.419307e-14 2.543966e-24 1.506353e-14 2.070959e-14 3.185840e-15 9.478831e-14 1.106977e-28 3.959094e-10 2.651866e-22 1.395789e-26 5.817246e-17 4.173225e-11 1.990962e-18 5.249097e-13 3.083902e-33 8.575897e-18 2.714771e-13 1.194247e-15 1.114587e-22 1.098956e-10 3.964146e-11 3.221262e-19 3.039589e-11 1.263085e-12 3.847565e-20 3.380001e-16 2.491253e-19 0.000000e+00 2.960964e-27 3.395605e-21 7.606313e-22 8.679167e-19 4.827443e-26 3.021472e-29 2.903350e-32 1.022605e-20 2.044821e-24 8.435431e-52 0.000000e+00 1.614511e-10 3.636220e-10
1.201440e-01 7.222558e-14 5.494258e-07 2.415140e-06 4.801815e-21 3.683557e-15 1.216075e-27 7.685463e-43 2.538409e-27 4.012028e-16 1.043903e-06 4.637886e-50 2.319845e-23 1.128595e-41 4.598626e-31 9.087259e-12 9.148213e-17 1.315459e-13 3.336900e-08 4.028951e-04 2.570387e-27 1.637759e-12 1.083897e-23 4.579920e-19 8.168112e-14 9.826493e-19 2.010651e-01 2.070667e-21 4.627667e-21 1.706840e-15 3.071520e-14 6.708459e-14 9.731162e-29 1.075818e-25 8.858075e-34 7.428857e-11 1.824325e-18 7.985275e-01 1.683183e-11 1.027354e-09 1.472499e-17 1.618434e-23 2.112453e-17 4.367488e-14 8.770778e-16 4.579360e-24 9.004417e-16 2.339189e-10 3.361521e-07 3.915582e-28 1.250850e-21 2.500517e-15 8.890463e-11 6.344015e-18 1.260262e-07 9.305095e-16 1.752731e-09 1.163527e-13 2.857587e-25 5.222163e-14 1.950652e-24 1.002108e-14 1.219274e-14 1.173193e-15 6.630304e-14 5.908231e-29 3.847567e-10 5.403833e-23 6.761112e-27 4.122136e-17 4.272972e-11 5.903530e-19 5.247519e-13 4.152055e-32 2.840131e-18 3.483871e-14 1.482513e-15 8.767189e-23 5.194980e-11 3.383959e-11 3.230663e-19 2.968404e-11 4.289032e-13 3.847307e-20 1.863626e-16 1.729914e-19 0.000000e+00 2.976069e-27 3.396849e-21 2.418741e-21 9.079121e-19 4.828761e-26 3.020748e-29 2.321591e-32 2.434399e-20 1.513672e-24 2.582592e-52 0.000000e+00 2.321666e-11 2.944870e-10
1.043155e-01 7.178970e-14 5.434961e-07 2.454760e-06 4.790523e-21 9.387956e-15 3.718222e-27 4.435863e-42 2.320336e-27 3.533406e-16 1.028776e-06 5.920229e-49 5.331405e-23 7.918506e-41 3.359598e-31 7.731473e-12 6.709824e-17 1.197864e-13 2.913665e-08 4.028894e-04 1.880672e-27 1.488602e-12 1.113675e-23 5.040919e-19 6.001954e-14 7.905959e-19 2.010645e-01 2.073536e-21 4.652628e-21 1.213561e-15 3.253789e-14 1.995328e-14 4.591024e-28 8.666403e-26 6.481866e-34 7.543779e-11 1.217485e-18 7.985280e-01 1.491863e-11 1.136541e-09 3.132492e-17 1.413244e-23 4.146080e-17 4.035722e-14 7.505036e-16 4.485787e-24 6.038450e-16 4.237933e-10 3.292919e-07 3.891581e-28 6.178138e-22 2.508519e-15 8.888466e-11 1.029495e-17 2.555808e-07 1.628157e-15 2.644091e-09 1.090094e-13 2.457017e-25 1.427971e-13 1.225923e-24 5.445483e-15 5.320853e-15 4.011782e-16 3.868598e-14 0.000000e+00 3.705433e-10 0.000000e+00 2.575384e-27 1.937380e-17 3.398990e-11 9.358210e-20 5.245642e-13 3.976312e-31 5.309409e-19 8.428910e-15 1.140083e-15 6.973267e-23 2.032440e-11 2.599956e-11 3.242934e-19 2.882757e-11 8.920552e-14 3.847101e-20 8.942577e-17 1.168942e-19 3.073292e-22 2.995565e-27 3.398477e-21 6.422726e-21 9.353122e-19 4.830462e-26 3.019887e-29 1.676045e-32 5.650113e-20 1.303781e-24 1.318012e-52 0.000000e+00 1.679921e-11 2.241010e-10
9.057237e-02 8.516898e-14 5.363090e-07 2.497411e-06 6.049463e-21 2.287555e-14 1.045863e-26 2.661269e-41 3.402983e-27 4.103467e-16 1.010710e-06 5.854435e-48 9.657322e-23 4.082034e-40 3.424454e-31 6.224319e-12 4.876150e-17 1.074596e-13 2.533480e-08 4.028853e-04 1.846292e-27 1.809268e-12 1.581265e-23 6.918506e-19 4.970894e-14 6.181446e-19 2.010636e-01 2.077056e-21 4.682911e-21 1.243925e-15 5.395775e-14 7.964552e-15 1.583972e-27 7.214612e-26 9.077077e-34 7.644452e-11 1.097318e-18 7.985286e-01 1.288291e-11 1.102545e-09 5.850736e-17 1.145698e-23 6.711428e-17 3.639480e-14 5.410550e-16 4.667228e-24 4.384600e-16 6.545504e-10 3.210217e-07 3.862758e-28 3.375188e-22 2.518337e-15 8.886360e-11 1.554890e-17 4.575877e-07 3.401174e-15 3.866180e-09 1.080301e-13 5.676025e-25 3.888720e-13 6.294444e-25 2.387929e-15 1.620593e-15 1.272501e-16 1.877062e-14 0.000000e+00 3.534813e-10 0.000000e+00 8.871317e-28 7.376475e-18 2.227741e-11 6.657785e-21 5.243543e-13 2.259811e-30 5.205744e-20 1.235256e-14 8.362061e-16 5.156393e-23 6.771748e-12 2.102198e-11 3.257980e-19 2.784050e-11 1.382044e-14 3.846993e-20 3.908697e-17 5.186561e-20 0.000000e+00 3.019256e-27 3.400487e-21 1.437176e-20 9.452040e-19 4.832538e-26 3.018968e-29 1.066764e-32 1.189530e-19 1.814637e-24 1.609498e-52 0.000000e+00 5.740374e-15 1.659078e-10
7.863982e-02 1.107302e-13 5.278083e-07 2.547333e-06 8.548348e-21 5.038167e-14 2.737360e-26 1.463567e-40 5.650185e-27 5.014297e-16 9.896143e-07 4.731879e-47 1.456804e-22 1.641545e-39 3.759916e-31 4.673636e-12 3.460215e-17 9.476966e-14 2.196743e-08 4.028836e-04 2.257909e-27 2.361332e-12 2.445887e-23 1.009194e-18 4.681679e-14 4.651889e-19 2.010626e-01 2.081274e-21 4.718843e-21 1.382582e-15 1.044132e-13 6.447554e-15 4.742686e-27 6.774962e-26 1.522785e-33 7.750713e-11 1.099152e-18 7.985294e-01 1.075454e-11 1.029320e-09 9.814779e-17 9.512830e-24 9.422342e-17 3.181196e-14 3.758668e-16 5.080553e-24 3.620509e-16 8.816449e-10 3.112764e-07 3.828856e-28 1.846058e-22 2.530097e-15 8.884183e-11 2.070425e-17 7.285256e-07 6.758556e-15 5.354903e-09 1.130554e-13 7.761927e-25 8.781093e-13 2.761160e-25 8.794597e-16 3.317413e-16 3.979193e-17 7.455757e-15 0.000000e+00 3.334754e-10 0.000000e+00 3.293423e-28 2.207732e-18 1.267334e-11 2.092565e-22 5.241235e-13 7.241915e-30 2.715766e-21 3.586217e-14 5.759230e-16 3.570249e-23 1.914312e-12 1.725814e-11 3.275968e-19 2.672293e-11 3.675171e-15 3.847009e-20 1.416785e-17 1.904047e-20 0.000000e+00 3.047404e-27 3.402920e-21 2.918969e-20 9.346328e-19 4.835012e-26 3.018035e-29 5.802976e-33 2.245525e-19 2.931828e-24 2.757542e-52 0.000000e+00 1.941018e-18 1.225089e-10
6.827934e-02 1.489723e-13 5.182105e-07 2.603166e-06 1.283255e-20 1.030962e-13 6.752222e-26 7.316962e-40 9.806343e-27 6.260767e-16 9.660839e-07 3.233363e-46 1.889947e-22 5.387849e-39 4.190638e-31 3.250668e-12 2.479867e-17 8.234987e-14 1.914683e-08 4.028850e-04 3.163366e-27 3.110288e-12 3.854626e-23 1.463360e-18 4.883178e-14 3.339270e-19 2.010614e-01 2.086100e-21 4.759629e-21 1.551038e-15 2.075365e-13 8.498645e-15 1.264225e-26 7.275263e-26 2.988888e-33 7.864589e-11 1.153799e-18 7.985303e-01 8.647819e-12 9.615331e-10 1.486205e-16 7.829896e-24 1.183405e-16 2.682585e-14 2.644849e-16 5.726858e-24 3.456551e-16 1.105391e-09 3.003015e-07 3.790668e-28 1.396758e-22 2.543554e-15 8.882028e-11 2.571632e-17 1.052793e-06 1.236684e-14 7.003601e-09 1.226191e-13 1.835249e-24 1.689649e-12 1.146230e-25 2.823223e-16 4.722061e-17 1.368809e-17 2.464479e-15 0.000000e+00 3.110900e-10 0.000000e+00 1.262597e-28 5.746590e-19 6.759436e-12 3.122522e-24 5.238798e-13 1.403822e-29 8.249153e-23 1.080549e-13 3.787055e-16 2.347630e-23 4.782839e-13 1.432893e-11 3.296457e-19 2.551265e-11 2.091416e-15 3.847170e-20 4.427151e-18 5.506747e-21 9.573895e-25 3.079386e-27 3.405739e-21 5.422297e-20 9.017358e-19 4.837825e-26 3.017144e-29 2.670088e-33 3.891210e-19 5.050320e-24 6.618728e-52 0.000000e+00 6.841417e-22 9.337787e-11
5.928381e-02 2.013487e-13 5.074370e-07 2.665244e-06 1.963754e-20 1.987284e-13 1.578806e-25 3.315242e-39 1.669416e-26 7.691293e-16 9.400016e-07 1.921792e-45 2.140859e-22 1.470933e-38 4.255454e-31 2.056308e-12 1.765700e-17 7.038986e-14 1.683538e-08 4.028895e-04 4.698928e-27 3.998466e-12 5.946739e-23 2.076119e-18 5.373441e-14 2.298499e-19 2.010599e-01 2.091595e-21 4.805734e-21 1.663427e-15 3.910193e-13 1.175401e-14 3.175888e-26 8.744165e-26 5.885376e-33 7.986692e-11 1.213247e-18 7.985313e-01 6.615940e-12 9.237404e-10 2.051463e-16 6.710268e-24 1.355117e-16 2.156061e-14 1.942314e-16 6.620999e-24 3.688447e-16 1.338843e-09 2.880071e-07 3.747786e-28 6.931270e-23 2.558872e-15 8.879900e-11 2.987502e-17 1.429583e-06 2.067840e-14 8.766951e-09 1.371101e-13 4.598868e-24 2.863227e-12 6.213008e-26 8.501365e-17 4.923928e-18 7.186222e-18 7.204020e-16 0.000000e+00 2.862309e-10 0.000000e+00 4.805306e-29 1.370519e-19 3.687214e-12 1.046319e-25 5.236221e-13 1.792285e-29 1.650346e-24 2.955330e-13 2.533988e-16 1.574011e-23 1.119530e-13 1.221051e-11 3.319578e-19 2.421030e-11 1.445945e-15 3.847491e-20 1.246609e-18 1.454669e-21 0.000000e+00 3.115559e-27 3.408996e-21 9.463180e-20 8.437322e-19 4.841009e-26 3.016308e-29 1.010109e-33 6.374435e-19 8.641807e-24 1.779116e-51 0.000000e+00 2.523321e-25 7.487075e-11
5.147341e-02 2.712026e-13 4.959688e-07 2.730679e-06 3.038800e-20 3.634175e-13 3.519720e-25 1.367126e-38 2.803018e-26 9.341811e-16 9.125972e-07 1.010982e-44 2.143990e-22 3.396478e-38 3.892384e-31 1.189066e-12 1.259709e-17 5.958618e-14 1.506848e-08 4.028967e-04 7.084774e-27 4.995804e-12 8.932348e-23 2.879484e-18 6.020098e-14 1.571318e-19 2.010584e-01 2.097530e-21 4.855243e-21 1.706842e-15 6.841474e-13 1.505731e-14 7.692332e-26 1.124293e-25 1.125703e-32 8.110777e-11 1.278744e-18 7.985324e-01 4.811698e-12 9.182423e-10 2.560948e-16 6.100994e-24 1.426198e-16 1.646920e-14 1.503390e-16 7.783791e-24 4.192509e-16 1.586248e-09 2.749428e-07 3.702002e-28 3.221983e-23 2.575419e-15 8.877901e-11 3.298294e-17 1.844630e-06 3.176874e-14 1.052956e-08 1.576245e-13 1.153071e-23 4.350927e-12 6.827808e-26 3.162954e-17 4.880188e-19 6.936102e-18 2.432859e-16 0.000000e+00 2.601272e-10 0.000000e+00 2.305565e-29 3.914032e-20 2.411151e-12 0.000000e+00 5.233621e-13 1.333564e-29 7.986668e-26 7.094525e-13 2.011221e-16 1.254603e-23 3.223493e-14 1.103811e-11 3.344203e-19 2.288239e-11 1.054465e-15 3.847964e-20 4.038332e-19 4.559929e-22 2.432597e-23 3.154399e-27 3.412575e-21 1.531975e-19 7.613398e-19 4.844429e-26 3.015564e-29 3.198346e-34 9.982268e-19 1.464845e-23 4.913759e-51 0.000000e+00 1.023305e-28 6.422122e-11
4.469200e-02 3.670697e-13 4.838050e-07 2.799389e-06 4.814946e-20 6.477059e-13 7.514966e-25 5.290016e-38 4.795199e-26 1.141809e-15 8.839180e-07 4.767023e-44 1.922888e-22 6.758003e-38 3.260161e-31 6.202043e-13 9.044649e-18 4.996508e-14 1.374677e-08 4.029063e-04 1.079670e-26 6.180312e-12 1.335019e-22 3.949885e-18 6.782051e-14 1.075950e-19 2.010566e-01 2.103926e-21 4.908307e-21 1.718956e-15 1.156354e-12 1.810608e-14 1.765462e-25 1.491378e-25 2.217652e-32 8.236297e-11 1.317400e-18 7.985337e-01 3.281493e-12 9.322372e-10 2.876420e-16 5.524475e-24 1.364375e-16 1.179641e-14 1.198684e-16 9.309431e-24 4.915927e-16 1.865860e-09 2.611122e-07 3.653173e-28 1.862886e-23 2.593247e-15 8.876022e-11 3.560447e-17 2.302918e-06 4.702299e-14 1.226779e-08 1.854093e-13 2.839147e-23 6.278072e-12 1.163888e-25 1.979802e-17 8.814389e-20 9.140117e-18 1.368782e-16 0.000000e+00 2.329396e-10 0.000000e+00 1.822721e-29 1.838699e-20 2.096750e-12 7.524337e-27 5.230989e-13 0.000000e+00 6.781345e-27 1.573924e-12 2.109279e-16 1.320243e-23 1.562340e-14 1.074756e-11 3.370171e-19 2.153419e-11 7.935441e-16 3.848591e-20 2.093649e-19 2.260352e-22 1.621799e-24 3.195990e-27 3.416504e-21 2.303466e-19 6.565790e-19 4.848090e-26 3.014907e-29 8.366490e-35 1.527447e-18 2.519707e-23 1.454261e-50 0.000000e+00 4.578533e-32 5.871606e-11
3.880401e-02 4.974958e-13 4.710928e-07 2.870453e-06 7.719180e-20 1.121662e-12 1.540642e-24 1.909844e-37 8.244002e-26 1.389667e-15 8.543636e-07 2.038682e-43 1.626642e-22 1.221629e-37 2.408846e-31 2.904769e-13 6.512200e-18 4.163151e-14 1.278932e-08 4.029179e-04 1.644643e-26 7.522106e-12 1.969004e-22 5.375278e-18 7.624107e-14 7.650542e-20 2.010548e-01 2.110721e-21 4.964444e-21 1.676877e-15 1.855848e-12 2.022918e-14 3.970101e-25 2.012369e-25 4.207056e-32 8.361191e-11 1.292083e-18 7.985350e-01 2.075055e-12 9.748994e-10 2.877423e-16 5.037582e-24 1.180581e-16 7.831636e-15 9.996063e-17 1.126815e-23 5.822689e-16 2.187621e-09 2.466980e-07 3.601740e-28 1.090074e-23 2.612190e-15 8.874277e-11 3.744795e-17 2.804359e-06 6.643936e-14 1.392116e-08 2.240233e-13 6.661696e-23 8.581712e-12 2.184378e-25 1.810364e-17 3.840132e-20 1.350179e-17 1.205711e-16 0.000000e+00 2.052345e-10 0.000000e+00 2.146207e-29 1.241120e-20 2.312285e-12 0.000000e+00 5.228347e-13 0.000000e+00 1.704896e-26 3.177567e-12 2.793057e-16 1.758620e-23 1.098865e-14 1.122152e-11 3.396938e-19 2.018722e-11 6.100758e-16 3.849363e-20 1.626305e-19 1.765205e-22 0.000000e+00 3.239913e-27 3.420765e-21 3.221378e-19 5.356072e-19 4.851960e-26 3.014332e-29 1.811684e-35 2.297263e-18 4.321956e-23 4.148356e-50 0.000000e+00 2.283805e-35 5.654250e-11
3.369173e-02 6.786359e-13 4.579229e-07 2.943303e-06 1.260226e-19 1.906781e-12 3.042341e-24 6.524007e-37 1.440336e-25 1.700297e-15 8.241864e-07 7.982212e-43 1.428939e-22 2.217510e-37 1.597644e-31 1.216024e-13 4.736658e-18 3.457468e-14 1.211378e-08 4.029311e-04 2.516682e-26 9.086330e-12 2.897557e-22 7.297064e-18 8.551902e-14 5.681890e-20 2.010528e-01 2.117889e-21 5.023437e-21 1.599306e-15 2.878188e-12 2.120273e-14 8.703551e-25 2.729882e-25 7.937133e-32 8.484184e-11 1.175255e-18 7.985364e-01 1.200890e-12 1.047210e-09 2.534043e-16 4.421337e-24 9.121982e-17 4.755451e-15 8.661130e-17 1.378891e-23 6.896466e-16 2.575705e-09 2.318300e-07 3.547901e-28 6.817892e-24 2.632169e-15 8.872664e-11 3.897655e-17 3.347872e-06 9.152033e-14 1.543543e-08 2.785833e-13 1.479609e-22 1.139063e-11 4.119646e-25 1.821750e-17 2.209198e-20 2.105507e-17 1.205400e-16 0.000000e+00 1.775226e-10 0.000000e+00 2.779092e-29 9.012170e-21 2.844876e-12 5.522624e-26 5.225702e-13 0.000000e+00 4.258653e-26 5.952948e-12 4.121747e-16 2.612410e-23 8.469775e-15 1.232699e-11 3.424025e-19 1.885464e-11 4.784881e-16 3.850274e-20 1.420360e-19 1.592514e-22 5.791092e-24 3.285952e-27 3.425355e-21 4.184303e-19 4.101186e-19 4.856020e-26 3.013829e-29 3.249495e-36 3.422701e-18 7.471205e-23 1.176869e-49 0.000000e+00 1.277615e-38 5.649064e-11
2.925298e-02 9.296295e-13 4.442194e-07 3.018301e-06 2.081461e-19 3.177528e-12 5.795749e-24 2.103628e-36 2.520676e-25 2.076674e-15 7.932548e-07 2.890757e-42 1.389237e-22 4.313619e-37 9.218973e-32 4.508809e-14 3.471878e-18 2.867680e-14 1.164122e-08 4.029455e-04 3.863370e-26 1.085369e-11 4.235900e-22 9.895613e-18 9.580797e-14 4.462895e-20 2.010507e-01 2.125494e-21 5.085846e-21 1.475597e-15 4.274016e-12 2.069438e-14 1.900998e-24 3.721955e-25 1.437131e-31 8.605585e-11 9.615706e-19 7.985379e-01 6.228975e-13 1.163311e-09 1.935228e-16 3.689621e-24 6.194703e-17 2.585552e-15 7.871423e-17 1.705720e-23 8.129732e-16 3.058786e-09 2.164671e-07 3.491153e-28 4.969961e-24 2.653366e-15 8.871159e-11 4.006166e-17 3.934769e-06 1.224955e-13 1.676528e-08 3.580758e-13 3.075509e-22 1.470548e-11 7.651576e-25 1.807920e-17 1.195974e-20 3.391238e-17 1.192648e-16 0.000000e+00 1.500598e-10 0.000000e+00 3.610855e-29 6.153379e-21 3.581283e-12 0.000000e+00 5.223025e-13 0.000000e+00 0.000000e+00 1.027472e-11 6.225998e-16 3.983196e-23 6.386728e-15 1.396310e-11 3.451242e-19 1.753242e-11 3.803266e-16 3.851328e-20 1.216044e-19 1.492111e-22 6.106511e-24 3.334483e-27 3.430330e-21 5.079339e-19 2.921357e-19 4.860304e-26 3.013385e-29 4.785200e-37 5.071361e-18 1.285655e-22 3.163274e-49 0.000000e+00 7.939419e-42 5.769729e-11
2.539902e-02 1.282159e-12 4.301652e-07 3.094412e-06 3.490065e-19 5.195923e-12 1.067276e-23 6.423432e-36 4.425059e-25 2.545692e-15 7.620137e-07 9.757924e-42 1.420855e-22 8.565550e-37 4.775058e-32 1.507729e-14 2.594007e-18 2.391984e-14 1.131615e-08 4.029608e-04 5.982264e-26 1.284772e-11 6.174105e-22 1.342987e-17 1.075200e-13 3.700808e-20 2.010484e-01 2.133463e-21 5.151097e-21 1.323377e-15 6.105581e-12 1.887678e-14 4.140780e-24 5.086370e-25 2.523516e-31 8.723479e-11 6.979358e-19 7.985395e-01 2.868557e-13 1.336406e-09 1.269726e-16 2.860169e-24 3.666862e-17 1.244823e-15 7.517333e-17 2.133597e-23 9.495759e-16 3.665209e-09 2.008789e-07 3.432025e-28 4.605596e-24 2.675578e-15 8.869770e-11 4.113181e-17 4.548099e-06 1.597552e-13 1.783076e-08 4.768912e-13 5.958494e-22 1.847907e-11 1.390827e-24 1.733428e-17 6.455369e-21 5.552096e-17 1.136323e-16 0.000000e+00 1.237092e-10 0.000000e+00 4.607256e-29 3.873094e-21 4.422516e-12 0.000000e+00 5.220336e-13 0.000000e+00 0.000000e+00 1.639601e-11 9.257836e-16 5.990088e-23 4.617019e-15 1.605122e-11 3.477833e-19 1.624080e-11 3.073546e-16 3.852512e-20 9.970830e-20 1.406988e-22 8.685289e-24 3.384954e-27 3.435655e-21 5.787586e-19 1.944709e-19 4.864770e-26 3.012992e-29 5.861881e-38 7.480015e-18 2.211747e-22 8.146480e-49 0.000000e+00 5.531966e-45 5.950127e-11
2.205280e-02 1.783084e-12 4.155673e-07 3.172663e-06 5.972603e-19 8.370209e-12 1.900458e-23 1.866283e-35 7.786008e-25 3.139938e-15 7.300585e-07 3.090025e-41 1.422577e-22 1.618133e-36 2.405391e-32 4.711297e-15 1.985169e-18 2.014656e-14 1.108656e-08 4.029769e-04 9.413421e-26 1.510101e-11 9.004620e-22 1.826380e-17 1.215984e-13 3.202935e-20 2.010461e-01 2.141942e-21 5.220405e-21 1.158250e-15 8.443461e-12 1.618722e-14 8.962081e-24 6.988790e-25 4.339997e-31 8.839207e-11 4.353551e-19 7.985412e-01 1.142841e-13 1.584018e-09 6.990313e-17 1.975931e-24 1.840464e-17 5.161195e-16 7.519707e-17 2.718398e-23 1.099852e-15 4.434463e-09 1.849409e-07 3.369422e-28 5.265825e-24 2.699211e-15 8.868463e-11 4.253940e-17 5.176794e-06 2.041487e-13 1.858801e-08 6.573734e-13 1.079268e-21 2.267072e-11 2.452615e-24 1.589882e-17 3.143810e-21 9.060956e-17 1.031222e-16 0.000000e+00 9.868703e-11 0.000000e+00 5.674059e-29 2.212803e-21 5.276795e-12 0.000000e+00 5.217582e-13 0.000000e+00 0.000000e+00 2.443210e-11 1.335977e-15 8.756954e-23 3.168731e-15 1.864057e-11 3.503721e-19 1.496433e-11 2.518749e-16 3.853845e-20 7.769798e-20 1.311194e-22 1.808326e-23 3.438144e-27 3.441440e-21 6.260495e-19 1.218911e-19 4.869500e-26 3.012635e-29 5.896112e-39 1.102110e-17 3.806949e-22 2.047071e-48 0.000000e+00 4.246366e-48 6.136337e-11
1.914743e-02 2.500904e-12 4.005778e-07 3.252230e-06 1.047743e-18 1.326626e-11 3.273692e-23 5.156091e-35 1.374260e-24 3.911069e-15 6.977417e-07 9.208913e-41 1.513971e-22 3.158872e-36 1.187292e-32 1.632900e-15 1.577106e-18 1.731864e-14 1.091959e-08 4.029934e-04 1.512371e-25 1.760943e-11 1.314488e-21 2.487718e-17 1.392141e-13 2.878081e-20 2.010437e-01 2.150890e-21 5.293479e-21 9.969872e-16 1.131344e-11 1.316049e-14 1.921514e-23 9.670039e-25 7.334318e-31 8.951273e-11 2.312465e-19 7.985430e-01 3.906273e-14 1.929487e-09 3.196368e-17 1.194362e-24 7.755297e-18 1.820663e-16 7.867588e-17 3.545197e-23 1.260785e-15 5.381821e-09 1.689362e-07 3.303646e-28 6.786200e-24 2.724149e-15 8.867240e-11 4.484367e-17 5.785054e-06 2.539189e-13 1.896827e-08 9.341425e-13 1.830482e-21 2.674051e-11 4.160992e-24 1.390599e-17 1.465133e-21 1.452957e-16 8.875385e-17 0.000000e+00 7.586936e-11 0.000000e+00 6.710169e-29 1.140594e-21 6.021781e-12 1.229507e-26 5.214774e-13 0.000000e+00 6.328863e-27 3.400647e-11 1.853749e-15 1.232467e-22 2.056551e-15 2.187875e-11 3.528139e-19 1.371858e-11 2.097708e-16 3.855317e-20 5.773366e-20 1.204395e-22 0.000000e+00 3.493615e-27 3.447667e-21 6.508608e-19 7.370848e-20 4.874470e-26 3.012310e-29 4.930420e-40 1.620117e-17 6.570017e-22 5.049847e-48 0.000000e+00 3.613154e-51 6.266931e-11
1.662484e-02 3.542177e-12 3.851072e-07 3.333596e-06 1.908255e-18 2.082387e-11 5.452036e-23 1.365969e-34 2.455433e-24 4.961706e-15 6.648778e-07 2.584523e-40 2.054602e-22 7.650135e-36 9.925580e-33 8.264740e-16 1.317740e-18 1.535458e-14 1.079100e-08 4.030101e-04 2.499013e-25 2.045350e-11 1.932984e-21 3.392176e-17 1.623038e-13 2.625076e-20 2.010413e-01 2.160416e-21 5.371300e-21 8.551199e-16 1.486301e-11 1.029659e-14 4.005924e-23 1.349254e-24 1.266719e-30 9.060085e-11 1.023495e-19 7.985448e-01 1.125748e-14 2.394052e-09 1.186738e-17 6.022244e-25 2.673281e-18 5.345638e-17 8.481256e-17 4.783845e-23 1.432210e-15 6.526424e-09 1.529121e-07 3.233868e-28 9.461707e-24 2.750703e-15 8.866080e-11 4.903650e-17 6.334882e-06 3.099342e-13 1.893043e-08 1.355883e-12 2.934642e-21 3.025177e-11 6.721382e-24 1.155259e-17 5.769852e-22 2.249608e-16 7.209971e-17 0.000000e+00 5.569742e-11 0.000000e+00 7.403072e-29 5.307156e-22 6.544721e-12 0.000000e+00 5.211875e-13 0.000000e+00 0.000000e+00 4.473948e-11 2.455463e-15 1.654430e-22 1.259739e-15 2.627432e-11 3.550697e-19 1.249799e-11 1.773921e-16 3.856946e-20 4.111161e-20 1.056440e-22 3.521981e-24 3.551781e-27 3.454423e-21 6.586258e-19 4.431510e-20 4.879749e-26 3.012006e-29 3.407068e-41 2.379225e-17 1.147578e-21 1.291224e-47 0.000000e+00 3.379025e-54 6.267313e-11
1.443458e-02 5.034174e-12 3.693442e-07 3.415775e-06 3.590870e-18 3.214701e-11 8.769568e-23 3.437171e-34 4.404704e-24 6.374092e-15 6.318713e-07 6.826875e-40 3.522829e-22 2.271010e-35 1.107086e-32 6.273631e-16 1.168902e-18 1.423501e-14 1.068611e-08 4.030266e-04 4.219449e-25 2.347276e-11 2.834141e-21 4.610302e-17 1.926856e-13 2.450957e-20 2.010389e-01 2.170478e-21 5.453438e-21 7.312768e-16 1.888110e-11 7.771978e-15 8.207619e-23 1.902319e-24 2.154198e-30 9.164023e-11 3.788340e-20 7.985467e-01 2.741029e-15 3.018524e-09 3.576134e-18 2.561060e-25 7.539193e-19 1.301151e-17 9.420984e-17 6.708552e-23 1.610528e-15 7.819511e-09 1.372251e-07 3.160414e-28 1.367062e-23 2.778749e-15 8.864986e-11 5.588724e-17 6.776059e-06 3.630438e-13 1.845581e-08 1.993364e-12 4.445195e-21 3.182835e-11 1.022962e-23 9.014594e-18 2.586667e-22 3.340748e-16 5.457421e-17 8.865099e-26 3.885232e-11 4.678525e-25 7.665625e-29 2.183150e-22 6.743799e-12 3.626296e-26 5.208895e-13 0.000000e+00 3.620571e-26 5.485432e-11 3.084848e-15 2.107475e-22 7.170985e-16 3.273468e-11 3.570548e-19 1.131945e-11 1.518149e-16 3.858721e-20 2.784569e-20 8.956434e-23 5.050112e-25 3.611572e-27 3.461682e-21 6.561075e-19 2.708749e-20 4.885309e-26 3.011720e-29 1.976581e-42 3.474573e-17 2.012949e-21 3.275206e-47 0.000000e+00 3.496659e-57 6.027491e-11
1.253288e-02 7.209022e-12 3.532728e-07 3.498891e-06 7.164948e-18 4.967012e-11 1.361901e-22 8.411973e-34 8.167612e-24 8.471820e-15 5.986742e-07 1.692719e-39 6.325184e-22 6.860949e-35 1.625056e-32 5.488821e-16 1.119523e-18 1.393546e-14 1.060119e-08 4.030427e-04 7.339999e-25 2.697646e-11 4.218041e-21 6.241316e-17 2.337761e-13 2.212646e-20 2.010366e-01 2.181172e-21 5.540100e-21 6.369860e-16 2.387885e-11 5.809285e-15 1.593251e-22 2.697811e-24 4.016103e-30 9.262967e-11 1.163420e-20 7.985487e-01 5.635021e-16 3.813897e-09 8.602694e-19 8.601047e-26 1.705930e-19 2.609856e-18 1.044120e-16 9.903916e-23 1.797612e-15 9.268649e-09 1.220262e-07 3.082575e-28 2.186932e-23 2.808560e-15 8.863943e-11 6.826977e-17 7.051483e-06 4.220882e-13 1.751910e-08 2.921051e-12 6.466717e-21 3.178342e-11 1.456279e-23 6.647093e-18 7.561324e-23 4.672837e-16 3.871893e-17 0.000000e+00 2.551380e-11 0.000000e+00 7.102928e-29 8.351310e-23 6.579195e-12 3.558636e-31 5.205807e-13 1.428031e-29 3.824833e-29 6.442664e-11 3.635997e-15 2.503475e-22 3.846244e-16 4.342313e-11 3.587116e-19 1.018288e-11 1.317035e-16 3.860659e-20 1.831952e-20 6.821820e-23 2.138164e-24 3.671249e-27 3.469518e-21 6.475814e-19 1.754480e-20 4.891206e-26 3.011446e-29 9.574195e-44 5.048277e-17 3.650715e-21 9.507243e-47 0.000000e+00 4.002623e-60 5.354227e-11
1.088173e-02 1.026559e-11 3.368376e-07 3.583182e-06 1.476674e-17 7.563944e-11 2.037265e-22 1.957564e-33 1.522277e-23 1.138199e-14 5.651799e-07 3.942431e-39 1.075951e-21 1.897418e-34 2.670385e-32 4.873306e-16 1.146891e-18 1.447113e-14 1.052610e-08 4.030582e-04 1.286444e-24 3.049288e-11 6.209022e-21 8.344815e-17 2.873078e-13 2.003482e-20 2.010345e-01 2.192646e-21 5.630420e-21 5.562001e-16 2.908342e-11 4.231596e-15 3.091288e-22 3.857736e-24 7.447883e-30 9.356772e-11 2.977141e-21 7.985507e-01 9.793254e-17 4.848619e-09 1.652670e-19 2.383763e-26 3.106708e-20 4.292135e-19 1.166890e-16 1.548543e-22 1.991655e-15 1.073284e-08 1.074314e-07 2.999289e-28 3.639364e-23 2.840549e-15 8.862935e-11 8.777053e-17 7.140089e-06 4.674965e-13 1.619320e-08 4.239029e-12 8.976565e-21 2.891717e-11 1.912852e-23 4.495220e-18 2.334580e-23 6.146038e-16 2.491114e-17 0.000000e+00 1.559070e-11 0.000000e+00 6.121032e-29 2.973104e-23 6.042119e-12 0.000000e+00 5.202568e-13 1.107226e-28 0.000000e+00 7.013443e-11 3.994448e-15 2.767712e-22 1.869534e-16 6.065061e-11 3.599779e-19 9.087858e-12 1.144216e-16 3.862787e-20 1.127225e-20 4.821101e-23 9.378372e-24 3.726299e-27 3.478040e-21 6.366017e-19 1.188121e-20 4.897520e-26 3.011175e-29 3.870138e-45 7.239267e-17 6.656148e-21 2.772313e-46 0.000000e+00 5.020415e-63 4.043985e-11
9.448103e-03 1.455435e-11 3.200785e-07 3.668428e-06 3.184257e-17 1.150364e-10 2.937276e-22 4.413402e-33 2.909718e-23 1.567253e-14 5.314720e-07 8.621895e-39 1.670964e-21 4.634840e-34 4.399149e-32 4.180839e-16 1.257035e-18 1.589047e-14 1.046096e-08 4.030728e-04 2.268571e-24 3.426075e-11 9.146792e-21 1.100115e-16 3.565513e-13 1.737641e-20 2.010325e-01 2.205013e-21 5.720179e-21 4.928239e-16 3.485070e-11 3.055557e-15 6.255120e-22 5.535049e-24 1.485006e-29 9.444692e-11 6.398172e-22 7.985527e-01 1.457580e-17 6.137859e-09 2.531572e-20 5.271620e-27 4.542205e-21 5.837183e-20 1.282427e-16 2.639733e-22 2.193989e-15 1.215872e-08 9.362947e-08 2.909778e-28 5.813165e-23 2.875028e-15 8.861952e-11 1.197578e-16 7.019913e-06 5.064916e-13 1.450642e-08 5.995142e-12 1.204275e-20 2.439702e-11 2.307575e-23 2.788289e-18 2.892453e-24 7.502482e-16 1.453074e-17 0.000000e+00 8.779239e-12 0.000000e+00 5.053001e-29 7.422652e-24 5.210320e-12 0.000000e+00 5.199150e-13 1.624808e-28 0.000000e+00 7.231093e-11 4.053973e-15 2.799175e-22 8.288095e-17 8.534338e-11 3.607704e-19 8.040441e-12 9.948867e-17 3.865124e-20 6.536151e-21 2.974111e-23 1.812869e-23 3.766990e-27 3.487331e-21 6.245236e-19 8.597673e-21 4.904302e-26 3.010903e-29 1.304288e-46 1.021986e-16 1.244887e-20 9.001252e-46 0.000000e+00 6.908207e-66 2.035195e-11
8.203354e-03 2.034774e-11 3.028371e-07 3.755289e-06 6.977261e-17 1.728357e-10 4.078190e-22 9.488412e-33 5.535535e-23 2.160879e-14 4.972667e-07 1.776943e-38 2.382398e-21 1.002051e-33 4.902757e-32 3.484190e-16 1.440839e-18 1.827457e-14 1.039413e-08 4.030864e-04 3.939442e-24 3.774010e-11 1.319529e-20 1.419867e-16 4.416965e-13 1.497383e-20 2.010306e-01 2.218565e-21 5.800156e-21 4.370170e-16 4.030513e-11 2.164002e-15 1.580389e-21 7.964344e-24 2.925591e-29 9.526788e-11 1.159027e-22 7.985549e-01 1.861850e-18 7.739329e-09 3.098602e-21 9.698195e-28 5.357637e-22 6.553772e-21 1.391831e-16 5.173381e-22 2.402934e-15 1.335089e-08 8.061808e-08 2.811983e-28 1.123221e-22 2.912816e-15 8.860973e-11 1.687164e-16 6.736359e-06 5.213169e-13 1.260290e-08 8.219896e-12 1.559766e-20 1.863461e-11 2.527236e-23 1.534474e-18 5.289140e-24 8.469036e-16 7.411709e-18 1.576430e-32 4.472171e-12 0.000000e+00 4.676505e-29 1.321334e-24 4.186858e-12 8.328154e-27 5.195477e-13 1.839544e-28 3.337788e-27 6.970271e-11 3.806307e-15 2.586503e-22 3.222568e-17 1.041185e-10 3.609979e-19 7.036310e-12 8.547450e-17 3.867728e-20 3.408796e-21 1.630317e-23 5.438897e-24 3.777999e-27 3.497602e-21 6.122713e-19 6.459186e-21 4.911691e-26 3.010623e-29 3.635028e-48 1.413611e-16 2.317500e-20 2.897589e-45 0.000000e+00 1.025908e-68 6.052970e-12
7.122595e-03 2.801861e-11 2.855738e-07 3.841338e-06 1.545976e-16 2.579517e-10 5.473436e-22 1.964627e-32 1.043846e-22 2.974823e-14 4.635091e-07 3.462168e-38 3.119430e-21 1.921190e-33 5.807012e-32 2.826817e-16 1.685879e-18 2.161419e-14 1.032354e-08 4.030982e-04 6.668121e-24 4.090432e-11 1.866711e-20 1.794740e-16 5.412679e-13 1.281287e-20 2.010286e-01 2.233133e-21 5.848707e-21 3.891315e-16 4.560955e-11 1.526990e-15 5.381240e-21 1.144766e-23 5.694125e-29 9.600270e-11 1.882268e-23 7.985572e-01 2.121289e-19 9.630951e-09 3.131727e-22 1.581471e-28 5.259593e-23 6.293851e-22 1.470983e-16 1.229857e-21 2.611373e-15 1.417333e-08 6.880534e-08 2.707204e-28 2.487385e-22 2.953444e-15 8.860012e-11 2.408317e-16 6.354947e-06 5.134361e-13 1.061841e-08 1.081082e-11 1.968427e-20 1.298370e-11 2.535096e-23 7.496964e-19 1.469620e-24 8.876997e-16 3.313575e-18 1.542456e-32 2.066877e-12 1.897485e-34 5.211534e-29 0.000000e+00 3.153890e-12 2.959853e-27 5.191598e-13 1.847020e-28 4.306264e-27 6.438831e-11 3.393066e-15 2.194590e-22 1.101155e-17 1.125012e-10 3.605464e-19 6.105894e-12 7.227295e-17 3.870568e-20 1.590655e-21 7.908341e-24 0.000000e+00 3.738077e-27 3.508723e-21 6.005107e-19 5.011707e-21 4.919655e-26 3.010337e-29 8.579725e-50 1.921044e-16 4.279242e-20 9.216062e-45 0.000000e+00 1.676592e-71 9.654445e-13
6.184222e-03 3.788086e-11 2.682982e-07 3.926419e-06 3.423372e-16 3.829098e-10 7.120453e-22 3.930617e-32 1.918102e-22 4.039484e-14 4.302413e-07 6.410486e-38 3.775512e-21 3.294764e-33 7.283538e-32 2.240969e-16 1.963551e-18 2.586860e-14 1.024597e-08 4.031080e-04 1.088405e-23 4.350487e-11 2.573411e-20 2.213270e-16 6.513128e-13 1.100945e-20 2.010265e-01 2.248914e-21 5.833692e-21 3.452470e-16 5.070633e-11 1.076263e-15 2.137504e-20 1.641718e-23 1.064426e-28 9.664782e-11 4.003942e-24 7.985597e-01 2.183416e-20 1.178516e-08 2.744274e-23 3.599420e-29 4.611997e-24 5.417362e-23 1.501494e-16 3.516932e-21 2.815340e-15 1.453052e-08 5.817635e-08 2.594150e-28 4.809895e-22 2.997461e-15 8.859059e-11 3.410197e-16 5.941854e-06 4.835635e-13 8.683872e-09 1.359207e-11 2.434663e-20 8.301548e-12 2.344040e-23 3.193390e-19 0.000000e+00 8.680284e-16 1.278399e-18 1.349389e-32 8.571281e-13 5.017681e-35 5.939306e-29 1.181032e-25 2.236015e-12 0.000000e+00 5.187464e-13 1.721868e-28 0.000000e+00 5.794011e-11 3.026640e-15 1.721972e-22 3.244675e-18 1.154797e-10 3.593080e-19 5.250448e-12 5.959750e-17 3.873682e-20 6.443655e-22 3.372789e-24 7.185740e-26 3.624708e-27 3.520823e-21 5.893667e-19 3.950653e-21 4.928291e-26 3.010038e-29 1.706576e-51 2.575863e-16 7.704868e-20 2.784818e-44 0.000000e+00 2.987819e-74 8.171953e-14
5.369475e-03 5.029304e-11 2.515277e-07 4.007962e-06 7.544769e-16 5.675304e-10 9.028050e-22 7.672564e-32 3.403216e-22 5.373680e-14 3.984555e-07 1.132913e-37 4.234899e-21 5.084837e-33 1.038239e-31 1.743878e-16 2.218450e-18 3.072987e-14 1.016745e-08 4.031150e-04 1.701971e-23 4.547901e-11 3.458632e-20 2.660338e-16 7.646187e-13 9.583948e-21 2.010242e-01 2.265634e-21 5.712133e-21 3.037437e-16 5.589627e-11 7.625229e-16 8.354217e-20 2.345715e-23 1.882504e-28 9.718511e-11 3.900830e-24 7.985624e-01 2.112028e-21 1.412638e-08 2.363166e-24 3.947270e-29 3.939884e-25 4.662693e-24 1.468593e-16 1.090023e-20 3.006327e-15 1.438023e-08 4.894882e-08 2.474929e-28 9.190645e-22 3.044109e-15 8.858128e-11 4.691629e-16 5.548451e-06 4.372782e-13 6.913458e-09 1.633137e-11 2.967575e-20 4.924569e-12 2.049128e-23 1.194815e-19 0.000000e+00 8.091024e-16 4.310365e-19 1.140300e-32 3.227275e-13 1.123271e-35 5.859941e-29 2.490789e-25 1.522416e-12 0.000000e+00 5.183147e-13 1.521084e-28 0.000000e+00 5.188930e-11 2.978655e-15 1.280567e-22 8.297767e-19 1.167800e-10 3.572187e-19 4.492060e-12 4.782440e-17 3.877017e-20 2.260181e-22 1.282901e-24 7.576364e-24 3.423073e-27 3.533665e-21 5.791529e-19 3.136524e-21 4.937440e-26 3.009732e-29 2.919723e-53 3.432538e-16 1.341168e-19 7.821204e-44 0.000000e+00 5.919665e-77 3.941147e-15
4.662069e-03 6.565322e-11 2.354258e-07 4.085273e-06 1.662167e-15 8.455109e-10 1.120416e-21 1.480728e-31 5.838928e-22 7.009276e-14 3.684086e-07 1.918864e-37 4.379046e-21 7.061478e-33 1.056615e-31 1.323153e-16 2.396831e-18 3.572674e-14 1.010131e-08 4.031189e-04 2.547269e-23 4.703082e-11 4.565446e-20 3.103533e-16 8.736159e-13 8.271748e-21 2.010217e-01 2.283312e-21 5.438543e-21 2.629292e-16 6.163205e-11 5.413282e-16 2.961008e-19 3.359132e-23 3.235618e-28 9.761560e-11 8.834074e-24 7.985653e-01 1.958652e-22 1.658138e-08 2.218650e-24 9.130370e-29 3.614011e-25 4.757906e-24 1.362937e-16 3.329846e-20 3.182077e-15 1.377600e-08 4.104488e-08 2.349605e-28 1.813693e-21 3.093440e-15 8.857218e-11 6.215092e-16 5.175821e-06 3.844019e-13 5.339422e-09 1.873931e-11 3.583219e-20 2.741159e-12 1.735886e-23 3.946750e-20 0.000000e+00 7.334378e-16 1.282846e-19 9.389598e-33 1.106663e-13 2.244288e-36 4.605722e-29 0.000000e+00 1.014953e-12 0.000000e+00 5.178644e-13 1.283694e-28 0.000000e+00 4.690729e-11 3.583664e-15 9.165258e-23 1.852436e-19 1.174762e-10 3.542209e-19 3.829787e-12 3.735478e-17 3.880575e-20 6.855483e-23 4.269694e-25 2.612934e-24 3.127477e-27 3.547215e-21 5.698228e-19 2.523258e-21 4.947099e-26 3.009416e-29 4.292313e-55 4.566107e-16 2.260502e-19 2.131497e-43 0.000000e+00 1.305752e-79 1.102378e-16
4.047860e-03 8.438464e-11 2.201833e-07 4.157584e-06 3.645642e-15 1.266284e-09 1.365646e-21 2.836742e-31 9.557481e-22 8.852103e-14 3.403759e-07 3.126590e-37 4.178719e-21 8.857025e-33 1.014590e-31 9.806414e-17 2.427824e-18 4.000077e-14 1.005563e-08 4.031196e-04 3.623351e-23 4.801258e-11 5.908581e-20 3.487816e-16 9.636639e-13 7.164693e-21 2.010190e-01 2.301917e-21 4.976829e-21 2.205392e-16 6.807129e-11 3.804964e-16 9.461523e-19 4.824571e-23 5.283073e-28 9.794279e-11 2.086288e-23 7.985683e-01 1.792662e-23 1.908522e-08 1.185282e-25 2.158651e-28 1.814101e-26 2.627586e-25 1.195918e-16 9.463441e-20 3.337534e-15 1.274734e-08 3.436378e-08 2.218641e-28 3.531933e-21 3.145377e-15 8.856327e-11 7.786942e-16 4.838640e-06 3.267962e-13 4.009528e-09 2.069101e-11 4.289457e-20 1.434053e-12 1.458833e-23 1.155044e-20 4.368241e-25 6.621979e-16 3.396971e-20 7.539990e-33 3.478696e-14 4.024890e-37 2.876376e-29 2.866916e-27 6.761998e-13 4.262324e-28 5.173960e-13 1.036985e-28 1.270421e-27 4.310105e-11 5.106355e-15 6.492790e-23 3.608872e-20 1.178614e-10 3.502855e-19 3.260907e-12 2.838422e-17 3.884349e-20 1.778009e-23 1.260546e-25 0.000000e+00 2.747585e-27 3.561410e-21 5.613843e-19 2.033663e-21 4.957266e-26 3.009090e-29 6.845180e-57 6.095380e-16 3.640128e-19 5.462892e-43 0.000000e+00 3.212678e-82 1.905583e-18
3.514571e-03 1.069222e-10 2.060040e-07 4.224186e-06 7.991508e-15 1.914650e-09 1.640647e-21 5.448838e-31 1.483026e-21 1.074203e-13 3.146104e-07 4.913705e-37 3.656759e-21 1.001011e-32 0.000000e+00 7.051437e-17 2.268047e-18 4.241334e-14 1.004690e-08 4.031168e-04 4.859440e-23 4.860135e-11 7.545116e-20 3.733429e-16 1.016669e-12 6.104536e-21 2.010161e-01 2.321373e-21 4.321757e-21 1.760255e-16 7.575036e-11 2.609141e-16 2.725267e-18 7.001315e-23 8.344194e-28 9.817296e-11 4.826377e-23 7.985714e-01 2.069624e-24 2.155920e-08 1.697298e-25 4.996004e-28 3.098556e-26 5.199752e-25 9.833219e-17 2.424763e-19 3.467995e-15 1.139173e-08 2.879017e-08 2.082913e-28 6.897106e-21 3.199706e-15 8.855456e-11 9.105740e-16 4.528422e-06 2.703029e-13 2.916634e-09 2.201002e-11 5.101651e-20 7.072547e-13 1.245527e-23 3.035164e-21 1.106346e-24 6.086924e-16 8.146612e-21 5.950041e-33 1.014361e-14 6.554576e-38 1.440141e-29 6.321851e-26 4.598460e-13 1.390222e-26 5.169115e-13 8.001781e-29 1.376715e-26 4.058555e-11 8.055900e-15 4.639429e-23 6.215370e-21 1.180703e-10 3.454205e-19 2.780536e-12 2.103209e-17 3.888322e-20 3.939480e-24 3.266846e-26 0.000000e+00 2.308618e-27 3.576138e-21 5.537981e-19 1.650433e-21 4.967884e-26 3.008754e-29 6.227674e-57 8.185028e-16 5.565241e-19 1.359677e-42 0.000000e+00 8.862435e-85 2.116732e-20
3.051540e-03 1.334307e-10 1.928297e-07 4.285660e-06 1.745096e-14 2.922036e-09 1.945603e-21 1.051802e-30 2.139091e-21 1.229574e-13 2.908568e-07 7.464589e-37 2.926142e-21 1.019217e-32 1.025443e-31 4.899990e-17 1.918090e-18 4.183763e-14 1.009107e-08 4.031104e-04 6.046202e-23 4.872227e-11 9.500647e-20 3.740018e-16 1.010409e-12 5.048451e-21 2.010131e-01 2.341963e-21 3.500452e-21 1.303120e-16 8.509314e-11 1.706633e-16 7.157343e-18 1.030557e-22 1.272939e-27 9.831754e-11 1.078955e-22 7.985748e-01 1.197767e-24 2.392307e-08 1.397303e-24 1.115458e-27 3.835876e-25 8.333635e-24 7.547631e-17 5.537150e-19 3.567615e-15 9.815038e-09 2.410872e-08 1.940925e-28 1.348367e-20 3.257224e-15 8.854590e-11 9.761522e-16 4.244432e-06 2.175255e-13 2.044810e-09 2.258753e-11 6.031889e-20 3.286372e-13 1.093110e-23 7.130636e-22 6.936641e-28 5.761580e-16 1.768065e-21 4.626786e-33 2.732968e-15 9.640855e-39 5.823380e-30 5.630424e-27 3.227786e-13 2.561547e-32 5.164040e-13 5.829610e-29 0.000000e+00 3.933021e-11 1.307707e-14 3.379918e-23 9.429589e-22 1.181788e-10 3.395630e-19 2.374173e-12 1.518301e-17 3.892551e-20 7.270187e-25 7.270744e-27 1.225489e-25 1.839058e-27 3.591650e-21 5.468985e-19 1.346026e-21 4.979149e-26 3.008403e-29 0.000000e+00 1.105127e-15 7.919578e-19 3.293437e-42 0.000000e+00 2.705126e-87 1.543591e-22
2.649512e-03 1.637431e-10 1.809362e-07 4.341087e-06 3.783794e-14 4.497832e-09 2.285054e-21 2.046358e-30 2.822564e-21 1.307788e-13 2.694388e-07 1.097277e-36 2.108018e-21 9.621537e-33 7.022192e-32 3.302415e-17 1.449287e-18 3.784999e-14 1.020751e-08 4.031003e-04 6.875210e-23 4.844050e-11 1.182855e-19 3.457431e-16 9.332157e-13 3.987386e-21 2.010098e-01 2.363473e-21 2.609709e-21 8.752045e-17 9.668351e-11 1.046413e-16 1.727139e-17 1.546949e-22 1.889466e-27 9.838384e-11 2.311309e-22 7.985782e-01 2.251144e-24 2.606934e-08 0.000000e+00 2.365439e-27 0.000000e+00 0.000000e+00 5.480685e-17 1.111559e-18 3.627203e-15 8.150659e-09 2.024031e-08 1.794834e-28 2.645901e-20 3.317340e-15 8.853738e-11 9.460956e-16 3.987835e-06 1.711165e-13 1.376826e-09 2.231655e-11 7.095523e-20 1.442866e-13 1.003325e-23 1.526537e-22 0.000000e+00 5.696442e-16 3.548513e-22 3.563153e-33 6.923102e-16 1.304397e-39 1.954677e-30 1.917478e-24 2.378392e-13 0.000000e+00 5.158787e-13 3.972508e-29 0.000000e+00 3.933635e-11 2.139518e-14 2.544569e-23 1.290311e-22 1.182253e-10 3.328029e-19 2.037912e-12 1.072693e-17 3.896987e-20 1.118746e-25 1.384424e-27 0.000000e+00 1.383644e-27 3.607613e-21 5.407032e-19 1.108224e-21 4.990906e-26 3.008039e-29 0.000000e+00 1.496245e-15 1.032499e-18 7.889626e-42 0.000000e+00 9.250445e-90 7.625344e-25
2.300449e-03 1.974497e-10 1.702831e-07 4.391063e-06 8.077503e-14 6.942007e-09 2.660885e-21 3.993272e-30 3.368583e-21 1.279156e-13 2.500873e-07 1.561591e-36 1.490793e-21 8.117332e-33 1.514848e-31 2.186860e-17 9.756669e-19 3.121308e-14 1.041378e-08 4.030863e-04 7.086452e-23 4.757795e-11 1.452395e-19 2.936672e-16 7.952006e-13 3.029853e-21 2.010063e-01 2.386220e-21 1.756685e-21 5.282454e-17 1.107836e-10 5.942481e-17 3.880929e-17 2.356790e-22 2.702249e-27 9.838192e-11 4.650450e-22 7.985820e-01 4.435819e-24 2.790118e-08 0.000000e+00 4.757628e-27 0.000000e+00 0.000000e+00 3.958015e-17 1.973559e-18 3.640018e-15 6.523367e-09 1.701281e-08 1.643529e-28 5.149735e-20 3.380942e-15 8.852884e-11 8.229437e-16 3.762409e-06 1.315038e-13 8.886571e-10 2.126953e-11 8.303214e-20 6.004368e-14 9.690699e-24 2.969099e-23 0.000000e+00 5.902170e-16 6.561318e-23 2.646530e-33 1.637596e-16 1.574377e-40 5.535548e-31 0.000000e+00 1.851376e-13 0.000000e+00 5.153284e-13 2.473740e-29 0.000000e+00 4.043302e-11 3.411415e-14 1.995689e-23 1.596871e-23 1.182318e-10 3.250947e-19 1.758697e-12 7.444250e-18 3.901694e-20 1.419784e-26 2.245500e-28 1.766962e-25 9.725812e-28 3.624251e-21 5.350762e-19 9.170841e-22 5.003291e-26 3.007656e-29 0.000000e+00 2.021883e-15 1.219050e-18 1.835650e-41 0.000000e+00 3.497952e-92 2.609455e-27
1.997374e-03 2.341683e-10 1.612901e-07 4.434043e-06 1.686293e-13 1.066894e-08 3.085926e-21 7.796495e-30 3.679751e-21 1.163310e-13 2.333646e-07 2.153123e-36 1.011870e-21 7.089818e-33 9.478633e-32 1.458935e-17 6.003068e-19 2.388315e-14 1.072278e-08 4.030689e-04 6.706838e-23 4.620379e-11 1.764500e-19 2.326862e-16 6.327270e-13 2.268943e-21 2.010027e-01 2.409471e-21 1.074589e-21 2.910087e-17 1.273686e-10 3.164216e-17 8.195274e-17 3.619847e-22 3.724614e-27 9.832227e-11 8.691507e-22 7.985857e-01 8.074678e-24 2.935094e-08 0.000000e+00 8.890467e-27 0.000000e+00 0.000000e+00 3.079195e-17 3.119349e-18 3.603808e-15 5.044966e-09 1.441356e-08 1.493266e-28 9.855377e-20 3.445991e-15 8.852055e-11 6.540636e-16 3.562440e-06 9.887864e-14 5.532945e-10 1.960944e-11 9.668679e-20 2.386214e-14 9.998683e-24 5.493597e-24 0.000000e+00 6.480981e-16 1.165715e-23 1.858141e-33 3.749681e-17 1.729729e-41 1.407368e-31 5.580198e-27 1.544865e-13 0.000000e+00 5.147712e-13 1.402813e-29 0.000000e+00 4.226035e-11 5.257448e-14 1.656819e-23 1.884952e-24 1.182095e-10 3.167741e-19 1.536251e-12 5.148221e-18 3.906514e-20 1.579014e-27 3.287866e-29 2.567891e-24 6.433536e-28 3.641006e-21 5.301395e-19 7.657627e-22 5.015895e-26 3.007268e-29 0.000000e+00 2.709623e-15 1.319465e-18 4.120103e-41 0.000000e+00 1.511916e-94 6.639060e-30
1.734228e-03 2.731686e-10 1.537941e-07 4.471214e-06 3.411340e-13 1.617145e-08 3.565329e-21 1.507805e-29 3.755475e-21 1.003516e-13 2.187736e-07 2.874966e-36 6.817385e-22 5.595171e-33 4.304963e-32 9.957593e-18 3.472119e-19 1.726097e-14 1.116030e-08 4.030480e-04 5.926548e-23 4.423883e-11 2.116706e-19 1.754692e-16 4.779443e-13 1.721800e-21 2.009990e-01 2.433757e-21 5.948403e-22 1.507751e-17 1.457962e-10 1.607447e-17 1.636741e-16 5.549425e-22 4.966347e-27 9.821393e-11 1.505612e-21 7.985897e-01 1.352974e-23 3.038706e-08 0.000000e+00 1.558126e-26 0.000000e+00 5.939510e-24 2.713001e-17 4.502322e-18 3.520104e-15 3.785755e-09 1.227929e-08 1.342551e-28 1.841268e-19 3.513975e-15 8.851231e-11 4.834981e-16 3.369188e-06 7.260610e-14 3.324254e-10 1.751642e-11 1.120179e-19 9.066008e-15 1.100732e-23 9.825568e-25 2.303321e-25 7.523260e-16 2.004615e-24 1.177703e-33 8.249441e-18 1.653453e-42 3.316780e-32 1.411542e-24 1.379038e-13 0.000000e+00 5.141951e-13 7.063719e-30 6.503662e-27 4.424485e-11 7.863761e-14 1.452185e-23 2.177714e-25 1.181640e-10 3.077667e-19 1.356609e-12 3.580142e-18 3.911546e-20 1.606893e-28 4.486818e-30 1.892693e-25 3.968470e-28 3.657974e-21 5.257134e-19 6.461701e-22 5.028971e-26 3.006866e-29 0.000000e+00 3.568071e-15 1.335969e-18 8.877193e-41 0.000000e+00 7.311521e-97 1.268025e-32
1.505751e-03 3.132390e-10 1.477736e-07 4.503092e-06 6.619051e-13 2.393415e-08 4.107014e-21 2.859162e-29 3.660761e-21 8.397301e-14 2.060777e-07 3.714981e-36 5.428350e-22 5.354947e-33 2.739176e-31 7.045908e-18 1.943580e-19 1.202499e-14 1.176316e-08 4.030233e-04 4.983173e-23 4.168737e-11 2.497313e-19 1.287331e-16 3.495335e-13 1.360918e-21 2.009951e-01 2.459391e-21 3.079402e-22 7.621786e-18 1.650294e-10 8.006845e-18 3.115300e-16 8.368731e-22 6.389548e-27 9.806390e-11 2.419568e-21 7.985938e-01 2.088689e-23 3.101573e-08 1.151049e-23 2.546848e-26 2.675029e-24 1.419666e-22 2.661414e-17 6.072920e-18 3.391208e-15 2.774063e-09 1.051319e-08 1.192244e-28 3.322886e-19 3.585762e-15 8.850404e-11 3.386981e-16 3.166892e-06 5.193351e-14 1.936547e-10 1.519365e-11 1.289625e-19 3.312445e-15 1.288574e-23 1.884684e-25 0.000000e+00 9.210205e-16 3.626940e-25 6.518012e-34 1.743196e-18 1.343900e-43 8.183125e-33 4.540194e-25 1.311222e-13 0.000000e+00 5.135942e-13 3.094741e-30 0.000000e+00 4.583489e-11 1.136190e-13 1.338031e-23 2.846156e-26 1.180980e-10 2.980871e-19 1.211266e-12 2.526506e-18 3.916842e-20 1.712686e-29 6.392184e-31 1.474078e-23 2.274141e-28 3.675444e-21 5.217086e-19 5.516136e-22 5.042631e-26 3.006445e-29 0.000000e+00 4.576954e-15 1.293413e-18 1.803383e-40 0.000000e+00 3.917965e-99 1.863844e-35
1.307374e-03 3.527001e-10 1.433255e-07 4.529481e-06 1.223133e-12 3.435250e-08 4.726697e-21 5.281120e-29 3.474022e-21 6.950134e-14 1.953309e-07 4.651064e-36 3.496518e-22 4.211436e-33 2.000024e-31 5.216235e-18 1.086770e-19 8.285023e-15 1.257163e-08 4.029952e-04 4.064550e-23 3.872962e-11 2.892251e-19 9.347982e-17 2.525632e-13 1.130529e-21 2.009911e-01 2.486074e-21 1.571268e-22 3.878355e-18 1.839557e-10 4.027550e-18 5.683514e-16 1.228732e-21 7.938796e-27 9.788209e-11 3.636842e-21 7.985980e-01 2.985338e-23 3.128744e-08 0.000000e+00 3.907034e-26 0.000000e+00 0.000000e+00 2.761607e-17 7.778954e-18 3.224721e-15 2.001884e-09 9.075807e-09 1.047425e-28 5.762526e-19 3.660510e-15 8.849585e-11 2.304543e-16 2.946369e-06 3.622457e-14 1.103678e-10 1.281964e-11 1.474125e-19 1.176454e-15 1.590576e-23 6.353737e-26 2.263190e-25 1.181115e-15 1.071457e-25 3.195475e-34 3.622217e-19 9.721139e-45 3.508121e-33 5.979283e-28 1.315128e-13 1.823481e-26 5.129776e-13 1.187589e-30 2.777915e-27 4.662629e-11 1.590287e-13 1.281714e-23 8.023282e-27 1.180131e-10 2.880043e-19 1.096289e-12 1.824994e-18 3.922321e-20 3.207081e-30 1.483864e-31 1.667850e-25 1.226351e-28 3.692454e-21 5.181420e-19 4.780525e-22 5.056600e-26 3.006010e-29 2.114202e-56 5.684599e-15 1.220446e-18 3.423875e-40 0.000000e+00 2.362325e-101 2.209299e-38
1.135133e-03 3.898828e-10 1.403785e-07 4.550932e-06 2.147799e-12 4.768952e-08 5.438258e-21 9.464850e-29 3.248391e-21 5.755128e-14 1.862998e-07 5.647908e-36 2.811739e-22 4.217502e-33 0.000000e+00 4.043495e-18 6.180725e-20 5.732495e-15 1.365062e-08 4.029639e-04 3.251903e-23 3.554988e-11 3.283708e-19 6.783022e-17 1.823394e-13 9.795764e-22 2.009869e-01 2.514053e-21 8.584851e-23 2.023896e-18 2.016826e-10 2.079732e-18 9.986127e-16 1.746621e-21 9.542833e-27 9.767487e-11 5.169969e-21 7.986024e-01 3.993205e-23 3.126471e-08 0.000000e+00 5.702830e-26 0.000000e+00 0.000000e+00 2.911626e-17 9.572283e-18 3.029126e-15 1.434241e-09 7.902403e-09 9.104335e-29 9.594555e-19 3.738824e-15 8.848773e-11 1.546797e-16 2.708888e-06 2.472715e-14 6.189541e-11 1.054488e-11 1.671709e-19 4.105117e-16 2.041166e-23 5.737882e-26 2.580459e-26 1.566353e-15 8.359643e-26 1.493788e-34 7.464754e-20 6.819249e-46 4.010143e-33 2.033432e-29 1.369925e-13 2.144766e-30 5.123427e-13 4.047052e-31 5.595399e-27 4.646849e-11 2.164162e-13 1.256015e-23 6.613253e-27 1.179096e-10 2.776123e-19 1.005567e-12 1.352750e-18 3.928003e-20 1.654648e-30 9.036533e-32 0.000000e+00 6.296029e-29 3.709218e-21 5.149535e-19 4.209337e-22 5.070932e-26 3.005562e-29 1.327484e-57 6.822231e-15 1.135786e-18 6.056287e-40 0.000000e+00 1.596056e-103 2.162202e-41
9.855837e-04 4.238413e-10 1.388546e-07 4.567883e-06 3.597752e-12 6.416798e-08 6.259671e-21 1.648691e-28 3.017982e-21 4.796780e-14 1.788079e-07 6.670379e-36 2.278840e-22 3.949287e-33 0.000000e+00 3.271521e-18 3.625496e-20 4.039287e-15 1.507161e-08 4.029295e-04 2.578962e-23 3.235245e-11 3.662336e-19 4.948492e-17 1.326713e-13 8.777426e-22 2.009827e-01 2.543416e-21 5.344107e-23 1.091247e-18 2.177669e-10 1.113669e-18 1.696822e-15 2.403384e-21 1.109458e-26 9.744889e-11 7.027440e-21 7.986069e-01 5.047965e-23 3.101690e-08 0.000000e+00 7.969085e-26 0.000000e+00 0.000000e+00 3.060022e-17 1.136475e-17 2.816566e-15 1.026906e-09 6.948327e-09 7.844337e-29 1.537774e-18 3.820826e-15 8.847971e-11 1.040674e-16 2.465127e-06 1.661927e-14 3.446177e-11 8.489077e-12 1.881774e-19 1.425223e-16 2.682778e-23 7.805307e-26 0.000000e+00 2.115027e-15 1.030210e-25 8.347110e-35 1.552464e-20 5.904210e-47 6.887639e-33 2.876683e-29 1.458136e-13 0.000000e+00 5.116913e-13 1.299384e-31 1.082506e-27 4.545097e-11 2.865694e-13 1.240583e-23 7.793270e-27 1.177888e-10 2.670816e-19 9.346230e-13 1.028657e-18 3.933871e-20 1.335238e-30 8.917198e-32 0.000000e+00 3.149530e-29 3.726398e-21 5.121120e-19 3.764046e-22 5.085565e-26 3.005099e-29 6.901709e-58 7.932320e-15 1.051131e-18 1.001743e-39 0.000000e+00 1.211706e-105 1.796444e-44
8.557371e-04 4.545386e-10 1.386349e-07 4.581148e-06 5.777865e-12 8.395821e-08 7.204501e-21 2.805199e-28 2.792897e-21 4.022745e-14 1.725145e-07 7.669435e-36 2.005503e-22 4.142656e-33 9.416847e-32 2.751404e-18 2.194300e-20 2.909005e-15 1.695509e-08 4.028913e-04 2.038752e-23 2.925191e-11 4.010317e-19 3.649789e-17 9.753798e-14 8.171161e-22 2.009781e-01 2.575011e-21 3.698621e-23 6.088899e-19 2.321468e-10 6.195920e-19 2.815138e-15 3.179919e-21 1.236703e-26 9.720403e-11 9.140045e-21 7.986117e-01 6.057982e-23 3.058957e-08 0.000000e+00 1.068381e-25 0.000000e+00 3.612896e-24 3.183672e-17 1.306941e-17 2.595178e-15 7.372713e-10 6.157330e-09 6.692897e-29 2.358828e-18 3.908698e-15 8.847165e-11 7.051447e-17 2.231472e-06 1.104313e-14 1.920498e-11 6.738378e-12 2.102072e-19 4.984795e-17 3.568549e-23 1.121340e-25 2.151956e-26 2.869834e-15 1.353297e-25 7.177307e-35 3.264814e-21 8.157340e-48 1.254473e-32 4.586932e-29 1.566179e-13 2.027044e-30 5.110090e-13 4.538564e-32 4.658634e-27 4.385633e-11 3.599981e-13 1.228071e-23 9.811265e-27 1.176604e-10 2.563301e-19 8.782873e-13 7.986032e-19 3.940055e-20 1.174361e-30 9.745595e-32 0.000000e+00 1.564311e-29 3.744470e-21 5.095268e-19 3.395711e-22 5.100803e-26 3.004613e-29 0.000000e+00 8.991059e-15 9.695894e-19 1.514211e-39 0.000000e+00 1.010738e-107 1.303256e-47
7.429971e-04 4.822284e-10 1.396985e-07 4.591636e-06 8.971452e-12 1.074061e-07 8.282028e-21 4.680800e-28 2.583059e-21 3.393465e-14 1.669910e-07 8.550532e-36 1.841000e-22 4.517473e-33 4.621629e-31 2.380783e-18 1.357609e-20 2.123650e-15 1.954755e-08 4.028472e-04 1.604201e-23 2.631865e-11 4.325436e-19 2.717767e-17 7.210429e-14 7.779770e-22 2.009731e-01 2.610932e-21 2.751713e-23 3.497056e-19 2.449705e-10 3.547069e-19 4.556961e-15 4.076361e-21 1.369805e-26 9.693011e-11 1.150904e-20 7.986170e-01 6.990704e-23 2.998962e-08 7.117291e-24 1.384535e-25 1.656358e-24 1.619374e-22 3.272090e-17 1.457724e-17 2.366498e-15 5.312025e-10 5.469107e-09 5.618066e-29 3.496062e-18 4.007872e-15 8.846315e-11 4.786569e-17 2.012557e-06 7.282623e-15 1.068802e-11 5.280651e-12 2.329463e-19 1.754655e-17 4.777556e-23 1.600789e-25 5.592717e-26 3.885196e-15 1.762735e-25 8.946919e-35 6.755743e-22 1.648352e-48 2.265745e-32 6.950002e-29 1.686360e-13 1.993567e-30 5.102573e-13 2.542368e-32 1.204892e-26 4.186432e-11 4.338141e-13 1.211513e-23 1.261332e-26 1.175256e-10 2.449415e-19 8.314696e-13 6.298325e-19 3.946905e-20 1.051839e-30 1.083797e-31 0.000000e+00 7.782453e-30 3.763851e-21 5.070500e-19 3.089949e-22 5.117462e-26 3.004076e-29 1.165717e-56 9.982098e-15 8.941932e-19 2.135199e-39 0.000000e+00 8.799976e-110 8.143664e-51
6.451103e-04 5.077534e-10 1.421266e-07 4.599558e-06 1.353108e-11 1.347804e-07 9.508587e-21 7.720355e-28 2.385337e-21 2.869228e-14 1.620969e-07 9.235707e-36 1.761331e-22 5.114367e-33 0.000000e+00 2.116602e-18 8.552030e-21 1.572678e-15 2.313511e-08 4.027957e-04 1.262307e-23 2.360312e-11 4.588762e-19 2.051860e-17 5.366724e-14 7.678952e-22 2.009674e-01 2.652533e-21 2.152448e-23 2.063012e-19 2.565227e-10 2.090525e-19 7.276842e-15 5.018631e-21 1.413888e-26 9.662311e-11 1.394688e-20 7.986229e-01 7.749724e-23 2.923343e-08 0.000000e+00 1.723332e-25 0.000000e+00 0.000000e+00 3.323430e-17 1.580678e-17 2.137349e-15 3.839900e-10 4.862831e-09 4.630854e-29 4.961590e-18 4.121411e-15 8.845411e-11 3.258191e-17 1.818103e-06 4.773805e-15 5.992796e-12 4.116412e-12 2.561748e-19 6.269149e-18 6.390253e-23 2.237510e-25 5.021798e-26 5.202127e-15 2.245480e-25 1.352524e-34 1.379067e-22 4.087436e-49 4.029561e-32 9.743285e-29 1.807420e-13 1.669950e-30 5.094172e-13 4.458036e-32 1.082156e-26 3.975289e-11 4.863309e-13 1.192575e-23 1.618633e-26 1.174059e-10 2.328892e-19 7.921632e-13 5.023660e-19 3.954599e-20 9.434806e-31 1.225604e-31 0.000000e+00 4.049011e-30 3.785238e-21 5.046417e-19 2.820592e-22 5.135940e-26 3.003473e-29 1.287855e-56 1.092916e-14 8.236306e-19 2.718829e-39 0.000000e+00 7.860680e-112 4.635654e-54
5.601196e-04 5.315232e-10 1.461087e-07 4.605093e-06 2.002433e-11 1.669674e-07 1.090414e-20 1.260959e-27 2.214474e-21 2.438820e-14 1.576609e-07 9.624583e-36 1.720990e-22 5.901255e-33 2.949883e-31 1.910933e-18 5.475497e-21 1.176558e-15 2.819764e-08 4.027343e-04 9.936200e-24 2.113723e-11 4.832459e-19 1.560872e-17 4.008240e-14 7.645116e-22 2.009608e-01 2.702120e-21 1.745214e-23 1.239533e-19 2.670796e-10 1.256546e-19 1.133331e-14 6.070280e-21 1.404627e-26 9.627283e-11 1.661727e-20 7.986297e-01 8.389648e-23 2.831452e-08 0.000000e+00 2.101668e-25 0.000000e+00 0.000000e+00 3.338138e-17 1.664014e-17 1.910864e-15 2.782304e-10 4.316037e-09 3.729034e-29 6.905156e-18 4.254504e-15 8.844428e-11 2.226146e-17 1.640507e-06 3.119383e-15 3.365692e-12 3.175102e-12 2.800733e-19 2.247254e-18 8.517388e-23 3.061631e-25 0.000000e+00 6.862342e-15 2.791490e-25 2.731970e-34 2.740865e-23 1.345590e-49 6.931313e-32 1.327363e-28 1.920592e-13 1.403632e-30 5.084540e-13 2.142317e-31 0.000000e+00 3.753881e-11 5.294565e-13 1.159488e-23 2.071625e-26 1.172880e-10 2.200403e-19 7.584176e-13 4.049249e-19 3.963459e-20 8.402907e-31 1.369574e-31 1.420260e-23 2.318299e-30 3.809071e-21 5.022342e-19 2.602254e-22 5.156966e-26 3.002780e-29 0.000000e+00 1.181990e-14 7.627714e-19 3.342650e-39 0.000000e+00 7.020496e-114 1.312646e-55
4.863261e-04 5.549248e-10 1.518057e-07 4.608131e-06 2.894672e-11 2.037226e-07 1.248631e-20 2.066026e-27 2.043401e-21 2.060069e-14 1.536612e-07 9.680487e-36 1.760258e-22 7.091806e-33 1.802752e-31 1.773035e-18 3.532515e-21 8.921745e-16 3.527203e-08 4.026616e-04 7.853191e-24 1.890037e-11 4.976173e-19 1.210968e-17 3.007970e-14 8.081611e-22 2.009531e-01 2.761144e-21 1.497481e-23 7.617164e-20 2.769752e-10 7.741914e-20 1.778527e-14 6.915461e-21 1.410205e-26 9.587657e-11 1.875251e-20 7.986376e-01 8.656736e-23 2.724573e-08 4.803063e-24 2.432569e-25 1.094673e-24 1.260112e-22 3.316720e-17 1.722724e-17 1.692533e-15 2.017723e-10 3.825242e-09 2.934373e-29 9.018188e-18 4.409253e-15 8.843368e-11 1.519813e-17 1.495566e-06 2.027025e-15 1.925336e-12 2.465979e-12 3.040179e-19 8.231822e-19 1.121621e-22 4.049312e-25 0.000000e+00 8.841427e-15 3.371018e-25 9.892978e-34 5.386867e-24 8.397299e-50 1.178930e-31 1.589153e-28 2.013051e-13 9.859219e-31 5.073535e-13 1.546651e-30 0.000000e+00 3.561273e-11 5.037592e-13 1.131391e-23 2.561212e-26 1.172316e-10 2.067051e-19 7.296422e-13 3.276572e-19 3.973622e-20 7.384956e-31 1.588182e-31 0.000000e+00 1.554767e-30 3.834531e-21 4.998374e-19 2.384041e-22 5.180822e-26 3.001985e-29 0.000000e+00 1.274359e-14 7.021529e-19 3.465535e-39 0.000000e+00 6.253493e-116 2.806071e-52
4.222546e-04 5.778472e-10 1.593838e-07 4.608588e-06 4.139056e-11 2.466935e-07 1.429241e-20 3.381497e-27 1.900285e-21 1.745873e-14 1.500618e-07 9.398770e-36 1.827507e-22 8.636399e-33 1.290321e-31 1.663260e-18 2.321399e-21 6.872756e-16 4.507944e-08 4.025759e-04 6.258248e-24 1.691356e-11 5.101448e-19 9.461069e-18 2.267946e-14 8.585142e-22 2.009443e-01 2.831273e-21 1.205364e-23 4.737742e-20 2.863928e-10 4.855404e-20 2.736042e-14 7.763105e-21 1.224610e-26 9.543067e-11 2.086872e-20 7.986465e-01 8.771038e-23 2.603993e-08 9.186706e-24 2.765567e-25 2.075000e-24 2.387748e-22 3.264505e-17 1.743348e-17 1.488018e-15 1.464103e-10 3.386948e-09 2.256949e-29 1.158200e-17 4.587378e-15 8.842232e-11 1.048642e-17 1.364629e-06 1.314741e-15 1.109788e-12 1.901460e-12 3.293015e-19 3.018914e-19 1.461271e-22 5.215842e-25 1.531679e-25 1.113563e-14 3.958846e-25 6.756893e-33 1.056505e-24 1.226188e-49 1.929011e-31 1.854174e-28 2.078964e-13 7.240701e-31 5.061013e-13 1.372141e-29 3.270719e-26 3.375915e-11 4.614395e-13 1.087724e-23 3.110107e-26 1.171841e-10 1.933430e-19 7.052328e-13 2.672177e-19 3.985225e-20 6.381096e-31 1.814320e-31 0.000000e+00 1.228466e-30 3.864265e-21 4.974526e-19 2.206660e-22 5.207826e-26 3.001077e-29 3.677555e-57 1.365223e-14 6.513303e-19 3.479241e-39 0.000000e+00 5.574414e-118 5.837783e-49
3.666242e-04 6.011962e-10 1.690233e-07 4.606384e-06 5.831176e-11 2.958159e-07 1.634667e-20 5.576927e-27 1.767010e-21 1.472424e-14 1.468194e-07 8.813588e-36 1.956814e-22 1.080672e-32 3.903289e-31 1.590837e-18 1.543574e-21 5.388501e-16 5.854256e-08 4.024751e-04 5.036012e-24 1.514414e-11 5.148231e-19 7.499217e-18 1.717079e-14 9.323262e-22 2.009342e-01 2.914422e-21 1.039619e-23 2.991778e-20 2.955477e-10 3.101893e-20 4.216551e-14 8.335248e-21 1.058629e-26 9.493036e-11 2.231773e-20 7.986568e-01 8.596330e-23 2.470896e-08 0.000000e+00 3.012117e-25 0.000000e+00 0.000000e+00 3.182191e-17 1.743024e-17 1.299362e-15 1.061837e-10 2.996778e-09 1.698066e-29 1.419028e-17 4.790019e-15 8.841023e-11 7.284335e-18 1.255220e-06 8.494965e-16 6.495380e-13 1.471852e-12 3.557723e-19 1.118033e-19 1.877464e-22 6.507014e-25 1.044097e-25 1.367614e-14 4.522220e-25 6.097347e-32 2.091969e-25 4.356962e-49 3.092584e-31 1.957922e-28 2.115641e-13 5.073485e-31 5.046805e-13 1.444401e-28 2.238809e-26 3.217580e-11 3.818278e-13 1.044951e-23 3.641253e-26 1.171654e-10 1.805684e-19 6.846108e-13 2.186476e-19 3.998429e-20 5.421143e-31 2.120149e-31 1.661877e-23 1.104895e-30 3.898631e-21 4.950838e-19 2.041884e-22 5.238340e-26 3.000042e-29 2.112928e-57 1.461298e-14 6.039426e-19 3.077933e-39 0.000000e+00 4.964577e-120 1.129532e-45
3.183230e-04 6.251747e-10 1.809044e-07 4.601439e-06 8.137922e-11 3.524131e-07 1.868647e-20 9.255879e-27 1.652968e-21 1.240197e-14 1.438883e-07 7.988135e-36 2.137771e-22 1.376305e-32 0.000000e+00 1.541044e-18 1.043132e-21 4.305961e-16 7.681310e-08 4.023571e-04 4.106630e-24 1.358154e-11 5.151030e-19 6.002336e-18 1.305052e-14 9.917329e-22 2.009227e-01 3.012564e-21 8.813729e-24 1.910031e-20 3.046042e-10 2.012837e-20 6.443899e-14 8.703015e-21 9.943799e-27 9.437047e-11 2.326930e-20 7.986684e-01 8.243419e-23 2.326927e-08 5.354764e-24 3.206809e-25 1.167703e-24 1.507884e-22 3.073858e-17 1.720462e-17 1.128345e-15 7.694134e-11 2.650915e-09 1.251075e-29 1.686787e-17 5.017292e-15 8.839741e-11 5.118208e-18 1.159971e-06 5.473757e-16 3.845130e-13 1.137945e-12 3.844266e-19 4.154532e-20 2.383757e-22 7.903574e-25 0.000000e+00 1.641948e-14 5.039372e-25 6.365803e-31 4.244006e-26 3.335987e-48 4.818259e-31 1.939985e-28 2.125834e-13 3.682780e-31 5.030749e-13 1.784328e-27 0.000000e+00 3.078965e-11 2.943636e-13 9.992177e-24 4.142949e-26 1.171447e-10 1.687046e-19 6.672571e-13 1.796749e-19 4.013386e-20 4.532791e-31 2.495239e-31 0.000000e+00 1.078167e-30 3.936070e-21 4.927335e-19 1.899690e-22 5.272716e-26 2.998869e-29 0.000000e+00 1.561694e-14 5.630722e-19 2.522801e-39 0.000000e+00 4.424298e-122 1.823239e-42
2.763852e-04 6.501579e-10 1.952273e-07 4.593670e-06 1.126460e-10 4.174193e-07 2.134707e-20 1.547507e-26 1.557415e-21 1.042980e-14 1.412184e-07 7.000971e-36 2.378620e-22 1.780877e-32 5.448641e-31 1.510537e-18 7.163550e-22 3.509275e-16 1.013212e-07 4.022191e-04 3.401652e-24 1.220680e-11 5.111635e-19 4.850988e-18 9.954090e-15 9.954523e-22 2.009097e-01 3.128016e-21 7.570856e-24 1.232023e-20 3.137084e-10 1.324779e-20 9.770809e-14 8.829181e-21 6.090298e-27 9.374456e-11 2.363855e-20 7.986815e-01 7.752555e-23 2.173925e-08 0.000000e+00 3.314681e-25 0.000000e+00 0.000000e+00 2.942443e-17 1.680318e-17 9.753055e-16 5.568372e-11 2.345171e-09 9.035785e-30 1.943838e-17 5.268450e-15 8.838387e-11 3.641158e-18 1.077203e-06 3.516775e-16 2.300848e-13 8.791103e-13 4.160163e-19 1.549645e-20 2.995000e-22 9.370829e-25 0.000000e+00 1.931399e-14 5.494755e-25 7.431532e-30 1.002919e-26 3.628128e-47 7.312715e-31 1.810710e-28 2.115000e-13 2.736395e-31 5.012662e-13 2.572371e-26 0.000000e+00 2.960379e-11 2.116786e-13 9.546788e-24 4.583019e-26 1.171075e-10 1.577107e-19 6.526828e-13 1.481569e-19 4.030273e-20 3.740379e-31 2.974321e-31 2.847572e-23 1.105315e-30 3.981115e-21 4.904017e-19 1.777098e-22 5.311419e-26 2.997541e-29 0.000000e+00 1.668011e-14 5.283121e-19 1.909234e-39 0.000000e+00 3.946503e-124 2.294156e-39
2.399726e-04 6.765638e-10 2.121987e-07 4.582981e-06 1.547313e-10 4.916974e-07 2.436430e-20 2.608670e-26 1.478990e-21 8.754751e-15 1.387609e-07 5.935528e-36 2.697840e-22 2.342901e-32 0.000000e+00 1.498198e-18 4.993548e-22 2.917224e-16 1.337851e-07 4.020581e-04 2.865735e-24 1.100450e-11 5.029318e-19 3.962921e-18 7.619119e-15 9.099634e-22 2.008950e-01 3.263193e-21 6.534199e-24 8.032322e-21 3.230038e-10 8.838013e-21 1.472471e-13 8.671770e-21 3.323507e-27 9.304575e-11 2.333840e-20 7.986963e-01 7.161797e-23 2.014191e-08 2.300234e-24 3.345938e-25 4.530946e-25 5.657075e-23 2.791278e-17 1.627833e-17 8.399258e-16 4.024995e-11 2.075656e-09 6.405438e-30 2.165111e-17 5.541541e-15 8.836958e-11 2.622869e-18 1.005990e-06 2.252764e-16 1.392626e-13 6.794894e-13 4.514407e-19 5.745167e-21 3.727938e-22 1.086768e-24 0.000000e+00 2.230593e-14 5.878948e-25 9.584868e-29 8.492300e-27 4.640822e-46 1.084941e-30 1.571321e-28 2.089501e-13 2.013531e-31 4.992355e-13 4.304756e-25 0.000000e+00 2.862419e-11 1.418180e-13 9.157952e-24 4.926367e-26 1.170438e-10 1.475472e-19 6.404580e-13 1.224590e-19 4.049267e-20 3.056852e-31 3.624469e-31 0.000000e+00 1.171386e-30 4.026349e-21 4.880883e-19 1.670722e-22 5.354826e-26 2.996043e-29 0.000000e+00 1.782432e-14 4.990390e-19 1.318377e-39 0.000000e+00 3.524148e-126 2.096312e-36
2.083571e-04 7.042069e-10 2.320707e-07 4.569241e-06 2.123497e-10 5.783470e-07 2.778655e-20 4.393068e-26 1.427871e-21 7.381397e-15 1.364648e-07 4.867812e-36 3.055904e-22 3.076787e-32 7.128147e-31 1.487731e-18 3.556846e-22 2.471510e-16 1.763166e-07 4.018704e-04 2.471305e-24 9.948897e-12 4.962312e-19 3.243410e-18 5.851000e-15 7.483039e-22 2.008785e-01 3.421004e-21 4.127558e-24 5.261818e-21 3.325676e-10 5.952204e-21 2.165445e-13 8.491264e-21 4.725157e-27 9.226530e-11 2.293925e-20 7.987130e-01 6.619798e-23 1.850230e-08 2.220849e-23 3.372812e-25 4.431758e-24 6.022600e-22 2.625647e-17 1.553018e-17 7.214882e-16 2.905633e-11 1.838339e-09 4.457611e-30 2.397844e-17 5.834205e-15 8.835447e-11 1.924809e-18 9.387822e-07 1.440342e-16 8.445358e-14 5.203039e-13 4.925007e-19 2.198018e-21 4.615940e-22 1.243900e-24 0.000000e+00 2.541779e-14 6.197476e-25 1.443124e-27 3.259325e-26 7.006605e-45 1.552570e-30 1.359714e-28 2.054565e-13 1.536408e-31 4.969599e-13 8.334645e-24 0.000000e+00 2.770789e-11 9.324002e-14 8.736370e-24 5.239667e-26 1.169429e-10 1.381583e-19 6.301851e-13 1.017384e-19 4.070590e-20 2.475585e-31 4.369968e-31 0.000000e+00 1.269113e-30 4.087060e-21 4.857872e-19 1.590411e-22 5.403569e-26 2.994357e-29 0.000000e+00 1.899830e-14 4.784796e-19 9.099092e-40 0.000000e+00 3.156854e-128 1.284348e-33
1.809069e-04 7.340827e-10 2.551119e-07 4.552292e-06 2.895413e-10 6.769575e-07 3.163921e-20 7.425613e-26 1.391593e-21 6.214315e-15 1.342847e-07 3.859887e-36 3.525862e-22 4.104476e-32 2.203602e-30 1.493174e-18 2.565028e-22 2.132003e-16 2.313946e-07 4.016517e-04 2.167449e-24 9.034822e-12 4.857596e-19 2.686807e-18 4.507979e-15 5.603739e-22 2.008598e-01 3.604822e-21 0.000000e+00 3.486590e-21 3.425978e-10 4.055083e-21 3.170247e-13 8.019607e-21 1.144515e-26 9.139396e-11 2.184425e-20 7.987318e-01 6.030584e-23 1.684644e-08 3.876106e-24 3.274123e-25 7.316459e-25 1.009365e-22 2.447722e-17 1.475992e-17 6.183688e-16 2.096084e-11 1.629532e-09 3.048377e-30 2.557390e-17 6.142258e-15 8.833846e-11 1.429153e-18 8.817348e-07 9.184489e-17 5.179385e-14 3.991204e-13 5.397856e-19 9.096749e-22 5.670830e-22 1.397776e-24 0.000000e+00 2.853753e-14 6.440129e-25 4.376980e-26 1.309259e-25 5.482796e-44 2.182052e-30 1.082142e-28 2.014938e-13 1.102682e-31 4.944152e-13 1.864603e-22 0.000000e+00 2.700207e-11 5.769765e-14 8.423722e-24 5.418378e-26 1.168111e-10 1.294906e-19 6.215343e-13 8.459599e-20 4.094480e-20 1.997206e-31 5.455191e-31 6.501512e-23 1.435899e-30 4.158938e-21 4.834942e-19 1.520171e-22 5.458129e-26 2.992462e-29 0.000000e+00 2.028736e-14 4.621833e-19 5.657935e-40 0.000000e+00 2.831255e-130 5.269019e-31
1.570732e-04 7.657813e-10 2.816304e-07 4.531937e-06 3.956893e-10 7.927361e-07 3.597807e-20 1.237816e-25 1.382294e-21 5.261631e-15 1.321776e-07 2.962624e-36 4.033225e-22 5.429234e-32 5.287545e-31 1.493401e-18 1.888451e-22 1.869738e-16 3.019676e-07 4.013973e-04 1.951932e-24 8.226464e-12 4.785299e-19 2.221931e-18 3.484058e-15 3.969207e-22 2.008389e-01 3.817688e-21 4.418990e-24 2.314980e-21 3.531356e-10 2.783331e-21 4.514487e-13 7.612046e-21 1.981551e-26 9.042134e-11 2.080416e-20 7.987528e-01 5.527433e-23 1.520380e-08 0.000000e+00 3.181997e-25 0.000000e+00 0.000000e+00 2.263814e-17 1.383797e-17 5.293482e-16 1.510801e-11 1.445931e-09 2.048059e-30 2.727800e-17 6.461363e-15 8.832146e-11 1.081349e-18 8.263637e-07 5.849972e-17 3.176407e-14 3.026605e-13 5.958799e-19 2.947537e-22 6.944130e-22 1.558551e-24 4.191974e-25 3.173425e-14 6.622978e-25 0.000000e+00 0.000000e+00 0.000000e+00 2.958633e-30 8.893819e-29 1.972579e-13 8.129117e-32 4.915748e-13 0.000000e+00 8.628312e-26 2.633526e-11 3.544655e-14 8.081048e-24 5.583011e-26 1.166457e-10 1.214919e-19 6.142181e-13 7.068929e-20 4.121200e-20 1.600147e-31 6.705065e-31 1.463054e-23 1.776432e-30 4.229605e-21 4.812010e-19 1.471271e-22 5.519143e-26 2.990335e-29 5.266992e-60 2.160933e-14 4.538692e-19 3.602829e-40 0.000000e+00 2.549156e-132 1.324052e-28
1.363794e-04 8.006083e-10 3.119598e-07 4.507942e-06 5.381526e-10 9.246203e-07 4.085113e-20 2.020781e-25 1.388395e-21 4.455520e-15 1.301044e-07 2.202343e-36 4.693226e-22 7.286534e-32 0.000000e+00 1.507617e-18 1.404344e-22 1.664461e-16 3.914507e-07 4.011014e-04 1.777049e-24 7.534251e-12 4.687136e-19 1.860253e-18 2.701439e-15 2.693005e-22 2.008154e-01 4.063910e-21 8.333926e-23 1.555638e-21 3.644326e-10 1.930265e-21 6.404603e-13 6.974993e-21 2.163727e-25 8.933609e-11 1.917014e-20 7.987764e-01 5.001022e-23 1.360058e-08 2.881226e-24 3.028740e-25 4.981060e-25 7.188694e-23 2.076176e-17 1.298743e-17 4.526547e-16 1.089642e-11 1.284491e-09 1.353021e-30 2.798253e-17 6.785105e-15 8.830333e-11 8.264798e-19 7.795304e-07 3.720539e-17 1.971681e-14 2.300363e-13 6.635925e-19 2.295128e-22 8.439918e-22 1.710687e-24 0.000000e+00 3.484400e-14 6.733236e-25 0.000000e+00 0.000000e+00 0.000000e+00 3.949885e-30 6.401120e-29 1.930555e-13 5.566415e-32 4.884096e-13 0.000000e+00 0.000000e+00 2.588176e-11 2.076478e-14 7.858162e-24 5.601785e-26 1.164502e-10 1.141116e-19 6.079994e-13 5.907201e-20 4.151044e-20 1.282375e-31 8.584674e-31 0.000000e+00 2.762031e-30 4.307426e-21 4.789003e-19 1.429156e-22 5.587385e-26 2.987950e-29 5.449662e-62 2.307569e-14 4.492885e-19 2.067048e-40 0.000000e+00 2.298483e-134 2.079559e-26
1.184120e-04 8.382306e-10 3.464566e-07 4.480053e-06 7.337310e-10 1.079007e-06 4.661600e-20 3.140417e-25 1.424713e-21 3.791340e-15 1.280298e-07 1.594962e-36 5.471748e-22 9.796599e-32 0.000000e+00 1.527442e-18 1.061585e-22 1.501352e-16 5.037620e-07 4.007578e-04 1.649511e-24 6.921261e-12 4.615443e-19 1.555494e-18 2.101385e-15 1.811474e-22 2.007891e-01 4.348423e-21 4.434222e-24 1.048125e-21 3.765235e-10 1.348181e-21 8.891507e-13 6.400430e-21 2.484954e-24 8.812652e-11 1.755025e-20 7.988029e-01 4.540765e-23 1.206585e-08 1.895232e-23 2.901704e-25 3.273868e-24 5.082546e-22 1.890765e-17 1.210666e-17 3.870869e-16 7.863935e-12 1.142655e-09 8.786236e-31 2.849624e-17 7.107835e-15 8.828394e-11 6.416883e-19 7.347342e-07 2.366378e-17 1.227636e-14 1.733385e-13 7.694381e-19 3.520584e-22 1.022123e-21 1.865254e-24 3.340752e-25 3.794422e-14 6.790707e-25 0.000000e+00 0.000000e+00 0.000000e+00 5.123556e-30 4.924884e-29 1.888935e-13 3.840558e-32 4.848902e-13 0.000000e+00 6.573899e-26 2.549617e-11 1.205007e-14 7.635622e-24 5.591822e-26 1.162238e-10 1.073096e-19 6.026771e-13 4.954022e-20 4.184311e-20 1.023382e-31 1.094141e-30 0.000000e+00 6.170520e-30 4.436681e-21 4.765834e-19 1.402103e-22 5.663775e-26 2.985281e-29 1.848257e-61 2.461064e-14 4.527112e-19 1.195738e-40 0.000000e+00 2.080318e-136 1.869376e-24
1.028117e-04 8.794382e-10 3.855609e-07 4.447934e-06 1.001095e-09 1.258310e-06 5.550089e-20 4.630259e-25 1.525890e-21 3.237047e-15 1.259179e-07 1.138052e-36 6.730235e-22 1.388296e-31 3.946241e-30 1.619156e-18 8.122098e-23 1.369520e-16 6.435648e-07 4.003591e-04 1.547512e-24 6.383113e-12 4.553288e-19 1.303575e-18 1.639791e-15 1.217982e-22 2.007596e-01 4.676061e-21 2.459834e-23 7.101598e-22 3.896097e-10 9.478044e-22 1.218143e-12 5.830644e-21 1.987172e-23 8.677798e-11 1.580260e-20 7.988324e-01 4.119912e-23 1.062175e-08 6.800132e-24 2.679380e-25 1.063321e-24 1.580855e-22 1.710871e-17 1.127679e-17 3.312569e-16 5.686368e-12 1.017913e-09 5.604553e-31 2.846445e-17 7.423552e-15 8.826309e-11 5.044148e-19 6.936849e-07 1.506143e-17 7.690714e-15 1.301084e-13 1.107508e-18 3.601298e-23 1.231849e-21 2.016703e-24 0.000000e+00 4.096019e-14 6.797564e-25 2.444862e-28 0.000000e+00 1.045945e-45 6.507786e-30 3.281197e-29 1.848790e-13 2.592276e-32 4.809805e-13 5.972948e-24 0.000000e+00 2.522252e-11 6.938154e-15 7.457214e-24 5.517696e-26 1.159659e-10 1.010315e-19 5.980770e-13 4.163116e-20 4.221384e-20 8.155917e-32 1.412388e-30 9.749400e-23 1.914778e-29 4.554519e-21 4.742380e-19 1.385709e-22 5.749151e-26 2.982295e-29 0.000000e+00 2.625516e-14 4.740437e-19 6.734349e-41 0.000000e+00 1.888484e-138 9.716526e-23
8.926665e-05 9.246416e-10 4.297472e-07 4.411211e-06 1.369087e-09 1.467761e-06 7.961850e-20 7.184885e-25 1.900576e-21 2.774110e-15 1.237355e-07 8.583282e-37 1.015865e-21 2.413293e-31 2.616990e-30 2.070805e-18 6.289144e-23 1.261021e-16 8.161816e-07 3.998968e-04 1.465210e-24 5.903845e-12 4.507805e-19 1.090596e-18 1.284062e-15 8.272172e-23 2.007267e-01 5.052321e-21 2.422105e-24 4.827681e-22 4.038506e-10 6.697718e-22 1.645099e-12 5.355420e-21 1.251590e-22 8.527489e-11 1.404706e-20 7.988655e-01 3.747753e-23 9.288311e-09 6.282131e-23 2.733650e-25 1.004372e-23 1.548506e-21 1.540378e-17 1.050628e-17 2.840613e-16 4.123759e-12 9.081496e-10 3.507662e-31 2.801579e-17 7.726866e-15 8.824059e-11 4.015237e-19 6.551421e-07 9.604889e-18 4.843567e-15 9.720224e-14 2.932881e-18 5.834332e-22 1.478605e-21 2.167374e-24 0.000000e+00 4.388974e-14 6.765499e-25 9.260960e-27 1.983286e-26 4.271863e-44 8.097481e-30 2.149862e-29 1.810207e-13 1.737834e-32 4.766429e-13 2.971230e-22 0.000000e+00 2.503694e-11 4.017601e-15 7.303087e-24 5.406839e-26 1.156750e-10 9.523403e-20 5.940562e-13 3.507613e-20 4.262670e-20 6.486660e-32 1.830232e-30 6.155889e-23 7.058714e-29 4.650106e-21 4.718518e-19 1.380291e-22 5.844265e-26 2.978955e-29 0.000000e+00 2.800010e-14 5.744105e-19 3.803716e-41 0.000000e+00 1.720133e-140 2.874329e-21
7.750613e-05 9.741117e-10 4.795952e-07 4.369417e-06 1.881171e-09 1.714793e-06 1.711840e-19 1.465314e-24 3.461602e-21 2.386934e-15 1.214480e-07 1.067449e-36 2.278775e-21 6.237262e-31 0.000000e+00 3.950243e-18 4.937166e-23 1.169856e-16 1.027944e-06 3.993609e-04 1.404235e-24 5.465917e-12 4.489878e-19 9.048431e-19 1.009838e-15 5.766435e-23 2.006898e-01 5.484535e-21 0.000000e+00 3.279213e-22 4.194089e-10 4.748802e-22 2.184709e-12 5.133326e-21 6.372306e-22 8.359822e-11 1.242618e-20 7.989025e-01 3.448286e-23 8.080175e-09 8.460298e-24 2.294687e-25 1.299559e-24 2.040008e-22 1.382681e-17 9.792938e-18 2.445880e-16 3.001381e-12 8.114147e-10 2.148575e-31 2.742697e-17 8.013850e-15 8.821618e-11 3.243574e-19 6.173611e-07 6.145145e-18 3.056854e-15 7.212366e-14 1.277458e-17 3.547698e-24 1.770341e-21 2.323995e-24 1.003981e-25 4.677311e-14 6.711737e-25 0.000000e+00 0.000000e+00 0.000000e+00 9.869513e-30 1.747423e-29 1.772699e-13 1.190504e-32 4.718326e-13 0.000000e+00 2.022565e-26 2.489478e-11 2.385808e-15 7.137607e-24 5.304129e-26 1.153483e-10 8.987113e-20 5.904920e-13 2.966847e-20 4.308669e-20 5.137104e-32 2.343859e-30 0.000000e+00 2.792930e-28 4.718553e-21 4.694084e-19 1.387361e-22 5.950505e-26 2.975219e-29 0.000000e+00 2.981040e-14 1.012079e-18 2.289592e-41 0.000000e+00 1.572984e-142 4.893192e-20
6.729501e-05 1.029046e-09 5.357814e-07 4.321990e-06 2.596603e-09 2.005083e-06 5.117334e-19 3.757567e-24 9.486950e-21 2.065590e-15 1.190193e-07 4.330393e-36 6.819807e-21 2.154372e-30 1.735591e-31 1.040007e-17 3.942943e-23 1.091520e-16 1.286314e-06 3.987395e-04 1.357328e-24 5.075374e-12 4.503231e-19 7.457054e-19 7.994717e-16 4.207974e-23 2.006484e-01 5.982119e-21 1.187052e-23 2.232912e-22 4.367718e-10 3.382098e-22 2.867770e-12 5.395299e-21 2.684356e-21 8.172570e-11 1.091579e-20 7.989440e-01 3.247519e-23 7.006498e-09 0.000000e+00 2.030255e-25 0.000000e+00 0.000000e+00 1.240783e-17 9.176722e-18 2.121475e-16 2.197732e-12 7.259793e-10 1.283979e-31 2.660833e-17 8.281173e-15 8.818958e-11 2.670180e-19 5.804779e-07 3.952383e-18 1.937863e-15 5.333864e-14 5.838632e-17 5.066486e-25 2.113592e-21 2.487492e-24 7.247443e-26 4.957567e-14 6.650679e-25 0.000000e+00 0.000000e+00 0.000000e+00 1.185911e-29 1.229678e-29 1.736460e-13 8.284746e-33 4.664983e-13 0.000000e+00 1.195838e-26 2.483172e-11 1.470293e-15 6.975605e-24 5.206323e-26 1.149820e-10 8.490520e-20 5.872819e-13 2.520723e-20 4.359974e-20 4.067302e-32 2.980622e-30 2.762484e-24 1.137021e-27 4.880113e-21 4.668893e-19 1.405937e-22 6.069454e-26 2.971036e-29 2.142882e-64 3.167886e-14 2.666594e-18 1.535168e-41 0.000000e+00 1.443568e-144 5.057900e-19
5.842916e-05 1.090597e-09 5.991121e-07 4.268249e-06 3.610526e-09 2.348061e-06 1.619749e-18 9.875801e-24 2.993711e-20 1.810116e-15 1.164107e-07 2.809768e-35 2.093012e-20 7.621689e-30 8.433587e-31 2.870184e-17 3.261539e-23 1.022553e-16 1.600207e-06 3.980185e-04 1.333525e-24 4.745254e-12 4.589657e-19 6.094914e-19 6.401752e-16 3.384977e-23 2.006020e-01 6.555276e-21 2.710346e-23 1.528019e-22 4.566307e-10 2.429225e-22 3.719701e-12 6.725384e-21 9.562934e-21 7.963121e-11 9.631267e-21 7.989905e-01 3.252142e-23 6.072571e-09 2.443771e-24 1.893069e-25 3.319829e-25 5.980233e-23 1.117958e-17 8.668554e-18 1.863881e-16 1.622960e-12 6.503238e-10 7.449331e-32 2.587559e-17 8.527320e-15 8.816045e-11 2.281074e-19 5.424120e-07 2.562760e-18 1.232655e-15 3.928025e-14 2.375273e-16 3.161684e-26 2.520121e-21 2.670586e-24 1.291472e-25 5.234690e-14 6.611397e-25 0.000000e+00 0.000000e+00 0.000000e+00 1.410210e-29 9.295791e-30 1.700817e-13 6.075335e-33 4.605807e-13 0.000000e+00 2.556409e-26 2.485144e-11 9.568473e-16 6.781355e-24 5.166766e-26 1.145716e-10 8.029310e-20 5.843397e-13 2.158361e-20 4.417295e-20 3.234459e-32 3.748553e-30 1.365282e-23 4.630437e-27 5.049988e-21 4.642726e-19 1.438677e-22 6.202604e-26 2.966345e-29 1.521814e-64 3.351429e-14 8.034691e-18 1.282913e-41 0.000000e+00 1.330333e-146 3.362451e-18
5.073136e-05 1.162357e-09 6.705457e-07 4.207360e-06 5.060474e-09 2.747420e-06 4.732670e-18 2.400397e-23 9.071590e-20 1.635056e-15 1.135797e-07 1.621084e-34 5.831434e-20 2.460464e-29 2.132236e-30 7.265959e-17 2.907396e-23 9.602602e-17 1.980416e-06 3.971809e-04 1.332995e-24 4.540416e-12 4.828311e-19 5.021643e-19 5.228133e-16 3.175534e-23 2.005498e-01 7.217806e-21 6.300434e-23 1.072585e-22 4.807516e-10 1.780764e-22 4.807561e-12 1.007868e-20 2.936187e-20 7.728425e-11 8.560395e-21 7.990428e-01 3.671848e-23 5.279316e-09 2.928335e-23 2.109049e-25 4.079102e-24 6.988022e-22 1.018131e-17 8.315357e-18 1.672816e-16 1.216722e-12 5.830965e-10 4.169916e-32 2.517399e-17 8.751070e-15 8.812841e-11 2.101817e-19 5.026025e-07 1.684161e-18 7.924785e-16 2.898659e-14 8.379305e-16 2.911433e-25 2.997965e-21 2.881450e-24 0.000000e+00 5.500452e-14 6.629841e-25 2.429196e-33 6.113762e-29 9.821662e-51 1.680701e-29 2.955205e-30 1.666406e-13 4.697848e-33 4.540102e-13 0.000000e+00 0.000000e+00 2.509518e-11 6.636893e-16 6.579220e-24 5.192972e-26 1.141111e-10 7.599556e-20 5.815925e-13 1.870547e-20 4.481498e-20 2.640966e-32 4.802182e-30 2.571295e-23 1.821164e-26 5.224171e-21 4.615325e-19 1.486623e-22 6.352360e-26 2.961075e-29 0.000000e+00 3.521944e-14 2.307535e-17 1.355738e-41 0.000000e+00 1.230588e-148 1.575587e-17
4.404770e-05 1.249981e-09 7.511836e-07 4.138340e-06 7.165911e-09 3.203433e-06 1.236178e-17 5.399960e-23 2.510067e-19 1.572073e-15 1.104812e-07 7.709869e-34 1.448501e-19 7.097289e-29 8.102465e-30 1.635728e-16 2.980190e-23 9.025357e-17 2.439970e-06 3.962062e-04 1.366301e-24 4.572885e-12 5.401767e-19 4.284751e-19 4.407313e-16 3.551916e-23 2.004909e-01 7.986664e-21 9.019204e-23 7.983543e-23 5.120553e-10 1.359753e-22 6.239477e-12 1.695978e-20 7.906157e-20 7.465193e-11 7.752132e-21 7.991018e-01 4.931889e-23 4.625677e-09 0.000000e+00 1.607049e-25 0.000000e+00 0.000000e+00 9.462113e-18 8.152804e-18 1.551979e-16 9.349419e-13 5.231401e-10 2.233950e-32 2.462920e-17 8.951940e-15 8.809300e-11 2.218305e-19 4.594971e-07 1.130838e-18 5.201629e-16 2.156752e-14 2.568010e-15 0.000000e+00 3.555701e-21 3.138570e-24 3.259838e-25 5.745345e-14 6.762218e-25 3.812758e-33 2.418578e-28 1.469491e-50 2.037723e-29 6.866676e-30 1.633996e-13 3.911755e-33 4.467082e-13 5.286875e-32 6.452627e-26 2.576508e-11 4.936816e-16 6.379190e-24 5.324482e-26 1.135936e-10 7.197700e-20 5.789803e-13 1.653218e-20 4.553600e-20 2.294773e-32 6.478323e-30 7.365216e-23 6.653514e-26 5.412412e-21 4.586396e-19 1.553444e-22 6.520217e-26 2.955139e-29 1.807911e-65 3.660412e-14 6.003390e-17 1.725568e-41 0.000000e+00 1.142634e-150 5.634825e-17
3.824460e-05 1.361845e-09 8.422945e-07 4.060009e-06 1.027404e-08 3.708567e-06 2.891834e-17 1.148114e-22 6.316532e-19 1.671629e-15 1.070671e-07 3.086905e-33 3.242716e-19 1.858705e-28 2.886577e-29 3.287522e-16 3.682002e-23 8.477041e-17 2.994960e-06 3.950696e-04 1.446925e-24 5.016104e-12 6.645982e-19 3.920115e-19 3.887735e-16 4.542021e-23 2.004243e-01 8.883737e-21 1.522328e-22 6.564327e-23 5.548293e-10 1.109940e-22 8.210102e-12 2.945564e-20 1.895832e-19 7.170018e-11 7.237001e-21 7.991685e-01 7.785688e-23 4.108965e-09 5.081281e-24 1.680804e-25 6.746670e-25 1.099584e-22 9.078786e-18 8.219124e-18 1.508975e-16 7.458252e-13 4.694403e-10 1.133839e-32 2.432352e-17 9.129033e-15 8.805369e-11 2.788313e-19 4.122612e-07 7.841973e-19 3.538329e-16 1.632395e-14 6.874883e-15 0.000000e+00 4.198318e-21 3.465774e-24 0.000000e+00 5.953762e-14 7.078741e-25 5.521803e-33 3.089014e-28 1.986656e-50 2.557556e-29 3.680219e-30 1.604966e-13 3.562916e-33 4.385842e-13 2.411603e-31 0.000000e+00 2.716352e-11 3.935483e-16 6.203200e-24 5.603216e-26 1.130108e-10 6.820140e-20 5.764530e-13 1.502990e-20 4.634808e-20 2.216179e-32 9.384359e-30 1.735750e-22 2.199042e-25 5.631854e-21 4.555598e-19 1.643683e-22 6.695980e-26 2.948434e-29 0.000000e+00 3.744030e-14 1.408486e-16 2.467480e-41 0.000000e+00 1.064800e-152 1.657683e-16
3.320603e-05 1.509887e-09 9.451916e-07 3.971072e-06 1.491243e-08 4.242473e-06 6.123883e-17 2.294152e-22 1.454090e-18 2.003289e-15 1.032924e-07 1.043917e-32 6.703166e-19 4.523880e-28 7.338527e-29 5.999391e-16 5.370475e-23 7.944954e-17 3.664860e-06 3.937416e-04 1.578231e-24 6.103463e-12 9.088185e-19 3.934955e-19 3.625519e-16 6.246902e-23 2.003488e-01 9.936072e-21 2.296607e-22 6.122509e-23 6.148903e-10 9.886143e-23 1.108000e-11 5.056937e-20 4.100703e-19 6.840047e-11 6.970290e-21 7.992441e-01 1.349587e-22 3.725717e-09 0.000000e+00 1.494055e-25 0.000000e+00 0.000000e+00 9.101522e-18 8.564986e-18 1.555387e-16 6.273491e-13 4.211581e-10 5.397641e-33 2.403996e-17 9.278789e-15 8.800992e-11 4.060097e-19 3.622410e-07 5.687704e-19 2.550100e-16 1.275049e-14 1.616175e-14 0.000000e+00 4.918430e-21 3.880960e-24 0.000000e+00 6.098687e-14 7.652539e-25 7.429881e-33 3.410838e-28 2.480774e-50 3.378656e-29 4.127607e-31 1.581839e-13 3.473028e-33 4.295418e-13 4.483360e-31 0.000000e+00 2.973307e-11 3.331833e-16 6.111705e-24 6.028955e-26 1.123531e-10 6.464095e-20 5.739717e-13 1.414644e-20 4.726385e-20 2.446511e-32 1.440879e-29 1.612203e-23 6.503691e-25 5.777148e-21 4.522563e-19 1.760220e-22 6.884693e-26 2.940845e-29 0.000000e+00 3.757755e-14 2.996064e-16 3.721933e-41 0.000000e+00 9.948597e-155 4.277493e-16
2.883127e-05 1.704162e-09 1.061111e-06 3.870191e-06 2.190438e-08 4.793175e-06 1.187738e-16 4.338752e-22 3.090969e-18 2.646286e-15 9.912142e-08 3.035782e-32 1.298097e-18 1.041942e-27 2.497779e-28 1.006139e-15 8.609711e-23 7.420062e-17 4.473058e-06 3.921877e-04 1.769524e-24 8.073218e-12 1.348338e-18 4.249620e-19 3.576301e-16 8.834949e-23 2.002631e-01 1.117646e-20 3.329112e-22 6.344482e-23 6.972615e-10 9.591779e-23 1.537439e-11 8.483908e-20 8.096220e-19 6.473748e-11 6.927616e-21 7.993300e-01 2.405618e-22 3.472453e-09 0.000000e+00 1.061395e-25 0.000000e+00 0.000000e+00 9.603208e-18 9.235883e-18 1.706842e-16 5.611355e-13 3.776219e-10 2.396991e-33 2.375463e-17 9.396943e-15 8.796108e-11 6.378036e-19 3.116133e-07 4.349388e-19 1.971237e-16 1.036523e-14 3.356020e-14 0.000000e+00 5.713058e-21 4.404229e-24 0.000000e+00 6.171555e-14 8.538626e-25 9.288410e-33 3.617102e-28 2.864947e-50 4.709010e-29 7.370293e-31 1.565295e-13 3.593610e-33 4.194855e-13 7.530800e-31 0.000000e+00 3.383328e-11 2.964034e-16 6.114911e-24 6.619984e-26 1.116104e-10 6.127781e-20 5.715083e-13 1.378455e-20 4.829388e-20 3.022563e-32 2.247787e-29 3.749935e-24 1.716037e-24 5.935946e-21 4.486910e-19 1.906162e-22 7.097358e-26 2.932241e-29 0.000000e+00 3.699102e-14 5.831080e-16 5.812552e-41 0.000000e+00 9.315118e-157 1.007607e-15
2.503286e-05 1.950425e-09 1.191103e-06 3.756033e-06 3.249462e-08 5.366845e-06 2.131047e-16 7.780840e-22 6.121610e-18 3.671013e-15 9.453265e-08 7.675474e-32 2.365209e-18 2.283898e-27 7.466006e-28 1.560960e-15 1.413515e-22 6.896456e-17 5.447942e-06 3.903673e-04 2.024538e-24 1.111206e-11 2.076430e-18 4.725423e-19 3.688016e-16 1.244928e-22 2.001657e-01 1.264086e-20 4.427789e-22 6.943379e-23 8.048150e-10 9.871856e-23 2.183271e-11 1.391137e-19 1.474301e-18 6.071431e-11 7.047450e-21 7.994277e-01 4.227414e-22 3.344535e-09 3.366791e-24 1.981679e-25 4.373104e-25 6.926318e-23 1.066502e-17 1.026590e-17 1.982654e-16 5.326068e-13 3.382753e-10 1.015744e-33 2.344122e-17 9.478981e-15 8.790655e-11 1.013102e-18 2.634439e-07 3.506312e-19 1.630702e-16 8.794754e-15 6.204580e-14 0.000000e+00 6.588394e-21 5.046304e-24 1.726936e-26 6.182452e-14 9.746329e-25 1.082088e-32 3.779571e-28 3.069784e-50 6.843007e-29 2.919748e-30 1.554145e-13 3.884880e-33 4.083210e-13 1.158964e-30 7.554437e-27 3.966052e-11 2.740414e-16 6.195466e-24 7.377232e-26 1.107711e-10 5.809614e-20 5.690427e-13 1.378732e-20 4.944209e-20 3.960925e-32 3.428096e-29 4.530975e-24 4.033250e-24 6.117352e-21 4.448234e-19 2.082643e-22 7.337656e-26 2.922479e-29 0.000000e+00 3.584670e-14 1.047587e-15 9.266534e-41 0.000000e+00 8.736634e-159 2.230848e-15
2.173488e-05 2.247509e-09 1.335837e-06 3.627371e-06 4.854869e-08 5.994497e-06 3.563819e-16 1.325075e-21 1.138632e-17 5.104543e-15 8.952393e-08 1.702605e-31 4.034805e-18 4.745285e-27 1.948857e-27 2.242210e-15 2.258927e-22 6.371090e-17 6.623793e-06 3.882327e-04 2.338978e-24 1.527770e-11 3.194871e-18 5.185085e-19 3.896150e-16 1.706708e-22 2.000549e-01 1.436203e-20 5.439047e-22 7.616210e-23 9.369561e-10 1.037639e-22 3.143738e-11 2.229517e-19 2.498844e-18 5.635776e-11 7.241518e-21 7.995389e-01 7.143882e-22 3.335064e-09 0.000000e+00 1.935664e-25 0.000000e+00 0.000000e+00 1.237499e-17 1.163497e-17 2.404665e-16 5.293500e-13 3.026571e-10 4.756878e-34 2.309713e-17 9.521008e-15 8.784566e-11 1.560372e-18 2.202822e-07 2.952142e-19 1.418836e-16 7.755681e-15 1.032188e-13 0.000000e+00 7.567609e-21 5.807797e-24 9.612616e-25 6.158129e-14 1.122026e-24 1.187874e-32 3.925768e-28 3.082261e-50 1.015288e-28 6.445039e-30 1.545527e-13 4.318063e-33 3.959596e-13 1.656956e-30 1.831559e-25 4.712072e-11 2.606627e-16 6.307857e-24 8.289902e-26 1.098225e-10 5.508264e-20 5.665602e-13 1.395071e-20 5.069731e-20 5.202636e-32 4.990738e-29 8.334626e-24 8.406090e-24 6.323614e-21 4.406108e-19 2.288992e-22 7.608173e-26 2.911400e-29 4.232970e-67 3.442100e-14 1.751553e-15 1.486186e-40 0.000000e+00 8.205068e-161 4.739708e-15
1.887140e-05 2.588477e-09 1.495347e-06 3.483194e-06 7.286777e-08 6.725696e-06 5.585649e-16 2.139656e-21 2.002199e-17 6.894864e-15 8.411665e-08 3.328203e-31 6.384879e-18 9.256540e-27 4.467540e-27 2.977639e-15 3.402574e-22 5.843442e-17 8.041574e-06 3.857282e-04 2.696529e-24 2.044547e-11 4.799447e-18 5.458035e-19 4.124594e-16 2.236592e-22 1.999288e-01 1.635485e-20 6.261054e-22 8.066004e-23 1.090046e-09 1.076229e-22 4.547911e-11 3.481593e-19 3.973255e-18 5.172089e-11 7.407587e-21 7.996654e-01 1.143845e-21 3.433647e-09 0.000000e+00 1.401929e-26 0.000000e+00 0.000000e+00 1.482288e-17 1.322722e-17 2.993897e-16 5.402581e-13 2.703831e-10 3.524001e-34 2.269963e-17 9.520360e-15 8.777774e-11 2.275139e-18 1.833968e-07 2.556639e-19 1.266055e-16 7.044861e-15 1.565135e-13 0.000000e+00 8.688416e-21 6.681179e-24 2.594847e-25 6.128431e-14 1.284374e-24 1.238829e-32 4.071691e-28 2.920940e-50 1.505950e-28 3.059438e-30 1.536265e-13 4.852406e-33 3.823225e-13 2.228496e-30 4.615934e-26 5.578548e-11 2.528257e-16 6.402229e-24 9.334168e-26 1.087507e-10 5.222631e-20 5.640491e-13 1.406526e-20 5.202237e-20 6.573244e-32 6.856997e-29 1.533807e-23 1.541916e-23 6.554890e-21 4.360081e-19 2.523927e-22 7.908537e-26 2.898829e-29 3.970181e-67 3.298241e-14 2.744652e-15 2.353455e-40 0.000000e+00 7.713776e-163 9.811022e-15
1.638517e-05 2.958804e-09 1.668744e-06 3.322745e-06 1.097413e-07 7.632769e-06 8.234453e-16 3.304251e-21 3.348030e-17 8.883915e-15 7.835611e-08 5.816676e-31 9.247360e-18 1.671190e-26 9.019951e-27 3.639224e-15 4.723553e-22 5.315025e-17 9.749992e-06 3.827891e-04 3.078665e-24 2.627031e-11 6.969917e-18 5.408289e-19 4.293691e-16 2.806546e-22 1.997853e-01 1.859238e-20 6.643641e-22 8.038540e-23 1.256802e-09 1.074200e-22 6.561950e-11 5.261052e-19 5.967698e-18 4.688089e-11 7.478054e-21 7.998092e-01 1.718319e-21 3.625490e-09 0.000000e+00 2.585450e-25 0.000000e+00 1.284215e-22 1.805715e-17 1.480681e-17 3.763749e-16 5.532376e-13 2.411238e-10 4.251296e-34 2.233692e-17 9.477349e-15 8.770210e-11 3.095127e-18 1.527202e-07 2.235103e-19 1.124586e-16 6.497669e-15 2.193749e-13 0.000000e+00 1.001141e-20 7.662280e-24 6.044166e-25 6.125540e-14 1.444699e-24 1.256847e-32 4.233736e-28 2.667471e-50 2.195784e-28 3.719133e-30 1.522944e-13 5.506782e-33 3.673436e-13 2.850943e-30 1.035159e-25 6.478840e-11 2.482497e-16 6.412649e-24 1.051286e-25 1.075394e-10 4.951691e-20 5.614971e-13 1.394194e-20 5.334567e-20 7.763941e-32 8.852449e-29 2.615595e-23 2.461249e-23 6.807923e-21 4.309665e-19 2.787591e-22 8.232129e-26 2.884571e-29 4.491513e-67 3.171996e-14 4.057244e-15 3.649111e-40 0.000000e+00 7.259691e-165 1.998953e-14
1.422649e-05 3.340055e-09 1.853833e-06 3.145515e-06 1.657487e-07 8.803960e-06 1.144618e-15 4.914148e-21 5.346995e-17 1.082517e-14 7.230862e-08 9.194938e-31 1.213208e-17 2.758732e-26 1.608788e-26 4.079268e-15 5.962944e-22 4.788928e-17 1.180668e-05 3.793397e-04 3.460883e-24 3.223425e-11 9.756569e-18 4.989350e-19 4.334904e-16 3.222029e-22 1.996218e-01 2.097605e-20 6.408700e-22 7.433881e-23 1.428200e-09 1.016615e-22 9.410715e-11 7.645011e-19 8.514910e-18 4.193314e-11 7.415143e-21 7.999729e-01 2.410108e-21 3.889813e-09 1.362205e-23 4.109394e-25 1.666210e-24 1.650425e-22 2.204652e-17 1.607761e-17 4.707984e-16 5.567019e-13 2.145868e-10 5.616613e-34 2.207421e-17 9.390483e-15 8.761802e-11 3.897720e-18 1.274800e-07 1.937594e-19 9.694140e-17 5.996208e-15 2.882516e-13 1.732982e-24 1.161178e-20 8.747850e-24 0.000000e+00 6.172560e-14 1.583729e-24 1.260909e-32 4.424474e-28 2.381060e-50 3.116914e-28 0.000000e+00 1.503048e-13 6.314426e-33 3.509709e-13 3.496359e-30 0.000000e+00 7.304701e-11 2.450866e-16 6.291431e-24 1.183709e-25 1.061684e-10 4.694341e-20 5.588888e-13 1.346116e-20 5.456281e-20 8.439073e-32 1.074763e-28 4.004273e-23 3.386877e-23 7.073823e-21 4.254324e-19 3.081033e-22 8.561443e-26 2.868406e-29 0.000000e+00 3.073494e-14 5.687735e-15 5.505993e-40 0.000000e+00 6.839725e-167 4.055289e-14
1.235221e-05 3.722689e-09 2.046350e-06 2.951343e-06 2.509056e-07 1.032687e-05 1.503852e-15 6.884912e-21 8.167448e-17 1.245772e-14 6.606294e-08 1.285052e-30 1.442847e-17 4.153980e-26 2.555789e-26 4.208968e-15 6.841605e-22 4.269987e-17 1.427688e-05 3.752961e-04 3.790086e-24 3.780323e-11 1.314224e-17 4.287733e-19 4.204916e-16 3.501620e-22 1.994358e-01 2.330723e-20 5.826190e-22 6.386258e-23 1.598889e-09 9.065849e-23 1.342410e-10 1.069062e-18 1.158685e-17 3.698816e-11 7.155051e-21 8.001589e-01 3.155619e-21 4.196856e-09 6.350235e-24 4.288060e-25 7.975969e-25 2.591873e-22 2.667800e-17 1.680366e-17 5.782304e-16 5.437947e-13 1.905317e-10 6.593686e-34 2.167653e-17 9.245329e-15 8.752486e-11 4.534086e-18 1.069090e-07 1.644894e-19 8.007593e-17 5.495908e-15 3.598027e-13 0.000000e+00 1.354529e-20 9.916280e-24 6.349089e-25 6.266997e-14 1.683905e-24 1.205389e-32 4.644717e-28 2.009391e-50 4.296764e-28 3.171866e-30 1.476624e-13 7.093768e-33 3.331857e-13 4.116131e-30 9.765742e-26 7.965691e-11 2.415327e-16 6.070511e-24 1.322518e-25 1.046116e-10 4.449547e-20 5.562060e-13 1.261196e-20 5.555213e-20 8.454595e-32 1.232092e-28 5.417920e-23 4.004730e-23 7.336056e-21 4.193514e-19 3.404898e-22 8.865150e-26 2.850100e-29 2.037266e-67 3.009680e-14 7.581892e-15 7.865142e-40 0.000000e+00 6.446163e-169 8.305180e-14
1.072485e-05 4.063611e-09 2.239271e-06 2.740144e-06 3.806767e-07 1.243700e-05 1.861171e-15 9.053488e-21 1.195301e-16 1.343156e-14 5.972646e-08 1.576532e-30 1.517804e-17 5.553806e-26 3.584027e-26 3.944236e-15 6.965811e-22 3.764472e-17 1.723254e-05 3.705675e-04 4.008336e-24 4.229873e-11 1.708136e-17 3.400495e-19 3.888176e-16 3.685898e-22 1.992242e-01 2.527359e-20 4.738707e-22 5.007581e-23 1.746803e-09 7.572574e-23 1.913582e-10 1.432962e-18 1.508613e-17 3.216405e-11 6.634187e-21 8.003700e-01 3.805780e-21 4.504546e-09 0.000000e+00 3.436681e-25 0.000000e+00 0.000000e+00 3.134998e-17 1.678671e-17 6.887418e-16 5.018069e-13 1.687647e-10 6.254335e-34 2.116356e-17 9.023956e-15 8.742211e-11 4.797900e-18 9.075141e-08 1.338302e-19 6.137078e-17 4.910119e-15 4.317080e-13 5.965540e-24 1.595850e-20 1.111373e-23 0.000000e+00 6.445650e-14 1.708338e-24 1.095016e-32 4.910211e-28 1.589795e-50 5.699859e-28 2.888567e-31 1.439793e-13 7.741034e-33 3.140156e-13 5.268557e-30 0.000000e+00 8.233249e-11 2.361520e-16 5.697785e-24 1.459955e-25 1.028313e-10 4.216347e-20 5.534276e-13 1.126461e-20 5.620101e-20 7.643701e-32 1.336767e-28 6.335487e-23 3.955095e-23 7.570653e-21 4.126712e-19 3.759538e-22 9.102242e-26 2.829408e-29 0.000000e+00 3.006779e-14 9.646620e-15 1.050572e-39 0.000000e+00 6.077281e-171 1.720899e-13
9.311897e-06 4.248990e-09 2.422021e-06 2.511975e-06 5.770313e-07 1.578816e-05 2.131862e-15 1.054740e-20 1.672919e-16 1.323588e-14 5.341982e-08 1.564573e-30 1.330474e-17 6.189006e-26 4.273941e-26 3.226182e-15 5.867407e-22 3.279640e-17 2.074820e-05 3.650623e-04 3.947481e-24 4.491855e-11 2.147610e-17 2.454041e-19 3.403020e-16 2.940715e-22 1.989839e-01 2.647972e-20 3.290530e-22 3.422130e-23 1.811638e-09 5.907643e-23 2.775354e-10 1.826558e-18 1.879061e-17 2.757852e-11 5.581295e-21 8.006088e-01 4.081067e-21 4.751635e-09 0.000000e+00 7.499283e-26 0.000000e+00 0.000000e+00 3.434155e-17 1.593873e-17 7.858196e-16 4.150026e-13 1.491337e-10 4.293319e-34 2.018726e-17 8.694434e-15 8.730947e-11 4.431954e-18 8.049055e-08 1.005664e-19 4.108222e-17 4.154598e-15 5.024509e-13 0.000000e+00 1.917187e-20 1.209763e-23 0.000000e+00 6.803109e-14 1.582719e-24 6.138201e-33 5.249565e-28 2.788330e-51 7.088515e-28 0.000000e+00 1.382927e-13 7.633079e-33 2.935524e-13 5.087629e-28 0.000000e+00 7.684254e-11 2.277615e-16 5.086330e-24 1.551661e-25 1.007665e-10 3.993953e-20 5.505283e-13 9.093536e-21 5.644129e-20 5.889917e-32 1.376498e-28 6.150798e-23 3.043701e-23 7.751349e-21 4.053475e-19 4.131621e-22 9.237378e-26 2.806092e-29 2.550968e-69 3.155476e-14 1.173468e-14 1.216304e-39 0.000000e+00 5.725688e-173 3.601191e-13
8.085092e-06 4.009774e-09 2.581872e-06 2.267827e-06 8.654368e-07 2.247344e-05 2.149838e-15 1.076717e-20 2.235097e-16 1.124835e-14 4.726261e-08 1.197055e-30 8.309536e-18 4.912616e-26 3.881975e-26 2.054538e-15 3.405106e-22 2.822446e-17 2.489711e-05 3.586906e-04 3.467684e-24 4.411791e-11 2.651861e-17 1.524317e-19 2.810416e-16 2.202845e-22 1.987106e-01 2.653991e-20 1.876939e-22 1.799303e-23 1.661070e-09 4.370295e-23 4.278865e-10 2.177641e-18 2.228188e-17 2.333706e-11 3.956407e-21 8.008775e-01 3.631105e-21 4.863560e-09 0.000000e+00 0.000000e+00 0.000000e+00 0.000000e+00 3.221760e-17 1.435321e-17 8.486174e-16 2.744366e-13 1.315048e-10 1.699358e-34 1.916723e-17 8.256938e-15 8.718671e-11 3.248408e-18 7.910611e-08 6.455706e-20 2.110022e-17 3.084687e-15 5.691327e-13 0.000000e+00 2.415239e-20 1.233790e-23 2.591066e-24 7.618096e-14 1.214984e-24 6.016997e-33 5.729911e-28 6.026990e-51 7.830102e-28 5.816529e-30 1.278030e-13 6.688462e-33 2.719426e-13 6.047797e-30 4.884852e-25 5.836528e-11 2.160306e-16 3.946514e-24 1.542166e-25 9.831795e-11 3.781701e-20 5.474715e-13 5.903824e-21 5.628282e-20 3.287795e-32 1.351184e-28 4.666803e-23 1.546940e-23 7.860723e-21 3.973430e-19 4.473080e-22 9.263272e-26 2.779907e-29 9.215075e-68 3.663633e-14 1.372651e-14 1.182538e-39 0.000000e+00 5.397489e-175 7.443544e-13
7.019914e-06 3.316540e-09 2.708329e-06 2.013034e-06 1.259391e-06 3.701567e-05 1.820294e-15 8.533264e-21 2.812590e-16 8.004883e-15 4.136792e-08 5.955472e-31 3.350759e-18 2.507474e-26 2.500237e-26 9.482471e-16 1.204279e-22 2.398994e-17 2.973221e-05 3.513857e-04 2.572778e-24 3.913458e-11 3.241533e-17 8.074396e-20 2.217152e-16 1.055171e-22 1.983984e-01 2.532545e-20 8.234290e-23 6.909294e-24 1.283551e-09 3.266577e-23 7.813306e-10 2.683173e-18 2.473124e-17 1.953104e-11 2.240673e-21 8.011774e-01 2.647019e-21 4.783600e-09 0.000000e+00 0.000000e+00 0.000000e+00 0.000000e+00 2.438893e-17 1.299797e-17 8.569318e-16 1.365035e-13 1.157700e-10 3.571568e-35 1.749838e-17 7.671813e-15 8.705375e-11 1.767952e-18 9.095033e-08 3.339832e-20 7.906440e-18 1.952487e-15 6.249540e-13 2.867410e-21 3.187763e-20 1.112580e-23 0.000000e+00 9.017492e-14 7.076998e-25 2.783247e-33 6.303744e-28 2.086005e-51 7.828025e-28 0.000000e+00 1.112534e-13 4.502259e-33 2.494072e-13 6.636230e-30 0.000000e+00 3.392032e-11 2.009594e-16 2.563697e-24 1.333725e-25 9.531601e-11 3.579348e-20 5.442041e-13 2.875350e-21 5.582989e-20 1.201932e-32 1.286854e-28 2.933048e-23 4.701978e-24 7.903072e-21 3.886353e-19 4.685184e-22 9.210245e-26 2.750623e-29 0.000000e+00 4.878777e-14 1.544293e-14 9.524862e-40 0.000000e+00 5.081610e-177 1.507178e-12
6.095068e-06 2.470107e-09 2.800655e-06 1.757459e-06 1.749348e-06 6.852739e-05 1.299383e-15 5.669612e-21 3.283791e-16 4.939741e-15 3.583274e-08 2.135628e-31 8.834344e-19 8.344754e-27 1.173105e-26 3.246185e-16 2.701998e-23 2.013727e-17 3.528252e-05 3.431076e-04 1.709909e-24 3.068298e-11 3.945066e-17 3.728499e-20 1.706542e-16 4.024115e-23 1.980388e-01 2.310340e-20 0.000000e+00 1.087516e-23 8.434435e-10 2.626198e-23 2.102187e-09 4.477949e-18 2.511921e-17 1.623303e-11 1.211599e-21 8.015078e-01 1.759962e-21 4.502696e-09 0.000000e+00 0.000000e+00 0.000000e+00 0.000000e+00 1.500777e-17 1.405679e-17 8.011234e-16 5.297068e-14 1.018354e-10 4.593827e-36 1.588021e-17 6.990723e-15 8.691021e-11 7.241325e-19 1.190769e-07 1.380178e-20 2.265809e-18 1.066517e-15 6.619232e-13 0.000000e+00 4.271744e-20 8.632780e-24 5.494741e-24 1.080680e-13 3.068718e-25 7.474317e-34 6.809937e-28 3.768671e-52 8.827308e-28 8.455783e-30 9.062702e-14 2.516820e-33 2.262251e-13 7.469240e-30 1.008444e-24 1.527302e-11 1.833081e-16 1.404834e-24 9.903221e-26 9.155382e-11 3.386684e-20 5.406602e-13 1.120716e-21 5.520547e-20 2.915521e-33 1.214541e-28 1.873061e-23 9.008785e-25 7.895206e-21 3.792086e-19 4.674355e-22 9.114368e-26 2.718015e-29 0.000000e+00 7.261997e-14 1.681954e-14 9.298844e-40 0.000000e+00 4.788906e-179 2.887283e-12
5.292068e-06 1.805697e-09 2.865619e-06 1.511678e-06 2.310326e-06 1.316007e-04 8.376663e-16 3.071277e-21 3.472814e-16 2.869412e-15 3.073218e-08 5.622006e-32 1.912685e-19 2.218511e-27 4.688693e-27 9.659033e-17 4.903445e-24 1.669490e-17 4.156116e-05 3.338355e-04 1.054402e-24 2.210105e-11 4.664616e-17 1.655169e-20 1.300800e-16 1.266672e-23 1.976199e-01 2.042027e-20 0.000000e+00 5.569844e-25 5.091087e-10 2.120880e-23 8.608168e-09 1.108385e-17 2.297590e-17 1.349049e-11 8.677529e-22 8.018662e-01 1.413070e-21 3.977559e-09 8.215730e-22 2.390135e-23 9.055525e-23 7.502004e-20 7.954723e-18 2.096184e-17 6.876367e-16 1.868012e-14 8.960994e-11 4.718446e-37 1.370582e-17 6.200045e-15 8.675533e-11 2.490328e-19 1.678774e-07 4.973552e-21 5.674848e-19 5.433471e-16 6.835018e-13 0.000000e+00 5.519447e-20 5.834538e-24 0.000000e+00 1.237389e-13 1.073189e-25 9.952340e-35 6.960019e-28 3.176752e-53 1.272061e-27 0.000000e+00 7.209246e-14 1.108008e-33 2.027374e-13 7.742966e-30 0.000000e+00 5.847290e-12 1.637177e-16 7.513288e-25 6.284740e-26 8.678173e-11 3.202573e-20 5.367776e-13 4.081464e-22 5.447860e-20 5.715233e-34 1.153678e-28 1.095986e-23 1.345615e-25 7.850100e-21 3.690500e-19 4.423489e-22 8.994384e-26 2.681883e-29 0.000000e+00 1.147030e-13 1.772140e-14 1.175857e-39 0.000000e+00 4.506559e-181 5.195272e-12
4.594859e-06 1.349640e-09 2.912940e-06 1.283615e-06 2.920847e-06 2.505529e-04 5.156014e-16 1.590338e-21 3.291707e-16 1.651527e-15 2.611772e-08 1.347460e-32 3.893439e-20 5.764837e-28 1.755840e-27 2.741117e-17 8.758750e-25 1.367664e-17 4.858251e-05 3.235506e-04 6.686114e-25 1.507132e-11 5.355764e-17 7.345413e-21 9.878890e-17 1.281947e-22 1.971242e-01 1.771851e-20 2.362359e-23 1.206546e-24 2.962323e-10 1.855521e-23 3.879580e-08 2.940325e-17 1.916011e-17 1.132135e-11 1.102186e-21 8.022457e-01 1.652084e-21 3.303194e-09 4.474016e-23 1.500959e-24 4.708461e-24 6.444883e-21 3.826987e-18 3.779770e-17 5.439029e-16 7.025778e-15 7.900312e-11 4.526245e-38 1.180913e-17 5.422886e-15 8.658739e-11 8.008007e-20 2.397088e-07 1.825806e-21 1.380094e-19 2.659031e-16 7.026975e-13 0.000000e+00 6.814143e-20 3.603489e-24 1.740325e-24 1.340897e-13 3.279410e-26 1.133072e-35 6.678246e-28 2.191380e-54 1.859534e-27 2.013775e-30 5.875385e-14 4.575218e-34 1.793205e-13 7.167212e-30 1.258773e-24 2.028526e-12 1.432507e-16 4.209507e-25 3.643613e-26 8.095599e-11 3.023815e-20 5.325047e-13 1.532144e-22 5.366943e-20 1.019461e-34 1.106275e-28 4.196408e-24 1.864347e-26 7.779361e-21 3.581468e-19 3.991391e-22 8.858269e-26 2.642037e-29 5.202101e-70 1.833620e-13 1.819841e-14 1.629389e-39 0.000000e+00 4.247734e-183 8.544548e-12
3.989505e-06 1.050515e-09 2.949925e-06 1.077562e-06 3.569209e-06 4.616941e-04 3.137158e-16 8.049586e-22 2.802835e-16 9.667699e-16 2.200596e-08 0.000000e+00 1.711651e-20 3.156058e-28 6.539075e-28 7.894438e-18 1.941341e-25 1.107448e-17 5.637889e-05 3.122120e-04 4.443414e-25 1.011719e-11 5.974128e-17 3.359231e-21 7.485738e-17 0.000000e+00 1.965260e-01 1.525585e-20 1.176144e-24 4.326667e-26 1.719470e-10 1.669642e-23 1.547059e-07 6.865529e-17 1.515610e-17 9.704599e-12 1.824011e-21 8.026356e-01 2.278723e-21 2.717676e-09 1.667717e-24 8.756124e-26 1.723587e-25 4.203717e-22 1.822764e-18 6.698883e-17 4.029604e-16 3.293105e-15 6.990064e-11 1.192529e-38 1.007203e-17 4.703715e-15 8.640354e-11 2.801711e-20 3.383843e-07 8.021952e-22 3.635683e-20 1.343049e-16 7.387929e-13 7.371516e-21 8.071707e-20 2.114029e-24 2.910050e-28 1.384813e-13 9.396938e-27 1.404801e-36 6.035128e-28 1.632646e-55 2.360238e-27 1.125142e-31 5.121123e-14 1.797588e-34 1.563302e-13 5.915940e-30 2.815197e-30 6.683870e-13 1.229994e-16 2.636354e-25 2.000465e-26 7.418378e-11 2.846721e-20 5.277890e-13 6.169957e-23 5.277859e-20 1.820998e-35 1.069175e-28 1.261726e-24 3.438640e-27 7.694635e-21 3.464701e-19 3.463811e-22 8.708583e-26 2.598223e-29 1.089535e-72 2.902154e-13 1.825316e-14 2.023838e-39 0.000000e+00 4.007927e-185 1.289914e-11
3.463904e-06 8.467977e-10 2.981953e-06 8.953722e-07 4.253202e-06 8.168643e-04 1.925513e-16 4.457086e-22 2.193624e-16 5.818403e-16 1.839393e-08 0.000000e+00 2.796527e-21 6.366713e-29 2.476248e-28 2.366173e-18 6.637294e-26 8.868069e-18 6.498303e-05 2.997802e-04 3.040956e-25 6.800461e-12 6.523403e-17 1.589013e-21 5.661199e-17 2.828262e-22 1.957902e-01 1.313289e-20 6.318993e-25 1.320718e-26 1.011640e-10 1.538360e-23 5.211416e-07 1.370021e-16 1.189504e-17 8.586416e-12 2.963408e-21 8.030191e-01 2.928148e-21 2.282359e-09 1.066487e-24 5.070931e-26 1.082048e-25 1.172490e-22 9.014081e-19 1.061267e-16 2.849036e-16 1.928473e-15 6.219204e-11 9.194269e-38 8.652353e-18 4.084502e-15 8.619992e-11 1.415941e-20 4.636614e-07 4.252084e-22 1.128880e-20 7.147350e-17 8.189251e-13 8.258849e-21 9.284019e-20 1.217096e-24 3.538196e-24 1.381430e-13 2.657707e-27 2.208677e-37 5.201934e-28 1.552027e-56 2.586137e-27 2.875882e-30 4.817527e-14 7.158279e-35 1.341280e-13 4.469116e-30 6.303720e-25 2.153027e-13 1.040707e-16 1.840773e-25 1.081478e-26 6.677203e-11 2.669684e-20 5.225788e-13 2.682980e-23 5.180188e-20 3.398635e-36 1.038561e-28 4.029420e-25 5.167461e-28 7.600604e-21 3.339970e-19 2.915051e-22 8.545249e-26 2.550179e-29 8.922979e-72 4.478333e-13 1.795560e-14 2.268929e-39 0.000000e+00 3.788882e-187 1.801030e-11
3.007548e-06 7.000311e-10 3.012583e-06 7.370481e-07 4.977372e-06 1.383769e-03 1.209913e-16 3.797624e-22 1.627422e-16 3.615421e-16 1.526027e-08 0.000000e+00 1.136025e-21 0.000000e+00 9.662851e-29 7.508705e-19 3.393355e-26 7.025693e-18 7.442183e-05 2.862212e-04 2.161321e-25 4.628122e-12 7.006004e-17 7.782167e-22 4.272176e-17 7.862139e-25 1.948716e-01 1.136327e-20 1.403515e-25 4.329956e-27 6.091636e-11 1.440722e-23 1.502581e-06 2.394053e-16 9.534756e-18 7.883538e-12 4.417894e-21 8.033731e-01 3.317670e-21 1.957610e-09 6.199868e-26 9.633758e-27 7.322948e-27 3.758194e-23 4.690108e-19 1.458864e-16 1.952629e-16 1.295835e-15 5.575614e-11 1.058211e-36 7.514045e-18 3.569318e-15 8.597171e-11 1.791381e-20 6.116988e-07 2.506339e-22 4.225055e-21 3.970511e-17 9.724128e-13 0.000000e+00 1.047203e-19 7.023070e-25 3.837966e-29 1.345931e-13 7.723641e-28 5.144417e-38 4.336090e-28 2.225608e-57 2.538450e-27 3.466063e-32 4.806044e-14 2.946636e-35 1.130544e-13 3.195764e-30 9.204392e-31 6.920707e-14 8.728369e-17 1.392924e-25 5.889789e-27 5.944732e-11 2.491740e-20 5.168175e-13 1.251991e-23 5.073340e-20 6.805773e-37 1.011593e-28 1.459354e-25 1.016571e-28 7.498047e-21 3.207061e-19 2.395136e-22 8.367474e-26 2.497604e-29 4.150514e-74 6.685604e-13 1.737119e-14 2.350699e-39 0.000000e+00 3.588359e-189 2.301856e-11
2.611316e-06 5.887388e-10 3.044215e-06 6.015671e-07 5.750138e-06 2.243493e-03 7.912241e-17 7.920927e-22 1.176462e-16 2.321425e-16 1.257411e-08 2.741359e-27 5.807247e-22 2.237223e-29 3.943387e-29 2.571399e-19 2.101697e-26 5.510406e-18 8.469328e-05 2.715363e-04 1.452516e-25 3.218940e-12 7.420779e-17 3.952224e-22 3.216884e-17 2.148109e-24 1.937175e-01 9.922476e-21 9.146334e-26 1.528872e-27 3.776442e-11 1.364481e-23 3.791539e-06 3.771764e-16 7.896321e-18 7.495485e-12 6.065445e-21 8.036688e-01 3.381087e-21 1.704311e-09 0.000000e+00 0.000000e+00 0.000000e+00 3.474791e-24 2.580464e-19 1.723886e-16 1.314719e-16 9.313161e-16 5.046339e-11 1.510322e-37 6.549419e-18 3.143454e-15 8.571348e-11 6.959014e-20 7.760764e-07 1.605227e-22 1.831163e-21 2.275120e-17 1.227240e-12 1.444999e-20 1.166938e-19 4.117406e-25 3.270953e-34 1.291577e-13 2.387281e-28 2.476581e-38 3.542289e-28 6.792780e-58 2.314409e-27 1.758008e-32 4.948286e-14 1.237202e-35 9.343784e-14 2.228398e-30 9.386303e-36 2.260133e-14 7.301111e-17 1.106093e-25 3.264811e-27 5.285788e-11 2.312188e-20 5.104487e-13 6.209462e-24 4.956770e-20 1.490485e-37 9.863800e-29 5.911901e-26 2.751238e-29 7.386710e-21 3.065959e-19 1.931223e-22 8.174478e-26 2.440229e-29 9.113757e-75 9.634665e-13 1.656382e-14 2.258904e-39 0.000000e+00 3.402221e-191 2.706215e-11
2.267286e-06 4.992100e-10 3.079108e-06 4.872395e-07 6.583703e-06 3.487478e-03 5.613482e-17 2.671948e-21 8.456072e-17 1.539453e-16 1.029755e-08 1.717955e-23 3.457684e-22 3.226378e-26 1.747126e-29 9.876571e-20 1.392453e-26 4.282076e-18 9.575525e-05 2.557737e-04 1.175806e-25 2.283109e-12 7.777574e-17 2.067683e-22 2.417245e-17 2.363344e-25 1.922696e-01 8.770592e-21 6.791273e-26 5.783252e-28 2.413511e-11 1.302028e-23 8.545077e-06 5.477935e-16 6.812912e-18 7.318145e-12 7.773659e-21 8.038717e-01 3.152118e-21 1.509291e-09 1.067515e-23 3.449450e-25 1.006400e-24 0.000000e+00 1.519525e-19 1.767121e-16 8.809522e-17 6.959356e-16 4.616981e-11 3.670583e-37 5.794717e-18 2.807895e-15 8.541924e-11 7.446262e-21 9.423846e-07 1.042875e-22 8.674380e-22 1.331290e-17 1.609619e-12 9.593583e-21 1.293928e-19 2.478783e-25 2.284045e-35 1.229835e-13 8.012828e-29 2.473595e-38 2.871125e-28 4.432193e-58 2.018080e-27 1.041771e-32 5.124868e-14 5.458249e-36 7.556529e-14 1.551254e-30 3.372139e-36 7.598859e-15 6.116279e-17 8.869902e-26 1.870658e-27 4.723614e-11 2.130454e-20 5.034166e-13 3.246566e-24 4.829991e-20 3.577319e-38 9.616369e-29 2.635889e-26 1.012495e-29 7.266081e-21 2.916835e-19 1.534129e-22 7.965572e-26 2.377818e-29 2.337650e-75 1.335676e-12 1.561904e-14 2.097998e-39 0.000000e+00 3.230214e-193 2.979469e-11
1.968580e-06 4.232978e-10 3.119549e-06 3.918726e-07 7.494242e-06 5.213442e-03 4.844639e-17 9.656242e-21 6.118149e-17 1.052763e-16 8.386206e-09 4.097950e-28 2.233927e-22 1.176143e-29 9.352881e-30 4.727158e-20 1.053651e-26 3.298722e-18 1.075305e-04 2.390194e-04 8.999447e-26 1.636954e-12 8.089983e-17 1.103096e-22 1.812430e-17 1.367976e-25 1.904660e-01 7.866433e-21 5.427526e-26 8.648587e-27 1.588154e-11 1.248279e-23 1.752627e-05 7.466764e-16 6.354300e-18 7.257113e-12 9.429794e-21 8.039444e-01 2.713669e-21 1.368132e-09 1.386467e-23 5.930306e-25 1.292747e-24 0.000000e+00 9.717985e-20 1.617685e-16 5.952952e-17 5.378992e-16 4.271444e-11 0.000000e+00 5.310626e-18 2.562808e-15 8.508237e-11 4.911478e-21 1.088633e-06 6.870145e-23 4.304261e-22 7.896179e-18 2.145229e-12 0.000000e+00 1.436751e-19 1.545137e-25 6.149731e-35 1.169189e-13 2.936286e-29 3.520881e-38 2.329189e-28 4.224667e-58 1.723898e-27 6.614407e-33 5.247340e-14 2.659176e-36 5.964598e-14 1.421018e-30 7.735417e-36 2.648223e-15 5.133896e-17 6.954277e-26 1.126683e-27 4.256661e-11 1.945838e-20 4.956587e-13 1.778027e-24 4.692476e-20 9.337847e-39 9.365046e-29 1.274008e-26 4.738225e-30 7.135480e-21 2.759916e-19 1.204235e-22 7.739989e-26 2.310112e-29 7.957549e-76 1.775312e-12 1.461476e-14 1.998924e-39 0.000000e+00 3.072899e-195 3.118058e-11
1.709227e-06 3.590807e-10 3.166785e-06 3.131575e-07 8.497935e-06 7.516034e-03 5.955983e-17 3.232275e-20 4.476645e-17 7.396553e-17 6.795415e-09 3.677734e-24 2.096548e-22 0.000000e+00 7.131300e-30 3.316628e-20 6.722675e-27 2.520709e-18 1.198828e-04 2.214308e-04 3.438909e-26 1.194918e-12 8.348529e-17 6.015210e-23 1.355926e-17 1.178245e-25 1.882485e-01 7.176415e-21 0.000000e+00 9.876298e-29 1.076090e-11 1.199730e-23 3.325073e-05 9.714568e-16 7.116002e-18 7.236336e-12 1.098606e-20 8.038477e-01 2.222592e-21 1.257564e-09 0.000000e+00 0.000000e+00 0.000000e+00 0.000000e+00 6.740527e-20 1.371199e-16 4.114381e-17 4.234236e-16 3.992946e-11 0.000000e+00 4.932611e-18 2.380219e-15 8.469634e-11 4.670642e-21 1.206892e-06 4.754796e-23 2.189645e-22 4.733510e-18 2.858798e-12 0.000000e+00 1.600225e-19 9.969780e-26 3.200790e-35 1.112590e-13 1.182118e-29 1.231156e-37 1.902147e-28 1.329450e-57 1.461766e-27 4.222104e-33 5.284606e-14 1.348937e-36 4.582659e-14 7.983184e-28 5.881655e-37 9.655875e-16 4.306992e-17 5.350202e-26 7.066126e-28 3.868154e-11 1.757773e-20 4.871182e-13 1.011912e-24 4.543859e-20 2.665408e-39 9.104594e-29 6.567874e-27 5.383136e-31 6.994318e-21 2.595720e-19 9.358691e-23 7.497222e-26 2.236932e-29 3.098591e-76 2.278625e-12 1.357981e-14 1.885587e-39 0.000000e+00 2.923635e-197 3.139382e-11
1.484044e-06 3.039658e-10 3.222556e-06 2.488739e-07 9.613989e-06 1.048378e-02 1.020503e-16 9.994122e-20 3.322373e-17 5.326257e-17 5.483235e-09 0.000000e+00 1.060371e-22 7.017076e-30 7.605242e-30 3.324717e-20 4.518768e-27 1.912415e-18 1.326093e-04 2.032469e-04 5.806587e-26 8.854065e-13 8.562163e-17 3.341583e-23 1.012499e-17 0.000000e+00 1.855655e-01 6.670779e-21 3.394142e-26 4.414724e-29 7.491490e-12 1.154019e-23 5.905580e-05 1.218752e-15 1.076290e-17 7.201208e-12 1.240207e-20 8.035415e-01 1.753475e-21 1.172262e-09 0.000000e+00 0.000000e+00 0.000000e+00 0.000000e+00 5.076207e-20 1.111972e-16 2.955815e-17 3.388904e-16 3.765125e-11 0.000000e+00 4.657678e-18 2.248097e-15 8.425493e-11 3.936812e-21 1.285306e-06 3.438466e-23 1.129491e-22 2.858810e-18 3.769552e-12 3.638471e-20 1.791729e-19 6.664345e-26 5.135489e-30 1.062068e-13 5.199463e-30 0.000000e+00 1.568862e-28 5.241548e-55 1.242225e-27 3.608554e-33 5.216700e-14 7.152986e-37 3.417858e-14 1.352243e-24 9.148611e-32 3.703887e-16 3.596734e-17 4.011859e-26 4.624665e-28 3.542991e-11 1.565994e-20 4.777517e-13 5.954071e-25 4.384093e-20 8.264827e-40 8.831667e-29 3.572770e-27 4.270899e-30 6.842250e-21 2.425203e-19 7.211336e-23 7.237273e-26 2.158255e-29 1.414611e-76 2.832964e-12 1.256194e-14 1.789101e-39 0.000000e+00 2.781037e-199 3.059104e-11
1.288527e-06 2.562605e-10 3.288655e-06 1.968645e-07 1.086437e-05 1.419713e-02 2.008702e-16 2.893092e-19 2.503271e-17 3.921709e-17 4.409344e-09 4.164904e-32 5.001412e-23 3.266289e-30 9.395315e-30 3.911871e-20 3.154119e-27 1.441791e-18 1.454650e-04 1.847581e-04 3.644023e-26 6.634516e-13 8.741832e-17 1.882506e-23 7.549093e-18 1.430782e-24 1.823734e-01 6.321696e-21 2.506321e-26 2.063413e-29 5.343589e-12 1.109496e-23 9.917048e-05 1.485417e-15 2.100031e-17 7.117958e-12 1.365627e-20 8.029844e-01 1.341123e-21 1.108440e-09 0.000000e+00 0.000000e+00 0.000000e+00 0.000000e+00 4.122821e-20 8.828519e-17 2.240679e-17 2.756876e-16 3.572369e-11 0.000000e+00 4.489451e-18 2.159188e-15 8.375210e-11 3.243388e-21 1.316311e-06 2.097943e-23 5.870996e-23 1.734580e-18 4.888117e-12 0.000000e+00 2.019341e-19 4.611797e-26 1.630298e-24 1.018111e-13 2.470033e-30 1.531281e-37 1.307881e-28 7.779309e-58 1.064114e-27 4.563907e-31 5.040617e-14 3.986697e-37 2.467263e-14 6.920998e-28 1.839409e-25 1.495237e-16 2.977232e-17 2.919013e-26 3.161669e-28 3.266581e-11 1.370322e-20 4.675242e-13 3.605888e-25 4.213338e-20 2.759131e-40 8.544123e-29 2.032368e-27 6.860360e-30 6.679075e-21 2.249596e-19 5.514941e-23 6.960469e-26 2.074162e-29 3.513296e-76 3.427215e-12 1.159584e-14 1.734960e-39 0.000000e+00 2.643895e-201 2.892768e-11
1.118769e-06 2.151627e-10 3.366662e-06 1.551324e-07 1.227278e-05 1.872398e-02 3.968290e-16 7.800761e-19 1.913971e-17 2.945173e-17 3.536577e-09 1.657272e-31 0.000000e+00 0.000000e+00 1.180584e-29 4.714834e-20 2.223354e-27 1.081106e-18 1.581713e-04 1.662974e-04 7.958927e-26 5.029104e-13 8.894855e-17 1.074899e-23 5.622477e-18 0.000000e+00 1.786403e-01 6.102781e-21 0.000000e+00 1.002952e-29 3.895828e-12 1.065054e-23 1.587428e-04 1.769590e-15 4.494200e-17 6.970521e-12 1.474994e-20 8.021354e-01 1.003744e-21 1.059352e-09 0.000000e+00 0.000000e+00 0.000000e+00 0.000000e+00 3.559878e-20 6.960082e-17 1.808025e-17 2.269968e-16 3.400536e-11 0.000000e+00 4.392789e-18 2.103024e-15 8.318223e-11 2.623178e-21 1.301910e-06 2.410106e-23 3.064446e-23 1.055194e-18 6.211716e-12 2.713255e-19 2.290054e-19 3.293448e-26 4.759238e-24 9.796645e-14 1.254542e-30 2.071012e-37 1.101815e-28 6.749650e-58 9.205432e-28 1.143602e-30 4.770317e-14 2.290759e-37 1.718641e-14 6.212678e-31 8.040422e-25 6.343657e-17 2.434656e-17 2.066927e-26 2.245177e-28 3.024016e-11 1.170754e-20 4.564141e-13 2.237652e-25 4.032048e-20 9.862590e-41 8.240881e-29 1.199262e-27 9.754841e-30 6.504817e-21 2.070458e-19 4.188088e-23 6.667592e-26 1.984877e-29 1.593522e-75 4.067323e-12 1.069883e-14 1.707642e-39 0.000000e+00 2.509814e-203 2.658153e-11
9.713753e-07 1.798157e-10 3.458400e-06 1.218917e-07 1.386612e-05 2.411715e-02 7.485160e-16 1.972414e-18 1.484466e-17 2.252199e-17 2.831682e-09 5.930204e-31 6.258631e-23 2.712115e-30 1.441831e-29 5.528379e-20 1.589265e-27 8.070314e-19 1.704358e-04 1.482177e-04 3.391071e-26 3.851327e-13 9.033683e-17 6.212639e-24 4.185398e-18 0.000000e+00 1.743482e-01 5.988133e-21 3.004783e-26 5.045870e-30 2.895770e-12 1.019998e-23 2.437787e-04 2.069271e-15 9.459565e-17 6.756375e-12 1.568861e-20 8.009535e-01 7.403650e-22 1.021606e-09 3.163782e-23 9.814219e-25 2.862330e-24 8.546502e-20 3.220117e-20 5.494338e-17 1.550659e-17 1.888306e-16 3.237697e-11 0.000000e+00 4.362037e-18 2.070305e-15 8.254028e-11 2.099014e-21 1.246441e-06 2.212158e-23 1.602186e-23 6.421833e-19 7.719036e-12 4.099727e-19 2.611807e-19 2.417449e-26 2.507348e-25 9.453764e-14 6.599643e-31 3.292798e-37 9.378716e-29 8.248466e-58 8.039168e-28 0.000000e+00 4.423956e-14 1.349362e-37 1.151711e-14 2.610566e-31 0.000000e+00 2.818554e-17 1.962728e-17 1.424779e-26 1.650728e-28 2.800996e-11 9.675177e-21 4.444170e-13 1.418148e-25 3.841022e-20 3.742421e-41 7.921736e-29 7.295014e-28 2.249821e-29 6.319773e-21 1.889664e-19 3.158985e-23 6.359956e-26 1.890795e-29 3.567721e-77 4.777019e-12 9.884334e-15 1.711962e-39 0.000000e+00 2.377598e-205 2.375225e-11
8.434005e-07 1.497912e-10 3.565447e-06 9.558425e-08 1.567248e-05 3.041006e-02 1.329828e-15 4.595360e-18 1.166819e-17 1.750572e-17 2.265506e-09 1.873639e-30 1.050140e-22 6.856369e-30 1.695726e-29 6.223597e-20 1.150072e-27 6.003725e-19 1.819715e-04 1.308696e-04 2.897254e-26 2.990655e-13 9.164722e-17 3.644910e-24 3.116171e-18 3.101798e-22 1.694968e-01 5.952768e-21 3.587848e-26 2.622993e-30 2.190496e-12 9.739518e-24 3.610054e-04 2.383798e-15 1.879343e-16 6.482140e-12 1.649202e-20 7.993988e-01 5.448081e-22 9.883556e-10 0.000000e+00 0.000000e+00 0.000000e+00 6.624328e-21 3.008044e-20 4.362980e-17 1.396782e-17 1.576627e-16 3.074570e-11 0.000000e+00 4.345176e-18 2.047832e-15 8.182213e-11 1.663921e-21 1.161987e-06 1.245450e-23 8.380082e-24 3.905148e-19 9.367413e-12 1.634115e-19 2.990696e-19 1.816485e-26 0.000000e+00 9.133230e-14 8.097783e-32 5.036293e-37 8.104364e-29 9.926906e-58 7.078269e-28 0.000000e+00 4.028287e-14 7.873789e-38 7.403661e-15 2.077963e-31 0.000000e+00 1.309952e-17 1.558343e-17 9.635297e-27 1.244313e-28 2.583665e-11 7.611214e-21 4.315502e-13 9.145969e-26 3.641446e-20 1.505205e-41 7.587337e-29 4.577669e-28 3.626152e-29 6.124562e-21 1.709376e-19 2.366464e-23 6.039469e-26 1.792500e-29 5.771828e-78 5.621587e-12 9.153296e-15 1.708953e-39 0.000000e+00 2.245031e-207 2.067645e-11
7.322859e-07 1.246300e-10 3.689384e-06 7.488740e-08 1.772137e-05 3.761323e-02 2.222388e-15 9.635700e-18 9.287295e-18 1.381042e-17 1.813111e-09 5.048982e-30 0.000000e+00 6.041767e-29 1.933315e-29 6.737557e-20 8.387559e-28 4.456681e-19 1.925228e-04 1.145711e-04 2.459698e-26 2.367378e-13 9.293149e-17 2.179920e-24 2.322723e-18 8.780337e-22 1.641058e-01 5.972724e-21 0.000000e+00 1.408470e-30 1.683905e-12 9.268102e-24 5.175134e-04 2.712739e-15 3.488563e-16 6.160223e-12 1.718198e-20 7.974338e-01 4.047268e-22 9.528995e-10 0.000000e+00 0.000000e+00 0.000000e+00 0.000000e+00 2.870853e-20 3.494486e-17 1.299795e-17 1.311414e-16 2.905187e-11 1.067370e-43 4.280234e-18 2.025998e-15 8.102489e-11 1.307507e-21 1.061854e-06 9.806722e-25 4.382965e-24 2.371181e-19 1.109273e-11 0.000000e+00 3.431530e-19 1.389874e-26 1.573807e-24 8.816947e-14 0.000000e+00 7.061401e-37 7.262741e-29 1.123731e-57 6.261874e-28 0.000000e+00 3.608719e-14 4.369453e-38 4.554719e-15 1.678259e-31 2.464306e-25 6.373547e-18 1.218592e-17 6.452623e-27 9.508544e-29 2.363343e-11 5.524525e-21 4.178587e-13 5.981816e-26 3.434948e-20 6.411901e-42 7.239179e-29 2.917984e-28 8.185028e-29 5.920205e-21 1.532003e-19 1.760314e-23 5.708729e-26 1.690796e-29 0.000000e+00 6.711429e-12 8.502971e-15 1.648471e-39 0.000000e+00 2.110403e-209 1.753725e-11
6.358102e-07 1.033289e-10 3.833081e-06 5.868320e-08 2.005085e-05 4.572053e-02 3.508873e-15 1.884027e-17 7.491504e-18 1.106295e-17 1.453146e-09 1.225715e-29 8.270246e-23 6.805649e-29 2.148194e-29 7.017702e-20 6.230080e-28 3.305254e-19 2.019072e-04 9.955599e-05 2.095527e-26 1.899925e-13 9.441433e-17 1.324989e-24 1.735051e-18 7.017987e-22 1.582109e-01 6.025002e-21 0.000000e+00 7.775945e-31 1.312210e-12 8.786447e-24 7.204079e-04 3.051721e-15 6.056576e-16 5.806071e-12 1.775595e-20 7.950218e-01 3.027643e-22 9.189188e-10 0.000000e+00 0.000000e+00 0.000000e+00 0.000000e+00 2.781800e-20 2.829432e-17 1.233431e-17 1.091468e-16 2.727239e-11 9.651085e-44 4.223492e-18 2.009869e-15 8.014647e-11 1.027242e-21 9.485524e-07 2.792671e-26 2.288392e-24 1.434441e-19 1.281631e-11 0.000000e+00 3.946137e-19 1.081488e-26 1.673246e-24 8.500774e-14 0.000000e+00 9.531155e-37 7.659627e-29 1.276268e-57 5.565810e-28 0.000000e+00 3.176906e-14 2.374391e-38 2.675497e-15 1.375890e-31 2.745382e-25 3.226469e-18 9.393494e-18 4.245316e-27 7.399805e-29 2.137414e-11 3.425736e-21 4.034056e-13 3.966027e-26 3.223403e-20 2.865573e-42 6.879250e-29 1.893818e-28 2.152731e-28 5.707948e-21 1.359914e-19 1.300223e-23 5.370690e-26 1.586607e-29 9.131781e-77 8.182645e-12 7.940096e-15 1.583768e-39 0.000000e+00 1.975614e-211 1.446460e-11
5.520448e-07 8.528427e-11 3.999585e-06 4.603564e-08 2.270353e-05 5.471088e-02 5.261829e-15 3.496943e-17 6.125106e-18 8.997819e-18 1.167448e-09 2.723260e-29 4.863600e-23 0.000000e+00 2.341909e-29 7.056991e-20 4.739565e-28 2.451542e-19 2.100191e-04 8.596403e-05 1.798752e-26 1.542329e-13 9.625528e-17 8.182491e-25 1.299976e-18 8.700953e-22 1.518607e-01 6.089645e-21 0.000000e+00 4.400295e-31 1.034523e-12 8.296336e-24 9.767334e-04 3.397449e-15 9.884278e-16 5.435195e-12 1.822328e-20 7.921281e-01 2.275443e-22 8.869816e-10 0.000000e+00 0.000000e+00 0.000000e+00 0.000000e+00 2.722556e-20 2.318700e-17 1.183045e-17 9.098460e-17 2.541165e-11 2.264208e-42 4.194840e-18 2.005291e-15 7.918527e-11 8.120128e-22 8.282128e-07 3.232165e-24 1.190702e-24 8.631540e-20 1.445711e-11 0.000000e+00 4.546355e-19 8.540040e-27 4.253434e-25 8.178662e-14 0.000000e+00 1.264020e-36 5.484199e-29 1.398968e-57 4.966428e-28 0.000000e+00 2.746948e-14 1.274145e-38 1.497104e-15 1.144581e-31 3.359363e-26 1.687552e-18 7.154772e-18 2.735466e-27 5.864958e-29 1.906446e-11 1.325716e-21 3.882638e-13 2.664194e-26 3.008765e-20 1.333842e-42 6.509838e-29 0.000000e+00 2.013616e-28 5.489026e-21 1.195250e-19 9.534991e-24 5.028372e-26 1.480898e-29 2.451252e-77 1.024112e-11 7.461780e-15 1.533960e-39 0.000000e+00 1.841350e-213 1.156292e-11
4.793151e-07 7.010146e-11 4.192117e-06 3.618417e-08 2.572610e-05 6.454494e-02 7.535375e-15 6.170308e-17 5.075071e-18 7.427506e-18 9.410241e-10 5.570382e-29 4.828617e-23 3.529511e-29 2.520046e-29 6.889320e-20 3.692806e-28 1.820183e-19 2.168175e-04 7.385671e-05 1.551791e-26 1.267626e-13 9.856140e-17 5.145997e-25 9.777239e-19 2.310979e-22 1.451197e-01 6.150477e-21 0.000000e+00 2.549111e-31 8.239995e-13 7.800488e-24 1.293237e-03 3.748243e-15 1.526236e-15 5.061723e-12 1.860380e-20 7.887207e-01 1.719990e-22 8.554008e-10 1.230235e-23 3.825729e-25 1.115901e-24 2.534087e-20 2.681841e-20 1.924387e-17 1.140984e-17 7.581342e-17 2.349433e-11 5.323321e-42 4.182101e-18 2.016994e-15 7.814061e-11 6.476882e-22 7.084664e-07 2.797957e-24 6.168572e-25 5.162424e-20 1.594151e-11 2.356019e-20 5.242640e-19 6.826909e-27 0.000000e+00 7.843624e-14 1.791220e-32 1.637295e-36 4.074854e-29 1.510609e-57 4.443496e-28 0.000000e+00 2.333800e-14 6.680579e-39 7.962865e-16 9.651034e-32 0.000000e+00 9.078238e-19 5.419414e-18 1.729383e-27 4.715456e-29 1.673125e-11 0.000000e+00 3.725214e-13 1.812231e-26 2.793109e-20 6.451027e-43 6.133610e-29 0.000000e+00 2.003853e-28 5.264645e-21 1.039908e-19 6.940706e-24 4.684909e-26 1.374690e-29 0.000000e+00 1.317401e-11 7.060507e-15 1.490432e-39 0.000000e+00 1.707621e-215 8.922445e-12
4.161673e-07 5.738550e-11 4.414576e-06 2.852073e-08 2.917234e-05 7.516672e-02 1.036905e-14 1.042882e-16 4.261851e-18 6.222781e-18 7.617033e-10 1.062588e-28 1.242735e-22 1.539084e-29 2.691142e-29 6.566974e-20 2.947852e-28 1.353975e-19 2.223186e-04 6.322498e-05 1.345514e-26 1.054815e-13 1.014635e-16 3.302649e-25 7.387574e-19 0.000000e+00 1.380659e-01 6.194834e-21 1.387165e-23 1.509801e-31 6.622434e-13 7.302315e-24 1.676134e-03 4.102428e-15 2.245873e-15 4.697757e-12 1.891603e-20 7.847715e-01 1.307957e-22 8.237055e-10 0.000000e+00 0.000000e+00 0.000000e+00 3.567049e-20 2.653418e-20 1.618458e-17 1.105041e-17 6.310562e-17 2.155911e-11 2.183485e-41 4.185256e-18 2.053609e-15 7.701283e-11 5.224236e-22 5.944799e-07 1.894419e-24 3.179798e-25 3.066821e-20 1.721132e-11 6.292865e-21 6.047115e-19 5.628955e-27 1.767668e-25 7.492143e-14 0.000000e+00 2.080624e-36 2.992633e-30 1.641155e-57 4.064749e-28 0.000000e+00 1.948420e-14 3.412031e-39 4.018328e-16 8.243688e-32 2.983727e-26 5.002471e-19 4.149747e-18 1.072809e-27 3.837901e-29 1.442093e-11 0.000000e+00 3.562803e-13 1.248982e-26 2.578573e-20 3.265793e-43 5.753542e-29 0.000000e+00 4.808384e-28 5.036084e-21 8.954718e-20 5.014270e-24 4.342994e-26 1.269038e-29 1.055896e-77 1.735522e-11 6.730494e-15 1.454404e-39 0.000000e+00 1.574975e-217 6.607615e-12
3.613389e-07 4.670978e-11 4.672134e-06 2.256204e-08 3.310836e-05 8.651008e-02 1.381257e-14 1.741016e-16 3.629854e-18 5.295153e-18 6.196546e-10 1.962374e-28 2.774419e-22 2.521184e-29 2.858433e-29 6.141304e-20 2.422847e-28 1.009798e-19 2.265857e-04 5.399925e-05 1.183043e-26 8.850149e-14 1.051841e-16 2.163452e-25 5.611724e-19 0.000000e+00 1.307850e-01 6.213372e-21 0.000000e+00 9.116670e-32 5.362277e-13 6.805508e-24 2.131122e-03 4.456689e-15 3.174857e-15 4.352978e-12 1.916944e-20 7.802549e-01 9.978327e-23 7.945107e-10 0.000000e+00 0.000000e+00 0.000000e+00 0.000000e+00 2.633575e-20 1.380426e-17 1.077079e-17 5.266941e-17 1.965083e-11 8.716522e-41 4.248159e-18 2.130581e-15 7.580293e-11 4.273487e-22 4.881512e-07 2.612243e-24 1.629422e-25 1.807307e-20 1.822878e-11 7.450275e-20 6.976604e-19 4.495964e-27 7.141413e-26 7.124272e-14 2.354345e-32 2.704873e-36 0.000000e+00 1.866589e-57 3.577242e-28 0.000000e+00 1.597055e-14 1.738587e-39 1.920333e-16 7.137275e-32 1.273615e-26 2.806816e-19 3.334902e-18 6.489034e-28 3.174462e-29 1.219029e-11 0.000000e+00 3.396496e-13 8.754074e-27 2.367219e-20 1.663564e-43 5.372689e-29 3.815958e-29 7.210686e-28 4.804216e-21 7.630961e-20 3.595152e-24 4.005647e-26 1.164958e-29 7.958341e-78 2.327254e-11 6.470375e-15 1.460734e-39 0.000000e+00 1.444880e-219 4.651993e-12
3.137339e-07 3.788606e-11 4.969522e-06 1.792820e-08 3.760088e-05 9.849828e-02 1.793933e-14 2.821837e-16 3.133814e-18 4.573456e-18 5.070373e-10 3.469548e-28 1.031118e-23 0.000000e+00 3.036180e-29 5.688914e-20 2.032210e-28 7.555387e-20 2.297080e-04 4.607510e-05 1.045075e-26 7.524070e-14 1.097933e-16 1.454335e-25 4.288210e-19 1.137110e-26 1.233703e-01 6.200345e-21 0.000000e+00 5.619776e-32 4.372726e-13 6.313952e-24 2.663351e-03 4.812663e-15 4.349186e-15 4.034578e-12 1.939394e-20 7.751493e-01 7.657231e-23 7.642915e-10 0.000000e+00 0.000000e+00 0.000000e+00 1.108781e-20 2.620862e-20 1.194147e-17 1.060155e-17 4.385439e-17 1.781296e-11 3.273702e-40 4.321607e-18 2.266633e-15 7.451286e-11 3.536675e-22 3.943412e-07 1.472712e-25 8.303528e-26 1.057528e-20 1.897672e-11 3.991927e-21 8.040744e-19 3.689539e-27 0.000000e+00 6.738625e-14 1.950635e-32 3.470344e-36 0.000000e+00 2.086546e-57 3.212539e-28 0.000000e+00 1.286760e-14 8.547611e-40 8.679104e-17 6.253132e-32 2.145657e-26 1.601781e-19 3.010858e-18 3.855972e-28 2.646475e-29 1.009085e-11 0.000000e+00 3.227464e-13 6.247712e-27 2.161026e-20 8.821008e-44 4.994187e-29 0.000000e+00 1.122578e-27 4.570212e-21 6.435267e-20 2.557740e-24 3.675838e-26 1.063425e-29 1.013448e-77 3.154608e-11 6.271213e-15 1.471035e-39 0.000000e+00 1.316999e-221 3.080172e-12
2.724008e-07 3.053885e-11 5.314237e-06 1.432297e-08 4.274145e-05 1.110518e-01 2.293972e-14 4.669201e-16 2.746072e-18 4.015379e-18 4.176538e-10 6.232445e-28 0.000000e+00 0.000000e+00 3.235048e-29 5.248661e-20 1.752444e-28 5.673992e-20 2.317964e-04 3.931855e-05 9.431612e-27 6.435320e-14 1.156495e-16 1.002665e-25 3.298397e-19 0.000000e+00 1.159154e-01 6.152122e-21 3.902086e-23 3.523264e-32 3.585603e-13 5.831441e-24 3.277430e-03 5.165605e-15 5.830519e-15 3.747885e-12 1.958894e-20 7.694359e-01 5.884159e-23 7.381658e-10 0.000000e+00 0.000000e+00 0.000000e+00 2.735473e-21 2.613703e-20 1.048823e-17 1.061030e-17 3.670908e-17 1.608539e-11 1.146124e-39 4.488505e-18 2.497586e-15 7.314519e-11 2.968305e-22 3.117299e-07 0.000000e+00 4.206327e-26 6.137498e-21 1.945483e-11 0.000000e+00 9.261595e-19 3.117165e-27 0.000000e+00 6.339633e-14 3.270896e-32 4.727919e-36 0.000000e+00 2.466486e-57 0.000000e+00 0.000000e+00 1.017586e-14 4.244845e-40 3.704432e-17 5.552358e-32 0.000000e+00 9.239255e-20 3.283654e-18 2.226058e-28 2.243590e-29 8.172921e-12 0.000000e+00 3.056895e-13 4.588102e-27 1.961781e-20 0.000000e+00 4.621063e-29 0.000000e+00 1.677372e-27 4.335339e-21 5.370620e-20 1.805839e-24 3.356107e-26 9.653186e-30 0.000000e+00 4.300782e-11 6.137164e-15 1.550603e-39 0.000000e+00 1.193445e-223 1.879035e-12
2.365131e-07 2.453916e-11 5.712601e-06 1.151566e-08 4.861694e-05 1.240893e-01 2.910570e-14 7.681900e-16 2.440517e-18 3.580838e-18 3.466155e-10 1.115156e-27 0.000000e+00 9.760724e-30 3.483562e-29 4.878409e-20 1.536250e-28 4.278307e-20 2.329643e-04 3.358903e-05 8.594627e-27 5.575230e-14 1.228533e-16 7.130151e-26 2.555113e-19 2.013167e-26 1.085131e-01 6.067577e-21 0.000000e+00 2.252357e-32 2.956761e-13 5.361574e-24 3.977642e-03 5.519112e-15 7.720189e-15 3.496377e-12 1.978536e-20 7.630988e-01 4.531195e-23 7.119054e-10 1.833535e-23 5.885391e-25 1.736715e-24 7.078089e-22 2.612780e-20 9.353014e-18 1.086967e-17 3.069397e-17 1.449893e-11 3.721239e-39 4.683320e-18 2.870889e-15 7.170319e-11 2.521734e-22 2.427865e-07 0.000000e+00 2.120412e-26 3.539810e-21 1.967554e-11 0.000000e+00 1.065302e-18 2.566769e-27 2.196750e-23 5.931517e-14 3.361467e-31 6.504916e-36 0.000000e+00 0.000000e+00 2.633181e-28 1.500038e-28 7.906231e-15 2.036698e-40 1.492035e-17 4.989923e-32 3.831752e-24 5.380033e-20 4.355519e-18 1.260704e-28 1.915216e-29 6.470261e-12 0.000000e+00 2.885984e-13 3.479855e-27 1.771051e-20 2.687683e-44 4.256191e-29 0.000000e+00 2.910001e-27 4.100913e-21 4.436068e-20 1.265160e-24 3.048566e-26 8.714122e-30 3.032201e-76 5.869450e-11 6.060973e-15 1.649386e-39 0.000000e+00 1.073739e-225 1.028631e-12
2.053534e-07 1.950506e-11 6.177401e-06 9.327544e-09 5.537492e-05 1.375383e-01 3.701866e-14 1.415613e-15 2.207122e-18 3.256419e-18 2.900875e-10 2.261543e-27 2.399898e-23 1.183668e-29 3.790367e-29 4.562254e-20 1.399560e-28 3.239014e-20 2.333287e-04 2.873820e-05 8.283774e-27 4.796796e-14 1.322429e-16 5.208118e-26 1.994383e-19 2.092079e-26 1.012464e-01 5.946114e-21 0.000000e+00 1.455168e-32 2.445380e-13 4.907414e-24 4.768293e-03 5.859664e-15 1.018594e-14 3.282426e-12 1.994812e-20 7.561232e-01 3.457125e-23 7.001725e-10 0.000000e+00 0.000000e+00 0.000000e+00 1.921285e-22 2.614920e-20 8.488941e-18 1.149694e-17 2.625177e-17 1.307611e-11 1.119364e-38 5.164601e-18 3.464997e-15 7.019014e-11 2.185566e-22 1.832055e-07 4.581931e-23 1.063392e-26 2.027165e-21 1.965845e-11 2.146695e-18 1.225406e-18 2.133453e-27 1.101834e-23 5.518258e-14 4.981700e-30 1.087855e-35 0.000000e+00 0.000000e+00 2.359821e-28 2.638558e-26 6.004221e-15 1.074385e-40 5.659890e-18 4.557566e-32 1.180575e-24 3.121039e-20 6.552293e-18 6.784384e-29 1.689797e-29 5.006629e-12 0.000000e+00 2.715826e-13 2.825679e-27 1.590059e-20 1.492602e-44 3.902029e-29 0.000000e+00 5.094610e-27 3.868098e-21 3.626664e-20 8.798937e-25 2.755123e-26 7.823064e-30 2.452040e-76 8.036369e-11 6.061985e-15 1.988327e-39 0.000000e+00 9.613676e-228 4.718431e-13
1.782989e-07 1.542174e-11 6.717125e-06 7.620081e-09 6.313203e-05 1.513304e-01 4.731359e-14 2.748248e-15 2.028400e-18 3.015889e-18 2.450617e-10 4.894664e-27 6.117050e-21 6.385315e-28 4.192936e-29 4.333735e-20 1.303108e-28 2.461479e-20 2.329879e-04 2.463763e-05 8.275099e-27 4.151088e-14 1.440158e-16 3.936084e-26 1.569212e-19 0.000000e+00 9.419236e-02 5.789744e-21 3.029146e-22 9.553528e-33 2.030116e-13 4.471623e-24 5.654225e-03 6.194875e-15 1.345060e-14 3.106917e-12 2.011872e-20 7.484954e-01 2.623188e-23 6.968507e-10 9.581600e-22 3.211598e-23 9.448422e-23 5.465754e-23 2.622487e-20 7.839143e-18 1.258305e-17 2.274651e-17 1.182656e-11 3.118433e-38 5.841104e-18 4.368657e-15 6.860966e-11 1.927201e-22 1.354904e-07 0.000000e+00 5.319733e-27 1.159312e-21 1.942788e-11 0.000000e+00 1.407199e-18 1.781783e-27 0.000000e+00 5.103042e-14 7.038711e-29 1.993586e-35 0.000000e+00 0.000000e+00 2.117295e-28 4.167631e-24 4.465432e-15 5.748711e-41 2.020352e-18 4.218906e-32 0.000000e+00 1.803292e-20 1.034809e-17 3.532546e-29 1.514290e-29 3.783538e-12 0.000000e+00 2.547456e-13 2.478797e-27 1.419760e-20 8.306276e-45 3.560756e-29 0.000000e+00 8.675855e-27 3.638041e-21 2.934917e-20 6.073070e-25 2.477226e-26 6.984719e-30 0.000000e+00 1.102497e-10 6.133317e-15 2.537861e-39 0.000000e+00 8.545813e-230 1.661228e-13
1.548088e-07 1.210507e-11 7.346089e-06 6.288529e-09 7.206217e-05 1.653961e-01 6.088992e-14 5.857200e-15 1.898331e-18 2.852188e-18 2.092474e-10 1.179792e-26 0.000000e+00 0.000000e+00 4.710727e-29 4.175043e-20 1.250096e-28 1.877016e-20 2.320323e-04 2.116951e-05 8.778914e-27 3.592383e-14 1.590854e-16 3.078866e-26 1.245526e-19 0.000000e+00 8.742291e-02 5.600656e-21 1.652969e-21 6.360378e-33 1.690044e-13 4.056542e-24 6.640248e-03 6.519238e-15 1.780935e-14 2.970348e-12 2.028899e-20 7.402080e-01 1.976095e-23 7.114207e-10 7.192990e-24 2.489179e-25 7.130835e-25 1.628638e-23 2.634783e-20 7.386769e-18 1.425480e-17 2.025474e-17 1.075292e-11 8.064592e-38 6.899980e-18 5.706615e-15 6.696637e-11 1.736735e-22 9.766402e-08 3.614819e-25 2.666461e-27 6.662641e-22 1.900913e-11 6.483999e-21 1.614383e-18 1.512537e-27 0.000000e+00 4.692110e-14 9.560615e-28 4.269588e-35 0.000000e+00 0.000000e+00 1.925048e-28 5.843319e-22 3.247388e-15 3.264540e-41 6.779436e-19 3.968401e-32 0.000000e+00 1.031621e-20 1.637454e-17 1.760095e-29 1.390918e-29 2.795542e-12 0.000000e+00 2.381893e-13 2.426290e-27 1.260885e-20 4.762986e-45 3.234295e-29 0.000000e+00 9.319998e-27 3.411925e-21 2.351499e-20 4.160620e-25 2.216224e-26 6.202675e-30 7.331321e-77 1.520819e-10 6.291622e-15 3.576781e-39 0.000000e+00 7.545808e-232 3.819319e-14
1.344133e-07 9.400824e-12 8.083114e-06 5.252464e-09 8.239046e-05 1.796740e-01 7.891654e-14 1.457603e-14 1.814943e-18 2.765726e-18 1.808683e-10 3.367451e-26 0.000000e+00 0.000000e+00 5.354809e-29 4.056342e-20 1.252392e-28 1.435229e-20 2.305414e-04 1.822836e-05 1.029827e-26 3.080193e-14 1.789423e-16 2.493144e-26 9.982184e-20 2.983854e-27 8.099969e-02 5.381897e-21 0.000000e+00 4.279182e-33 1.408748e-13 3.663893e-24 7.732244e-03 6.823039e-15 2.363475e-14 2.872463e-12 2.043851e-20 7.312548e-01 1.474787e-23 7.649301e-10 2.384548e-23 8.621358e-25 2.554005e-24 5.077479e-24 2.650869e-20 7.121395e-18 1.665645e-17 1.904700e-17 9.849907e-12 1.925190e-37 8.754939e-18 7.635498e-15 6.526488e-11 1.609885e-22 6.795284e-08 2.099928e-25 1.348487e-27 3.899204e-22 1.842815e-11 7.439441e-22 1.851972e-18 1.294183e-27 3.806674e-25 4.289671e-14 0.000000e+00 1.179364e-34 0.000000e+00 0.000000e+00 1.759771e-28 0.000000e+00 2.303658e-15 2.114016e-41 2.134638e-19 3.806892e-32 3.792694e-26 5.790844e-21 2.542459e-17 8.246267e-30 1.328368e-29 2.025578e-12 0.000000e+00 2.220017e-13 2.773556e-27 1.113838e-20 2.706417e-45 2.924111e-29 0.000000e+00 1.090498e-26 3.190762e-21 1.865564e-20 2.829650e-25 1.973047e-26 5.478916e-30 5.808103e-76 2.118505e-10 6.565332e-15 5.945690e-39 0.000000e+00 6.624367e-234 4.209150e-15
1.167049e-07 7.298105e-12 8.941364e-06 4.451331e-09 9.428710e-05 1.940973e-01 1.024601e-13 3.795182e-14 1.770910e-18 2.746753e-18 1.585833e-10 1.013131e-25 2.757285e-22 1.415767e-28 6.184360e-29 4.003847e-20 1.280238e-28 1.099674e-20 2.285802e-04 1.572891e-05 1.299510e-26 2.673995e-14 2.044132e-16 2.096987e-26 8.089532e-20 4.821896e-27 7.498127e-02 5.138654e-21 0.000000e+00 2.941695e-33 1.178500e-13 3.295106e-24 8.936904e-03 7.121880e-15 3.134503e-14 2.812218e-12 2.062378e-20 7.216369e-01 1.097527e-23 8.527984e-10 0.000000e+00 0.000000e+00 0.000000e+00 1.653176e-24 2.675683e-20 7.030938e-18 1.990387e-17 1.856869e-17 9.104628e-12 4.242805e-37 1.137490e-17 1.032103e-14 6.351090e-11 1.535614e-22 4.647513e-08 0.000000e+00 6.940080e-28 2.346509e-22 1.771167e-11 1.727756e-22 2.118519e-18 1.105587e-27 0.000000e+00 3.898923e-14 0.000000e+00 3.524143e-34 0.000000e+00 0.000000e+00 1.603078e-28 0.000000e+00 1.599814e-15 1.373137e-41 6.311273e-20 3.713177e-32 0.000000e+00 3.198205e-21 3.842258e-17 3.746776e-30 1.283637e-29 1.445129e-12 0.000000e+00 2.062685e-13 3.528808e-27 9.788475e-21 1.559324e-45 2.631477e-29 0.000000e+00 1.503337e-26 2.975571e-21 1.465974e-20 1.910115e-25 1.747771e-26 4.814557e-30 3.671517e-75 2.965372e-10 6.962681e-15 1.044218e-38 0.000000e+00 5.761414e-236 1.748558e-16
1.013295e-07 5.606416e-12 9.954927e-06 3.840165e-09 1.081430e-04 2.086006e-01 1.338407e-13 1.241659e-13 1.777553e-18 2.822270e-18 1.413980e-10 3.876278e-25 0.000000e+00 0.000000e+00 7.204118e-29 3.961870e-20 1.395444e-28 8.436938e-21 2.262122e-04 1.359011e-05 1.951679e-26 2.283403e-14 2.394988e-16 1.827968e-26 6.642930e-20 2.071408e-26 6.941814e-02 4.875583e-21 0.000000e+00 2.042302e-33 9.855907e-14 2.951007e-24 1.026208e-02 7.386029e-15 4.161166e-14 2.788209e-12 2.076428e-20 7.113612e-01 8.110655e-24 1.060713e-09 0.000000e+00 0.000000e+00 0.000000e+00 5.614855e-25 2.707494e-20 7.157262e-18 2.415893e-17 2.024294e-17 8.501891e-12 8.632210e-37 1.639904e-17 1.396429e-14 6.171049e-11 1.531947e-22 3.030947e-08 0.000000e+00 3.688894e-28 1.500386e-22 1.688550e-11 3.048925e-22 2.426597e-18 9.538830e-28 0.000000e+00 3.524266e-14 0.000000e+00 1.603328e-33 0.000000e+00 0.000000e+00 1.462064e-28 0.000000e+00 1.082912e-15 1.108086e-41 1.747023e-20 3.722208e-32 0.000000e+00 1.711371e-21 5.639297e-17 1.573365e-30 1.310770e-29 1.017625e-12 0.000000e+00 1.910610e-13 5.432788e-27 8.558548e-21 8.863025e-46 2.357197e-29 0.000000e+00 2.270914e-26 2.767222e-21 1.141236e-20 1.280486e-25 1.539996e-26 4.209302e-30 0.000000e+00 4.191055e-10 7.563669e-15 2.349074e-38 0.000000e+00 4.985123e-238 1.771501e-18
8.797976e-08 4.379136e-12 1.113292e-05 3.385555e-09 1.240781e-04 2.231140e-01 1.749434e-13 3.898714e-13 1.826530e-18 2.979561e-18 1.285829e-10 1.429917e-24 6.483280e-22 4.993012e-28 8.613358e-29 4.032651e-20 1.521688e-28 6.481800e-21 2.234847e-04 1.175382e-05 3.074384e-26 2.017489e-14 2.850046e-16 1.654499e-26 5.543167e-20 1.287607e-26 6.435667e-02 4.600830e-21 6.101645e-25 1.469017e-33 8.295432e-14 2.632200e-24 1.171762e-02 7.660904e-15 5.526543e-14 2.797356e-12 2.099774e-20 7.004412e-01 5.999794e-24 1.352074e-09 1.069030e-22 4.650463e-24 1.386828e-23 1.983143e-25 2.756799e-20 7.493519e-18 2.944255e-17 2.254446e-17 8.017642e-12 1.616334e-36 2.334280e-17 1.869544e-14 5.987079e-11 1.604350e-22 1.973872e-08 1.525573e-25 2.051151e-28 1.009197e-22 1.597629e-11 5.657582e-23 2.763903e-18 8.155712e-28 0.000000e+00 3.168079e-14 0.000000e+00 6.174301e-33 0.000000e+00 0.000000e+00 1.339837e-28 0.000000e+00 7.205074e-16 8.073532e-42 4.546449e-21 3.797113e-32 0.000000e+00 8.956190e-22 8.036140e-17 6.620273e-31 1.323885e-29 7.083793e-13 0.000000e+00 1.764479e-13 8.521436e-27 7.446893e-21 5.185795e-46 2.101933e-29 8.869757e-31 3.649219e-26 2.566537e-21 8.806088e-21 8.527197e-26 1.351018e-26 3.662300e-30 2.468032e-73 5.883464e-10 8.375012e-15 5.140106e-38 0.000000e+00 4.256213e-240 4.335935e-21
7.638878e-08 3.390807e-12 1.255199e-05 3.063935e-09 1.429597e-04 2.375738e-01 2.344375e-13 1.982214e-12 1.958978e-18 3.327095e-18 1.196388e-10 8.806659e-24 0.000000e+00 4.765460e-28 1.044670e-28 4.101537e-20 1.945431e-28 4.989640e-21 2.204504e-04 1.015710e-05 6.185282e-26 1.701140e-14 3.546377e-16 1.556135e-26 4.717380e-20 2.994250e-26 5.983097e-02 4.319146e-21 3.390605e-25 1.057177e-33 6.939266e-14 2.338482e-24 1.331565e-02 7.854224e-15 7.463194e-14 2.836056e-12 2.108715e-20 6.888934e-01 4.397325e-24 2.199896e-09 0.000000e+00 0.000000e+00 0.000000e+00 7.271821e-26 2.835882e-20 8.220735e-18 3.585387e-17 3.209340e-17 7.630778e-12 2.800128e-36 4.100727e-17 2.465850e-14 5.799838e-11 1.830949e-22 1.172063e-08 1.909132e-25 1.238228e-28 7.896209e-23 1.500715e-11 7.988699e-24 3.177703e-18 6.957256e-28 0.000000e+00 2.833330e-14 0.000000e+00 5.423701e-32 0.000000e+00 0.000000e+00 1.215824e-28 0.000000e+00 4.664182e-16 9.647309e-42 1.101748e-21 4.064367e-32 0.000000e+00 4.379514e-22 1.113851e-16 2.451167e-31 1.491262e-29 4.876817e-13 0.000000e+00 1.624725e-13 1.817248e-26 6.448534e-21 2.822694e-46 1.865705e-29 0.000000e+00 5.731634e-26 2.374054e-21 6.735081e-21 5.655535e-26 1.180242e-26 3.171091e-30 0.000000e+00 8.365793e-10 9.629672e-15 1.879322e-37 0.000000e+00 3.633772e-242 1.255556e-24
6.632487e-08 2.759304e-12 1.422447e-05 2.858207e-09 1.649262e-04 2.519206e-01 3.253283e-13 1.097693e-11 2.175865e-18 3.897960e-18 1.142349e-10 6.136303e-23 8.672576e-23 2.696542e-27 1.343102e-28 4.412483e-20 2.670724e-28 3.869409e-21 2.171256e-04 8.778500e-06 1.175837e-25 1.484055e-14 4.562616e-16 1.523136e-26 4.110696e-20 4.840657e-26 5.586806e-02 4.043277e-21 1.045300e-24 7.938808e-34 5.829223e-14 2.069534e-24 1.507706e-02 8.043117e-15 1.042676e-13 2.896308e-12 2.129205e-20 6.767292e-01 3.251204e-24 3.857913e-09 7.126653e-23 3.900190e-24 1.150959e-23 2.766840e-26 2.986763e-20 9.431124e-18 4.285580e-17 4.891009e-17 7.296937e-12 4.474227e-36 7.421668e-17 3.156964e-14 5.610022e-11 2.227477e-22 6.806886e-09 2.563091e-25 8.299434e-29 7.000203e-23 1.400229e-11 1.188449e-24 3.654818e-18 6.211214e-28 4.124803e-24 2.520811e-14 0.000000e+00 3.326490e-31 0.000000e+00 0.000000e+00 1.189376e-28 0.000000e+00 2.997256e-16 1.156485e-41 2.500561e-22 4.503206e-32 2.983553e-25 2.015980e-22 1.503543e-16 9.281023e-32 1.692864e-29 3.326283e-13 0.000000e+00 1.491736e-13 4.070166e-26 5.558237e-21 1.664309e-46 1.648539e-29 0.000000e+00 9.603057e-26 2.190267e-21 5.108088e-21 3.751515e-26 1.026871e-26 2.733084e-30 1.583663e-69 1.180551e-09 1.139700e-14 7.650749e-37 0.000000e+00 3.060226e-244 3.806370e-29
5.758683e-08 2.470889e-12 1.624306e-05 2.758712e-09 1.910111e-04 2.660769e-01 5.086517e-13 9.689294e-11 2.556495e-18 5.009741e-18 1.122574e-10 7.735201e-22 7.630721e-25 1.979011e-26 1.951977e-28 5.290639e-20 4.602013e-28 3.068884e-21 2.135244e-04 7.603207e-06 2.188805e-25 1.311352e-14 6.342485e-16 1.560658e-26 3.684605e-20 1.026813e-25 5.249548e-02 3.782820e-21 1.448421e-24 6.232493e-34 4.872444e-14 1.824671e-24 1.702860e-02 8.176832e-15 1.632355e-13 2.965792e-12 2.170740e-20 6.639706e-01 2.492623e-24 8.357692e-09 0.000000e+00 0.000000e+00 0.000000e+00 1.126028e-26 3.361062e-20 1.173066e-17 4.942347e-17 9.116445e-17 6.962420e-12 6.629442e-36 1.563117e-16 3.866929e-14 5.418473e-11 2.830221e-22 3.636462e-09 4.169533e-25 6.373098e-29 7.834032e-23 1.298085e-11 1.874638e-25 4.285170e-18 5.603422e-28 9.971910e-26 2.231009e-14 0.000000e+00 1.020822e-29 0.000000e+00 0.000000e+00 1.153124e-28 4.002841e-24 1.951874e-16 1.975585e-41 5.276639e-23 5.404337e-32 0.000000e+00 8.583575e-23 1.972950e-16 3.668212e-32 2.070945e-29 2.222875e-13 0.000000e+00 1.365800e-13 1.150586e-25 4.769426e-21 9.549025e-47 1.450325e-29 5.209907e-26 1.747500e-25 2.015568e-21 3.842508e-21 2.522800e-26 8.901368e-27 2.345022e-30 1.875336e-67 1.680693e-09 1.409796e-14 5.079101e-36 0.000000e+00 2.561917e-246 7.040700e-35
5.000000e-08 2.789080e-12 1.865318e-05 2.760504e-09 2.216343e-04 2.799449e-01 1.741761e-12 2.008618e-09 3.562475e-18 7.316602e-18 1.138040e-10 4.970100e-20 1.078341e-22 7.719865e-25 6.370683e-28 1.414596e-19 9.402444e-28 2.592482e-21 2.096273e-04 6.652245e-06 4.035020e-25 1.291311e-14 1.009902e-15 1.705031e-26 3.410939e-20 4.204758e-25 4.974758e-02 3.546902e-21 1.318589e-24 5.490031e-34 4.086199e-14 1.603095e-24 1.920986e-02 8.470870e-15 5.596332e-13 3.018776e-12 2.333444e-20 6.506410e-01 2.131893e-24 1.932610e-08 0.000000e+00 1.559394e-25 0.000000e+00 5.825349e-27 4.280364e-20 1.644100e-17 5.267764e-17 1.785404e-16 6.526261e-12 9.082211e-36 3.263694e-16 4.371041e-14 5.226216e-11 3.401901e-22 1.884080e-09 6.987131e-25 5.427044e-29 1.061348e-22 1.195613e-11 3.576964e-26 5.133011e-18 4.926388e-28 0.000000e+00 1.963986e-14 0.000000e+00 4.787017e-28 0.000000e+00 4.996298e-29 1.382091e-28 0.000000e+00 1.359127e-16 3.448850e-41 1.042137e-23 9.008233e-32 0.000000e+00 3.923806e-23 2.424611e-16 2.042977e-32 2.548197e-29 1.469308e-13 0.000000e+00 1.247154e-13 3.478481e-25 4.075399e-21 5.999399e-47 1.271655e-29 7.958723e-30 3.553211e-25 1.850294e-21 2.868642e-21 1.760261e-26 7.688066e-27 2.003577e-30 3.778268e-65 2.425883e-09 1.876582e-14 4.644330e-35 0.000000e+00 2.559699e-246 8.131243e-27
