PRESS OH H2 H2O H O CH C CH2 CH3 CH4 C2 C2H2 C2H C2H3 C2H4 C2H5 C2H6 CO CO2 CH2OH H2CO HCO CH3O CH3OH CH3CO O2 H2CCO HCCO CH3O2 HO2 CH3OOH N NH CN HCN NH2 N2 NH3 NO N2H2 N2H N2H3 N2H4 HNO H2CN HNCO NO2 N2O C4H2 CH2NH2 CH2NH CH3NH2 CH3CHO O3 NO3 HNO3 HNO2 NCO N2O5 S SH S2 SO H2S CS COS CS2 NS HS2 SO2 S4 S8 HCS S3 H2O2 SO3 HSO3 HSO H2SO4 HC3N CH3CN CH2CN C2H3CN CH3SH CH3S C3H3 C3H2 C3H4 C6H5 C6H6 C4H3 C4H5 S2O O_1 CH2_1 N_2D He H2O_l_s H2SO4_l
1.000000e+00 1.969784e-16 1.536245e-05 8.928136e-03 2.713542e-22 2.436786e-19 1.154956e-34 4.276682e-32 1.292709e-28 6.796436e-16 1.057726e-04 1.305233e-59 4.810530e-16 1.221047e-42 9.112262e-29 5.406809e-09 1.433246e-13 5.195056e-09 5.659263e-07 3.994692e-04 3.515833e-29 1.716027e-08 4.947832e-23 3.119943e-19 3.666592e-13 1.890175e-20 2.000799e-01 9.439764e-16 2.700332e-13 5.915447e-13 1.755115e-12 8.175128e-09 0.000000e+00 1.618954e-27 4.036533e-31 5.412008e-11 1.939992e-20 7.904704e-01 1.240203e-11 1.285390e-11 2.960969e-21 1.533899e-29 5.315949e-21 9.544922e-20 4.399707e-16 4.327516e-19 6.324706e-14 4.407478e-09 3.065053e-07 1.408911e-17 7.533781e-18 1.354394e-18 1.165601e-13 2.322656e-14 1.533691e-09 5.781433e-13 1.234858e-10 2.719668e-14 1.973446e-23 1.844705e-12 5.853957e-28 6.617049e-17 1.449142e-15 3.138530e-20 3.018595e-13 1.489578e-28 6.418605e-10 8.927763e-19 3.551687e-19 2.847970e-17 3.702574e-10 3.461395e-18 2.406899e-16 3.945379e-36 1.401893e-17 1.492062e-08 8.096564e-21 9.652295e-25 4.595477e-08 9.631063e-16 5.168316e-14 4.132282e-11 5.194323e-12 3.727871e-13 1.048544e-14 1.568213e-24 1.578795e-18 3.322977e-13 3.077283e-13 2.593860e-25 1.433697e-16 1.881066e-15 8.386728e-20 2.275667e-31 6.537177e-25 3.169361e-30 6.033701e-51 0.000000e+00 0.000000e+00 3.188761e-24
8.682540e-01 2.135139e-16 1.540240e-05 6.363238e-03 3.258467e-22 3.038244e-19 1.062471e-33 0.000000e+00 1.362277e-28 7.090861e-16 1.060394e-04 5.066964e-63 4.830099e-16 6.398202e-43 7.662910e-29 5.420813e-09 1.454002e-13 5.208723e-09 5.691804e-07 4.005406e-04 3.759462e-29 1.696787e-08 5.785456e-23 3.202897e-19 3.680403e-13 2.786878e-20 2.005977e-01 9.464366e-16 2.707384e-13 7.461422e-13 2.231148e-12 8.197982e-09 0.000000e+00 1.139088e-27 4.124397e-31 5.426196e-11 2.140295e-20 7.925161e-01 1.242221e-11 9.419147e-12 2.969029e-21 1.583592e-29 5.333174e-21 9.569804e-20 4.465421e-16 4.343050e-19 6.341153e-14 3.917551e-09 3.072913e-07 1.412492e-17 7.644370e-18 1.357944e-18 1.168645e-13 2.335924e-14 1.973055e-09 6.307581e-13 6.243622e-10 2.605736e-14 2.646876e-23 4.064721e-12 1.039217e-27 1.007878e-16 1.467908e-15 6.231458e-20 9.614035e-15 1.871325e-28 6.431563e-10 8.950750e-19 3.561186e-19 4.591858e-17 3.689060e-10 4.061506e-18 2.413177e-16 5.508644e-36 1.405686e-17 1.496126e-08 1.233964e-20 1.083056e-24 4.606424e-08 2.122577e-15 5.181737e-14 4.142210e-11 5.207543e-12 3.737543e-13 1.057015e-14 2.629218e-24 1.592499e-18 3.331640e-13 3.085321e-13 2.632307e-25 1.437416e-16 1.885984e-15 8.408734e-20 2.281197e-31 1.073396e-24 4.933248e-30 2.489468e-51 0.000000e+00 2.098183e-05 3.708880e-22
7.538651e-01 2.753633e-16 1.542073e-05 5.204848e-03 4.303303e-22 3.761565e-19 6.875251e-33 0.000000e+00 1.536696e-28 8.862188e-16 1.061560e-04 8.256283e-60 4.851433e-16 4.204087e-43 7.810225e-29 5.427175e-09 1.544557e-13 5.215261e-09 5.716578e-07 4.009471e-04 4.800042e-29 1.660219e-08 7.275927e-23 3.964117e-19 3.693789e-13 4.763727e-20 2.008315e-01 9.475780e-16 2.710681e-13 8.483359e-13 2.511550e-12 8.200481e-09 1.387525e-27 9.852021e-28 4.484007e-31 5.432729e-11 2.843438e-20 7.934401e-01 1.242327e-11 9.537768e-12 2.973342e-21 2.681164e-29 5.345889e-21 9.581450e-20 4.592350e-16 4.357483e-19 6.348761e-14 3.441115e-09 3.076418e-07 1.414082e-17 7.841869e-18 1.359626e-18 1.170069e-13 2.356234e-14 2.450921e-09 5.262575e-13 1.101703e-09 2.578785e-14 3.661755e-23 6.362255e-12 1.627611e-27 1.531727e-16 1.512362e-15 1.103639e-19 1.340420e-15 2.279153e-28 6.434945e-10 8.960930e-19 3.566014e-19 7.479618e-17 3.668986e-10 4.023674e-18 2.416090e-16 8.141926e-36 1.407691e-17 1.497096e-08 1.929976e-20 1.438338e-24 4.610690e-08 3.456337e-15 5.187878e-14 4.146230e-11 5.213238e-12 3.741955e-13 1.070524e-14 5.201474e-24 1.606478e-18 3.335662e-13 3.089081e-13 2.664751e-25 1.439114e-16 1.888291e-15 8.419201e-20 2.283436e-31 1.660789e-24 9.558682e-30 1.516292e-51 0.000000e+00 8.515992e-06 1.930405e-20
6.545464e-01 3.465754e-16 1.543829e-05 4.108655e-03 5.567712e-22 4.637214e-19 3.835505e-32 2.844610e-31 1.765189e-28 1.083152e-15 1.062662e-04 3.370105e-58 4.882794e-16 2.885497e-43 7.860705e-29 5.433227e-09 1.638351e-13 5.221735e-09 5.740123e-07 4.013285e-04 5.998460e-29 1.613024e-08 8.843006e-23 4.777310e-19 3.712151e-13 7.798529e-20 2.010528e-01 9.486817e-16 2.713889e-13 9.358669e-13 2.755169e-12 8.190120e-09 0.000000e+00 1.001841e-27 4.724044e-31 5.438995e-11 3.708024e-20 7.943145e-01 1.242330e-11 9.725303e-12 2.978016e-21 4.443251e-29 5.361153e-21 9.592908e-20 4.770581e-16 4.377468e-19 6.356145e-14 3.017375e-09 3.079729e-07 1.415617e-17 8.127576e-18 1.361280e-18 1.171453e-13 2.388463e-14 2.908189e-09 4.198055e-13 1.525005e-09 2.629903e-14 4.841934e-23 9.137143e-12 2.406271e-27 2.310935e-16 1.590482e-15 1.848805e-19 1.640018e-15 2.752193e-28 6.437643e-10 8.970407e-19 3.571048e-19 1.206554e-16 3.649042e-10 3.874262e-18 2.418915e-16 1.182990e-35 1.409825e-17 1.496675e-08 3.058569e-20 1.857946e-24 4.614573e-08 4.922131e-15 5.193752e-14 4.150031e-11 5.218463e-12 3.746164e-13 1.091142e-14 1.004516e-23 1.620786e-18 3.339553e-13 3.092740e-13 2.697303e-25 1.440738e-16 1.890540e-15 8.429517e-20 2.285519e-31 2.430854e-24 1.837359e-29 1.090648e-51 0.000000e+00 7.773880e-06 4.998708e-19
5.683125e-01 4.331192e-16 1.545408e-05 3.137804e-03 7.076558e-22 5.628507e-19 1.866039e-31 5.836440e-31 2.026633e-28 1.295109e-15 1.063632e-04 4.624550e-58 4.925731e-16 4.666999e-43 7.756870e-29 5.438627e-09 1.737832e-13 5.227824e-09 5.761733e-07 4.016665e-04 7.457848e-29 1.558598e-08 1.054460e-22 5.702935e-19 3.735652e-13 1.281727e-19 2.012488e-01 9.496884e-16 2.716839e-13 1.005582e-12 2.955218e-12 8.163955e-09 3.505770e-28 1.122774e-27 4.774276e-31 5.444667e-11 4.774013e-20 7.950889e-01 1.242198e-11 1.005209e-11 2.982951e-21 7.474435e-29 5.378413e-21 9.603681e-20 4.996223e-16 4.403550e-19 6.362936e-14 2.647969e-09 3.082653e-07 1.417011e-17 8.486839e-18 1.362820e-18 1.172727e-13 2.434083e-14 3.314217e-09 3.135163e-13 1.891106e-09 2.753179e-14 6.218430e-23 1.297684e-11 3.438265e-27 3.446124e-16 1.708134e-15 2.989579e-19 2.434543e-15 3.380945e-28 6.439299e-10 8.978607e-19 3.576124e-19 1.928729e-16 3.629616e-10 3.836320e-18 2.421511e-16 1.687132e-35 1.412018e-17 1.494599e-08 4.990928e-20 2.388858e-24 4.617782e-08 6.511620e-15 5.199032e-14 4.153372e-11 5.222904e-12 3.749934e-13 1.119126e-14 2.006004e-23 1.632670e-18 3.343106e-13 3.096106e-13 2.732531e-25 1.442198e-16 1.892615e-15 8.439165e-20 2.287309e-31 3.383416e-24 3.543125e-29 8.246706e-52 0.000000e+00 6.799173e-06 6.865154e-18
4.934396e-01 5.386295e-16 1.546794e-05 2.302643e-03 8.911576e-22 6.756304e-19 8.100251e-31 7.446739e-31 2.363129e-28 1.526882e-15 1.064460e-04 6.968032e-57 4.982457e-16 5.756349e-42 7.584703e-29 5.443319e-09 1.845848e-13 5.233494e-09 5.781219e-07 4.019596e-04 9.244816e-29 1.499804e-08 1.240918e-22 6.770815e-19 3.764714e-13 2.097741e-19 2.014174e-01 9.505899e-16 2.719508e-13 1.059197e-12 3.121746e-12 8.120672e-09 1.791632e-28 1.334569e-27 4.669476e-31 5.449691e-11 6.094291e-20 7.957551e-01 1.241932e-11 1.051599e-11 2.988221e-21 1.269342e-28 5.397415e-21 9.613798e-20 5.269049e-16 4.436675e-19 6.369098e-14 2.329239e-09 3.085155e-07 1.418255e-17 8.904276e-18 1.364238e-18 1.173879e-13 2.494826e-14 3.647325e-09 2.253048e-13 2.203005e-09 2.947140e-14 7.764344e-23 1.818478e-11 4.803370e-27 5.081912e-16 1.870737e-15 4.714625e-19 3.589825e-15 3.954220e-28 6.439861e-10 8.985425e-19 3.581277e-19 3.037971e-16 3.611036e-10 3.935687e-18 2.423862e-16 2.297747e-35 1.414279e-17 1.490808e-08 8.449635e-20 3.058300e-24 4.620261e-08 8.202707e-15 5.203669e-14 4.156209e-11 5.226522e-12 3.753229e-13 1.154542e-14 4.082264e-23 1.640124e-18 3.346291e-13 3.099153e-13 2.770812e-25 1.443482e-16 1.894499e-15 8.448083e-20 2.288782e-31 4.514473e-24 7.025322e-29 6.462923e-52 0.000000e+00 5.806502e-06 5.128744e-17
4.284310e-01 6.774882e-16 1.547959e-05 1.622615e-03 1.108167e-21 7.873255e-19 3.147706e-30 0.000000e+00 2.741373e-28 1.751955e-15 1.065124e-04 0.000000e+00 5.055233e-16 7.791502e-41 7.188851e-29 5.447198e-09 1.965904e-13 5.238658e-09 5.798353e-07 4.022005e-04 1.160906e-28 1.439219e-08 1.458931e-22 8.093660e-19 3.799627e-13 3.636374e-19 2.015547e-01 9.513688e-16 2.721848e-13 1.088536e-12 3.234311e-12 8.060241e-09 0.000000e+00 1.637844e-27 4.255395e-31 5.453954e-11 7.732521e-20 7.962975e-01 1.241516e-11 1.121311e-11 2.993866e-21 2.283535e-28 5.417766e-21 9.623200e-20 5.588427e-16 4.477739e-19 6.374535e-14 2.052578e-09 3.087176e-07 1.419322e-17 9.358308e-18 1.365510e-18 1.174889e-13 2.572222e-14 3.895440e-09 1.447204e-13 2.464691e-09 3.213692e-14 9.443940e-23 2.698785e-11 6.587783e-27 7.391190e-16 2.080281e-15 7.277165e-19 5.220825e-15 4.491913e-28 6.439232e-10 8.990680e-19 3.586503e-19 4.662514e-16 3.593633e-10 4.223812e-18 2.425930e-16 3.002454e-35 1.416597e-17 1.485353e-08 1.514975e-19 3.998713e-24 4.621913e-08 9.907116e-15 5.207562e-14 4.158459e-11 5.229232e-12 3.755977e-13 1.196778e-14 9.250515e-23 1.641013e-18 3.349048e-13 3.101827e-13 2.812931e-25 1.444563e-16 1.896159e-15 8.456128e-20 2.289893e-31 5.777322e-24 1.427182e-28 4.663742e-52 0.000000e+00 4.684636e-06 2.269227e-16
3.719869e-01 8.505987e-16 1.548874e-05 1.116088e-03 1.382678e-21 9.119544e-19 1.098751e-29 0.000000e+00 3.323127e-28 2.004168e-15 1.065605e-04 3.068067e-55 5.146928e-16 8.005532e-40 6.847898e-29 5.450162e-09 2.096043e-13 5.243237e-09 5.812944e-07 4.023810e-04 1.459652e-28 1.379368e-08 1.708525e-22 9.687822e-19 3.840725e-13 6.218248e-19 2.016570e-01 9.520090e-16 2.723814e-13 1.106388e-12 3.333408e-12 7.984448e-09 1.993700e-27 2.034308e-27 3.785211e-31 5.457348e-11 9.776309e-20 7.967015e-01 1.240928e-11 1.208145e-11 2.999952e-21 4.116932e-28 5.439206e-21 9.631843e-20 5.947372e-16 4.527838e-19 6.379156e-14 1.818007e-09 3.088660e-07 1.420188e-17 9.826767e-18 1.366613e-18 1.175737e-13 2.667872e-14 4.052028e-09 9.050682e-14 2.678377e-09 3.543626e-14 1.115044e-22 3.825205e-11 8.926851e-27 1.062656e-15 2.333094e-15 1.104344e-18 7.497911e-15 5.048448e-28 6.437323e-10 8.994197e-19 3.591813e-19 6.780558e-16 3.577824e-10 4.603157e-18 2.427673e-16 3.853695e-35 1.418963e-17 1.478418e-08 2.776651e-19 5.209752e-24 4.622645e-08 1.152859e-14 5.210622e-14 4.160036e-11 5.230940e-12 3.758110e-13 1.244881e-14 2.092942e-22 1.635622e-18 3.351320e-13 3.104076e-13 2.859235e-25 1.445415e-16 1.897565e-15 8.463166e-20 2.290599e-31 7.160540e-24 2.989597e-28 3.430857e-52 0.000000e+00 3.455287e-06 6.353709e-16
3.229791e-01 1.093514e-15 1.549619e-05 7.369051e-04 1.701863e-21 1.007259e-18 3.440322e-29 1.000411e-30 4.003895e-28 2.179858e-15 1.065949e-04 3.138016e-52 5.266609e-16 6.343695e-39 6.133605e-29 5.452472e-09 2.232778e-13 5.247608e-09 5.825717e-07 4.025173e-04 1.882031e-28 1.319493e-08 2.023045e-22 1.178541e-18 3.890848e-13 1.199974e-18 2.017335e-01 9.525648e-16 2.725572e-13 1.088115e-12 3.358038e-12 7.892036e-09 0.000000e+00 2.573477e-27 2.959034e-31 5.460153e-11 1.224630e-19 7.970040e-01 1.240165e-11 1.330501e-11 3.007025e-21 8.221635e-28 5.462877e-21 9.640542e-20 6.355784e-16 4.591367e-19 6.383364e-14 1.612256e-09 3.089743e-07 1.420931e-17 1.030228e-17 1.367639e-18 1.176494e-13 2.789239e-14 4.127790e-09 4.148643e-14 2.856623e-09 3.941669e-14 1.266612e-22 5.236248e-11 1.196054e-26 1.508504e-15 2.631695e-15 1.651142e-18 1.062723e-14 5.777563e-28 6.434195e-10 8.996322e-19 3.597661e-19 9.252358e-16 3.563513e-10 5.236457e-18 2.429239e-16 4.873244e-35 1.421553e-17 1.469904e-08 5.482028e-19 7.090065e-24 4.622578e-08 1.310794e-14 5.213115e-14 4.161101e-11 5.231838e-12 3.759818e-13 1.299612e-14 5.827515e-22 1.622672e-18 3.353301e-13 3.106088e-13 2.914533e-25 1.446115e-16 1.898832e-15 8.469774e-20 2.290981e-31 8.545916e-24 6.375300e-28 2.052910e-52 0.000000e+00 2.414296e-06 1.346823e-15
2.804279e-01 1.400219e-15 1.550215e-05 4.790541e-04 2.111209e-21 1.107599e-18 9.663703e-29 0.000000e+00 5.075287e-28 2.358770e-15 1.066159e-04 6.495629e-50 5.428575e-16 4.048483e-38 5.508443e-29 5.454175e-09 2.367086e-13 5.251991e-09 5.836911e-07 4.026108e-04 2.429501e-28 1.260072e-08 2.389634e-22 1.439675e-18 3.953970e-13 2.287551e-18 2.017856e-01 9.530572e-16 2.727193e-13 1.060397e-12 3.374107e-12 7.783048e-09 6.139103e-27 3.252357e-27 2.255705e-31 5.462442e-11 1.520710e-19 7.972097e-01 1.239180e-11 1.477449e-11 3.015737e-21 1.635612e-27 5.490396e-21 9.649900e-20 6.808353e-16 4.674845e-19 6.387354e-14 1.440976e-09 3.090441e-07 1.421578e-17 1.078292e-17 1.368634e-18 1.177191e-13 2.947262e-14 4.124791e-09 1.890291e-14 3.004971e-09 4.376335e-14 1.397716e-22 6.378870e-11 1.595373e-26 2.117804e-15 2.969361e-15 2.439198e-18 1.484312e-14 6.406189e-28 6.429637e-10 8.997011e-19 3.604503e-19 1.166184e-15 3.551220e-10 5.951867e-18 2.430688e-16 6.046785e-35 1.424530e-17 1.459694e-08 1.093826e-18 9.595030e-24 4.621624e-08 1.480135e-14 5.215114e-14 4.161655e-11 5.231871e-12 3.761145e-13 1.362494e-14 1.621196e-21 1.605322e-18 3.355064e-13 3.107946e-13 3.044290e-25 1.446683e-16 1.900015e-15 8.476261e-20 2.291028e-31 9.951290e-24 1.384158e-27 1.231094e-52 0.000000e+00 1.454761e-06 2.343792e-15
2.434827e-01 1.777712e-15 1.550855e-05 2.799612e-04 2.580256e-21 1.171055e-18 2.525368e-28 3.991972e-31 6.418072e-28 2.452318e-15 1.066277e-04 6.466538e-48 5.725388e-16 2.163470e-37 4.700757e-29 5.455746e-09 2.481390e-13 5.258225e-09 5.849677e-07 4.026845e-04 3.147466e-28 1.184269e-08 2.765396e-22 1.746824e-18 4.061390e-13 4.592425e-18 2.018257e-01 9.536672e-16 2.729301e-13 1.016831e-12 3.335281e-12 7.619892e-09 1.940022e-32 4.139052e-27 1.606054e-31 5.464956e-11 1.877586e-19 7.973685e-01 1.237546e-11 1.633087e-11 3.030615e-21 3.378392e-27 5.534706e-21 9.664289e-20 7.434505e-16 4.823401e-19 6.392732e-14 1.262243e-09 3.090904e-07 1.422369e-17 1.141393e-17 1.370002e-18 1.178096e-13 3.223960e-14 4.023309e-09 8.633835e-15 3.163553e-09 4.896201e-14 1.511488e-22 7.370202e-11 2.126204e-26 2.973126e-15 3.438332e-15 3.669606e-18 2.076620e-14 7.203043e-28 6.421516e-10 8.996021e-19 3.615697e-19 1.406589e-15 3.539404e-10 7.236123e-18 2.432574e-16 7.566526e-35 1.429262e-17 1.443917e-08 2.416919e-18 1.299682e-23 4.619104e-08 1.739347e-14 5.217266e-14 4.161760e-11 5.230726e-12 3.762502e-13 1.457240e-14 5.048189e-21 1.579643e-18 3.357265e-13 3.110366e-13 3.833838e-25 1.447309e-16 1.901574e-15 8.485280e-20 2.290652e-31 1.118796e-23 3.215817e-27 6.467751e-53 0.000000e+00 7.084929e-07 4.025389e-15
2.114048e-01 2.144215e-15 1.551932e-05 1.161197e-04 3.009784e-21 1.147004e-18 6.395120e-28 0.000000e+00 7.801461e-28 2.436163e-15 1.066244e-04 3.468969e-46 6.533172e-16 1.049430e-36 3.732626e-29 5.457816e-09 2.524162e-13 5.272169e-09 5.870198e-07 4.027506e-04 4.031156e-28 1.051499e-08 2.918662e-22 2.007253e-18 4.332288e-13 9.537234e-18 2.018587e-01 9.548786e-16 2.733679e-13 9.759474e-13 3.220331e-12 7.283193e-09 2.512812e-34 5.285763e-27 1.146341e-31 5.469263e-11 2.375579e-19 7.974993e-01 1.233692e-11 1.710463e-11 3.068923e-21 6.955976e-27 5.643111e-21 9.698937e-20 8.569599e-16 5.215443e-19 6.404336e-14 1.011653e-09 3.091062e-07 1.423936e-17 1.262712e-17 1.372974e-18 1.179971e-13 3.940390e-14 3.680971e-09 4.641038e-15 3.393886e-09 5.486942e-14 1.680706e-22 8.420583e-11 2.844221e-26 4.256079e-15 4.274821e-15 6.054890e-18 2.981049e-14 8.458799e-28 6.401513e-10 8.990512e-19 3.643595e-19 1.656798e-15 3.531290e-10 1.021814e-17 2.436453e-16 1.004184e-34 1.440624e-17 1.409496e-08 7.164899e-18 1.681225e-23 4.611651e-08 2.347123e-14 5.220918e-14 4.160926e-11 5.226137e-12 3.764646e-13 1.664751e-14 1.693369e-20 1.536516e-18 3.361665e-13 3.115398e-13 9.862323e-25 1.448406e-16 1.904849e-15 8.505076e-20 2.289129e-31 1.170322e-23 9.694386e-27 3.019483e-53 0.000000e+00 2.262325e-07 7.859631e-15
1.835531e-01 2.503494e-15 1.553613e-05 3.822923e-05 3.403237e-21 1.038791e-18 1.362597e-27 0.000000e+00 9.233715e-28 2.306484e-15 1.065976e-04 1.119096e-44 8.217109e-16 4.798955e-36 2.797750e-29 5.460454e-09 2.491819e-13 5.297539e-09 5.894845e-07 4.027951e-04 5.262230e-28 8.883655e-09 2.863155e-22 2.236345e-18 4.854670e-13 2.150236e-17 2.018743e-01 9.569653e-16 2.741393e-13 9.230764e-13 3.042956e-12 6.783952e-09 2.117711e-33 6.787047e-27 8.239027e-32 5.475913e-11 3.047360e-19 7.975615e-01 1.227006e-11 1.734048e-11 3.144564e-21 1.450728e-26 5.847656e-21 9.765715e-20 9.995178e-16 6.004510e-19 6.425380e-14 7.629318e-10 3.090690e-07 1.426682e-17 1.437783e-17 1.378321e-18 1.183269e-13 5.366472e-14 3.115628e-09 3.129431e-15 3.630934e-09 5.749025e-14 1.941554e-22 9.083490e-11 3.805012e-26 6.065634e-15 5.210907e-15 1.062525e-17 4.248396e-14 1.327234e-27 6.366065e-10 8.977903e-19 3.697679e-19 1.767789e-15 3.553121e-10 1.399455e-17 2.443018e-16 1.666814e-34 1.461751e-17 1.354567e-08 2.616345e-17 2.134184e-23 4.597019e-08 3.450992e-14 5.226658e-14 4.158762e-11 5.216119e-12 3.767851e-13 2.011988e-14 6.244215e-20 1.491945e-18 3.369274e-13 3.124265e-13 4.997408e-24 1.450175e-16 1.910647e-15 8.540832e-20 2.285978e-31 1.122638e-23 3.344023e-26 1.257154e-53 0.000000e+00 4.587035e-08 1.409413e-14
1.593707e-01 2.708148e-15 1.557073e-05 3.827774e-05 3.608597e-21 8.419088e-19 2.299164e-27 2.334915e-31 1.111089e-27 2.072599e-15 1.065274e-04 2.373360e-43 1.236200e-15 2.290846e-35 1.975279e-29 5.465436e-09 2.361146e-13 5.352801e-09 5.929315e-07 4.028298e-04 7.080351e-28 6.767726e-09 2.395692e-22 2.274409e-18 6.036986e-13 5.849158e-17 2.018741e-01 9.614344e-16 2.758056e-13 8.625847e-13 2.780621e-12 5.967512e-09 1.646211e-32 8.714149e-27 6.648001e-32 5.489208e-11 4.078749e-19 7.975617e-01 1.213512e-11 1.623614e-11 3.317585e-21 2.880996e-26 6.298744e-21 9.917890e-20 1.185428e-15 7.862307e-19 6.471817e-14 5.078657e-10 3.089425e-07 1.432695e-17 1.748416e-17 1.389952e-18 1.190384e-13 8.735832e-14 2.305337e-09 2.968456e-15 3.890103e-09 5.351051e-14 2.483404e-22 9.094826e-11 5.079465e-26 8.700532e-15 6.164423e-15 2.114887e-17 6.109542e-14 2.872915e-27 6.294432e-10 8.948370e-19 3.820436e-19 1.754652e-15 3.674801e-10 1.794819e-17 2.456085e-16 3.682427e-34 1.507786e-17 1.255566e-08 2.982886e-17 2.568974e-23 4.564937e-08 5.812773e-14 5.238503e-14 4.153861e-11 5.192661e-12 3.774318e-13 2.740993e-14 2.364973e-19 1.459388e-18 3.385597e-13 3.143419e-13 2.842048e-23 1.453886e-16 1.923192e-15 8.618737e-20 2.279104e-31 9.378651e-24 4.100208e-26 5.003008e-54 0.000000e+00 2.295019e-09 2.457731e-14
1.383743e-01 2.972560e-15 1.561934e-05 3.833995e-05 3.946673e-21 7.088927e-19 3.774671e-27 0.000000e+00 1.449742e-27 1.892334e-15 1.064376e-04 3.510560e-42 1.895752e-15 9.882258e-35 1.456010e-29 5.472731e-09 2.251720e-13 5.429736e-09 5.963288e-07 4.028730e-04 9.991880e-28 5.115547e-09 2.010438e-22 2.365883e-18 7.744929e-13 1.489755e-16 2.018737e-01 9.677008e-16 2.781422e-13 7.877202e-13 2.538229e-12 5.128467e-09 1.105843e-31 1.115472e-26 5.662228e-32 5.507280e-11 5.424062e-19 7.975620e-01 1.196154e-11 1.572108e-11 3.563412e-21 5.733309e-26 6.917853e-21 1.013687e-19 1.355956e-15 1.064260e-18 6.537956e-14 3.464448e-10 3.087762e-07 1.441312e-17 2.109243e-17 1.406256e-18 1.200350e-13 1.394779e-13 1.708204e-09 3.535522e-15 4.065705e-09 4.944888e-14 3.268345e-22 8.634423e-11 6.865763e-26 1.253038e-14 6.828929e-15 4.185569e-17 8.810235e-14 7.466463e-27 6.204152e-10 8.907033e-19 3.995941e-19 1.649773e-15 3.930791e-10 1.999388e-17 2.472263e-16 9.490683e-34 1.571408e-17 1.144160e-08 3.553166e-17 3.222650e-23 4.521362e-08 9.028579e-14 5.255110e-14 4.147604e-11 5.159248e-12 3.783385e-13 3.883350e-14 9.020187e-19 1.466485e-18 3.408485e-13 3.170275e-13 1.394733e-22 1.459130e-16 1.940780e-15 8.727894e-20 2.270056e-31 7.835217e-24 5.396136e-26 2.159700e-54 0.000000e+00 1.117676e-12 3.542908e-14
1.201440e-01 3.361877e-15 1.568645e-05 3.841913e-05 4.672342e-21 7.041344e-19 6.222078e-27 3.343436e-32 2.141901e-27 2.042501e-15 1.063238e-04 3.799295e-41 2.952647e-15 3.932048e-34 1.314929e-29 5.483317e-09 2.251878e-13 5.534533e-09 6.000709e-07 4.029257e-04 1.489750e-27 3.932663e-09 1.756094e-22 2.540597e-18 1.018968e-12 2.909723e-16 2.018732e-01 9.763194e-16 2.813551e-13 7.426750e-13 2.379476e-12 4.291655e-09 5.702990e-31 1.382115e-26 5.878179e-32 5.531543e-11 7.416272e-19 7.975625e-01 1.173885e-11 1.622614e-11 3.900681e-21 1.039464e-25 7.742406e-21 1.044235e-19 1.523357e-15 1.476000e-18 6.630192e-14 2.507257e-10 3.085603e-07 1.453374e-17 2.572994e-17 1.428669e-18 1.214043e-13 2.212646e-13 1.363138e-09 4.267200e-15 4.181488e-09 4.962431e-14 4.345838e-22 7.907243e-11 9.605408e-26 1.854725e-14 7.661828e-15 8.192979e-17 1.306313e-13 1.985051e-26 6.092472e-10 8.850339e-19 4.240926e-19 1.621266e-15 4.385081e-10 2.154683e-17 2.491661e-16 2.516890e-33 1.657789e-17 1.022167e-08 4.459038e-17 4.171159e-23 4.463069e-08 1.336156e-13 5.277945e-14 4.139639e-11 5.112645e-12 3.795851e-13 5.965986e-14 2.633545e-18 1.537003e-18 3.439957e-13 3.207212e-13 5.118726e-22 1.466385e-16 1.964969e-15 8.877864e-20 2.258280e-31 7.161781e-24 7.989554e-26 1.535520e-54 0.000000e+00 4.514560e-16 4.654124e-14
1.043155e-01 4.076732e-15 1.577452e-05 3.851629e-05 6.083371e-21 8.121221e-19 1.020969e-26 4.590952e-33 3.382637e-27 2.505017e-15 1.061854e-04 3.162072e-40 4.602444e-15 1.428507e-33 1.378358e-29 5.497843e-09 2.360248e-13 5.670057e-09 6.045272e-07 4.029915e-04 2.405651e-27 3.184281e-09 1.700298e-22 2.942051e-18 1.354754e-12 4.728708e-16 2.018725e-01 9.875847e-16 2.855530e-13 7.039462e-13 2.276313e-12 3.499127e-09 2.591340e-30 1.692487e-26 6.423258e-32 5.562636e-11 1.013369e-18 7.975631e-01 1.146452e-11 1.847790e-11 4.334463e-21 1.910288e-25 8.774675e-21 1.084083e-19 1.700376e-15 2.061044e-18 6.752236e-14 1.976706e-10 3.082923e-07 1.469362e-17 3.120164e-17 1.457950e-18 1.231919e-13 3.470269e-13 1.216166e-09 5.000339e-15 4.256567e-09 5.772535e-14 5.579420e-22 7.080801e-11 1.411130e-25 2.809002e-14 9.109901e-15 1.566406e-16 1.982776e-13 4.986391e-26 5.961128e-10 8.776534e-19 4.565093e-19 1.646490e-15 5.099773e-10 2.537365e-17 2.513912e-16 6.486771e-33 1.769333e-17 8.959411e-09 6.190395e-17 5.917597e-23 4.388709e-08 4.225213e-10 5.307784e-14 4.129898e-11 5.051054e-12 3.812139e-13 9.839126e-14 7.432097e-18 1.675436e-18 3.481073e-13 3.255492e-13 1.531591e-21 1.475915e-16 1.996588e-15 9.073612e-20 2.243612e-31 7.361593e-24 1.260858e-25 1.453274e-54 0.000000e+00 1.603947e-19 5.762851e-14
9.057237e-02 5.084664e-15 1.588313e-05 3.862954e-05 8.687150e-21 1.138591e-18 1.708744e-26 1.582269e-33 5.862692e-27 3.829962e-15 1.060261e-04 2.093700e-39 7.110785e-15 4.796259e-33 1.856594e-29 5.516367e-09 2.639236e-13 5.834713e-09 6.099976e-07 4.030727e-04 3.969469e-27 2.816769e-09 1.840646e-22 3.515420e-18 1.794109e-12 6.272569e-16 2.018717e-01 1.001423e-15 2.907071e-13 7.185613e-13 2.298705e-12 2.813507e-09 8.892470e-30 1.986409e-26 8.973730e-32 5.600167e-11 1.407058e-18 7.975637e-01 1.114517e-11 2.230496e-11 4.852271e-21 2.959946e-25 9.991601e-21 1.131934e-19 1.870426e-15 2.855073e-18 6.903782e-14 1.722191e-10 3.079778e-07 1.489227e-17 3.823100e-17 1.493899e-18 1.253846e-13 5.337406e-13 1.208718e-09 5.422457e-15 4.303836e-09 7.454548e-14 7.136880e-22 6.267855e-11 2.151405e-25 4.213223e-14 1.158711e-14 2.868186e-16 2.982139e-13 1.176191e-25 5.816065e-10 8.686356e-19 4.968343e-19 1.872667e-15 6.128752e-10 3.150710e-17 2.537393e-16 1.642435e-32 1.904480e-17 7.748653e-09 8.877845e-17 8.435137e-23 4.299358e-08 9.159264e-10 5.344427e-14 4.118620e-11 4.974667e-12 3.832139e-13 1.711933e-13 1.371324e-17 1.921717e-18 3.531546e-13 3.314799e-13 3.359297e-21 1.487669e-16 2.035435e-15 9.313642e-20 2.226342e-31 8.622717e-24 2.179606e-25 2.630379e-54 0.000000e+00 5.485003e-23 6.900081e-14
7.863982e-02 6.524794e-15 1.601377e-05 3.875925e-05 1.304945e-20 1.708547e-18 2.835691e-26 0.000000e+00 1.045184e-26 6.215327e-15 1.058461e-04 1.148222e-38 1.093520e-14 1.489423e-32 2.687793e-29 5.539103e-09 3.026750e-13 6.030135e-09 6.168553e-07 4.031711e-04 6.697199e-27 2.718183e-09 2.223474e-22 4.376525e-18 2.362205e-12 7.545894e-16 2.018707e-01 1.018023e-15 2.968854e-13 7.473706e-13 2.390251e-12 2.240471e-09 2.700800e-29 2.325080e-26 1.311164e-31 5.644433e-11 1.905522e-18 7.975645e-01 1.078142e-11 2.793495e-11 5.448041e-21 4.429189e-25 1.138288e-20 1.186348e-19 2.038809e-15 3.922784e-18 7.087300e-14 1.618771e-10 3.076160e-07 1.513275e-17 4.617947e-17 1.536986e-18 1.280100e-13 8.095387e-13 1.270080e-09 5.747120e-15 4.334479e-09 1.025464e-13 9.087019e-22 5.527957e-11 3.345198e-25 6.130084e-14 1.520615e-14 5.038611e-16 4.355828e-13 2.572984e-25 5.659741e-10 8.578912e-19 5.458685e-19 2.167117e-15 7.548565e-10 4.072947e-17 2.560775e-16 4.034241e-32 2.063671e-17 6.625998e-09 1.328142e-16 1.248045e-22 4.194367e-08 1.482980e-09 5.388361e-14 4.105807e-11 4.882316e-12 3.856114e-13 3.028457e-13 2.402092e-17 2.274302e-18 3.592039e-13 3.385939e-13 6.451800e-21 1.501811e-16 2.082042e-15 9.600930e-20 2.206383e-31 1.071021e-23 3.872330e-25 5.544315e-54 0.000000e+00 1.855979e-26 8.057835e-14
6.827934e-02 8.385700e-15 1.616373e-05 3.890168e-05 2.010907e-20 2.686498e-18 4.665516e-26 1.015298e-33 1.917532e-26 1.055584e-14 1.056507e-04 5.352072e-38 1.668805e-14 4.309182e-32 4.127846e-29 5.565398e-09 3.533677e-13 6.251843e-09 6.252015e-07 4.032844e-04 1.117725e-26 2.814082e-09 2.890076e-22 5.550934e-18 3.072873e-12 8.394123e-16 2.018695e-01 1.037044e-15 3.039595e-13 8.044471e-13 2.567807e-12 1.790304e-09 7.036784e-29 2.706364e-26 2.067511e-31 5.694323e-11 2.543912e-18 7.975654e-01 1.038582e-11 3.513475e-11 6.093006e-21 6.165181e-25 1.289227e-20 1.243285e-19 2.194638e-15 5.321981e-18 7.299401e-14 1.609267e-10 3.072170e-07 1.541034e-17 5.520110e-17 1.586308e-18 1.310109e-13 1.203982e-12 1.368949e-09 5.942893e-15 4.353695e-09 1.427899e-13 1.169791e-21 4.886857e-11 5.226989e-25 8.606414e-14 1.994264e-14 8.532972e-16 6.142102e-13 5.257924e-25 5.499062e-10 8.456781e-19 6.029728e-19 2.553137e-15 9.406032e-10 5.104816e-17 2.581493e-16 9.580323e-32 2.241423e-17 5.641773e-09 1.984316e-16 1.831542e-22 4.076432e-08 2.111413e-09 5.438678e-14 4.091866e-11 4.775830e-12 3.883567e-13 5.310892e-13 3.676383e-17 2.751665e-18 3.661293e-13 3.467455e-13 1.087878e-20 1.518056e-16 2.135463e-15 9.929293e-20 2.184255e-31 1.371493e-23 7.075433e-25 1.377988e-53 0.000000e+00 6.546037e-30 9.178932e-14
5.928381e-02 1.082595e-14 1.633478e-05 3.905766e-05 3.136959e-20 4.243952e-18 7.523248e-26 0.000000e+00 3.551052e-26 1.783288e-14 1.054388e-04 2.171799e-37 2.553527e-14 1.178226e-31 6.367964e-29 5.595257e-09 4.152450e-13 6.502282e-09 6.352935e-07 4.034126e-04 1.859253e-26 3.044670e-09 3.945196e-22 7.166215e-18 3.964852e-12 9.202751e-16 2.018683e-01 1.058726e-15 3.120166e-13 8.735320e-13 2.814034e-12 1.438302e-09 1.675375e-28 3.174640e-26 3.266557e-31 5.750257e-11 3.314352e-18 7.975665e-01 9.958858e-12 4.415508e-11 6.775688e-21 8.381760e-25 1.449222e-20 1.299611e-19 2.347194e-15 7.187242e-18 7.543080e-14 1.661489e-10 3.067780e-07 1.572861e-17 6.481235e-17 1.642448e-18 1.344185e-13 1.768672e-12 1.484470e-09 6.130930e-15 4.364918e-09 1.996097e-13 1.507467e-21 4.328741e-11 8.169562e-25 1.169477e-13 2.571352e-14 1.405962e-15 8.387798e-13 1.006997e-24 5.335060e-10 8.318829e-19 6.693579e-19 2.955019e-15 1.181031e-09 6.138130e-17 2.598232e-16 2.193883e-31 2.436922e-17 4.787699e-09 2.976489e-16 2.699885e-22 3.944608e-08 2.813135e-09 5.495999e-14 4.076763e-11 4.654013e-12 3.914835e-13 9.150034e-13 5.575841e-17 3.369846e-18 3.740157e-13 3.560372e-13 1.718557e-20 1.536604e-16 2.196377e-15 1.030251e-19 2.159760e-31 1.764774e-23 1.304359e-24 3.453049e-53 0.000000e+00 2.415928e-33 1.016378e-13
5.147341e-02 1.402607e-14 1.651979e-05 3.922009e-05 4.921006e-20 6.643211e-18 1.184705e-25 0.000000e+00 6.608720e-26 2.959543e-14 1.052200e-04 7.808049e-37 3.884401e-14 3.038740e-31 9.746036e-29 5.627012e-09 4.890811e-13 6.771088e-09 6.467862e-07 4.035497e-04 3.054817e-26 3.366527e-09 5.527533e-22 9.373198e-18 5.033062e-12 1.017484e-15 2.018669e-01 1.082180e-15 3.207264e-13 9.489714e-13 3.125692e-12 1.173613e-09 3.720858e-28 3.757507e-26 5.062010e-31 5.809770e-11 4.217262e-18 7.975676e-01 9.523230e-12 5.528374e-11 7.447794e-21 1.124073e-24 1.606359e-20 1.348983e-19 2.501324e-15 9.619233e-18 7.808674e-14 1.759038e-10 3.063186e-07 1.607453e-17 7.444453e-17 1.703055e-18 1.380820e-13 2.537670e-12 1.603627e-09 6.349742e-15 4.368931e-09 2.772400e-13 1.928300e-21 3.852387e-11 1.274493e-24 1.546583e-13 3.221016e-14 2.262011e-15 1.114437e-12 1.818207e-24 5.176492e-10 8.170999e-19 7.429957e-19 3.339238e-15 1.476521e-09 6.954055e-17 2.609681e-16 4.834025e-31 2.639154e-17 4.084470e-09 4.432099e-16 3.957497e-22 3.804669e-08 3.568416e-09 5.557971e-14 4.061242e-11 4.522168e-12 3.948632e-13 1.519977e-12 8.423087e-17 4.137931e-18 3.825399e-13 3.660891e-13 2.587422e-20 1.556688e-16 2.262303e-15 1.070501e-19 2.133945e-31 2.256989e-23 2.416023e-24 8.444746e-53 0.000000e+00 9.803734e-37 1.081337e-13
4.469200e-02 1.812632e-14 1.671926e-05 3.938887e-05 7.753362e-20 1.040415e-17 1.826867e-25 5.777424e-35 1.246187e-25 4.881374e-14 1.049940e-04 2.525711e-36 5.933350e-14 7.531338e-31 1.505517e-28 5.660191e-09 5.808529e-13 7.059239e-09 6.597138e-07 4.036954e-04 4.945216e-26 3.765239e-09 7.829336e-22 1.234512e-17 6.309000e-12 1.123391e-15 2.018654e-01 1.107487e-15 3.301187e-13 1.035375e-12 3.522022e-12 9.709575e-10 7.588513e-28 4.465151e-26 7.879680e-31 5.872909e-11 5.278225e-18 7.975687e-01 9.082374e-12 6.877145e-11 8.093222e-21 1.455557e-24 1.755789e-20 1.387886e-19 2.664313e-15 1.289337e-17 8.097321e-14 1.904373e-10 3.058383e-07 1.644914e-17 8.442433e-17 1.768238e-18 1.419937e-13 3.578692e-12 1.725790e-09 6.552635e-15 4.365865e-09 3.822168e-13 2.443081e-21 3.428520e-11 1.979524e-24 1.993446e-13 3.941531e-14 3.546450e-15 1.442384e-12 3.122077e-24 5.023889e-10 8.012875e-19 8.250618e-19 3.750505e-15 1.840763e-09 7.436788e-17 2.616457e-16 1.032804e-30 2.847546e-17 3.505730e-09 6.494033e-16 5.700628e-22 3.656217e-08 4.392036e-09 5.624791e-14 4.045358e-11 4.380311e-12 3.985064e-13 2.456937e-12 1.205946e-16 5.104707e-18 3.917310e-13 3.769350e-13 3.671342e-20 1.578374e-16 2.333467e-15 1.113786e-19 2.106739e-31 2.877087e-23 4.533218e-24 2.137803e-52 0.000000e+00 4.389219e-40 1.093466e-13
3.880401e-02 2.356680e-14 1.693124e-05 3.956179e-05 1.226091e-19 1.603681e-17 2.746118e-25 0.000000e+00 2.355015e-25 7.836765e-14 1.047630e-04 7.466478e-36 9.095353e-14 1.799413e-30 2.297857e-28 5.693714e-09 6.928418e-13 7.364334e-09 6.738992e-07 4.038484e-04 7.948314e-26 4.216159e-09 1.117411e-21 1.639547e-17 7.801894e-12 1.285929e-15 2.018639e-01 1.134417e-15 3.401124e-13 1.110363e-12 3.983979e-12 8.108882e-10 1.488175e-27 5.357216e-26 1.178961e-30 5.938949e-11 6.445802e-18 7.975699e-01 8.645531e-12 8.559551e-11 8.691246e-21 1.878110e-24 1.890535e-20 1.412592e-19 2.869074e-15 1.738631e-17 8.406690e-14 2.094532e-10 3.053425e-07 1.684895e-17 9.371635e-17 1.837263e-18 1.460837e-13 4.959705e-12 1.844017e-09 6.809869e-15 4.355161e-09 5.270023e-13 3.032804e-21 3.043074e-11 3.060641e-24 2.512285e-13 4.708717e-14 5.426656e-15 1.823850e-12 5.116934e-24 4.879291e-10 7.845638e-19 9.160683e-19 4.103603e-15 2.287550e-09 7.603090e-17 2.619792e-16 2.143580e-30 3.062682e-17 3.031748e-09 9.489402e-16 8.208584e-22 3.500222e-08 5.287944e-09 5.695853e-14 4.029364e-11 4.230300e-12 4.023798e-13 3.848738e-12 1.756318e-16 6.287301e-18 4.015094e-13 3.884774e-13 5.071683e-20 1.601451e-16 2.409237e-15 1.159691e-19 2.078399e-31 3.631164e-23 8.523212e-24 5.201620e-52 0.000000e+00 2.190770e-43 1.030504e-13
3.369173e-02 3.073884e-14 1.715477e-05 3.973731e-05 1.945391e-19 2.448464e-17 4.035248e-25 8.200271e-34 4.465365e-25 1.230542e-13 1.045284e-04 2.042700e-35 1.397813e-13 4.166928e-30 3.498830e-28 5.726422e-09 8.322111e-13 7.685347e-09 6.891910e-07 4.040076e-04 1.264330e-25 4.704432e-09 1.595887e-21 2.189464e-17 9.515075e-12 1.511385e-15 2.018623e-01 1.162863e-15 3.506740e-13 1.168464e-12 4.515796e-12 6.791440e-10 2.795267e-27 6.466594e-26 1.716761e-30 6.007470e-11 7.713748e-18 7.975712e-01 8.219820e-12 1.066981e-10 9.230256e-21 2.393776e-24 2.006631e-20 1.420729e-19 3.147674e-15 2.367138e-17 8.735804e-14 2.336314e-10 3.048338e-07 1.727223e-17 1.020736e-16 1.909636e-18 1.502839e-13 6.763208e-12 1.958198e-09 7.087816e-15 4.335360e-09 7.276368e-13 3.683694e-21 2.683694e-11 4.704538e-24 3.099726e-13 5.523188e-14 8.102807e-15 2.255109e-12 8.055610e-24 4.743501e-10 7.669317e-19 1.017210e-18 4.405461e-15 2.838285e-09 7.481640e-17 2.621092e-16 4.343498e-30 3.292035e-17 2.641645e-09 1.378504e-15 1.175818e-21 3.336363e-08 6.255142e-09 5.770863e-14 4.013436e-11 4.073282e-12 4.064673e-13 5.876728e-12 2.535818e-16 7.727166e-18 4.118418e-13 4.006700e-13 6.791648e-20 1.625824e-16 2.489316e-15 1.208013e-19 2.049041e-31 4.548844e-23 1.607684e-23 1.255551e-51 0.000000e+00 1.226360e-46 8.786654e-14
2.925298e-02 4.039787e-14 1.739185e-05 3.991601e-05 3.095466e-19 3.679290e-17 5.789922e-25 3.669863e-33 8.402726e-25 1.866863e-13 1.042883e-04 5.231855e-35 2.153503e-13 9.384197e-30 5.255134e-28 5.757270e-09 1.005112e-12 8.025272e-09 7.056118e-07 4.041744e-04 2.001232e-25 5.211203e-09 2.281097e-21 2.939649e-17 1.145775e-11 1.870506e-15 2.018606e-01 1.193088e-15 3.619116e-13 1.189125e-12 5.090673e-12 5.646455e-10 5.173207e-27 7.875050e-26 2.380131e-30 6.078936e-11 9.000308e-18 7.975726e-01 7.807261e-12 1.339025e-10 9.712222e-21 3.065638e-24 2.104125e-20 1.411073e-19 3.563622e-15 3.263771e-17 9.087996e-14 2.639082e-10 3.043085e-07 1.772278e-17 1.086027e-16 1.985729e-18 1.545600e-13 9.110185e-12 2.068434e-09 7.407186e-15 4.304009e-09 1.012590e-12 4.356626e-21 2.342293e-11 7.180698e-24 3.744057e-13 6.419029e-14 1.181242e-14 2.726808e-12 1.222307e-23 4.615357e-10 7.481297e-19 1.131252e-18 4.583081e-15 3.528047e-09 7.274475e-17 2.621624e-16 8.624107e-30 3.552951e-17 2.313186e-09 2.013946e-15 1.698363e-21 3.161625e-08 7.278388e-09 5.850512e-14 3.997555e-11 3.908303e-12 4.108065e-13 8.828381e-12 3.807163e-16 9.456532e-18 4.228333e-13 4.136261e-13 8.986064e-20 1.651702e-16 2.574450e-15 1.259180e-19 2.018402e-31 5.650939e-23 3.009092e-23 2.891974e-51 0.000000e+00 7.625897e-50 6.557958e-14
2.539902e-02 5.334941e-14 1.764016e-05 4.009500e-05 4.927860e-19 5.457863e-17 8.129823e-25 9.395953e-39 1.558266e-24 2.733343e-13 1.040454e-04 1.264170e-34 3.296204e-13 2.045950e-29 7.791224e-28 5.784324e-09 1.218678e-12 8.380580e-09 7.228781e-07 4.043469e-04 3.135052e-25 5.714166e-09 3.246732e-21 3.956697e-17 1.358747e-11 2.411307e-15 2.018588e-01 1.224805e-15 3.737332e-13 1.165697e-12 5.683769e-12 4.636562e-10 9.468638e-27 9.654859e-26 3.152890e-30 6.152506e-11 1.026185e-17 7.975740e-01 7.417779e-12 1.693662e-10 1.013591e-20 3.941508e-24 2.185191e-20 1.383931e-19 4.183496e-15 4.529391e-17 9.460230e-14 3.011402e-10 3.037724e-07 1.819622e-17 1.129876e-16 2.064458e-18 1.587822e-13 1.209913e-11 2.176325e-09 7.729876e-15 4.257881e-09 1.415007e-12 5.015669e-21 2.018823e-11 1.087301e-23 4.434918e-13 7.491050e-14 1.682888e-14 3.228309e-12 1.795019e-23 4.495981e-10 7.282261e-19 1.259007e-18 4.630756e-15 4.384987e-09 7.171914e-17 2.622298e-16 1.678782e-29 3.863628e-17 2.035334e-09 2.945879e-15 2.461350e-21 2.975881e-08 8.276038e-09 5.934042e-14 3.982010e-11 3.737262e-12 4.153559e-13 1.316949e-11 5.930692e-16 1.150587e-17 4.343929e-13 4.272232e-13 1.175222e-19 1.678828e-16 2.663842e-15 1.312691e-19 1.986778e-31 6.974438e-23 5.549963e-23 6.397706e-51 0.000000e+00 5.317037e-53 4.489006e-14
2.205280e-02 7.064201e-14 1.790424e-05 4.027626e-05 7.844278e-19 8.038986e-17 1.119804e-24 3.688198e-38 2.827335e-24 3.855647e-13 1.037956e-04 2.899331e-34 5.017350e-13 4.339339e-29 1.142855e-27 5.806198e-09 1.485506e-12 8.757034e-09 7.411807e-07 4.045277e-04 4.859931e-25 6.205919e-09 4.595827e-21 5.330009e-17 1.590067e-11 3.220054e-15 2.018569e-01 1.258599e-15 3.863739e-13 1.095934e-12 6.274143e-12 3.733101e-10 1.718232e-26 1.190208e-25 4.017499e-30 6.229361e-11 1.144545e-17 7.975755e-01 7.050174e-12 2.161150e-10 1.051630e-20 5.072220e-24 2.258051e-20 1.340382e-19 5.110391e-15 6.324433e-17 9.859692e-14 3.481815e-10 3.032163e-07 1.870119e-17 1.153147e-16 2.146859e-18 1.629298e-13 1.592863e-11 2.289613e-09 8.007382e-15 4.191584e-09 1.984312e-12 5.628926e-21 1.705451e-11 1.630149e-23 5.138023e-13 8.952900e-14 2.337203e-14 3.732788e-12 2.560647e-23 4.383072e-10 7.067794e-19 1.404554e-18 4.551804e-15 5.458778e-09 7.446106e-17 2.623690e-16 3.220628e-29 4.251087e-17 1.793919e-09 4.310978e-15 3.574558e-21 2.774254e-08 9.212932e-09 6.022989e-14 3.966667e-11 3.557255e-12 4.201990e-13 1.987985e-11 9.647748e-16 1.395520e-17 4.467496e-13 4.417122e-13 1.519306e-19 1.707695e-16 2.759145e-15 1.369520e-19 1.953599e-31 8.589493e-23 1.001336e-22 1.373330e-50 0.000000e+00 4.084128e-56 2.984313e-14
1.914743e-02 9.336986e-14 1.818280e-05 4.045753e-05 1.243425e-18 1.178600e-16 1.515984e-24 0.000000e+00 4.969467e-24 5.227507e-13 1.035409e-04 6.336429e-34 7.525805e-13 8.899288e-29 1.653113e-27 5.820803e-09 1.812534e-12 9.151563e-09 7.603114e-07 4.047154e-04 7.408207e-25 6.670588e-09 6.438488e-21 7.156501e-17 1.832979e-11 4.388933e-15 2.018549e-01 1.294307e-15 3.997916e-13 9.868679e-13 6.827018e-12 2.952803e-10 3.104361e-26 1.473128e-25 4.945196e-30 6.308953e-11 1.250879e-17 7.975771e-01 6.711508e-12 2.777389e-10 1.085864e-20 6.522890e-24 2.331575e-20 1.283502e-19 6.460740e-15 8.801494e-17 1.028483e-13 4.063704e-10 3.026441e-07 1.923519e-17 1.156183e-16 2.232119e-18 1.668896e-13 2.075438e-11 2.411148e-09 8.187612e-15 4.100056e-09 2.764023e-12 6.175979e-21 1.401694e-11 2.418053e-23 5.838184e-13 1.108862e-13 3.166729e-14 4.225225e-12 3.558706e-23 4.277145e-10 6.839163e-19 1.568427e-18 4.371894e-15 6.767509e-09 8.333863e-17 2.625951e-16 6.071863e-29 4.726384e-17 1.585725e-09 6.250050e-15 5.150397e-21 2.557504e-08 1.006174e-08 6.116919e-14 3.951751e-11 3.369437e-12 4.253122e-13 3.053035e-11 1.635022e-15 1.687000e-17 4.598612e-13 4.570235e-13 1.941136e-19 1.738144e-16 2.859905e-15 1.429377e-19 1.919039e-31 1.056930e-22 1.749893e-22 2.855820e-50 0.000000e+00 3.477471e-59 1.909126e-14
1.662484e-02 1.223168e-13 1.847933e-05 4.064002e-05 1.959967e-18 1.739807e-16 2.025994e-24 5.545342e-35 8.447010e-24 6.859825e-13 1.032784e-04 1.323951e-33 1.110019e-12 1.768034e-28 2.381988e-27 5.826630e-09 2.213209e-12 9.567531e-09 7.804124e-07 4.049121e-04 1.104282e-24 7.112714e-09 8.887358e-21 9.547044e-17 2.084397e-11 5.903286e-15 2.018528e-01 1.332379e-15 4.141728e-13 8.573354e-13 7.353976e-12 2.307033e-10 5.514894e-26 1.823237e-25 6.041976e-30 6.392115e-11 1.347876e-17 7.975788e-01 6.400615e-12 3.577050e-10 1.116946e-20 8.234989e-24 2.415530e-20 1.216727e-19 8.350563e-15 1.215728e-16 1.074143e-13 4.782001e-10 3.020493e-07 1.980489e-17 1.143914e-16 2.320981e-18 1.706470e-13 2.684395e-11 2.544972e-09 8.198039e-15 3.977696e-09 3.783126e-12 6.676164e-21 1.102722e-11 3.547288e-23 6.516611e-13 1.422807e-13 4.187006e-14 4.691441e-12 4.836980e-23 4.176885e-10 6.595421e-19 1.752956e-18 4.168168e-15 8.323736e-09 9.964425e-17 2.628780e-16 1.125980e-28 5.286501e-17 1.407790e-09 8.844998e-15 7.236716e-21 2.325209e-08 1.081158e-08 6.217015e-14 3.937189e-11 3.171989e-12 4.307598e-13 4.764325e-11 2.755237e-15 2.041591e-17 4.739094e-13 4.733507e-13 2.423492e-19 1.770563e-16 2.967400e-15 1.493004e-19 1.882677e-31 1.303898e-22 2.956807e-22 5.990995e-50 0.000000e+00 3.254373e-62 1.151332e-14
1.443458e-02 1.582040e-13 1.879242e-05 4.082235e-05 3.048740e-18 2.566457e-16 2.671202e-24 0.000000e+00 1.373450e-23 8.678685e-13 1.030094e-04 2.653778e-33 1.594892e-12 3.374148e-28 3.360940e-27 5.822785e-09 2.676274e-12 1.000100e-08 8.013203e-07 4.051167e-04 1.602902e-24 7.528984e-09 1.204951e-20 1.257257e-16 2.337709e-11 7.826938e-15 2.018506e-01 1.372641e-15 4.294619e-13 7.237535e-13 7.836563e-12 1.810200e-10 9.935787e-26 2.260539e-25 7.277561e-30 6.478300e-11 1.432073e-17 7.975805e-01 6.118344e-12 4.580244e-10 1.144112e-20 1.027445e-23 2.512319e-20 1.145394e-19 1.082894e-14 1.650295e-16 1.122791e-13 5.608779e-10 3.014358e-07 2.040761e-17 1.111264e-16 2.412899e-18 1.741684e-13 3.441368e-11 2.683285e-09 8.058426e-15 3.825008e-09 5.003841e-12 7.168764e-21 8.188087e-12 5.138338e-23 7.205316e-13 1.844905e-13 5.429757e-14 5.159801e-12 6.438135e-23 4.082882e-10 6.341824e-19 1.956084e-18 3.961183e-15 1.007044e-08 1.218886e-16 2.631347e-16 2.033732e-28 5.884135e-17 1.262775e-09 1.211657e-14 9.850161e-21 2.084507e-08 1.144580e-08 6.322814e-14 3.923092e-11 2.967024e-12 4.365165e-13 7.342216e-11 4.603162e-15 2.470344e-17 4.888403e-13 4.906191e-13 2.981689e-19 1.804749e-16 3.081144e-15 1.560099e-19 1.844697e-31 1.604757e-22 4.778560e-22 1.216158e-49 0.000000e+00 3.370018e-65 6.434164e-15
1.253288e-02 1.998457e-13 1.912510e-05 4.100675e-05 4.701925e-18 3.877860e-16 3.506215e-24 0.000000e+00 2.178693e-23 1.089498e-12 1.027309e-04 5.113619e-33 2.224532e-12 6.200070e-28 4.819213e-27 5.809912e-09 3.217796e-12 1.045307e-08 8.232099e-07 4.053314e-04 2.247938e-24 7.988890e-09 1.602849e-20 1.632130e-16 2.592183e-11 9.306825e-15 2.018482e-01 1.415486e-15 4.458066e-13 6.131653e-13 8.464188e-12 1.452676e-10 1.827074e-25 2.778959e-25 9.304092e-30 6.568220e-11 1.530527e-17 7.975824e-01 5.856406e-12 5.737630e-10 1.166327e-20 1.206735e-23 2.614394e-20 1.074174e-19 1.364687e-14 2.190857e-16 1.174965e-13 6.531090e-10 3.007982e-07 2.104923e-17 1.074744e-16 2.508963e-18 1.775364e-13 4.382502e-11 2.825875e-09 7.750141e-15 3.648440e-09 6.271454e-12 7.803555e-21 5.594208e-12 7.351273e-23 7.951438e-13 2.337147e-13 6.932659e-14 5.688006e-12 8.445475e-23 3.994472e-10 6.082067e-19 2.176741e-18 3.925481e-15 1.191905e-08 1.391767e-16 2.632594e-16 3.587826e-28 6.438676e-17 1.151829e-09 1.560757e-14 1.252207e-20 1.843455e-08 1.197225e-08 6.435351e-14 3.909244e-11 2.754596e-12 4.426386e-13 1.078863e-10 6.550723e-15 3.015183e-17 5.047999e-13 5.089982e-13 3.493169e-19 1.841109e-16 3.202260e-15 1.631310e-19 1.804736e-31 1.982001e-22 7.532656e-22 2.699486e-49 0.000000e+00 3.860397e-68 3.175366e-15
1.088173e-02 2.476025e-13 1.948185e-05 4.119703e-05 7.139132e-18 5.878322e-16 4.558075e-24 0.000000e+00 3.324393e-23 1.337976e-12 1.024385e-04 9.515602e-33 3.000582e-12 1.090628e-27 6.779776e-27 5.790238e-09 3.799975e-12 1.092334e-08 8.463724e-07 4.055597e-04 3.063779e-24 8.556216e-09 2.114367e-20 2.077074e-16 2.847414e-11 1.040971e-14 2.018457e-01 1.461511e-15 4.634176e-13 5.252644e-13 9.300807e-12 1.199863e-10 4.130756e-25 3.416510e-25 1.221229e-29 6.662964e-11 1.639187e-17 7.975844e-01 5.602027e-12 6.947123e-10 1.182958e-20 1.372536e-23 2.698310e-20 1.006577e-19 1.652752e-14 2.831727e-16 1.231471e-13 7.482267e-10 3.001289e-07 2.173863e-17 1.042318e-16 2.611065e-18 1.808815e-13 5.556785e-11 2.986811e-09 7.455082e-15 3.464947e-09 7.375300e-12 8.708306e-21 3.502053e-12 1.033678e-22 8.821248e-13 2.786958e-13 8.732912e-14 6.365706e-12 1.090340e-22 3.910960e-10 5.819877e-19 2.413139e-18 3.996275e-15 1.374083e-08 1.405654e-16 2.631721e-16 6.130564e-28 6.843056e-17 1.073649e-09 1.913279e-14 1.512036e-20 1.612689e-08 1.242077e-08 6.556194e-14 3.895279e-11 2.535137e-12 4.492111e-13 1.434465e-10 8.271604e-15 3.694640e-17 5.219976e-13 5.287449e-13 4.013909e-19 1.880014e-16 3.332446e-15 1.707618e-19 1.762257e-31 2.456264e-22 1.141828e-21 5.888510e-49 0.000000e+00 4.845532e-71 1.313992e-15
9.448103e-03 2.993677e-13 1.986605e-05 4.139671e-05 1.075347e-17 9.124554e-16 5.909242e-24 5.122463e-35 4.948056e-23 1.635144e-12 1.021283e-04 1.713563e-32 3.911882e-12 1.843506e-27 9.650738e-27 5.767051e-09 4.448895e-12 1.140487e-08 8.710304e-07 4.058049e-04 4.042681e-24 9.389106e-09 2.792821e-20 2.592007e-16 3.100518e-11 1.012486e-14 2.018430e-01 1.511172e-15 4.824434e-13 4.658036e-13 1.069844e-11 1.010630e-10 1.194776e-24 4.170005e-25 1.747675e-29 6.763264e-11 1.797884e-17 7.975865e-01 5.343326e-12 8.000300e-10 1.194170e-20 1.461144e-23 2.734019e-20 9.448714e-20 1.896440e-14 3.557127e-16 1.292958e-13 8.471025e-10 2.994223e-07 2.248258e-17 1.080743e-16 2.721085e-18 1.843280e-13 7.020811e-11 3.222335e-09 7.254133e-15 3.294812e-09 8.062140e-12 1.016898e-20 2.028628e-12 1.427928e-22 9.891543e-13 3.044292e-13 1.081820e-13 7.161404e-12 1.392446e-22 3.832189e-10 5.559507e-19 2.661912e-18 4.256919e-15 1.539724e-08 1.169587e-16 2.628604e-16 1.019951e-27 6.995307e-17 1.026633e-09 2.203176e-14 1.694612e-20 1.404099e-08 1.282600e-08 6.686531e-14 3.880843e-11 2.310617e-12 4.562988e-13 1.650989e-10 8.157009e-15 4.565427e-17 5.405827e-13 5.500544e-13 4.423953e-19 1.921860e-16 3.472999e-15 1.789763e-19 1.716869e-31 3.120149e-22 1.687579e-21 1.387005e-48 0.000000e+00 6.672515e-74 4.105592e-16
8.203354e-03 3.558517e-13 2.028671e-05 4.161098e-05 1.601833e-17 1.424506e-15 7.603997e-24 1.478170e-36 7.091480e-23 1.954715e-12 1.017929e-04 2.998817e-32 4.977509e-12 3.017477e-27 1.352320e-26 5.741512e-09 5.157848e-12 1.189525e-08 8.977072e-07 4.060730e-04 5.202085e-24 1.053803e-08 3.713780e-20 3.171596e-16 3.347426e-11 9.168088e-15 2.018401e-01 1.565649e-15 5.033295e-13 4.218149e-13 1.276264e-11 8.511591e-11 3.988640e-24 5.094280e-25 2.609446e-29 6.871123e-11 2.000848e-17 7.975889e-01 5.071438e-12 8.810011e-10 1.199952e-20 1.506261e-23 2.706171e-20 8.884483e-20 2.096980e-14 4.380612e-16 1.360984e-13 9.520733e-10 2.986631e-07 2.329876e-17 1.205883e-16 2.842410e-18 1.879747e-13 8.865330e-11 3.566527e-09 7.225796e-15 3.145285e-09 8.295755e-12 1.236682e-20 1.131496e-12 1.933610e-22 1.118182e-12 3.041138e-13 1.312420e-13 7.986564e-12 1.755502e-22 3.756890e-10 5.299478e-19 2.925100e-18 4.590648e-15 1.683124e-08 8.141205e-17 2.623758e-16 1.651862e-27 6.850379e-17 1.009304e-09 2.454775e-14 1.811114e-20 1.221599e-08 1.321547e-08 6.829459e-14 3.865520e-11 2.080192e-12 4.640698e-13 1.632241e-10 6.790565e-15 5.660646e-17 5.609928e-13 5.734340e-13 4.810590e-19 1.967433e-16 3.627277e-15 1.879685e-19 1.667557e-31 4.065476e-22 2.400162e-21 3.223123e-48 0.000000e+00 9.916616e-77 8.638974e-17
7.122595e-03 4.166944e-13 2.073866e-05 4.183573e-05 2.361770e-17 2.215003e-15 9.722175e-24 2.478410e-36 9.948753e-23 2.320736e-12 1.014371e-04 5.108827e-32 6.226159e-12 4.821917e-27 1.869131e-26 5.711697e-09 5.888734e-12 1.237971e-08 9.258730e-07 4.063603e-04 6.527865e-24 1.189191e-08 4.896136e-20 3.817098e-16 3.575967e-11 7.747587e-15 2.018369e-01 1.624271e-15 5.258591e-13 3.851830e-13 1.530807e-11 7.139992e-11 1.314986e-23 6.220257e-25 3.950942e-29 6.984662e-11 2.224036e-17 7.975914e-01 4.795679e-12 9.533218e-10 1.198766e-20 1.522398e-23 2.627247e-20 8.372336e-20 2.261242e-14 5.335883e-16 1.434792e-13 1.051616e-09 2.978620e-07 2.417711e-17 1.351117e-16 2.973565e-18 1.916989e-13 1.112968e-10 3.951252e-09 7.221434e-15 3.012019e-09 8.185861e-12 1.522182e-20 6.224813e-13 2.578130e-22 1.282810e-12 2.854156e-13 1.582220e-13 9.071716e-12 2.188140e-22 3.686194e-10 5.044516e-19 3.200179e-18 5.058535e-15 1.802285e-08 4.995584e-17 2.618050e-16 2.595723e-27 6.439413e-17 1.020842e-09 2.714334e-14 1.857620e-20 1.067444e-08 1.357804e-08 6.983217e-14 3.849646e-11 1.850710e-12 4.724283e-13 1.461274e-10 5.036097e-15 7.015223e-17 5.830077e-13 5.985968e-13 5.180489e-19 2.016024e-16 3.793400e-15 1.976263e-19 1.615029e-31 5.302800e-22 3.339945e-21 7.405747e-48 0.000000e+00 1.621893e-79 1.121773e-17
6.184222e-03 4.836896e-13 2.122809e-05 4.207146e-05 3.450572e-17 3.402163e-15 1.233731e-23 4.118269e-36 1.376356e-22 2.743003e-12 1.010575e-04 8.497025e-32 7.738121e-12 7.601068e-27 2.532559e-26 5.672568e-09 6.630795e-12 1.286087e-08 9.555386e-07 4.066699e-04 8.043568e-24 1.331798e-08 6.354515e-20 4.540788e-16 3.783338e-11 6.425300e-15 2.018335e-01 1.687832e-15 5.504199e-13 3.499490e-13 1.807267e-11 5.958787e-11 4.077597e-23 7.612040e-25 5.875245e-29 7.104768e-11 2.441136e-17 7.975941e-01 4.521389e-12 1.033698e-09 1.190100e-20 1.540395e-23 2.518508e-20 7.894547e-20 2.420462e-14 6.513683e-16 1.515451e-13 1.141519e-09 2.970094e-07 2.512951e-17 1.466473e-16 3.115316e-18 1.954267e-13 1.390893e-10 4.322610e-09 7.152678e-15 2.883174e-09 7.911886e-12 1.860309e-20 3.333124e-13 3.396922e-22 1.487547e-12 2.602479e-13 1.906729e-13 1.051075e-11 2.694277e-22 3.619039e-10 4.790434e-19 3.496545e-18 5.638548e-15 1.903855e-08 2.904957e-17 2.612042e-16 3.965964e-27 5.835511e-17 1.056680e-09 3.110948e-14 1.864624e-20 9.344938e-09 1.390607e-08 7.149885e-14 3.833253e-11 1.623057e-12 4.814873e-13 1.262461e-10 3.659433e-15 8.668138e-17 6.069840e-13 6.258841e-13 5.590292e-19 2.068094e-16 3.973632e-15 2.080791e-19 1.558712e-31 6.821245e-22 4.580938e-21 1.639507e-47 0.000000e+00 2.892659e-82 8.473766e-19
5.369475e-03 5.584321e-13 2.174670e-05 4.231170e-05 4.989571e-17 5.140193e-15 1.553249e-23 6.805670e-36 1.888919e-22 3.238253e-12 1.006618e-04 1.381642e-31 9.546630e-12 1.180885e-26 3.348920e-26 5.620160e-09 7.367012e-12 1.332803e-08 9.857535e-07 4.069958e-04 9.760314e-24 1.469504e-08 8.086213e-20 5.350424e-16 3.963326e-11 5.408434e-15 2.018299e-01 1.755238e-15 5.766965e-13 3.156300e-13 2.079303e-11 4.977190e-11 1.185222e-22 9.339259e-25 8.431740e-29 7.228774e-11 2.642101e-17 7.975970e-01 4.260649e-12 1.132340e-09 1.175247e-20 1.582342e-23 2.399607e-20 7.452019e-20 2.592775e-14 7.982975e-16 1.601638e-13 1.214845e-09 2.961208e-07 2.613959e-17 1.538831e-16 3.263482e-18 1.989807e-13 1.722053e-10 4.655852e-09 6.991502e-15 2.754840e-09 7.593778e-12 2.237254e-20 1.750046e-13 4.439734e-22 1.744761e-12 2.375604e-13 2.311674e-13 1.236960e-11 3.277855e-22 3.556329e-10 4.539949e-19 3.819038e-18 6.303779e-15 1.991858e-08 1.706012e-17 2.606223e-16 5.874694e-27 5.134419e-17 1.109406e-09 3.810279e-14 1.852901e-20 8.192092e-09 1.418665e-08 7.326591e-14 3.816840e-11 1.404954e-12 4.910906e-13 1.116231e-10 2.813124e-15 1.062192e-16 6.325766e-13 6.548267e-13 6.081615e-19 2.122539e-16 4.164890e-15 2.191462e-19 1.499728e-31 8.620216e-22 6.231330e-21 3.438314e-47 0.000000e+00 5.735833e-85 3.834814e-20
4.662069e-03 6.402568e-13 2.229518e-05 4.255499e-05 7.158735e-17 7.717515e-15 1.945211e-23 1.114343e-35 2.582820e-22 3.837403e-12 1.002503e-04 2.200181e-31 1.169579e-11 1.811839e-26 4.363962e-26 5.550975e-09 8.099507e-12 1.377936e-08 1.016156e-06 4.073379e-04 1.165986e-23 1.599417e-08 1.008527e-19 6.246964e-16 4.115264e-11 4.497029e-15 2.018262e-01 1.826563e-15 6.048356e-13 2.832337e-13 2.338657e-11 4.171520e-11 3.193926e-22 1.145909e-24 1.185293e-28 7.356375e-11 2.832345e-17 7.976000e-01 4.017256e-12 1.252790e-09 1.156245e-20 1.635400e-23 2.280462e-20 7.040266e-20 2.777637e-14 9.833052e-16 1.693500e-13 1.269898e-09 2.951956e-07 2.720845e-17 1.578144e-16 3.416204e-18 2.022887e-13 2.112908e-10 4.963698e-09 6.727395e-15 2.625309e-09 7.261342e-12 2.652227e-20 8.929678e-14 5.777516e-22 2.068258e-12 2.209434e-13 2.828063e-13 1.474838e-11 3.945517e-22 3.497616e-10 4.291035e-19 4.181658e-18 7.101489e-15 2.070899e-08 1.041889e-17 2.600754e-16 8.449363e-27 4.404329e-17 1.173530e-09 5.141583e-14 1.816441e-20 7.166515e-09 1.442042e-08 7.513530e-14 3.800527e-11 1.199181e-12 5.012487e-13 1.048853e-10 2.310817e-15 1.292560e-16 6.598783e-13 6.854568e-13 6.623567e-19 2.179290e-16 4.367395e-15 2.308390e-19 1.438163e-31 1.077551e-21 8.442988e-21 7.051525e-47 0.000000e+00 1.266264e-87 1.035420e-21
4.047860e-03 7.302862e-13 2.287269e-05 4.279978e-05 1.015759e-16 1.148895e-14 2.420046e-23 1.814445e-35 3.506093e-22 4.543467e-12 9.982437e-05 3.437900e-31 1.420735e-11 2.739751e-26 5.549857e-26 5.462880e-09 8.788189e-12 1.421061e-08 1.046379e-06 4.076955e-04 1.374217e-23 1.718326e-08 1.235876e-19 7.221311e-16 4.238252e-11 3.841588e-15 2.018222e-01 1.901685e-15 6.349174e-13 2.531381e-13 2.570383e-11 3.515573e-11 8.137688e-22 1.409166e-24 1.614065e-28 7.487029e-11 3.004378e-17 7.976032e-01 3.793389e-12 1.396553e-09 1.135215e-20 1.715613e-23 2.165134e-20 6.658419e-20 2.973254e-14 1.214622e-15 1.790938e-13 1.303565e-09 2.942358e-07 2.833432e-17 1.587125e-16 3.571131e-18 2.052967e-13 2.568826e-10 5.268469e-09 6.402532e-15 2.496166e-09 6.924240e-12 3.104342e-20 4.604966e-14 7.496667e-22 2.475310e-12 2.108027e-13 3.496767e-13 1.780131e-11 4.694723e-22 3.442652e-10 4.042924e-19 4.601059e-18 8.002495e-15 2.143523e-08 6.749757e-18 2.595677e-16 1.176745e-26 3.694087e-17 1.246210e-09 7.451569e-14 1.774117e-20 6.238223e-09 1.461182e-08 7.710384e-14 3.784417e-11 1.008569e-12 5.119443e-13 1.059575e-10 2.105520e-15 1.558385e-16 6.889040e-13 7.177228e-13 7.277536e-19 2.238015e-16 4.580821e-15 2.431375e-19 1.374281e-31 1.338092e-21 1.135484e-20 1.373210e-46 0.000000e+00 3.118190e-90 1.753503e-23
3.514571e-03 8.256852e-13 2.347690e-05 4.304440e-05 1.424460e-16 1.707886e-14 2.996283e-23 2.924354e-35 4.720991e-22 5.385827e-12 9.938587e-05 5.277736e-31 1.708268e-11 4.080846e-26 6.915130e-26 5.355125e-09 9.397976e-12 1.461587e-08 1.076078e-06 4.080669e-04 1.593140e-23 1.825609e-08 1.485715e-19 8.240529e-16 4.331429e-11 3.288052e-15 2.018181e-01 1.980285e-15 6.669479e-13 2.259375e-13 2.767065e-11 2.986368e-11 1.957929e-21 1.733470e-24 2.154683e-28 7.620000e-11 3.163381e-17 7.976065e-01 3.590047e-12 1.564160e-09 1.114001e-20 1.811741e-23 2.054710e-20 6.307280e-20 3.162356e-14 1.499586e-15 1.893586e-13 1.312429e-09 2.932455e-07 2.951245e-17 1.573347e-16 3.725644e-18 2.079706e-13 3.093549e-10 5.595057e-09 6.021139e-15 2.370163e-09 6.563686e-12 3.599699e-20 2.407122e-14 9.726510e-22 2.995292e-12 2.060655e-13 4.386212e-13 2.176628e-11 5.527951e-22 3.391319e-10 3.795980e-19 5.095150e-18 9.068483e-15 2.210810e-08 4.608838e-18 2.590981e-16 1.583180e-26 3.035680e-17 1.327464e-09 1.142196e-13 1.715619e-20 5.391425e-09 1.476657e-08 7.916318e-14 3.768605e-11 8.354947e-13 5.231321e-13 1.139170e-10 2.063642e-15 1.862835e-16 7.195850e-13 7.514879e-13 8.026292e-19 2.298307e-16 4.804271e-15 2.559891e-19 1.308513e-31 1.660588e-21 1.514479e-20 2.585256e-46 0.000000e+00 8.609285e-93 1.924209e-25
3.051540e-03 9.244896e-13 2.411654e-05 4.329205e-05 1.972917e-16 2.548201e-14 3.693009e-23 4.664470e-35 6.274297e-22 6.365267e-12 9.892865e-05 7.976322e-31 2.036600e-11 5.999977e-26 8.430084e-26 5.225810e-09 9.895200e-12 1.499528e-08 1.105534e-06 4.084573e-04 1.815999e-23 1.922367e-08 1.754609e-19 9.269532e-16 4.395354e-11 2.829503e-15 2.018138e-01 2.063492e-15 7.015323e-13 2.014397e-13 2.928959e-11 2.555067e-11 4.473299e-21 2.134740e-24 2.834755e-28 7.757075e-11 3.308214e-17 7.976100e-01 3.403715e-12 1.752459e-09 1.093617e-20 1.919232e-23 1.946399e-20 5.981581e-20 3.331986e-14 1.850772e-15 2.002973e-13 1.299774e-09 2.922107e-07 3.075978e-17 1.542089e-16 3.880095e-18 2.103392e-13 3.700508e-10 5.987701e-09 5.612779e-15 2.247931e-09 6.157537e-12 4.157073e-20 1.276541e-14 1.262357e-21 3.651310e-12 2.049262e-13 5.571614e-13 2.691136e-11 6.437385e-22 3.342613e-10 3.546583e-19 5.691985e-18 1.032571e-14 2.274137e-08 3.271107e-18 2.586542e-16 2.059619e-26 2.436668e-17 1.421247e-09 1.795840e-13 1.643377e-20 4.604590e-09 1.489332e-08 8.134289e-14 3.752866e-11 6.786640e-13 5.349726e-13 1.274802e-10 2.127161e-15 2.212594e-16 7.524132e-13 7.872374e-13 8.886722e-19 2.360847e-16 5.040967e-15 2.695782e-19 1.240094e-31 2.074071e-21 1.992949e-20 4.700628e-46 0.000000e+00 2.630188e-95 1.392792e-27
2.649512e-03 1.022397e-12 2.478486e-05 4.354003e-05 2.696250e-16 3.834844e-14 4.535882e-23 7.341891e-35 8.190380e-22 7.479166e-12 9.845755e-05 1.187495e-30 2.401750e-11 8.693856e-26 1.006877e-25 5.076703e-09 1.024677e-11 1.533835e-08 1.134357e-06 4.088628e-04 2.030431e-23 2.007791e-08 2.032449e-19 1.025332e-15 4.429048e-11 2.408329e-15 2.018092e-01 2.150413e-15 7.384511e-13 1.795936e-13 3.060461e-11 2.208233e-11 9.689263e-21 2.627927e-24 3.709184e-28 7.896740e-11 3.450992e-17 7.976136e-01 3.235309e-12 1.954207e-09 1.075199e-20 2.028837e-23 1.839357e-20 5.684423e-20 3.465711e-14 2.272722e-15 2.117980e-13 1.268993e-09 2.911425e-07 3.206301e-17 1.501558e-16 4.031166e-18 2.123800e-13 4.388993e-10 6.496343e-09 5.203212e-15 2.132779e-09 5.696710e-12 4.804411e-20 6.848132e-15 1.639832e-21 4.476934e-12 2.053893e-13 7.156631e-13 3.347518e-11 7.420082e-22 3.296820e-10 3.297666e-19 6.402976e-18 1.179328e-14 2.332709e-08 2.363528e-18 2.582345e-16 2.590359e-26 1.911865e-17 1.530717e-09 2.871207e-13 1.552109e-20 3.882947e-09 1.499657e-08 8.361962e-14 3.737349e-11 5.404071e-13 5.473391e-13 1.446738e-10 2.221895e-15 2.608946e-16 7.870819e-13 8.245883e-13 9.851449e-19 2.424782e-16 5.288384e-15 2.837591e-19 1.169956e-31 2.624295e-21 2.574737e-20 8.322235e-46 0.000000e+00 9.002304e-98 6.848757e-30
2.300449e-03 1.121706e-12 2.549125e-05 4.379201e-05 3.645221e-16 5.847575e-14 5.549050e-23 1.146368e-34 1.045232e-21 8.658008e-12 9.796583e-05 1.744619e-30 2.807639e-11 1.244058e-25 1.178509e-25 4.906758e-09 1.046738e-11 1.564299e-08 1.162940e-06 4.092890e-04 2.237123e-23 2.082994e-08 2.322361e-19 1.120976e-15 4.433708e-11 2.071078e-15 2.018045e-01 2.242263e-15 7.783729e-13 1.600087e-13 3.190853e-11 1.925492e-11 1.998436e-20 3.239286e-24 4.844151e-28 8.040957e-11 3.602812e-17 7.976174e-01 3.081117e-12 2.153559e-09 1.059003e-20 2.141836e-23 1.729669e-20 5.410941e-20 3.566995e-14 2.778942e-15 2.240266e-13 1.236858e-09 2.900260e-07 3.344041e-17 1.458080e-16 4.179525e-18 2.141340e-13 5.174111e-10 7.221332e-09 4.858277e-15 2.024558e-09 5.182036e-12 5.600318e-20 3.816696e-15 2.120944e-21 5.456374e-12 2.052717e-13 9.163280e-13 4.145333e-11 8.455043e-22 3.253088e-10 3.046331e-19 7.244528e-18 1.336128e-14 2.386938e-08 1.705829e-18 2.578276e-16 3.182845e-26 1.456889e-17 1.662024e-09 4.522415e-13 1.455916e-20 3.218148e-09 1.508295e-08 8.602522e-14 3.721801e-11 4.190654e-13 5.604044e-13 1.630090e-10 2.333506e-15 3.057338e-16 8.241132e-13 8.640633e-13 1.097773e-18 2.490791e-16 5.549993e-15 2.987297e-19 1.097341e-31 3.397390e-21 3.249219e-20 1.425387e-45 0.000000e+00 3.407240e-100 2.336806e-32
1.997374e-03 1.226577e-12 2.621236e-05 4.404018e-05 4.890930e-16 9.037713e-14 6.763053e-23 1.782193e-34 1.304261e-21 9.826941e-12 9.746944e-05 2.527963e-30 3.238955e-11 1.750797e-25 1.358434e-25 4.723294e-09 1.060152e-11 1.589467e-08 1.190404e-06 4.097220e-04 2.441724e-23 2.146746e-08 2.629338e-19 1.219748e-15 4.412193e-11 1.804332e-15 2.017996e-01 2.335996e-15 8.201021e-13 1.427493e-13 3.357202e-11 1.701811e-11 3.922388e-20 3.991799e-24 6.340307e-28 8.185068e-11 3.797598e-17 7.976213e-01 2.944360e-12 2.330178e-09 1.045686e-20 2.264100e-23 1.618815e-20 5.168380e-20 3.640467e-14 3.358265e-15 2.365809e-13 1.217683e-09 2.888981e-07 3.484633e-17 1.420958e-16 4.319252e-18 2.155713e-13 6.033579e-10 8.271630e-09 4.633912e-15 1.927326e-09 4.645022e-12 6.617004e-20 2.290504e-15 2.718810e-21 6.565623e-12 2.025809e-13 1.153278e-12 5.030995e-11 9.539120e-22 3.212584e-10 2.801433e-19 8.169859e-18 1.484601e-14 2.434711e-08 1.206332e-18 2.574414e-16 3.858027e-26 1.083963e-17 1.814458e-09 6.933276e-13 1.362288e-20 2.634145e-09 1.515416e-08 8.847986e-14 3.706678e-11 3.180154e-13 5.737351e-13 1.788120e-10 2.429180e-15 3.544540e-16 8.622999e-13 9.043527e-13 1.228448e-18 2.556499e-16 5.817119e-15 3.139936e-19 1.024880e-31 4.525686e-21 4.005859e-20 2.366717e-45 0.000000e+00 1.474076e-102 5.933805e-35
1.734228e-03 1.350338e-12 2.696341e-05 4.429048e-05 6.580606e-16 1.428477e-13 8.215237e-23 2.785416e-34 1.598047e-21 1.086614e-11 9.695748e-05 3.619789e-30 3.702653e-11 2.434562e-25 1.559855e-25 4.524422e-09 1.074928e-11 1.609734e-08 1.217444e-06 4.101711e-04 2.669178e-23 2.202062e-08 2.982820e-19 1.341294e-15 4.368840e-11 1.606974e-15 2.017946e-01 2.433588e-15 8.646280e-13 1.274461e-13 3.631630e-11 1.520193e-11 7.300038e-20 4.922905e-24 8.404270e-28 8.332303e-11 4.068135e-17 7.976254e-01 2.820122e-12 2.460479e-09 1.034720e-20 2.393259e-23 1.502900e-20 4.949172e-20 3.699500e-14 4.026708e-15 2.497275e-13 1.238568e-09 2.877346e-07 3.631047e-17 1.392897e-16 4.452554e-18 2.167586e-13 6.987475e-10 9.881100e-09 4.612337e-15 1.838815e-09 4.100371e-12 7.988757e-20 1.527894e-15 3.414688e-21 7.667529e-12 1.957483e-13 1.389063e-12 5.902693e-11 1.064377e-21 3.174137e-10 2.558535e-19 9.137197e-18 1.601786e-14 2.476876e-08 8.210782e-19 2.570630e-16 4.716386e-26 7.793754e-18 1.993447e-09 1.035774e-12 1.284171e-20 2.120888e-09 1.521550e-08 9.103537e-14 3.691590e-11 2.339712e-13 5.876125e-13 1.893555e-10 2.501338e-15 4.076201e-16 9.024568e-13 9.463066e-13 1.381203e-18 2.623204e-16 6.095399e-15 3.298733e-19 9.512823e-32 6.279636e-21 4.841253e-20 3.871286e-45 0.000000e+00 7.135237e-105 1.131824e-37
1.505751e-03 1.505639e-12 2.775204e-05 4.454590e-05 8.923116e-16 2.321912e-13 9.945881e-23 4.401784e-34 1.930584e-21 1.167460e-11 9.642449e-05 5.128891e-30 4.201993e-11 3.351930e-25 1.793453e-25 4.309862e-09 1.093608e-11 1.625361e-08 1.244403e-06 4.106409e-04 2.942530e-23 2.249975e-08 3.411699e-19 1.504988e-15 4.308593e-11 1.479425e-15 2.017894e-01 2.536028e-15 9.125410e-13 1.139199e-13 4.077041e-11 1.370540e-11 1.290830e-19 6.080627e-24 1.130959e-27 8.484271e-11 4.439109e-17 7.976296e-01 2.705871e-12 2.528705e-09 1.025594e-20 2.531273e-23 1.380140e-20 4.749540e-20 3.734753e-14 4.796547e-15 2.636033e-13 1.317027e-09 2.865235e-07 3.784773e-17 1.369742e-16 4.579627e-18 2.177361e-13 8.047686e-10 1.239815e-08 4.875172e-15 1.757875e-09 3.565629e-12 9.888116e-20 1.170736e-15 4.171762e-21 8.623391e-12 1.838834e-13 1.577762e-12 6.657040e-11 1.173676e-21 3.137169e-10 2.316536e-19 1.004740e-17 1.670265e-14 2.513692e-08 5.305705e-19 2.566854e-16 5.883400e-26 5.355830e-18 2.202118e-09 1.497132e-12 1.227974e-20 1.675671e-09 1.527005e-08 9.371758e-14 3.676340e-11 1.653183e-13 6.021771e-13 1.927959e-10 2.558092e-15 4.653495e-16 9.450092e-13 9.903496e-13 1.562045e-18 2.691440e-16 6.387650e-15 3.465293e-19 8.761544e-32 9.140246e-21 5.753084e-20 6.263491e-45 0.000000e+00 3.827139e-107 1.662096e-40
1.307374e-03 1.693906e-12 2.856637e-05 4.480294e-05 1.215176e-15 3.882361e-13 1.200460e-22 7.008318e-34 2.302689e-21 1.222753e-11 9.587829e-05 7.191898e-30 4.728279e-11 4.565648e-25 2.059781e-25 4.084675e-09 1.105838e-11 1.636572e-08 1.270946e-06 4.111245e-04 3.263823e-23 2.289304e-08 3.919957e-19 1.715182e-15 4.238471e-11 1.397531e-15 2.017839e-01 2.641760e-15 9.632498e-13 1.020851e-13 4.722916e-11 1.248498e-11 2.176202e-19 7.515277e-24 1.541583e-27 8.638829e-11 4.922815e-17 7.976340e-01 2.602155e-12 2.533903e-09 1.017804e-20 2.674902e-23 1.252784e-20 4.570704e-20 3.701713e-14 5.661575e-15 2.780009e-13 1.452350e-09 2.852831e-07 3.943484e-17 1.341677e-16 4.697363e-18 2.185192e-13 9.197866e-10 1.626114e-08 5.495893e-15 1.685157e-09 3.062009e-12 1.251439e-19 1.030793e-15 4.978720e-21 9.417907e-12 1.672800e-13 1.707033e-12 7.249800e-11 1.281034e-21 3.102035e-10 2.080609e-19 1.074101e-17 1.690943e-14 2.544744e-08 3.228517e-19 2.563118e-16 7.445608e-26 3.503095e-18 2.437072e-09 2.097483e-12 1.186216e-20 1.302383e-09 1.531884e-08 9.648583e-14 3.661119e-11 1.119064e-13 6.172079e-13 1.889747e-10 2.590832e-15 5.267046e-16 9.893287e-13 1.035814e-12 1.774713e-18 2.760051e-16 6.689442e-15 3.637091e-19 8.010600e-32 1.389177e-20 6.720946e-20 1.000195e-44 0.000000e+00 2.309779e-109 1.968832e-43
1.135133e-03 1.912837e-12 2.940967e-05 4.506306e-05 1.655187e-15 6.691151e-13 1.444946e-22 1.119534e-33 2.713676e-21 1.251750e-11 9.531645e-05 9.990325e-30 5.282696e-11 6.163065e-25 2.353456e-25 3.850063e-09 1.094815e-11 1.644166e-08 1.297267e-06 4.116238e-04 3.628058e-23 2.319170e-08 4.503310e-19 1.970580e-15 4.164261e-11 1.345540e-15 2.017783e-01 2.751202e-15 1.017064e-12 9.181388e-14 5.607355e-11 1.148061e-11 3.505344e-19 9.296599e-24 2.127980e-27 8.796791e-11 5.521900e-17 7.976385e-01 2.507399e-12 2.478263e-09 1.010304e-20 2.811006e-23 1.121567e-20 4.409906e-20 3.543755e-14 6.629877e-15 2.929787e-13 1.643652e-09 2.840080e-07 4.107815e-17 1.295462e-16 4.805213e-18 2.191423e-13 1.043865e-09 2.214575e-08 6.626747e-15 1.619605e-09 2.597032e-12 1.618040e-19 1.030274e-15 5.830332e-21 1.005063e-11 1.467413e-13 1.783156e-12 7.674493e-11 1.385988e-21 3.068367e-10 1.851466e-19 1.106105e-17 1.670786e-14 2.570560e-08 1.833326e-19 2.559385e-16 9.515503e-26 2.154014e-18 2.697438e-09 2.856807e-12 1.151433e-20 9.929948e-10 1.536353e-08 9.935104e-14 3.645829e-11 7.191073e-14 6.327643e-13 1.789881e-10 2.596967e-15 5.917311e-16 1.035602e-12 1.082879e-12 2.026048e-18 2.829236e-16 7.001963e-15 3.814808e-19 7.262171e-32 2.190428e-20 7.699920e-20 1.572790e-44 0.000000e+00 1.562066e-111 1.925899e-46
9.855837e-04 2.157777e-12 3.027952e-05 4.532589e-05 2.246374e-15 1.185007e-12 1.734842e-22 1.787837e-33 3.175510e-21 1.257845e-11 9.474036e-05 1.375652e-29 5.863150e-11 8.251194e-25 2.665404e-25 3.609241e-09 1.043122e-11 1.648965e-08 1.323372e-06 4.121374e-04 4.027654e-23 2.338222e-08 5.150782e-19 2.264883e-15 4.091549e-11 1.312454e-15 2.017726e-01 2.864034e-15 1.073896e-12 8.311155e-14 6.779210e-11 1.065101e-11 5.403112e-19 1.151285e-23 2.973522e-27 8.957909e-11 6.239951e-17 7.976432e-01 2.420886e-12 2.367131e-09 1.001642e-20 2.925332e-23 9.889292e-21 4.265738e-20 3.221499e-14 7.703091e-15 3.084941e-13 1.885915e-09 2.827018e-07 4.277290e-17 1.220383e-16 4.902063e-18 2.196323e-13 1.175894e-09 3.089973e-08 8.508871e-15 1.560672e-09 2.180538e-12 2.135565e-19 1.150442e-15 6.730572e-21 1.053130e-11 1.236876e-13 1.827446e-12 7.918563e-11 1.490521e-21 3.036059e-10 1.631661e-19 1.086980e-17 1.614480e-14 2.591537e-08 9.643324e-20 2.555649e-16 1.225613e-25 1.233166e-18 2.979251e-09 3.791821e-12 1.117626e-20 7.410352e-10 1.540510e-08 1.023048e-13 3.630478e-11 4.365194e-14 6.488006e-13 1.644800e-10 2.581936e-15 6.597737e-16 1.083701e-12 1.131407e-12 2.323687e-18 2.898723e-16 7.324288e-15 3.997924e-19 6.525188e-32 3.536091e-20 8.648059e-20 2.429484e-44 0.000000e+00 1.187059e-113 1.599506e-49
8.557371e-04 2.432521e-12 3.119504e-05 4.559752e-05 3.030707e-15 2.146321e-12 2.075432e-22 2.859822e-33 3.723422e-21 1.241514e-11 9.413715e-05 1.881076e-29 6.482641e-11 1.098145e-24 2.977771e-25 3.360158e-09 9.403360e-12 1.651854e-08 1.349905e-06 4.126767e-04 4.469069e-23 2.345554e-08 5.870586e-19 2.598676e-15 4.023215e-11 1.330102e-15 2.017665e-01 2.982737e-15 1.135008e-12 7.600423e-14 8.338352e-11 9.943953e-12 8.024030e-19 1.432017e-23 4.192516e-27 9.125934e-11 7.069066e-17 7.976481e-01 2.340038e-12 2.202105e-09 9.895490e-21 3.013001e-23 8.549701e-21 4.133660e-20 2.734512e-14 8.910134e-15 3.248906e-13 2.180948e-09 2.813355e-07 4.455645e-17 1.110371e-16 4.989431e-18 2.200234e-13 1.317716e-09 4.378827e-08 1.153316e-14 1.506521e-09 1.813481e-12 2.886486e-19 1.439981e-15 7.649792e-21 1.076479e-11 9.933936e-14 1.852016e-12 7.924978e-11 1.593179e-21 3.004255e-10 1.418893e-19 1.008036e-17 1.515817e-14 2.608486e-08 4.636471e-20 2.551815e-16 1.606367e-25 6.434423e-19 3.283997e-09 4.768503e-12 1.089668e-20 5.357442e-10 1.544545e-08 1.054121e-13 3.614701e-11 2.473627e-14 6.656696e-13 1.467387e-10 2.599263e-15 7.311017e-16 1.134698e-12 1.182464e-12 2.686285e-18 2.969931e-16 7.663506e-15 4.190470e-19 5.793019e-32 5.788569e-20 9.526922e-20 3.629094e-44 0.000000e+00 9.911491e-116 1.160034e-52
7.429971e-04 2.736774e-12 3.220790e-05 4.589328e-05 4.071359e-15 3.996830e-12 2.475399e-22 4.586119e-33 4.436192e-21 1.202018e-11 9.347274e-05 2.562218e-29 7.177935e-11 1.461150e-24 3.285120e-25 3.093429e-09 7.861691e-12 1.653600e-08 1.378370e-06 4.132721e-04 4.951017e-23 2.340446e-08 6.667223e-19 2.970368e-15 3.959619e-11 1.391985e-15 2.017598e-01 3.114014e-15 1.203802e-12 7.037178e-14 1.050145e-10 9.299852e-12 1.135510e-18 1.795511e-23 6.057691e-27 9.310493e-11 8.014970e-17 7.976535e-01 2.260411e-12 1.977070e-09 9.703893e-21 3.027061e-23 7.168206e-21 4.006268e-20 2.113392e-14 1.033025e-14 3.431017e-13 2.542159e-09 2.798324e-07 4.652967e-17 9.645732e-17 5.071211e-18 2.203506e-13 1.476097e-09 6.294572e-08 1.644824e-14 1.454115e-09 1.487673e-12 4.043878e-19 1.987753e-15 8.504726e-21 1.049316e-11 7.446310e-14 1.857730e-12 7.577615e-11 1.693048e-21 2.971182e-10 1.205688e-19 8.627874e-18 1.364998e-14 2.622296e-08 1.951148e-20 2.547665e-16 2.194815e-25 2.909008e-19 3.621961e-09 5.761881e-12 1.064159e-20 3.656885e-10 1.548736e-08 1.088483e-13 3.597605e-11 1.272279e-14 6.843236e-13 1.262992e-10 2.639807e-15 8.084019e-16 1.191510e-12 1.238936e-12 3.142768e-18 3.046733e-16 8.038773e-15 4.403315e-19 5.040571e-32 9.601553e-20 1.026276e-19 5.308012e-44 0.000000e+00 8.637912e-118 7.246897e-56
6.451103e-04 3.079141e-12 3.334419e-05 4.622050e-05 5.429948e-15 7.516508e-12 2.939019e-22 7.394018e-33 5.496020e-21 1.147957e-11 9.273017e-05 3.482142e-29 7.971178e-11 1.944862e-24 3.565832e-25 2.809421e-09 6.024450e-12 1.654758e-08 1.409458e-06 4.139389e-04 5.489369e-23 2.321410e-08 7.565817e-19 3.376431e-15 3.903570e-11 1.554752e-15 2.017523e-01 3.261242e-15 1.281738e-12 6.595300e-14 1.344702e-10 8.688327e-12 1.549991e-18 2.279951e-23 8.898045e-27 9.516451e-11 9.029259e-17 7.976596e-01 2.180753e-12 1.712025e-09 9.396314e-21 2.972247e-23 5.781099e-21 3.881425e-20 1.463351e-14 1.201779e-14 3.636084e-13 2.952572e-09 2.781544e-07 4.874350e-17 7.945423e-17 5.148316e-18 2.206294e-13 1.653669e-09 9.038005e-08 2.375965e-14 1.402551e-09 1.210672e-12 5.874793e-19 2.939423e-15 9.254964e-21 9.512629e-12 5.112806e-14 1.864184e-12 6.781093e-11 1.778056e-21 2.936148e-10 9.934896e-20 6.651266e-18 1.157256e-14 2.632889e-08 6.956386e-21 2.543094e-16 3.167170e-25 1.094012e-19 3.989440e-09 6.437990e-12 1.048427e-20 2.299050e-10 1.553246e-08 1.127019e-13 3.578768e-11 5.959680e-15 7.052421e-13 1.043939e-10 2.776751e-15 8.915082e-16 1.255663e-12 1.302275e-12 3.733571e-18 3.130673e-16 8.459751e-15 4.641928e-19 4.274510e-32 1.587030e-19 1.088420e-19 7.448832e-44 0.000000e+00 7.723503e-120 4.303298e-59
5.601196e-04 3.476242e-12 3.465151e-05 4.659251e-05 7.259964e-15 1.414795e-11 3.482123e-22 1.201766e-32 7.329890e-21 1.101757e-11 9.187859e-05 4.731782e-29 8.903886e-11 2.600991e-24 3.867003e-25 2.507099e-09 4.259331e-12 1.655825e-08 1.444402e-06 4.147048e-04 6.120518e-23 2.287507e-08 8.619954e-19 3.829405e-15 3.857330e-11 1.787682e-15 2.017437e-01 3.430579e-15 1.371139e-12 6.187507e-14 1.732773e-10 8.070078e-12 2.027281e-18 2.936751e-23 1.341037e-26 9.752547e-11 1.005411e-16 7.976666e-01 2.099016e-12 1.441623e-09 8.914174e-21 2.816861e-23 4.429599e-21 3.755680e-20 9.050974e-15 1.406812e-14 3.872853e-13 3.382882e-09 2.762327e-07 5.129077e-17 6.174746e-17 5.223097e-18 2.208752e-13 1.856519e-09 1.281035e-07 3.386972e-14 1.350358e-09 9.873443e-13 8.797745e-19 4.361361e-15 9.923267e-21 7.660235e-12 3.127589e-14 1.875278e-12 5.499675e-11 1.826839e-21 2.897950e-10 7.833148e-20 4.461318e-18 9.008075e-15 2.640002e-08 1.972603e-21 2.537917e-16 4.820203e-25 3.230889e-20 4.379327e-09 7.057304e-12 1.037217e-20 1.277843e-10 1.558247e-08 1.171338e-13 3.557429e-11 2.637813e-15 7.292992e-13 8.212897e-11 2.950433e-15 9.815120e-16 1.329925e-12 1.375131e-12 4.516762e-18 3.224743e-16 8.944051e-15 4.916278e-19 3.500546e-32 2.588479e-19 1.161474e-19 1.051775e-43 0.000000e+00 6.904753e-122 3.540205e-57
4.863261e-04 4.072308e-12 3.614944e-05 4.701445e-05 9.833780e-15 2.545508e-11 4.094126e-22 2.015061e-32 1.051365e-20 1.091292e-11 9.090543e-05 6.436083e-29 1.000546e-10 3.484042e-24 4.259473e-25 2.197296e-09 2.949551e-12 1.657185e-08 1.483646e-06 4.155811e-04 7.094849e-23 2.237791e-08 1.011239e-18 4.437638e-15 3.824730e-11 2.423313e-15 2.017337e-01 3.624558e-15 1.471101e-12 5.705639e-14 2.162993e-10 7.420867e-12 2.773802e-18 3.853129e-23 1.913985e-26 1.002243e-10 1.088542e-16 7.976746e-01 2.015625e-12 1.239142e-09 8.216748e-21 2.755531e-23 3.210866e-21 3.629200e-20 5.384059e-15 1.654407e-14 4.145073e-13 3.761356e-09 2.740396e-07 5.420991e-17 4.540007e-17 5.296331e-18 2.210942e-13 2.086935e-09 1.757171e-07 4.429001e-14 1.297553e-09 8.304913e-13 1.290810e-18 6.452832e-15 1.067648e-20 5.243395e-12 1.685985e-14 1.882228e-12 3.923552e-11 1.740294e-21 2.856363e-10 5.848133e-20 2.599334e-18 6.223962e-15 2.643001e-08 4.427300e-22 2.532064e-16 7.284391e-25 7.345355e-21 4.760440e-09 6.626225e-12 1.084768e-20 6.064700e-11 1.563915e-08 1.222103e-13 3.533301e-11 1.260647e-15 7.568539e-13 6.127295e-11 3.370289e-15 1.074555e-15 1.415511e-12 1.458597e-12 5.605003e-18 3.329121e-16 9.498929e-15 5.230460e-19 2.756006e-32 4.065942e-19 1.319632e-19 1.409125e-43 0.000000e+00 6.156394e-124 7.709534e-54
4.222546e-04 5.080560e-12 3.785870e-05 4.749154e-05 1.404305e-14 4.346306e-11 4.803005e-22 3.545661e-32 1.620281e-20 1.167471e-11 8.979776e-05 8.764759e-29 1.131577e-10 4.691272e-24 5.025080e-25 1.893810e-09 2.167027e-12 1.659137e-08 1.527642e-06 4.165794e-04 8.799594e-23 2.173627e-08 1.243852e-18 5.392865e-15 3.809712e-11 3.610300e-15 2.017224e-01 3.845802e-15 1.579142e-12 5.119850e-14 2.560612e-10 6.725806e-12 4.084841e-18 5.104262e-23 2.520797e-26 1.032982e-10 1.145505e-16 7.976837e-01 1.931165e-12 1.159753e-09 7.307833e-21 2.868246e-23 2.205187e-21 3.502198e-20 3.523244e-15 1.952239e-14 4.456643e-13 4.034442e-09 2.715468e-07 5.754075e-17 3.180076e-17 5.369208e-18 2.212909e-13 2.348124e-09 2.304319e-07 5.288111e-14 1.244151e-09 7.452753e-13 1.749079e-18 8.860274e-15 1.175482e-20 2.942235e-12 8.024546e-15 1.881962e-12 2.418576e-11 1.478039e-21 2.811203e-10 4.092890e-20 1.331493e-18 3.753030e-15 2.641655e-08 7.766785e-23 2.525464e-16 1.005970e-24 1.287887e-21 5.091544e-09 6.070925e-12 1.209379e-20 2.398211e-11 1.570230e-08 1.279998e-13 3.506093e-11 7.460522e-16 7.882773e-13 4.328173e-11 3.829199e-15 1.170571e-15 1.513701e-12 1.553801e-12 7.099710e-18 3.444162e-16 1.013189e-14 5.588707e-19 2.080328e-32 6.102710e-19 1.714155e-19 2.000112e-43 0.000000e+00 5.493166e-126 1.604225e-50
3.666242e-04 6.750078e-12 3.980288e-05 4.802969e-05 2.100315e-14 6.933406e-11 5.600725e-22 6.548186e-32 2.538081e-20 1.325888e-11 8.854064e-05 1.196035e-28 1.289085e-10 6.340832e-24 6.326218e-25 1.611402e-09 1.755007e-12 1.661930e-08 1.576920e-06 4.177131e-04 1.168056e-22 2.094289e-08 1.591607e-18 6.826107e-15 3.816921e-11 6.302943e-15 2.017096e-01 4.097340e-15 1.690995e-12 4.473169e-14 2.832507e-10 5.987332e-12 6.880556e-18 6.799417e-23 2.900319e-26 1.067894e-10 1.171897e-16 7.976941e-01 1.846140e-12 1.223620e-09 6.248554e-21 3.369945e-23 1.448832e-21 3.374699e-20 2.828781e-15 2.310746e-14 4.812062e-13 4.183957e-09 2.687212e-07 6.132936e-17 2.136642e-17 5.442934e-18 2.214674e-13 2.643778e-09 2.883784e-07 5.669005e-14 1.190087e-09 7.320001e-13 2.117499e-18 1.158908e-14 1.325379e-20 1.347904e-12 3.428038e-15 1.899338e-12 1.300530e-11 1.037952e-21 2.762265e-10 2.664962e-20 6.281098e-19 1.963799e-15 2.636386e-08 1.112336e-23 2.518032e-16 1.182945e-24 1.785721e-22 5.336331e-09 4.951555e-12 1.455319e-20 7.874148e-12 1.577310e-08 1.345813e-13 3.475486e-11 5.521149e-16 8.239980e-13 2.896018e-11 4.367573e-15 1.269885e-15 1.626011e-12 1.662050e-12 9.195207e-18 3.569526e-16 1.085158e-14 5.995905e-19 1.504376e-32 8.709892e-19 2.502757e-19 2.803304e-43 0.000000e+00 4.896887e-128 3.104614e-47
3.183230e-04 9.202015e-12 4.200505e-05 4.863422e-05 3.214012e-14 1.048718e-10 6.504210e-22 1.237232e-31 3.952842e-20 1.542197e-11 8.711989e-05 1.635864e-28 1.480104e-10 8.618047e-24 8.318044e-25 1.363530e-09 1.523947e-12 1.665810e-08 1.632003e-06 4.189948e-04 1.601973e-22 1.999634e-08 2.053380e-18 8.700587e-15 3.852393e-11 1.201334e-14 2.016950e-01 4.382072e-15 1.801001e-12 3.812667e-14 2.964567e-10 5.227280e-12 1.270997e-17 9.059166e-23 3.018008e-26 1.107377e-10 1.176958e-16 7.977059e-01 1.761028e-12 1.414122e-09 5.141358e-21 4.332657e-23 9.263073e-22 3.246836e-20 2.694276e-15 2.743791e-14 5.215681e-13 4.228395e-09 2.655314e-07 6.562015e-17 1.391584e-17 5.518532e-18 2.216237e-13 2.976948e-09 3.463839e-07 5.602583e-14 1.135342e-09 7.870736e-13 2.352758e-18 1.440960e-14 1.518631e-20 5.182090e-13 1.339125e-15 1.982369e-12 6.325870e-12 5.776749e-22 2.709398e-10 1.612449e-20 2.816816e-19 9.058987e-16 2.628026e-08 1.342104e-24 2.509689e-16 1.171209e-24 2.018695e-23 5.478935e-09 3.765021e-12 1.810248e-20 2.196493e-12 1.585167e-08 1.420305e-13 3.441195e-11 4.637464e-16 8.644259e-13 1.841353e-11 4.807238e-15 1.376751e-15 1.753978e-12 1.784593e-12 1.210855e-17 3.704577e-16 1.166629e-14 6.456729e-19 1.043043e-32 1.190648e-18 3.830034e-19 3.843601e-43 0.000000e+00 4.368074e-130 5.012545e-44
2.763852e-04 1.251316e-11 4.449176e-05 4.931125e-05 4.901738e-14 1.523769e-10 7.521058e-22 2.341862e-31 6.034124e-20 1.776558e-11 8.551911e-05 2.243555e-28 1.713678e-10 1.178303e-23 1.117416e-24 1.160957e-09 1.364992e-12 1.671050e-08 1.693555e-06 4.204388e-04 2.210361e-22 1.890246e-08 2.610757e-18 1.087105e-14 3.923616e-11 2.416446e-14 2.016785e-01 4.703342e-15 1.902624e-12 3.172425e-14 2.981476e-10 4.474840e-12 2.461105e-17 1.205952e-22 2.943479e-26 1.151889e-10 1.169072e-16 7.977192e-01 1.676031e-12 1.709801e-09 4.087934e-21 5.872401e-23 5.893877e-22 3.118506e-20 2.780050e-15 3.270493e-14 5.672505e-13 4.191441e-09 2.619410e-07 7.046447e-17 8.894580e-18 5.597136e-18 2.217597e-13 3.350760e-09 4.028934e-07 5.208492e-14 1.079832e-09 9.063003e-13 2.502100e-18 1.711982e-14 1.752793e-20 1.765726e-13 4.853787e-16 2.156079e-12 2.923090e-12 2.492246e-22 2.652365e-10 9.123842e-21 1.225485e-19 3.764315e-16 2.617303e-08 1.404884e-25 2.500344e-16 1.010864e-24 1.912363e-24 5.527105e-09 2.661427e-12 2.264287e-20 5.459973e-13 1.593854e-08 1.504345e-13 3.402898e-11 4.090610e-16 9.100331e-13 1.116893e-11 5.098855e-15 1.495234e-15 1.899426e-12 1.922871e-12 1.611063e-17 3.848396e-16 1.258556e-14 6.976560e-19 6.940915e-33 1.572675e-18 5.780589e-19 4.990692e-43 0.000000e+00 3.899942e-132 6.309102e-41
2.399726e-04 1.679190e-11 4.729028e-05 5.006700e-05 7.356154e-14 2.146592e-10 8.654994e-22 4.403100e-31 8.978687e-20 1.994527e-11 8.372153e-05 3.086663e-28 2.000880e-10 1.620374e-23 1.520141e-24 1.012748e-09 1.234240e-12 1.677958e-08 1.762334e-06 4.220600e-04 3.040558e-22 1.768728e-08 3.245208e-18 1.316639e-14 4.039712e-11 4.934073e-14 2.016600e-01 5.064565e-15 1.988538e-12 2.581681e-14 2.916951e-10 3.757888e-12 4.861028e-17 1.604409e-22 2.753890e-26 1.201896e-10 1.152519e-16 7.977343e-01 1.591212e-12 2.099102e-09 3.160857e-21 8.198731e-23 3.827109e-22 2.989543e-20 2.927376e-15 3.915680e-14 6.187672e-13 4.086902e-09 2.579127e-07 7.591503e-17 5.648436e-18 5.679958e-18 2.218755e-13 3.768395e-09 4.573953e-07 4.621776e-14 1.023498e-09 1.086640e-12 2.619625e-18 1.946464e-14 2.026294e-20 5.735072e-14 1.651352e-16 2.423102e-12 1.344708e-12 8.454632e-23 2.590895e-10 4.887559e-21 5.327261e-20 1.436435e-16 2.604631e-08 1.305737e-26 2.489904e-16 8.025260e-25 1.555992e-25 5.504794e-09 1.734001e-12 2.821933e-20 1.294220e-13 1.603429e-08 1.598820e-13 3.360269e-11 3.661385e-16 9.613012e-13 6.488612e-12 5.265359e-15 1.628465e-15 2.064305e-12 2.078358e-12 2.149322e-17 3.999888e-16 1.361914e-14 7.560890e-19 4.438984e-33 2.022321e-18 8.374101e-19 6.019608e-43 0.000000e+00 3.485712e-134 5.767271e-38
2.083571e-04 2.225203e-11 5.043488e-05 5.090946e-05 1.097362e-13 2.978846e-10 9.946333e-22 8.225238e-31 1.327403e-19 2.202199e-11 8.170611e-05 4.260710e-28 2.355713e-10 2.245647e-23 2.102545e-24 9.276413e-10 1.119982e-12 1.686905e-08 1.839359e-06 4.238765e-04 4.183918e-22 1.640183e-08 3.962073e-18 1.549183e-14 4.212270e-11 9.602997e-14 2.016392e-01 5.469989e-15 2.051092e-12 2.060624e-14 2.818963e-10 3.096489e-12 9.424855e-17 2.131131e-22 2.576941e-26 1.257979e-10 1.128068e-16 7.977512e-01 1.506357e-12 2.578760e-09 2.392621e-21 1.136409e-22 2.587002e-22 2.859460e-20 3.051115e-15 4.712513e-14 6.767539e-13 3.920920e-09 2.534001e-07 8.203741e-17 3.597088e-18 5.768411e-18 2.219728e-13 4.234323e-09 5.097496e-07 4.019111e-14 9.661919e-10 1.326990e-12 2.744452e-18 2.120358e-14 2.343237e-20 1.896044e-14 5.298368e-17 2.782751e-12 6.358229e-13 2.522469e-23 2.524544e-10 2.505291e-21 2.364373e-20 5.102732e-17 2.590149e-08 7.070631e-28 2.478255e-16 6.160197e-25 1.036886e-26 5.444093e-09 1.135917e-12 3.466625e-20 3.124820e-14 1.613963e-08 1.704837e-13 3.312886e-11 3.287089e-16 1.018829e-12 3.618103e-12 5.147465e-15 1.782069e-15 2.251039e-12 2.252884e-12 2.852049e-17 4.158695e-16 1.477911e-14 8.216544e-19 2.729256e-33 2.553471e-18 1.176281e-18 7.174978e-43 0.000000e+00 3.125178e-136 3.535382e-35
1.809069e-04 2.914599e-11 5.396186e-05 5.184732e-05 1.608930e-13 4.045129e-10 1.140332e-21 1.505857e-30 1.914533e-19 2.356039e-11 7.945018e-05 5.906574e-28 2.795758e-10 3.128411e-23 2.930938e-24 9.179145e-10 1.016961e-12 1.698328e-08 1.925823e-06 4.259079e-04 5.769919e-22 1.509370e-08 4.756441e-18 1.764522e-14 4.456009e-11 1.776754e-13 2.016158e-01 5.924175e-15 2.080847e-12 1.618310e-14 2.699100e-10 2.502479e-12 1.826469e-16 2.831757e-22 2.443867e-26 1.320763e-10 1.095609e-16 7.977702e-01 1.421155e-12 3.145093e-09 1.786353e-21 1.591835e-22 1.842750e-22 2.727654e-20 3.123873e-15 5.703602e-14 7.418949e-13 3.700245e-09 2.483533e-07 8.890237e-17 2.310663e-18 5.863885e-18 2.220534e-13 4.753651e-09 5.597504e-07 3.410996e-14 9.077863e-10 1.630305e-12 2.894633e-18 2.238215e-14 2.703799e-20 6.696585e-15 1.617112e-17 3.243704e-12 3.142075e-13 6.619784e-24 2.452809e-10 1.240513e-21 1.132205e-20 1.699703e-17 2.573846e-08 0.000000e+00 2.465277e-16 4.730128e-25 0.000000e+00 5.379404e-09 6.889923e-13 4.255950e-20 8.029596e-15 1.625568e-08 1.823581e-13 3.260292e-11 2.953496e-16 1.083258e-12 1.940557e-12 4.981959e-15 1.956552e-15 2.462324e-12 2.448416e-12 3.747947e-17 4.324382e-16 1.607847e-14 8.950845e-19 1.615130e-33 3.167407e-18 1.577799e-18 7.886652e-43 0.000000e+00 2.805256e-138 1.451508e-32
1.570732e-04 3.801500e-11 5.791303e-05 5.289046e-05 2.368128e-13 5.453077e-10 1.497077e-21 2.886574e-30 2.771217e-19 2.493519e-11 7.692826e-05 8.224507e-28 3.342475e-10 4.390716e-23 4.155467e-24 1.002166e-09 9.299722e-13 1.712744e-08 2.023148e-06 4.281760e-04 8.056331e-22 1.383799e-08 5.695000e-18 1.964886e-14 4.790194e-11 3.034243e-13 2.015896e-01 6.432219e-15 2.067876e-12 1.256050e-14 2.604491e-10 1.980474e-12 3.411500e-16 3.759166e-22 6.397522e-26 1.390946e-10 1.055817e-16 7.977916e-01 1.335170e-12 3.790026e-09 1.323989e-21 2.172013e-22 1.379307e-22 2.593386e-20 3.117759e-15 6.944323e-14 8.149555e-13 3.436390e-09 2.427164e-07 9.658914e-17 1.501404e-18 5.967803e-18 2.221198e-13 5.332685e-09 6.066158e-07 2.909915e-14 8.481434e-10 2.002436e-12 3.100515e-18 2.307683e-14 3.117801e-20 2.565269e-15 4.705257e-18 3.816846e-12 1.626987e-13 1.721771e-24 2.375067e-10 5.962137e-22 5.824525e-21 5.330482e-18 2.555630e-08 0.000000e+00 2.450838e-16 3.725286e-25 0.000000e+00 5.345359e-09 4.379309e-13 5.177794e-20 2.238355e-15 1.638344e-08 1.956374e-13 3.201965e-11 2.663866e-16 1.155306e-12 1.001632e-12 4.567983e-15 2.161329e-15 2.701234e-12 2.667151e-12 4.851854e-17 4.498180e-16 1.753170e-14 9.771967e-19 9.204935e-34 3.881242e-18 2.081652e-18 8.781396e-43 0.000000e+00 2.527865e-140 3.651818e-30
1.363794e-04 4.955851e-11 6.233370e-05 5.404994e-05 3.467316e-13 7.208687e-10 7.823454e-21 2.901110e-29 3.950477e-19 2.581080e-11 7.411191e-05 1.151992e-27 4.023019e-10 6.189048e-23 5.970213e-24 1.211946e-09 8.592899e-13 1.730752e-08 2.132998e-06 4.307050e-04 1.143815e-21 1.269938e-08 6.851179e-18 2.146224e-14 5.240014e-11 4.855103e-13 2.015602e-01 6.999782e-15 1.999258e-12 9.707175e-15 2.546963e-10 1.528968e-12 6.311514e-16 5.056683e-22 1.458782e-24 1.469304e-10 1.010492e-16 7.978155e-01 1.247863e-12 4.496410e-09 9.797103e-22 2.974556e-22 1.076619e-22 2.455748e-20 3.064568e-15 8.508074e-14 8.967853e-13 3.150334e-09 2.364274e-07 1.051861e-16 9.885455e-19 6.081586e-18 2.221746e-13 5.978574e-09 6.490871e-07 2.496194e-14 7.871179e-10 2.458122e-12 3.463594e-18 2.346684e-14 3.585866e-20 1.079799e-15 1.316208e-18 4.512417e-12 8.760095e-14 4.142621e-25 2.290608e-10 2.800625e-22 3.330584e-21 1.570324e-18 2.535355e-08 0.000000e+00 2.434793e-16 3.076880e-25 0.000000e+00 5.376259e-09 2.726946e-13 6.364435e-20 6.823155e-16 1.652419e-08 2.104685e-13 3.137321e-11 2.425636e-16 1.235768e-12 4.975579e-13 4.177788e-15 2.401927e-15 2.971297e-12 2.911531e-12 6.176030e-17 4.681854e-16 1.915490e-14 1.068897e-18 5.063236e-34 4.682024e-18 2.701116e-18 9.222080e-43 0.000000e+00 2.281144e-142 5.745687e-28
1.184120e-04 6.589987e-11 6.727241e-05 5.533715e-05 5.220640e-13 9.431069e-10 1.307390e-19 8.036838e-28 5.909175e-19 2.706615e-11 7.097180e-05 1.625574e-27 4.869385e-10 8.806650e-23 8.942450e-24 1.598090e-09 8.210598e-13 1.753023e-08 2.257219e-06 4.335192e-04 1.688300e-21 1.178096e-08 8.542228e-18 2.367717e-14 5.838611e-11 7.261070e-13 2.015273e-01 7.632674e-15 1.861605e-12 7.611752e-15 2.602947e-10 1.142951e-12 1.130355e-15 8.173723e-22 3.177847e-23 1.556633e-10 9.654385e-17 7.978423e-01 1.158659e-12 5.229703e-09 7.247704e-22 3.979634e-22 8.650197e-23 2.313802e-20 3.021429e-15 1.049344e-13 9.882602e-13 2.880548e-09 2.294227e-07 1.147846e-16 6.625952e-19 6.206602e-18 2.222203e-13 6.699073e-09 6.849560e-07 2.234954e-14 7.245950e-10 3.020391e-12 5.375853e-18 2.369484e-14 4.119919e-20 5.053687e-16 3.552446e-19 5.292161e-12 4.810080e-14 1.001755e-25 2.198665e-10 1.291933e-22 2.109029e-21 4.292474e-19 2.512860e-08 3.334068e-27 2.416998e-16 2.727368e-25 3.950248e-27 5.507763e-09 1.909097e-13 7.956446e-20 2.312791e-16 1.667909e-08 2.270018e-13 3.065762e-11 2.277189e-16 1.325458e-12 2.367984e-13 3.666991e-15 2.709134e-15 3.276343e-12 3.184063e-12 7.710490e-17 4.879443e-16 2.096453e-14 1.171115e-18 2.694950e-34 5.573192e-18 4.068769e-18 1.193447e-42 0.000000e+00 2.066261e-144 5.179781e-26
1.028117e-04 9.509317e-11 7.278979e-05 5.676656e-05 8.633747e-13 1.211797e-09 1.768619e-18 2.028743e-26 1.170787e-18 3.082328e-11 6.747047e-05 2.341604e-27 5.922267e-10 1.314352e-22 1.515484e-23 2.244347e-09 8.661019e-13 1.780375e-08 2.398178e-06 4.366500e-04 2.758623e-21 1.120857e-08 1.178826e-17 2.875603e-14 6.632618e-11 1.021984e-12 2.014906e-01 8.338309e-15 1.639045e-12 6.499864e-15 2.986346e-10 8.148676e-13 2.025609e-15 3.378251e-21 4.746265e-22 1.653942e-10 9.401034e-17 7.978723e-01 1.066780e-12 5.908920e-09 5.327050e-22 5.314335e-22 7.084832e-23 2.166232e-20 3.251846e-15 1.304836e-13 1.090490e-12 2.713119e-09 2.216208e-07 1.255015e-16 4.587376e-19 6.344412e-18 2.222589e-13 7.503243e-09 7.115777e-07 2.215877e-14 6.603436e-10 3.729334e-12 2.434379e-17 2.387990e-14 4.728271e-20 2.781423e-16 9.341891e-20 5.958094e-12 2.593870e-14 2.328810e-26 2.098230e-10 5.887961e-23 1.623211e-21 1.033020e-19 2.487941e-08 7.731566e-27 2.397272e-16 2.654526e-25 1.222758e-26 5.780608e-09 1.621968e-13 1.081167e-19 9.234496e-17 1.684964e-08 2.454291e-13 2.986521e-11 2.358902e-16 1.425414e-12 1.060168e-13 3.165298e-15 3.155979e-15 3.621372e-12 3.487944e-12 9.437812e-17 5.096557e-16 2.298162e-14 1.285033e-18 1.392776e-34 6.536241e-18 1.219200e-17 4.193956e-42 0.000000e+00 1.877167e-146 2.704655e-24
8.926665e-05 1.705681e-10 7.895174e-05 5.835290e-05 1.849426e-12 1.522917e-09 1.713602e-17 4.771007e-25 4.521376e-18 4.579861e-11 6.356808e-05 3.732800e-27 7.230086e-10 2.604519e-22 3.559125e-23 3.280681e-09 1.152395e-12 1.813892e-08 2.558844e-06 4.401299e-04 5.728655e-21 1.119139e-08 2.061636e-17 4.740550e-14 7.695529e-11 1.352752e-12 2.014495e-01 9.124583e-15 1.320342e-12 7.104145e-15 4.454013e-10 5.403980e-13 3.924919e-15 2.865534e-20 5.054174e-21 1.762292e-10 9.898804e-17 7.979059e-01 9.715455e-13 6.367768e-09 3.819537e-22 7.340473e-22 5.849620e-23 2.011633e-20 4.585629e-15 1.642677e-13 1.204650e-12 2.819759e-09 2.129352e-07 1.374647e-16 3.402828e-19 6.496439e-18 2.222909e-13 8.397671e-09 7.266299e-07 2.788455e-14 5.941772e-10 4.626475e-12 1.939411e-16 2.408069e-14 5.445637e-20 2.039099e-16 2.407572e-20 5.966143e-12 1.298446e-14 5.465485e-27 1.988223e-10 2.665355e-23 1.865362e-21 1.906809e-20 2.460424e-08 0.000000e+00 2.375429e-16 2.894176e-25 1.363099e-27 6.250568e-09 1.983781e-13 1.824528e-19 4.962140e-17 1.703721e-08 2.659545e-13 2.898830e-11 3.083721e-16 1.536741e-12 4.243000e-14 2.746689e-15 3.942954e-15 4.012557e-12 3.826580e-12 1.132525e-16 5.340491e-16 2.522850e-14 1.411910e-18 7.010609e-35 7.629044e-18 7.329041e-17 3.731855e-41 0.000000e+00 1.711104e-148 8.060247e-23
7.750613e-05 3.834857e-10 8.583996e-05 6.011175e-05 5.384572e-12 1.910128e-09 1.230985e-16 1.122793e-23 2.491824e-17 9.670864e-11 5.921650e-05 8.635809e-27 8.852159e-10 1.011004e-21 1.271499e-22 4.886569e-09 1.895691e-12 1.855376e-08 2.744261e-06 4.439962e-04 1.535288e-20 1.212171e-08 4.804788e-17 1.168757e-13 9.177773e-11 1.676852e-12 2.014036e-01 1.000122e-14 9.220872e-13 1.035625e-14 8.629158e-10 3.254815e-13 9.293607e-15 2.136946e-19 4.013633e-20 1.882915e-10 1.178624e-16 7.979434e-01 8.725763e-13 6.498917e-09 2.597850e-22 1.078460e-21 4.748408e-23 1.848258e-20 8.880007e-15 2.120768e-13 1.332123e-12 3.314249e-09 2.032597e-07 1.508439e-16 2.784893e-19 6.663764e-18 2.223128e-13 9.379160e-09 7.311205e-07 4.575165e-14 5.259587e-10 5.695990e-12 1.403636e-15 2.425198e-14 6.454444e-20 2.015584e-16 5.679509e-21 4.999709e-12 5.862589e-15 5.286601e-27 1.867319e-10 1.189033e-23 3.435605e-21 2.353669e-21 2.430108e-08 1.191580e-27 2.351245e-16 3.612456e-25 4.187390e-27 7.013031e-09 3.524626e-13 3.838319e-19 3.595527e-17 1.724290e-08 2.888286e-13 2.801898e-11 4.998632e-16 1.660796e-12 1.377619e-14 2.309675e-15 5.506909e-15 4.459681e-12 4.204156e-12 1.332991e-16 5.620305e-16 2.773264e-14 1.553288e-18 3.405319e-35 9.429275e-18 4.502700e-16 3.729433e-40 0.000000e+00 1.565865e-150 1.388423e-21
6.729501e-05 9.316795e-10 9.355096e-05 6.205425e-05 1.867365e-11 2.676208e-09 6.793732e-16 2.351862e-22 1.277483e-16 2.360270e-10 5.436235e-05 3.423683e-26 1.086291e-09 5.743747e-21 5.852730e-22 7.230313e-09 2.987622e-12 1.906263e-08 2.964105e-06 4.482859e-04 4.629226e-20 1.456518e-08 1.359836e-16 3.303881e-13 1.137414e-10 1.994686e-12 2.013522e-01 1.097976e-14 5.213910e-13 1.554420e-14 1.718870e-09 1.799310e-13 2.625642e-14 1.266590e-18 2.469760e-19 2.017018e-10 1.417653e-16 7.979855e-01 7.703642e-13 6.674662e-09 1.653290e-22 1.603201e-21 3.593709e-23 1.674122e-20 1.743680e-14 2.862737e-13 1.474248e-12 3.831747e-09 1.924704e-07 1.658768e-16 2.155238e-19 6.845846e-18 2.223090e-13 1.041871e-08 7.308326e-07 8.228029e-14 4.552828e-10 6.870004e-12 7.965066e-15 2.416947e-14 8.610179e-20 2.228831e-16 1.131596e-21 3.826172e-12 2.718089e-15 2.339786e-26 1.734036e-10 4.986111e-24 7.248067e-21 2.472497e-22 2.396767e-08 0.000000e+00 2.324466e-16 5.311943e-25 0.000000e+00 8.172646e-09 7.315015e-13 8.686675e-19 2.605652e-17 1.746672e-08 3.143462e-13 2.695148e-11 7.809344e-16 1.799170e-12 3.204721e-15 1.660965e-15 8.598569e-15 4.978493e-12 4.625580e-12 1.540171e-16 5.946130e-16 3.052640e-14 1.710957e-18 1.521062e-35 1.486103e-17 2.275872e-15 3.242832e-39 0.000000e+00 1.438052e-152 1.460900e-20
5.842916e-05 2.323546e-09 1.021994e-04 6.417433e-05 7.236606e-11 4.910904e-09 2.974486e-15 3.763149e-21 5.409685e-16 4.951889e-10 4.895328e-05 1.677156e-25 1.336521e-09 3.123130e-20 2.861297e-21 1.028028e-08 3.755692e-12 1.955238e-08 3.235456e-06 4.530270e-04 1.479990e-19 1.870906e-08 4.303286e-16 7.203702e-13 1.454904e-10 2.555391e-12 2.012947e-01 1.207407e-14 2.365429e-13 1.670113e-14 2.985158e-09 9.184605e-14 7.065251e-14 6.577704e-18 1.218124e-18 2.165191e-10 1.399614e-16 7.980327e-01 6.664526e-13 7.576963e-09 1.037261e-22 2.125482e-21 2.437003e-23 1.487180e-20 2.310972e-14 3.879151e-13 1.631544e-12 3.700568e-09 1.804270e-07 1.829202e-16 1.118019e-19 7.038463e-18 2.222381e-13 1.144072e-08 7.217116e-07 1.445085e-13 3.804683e-10 8.179208e-12 3.390775e-14 2.341308e-14 1.516793e-19 2.346538e-16 2.190624e-22 3.150945e-12 1.645637e-15 9.879031e-26 1.586863e-10 1.772757e-24 1.103434e-20 4.595989e-23 2.360361e-08 7.509721e-27 2.294798e-16 9.419381e-25 7.586732e-27 9.603981e-09 1.566403e-12 1.998148e-18 1.354759e-17 1.770642e-08 3.428510e-13 2.578486e-11 9.658076e-16 1.953692e-12 4.886103e-16 9.429406e-16 1.411840e-14 5.585178e-12 5.096499e-12 1.748186e-16 6.328632e-16 3.364799e-14 1.886771e-18 5.611882e-36 3.500811e-17 9.227922e-15 2.656584e-38 0.000000e+00 1.326164e-154 9.961945e-20
5.073136e-05 5.462354e-09 1.119156e-04 6.641033e-05 2.880937e-10 1.084966e-08 1.058596e-14 3.167364e-20 1.817724e-15 7.748281e-10 4.295828e-05 7.856756e-25 1.650310e-09 1.457005e-19 1.261101e-20 1.358472e-08 3.718702e-12 1.951155e-08 3.585408e-06 4.582169e-04 4.349374e-19 2.436253e-08 1.315063e-15 1.022698e-12 1.817221e-10 3.635564e-12 2.012301e-01 1.330122e-14 1.115315e-13 1.158012e-14 4.638173e-09 4.012677e-14 1.602378e-13 2.945042e-17 4.946980e-18 2.324742e-10 1.066943e-16 7.980858e-01 5.633084e-13 9.164697e-09 7.501522e-23 2.279356e-21 1.670771e-23 1.285914e-20 1.837615e-14 4.382153e-13 1.800723e-12 2.975642e-09 1.669828e-07 2.024869e-16 3.783721e-20 7.236711e-18 2.220481e-13 1.227340e-08 6.645716e-07 2.174354e-13 3.006065e-10 9.575908e-12 1.146107e-13 2.158066e-14 3.604857e-19 2.176967e-16 5.132695e-23 3.219404e-12 1.221816e-15 2.644347e-25 1.424656e-10 4.808427e-25 1.065133e-20 1.307051e-23 2.321280e-08 0.000000e+00 2.261892e-16 1.927021e-24 0.000000e+00 1.117769e-08 3.120629e-12 4.292308e-18 4.868164e-18 1.795548e-08 3.747226e-13 2.452906e-11 9.376440e-16 2.126168e-12 6.523211e-17 4.997060e-16 2.360192e-14 6.265778e-12 5.622844e-12 1.950547e-16 6.777112e-16 3.714147e-14 2.081534e-18 1.505502e-36 1.037633e-16 2.943939e-14 1.849911e-37 0.000000e+00 1.227560e-156 4.826901e-19
4.404770e-05 1.087689e-08 1.228300e-04 6.856559e-05 1.088579e-09 2.356389e-08 3.123352e-14 1.205269e-19 4.850188e-15 9.896389e-10 3.641483e-05 3.319895e-24 2.035241e-09 5.783762e-19 4.628703e-20 1.628689e-08 3.062064e-12 1.832336e-08 4.046068e-06 4.637777e-04 9.899437e-19 3.208618e-08 3.453031e-15 1.038189e-12 2.076652e-10 4.603497e-12 2.011579e-01 1.468036e-14 6.587432e-14 6.438712e-15 7.130384e-09 1.626309e-14 3.136578e-13 1.066744e-16 1.687733e-17 2.482696e-10 6.923150e-17 7.981456e-01 4.638962e-13 1.089680e-08 6.831024e-23 1.998016e-21 1.404844e-23 1.070802e-20 1.085102e-14 3.654965e-13 1.966734e-12 2.210721e-09 1.520274e-07 2.249081e-16 1.225226e-20 7.446427e-18 2.217300e-13 1.260581e-08 5.134710e-07 2.452050e-13 2.208876e-10 1.069896e-11 3.309874e-13 1.864886e-14 9.610629e-19 1.834863e-16 1.432160e-23 4.194279e-12 9.466397e-16 3.772971e-25 1.247480e-10 9.802709e-26 8.138488e-21 4.252778e-24 2.280532e-08 0.000000e+00 2.225359e-16 3.813085e-24 0.000000e+00 1.379599e-08 5.281928e-12 7.721640e-18 1.454013e-18 1.820115e-08 4.102561e-13 2.321204e-11 7.841543e-16 2.317021e-12 1.718038e-17 3.295815e-16 4.135906e-14 6.903550e-12 6.208475e-12 2.139777e-16 7.295066e-16 4.104726e-14 2.291599e-18 2.737412e-37 3.084196e-16 7.438904e-14 9.384024e-37 0.000000e+00 1.140574e-158 1.799147e-18
3.824460e-05 1.840459e-08 1.350435e-04 7.022347e-05 3.730060e-09 4.671084e-08 7.751435e-14 3.000624e-19 1.056683e-14 1.125716e-09 2.948639e-05 1.260730e-23 2.450153e-09 1.939901e-18 1.370731e-19 1.738605e-08 2.189425e-12 1.582087e-08 4.620604e-06 4.695314e-04 1.717457e-18 4.178156e-08 7.614578e-15 8.255986e-13 2.127827e-10 4.335593e-12 2.010771e-01 1.622433e-14 4.182373e-14 3.386423e-15 1.097478e-08 7.197423e-15 5.600630e-13 3.128960e-16 4.896871e-17 2.609593e-10 4.258523e-17 7.982133e-01 3.706003e-13 1.259029e-08 6.998862e-23 1.569486e-21 1.376520e-23 8.464454e-21 5.950683e-15 2.446084e-13 2.093816e-12 1.601913e-09 1.355490e-07 2.482117e-16 7.054216e-21 7.694590e-18 2.213033e-13 1.210244e-08 3.183141e-07 2.051922e-13 1.504101e-10 1.134755e-11 8.307470e-13 1.501691e-14 2.476345e-18 1.528834e-16 4.098147e-24 6.247005e-12 7.587780e-16 3.954586e-25 1.057583e-10 1.746659e-26 6.109679e-21 1.590521e-24 2.239436e-08 0.000000e+00 2.184747e-16 6.436338e-24 0.000000e+00 1.865197e-08 7.689086e-12 1.165936e-17 4.393080e-19 1.842706e-08 4.493359e-13 2.187330e-11 6.122605e-16 2.521943e-12 7.858660e-18 2.683393e-16 7.225455e-14 7.206455e-12 6.850215e-12 2.307508e-16 7.864732e-16 4.536915e-14 2.503845e-18 3.362394e-38 8.416613e-16 1.538007e-13 3.519501e-36 0.000000e+00 1.063568e-160 5.554667e-18
3.320603e-05 2.841041e-08 1.485680e-04 7.070938e-05 1.117033e-08 8.480659e-08 1.631961e-13 6.089963e-19 1.919015e-14 1.158174e-09 2.251336e-05 4.193452e-23 2.753319e-09 5.348058e-18 3.173501e-19 1.616365e-08 1.409683e-12 1.231440e-08 5.237516e-06 4.751962e-04 2.435419e-18 5.025736e-08 1.413281e-14 5.584299e-13 1.952516e-10 3.136594e-12 2.009870e-01 1.789521e-14 2.655893e-14 1.733000e-15 1.598924e-08 3.381653e-15 9.316498e-13 7.590741e-16 1.214075e-16 2.659597e-10 2.690988e-17 7.982902e-01 2.851145e-13 1.429870e-08 7.068256e-23 1.221351e-21 1.333796e-23 6.239496e-21 3.863892e-15 1.471500e-13 2.126121e-12 1.117381e-09 1.177389e-07 2.617847e-16 8.393207e-21 8.044985e-18 2.207839e-13 1.063491e-08 1.784716e-07 1.358130e-13 9.493861e-11 1.163105e-11 1.805204e-12 1.121489e-14 5.849617e-18 1.327472e-16 1.888514e-24 9.409577e-12 6.347145e-16 3.685802e-25 8.606270e-11 3.847879e-27 4.858120e-21 6.533726e-25 2.199179e-08 0.000000e+00 2.139579e-16 9.270606e-24 2.297112e-26 2.520633e-08 1.035644e-11 1.593723e-17 1.654917e-19 1.861723e-08 4.906069e-13 2.055337e-11 4.771628e-16 2.726421e-12 4.018001e-18 2.325757e-16 1.101921e-13 6.804757e-12 7.526949e-12 2.444695e-16 8.412165e-16 4.996204e-14 2.693144e-18 2.869858e-39 2.070327e-15 2.673484e-13 1.044487e-35 0.000000e+00 9.943382e-163 1.512392e-17
2.883127e-05 4.147721e-08 1.632814e-04 6.918064e-05 2.921696e-08 1.439242e-07 2.932366e-13 1.071776e-18 2.918659e-14 1.063835e-09 1.599138e-05 1.105366e-22 2.733422e-09 1.166084e-17 5.573357e-19 1.274007e-08 8.149865e-13 8.490249e-09 5.777687e-06 4.803773e-04 2.902941e-18 5.372869e-08 2.202905e-14 3.371915e-13 1.591817e-10 1.918711e-12 2.008869e-01 1.949106e-14 1.615702e-14 8.389399e-16 2.151060e-08 1.517385e-15 1.462326e-12 1.540350e-15 2.572424e-16 2.581537e-10 1.794625e-17 7.983779e-01 2.092299e-13 1.605958e-08 6.547863e-23 9.753871e-22 1.157380e-23 4.204972e-21 3.414305e-15 8.299448e-14 2.007726e-12 7.506540e-10 9.907851e-08 2.408298e-16 1.214257e-20 8.612281e-18 2.201782e-13 8.404457e-09 1.032901e-07 7.439240e-14 5.578561e-11 1.165919e-11 3.383045e-12 7.705100e-15 1.257434e-17 1.172031e-16 9.337610e-25 1.368567e-11 5.320595e-16 3.253658e-25 6.661340e-11 1.222149e-27 3.966686e-21 2.726295e-25 2.160771e-08 9.340868e-35 2.089380e-16 1.190557e-23 4.459389e-26 3.150581e-08 1.350029e-11 2.048098e-17 7.896345e-20 1.875661e-08 5.304165e-13 1.929350e-11 3.775053e-16 2.904080e-12 1.978347e-18 1.953769e-16 1.340838e-13 5.503541e-12 8.186168e-12 2.542604e-16 8.805728e-16 5.435975e-14 2.830132e-18 1.761888e-40 4.611998e-15 3.954917e-13 2.552365e-35 0.000000e+00 9.316016e-165 3.774840e-17
2.503286e-05 5.718645e-08 1.789167e-04 6.490544e-05 6.819619e-08 2.332441e-07 4.515096e-13 1.650596e-18 3.710928e-14 8.566905e-10 1.043626e-05 1.903615e-22 2.280095e-09 1.940781e-17 7.224476e-19 8.282278e-09 4.095354e-13 5.128324e-09 6.181862e-06 4.845920e-04 2.864442e-18 5.099016e-08 2.878439e-14 1.821139e-13 1.137247e-10 1.026955e-12 2.007761e-01 2.052226e-14 8.917795e-15 3.703716e-16 2.690949e-08 6.176811e-16 2.219038e-12 2.632996e-15 4.650259e-16 2.344867e-10 1.236025e-17 7.984782e-01 1.449623e-13 1.791175e-08 5.361724e-23 7.882543e-22 8.588320e-24 2.539343e-21 3.722844e-15 4.395374e-14 1.720877e-12 4.940392e-10 8.033798e-08 1.692947e-16 1.715194e-20 9.548418e-18 2.194850e-13 5.886013e-09 6.379809e-08 3.472956e-14 3.088708e-11 1.151048e-11 5.445890e-12 4.818469e-15 2.476847e-17 9.991501e-17 0.000000e+00 1.934763e-11 4.233772e-16 2.759653e-25 4.860664e-11 4.459008e-28 3.167170e-21 1.078230e-25 2.125013e-08 1.136066e-34 2.033682e-16 1.280046e-23 1.064267e-25 3.619318e-08 1.728497e-11 2.476200e-17 4.166803e-20 1.883143e-08 5.630707e-13 1.813597e-11 2.967041e-16 3.027975e-12 8.659640e-19 1.535147e-16 1.247716e-13 3.579995e-12 8.747184e-12 2.594987e-16 8.966944e-16 5.781280e-14 2.901410e-18 7.999766e-42 9.410912e-15 4.999961e-13 5.111173e-35 0.000000e+00 8.742793e-167 8.882476e-17
2.173488e-05 7.388271e-08 1.950707e-04 5.763689e-05 1.451380e-07 3.681679e-07 5.983792e-13 2.227311e-18 3.950788e-14 5.951404e-10 6.195129e-06 1.704997e-22 1.539488e-09 2.407128e-17 6.773344e-19 4.335144e-09 1.737165e-13 2.709214e-09 6.562793e-06 4.873509e-04 2.291090e-18 4.333308e-08 3.158984e-14 8.688299e-14 7.026594e-11 4.844298e-13 2.006534e-01 2.032046e-14 4.283891e-15 1.441561e-16 3.157965e-08 2.231014e-16 3.337682e-12 3.807973e-15 7.172236e-16 1.964959e-10 8.425021e-18 7.985929e-01 9.392661e-14 1.988953e-08 3.771097e-23 6.211281e-22 5.315280e-24 1.348978e-21 4.292070e-15 2.171398e-14 1.314017e-12 3.217263e-10 6.247046e-08 8.060584e-17 2.301445e-20 1.098541e-17 2.186998e-13 3.615496e-09 4.201705e-08 1.422752e-14 1.636163e-11 1.123146e-11 7.518403e-12 2.714972e-15 4.519170e-17 7.906045e-17 0.000000e+00 2.705891e-11 3.065585e-16 2.293541e-25 3.317774e-11 1.597707e-28 2.389305e-21 3.838507e-26 2.092385e-08 1.301402e-34 1.972045e-16 1.148616e-23 0.000000e+00 3.883811e-08 2.188220e-11 2.798923e-17 2.196531e-20 1.883051e-08 5.839576e-13 1.711938e-11 2.257943e-16 3.090028e-12 3.184774e-19 1.133480e-16 8.652919e-14 1.775020e-12 9.139582e-12 2.599776e-16 8.962469e-16 5.979636e-14 2.921715e-18 2.729693e-43 1.780971e-14 5.419724e-13 8.297036e-35 0.000000e+00 8.215738e-169 2.009845e-16
1.887140e-05 8.872886e-08 2.112259e-04 4.784603e-05 2.868281e-07 5.768724e-07 6.866802e-13 2.632602e-18 3.549750e-14 3.518374e-10 3.322449e-06 7.110033e-23 8.216982e-10 2.199463e-17 4.557411e-19 1.792368e-09 6.083125e-14 1.260141e-09 7.270259e-06 4.882221e-04 1.459466e-18 3.335419e-08 2.925435e-14 3.589994e-14 3.719048e-11 2.043560e-13 2.005168e-01 1.850492e-14 1.746082e-15 4.796330e-17 3.490554e-08 7.036571e-17 5.084384e-12 4.662094e-15 9.465064e-16 1.504067e-10 5.356465e-18 7.987241e-01 5.657104e-14 2.197010e-08 2.201349e-23 4.510173e-22 2.700229e-24 6.207092e-22 4.815760e-15 9.928578e-15 8.841614e-13 2.067792e-10 4.641167e-08 2.418290e-17 2.937315e-20 1.294995e-17 2.178159e-13 1.937610e-09 2.952606e-08 5.212163e-15 8.370693e-12 1.082095e-11 8.932607e-12 1.368159e-15 7.724861e-17 5.654074e-17 9.308879e-26 3.813576e-11 1.955295e-16 1.880618e-25 2.105658e-11 5.331696e-29 1.662581e-21 1.179718e-26 2.062891e-08 1.400425e-34 1.904079e-16 8.927810e-24 0.000000e+00 3.943991e-08 2.747045e-11 2.938234e-17 1.153593e-20 1.874689e-08 5.931573e-13 1.627237e-11 1.622494e-16 3.105852e-12 9.418126e-20 8.099809e-17 4.426945e-14 6.476122e-13 9.351533e-12 2.559105e-16 8.910095e-16 6.049116e-14 2.917317e-18 7.009061e-45 3.161957e-14 5.050731e-13 1.074664e-34 0.000000e+00 7.728291e-171 4.435799e-16
1.638517e-05 9.808254e-08 2.267798e-04 3.664654e-05 5.353911e-07 9.159230e-07 6.872516e-13 2.759380e-18 2.734464e-14 1.746808e-10 1.604297e-06 1.478450e-23 3.417336e-10 1.476299e-17 2.204514e-19 5.752946e-10 1.724022e-14 5.216034e-10 8.912021e-06 4.867895e-04 7.293531e-19 2.359758e-08 2.301689e-14 1.247125e-14 1.677488e-11 7.901703e-14 2.003634e-01 1.535855e-14 5.982976e-16 1.318700e-17 3.628047e-08 1.904012e-17 7.994077e-12 4.795321e-15 1.073529e-15 1.043679e-10 2.985081e-18 7.988741e-01 3.169127e-14 2.402619e-08 1.023410e-23 2.820215e-22 1.113495e-24 2.442779e-22 5.087562e-15 4.159970e-15 5.226367e-13 1.290178e-10 3.286017e-08 4.431389e-18 3.589846e-20 1.530935e-17 2.168266e-13 9.052964e-10 2.218998e-08 1.697333e-15 4.116429e-12 1.020799e-11 9.201925e-12 6.142756e-16 1.250980e-16 3.601125e-17 5.039011e-26 5.528130e-11 1.068341e-16 1.502081e-25 1.237192e-11 1.586757e-29 1.049683e-21 3.037632e-27 2.035938e-08 1.422281e-34 1.829456e-16 5.967454e-24 8.504618e-30 3.798375e-08 3.402547e-11 2.833600e-17 7.091613e-21 1.857865e-08 5.947464e-13 1.560816e-11 1.070892e-16 3.098187e-12 2.149696e-20 5.801025e-17 1.675559e-14 1.700013e-13 9.430928e-12 2.478185e-16 8.867264e-16 6.049394e-14 2.904787e-18 1.331978e-46 5.323142e-14 4.057070e-13 1.097486e-34 0.000000e+00 7.277451e-173 9.640263e-16
1.422649e-05 9.811675e-08 2.410824e-04 2.547394e-05 9.574406e-07 1.512003e-06 6.006663e-13 2.579902e-18 1.845661e-14 7.156506e-11 6.969816e-07 1.726597e-24 1.093931e-10 7.266383e-18 7.657809e-20 1.399732e-10 3.839284e-15 1.940366e-10 1.236263e-05 4.825036e-04 2.813864e-19 1.565717e-08 1.549433e-14 3.537516e-15 6.455839e-12 2.849671e-14 2.001898e-01 1.164219e-14 1.724695e-16 2.868435e-18 3.511434e-08 4.351781e-18 1.323910e-11 4.041415e-15 1.046599e-15 6.494825e-11 1.390489e-18 7.990453e-01 1.664496e-14 2.579611e-08 3.635478e-24 1.436861e-22 3.678690e-25 8.134288e-23 4.946882e-15 1.580008e-15 2.719935e-13 7.587692e-11 2.213657e-08 4.914012e-19 4.212969e-20 1.776465e-17 2.157255e-13 3.695501e-10 1.802472e-08 4.750291e-16 1.905012e-12 9.279968e-12 8.264545e-12 2.455293e-16 1.940044e-16 2.016879e-17 2.403028e-26 8.462338e-11 4.823334e-17 1.121624e-25 6.707997e-12 3.923970e-30 5.903914e-22 6.357917e-28 2.010149e-08 1.357148e-34 1.747920e-16 3.493346e-24 0.000000e+00 3.429627e-08 4.092217e-11 2.464680e-17 6.376691e-21 1.832903e-08 5.929010e-13 1.512207e-11 6.230699e-17 3.081527e-12 3.574891e-21 4.269168e-17 4.728766e-15 3.140855e-14 9.440343e-12 2.364340e-16 8.840660e-16 6.024707e-14 2.889371e-18 1.798217e-48 8.575326e-14 2.812757e-13 8.515728e-35 0.000000e+00 6.860184e-175 2.085192e-15
1.235221e-05 8.601169e-08 2.534823e-04 1.572717e-05 1.653845e-06 2.690538e-06 4.485431e-13 2.054101e-18 1.113730e-14 2.351855e-11 2.728789e-07 1.314879e-25 2.650937e-11 2.601210e-18 1.864387e-20 2.467153e-11 6.353473e-16 6.531875e-11 1.870438e-05 4.745937e-04 8.250776e-20 9.997847e-09 8.965450e-15 8.123525e-16 2.156857e-12 9.490056e-15 1.999924e-01 8.113795e-15 4.195588e-17 4.642792e-19 3.093280e-08 8.465944e-19 2.372605e-11 2.613219e-15 8.630902e-16 3.536955e-11 5.293459e-19 7.992402e-01 8.282570e-15 2.688317e-08 9.587961e-25 5.865886e-23 9.511814e-26 2.274642e-23 4.262456e-15 5.388732e-16 1.248911e-13 4.031158e-11 1.418013e-08 3.319414e-20 4.687695e-20 1.983732e-17 2.145088e-13 1.323654e-10 1.634575e-08 1.087412e-16 8.036943e-13 7.923681e-12 6.419277e-12 8.752321e-17 2.913061e-16 9.739298e-18 9.609452e-27 1.420646e-10 1.703356e-17 7.184902e-26 3.347519e-12 7.141976e-31 2.872636e-22 1.034225e-28 1.982838e-08 1.150802e-34 1.659377e-16 1.832535e-24 0.000000e+00 2.816211e-08 4.671550e-11 1.878161e-17 7.769929e-21 1.800558e-08 5.897976e-13 1.479175e-11 2.974594e-17 3.061119e-12 3.921498e-22 3.267983e-17 9.953493e-16 3.925700e-15 9.421484e-12 2.226496e-16 8.821800e-16 5.991683e-14 2.871825e-18 1.596911e-50 1.330200e-13 1.682570e-13 4.426345e-35 0.000000e+00 6.468788e-177 4.545744e-15
1.072485e-05 6.266371e-08 2.634887e-04 8.437148e-06 2.776007e-06 5.459795e-06 2.643622e-13 1.286207e-18 6.031505e-15 5.915285e-12 9.663491e-08 9.338894e-27 4.716079e-12 6.618574e-19 2.944370e-21 2.857809e-12 7.147414e-17 1.997278e-11 2.890216e-05 4.623193e-04 1.834744e-20 6.207418e-09 4.461170e-15 1.552642e-16 6.586891e-13 2.875503e-15 1.997671e-01 5.230369e-15 8.782809e-18 5.043513e-20 2.368184e-08 1.529152e-19 4.762520e-11 1.102558e-15 5.729040e-16 1.596111e-11 1.643648e-19 7.994612e-01 3.927308e-15 2.682080e-08 4.466030e-25 1.973335e-23 2.113961e-26 5.318386e-24 3.045320e-15 1.620509e-16 5.030794e-14 1.797548e-11 8.640249e-09 1.388293e-21 4.947040e-20 2.107895e-17 2.131769e-13 4.185756e-11 1.740350e-08 1.960551e-17 2.994130e-13 6.020397e-12 4.149783e-12 2.793492e-17 4.308002e-16 4.160474e-18 3.443204e-27 2.770566e-10 4.512891e-18 3.652856e-26 1.532471e-12 8.312001e-32 1.212837e-22 1.323493e-29 1.947810e-08 8.246334e-35 1.563965e-16 8.743306e-25 1.406782e-29 1.967812e-08 4.986273e-11 1.185427e-17 1.044836e-20 1.761766e-08 5.861004e-13 1.457881e-11 1.042459e-17 3.037981e-12 2.485380e-23 2.609506e-17 1.507589e-16 3.023190e-16 9.392224e-12 2.074478e-16 8.799587e-16 5.953735e-14 2.852015e-18 8.176166e-53 1.998462e-13 8.703605e-14 1.242623e-35 0.000000e+00 6.101547e-179 1.000378e-14
9.311897e-06 3.680787e-08 2.710209e-04 3.959872e-06 4.491205e-06 1.307473e-05 1.041822e-13 5.154979e-19 2.849163e-15 1.110890e-12 3.111736e-08 6.405629e-28 6.081881e-13 1.187747e-19 2.896911e-22 2.033048e-13 5.258799e-18 5.555192e-12 4.310907e-05 4.456654e-04 3.250782e-21 3.308874e-09 1.947760e-15 2.691823e-17 1.985735e-13 7.758613e-16 1.995086e-01 3.138158e-15 1.608056e-18 3.483359e-21 1.500472e-08 3.362439e-20 1.063695e-10 2.349401e-16 2.795918e-16 5.501504e-12 4.455634e-20 7.997099e-01 1.772700e-15 2.529354e-08 1.935567e-23 7.045424e-24 2.235853e-24 1.046185e-24 1.696530e-15 4.197561e-17 1.744325e-14 6.270178e-12 5.014464e-09 3.830651e-23 4.880581e-20 2.110397e-17 2.117362e-13 1.179036e-11 2.285855e-08 3.204704e-18 9.813696e-14 3.785089e-12 2.092611e-12 8.027775e-18 6.494758e-16 1.978077e-18 3.640792e-25 6.420406e-10 1.022060e-18 1.245555e-26 6.401566e-13 5.045266e-33 5.368695e-23 2.471157e-30 1.888651e-08 4.551172e-35 1.462141e-16 3.847743e-25 3.696910e-27 1.091044e-08 5.022133e-11 6.001625e-18 1.376482e-20 1.717308e-08 5.819099e-13 1.443639e-11 2.494714e-18 3.012068e-12 9.850102e-25 2.173759e-17 1.512648e-17 1.277469e-17 9.357694e-12 1.918440e-16 8.762658e-16 5.910955e-14 2.829718e-18 2.041328e-55 2.915408e-13 3.913150e-14 1.351425e-36 0.000000e+00 5.751035e-181 2.217894e-14
8.085092e-06 2.079702e-08 2.766867e-04 1.767645e-06 6.959601e-06 3.160739e-05 2.686664e-14 1.345647e-19 1.160844e-15 1.846009e-13 9.174234e-09 2.745880e-29 6.705085e-14 1.782889e-20 3.352119e-23 1.391047e-14 3.693132e-19 1.408262e-12 6.037825e-05 4.256587e-04 5.583910e-22 1.147717e-09 8.301067e-16 4.759192e-18 5.985816e-14 1.888781e-16 1.992095e-01 1.761105e-15 2.648593e-19 2.109278e-22 8.826710e-09 1.061991e-20 2.289649e-10 3.097066e-17 9.771854e-17 1.442546e-12 1.468359e-20 7.999873e-01 7.588155e-16 2.261177e-08 0.000000e+00 3.552053e-24 0.000000e+00 1.754781e-25 8.500168e-16 9.685467e-18 5.174996e-15 1.941736e-12 2.777850e-09 7.761577e-25 4.649627e-20 2.023906e-17 2.101964e-13 2.990172e-12 3.165761e-08 6.824053e-19 2.908312e-14 1.977874e-12 8.303379e-13 2.092105e-18 1.034648e-15 1.548107e-18 5.149558e-25 1.459777e-09 3.124377e-19 2.956443e-27 2.427308e-13 1.894791e-34 3.738580e-23 1.332459e-30 1.782299e-08 2.338307e-35 1.354634e-16 1.611216e-25 8.791874e-26 5.039971e-09 4.876420e-11 2.847386e-18 1.689640e-20 1.667563e-08 5.772002e-13 1.432401e-11 5.697282e-19 2.983179e-12 4.861967e-26 1.882365e-17 1.020562e-18 3.347298e-19 9.318619e-12 1.766550e-16 8.701744e-16 5.862921e-14 2.804698e-18 2.464635e-58 4.148492e-13 1.550805e-14 8.700199e-38 0.000000e+00 5.423362e-183 4.850200e-14
7.019914e-06 1.481224e-08 2.812085e-04 8.806446e-07 1.063191e-05 6.031670e-05 6.284164e-15 2.945893e-20 4.182845e-16 3.504765e-14 2.495523e-09 9.548109e-31 9.138760e-15 3.240055e-21 1.407523e-23 1.718016e-15 3.936767e-20 3.271029e-13 7.963015e-05 4.034282e-04 1.170043e-22 2.926490e-10 3.290295e-16 9.761313e-19 1.742374e-14 4.083376e-17 1.988670e-01 9.263220e-16 4.206568e-20 1.866657e-23 6.286783e-09 4.225624e-21 4.230410e-10 9.708208e-18 2.717634e-17 3.177504e-13 7.923199e-21 8.002968e-01 3.080394e-16 1.974066e-08 0.000000e+00 2.420618e-24 0.000000e+00 2.533453e-26 5.183482e-16 2.227617e-18 1.337574e-15 7.516884e-13 1.473183e-09 1.261168e-26 4.211672e-20 1.855002e-17 2.085721e-13 6.896872e-13 3.561008e-08 2.157231e-19 7.967980e-15 9.922459e-13 2.868076e-13 4.982535e-19 1.643519e-15 1.640799e-18 4.137730e-25 2.515183e-09 1.564035e-19 5.319295e-28 8.426482e-14 6.284898e-36 3.836082e-23 7.829629e-31 1.650129e-08 1.345694e-35 1.242546e-16 6.035893e-26 1.699430e-26 2.270133e-09 4.604189e-11 1.694276e-18 1.927268e-20 1.612637e-08 5.719324e-13 1.422048e-11 2.059819e-19 2.951138e-12 4.716691e-27 1.688353e-17 6.680192e-20 7.901210e-21 9.274764e-12 1.622953e-16 8.611958e-16 5.809219e-14 2.776745e-18 2.906061e-61 5.748792e-13 5.497255e-15 1.535440e-38 0.000000e+00 5.107399e-185 1.038206e-13
6.095068e-06 1.263494e-08 2.848938e-04 5.688645e-07 1.637117e-05 9.574331e-05 1.510137e-15 6.588508e-21 1.352701e-16 7.320079e-15 6.325039e-10 3.553641e-32 1.570001e-15 7.299718e-22 1.422249e-23 2.925182e-16 5.545394e-21 7.030042e-14 1.003540e-04 3.795176e-04 2.798504e-23 6.810343e-11 1.324096e-16 2.207754e-19 4.836230e-15 8.085428e-18 1.984798e-01 4.557725e-16 6.936092e-21 2.191185e-24 5.338288e-09 1.919785e-21 7.240109e-10 1.041291e-17 6.662317e-18 6.366545e-14 6.209764e-21 8.006427e-01 1.191752e-16 1.731995e-08 0.000000e+00 1.944783e-24 3.930059e-30 3.136177e-27 3.843387e-16 5.240524e-19 3.095457e-16 3.654037e-13 7.510397e-10 1.750202e-28 3.789287e-20 1.673173e-17 2.068792e-13 1.459515e-13 3.308037e-08 8.668180e-20 2.049784e-15 5.219971e-13 9.318670e-14 1.092523e-19 2.500162e-15 1.879634e-18 6.725059e-25 3.543407e-09 1.029992e-19 8.864736e-29 2.717178e-14 2.164098e-37 4.738022e-23 1.016391e-30 1.518693e-08 9.196223e-36 1.127273e-16 1.928286e-26 0.000000e+00 1.112964e-09 4.221835e-11 1.201520e-18 2.174996e-20 1.552535e-08 5.660684e-13 1.411804e-11 1.071785e-19 2.915782e-12 6.587834e-28 1.557765e-17 1.938506e-20 2.087940e-22 9.225769e-12 1.490349e-16 8.490144e-16 5.749461e-14 2.745664e-18 6.840540e-62 7.795001e-13 1.778252e-15 1.103538e-38 0.000000e+00 4.814073e-187 2.104530e-13
5.292068e-06 1.169263e-08 2.875637e-04 4.698497e-07 2.513505e-05 1.393936e-04 3.624746e-16 1.328424e-21 3.918471e-17 1.537863e-15 1.507896e-10 1.192536e-33 2.909674e-16 1.742739e-22 1.709827e-23 5.296733e-17 8.437388e-22 1.411855e-14 1.223322e-04 3.541748e-04 6.915283e-24 1.553959e-11 7.854820e-17 5.091662e-20 1.280525e-15 1.437946e-18 1.980437e-01 2.125396e-16 1.096667e-21 2.872055e-25 4.915415e-09 9.656461e-22 1.487224e-09 1.928554e-17 1.582252e-18 1.272337e-14 7.163779e-21 8.010271e-01 4.421649e-17 1.544116e-08 3.910912e-30 1.454907e-24 3.721756e-31 3.359408e-28 3.150566e-16 1.532605e-19 6.559599e-17 2.021069e-13 3.697878e-10 2.414798e-30 3.244416e-20 1.448763e-17 2.051402e-13 2.864102e-14 2.878559e-08 3.936225e-20 5.040155e-16 2.946124e-13 3.126458e-14 2.072878e-20 3.647950e-15 2.141385e-18 0.000000e+00 4.502272e-09 7.479837e-20 9.808663e-30 8.256697e-15 5.202252e-39 7.616035e-23 0.000000e+00 1.392190e-08 5.969575e-36 1.010518e-16 5.308266e-27 0.000000e+00 6.219345e-10 3.753254e-11 9.375139e-19 2.348744e-20 1.487301e-08 5.595734e-13 1.401333e-11 6.516768e-20 2.876985e-12 1.030027e-28 1.469429e-17 1.822654e-20 6.247751e-24 9.171263e-12 1.373011e-16 8.331950e-16 5.683292e-14 2.711279e-18 2.726861e-62 1.031548e-12 5.312716e-16 1.321924e-38 0.000000e+00 4.530519e-189 4.013469e-13
4.594859e-06 1.006825e-08 2.889368e-04 4.121576e-07 3.797309e-05 2.160961e-04 7.630114e-17 2.348926e-22 9.993286e-18 2.843769e-16 3.420163e-11 3.143871e-35 4.863447e-17 3.700738e-23 2.105135e-23 8.502221e-18 1.155965e-22 2.681889e-15 1.454774e-04 3.275150e-04 1.537856e-24 3.172993e-12 8.242939e-17 1.072806e-20 3.263742e-16 2.399169e-19 1.975405e-01 9.786748e-17 1.690427e-22 3.181144e-26 4.202627e-09 5.527192e-22 7.412018e-09 8.268980e-17 4.338234e-19 3.127850e-15 1.977577e-20 8.014430e-01 1.588747e-17 1.367350e-08 3.849745e-30 1.129482e-24 3.133972e-32 3.150143e-29 2.371706e-16 9.555941e-20 1.346228e-17 1.029631e-13 1.770317e-10 3.709794e-32 2.775547e-20 1.247330e-17 2.033738e-13 5.273543e-15 2.708686e-08 1.733396e-20 1.197136e-16 1.613898e-13 1.593098e-14 0.000000e+00 5.371993e-15 2.299371e-18 5.388111e-25 5.795428e-09 4.851593e-20 4.055725e-31 2.366353e-15 4.263745e-41 2.629004e-22 5.902248e-31 1.230149e-08 3.535580e-36 8.941446e-17 1.319549e-27 0.000000e+00 3.460989e-10 3.222915e-11 6.561071e-19 2.373810e-20 1.417053e-08 5.524099e-13 1.390413e-11 3.462571e-20 2.834600e-12 1.259920e-29 1.407028e-17 1.779086e-20 1.678774e-25 9.110786e-12 1.275889e-16 8.132599e-16 5.610333e-14 2.673408e-18 1.047545e-62 1.340565e-12 1.492636e-16 3.410955e-38 0.000000e+00 4.269996e-191 7.016548e-13
3.989505e-06 7.502210e-09 2.888017e-04 3.313505e-07 5.554479e-05 3.823488e-04 1.293832e-17 3.316856e-23 2.190239e-18 4.359711e-17 7.447285e-12 5.467887e-37 6.792769e-18 6.474220e-24 2.477449e-23 1.130467e-18 1.350998e-23 4.864085e-16 1.696635e-04 2.996872e-04 2.908225e-25 5.410405e-13 1.104085e-16 1.966366e-21 8.063451e-17 3.775310e-20 1.969314e-01 5.062453e-17 2.591978e-23 2.795681e-27 3.076173e-09 3.678606e-22 6.871767e-08 5.619610e-16 1.784454e-19 1.281477e-15 9.064565e-20 8.018721e-01 5.639827e-18 1.085427e-08 6.390778e-29 1.050593e-24 2.053150e-33 2.644839e-30 1.360125e-16 9.146460e-20 4.049807e-18 4.038481e-14 8.312246e-11 5.753130e-34 2.351120e-20 1.065133e-17 2.015928e-13 9.215096e-16 3.012500e-08 6.367614e-21 2.714845e-17 7.495999e-14 2.628158e-14 0.000000e+00 8.085412e-15 2.159324e-18 0.000000e+00 7.662418e-09 2.452667e-20 7.529638e-33 6.340907e-16 1.313030e-43 1.293372e-21 0.000000e+00 1.008862e-08 1.711864e-36 7.799068e-17 2.975814e-28 0.000000e+00 1.645745e-10 2.657962e-11 3.701372e-19 2.080054e-20 1.341851e-08 5.445229e-13 1.378781e-11 1.391881e-20 2.788381e-12 9.891545e-31 1.360356e-17 1.156526e-20 3.411362e-27 9.043642e-12 1.203249e-16 7.887634e-16 5.530022e-14 2.631778e-18 3.486050e-63 1.712142e-12 3.986225e-17 1.180525e-37 0.000000e+00 4.027987e-193 1.129675e-12
3.463904e-06 5.058099e-09 2.873822e-04 2.373027e-07 7.773676e-05 7.364963e-04 1.982373e-18 6.761200e-24 4.164613e-19 5.874769e-18 1.570880e-12 1.288762e-38 8.356964e-19 9.842684e-25 2.761943e-23 1.313434e-19 1.464832e-24 8.502019e-17 1.946540e-04 2.709501e-04 5.069062e-26 7.898760e-14 1.500211e-16 3.243532e-22 1.941196e-17 5.735955e-21 1.961523e-01 3.694588e-17 3.425215e-24 2.647197e-28 1.980952e-09 2.792023e-22 5.522655e-07 2.902960e-15 8.875253e-20 7.621700e-16 3.300727e-19 8.022796e-01 2.165437e-18 7.607866e-09 6.422652e-28 1.044270e-24 1.113729e-34 2.053907e-31 6.084314e-17 7.087702e-20 4.132829e-18 1.296655e-14 3.899094e-11 1.062243e-35 2.006305e-20 9.152918e-18 1.998005e-13 1.546736e-16 3.796091e-08 1.998309e-21 5.852073e-18 2.905935e-14 7.460931e-14 1.911978e-20 1.189310e-14 1.708047e-18 3.159991e-25 9.691671e-09 9.697443e-21 1.909745e-34 1.569263e-16 4.258383e-46 4.265255e-21 2.532496e-31 7.702226e-09 7.314955e-37 6.695753e-17 5.947011e-29 5.628554e-26 6.510041e-11 2.093386e-11 1.754678e-19 1.538081e-20 1.261818e-08 5.358468e-13 1.366146e-11 4.660908e-21 2.738017e-12 5.258228e-32 1.322766e-17 3.423199e-21 5.759724e-29 8.968934e-12 1.157360e-16 7.594678e-16 5.441700e-14 2.586073e-18 1.028852e-63 2.155657e-12 1.022761e-17 2.866241e-37 0.000000e+00 3.806225e-195 1.687102e-12
3.007548e-06 3.385793e-09 2.851232e-04 1.576911e-07 1.040534e-04 1.407527e-03 1.046623e-18 1.721417e-23 7.232293e-20 7.704622e-19 3.234857e-13 1.353243e-38 1.154680e-19 1.653037e-25 2.892471e-23 1.473538e-20 1.616575e-25 1.443651e-17 2.202442e-04 2.415284e-04 9.777257e-27 1.094625e-14 1.953727e-16 5.184954e-23 4.572059e-18 8.525949e-22 1.951200e-01 3.974041e-17 6.796367e-25 4.327950e-29 1.222653e-09 2.319710e-22 3.122726e-06 1.012880e-14 6.053982e-20 4.621938e-16 8.491819e-19 8.026181e-01 1.201440e-18 5.329779e-09 3.106519e-27 9.174889e-25 6.532922e-36 1.780573e-32 2.693270e-17 4.049943e-20 6.809749e-18 4.581740e-15 1.908761e-11 1.262772e-36 1.731015e-20 7.946649e-18 1.979902e-13 2.520794e-17 4.932747e-08 6.814994e-22 1.217452e-18 1.049789e-14 1.926604e-13 2.638354e-21 1.633845e-14 1.182711e-18 5.755418e-26 1.113895e-08 3.423767e-21 5.797989e-35 3.556530e-17 1.621607e-47 8.721480e-21 4.797743e-32 5.891787e-09 3.045457e-37 5.648146e-17 1.059953e-29 1.091823e-26 2.280688e-11 1.572735e-11 8.248530e-20 1.001812e-20 1.177112e-08 5.263049e-13 1.352230e-11 1.567025e-21 2.683130e-12 2.376348e-33 1.290116e-17 8.484799e-22 2.647985e-30 8.885572e-12 1.137358e-16 7.254450e-16 5.344588e-14 2.535923e-18 2.733107e-64 2.679915e-12 2.540896e-18 4.803719e-37 0.000000e+00 3.602426e-197 2.366003e-12
2.611316e-06 2.359441e-09 2.824128e-04 1.016378e-07 1.341450e-04 2.543155e-03 3.481165e-18 8.532127e-23 1.269521e-20 1.040388e-19 6.550509e-14 1.777681e-37 3.290283e-20 5.647484e-26 2.817927e-23 1.702860e-21 1.869661e-26 2.399045e-18 2.462401e-04 2.116414e-04 2.594953e-27 1.557533e-15 2.431506e-16 8.428220e-24 1.058524e-18 1.246186e-22 1.937404e-01 5.027048e-17 2.760202e-25 1.229630e-29 7.638895e-10 2.039949e-22 1.278250e-05 2.598559e-14 2.381877e-19 2.662159e-16 1.669394e-18 8.028291e-01 1.168692e-18 3.909177e-09 8.919396e-27 7.233690e-25 2.113244e-36 8.369609e-33 1.389045e-17 1.890960e-20 1.046941e-17 2.068368e-15 1.076605e-11 5.143712e-37 1.499096e-20 6.930019e-18 1.961471e-13 4.028846e-18 6.268998e-08 2.879317e-22 2.492050e-19 3.869477e-15 4.210920e-13 0.000000e+00 2.099290e-14 7.663933e-19 0.000000e+00 1.178359e-08 1.226158e-21 6.052271e-35 7.384775e-18 1.189458e-44 1.275674e-20 0.000000e+00 4.873413e-09 1.279142e-37 4.672341e-17 1.854357e-30 0.000000e+00 7.573289e-12 1.136597e-11 4.365213e-20 6.130050e-21 1.088038e-08 5.158220e-13 1.336794e-11 5.810264e-22 2.623345e-12 1.088799e-34 1.259816e-17 2.601198e-22 1.970548e-30 8.792393e-12 1.139646e-16 6.870840e-16 5.237924e-14 2.480971e-18 6.691831e-65 3.291075e-12 6.154837e-19 6.235549e-37 0.000000e+00 3.412376e-199 3.152993e-12
2.267286e-06 1.720011e-09 2.795470e-04 6.546120e-08 1.679790e-04 4.306933e-03 1.301044e-17 3.872110e-22 3.706206e-21 1.474683e-20 1.313431e-14 2.412626e-36 2.232334e-20 4.509730e-26 2.603099e-23 2.124176e-22 2.273300e-27 3.929288e-19 2.723728e-04 1.815886e-04 1.078115e-27 2.336978e-16 2.916988e-16 1.418309e-24 2.421850e-19 1.819034e-23 1.919100e-01 6.362023e-17 2.047907e-25 4.662064e-30 4.914796e-10 1.858316e-22 4.065723e-05 5.353878e-14 1.483003e-18 1.614314e-16 2.715969e-18 8.028407e-01 1.448710e-18 3.018307e-09 1.809241e-26 5.393213e-25 2.513214e-36 1.391002e-32 9.261819e-18 8.410817e-21 1.454356e-17 1.170828e-15 7.995534e-12 2.542099e-37 1.317907e-20 6.131674e-18 1.942482e-13 6.364809e-19 7.623614e-08 1.485063e-22 5.139104e-20 1.526755e-15 8.022452e-13 0.000000e+00 2.581558e-14 4.890970e-19 0.000000e+00 1.185461e-08 4.747238e-22 7.435306e-35 1.411033e-18 1.630457e-40 1.520269e-20 0.000000e+00 4.407533e-09 5.664053e-38 3.782431e-17 5.316268e-31 0.000000e+00 2.499518e-12 8.046867e-12 2.633254e-20 3.725311e-21 9.981303e-09 5.043247e-13 1.319616e-11 2.416037e-22 2.558291e-12 5.445118e-36 1.230131e-17 9.964460e-23 4.597929e-30 8.688154e-12 1.158919e-16 6.449855e-16 5.120965e-14 2.420877e-18 1.758707e-65 4.000386e-12 1.465580e-19 7.076962e-37 0.000000e+00 3.235707e-201 3.888046e-12
1.968580e-06 1.297865e-09 2.767309e-04 4.285651e-08 2.058390e-04 6.872349e-03 4.351177e-17 1.636613e-21 4.079375e-21 2.231114e-21 2.622771e-15 2.707099e-35 1.972593e-20 4.607950e-26 2.361087e-23 2.939048e-23 2.911228e-28 6.379939e-20 2.982071e-04 1.518382e-04 6.382455e-28 3.872776e-17 3.404355e-16 2.481086e-25 5.501087e-20 2.700704e-24 1.895197e-01 7.691447e-17 2.312051e-25 2.046767e-30 3.261528e-10 1.730210e-22 1.069267e-04 9.442302e-14 7.307532e-18 1.228320e-16 3.869163e-18 8.025682e-01 1.771612e-18 2.445306e-09 2.897804e-26 3.937248e-25 2.782233e-36 2.049543e-32 8.006456e-18 4.243515e-21 1.886213e-17 7.691392e-16 7.932091e-12 1.538215e-37 1.200203e-20 5.602496e-18 1.922636e-13 9.987068e-20 8.779583e-08 8.803401e-23 1.105083e-20 6.526857e-16 1.374312e-12 5.044755e-21 3.101974e-14 3.167337e-19 0.000000e+00 1.163346e-08 2.018974e-22 1.048584e-34 2.485011e-19 2.610222e-36 1.609910e-20 0.000000e+00 4.202694e-09 2.783684e-38 2.988745e-17 5.737855e-31 0.000000e+00 8.431761e-13 5.711174e-12 1.716275e-20 2.335844e-21 9.127308e-09 4.917315e-13 1.300465e-11 1.116558e-22 2.487556e-12 3.064651e-37 1.199890e-17 4.543889e-23 1.277357e-29 8.571454e-12 1.189144e-16 5.998255e-16 4.992884e-14 2.355264e-18 5.976434e-66 4.826171e-12 3.457855e-20 7.787151e-37 0.000000e+00 3.072776e-203 4.320231e-12
1.709227e-06 1.007112e-09 2.740145e-04 2.868513e-08 2.481609e-04 1.040539e-02 1.293781e-16 6.154903e-21 7.539902e-21 3.940772e-22 5.240148e-16 2.334537e-34 1.765809e-20 4.681208e-26 2.079268e-23 0.000000e+00 3.854721e-29 1.031703e-20 3.230557e-04 1.231204e-04 4.487412e-28 9.390601e-18 3.881820e-16 4.508491e-26 1.245171e-20 4.037406e-25 1.864664e-01 8.807542e-17 2.512037e-25 9.923202e-31 2.231634e-10 1.632373e-22 2.434743e-04 1.492620e-13 2.865834e-17 1.372257e-16 5.025973e-18 8.019162e-01 2.022930e-18 2.060184e-09 3.985561e-26 2.874107e-25 2.715445e-36 2.556096e-32 8.123916e-18 2.589270e-21 2.296084e-17 5.491930e-16 9.193641e-12 1.012554e-37 1.107579e-20 5.188527e-18 1.901650e-13 1.563338e-20 9.664157e-08 5.574325e-23 2.613841e-21 3.015549e-16 2.161857e-12 0.000000e+00 3.681366e-14 2.102063e-19 0.000000e+00 1.128601e-08 9.453155e-23 1.529994e-34 4.072798e-20 4.613727e-32 1.590779e-20 9.547157e-30 4.086705e-09 1.430263e-38 2.298637e-17 1.043967e-30 5.756827e-32 2.981521e-13 4.145828e-12 1.171514e-20 1.511938e-21 8.320670e-09 4.779729e-13 1.279122e-11 5.639181e-23 2.410805e-12 2.157504e-38 1.168353e-17 2.357872e-23 3.248654e-29 8.440916e-12 1.224154e-16 5.523622e-16 4.852975e-14 2.283825e-18 2.303039e-66 5.774353e-12 8.122915e-21 8.200141e-37 0.000000e+00 2.916648e-205 4.434681e-12
1.484044e-06 7.959777e-10 2.714515e-04 1.966200e-08 2.955648e-04 1.506909e-02 3.431326e-16 2.085208e-20 1.382066e-20 1.212537e-22 1.052885e-16 1.567525e-33 1.563511e-20 4.616597e-26 1.809766e-23 0.000000e+00 5.305305e-30 1.670248e-21 3.460365e-04 9.636136e-05 3.455727e-28 5.326040e-18 4.342034e-16 8.501935e-27 2.820940e-21 6.118235e-26 1.826519e-01 9.633864e-17 2.451421e-25 5.163397e-31 1.567583e-10 1.551915e-22 4.960079e-04 2.177036e-13 9.275746e-17 2.237406e-16 6.102941e-18 8.007734e-01 2.160495e-18 1.794168e-09 4.925620e-26 2.118772e-25 1.061448e-34 2.803190e-32 8.765981e-18 1.815596e-21 2.655285e-17 4.117059e-16 1.104985e-11 7.321438e-38 1.038894e-20 4.880104e-18 1.879236e-13 2.452502e-21 1.018821e-07 3.692703e-23 7.243914e-22 1.485080e-16 3.160980e-12 0.000000e+00 4.346738e-14 1.435776e-19 1.101082e-24 1.090624e-08 4.800375e-23 2.289977e-34 6.522102e-21 7.585864e-28 1.510169e-20 1.556718e-25 3.962441e-09 7.694967e-39 1.715846e-17 1.896906e-30 1.917570e-25 1.117654e-13 3.105059e-12 8.107031e-21 1.015730e-21 7.554211e-09 4.630027e-13 1.255391e-11 3.073204e-23 2.327844e-12 2.824537e-39 1.135007e-17 1.348170e-23 7.372563e-29 8.295276e-12 1.257950e-16 5.034407e-16 4.700771e-14 2.206381e-18 1.036432e-66 6.867947e-12 1.913143e-21 8.497346e-37 0.000000e+00 2.765551e-207 4.269049e-12
1.288527e-06 6.356827e-10 2.690665e-04 1.379063e-08 3.488431e-04 2.102081e-02 8.161107e-16 6.472029e-20 2.363660e-20 9.183491e-23 2.136929e-17 8.425731e-33 1.381485e-20 4.465568e-26 1.582878e-23 2.459896e-24 8.030421e-31 2.719130e-22 3.662664e-04 7.247207e-05 2.844898e-28 5.336177e-18 4.779878e-16 1.662737e-27 6.420802e-22 9.432275e-27 1.779853e-01 1.017954e-16 1.403567e-25 2.826351e-31 1.125136e-10 1.481136e-22 9.259964e-04 2.988679e-13 2.551688e-16 4.391554e-16 7.044946e-18 7.990111e-01 2.182337e-18 1.607825e-09 5.608296e-26 1.584628e-25 7.309325e-30 2.781476e-32 9.545784e-18 1.384803e-21 2.942976e-17 3.188095e-16 1.307348e-11 5.939197e-38 9.944350e-21 4.677514e-18 1.855095e-13 3.869757e-22 1.030370e-07 2.498070e-23 2.426919e-22 7.671246e-17 4.327615e-12 0.000000e+00 5.127755e-14 1.009383e-19 1.550606e-26 1.053473e-08 2.597160e-23 6.127722e-34 2.515546e-21 3.032844e-24 1.401236e-20 8.192875e-28 3.788413e-09 4.348742e-39 1.239210e-17 0.000000e+00 2.023475e-32 4.433537e-14 2.388491e-12 5.576310e-21 7.094416e-22 6.814274e-09 4.467896e-13 1.229088e-11 1.793888e-23 2.238566e-12 9.606859e-40 1.099485e-17 8.294604e-24 1.508761e-28 8.133300e-12 1.285032e-16 4.539173e-16 4.535953e-14 2.122838e-18 5.605670e-67 8.156480e-12 4.546544e-22 8.865242e-37 0.000000e+00 2.617790e-209 3.905164e-12
1.118769e-06 5.106685e-10 2.668442e-04 9.871647e-09 4.089086e-04 2.840115e-02 1.752509e-15 1.835941e-19 3.760861e-20 1.038440e-22 4.396950e-18 3.673854e-32 1.224655e-20 4.298426e-26 1.394418e-23 5.191080e-25 1.212764e-31 4.467795e-23 3.830204e-04 5.217840e-05 2.465277e-28 5.983735e-18 5.189765e-16 3.378795e-28 1.472912e-22 0.000000e+00 1.723905e-01 1.047324e-16 5.830350e-25 1.607210e-31 8.221483e-11 1.415243e-22 1.612398e-03 3.919143e-13 6.107795e-16 8.790708e-16 7.827669e-18 7.964849e-01 2.109164e-18 1.474902e-09 0.000000e+00 0.000000e+00 0.000000e+00 2.558123e-32 1.028628e-17 1.122756e-21 3.129588e-17 2.524908e-16 1.498440e-11 5.323234e-38 9.658599e-21 4.546265e-18 1.828937e-13 6.161778e-23 1.004175e-07 1.688785e-23 9.564928e-23 4.104875e-17 5.577870e-12 0.000000e+00 6.054492e-14 7.282278e-20 0.000000e+00 1.017912e-08 1.477726e-23 2.235893e-34 3.618770e-22 1.927337e-29 1.282628e-20 1.315284e-23 3.558042e-09 2.529771e-39 8.630159e-18 0.000000e+00 0.000000e+00 1.850069e-14 1.864783e-12 3.791653e-21 5.124160e-22 6.082771e-09 4.293263e-13 1.200051e-11 1.118119e-23 2.143007e-12 5.112695e-40 1.061546e-17 5.393322e-24 2.805981e-28 7.953884e-12 1.300663e-16 4.046504e-16 4.358452e-14 2.033230e-18 3.494095e-67 9.737810e-12 1.095756e-22 9.290333e-37 0.000000e+00 2.470436e-211 3.473329e-12
9.713753e-07 4.110692e-10 2.647764e-04 7.191614e-09 4.768260e-04 3.732266e-02 3.426290e-15 4.807677e-19 5.595760e-20 1.229857e-22 9.201337e-19 1.337983e-31 1.089769e-20 4.042796e-26 1.244629e-23 3.176744e-25 2.054888e-32 7.432964e-24 3.958675e-04 3.587591e-05 2.225610e-28 6.592471e-18 5.570788e-16 7.206212e-29 3.414715e-23 0.000000e+00 1.658156e-01 1.055173e-16 1.655554e-25 9.399554e-32 6.095589e-11 1.351227e-22 2.653052e-03 4.961169e-13 1.297055e-15 1.672139e-15 8.445901e-18 7.930352e-01 1.968481e-18 1.379143e-09 4.721520e-26 9.266141e-26 0.000000e+00 2.217129e-32 1.090968e-17 9.632828e-22 3.203915e-17 2.033527e-16 1.657883e-11 5.397950e-38 9.515390e-21 4.476585e-18 1.800486e-13 9.933591e-24 9.447080e-08 1.226886e-23 4.185436e-23 2.251878e-17 6.807959e-12 0.000000e+00 7.164236e-14 5.377167e-20 8.286114e-25 9.836896e-09 8.742134e-24 8.758069e-34 6.080648e-22 1.167483e-24 1.165480e-20 9.278769e-28 3.276371e-09 1.505659e-39 5.775485e-18 0.000000e+00 1.422655e-25 8.053097e-15 1.459616e-12 2.536354e-21 3.816626e-22 5.363573e-09 4.106376e-13 1.168159e-11 7.463391e-24 2.041383e-12 2.971700e-40 1.021056e-17 3.657833e-24 4.801248e-28 7.756148e-12 1.301111e-16 3.564783e-16 4.168520e-14 1.937766e-18 2.495793e-67 1.180623e-11 2.691110e-23 9.849389e-37 0.000000e+00 2.321755e-213 3.018307e-12
8.434005e-07 3.313105e-10 2.628342e-04 5.312065e-09 5.537272e-04 4.784648e-02 6.151503e-15 1.145967e-18 7.822113e-20 1.414202e-22 1.963554e-19 4.081620e-31 9.731598e-21 3.805980e-26 1.115100e-23 2.228789e-25 4.166071e-33 1.255247e-24 4.047295e-04 2.357005e-05 2.053475e-28 7.005980e-18 5.920821e-16 1.665378e-29 8.018013e-24 0.000000e+00 1.582481e-01 1.042513e-16 5.074312e-25 5.628240e-32 4.576022e-11 1.287238e-22 4.165307e-03 6.114368e-13 2.484118e-15 2.955007e-15 8.914629e-18 7.884952e-01 1.789202e-18 1.306470e-09 5.727894e-25 8.881437e-26 4.597656e-26 1.842858e-32 1.139720e-17 8.616754e-22 3.150242e-17 1.653621e-16 1.769547e-11 6.101546e-38 9.397554e-21 4.416543e-18 1.769501e-13 1.627858e-24 8.624991e-08 8.603581e-24 1.939720e-23 1.258154e-17 7.927464e-12 0.000000e+00 8.495914e-14 4.046448e-20 0.000000e+00 9.495690e-09 5.351536e-24 1.165040e-33 0.000000e+00 0.000000e+00 1.053935e-20 6.853502e-32 2.959908e-09 8.848539e-40 3.701281e-18 1.120160e-29 2.559576e-32 3.645083e-15 1.134968e-12 1.677242e-21 2.905001e-22 4.667213e-09 3.907896e-13 1.133349e-11 5.340379e-24 1.934140e-12 1.748884e-40 9.780011e-18 2.560523e-24 7.570921e-28 7.539569e-12 1.283888e-16 3.101946e-16 3.966831e-14 1.836865e-18 1.876424e-67 1.466670e-11 6.758144e-24 1.036039e-36 0.000000e+00 2.169133e-215 2.560854e-12
7.322859e-07 2.675476e-10 2.610003e-04 3.963825e-09 6.407984e-04 5.996209e-02 1.023326e-14 2.437228e-18 1.032664e-19 1.565057e-22 4.286004e-20 1.038070e-30 8.614988e-21 3.529813e-26 9.887302e-24 1.586057e-25 1.148973e-33 2.156387e-25 4.098758e-04 1.488680e-05 1.900916e-28 7.218034e-18 6.238082e-16 4.514074e-30 1.910523e-24 0.000000e+00 1.497287e-01 1.010559e-16 7.059775e-25 3.444842e-32 3.473351e-11 1.222252e-22 6.284251e-03 7.384479e-13 4.352136e-15 4.836706e-15 9.258113e-18 7.826983e-01 1.594634e-18 1.245448e-09 0.000000e+00 4.005524e-26 0.000000e+00 1.491823e-32 1.175876e-17 7.903534e-22 2.970148e-17 1.347552e-16 1.821895e-11 1.552450e-37 9.169668e-21 4.316407e-18 1.735798e-13 2.727569e-25 7.687392e-08 5.864681e-24 9.267093e-24 7.127663e-18 8.885918e-12 0.000000e+00 1.009343e-13 3.090129e-20 0.000000e+00 9.143044e-09 3.385578e-24 1.467400e-33 0.000000e+00 0.000000e+00 9.491331e-21 6.641503e-29 2.626741e-09 4.931951e-40 2.264337e-18 1.519056e-29 2.364970e-36 1.717464e-15 8.717712e-13 1.105107e-21 2.236501e-22 4.004471e-09 3.699009e-13 1.095647e-11 4.070204e-24 1.821999e-12 1.034580e-40 9.324906e-18 1.835038e-24 1.101392e-27 7.304159e-12 1.247901e-16 2.665281e-16 3.754589e-14 1.731215e-18 1.338158e-67 1.872876e-11 1.741027e-24 1.052491e-36 0.000000e+00 2.010732e-217 2.120954e-12
6.358102e-07 2.157772e-10 2.593585e-04 2.984908e-09 7.395376e-04 7.359118e-02 1.594058e-14 4.808348e-18 1.302560e-19 1.667340e-22 9.626180e-21 2.654750e-30 7.714682e-21 3.290510e-26 8.824815e-24 1.156683e-25 4.626629e-34 3.775536e-26 4.118447e-04 9.160109e-06 1.763739e-28 7.190445e-18 6.533577e-16 1.605184e-30 4.627860e-25 0.000000e+00 1.403476e-01 9.658085e-17 7.793061e-25 2.141040e-32 2.659084e-11 1.155796e-22 9.160840e-03 8.771475e-13 7.070363e-15 7.402001e-15 9.490934e-18 7.754804e-01 1.397566e-18 1.192809e-09 0.000000e+00 0.000000e+00 0.000000e+00 1.177807e-32 1.200186e-17 7.381935e-22 2.729021e-17 1.099512e-16 1.810995e-11 1.168811e-35 8.954264e-21 4.211796e-18 1.699210e-13 4.716526e-26 6.658686e-08 4.435359e-24 4.483406e-24 4.063231e-18 9.679102e-12 4.488550e-22 1.202925e-13 2.394352e-20 0.000000e+00 8.778264e-09 2.194432e-24 2.105009e-33 2.290166e-22 4.002751e-26 8.541736e-21 9.214019e-25 2.283850e-09 2.682901e-40 1.318085e-18 3.334470e-28 4.886286e-30 8.353916e-16 6.590686e-13 7.184376e-22 1.750946e-22 3.385042e-09 3.481260e-13 1.055143e-11 3.314639e-24 1.705871e-12 6.104368e-41 8.847230e-18 1.339626e-24 1.509010e-27 7.050340e-12 1.193505e-16 2.260663e-16 3.533366e-14 1.621679e-18 9.881043e-68 2.450817e-11 4.632935e-25 1.067056e-36 0.000000e+00 1.848529e-219 1.710810e-12
5.520448e-07 1.735897e-10 2.580033e-04 2.265984e-09 8.516278e-04 8.858601e-02 2.349636e-14 8.992828e-18 1.586094e-19 1.718298e-22 2.259974e-21 1.151572e-25 6.932004e-21 3.266357e-26 7.980262e-24 8.677031e-26 2.462763e-34 6.744147e-27 4.112701e-04 5.623148e-06 1.634045e-28 6.949041e-18 6.814856e-16 7.676610e-31 1.140751e-25 1.182976e-27 1.302436e-01 9.134502e-17 2.246348e-25 1.346260e-32 2.049362e-11 1.087752e-22 1.296085e-02 1.027987e-12 1.078789e-14 1.070928e-14 9.633304e-18 7.666830e-01 1.207436e-18 1.144651e-09 0.000000e+00 3.527965e-26 0.000000e+00 8.967189e-33 1.214498e-17 6.962105e-22 2.473543e-17 8.961942e-17 1.740086e-11 1.487713e-33 8.794296e-21 4.136807e-18 1.659602e-13 8.607357e-27 5.596958e-08 3.134964e-24 2.173005e-24 2.316803e-18 1.033504e-11 0.000000e+00 1.438925e-13 1.879666e-20 5.711452e-26 8.396847e-09 1.449021e-24 2.694576e-33 5.526211e-22 8.255407e-25 7.692600e-21 1.469389e-24 1.942587e-09 1.435549e-40 7.274484e-19 2.501605e-29 0.000000e+00 4.161235e-16 4.893486e-13 4.590988e-22 1.394928e-22 2.816715e-09 3.256433e-13 1.011982e-11 2.879483e-24 1.586777e-12 3.594834e-41 8.349655e-18 9.915384e-25 1.964387e-27 6.778863e-12 1.122392e-16 1.892173e-16 3.304975e-14 1.509234e-18 7.788206e-68 3.253275e-11 1.293543e-25 1.095296e-36 0.000000e+00 1.683685e-221 1.338872e-12
4.793151e-07 1.394097e-10 2.570369e-04 1.731438e-09 9.789205e-04 1.047345e-01 3.314866e-14 1.605064e-17 1.883615e-19 1.728517e-22 5.813999e-22 6.569018e-26 6.415291e-21 3.058971e-26 7.288953e-24 6.672546e-26 1.516222e-34 1.230063e-27 4.087374e-04 3.568696e-06 1.505459e-28 6.576717e-18 7.082235e-16 4.450848e-31 2.863946e-26 4.424724e-27 1.195997e-01 8.564538e-17 2.148819e-25 8.555708e-33 1.587857e-11 1.018281e-22 1.786025e-02 1.191869e-12 1.566417e-14 1.482510e-14 9.707779e-18 7.561572e-01 1.031346e-18 1.096955e-09 1.020389e-24 6.131090e-26 8.676853e-26 4.980482e-33 1.221200e-17 6.586812e-22 2.224481e-17 7.272515e-17 1.618523e-11 1.009471e-33 8.653490e-21 4.068765e-18 1.616879e-13 1.768509e-27 4.572168e-08 2.215431e-24 1.049562e-24 1.317330e-18 1.089070e-11 1.259302e-22 1.727228e-13 1.491209e-20 0.000000e+00 7.992636e-09 9.721230e-25 3.344282e-33 1.006120e-22 4.054710e-29 6.929294e-21 0.000000e+00 1.616381e-09 7.466284e-41 3.792525e-19 3.103628e-29 0.000000e+00 2.113701e-16 3.564628e-13 2.890239e-22 1.126754e-22 2.305285e-09 3.026585e-13 9.663708e-12 2.641072e-24 1.465872e-12 2.129992e-41 7.835646e-18 7.411910e-25 2.491016e-27 6.490880e-12 1.037374e-16 1.562271e-16 3.071506e-14 1.394980e-18 6.404743e-68 4.329877e-11 3.968588e-26 1.135067e-36 0.000000e+00 1.517139e-223 1.011802e-12
4.161673e-07 1.118762e-10 2.565949e-04 1.329869e-09 1.123551e-03 1.217829e-01 4.541746e-14 2.776988e-17 2.212130e-19 1.718292e-22 1.833193e-22 3.433340e-26 5.757223e-21 2.884651e-26 6.722344e-24 5.252746e-26 1.006736e-34 2.293053e-28 4.047025e-04 2.436694e-06 1.383106e-28 6.166000e-18 7.331188e-16 2.808033e-31 7.331684e-27 0.000000e+00 1.086264e-01 7.975054e-17 1.976291e-25 5.490876e-33 1.235018e-11 9.477452e-23 2.403943e-02 1.369503e-12 2.198819e-14 1.995069e-14 9.732377e-18 7.437640e-01 8.730620e-19 1.047576e-09 0.000000e+00 0.000000e+00 0.000000e+00 0.000000e+00 1.222276e-17 6.262054e-22 1.996091e-17 5.863556e-17 1.460198e-11 0.000000e+00 8.536979e-21 4.012489e-18 1.570984e-13 4.729714e-28 3.632023e-08 1.555966e-24 5.038161e-25 7.457211e-19 1.137459e-11 5.945235e-22 2.080273e-13 1.192952e-20 9.258152e-25 7.562656e-09 6.604813e-25 4.152086e-33 7.246453e-23 0.000000e+00 6.238235e-21 7.887496e-32 1.315442e-09 3.773750e-41 1.860869e-19 3.055898e-28 1.664575e-25 1.090206e-16 2.546612e-13 1.794724e-22 9.208911e-23 1.854280e-09 2.793987e-13 9.185753e-12 2.531415e-24 1.344408e-12 1.283594e-41 7.309324e-18 5.587783e-25 3.065640e-27 6.187911e-12 9.420641e-17 1.271874e-16 2.835266e-14 1.280112e-18 5.477697e-68 5.734333e-11 1.494872e-26 1.191300e-36 0.000000e+00 1.350713e-225 7.334379e-13
3.613389e-07 8.971135e-11 2.568678e-04 1.026101e-09 1.288144e-03 1.394641e-01 6.157314e-14 4.855955e-17 2.620209e-19 1.712217e-22 8.161218e-23 1.026889e-24 5.262592e-21 3.898491e-26 6.333892e-24 4.266207e-26 7.083685e-35 4.374668e-29 3.994667e-04 1.837808e-06 1.280540e-28 5.782518e-18 7.555566e-16 1.824830e-31 1.916938e-27 3.722000e-28 9.753953e-02 7.395278e-17 1.800199e-25 3.549828e-33 9.623603e-12 8.766231e-23 3.167942e-02 1.560669e-12 3.042363e-14 2.663321e-14 9.717444e-18 7.293706e-01 7.334932e-19 9.968817e-10 0.000000e+00 0.000000e+00 0.000000e+00 0.000000e+00 1.218857e-17 6.031491e-22 1.803734e-17 4.700359e-17 1.280864e-11 1.229198e-32 8.528843e-21 4.000021e-18 1.521873e-13 1.903311e-28 2.796192e-08 1.087755e-24 2.397753e-25 4.194849e-19 1.180021e-11 8.840166e-22 2.515014e-13 9.615696e-21 0.000000e+00 7.107903e-09 4.513653e-25 5.391413e-33 2.137285e-23 0.000000e+00 5.613802e-21 1.107492e-33 1.045490e-09 1.871562e-41 8.558345e-20 4.774957e-29 0.000000e+00 5.664584e-17 1.784157e-13 1.093952e-22 7.643413e-23 1.464708e-09 2.560966e-13 8.688954e-12 2.538313e-24 1.223645e-12 7.962000e-42 6.775143e-18 4.264733e-25 3.617159e-27 5.871697e-12 8.404646e-17 1.020428e-16 2.598620e-14 1.165832e-18 5.225092e-68 7.553657e-11 7.955681e-27 1.300492e-36 0.000000e+00 1.187273e-227 5.044545e-13
3.137339e-07 7.219601e-11 2.580012e-04 7.938381e-10 1.475349e-03 1.575043e-01 8.400403e-14 8.517463e-17 3.175338e-19 1.741812e-22 5.155530e-23 7.349795e-26 5.189883e-21 2.879086e-26 6.004298e-24 3.527957e-26 5.160345e-35 8.550480e-30 3.931983e-04 1.532447e-06 1.199529e-28 5.542686e-18 7.730637e-16 1.215737e-31 5.129503e-28 0.000000e+00 8.655429e-02 6.833075e-17 1.833215e-25 2.319597e-33 7.505329e-12 8.054834e-23 4.095500e-02 1.766421e-12 4.223465e-14 3.579748e-14 9.681937e-18 7.128583e-01 6.131467e-19 9.427787e-10 3.889294e-24 1.385409e-25 3.517616e-25 0.000000e+00 1.213178e-17 5.938657e-22 1.635638e-17 3.734215e-17 1.095035e-11 5.409554e-33 8.522063e-21 3.993383e-18 1.469540e-13 1.079344e-28 2.097477e-08 7.502912e-25 1.133465e-25 2.350872e-19 1.216676e-11 1.401092e-22 3.049877e-13 7.781260e-21 3.414687e-25 6.628226e-09 3.106832e-25 7.139959e-33 1.342914e-23 0.000000e+00 5.035054e-21 1.164692e-32 8.130473e-10 8.895751e-42 3.674547e-20 6.126553e-29 1.143584e-26 2.962279e-17 1.226369e-13 6.617722e-23 6.387213e-23 1.135356e-09 2.329908e-13 8.176730e-12 2.606308e-24 1.104853e-12 5.185935e-42 6.237905e-18 3.323711e-25 4.614347e-27 5.544257e-12 7.366021e-17 8.062881e-17 2.363989e-14 1.053352e-18 5.092838e-68 9.931585e-11 5.996098e-27 1.442207e-36 0.000000e+00 1.028315e-229 3.251135e-13
2.724008e-07 5.832674e-11 2.602734e-04 6.158711e-10 1.688767e-03 1.756384e-01 1.163589e-13 1.574135e-16 3.982347e-19 1.815399e-22 4.008523e-23 0.000000e+00 4.689112e-21 2.114454e-26 5.849514e-24 3.015882e-26 3.942613e-35 1.715191e-30 3.859747e-04 1.382048e-06 1.147733e-28 5.407937e-18 7.841430e-16 8.185818e-32 1.410433e-28 1.281029e-26 7.587060e-02 6.316148e-17 1.664893e-25 1.528209e-33 5.844876e-12 7.349329e-23 5.203095e-02 1.985176e-12 5.936453e-14 4.894509e-14 9.629557e-18 6.941236e-01 5.101417e-19 8.878048e-10 0.000000e+00 0.000000e+00 0.000000e+00 0.000000e+00 1.205635e-17 6.010583e-22 1.505020e-17 2.949466e-17 9.149791e-12 0.000000e+00 8.676602e-21 4.051076e-18 1.413995e-13 7.314791e-29 1.522834e-08 5.161353e-25 5.319666e-26 1.312055e-19 1.246241e-11 2.240148e-23 3.713207e-13 6.324870e-21 1.084263e-25 6.130050e-09 2.134142e-25 1.033755e-32 1.128401e-23 0.000000e+00 4.505786e-21 0.000000e+00 6.172014e-10 4.183971e-42 1.465955e-20 8.172494e-29 0.000000e+00 1.544315e-17 8.273250e-14 3.939839e-23 5.419461e-23 8.629481e-10 2.103130e-13 7.652761e-12 2.778471e-24 9.892394e-13 3.573679e-42 5.702499e-18 2.675367e-25 5.572408e-27 5.207788e-12 6.341232e-17 6.269829e-17 2.133726e-14 9.438243e-19 5.767041e-68 1.313598e-10 5.549468e-27 1.701531e-36 0.000000e+00 8.773338e-232 1.917953e-13
2.365131e-07 4.760826e-11 2.638912e-04 4.786363e-10 1.931776e-03 1.936026e-01 1.623920e-13 2.939459e-16 5.114414e-19 1.931853e-22 3.403533e-23 0.000000e+00 4.815570e-21 2.929979e-26 5.735325e-24 2.619059e-26 3.095526e-35 3.534822e-31 3.778228e-04 1.309920e-06 1.108333e-28 5.380449e-18 7.851619e-16 5.569023e-32 4.011460e-29 4.218031e-32 6.567623e-02 5.854305e-17 1.787940e-25 1.021135e-33 4.542742e-12 6.656007e-23 6.505711e-02 2.218203e-12 8.389632e-14 6.762305e-14 9.580692e-18 6.730893e-01 4.230687e-19 8.304202e-10 0.000000e+00 0.000000e+00 0.000000e+00 0.000000e+00 1.198706e-17 6.221158e-22 1.399420e-17 2.308471e-17 7.491757e-12 9.253407e-34 8.848543e-21 4.131031e-18 1.355302e-13 5.339999e-29 1.077716e-08 3.519230e-25 2.487946e-26 7.325256e-20 1.266833e-11 3.620078e-24 4.535017e-13 5.145449e-21 0.000000e+00 5.618084e-09 1.468310e-25 1.534622e-32 1.006964e-23 0.000000e+00 4.010657e-21 1.687769e-32 4.583264e-10 1.922519e-42 5.409182e-21 1.120600e-28 6.178507e-26 8.020019e-18 5.481018e-14 2.342688e-23 4.619749e-23 6.426809e-10 1.882866e-13 7.121044e-12 3.001937e-24 8.779394e-13 2.612239e-42 5.173894e-18 2.222567e-25 6.934484e-27 4.864711e-12 5.360873e-17 4.795291e-17 1.910099e-14 8.383334e-19 6.739078e-68 1.746303e-10 5.586181e-27 2.066035e-36 0.000000e+00 7.356675e-234 1.005258e-13
2.053534e-07 3.915487e-11 2.693548e-04 3.737784e-10 2.210096e-03 2.111497e-01 2.255178e-13 6.105955e-16 6.696993e-19 2.047356e-22 2.941104e-23 0.000000e+00 4.285845e-21 2.920762e-26 6.009217e-24 2.417652e-26 2.620402e-35 7.499876e-32 3.687479e-04 1.265477e-06 1.082407e-28 5.222027e-18 7.761137e-16 3.660767e-32 1.195348e-29 1.506204e-33 5.613201e-02 5.487931e-17 1.659271e-25 6.870300e-34 3.512231e-12 5.980751e-23 8.017303e-02 2.459608e-12 1.177053e-13 9.410097e-14 9.525403e-18 6.496958e-01 3.486935e-19 7.767438e-10 0.000000e+00 8.425885e-27 0.000000e+00 0.000000e+00 1.191130e-17 6.493821e-22 1.353279e-17 1.808028e-17 6.030690e-12 0.000000e+00 9.515210e-21 4.409554e-18 1.293535e-13 4.140383e-29 7.291480e-09 2.411459e-25 1.155535e-26 4.076203e-20 1.276249e-11 5.916887e-25 5.568519e-13 4.208965e-21 0.000000e+00 5.102456e-09 9.910264e-26 2.731456e-32 9.077116e-24 3.027639e-48 3.569689e-21 1.279696e-33 3.303162e-10 9.065187e-43 1.833344e-21 1.574842e-28 0.000000e+00 4.066898e-18 3.566643e-14 1.351482e-23 4.061911e-23 4.685430e-10 1.671082e-13 6.585545e-12 3.475173e-24 7.719217e-13 2.105857e-42 4.656701e-18 1.883032e-25 7.914248e-27 4.517462e-12 4.447984e-17 3.605217e-17 1.695104e-14 7.378053e-19 1.160260e-67 2.324798e-10 5.710258e-27 2.914096e-36 0.000000e+00 6.071240e-236 4.331462e-14
1.782989e-07 3.272874e-11 2.769408e-04 2.929745e-10 2.528137e-03 2.280420e-01 3.069999e-13 1.303921e-15 8.764988e-19 2.146024e-22 2.524913e-23 0.000000e+00 5.014584e-21 2.118072e-26 6.479116e-24 2.301273e-26 2.312878e-35 1.640215e-32 3.587437e-04 1.218522e-06 1.047146e-28 4.962460e-18 7.535332e-16 2.342016e-32 3.810522e-30 1.278957e-33 4.737630e-02 5.208152e-17 1.786141e-25 4.697222e-34 2.703087e-12 5.329214e-23 9.750273e-02 2.711628e-12 1.616136e-13 1.301407e-13 9.491034e-18 6.239139e-01 2.860445e-19 7.242721e-10 1.756615e-23 5.925512e-25 1.722682e-24 0.000000e+00 1.186270e-17 6.760276e-22 1.344868e-17 1.410041e-17 4.785703e-12 0.000000e+00 1.045599e-20 4.819694e-18 1.228836e-13 3.341244e-29 4.776395e-09 1.647437e-25 5.356650e-27 2.275919e-20 1.272496e-11 9.776774e-26 6.861043e-13 3.444300e-21 0.000000e+00 4.588188e-09 6.620360e-26 5.184253e-32 8.209247e-24 5.375098e-48 3.162655e-21 0.000000e+00 2.319057e-10 3.122797e-43 5.669739e-22 2.220068e-28 0.000000e+00 2.017001e-18 2.284108e-14 7.740756e-24 3.618031e-23 3.340724e-10 1.469556e-13 6.050398e-12 4.148548e-24 6.720333e-13 1.955113e-42 4.155367e-18 1.588853e-25 1.306719e-26 4.168608e-12 3.619325e-17 2.663716e-17 1.490544e-14 6.430484e-19 2.371162e-67 3.047977e-10 5.772275e-27 4.472477e-36 0.000000e+00 4.914814e-238 1.389196e-14
1.548088e-07 2.783187e-11 2.871546e-04 2.308170e-10 2.892424e-03 2.440696e-01 4.081094e-13 2.965075e-15 1.145494e-18 2.207143e-22 2.125662e-23 8.058820e-25 5.966890e-21 5.497643e-26 7.337995e-24 2.292253e-26 2.161341e-35 3.712267e-33 3.478045e-04 1.147216e-06 1.008144e-28 4.546756e-18 7.177604e-16 1.443342e-32 1.340376e-30 1.197210e-33 3.950854e-02 5.028258e-17 2.494096e-25 3.259002e-34 2.068572e-12 4.706728e-23 1.171428e-01 2.970394e-12 2.163456e-13 1.794266e-13 9.479868e-18 5.957505e-01 2.332651e-19 6.762550e-10 4.112321e-24 1.488277e-25 4.129423e-25 0.000000e+00 1.184395e-17 6.987662e-22 1.390019e-17 1.100937e-17 3.759100e-12 0.000000e+00 1.195364e-20 5.478031e-18 1.161416e-13 2.816691e-29 3.010776e-09 1.129477e-25 2.483268e-27 1.278276e-20 1.254223e-11 1.633273e-26 8.482054e-13 2.821804e-21 0.000000e+00 4.083379e-09 4.339533e-26 1.110643e-31 7.421902e-24 1.060866e-47 2.792886e-21 0.000000e+00 1.581354e-10 2.070752e-43 1.586595e-22 3.135126e-28 0.000000e+00 9.707796e-19 1.447050e-14 4.360622e-24 3.292381e-23 2.327292e-10 1.279857e-13 5.519905e-12 5.204651e-24 5.789866e-13 2.282909e-42 3.674116e-18 1.313344e-25 1.722590e-26 3.820870e-12 2.885712e-17 1.934131e-17 1.298009e-14 5.547433e-19 6.521515e-67 3.892842e-10 5.697737e-27 7.805852e-36 0.000000e+00 3.900635e-240 2.772244e-15
1.344133e-07 2.405289e-11 3.006089e-04 1.831108e-10 3.311291e-03 2.590746e-01 5.336052e-13 7.689362e-15 1.511919e-18 2.228558e-22 1.750536e-23 1.127869e-24 4.824199e-21 5.238046e-26 9.022513e-24 2.447223e-26 2.192866e-35 8.799798e-34 3.359163e-04 1.041316e-06 9.918566e-29 3.971360e-18 6.710782e-16 8.569865e-33 5.373552e-31 1.250304e-33 3.257267e-02 4.964362e-17 2.410005e-25 2.285056e-34 1.571302e-12 4.117763e-23 1.391734e-01 3.228742e-12 2.843768e-13 2.502438e-13 9.486181e-18 5.652304e-01 1.886515e-19 6.386532e-10 0.000000e+00 0.000000e+00 0.000000e+00 0.000000e+00 1.184783e-17 7.211626e-22 1.517412e-17 8.703929e-18 2.940114e-12 2.506778e-33 1.462830e-20 6.611424e-18 1.091517e-13 2.501062e-29 1.806919e-09 7.871841e-26 1.152166e-27 7.236104e-21 1.221205e-11 2.757922e-27 1.052401e-12 2.318233e-21 0.000000e+00 3.595226e-09 2.753683e-26 2.982901e-31 6.680046e-24 2.567648e-47 2.463796e-21 1.781120e-33 1.042063e-10 1.167948e-43 3.971972e-23 4.484696e-28 1.098568e-26 4.472288e-19 9.194429e-15 2.373455e-24 3.103087e-23 1.582129e-10 1.103189e-13 4.998129e-12 7.085040e-24 4.932874e-13 3.753149e-42 3.216550e-18 1.055529e-25 2.071059e-26 3.476850e-12 2.252173e-17 1.380014e-17 1.118721e-14 4.733731e-19 2.945481e-66 4.822639e-10 5.486903e-27 1.657096e-35 0.000000e+00 3.034391e-242 2.482279e-16
1.167049e-07 2.123462e-11 3.176243e-04 1.459781e-10 3.790456e-03 2.729386e-01 6.956024e-13 2.076624e-14 2.025678e-18 2.267948e-22 1.436389e-23 6.807113e-25 5.227760e-21 6.133054e-26 1.133220e-23 2.667886e-26 2.291027e-35 2.267547e-34 3.230640e-04 9.072114e-07 1.008929e-28 3.457640e-18 6.140444e-16 5.211199e-33 2.513530e-31 3.474350e-31 2.656631e-02 5.003310e-17 3.116310e-25 1.630237e-34 1.186982e-12 3.566398e-23 1.636343e-01 3.490501e-12 3.723060e-13 3.593971e-13 9.536176e-18 5.324287e-01 1.515027e-19 6.079041e-10 0.000000e+00 0.000000e+00 0.000000e+00 0.000000e+00 1.190669e-17 7.573203e-22 1.717949e-17 6.922662e-18 2.307050e-12 3.219768e-33 1.821135e-20 8.204410e-18 1.019506e-13 2.295673e-29 1.054125e-09 5.515629e-26 5.388681e-28 4.167040e-21 1.174454e-11 4.699829e-28 1.306204e-12 1.896608e-21 4.611582e-24 3.129282e-09 1.719167e-26 8.615049e-31 5.985194e-24 6.656621e-47 2.157334e-21 2.331623e-32 6.676779e-11 3.489708e-43 8.803889e-24 6.514895e-28 5.359061e-25 1.985221e-19 6.068993e-15 1.284136e-24 2.945308e-23 1.048487e-10 9.405519e-14 4.489300e-12 9.847308e-24 4.153189e-13 7.362062e-42 2.786023e-18 8.205606e-26 1.630758e-26 3.139307e-12 1.719139e-17 9.676129e-18 9.536918e-15 3.993021e-19 1.540487e-65 5.762954e-10 5.241029e-27 3.808385e-35 0.000000e+00 2.302727e-244 7.908066e-18
1.013295e-07 1.900605e-11 3.391881e-04 1.172965e-10 4.343866e-03 2.855823e-01 9.320395e-13 7.198160e-14 2.874153e-18 2.353146e-22 1.186948e-23 3.489503e-24 8.991148e-21 1.124202e-25 1.605355e-23 3.197795e-26 2.667375e-35 7.144807e-35 3.092414e-04 7.521501e-07 1.159420e-28 2.932541e-18 5.530509e-16 3.338550e-33 1.375118e-31 2.668539e-27 2.143960e-02 5.193458e-17 6.147904e-25 1.166945e-34 8.870931e-13 3.055677e-23 1.905313e-01 3.735602e-12 5.001394e-13 5.565498e-13 9.588697e-18 4.974538e-01 1.201679e-19 6.043034e-10 4.559564e-23 1.843562e-24 5.497210e-24 0.000000e+00 1.196957e-17 8.293092e-22 2.090049e-17 5.758904e-18 1.842769e-12 1.049698e-32 2.509177e-20 1.106415e-17 9.458090e-14 2.221791e-29 5.777129e-10 4.057692e-26 2.545506e-28 2.454652e-21 1.115835e-11 8.067704e-29 1.626983e-12 1.556307e-21 0.000000e+00 2.691628e-09 1.018622e-26 3.673361e-30 5.285119e-24 2.397312e-46 1.890015e-21 0.000000e+00 4.108978e-11 0.000000e+00 1.693361e-24 1.004682e-27 0.000000e+00 8.264282e-20 4.457618e-15 6.553630e-25 2.937184e-23 6.762481e-11 7.925484e-14 3.997321e-12 1.541397e-23 3.452485e-13 2.089096e-41 2.385136e-18 6.213110e-26 2.700076e-26 2.810840e-12 1.282038e-17 6.664775e-18 8.035297e-15 3.326900e-19 1.676022e-64 6.719669e-10 5.073187e-27 1.150834e-34 0.000000e+00 1.709478e-246 5.857943e-20
8.797976e-08 1.739754e-11 3.653080e-04 9.461384e-11 4.973659e-03 2.969322e-01 1.307666e-12 2.506036e-13 4.310909e-18 2.607075e-22 1.024589e-23 0.000000e+00 5.963173e-21 6.019612e-26 2.205676e-23 3.749542e-26 3.049275e-35 3.316708e-35 2.944618e-04 5.970017e-07 1.446377e-28 2.667790e-18 4.877273e-16 2.559639e-33 8.853163e-32 1.866127e-23 1.712370e-02 5.515338e-17 5.053374e-25 8.508408e-35 6.594554e-13 2.588344e-23 2.198084e-01 3.981849e-12 7.032292e-13 9.591512e-13 9.700376e-18 4.605017e-01 9.436647e-20 6.090873e-10 0.000000e+00 0.000000e+00 0.000000e+00 0.000000e+00 1.210638e-17 9.666435e-22 2.622754e-17 4.834946e-18 1.520555e-12 2.005507e-32 3.370363e-20 1.513929e-17 8.710824e-14 2.183770e-29 3.131029e-10 2.996684e-26 1.224147e-28 1.498818e-21 1.047769e-11 1.381989e-29 2.020853e-12 1.262634e-21 2.653181e-26 2.286195e-09 5.999935e-27 1.537168e-29 4.623832e-24 0.000000e+00 1.634478e-21 0.000000e+00 2.464336e-11 1.495997e-44 2.790352e-25 1.634695e-27 4.746613e-31 3.296981e-20 3.964998e-15 3.380495e-25 2.877491e-23 4.240954e-11 6.596279e-14 3.526373e-12 2.338814e-23 2.831582e-13 5.706433e-41 2.016322e-18 4.561760e-26 3.408040e-26 2.494286e-12 9.334049e-18 4.509740e-18 6.686880e-15 2.736098e-19 1.584278e-63 7.597397e-10 5.179285e-27 3.406162e-34 0.000000e+00 1.229524e-248 1.007206e-22
7.638878e-08 1.616382e-11 3.981290e-04 7.737083e-11 5.710529e-03 3.069167e-01 1.977820e-12 1.484559e-12 7.273574e-18 3.044995e-22 9.289396e-24 9.307162e-25 1.271782e-20 1.801418e-25 3.886044e-23 5.297760e-26 4.280833e-35 2.522507e-35 2.787685e-04 4.447324e-07 2.296544e-28 2.325172e-18 4.270021e-16 2.586843e-33 6.762731e-32 0.000000e+00 1.353006e-02 6.156046e-17 1.417331e-24 6.174823e-35 4.802761e-13 2.165561e-23 2.513713e-01 4.171298e-12 1.063166e-12 1.948327e-12 9.743904e-18 4.217941e-01 7.235329e-20 7.148806e-10 0.000000e+00 0.000000e+00 0.000000e+00 0.000000e+00 1.216044e-17 1.249579e-21 3.703111e-17 4.735995e-18 1.336487e-12 3.639538e-31 5.586629e-20 2.451605e-17 7.960063e-14 2.313607e-29 1.517698e-10 2.592409e-26 6.035984e-29 9.770500e-22 9.725236e-12 2.310827e-30 2.534903e-12 1.034198e-21 4.264783e-24 1.916613e-09 3.166490e-27 1.451997e-28 3.888786e-24 0.000000e+00 1.427010e-21 6.855920e-32 1.388418e-11 3.089389e-43 3.748974e-26 3.013308e-27 6.312841e-25 1.162944e-20 4.361921e-15 1.538358e-25 3.119112e-23 2.578854e-11 5.417115e-14 3.079782e-12 4.543467e-23 2.288607e-13 3.040314e-40 1.680807e-18 3.309665e-26 6.102499e-26 2.191986e-12 6.623075e-18 2.995062e-18 5.490831e-15 2.218810e-19 6.682676e-62 8.586577e-10 6.163579e-27 1.726322e-33 0.000000e+00 8.668266e-251 1.967871e-26
6.632487e-08 1.564806e-11 4.375431e-04 6.398059e-11 6.554004e-03 3.154170e-01 3.253027e-12 1.005662e-11 1.350629e-17 3.947548e-22 9.509280e-24 4.093972e-23 1.840452e-20 3.909705e-25 6.966204e-23 7.549256e-26 6.089568e-35 2.515359e-35 2.622348e-04 3.189344e-07 3.767352e-28 2.214396e-18 3.678751e-16 3.710481e-33 6.596770e-32 1.096231e-22 1.059551e-02 7.044508e-17 2.743833e-24 4.628695e-35 3.463300e-13 1.788365e-23 2.850780e-01 4.336965e-12 1.746672e-12 4.626148e-12 9.808363e-18 3.816554e-01 5.467102e-20 9.197324e-10 0.000000e+00 0.000000e+00 0.000000e+00 0.000000e+00 1.224236e-17 1.787646e-21 5.293982e-17 5.046009e-18 1.252505e-12 4.781297e-30 9.405629e-20 4.159293e-17 7.217391e-14 2.457557e-29 7.128708e-11 2.415990e-26 3.032202e-29 6.903509e-22 8.925704e-12 3.536080e-31 3.178477e-12 8.373146e-22 0.000000e+00 1.584519e-09 1.609909e-27 1.613039e-27 3.188801e-24 0.000000e+00 1.233828e-21 0.000000e+00 7.499432e-12 0.000000e+00 3.978781e-27 6.113326e-27 0.000000e+00 3.706629e-21 5.534638e-15 6.927887e-26 3.377311e-23 1.518623e-11 4.386562e-14 2.661204e-12 8.985982e-23 1.821543e-13 1.744291e-39 1.379782e-18 2.352187e-26 2.891329e-25 1.906548e-12 4.575369e-18 1.952896e-18 4.445668e-15 1.772916e-19 3.306257e-60 9.626043e-10 1.048844e-26 9.657036e-33 0.000000e+00 5.899668e-253 3.859613e-31
5.758683e-08 1.685780e-11 4.859296e-04 5.429205e-11 7.536646e-03 3.222669e-01 6.985645e-12 1.257052e-10 3.371921e-17 6.481651e-22 1.181446e-23 9.683246e-22 2.412659e-20 1.389980e-24 1.498706e-22 1.221433e-25 9.960493e-35 2.795256e-35 2.449994e-04 2.297121e-07 7.135887e-28 2.510871e-18 3.144824e-16 8.640971e-33 8.707443e-32 0.000000e+00 8.283889e-03 8.278238e-17 6.220324e-24 3.793481e-35 2.461420e-13 1.456764e-23 3.206113e-01 4.436561e-12 3.738855e-12 1.262788e-11 9.803368e-18 3.405701e-01 4.126573e-20 1.478693e-09 0.000000e+00 0.000000e+00 0.000000e+00 0.000000e+00 1.224473e-17 3.041636e-21 7.524920e-17 6.652412e-18 1.237332e-12 4.486272e-29 1.846622e-19 7.741067e-17 6.498514e-14 2.629854e-29 3.061494e-11 2.752560e-26 1.547478e-29 5.479451e-22 8.098078e-12 4.242335e-32 4.008843e-12 6.765585e-22 2.204419e-25 1.291039e-09 7.333313e-28 4.070555e-26 2.477766e-24 0.000000e+00 1.070483e-21 6.315713e-30 3.823291e-12 1.690504e-44 3.021870e-28 1.674504e-26 3.318912e-26 1.021651e-21 7.392637e-15 3.042060e-26 3.904034e-23 8.638217e-12 3.499875e-14 2.273877e-12 2.135980e-22 1.426887e-13 1.642474e-38 1.113730e-18 1.662361e-26 2.206249e-24 1.640373e-12 3.071532e-18 1.251103e-18 3.546541e-15 1.394766e-19 4.994499e-58 1.136078e-09 4.164585e-26 8.864322e-32 0.000000e+00 3.900092e-255 4.418370e-37
5.000000e-08 2.590409e-11 5.446347e-04 4.849506e-11 8.665967e-03 3.273146e-01 4.267144e-11 4.778512e-09 2.420418e-16 2.446073e-21 1.779257e-23 2.027271e-19 3.804807e-20 1.101355e-22 3.314457e-22 1.996151e-25 1.650911e-34 2.981477e-35 2.273490e-04 2.019805e-07 2.614541e-27 6.978892e-18 2.723948e-16 5.367206e-32 1.416668e-31 3.152940e-27 6.646010e-03 9.286800e-17 1.389893e-23 4.393925e-35 1.782822e-13 1.170867e-23 3.567490e-01 4.550878e-12 2.274359e-11 3.527037e-11 9.777260e-18 2.998522e-01 3.335559e-20 2.726553e-09 1.466674e-24 2.479404e-24 3.096760e-25 4.913426e-22 1.223383e-17 7.942185e-21 8.872845e-17 9.902856e-18 1.197313e-12 2.763257e-28 3.707837e-19 1.319276e-16 5.832660e-14 2.631464e-29 1.302987e-11 3.465281e-26 8.277629e-30 4.837809e-22 7.239939e-12 3.120543e-33 4.955894e-12 5.389400e-22 1.417702e-27 1.036926e-09 3.241333e-28 3.237918e-24 1.628691e-24 0.000000e+00 9.313993e-22 1.549554e-26 1.955882e-12 1.475519e-45 1.460376e-29 1.292702e-25 0.000000e+00 2.835862e-22 9.322136e-15 1.786934e-26 4.499106e-23 4.746308e-12 2.752296e-14 1.921900e-12 5.226112e-22 1.101626e-13 1.695197e-37 8.838753e-19 1.172848e-26 2.656522e-23 1.396524e-12 2.002444e-18 7.908268e-19 2.788587e-15 1.080697e-19 9.010345e-56 2.081831e-09 7.166574e-25 1.203391e-30 0.000000e+00 3.868253e-255 0.000000e+00
