PRESS OH H2 H2O H O CH C CH2 CH3 CH4 C2 C2H2 C2H C2H3 C2H4 C2H5 C2H6 CO CO2 CH2OH H2CO HCO CH3O CH3OH CH3CO O2 H2CCO HCCO CH3O2 HO2 CH3OOH N NH CN HCN NH2 N2 NH3 NO N2H2 N2H N2H3 N2H4 HNO H2CN HNCO NO2 N2O C4H2 CH2NH2 CH2NH CH3NH2 CH3CHO O3 NO3 HNO3 HNO2 NCO N2O5 S SH S2 SO H2S CS COS CS2 NS HS2 SO2 S4 S8 HCS S3 H2O2 SO3 HSO3 HSO H2SO4 HC3N CH3CN CH2CN C2H3CN CH3SH CH3S C3H3 C3H2 C3H4 C6H5 C6H6 C4H3 C4H5 S2O O_1 CH2_1 N_2D He H2O_l_s H2SO4_l
1.000000e+00 1.975969e-16 1.484423e-05 8.923111e-03 2.676269e-22 2.434873e-19 1.140519e-34 2.083250e-31 1.225992e-28 6.747703e-16 1.046364e-04 0.000000e+00 4.989624e-16 1.270479e-42 8.607832e-29 5.091476e-09 1.427543e-13 5.131377e-09 5.652230e-07 3.992444e-04 3.788249e-29 1.701685e-08 4.915800e-23 3.096426e-19 3.662469e-13 1.875351e-20 2.000809e-01 9.196407e-16 2.563765e-13 5.868463e-13 1.739185e-12 8.047906e-09 1.406381e-28 1.607445e-27 4.514426e-31 5.410477e-11 9.735546e-19 7.904688e-01 6.197535e-10 1.286911e-11 6.260949e-18 7.704850e-28 8.575865e-18 2.671855e-16 4.402187e-16 1.549375e-19 7.020647e-14 4.403128e-09 7.801692e-06 1.335518e-17 3.752584e-16 6.483103e-17 5.657097e-12 2.313260e-14 1.533014e-09 5.769740e-13 1.232986e-10 2.729184e-14 2.239555e-23 1.840192e-12 5.875418e-28 6.503538e-17 1.443440e-15 3.153161e-20 3.041659e-13 5.893933e-29 6.449424e-10 3.576535e-19 3.386090e-19 2.816134e-17 3.700441e-10 3.436131e-18 2.876012e-16 1.549417e-36 1.467858e-17 1.470644e-08 8.156205e-21 9.676975e-25 4.515535e-08 1.188262e-15 5.293718e-14 4.130999e-11 5.174596e-12 3.831514e-13 1.026749e-14 1.543441e-24 1.523900e-18 3.252580e-13 2.946801e-13 2.686498e-25 1.391637e-16 1.815028e-15 7.732766e-20 2.414127e-31 6.533254e-25 3.159238e-30 6.011462e-51 0.000000e+00 0.000000e+00 4.570867e-24
8.682540e-01 2.144077e-16 1.488218e-05 6.401816e-03 3.220579e-22 3.037806e-19 1.042914e-33 0.000000e+00 1.292944e-28 7.047566e-16 1.048957e-04 5.302208e-63 5.009562e-16 6.663961e-43 7.246258e-29 5.104440e-09 1.449873e-13 5.144660e-09 5.684368e-07 4.003481e-04 4.061951e-29 1.682505e-08 5.751110e-23 3.182208e-19 3.676112e-13 2.766877e-20 2.005899e-01 9.219976e-16 2.570349e-13 7.418078e-13 2.215759e-12 8.070158e-09 2.623835e-35 1.161671e-27 4.634829e-31 5.424664e-11 1.075322e-18 7.924797e-01 6.207893e-10 9.420546e-12 6.275268e-18 7.955382e-28 8.615296e-18 2.678631e-16 4.465512e-16 1.555032e-19 7.038599e-14 3.913276e-09 7.821350e-06 1.338852e-17 3.807604e-16 6.499823e-17 5.671627e-12 2.326470e-14 1.973542e-09 6.302317e-13 6.234430e-10 2.614125e-14 3.009829e-23 4.057761e-12 1.043439e-27 9.912059e-17 1.462035e-15 6.263345e-20 9.729923e-15 7.461425e-29 6.462286e-10 3.585600e-19 3.395005e-19 4.543438e-17 3.687032e-10 4.029965e-18 2.883376e-16 2.178055e-36 1.471741e-17 1.474600e-08 1.235025e-20 1.087034e-24 4.526080e-08 2.623138e-15 5.307235e-14 4.140907e-11 5.187534e-12 3.841289e-13 1.035029e-14 2.587935e-24 1.537306e-18 3.260916e-13 2.954370e-13 2.726150e-25 1.395186e-16 1.819695e-15 7.752709e-20 2.419893e-31 1.073624e-24 4.876035e-30 2.546598e-51 0.000000e+00 2.032563e-05 5.318570e-22
7.538651e-01 2.764722e-16 1.490034e-05 5.214481e-03 4.256745e-22 3.763630e-19 6.778669e-33 2.548713e-44 1.464651e-28 8.806835e-16 1.050140e-04 2.854378e-63 5.031547e-16 4.377020e-43 7.384398e-29 5.110580e-09 1.539883e-13 5.151290e-09 5.709149e-07 4.008173e-04 5.198130e-29 1.646212e-08 7.232489e-23 3.937839e-19 3.689614e-13 4.727750e-20 2.008296e-01 9.231377e-16 2.573557e-13 8.436585e-13 2.495437e-12 8.072994e-09 5.974059e-28 1.035070e-27 5.040635e-31 5.431563e-11 1.428537e-18 7.934267e-01 6.209299e-10 9.534660e-12 6.279665e-18 1.346346e-27 8.659943e-18 2.681818e-16 4.589066e-16 1.560611e-19 7.047260e-14 3.437284e-09 7.830496e-06 1.340397e-17 3.906167e-16 6.508089e-17 5.678712e-12 2.346983e-14 2.453432e-09 5.263974e-13 1.100035e-09 2.586000e-14 4.160111e-23 6.356667e-12 1.634694e-27 1.507441e-16 1.506277e-15 1.109658e-19 1.328616e-15 9.126509e-29 6.465997e-10 3.589813e-19 3.399725e-19 7.406380e-17 3.667417e-10 3.991260e-18 2.886920e-16 3.236253e-36 1.473833e-17 1.475622e-08 1.936665e-20 1.443527e-24 4.530390e-08 4.278396e-15 5.313688e-14 4.145187e-11 5.193352e-12 3.845940e-13 1.048361e-14 5.120482e-24 1.551292e-18 3.264949e-13 2.958062e-13 2.759697e-25 1.396875e-16 1.821978e-15 7.762570e-20 2.422343e-31 1.663250e-24 9.505935e-30 1.598931e-51 0.000000e+00 8.543526e-06 2.768962e-20
6.545464e-01 3.478661e-16 1.491755e-05 4.102263e-03 5.510690e-22 4.643014e-19 3.795534e-32 1.721950e-44 1.689216e-28 1.076054e-15 1.051246e-04 1.580439e-63 5.063731e-16 2.971830e-43 7.429895e-29 5.116364e-09 1.632796e-13 5.157803e-09 5.732617e-07 4.012498e-04 6.514623e-29 1.599324e-08 8.788600e-23 4.744093e-19 3.708054e-13 7.736219e-20 2.010541e-01 9.242298e-16 2.576649e-13 9.307769e-13 2.738268e-12 8.063063e-09 0.000000e+00 1.077929e-27 5.306541e-31 5.438065e-11 1.862459e-18 7.943138e-01 6.210049e-10 9.717718e-12 6.283031e-18 2.229688e-27 8.718485e-18 2.684840e-16 4.763216e-16 1.568422e-19 7.055586e-14 3.014041e-09 7.839048e-06 1.341872e-17 4.048504e-16 6.516145e-17 5.685540e-12 2.379459e-14 2.913324e-09 4.203994e-13 1.522505e-09 2.635795e-14 5.492359e-23 9.138600e-12 2.417226e-27 2.275774e-16 1.583990e-15 1.859264e-19 1.615360e-15 1.110695e-28 6.468929e-10 3.593714e-19 3.404607e-19 1.195604e-16 3.647845e-10 3.842101e-18 2.890308e-16 4.712638e-36 1.476012e-17 1.475259e-08 3.076109e-20 1.864241e-24 4.534266e-08 6.101849e-15 5.319802e-14 4.149144e-11 5.198631e-12 3.850335e-13 1.068689e-14 9.881237e-24 1.565734e-18 3.268812e-13 2.961621e-13 2.793243e-25 1.398474e-16 1.824184e-15 7.772183e-20 2.424596e-31 2.437065e-24 1.832348e-29 1.178048e-51 0.000000e+00 7.682266e-06 7.170451e-19
5.683125e-01 4.345764e-16 1.493293e-05 3.123143e-03 7.007631e-22 5.639775e-19 1.852754e-31 6.541129e-34 1.949700e-28 1.286115e-15 1.052214e-04 0.000000e+00 5.107766e-16 4.009882e-43 7.329141e-29 5.121495e-09 1.731303e-13 5.163909e-09 5.754095e-07 4.016264e-04 8.126016e-29 1.545240e-08 1.047712e-22 5.661088e-19 3.731615e-13 1.270893e-19 2.012518e-01 9.252211e-16 2.579477e-13 1.000003e-12 2.937564e-12 8.037481e-09 1.541606e-27 1.227633e-27 5.354818e-31 5.443874e-11 2.396988e-18 7.950947e-01 6.209945e-10 1.004052e-11 6.285806e-18 3.748024e-27 8.788332e-18 2.687574e-16 4.984325e-16 1.578735e-19 7.063204e-14 2.645194e-09 7.846550e-06 1.343204e-17 4.227284e-16 6.523626e-17 5.691791e-12 2.425381e-14 3.322456e-09 3.143474e-13 1.887689e-09 2.757707e-14 7.038855e-23 1.299521e-11 3.454410e-27 3.395831e-16 1.701020e-15 3.006756e-19 2.398963e-15 1.329200e-28 6.470755e-10 3.597093e-19 3.409514e-19 1.912581e-16 3.628685e-10 3.803602e-18 2.893384e-16 6.610511e-36 1.478214e-17 1.473253e-08 5.031002e-20 2.396245e-24 4.537447e-08 8.082484e-15 5.325272e-14 4.152562e-11 5.203087e-12 3.854252e-13 1.096274e-14 1.972866e-23 1.577943e-18 3.272319e-13 2.964880e-13 2.829475e-25 1.399904e-16 1.826210e-15 7.781111e-20 2.426519e-31 3.395360e-24 3.551040e-29 9.051414e-52 0.000000e+00 6.655712e-06 9.846934e-18
4.934396e-01 5.402452e-16 1.494641e-05 2.283699e-03 8.828807e-22 6.775318e-19 8.071418e-31 0.000000e+00 2.281020e-28 1.515638e-15 1.053036e-04 0.000000e+00 5.165996e-16 4.454751e-42 7.163889e-29 5.125940e-09 1.838304e-13 5.169595e-09 5.773421e-07 4.019467e-04 1.011318e-28 1.486817e-08 1.232641e-22 6.718472e-19 3.760733e-13 2.079054e-19 2.014213e-01 9.261070e-16 2.582031e-13 1.053072e-12 3.103347e-12 7.994975e-09 0.000000e+00 1.472376e-27 5.227191e-31 5.448969e-11 3.058508e-18 7.957643e-01 6.209015e-10 1.050097e-11 6.288683e-18 6.360426e-27 8.867628e-18 2.690035e-16 5.252240e-16 1.591972e-19 7.070103e-14 2.327043e-09 7.852951e-06 1.344388e-17 4.434846e-16 6.530507e-17 5.697436e-12 2.486491e-14 3.658996e-09 2.262414e-13 2.198611e-09 2.950331e-14 8.768145e-23 1.824067e-11 4.826386e-27 5.010898e-16 1.862775e-15 4.741655e-19 3.539553e-15 1.495951e-28 6.471449e-10 3.599922e-19 3.414490e-19 3.014659e-16 3.610279e-10 3.901303e-18 2.896140e-16 8.806673e-36 1.480448e-17 1.469550e-08 8.542954e-20 3.066772e-24 4.539894e-08 1.018698e-14 5.330066e-14 4.155426e-11 5.206700e-12 3.857668e-13 1.131193e-14 4.012495e-23 1.585948e-18 3.275454e-13 2.967826e-13 2.868811e-25 1.401157e-16 1.828048e-15 7.789325e-20 2.428096e-31 4.534665e-24 7.036303e-29 7.156275e-52 0.000000e+00 5.656572e-06 7.355412e-17
4.284310e-01 6.792701e-16 1.495770e-05 1.601960e-03 1.098450e-21 7.902113e-19 3.149352e-30 1.341263e-30 2.661813e-28 1.738302e-15 1.053695e-04 0.000000e+00 5.240816e-16 6.108885e-41 6.787534e-29 5.129608e-09 1.957268e-13 5.174781e-09 5.790381e-07 4.022047e-04 1.275243e-28 1.426624e-08 1.448795e-22 8.027803e-19 3.795706e-13 3.602413e-19 2.015589e-01 9.268720e-16 2.584268e-13 1.081832e-12 3.215313e-12 7.935524e-09 0.000000e+00 1.816261e-27 4.752200e-31 5.453261e-11 3.878823e-18 7.963081e-01 6.207198e-10 1.119531e-11 6.292261e-18 1.143510e-26 8.954161e-18 2.692211e-16 5.566338e-16 1.608539e-19 7.076187e-14 2.050869e-09 7.858107e-06 1.345401e-17 4.660470e-16 6.536685e-17 5.702384e-12 2.564320e-14 3.910636e-09 1.456241e-13 2.459303e-09 3.215607e-14 1.063574e-22 2.713598e-11 6.619488e-27 7.292678e-16 2.071259e-15 7.318202e-19 5.151026e-15 1.710233e-28 6.470925e-10 3.602136e-19 3.419541e-19 4.629911e-16 3.592971e-10 4.186213e-18 2.898530e-16 1.184709e-35 1.482708e-17 1.464202e-08 1.537963e-19 4.008410e-24 4.541519e-08 1.228742e-14 5.334091e-14 4.157666e-11 5.209393e-12 3.860514e-13 1.172855e-14 9.091689e-23 1.587654e-18 3.278163e-13 2.970409e-13 2.912084e-25 1.402210e-16 1.829668e-15 7.796704e-20 2.429282e-31 5.808495e-24 1.437160e-28 5.189240e-52 0.000000e+00 4.547627e-06 3.254007e-16
3.719869e-01 8.525478e-16 1.496655e-05 1.096128e-03 1.371216e-21 9.160638e-19 1.103751e-29 5.364747e-31 3.242847e-28 1.987812e-15 1.054170e-04 9.156233e-56 5.335265e-16 6.357957e-40 6.463480e-29 5.132403e-09 2.086255e-13 5.179394e-09 5.804791e-07 4.023937e-04 1.609558e-28 1.367171e-08 1.696191e-22 9.605140e-19 3.836868e-13 6.158085e-19 2.016610e-01 9.275005e-16 2.586146e-13 1.099174e-12 3.313843e-12 7.860897e-09 0.000000e+00 2.261725e-27 4.217984e-31 5.456657e-11 4.902120e-18 7.967115e-01 6.204418e-10 1.206065e-11 6.297198e-18 2.060537e-26 9.045970e-18 2.694088e-16 5.919675e-16 1.628927e-19 7.081356e-14 1.816567e-09 7.861876e-06 1.346221e-17 4.893176e-16 6.542060e-17 5.706540e-12 2.660471e-14 4.070566e-09 9.130290e-14 2.672032e-09 3.544332e-14 1.252773e-22 3.857993e-11 8.969323e-27 1.049229e-15 2.322854e-15 1.110457e-18 7.402709e-15 2.388723e-28 6.469091e-10 3.603667e-19 3.424675e-19 6.737549e-16 3.577198e-10 4.561761e-18 2.900506e-16 1.694367e-35 1.484980e-17 1.457390e-08 2.832572e-19 5.220671e-24 4.542232e-08 1.424382e-14 5.337255e-14 4.159210e-11 5.211076e-12 3.862724e-13 1.220336e-14 2.056854e-22 1.583292e-18 3.280389e-13 2.972582e-13 2.959484e-25 1.403038e-16 1.831040e-15 7.803128e-20 2.430032e-31 7.205558e-24 3.024727e-28 3.826007e-52 0.000000e+00 3.334489e-06 9.110029e-16
3.229791e-01 1.095636e-15 1.497374e-05 7.185352e-04 1.688853e-21 1.012639e-18 3.470920e-29 9.733951e-31 3.925874e-28 2.161349e-15 1.054508e-04 6.057728e-54 5.458809e-16 5.077280e-39 5.787331e-29 5.134581e-09 2.221756e-13 5.183817e-09 5.817382e-07 4.025326e-04 2.082922e-28 1.307706e-08 2.007873e-22 1.167951e-18 3.887076e-13 1.188111e-18 2.017372e-01 9.280474e-16 2.587826e-13 1.080507e-12 3.338250e-12 7.769877e-09 7.239874e-27 2.866507e-27 3.289669e-31 5.459457e-11 6.139027e-18 7.970127e-01 6.200702e-10 1.328156e-11 6.304811e-18 4.113757e-26 9.146374e-18 2.695866e-16 6.321937e-16 1.654974e-19 7.086070e-14 1.610808e-09 7.864620e-06 1.346924e-17 5.129325e-16 6.547080e-17 5.710261e-12 2.782441e-14 4.149378e-09 4.194015e-14 2.849354e-09 3.941221e-14 1.419481e-22 5.298352e-11 1.201509e-26 1.490688e-15 2.620130e-15 1.660115e-18 1.050057e-14 2.439303e-28 6.466026e-10 3.604663e-19 3.430336e-19 9.199598e-16 3.562882e-10 5.189421e-18 2.902240e-16 2.033531e-35 1.487439e-17 1.449020e-08 5.630898e-19 7.102431e-24 4.542157e-08 1.609331e-14 5.339841e-14 4.160234e-11 5.211946e-12 3.864497e-13 1.274419e-14 5.726290e-22 1.571628e-18 3.282328e-13 2.974530e-13 3.012569e-25 1.403717e-16 1.832281e-15 7.809131e-20 2.430437e-31 8.607131e-24 6.491092e-28 2.292756e-52 0.000000e+00 2.321125e-06 1.930903e-15
2.804279e-01 1.402529e-15 1.497949e-05 4.632740e-04 2.096359e-21 1.114444e-18 9.779758e-29 0.000000e+00 4.993903e-28 2.338173e-15 1.054713e-04 2.130689e-51 5.626391e-16 3.253455e-38 5.196054e-29 5.136184e-09 2.354863e-13 5.188277e-09 5.828388e-07 4.026240e-04 2.698034e-28 1.248705e-08 2.371102e-22 1.426132e-18 3.950313e-13 2.265005e-18 2.017887e-01 9.285332e-16 2.589378e-13 1.052519e-12 3.354131e-12 7.662519e-09 0.000000e+00 3.628242e-27 2.503517e-31 5.461747e-11 7.622307e-18 7.972164e-01 6.195844e-10 1.474813e-11 6.316977e-18 8.182854e-26 9.259637e-18 2.697670e-16 6.767805e-16 1.689422e-19 7.090551e-14 1.439404e-09 7.866375e-06 1.347535e-17 5.367985e-16 6.551980e-17 5.713700e-12 2.941207e-14 4.148988e-09 1.912128e-14 2.996841e-09 4.374830e-14 1.563582e-22 6.470995e-11 1.602181e-26 2.094726e-15 2.956492e-15 2.452143e-18 1.467843e-14 2.486276e-28 6.461520e-10 3.605120e-19 3.436965e-19 1.160274e-15 3.550555e-10 5.899292e-18 2.903795e-16 2.394482e-35 1.490236e-17 1.438976e-08 1.132532e-18 9.608912e-24 4.541209e-08 1.803330e-14 5.341927e-14 4.160742e-11 5.211947e-12 3.865881e-13 1.336639e-14 1.593198e-21 1.555681e-18 3.284054e-13 2.976335e-13 3.099870e-25 1.404267e-16 1.833445e-15 7.814998e-20 2.430483e-31 1.003109e-23 1.419802e-27 1.376525e-52 0.000000e+00 1.385847e-06 3.359905e-15
2.434827e-01 1.780263e-15 1.498565e-05 2.680000e-04 2.563835e-21 1.179459e-18 2.557384e-28 1.694509e-31 6.329668e-28 2.430514e-15 1.054825e-04 3.301325e-49 5.934243e-16 1.742715e-37 4.433357e-29 5.137666e-09 2.468157e-13 5.194660e-09 5.840905e-07 4.026903e-04 3.507581e-28 1.173460e-08 2.743289e-22 1.729719e-18 4.057951e-13 4.549829e-18 2.018281e-01 9.291385e-16 2.591403e-13 1.008832e-12 3.315478e-12 7.501818e-09 8.032620e-35 4.625362e-27 1.780183e-31 5.464286e-11 9.410970e-18 7.973721e-01 6.187752e-10 1.630209e-11 6.342817e-18 1.690255e-25 9.432699e-18 2.700336e-16 7.384704e-16 1.751060e-19 7.096614e-14 1.260522e-09 7.867524e-06 1.348283e-17 5.681219e-16 6.558759e-17 5.718189e-12 3.219139e-14 4.050035e-09 8.725505e-15 3.154408e-09 4.893638e-14 1.688476e-22 7.491706e-11 2.134360e-26 2.944076e-15 3.424078e-15 3.688233e-18 2.055678e-14 2.995501e-28 6.453461e-10 3.605034e-19 3.447819e-19 1.400586e-15 3.538675e-10 7.175208e-18 2.905750e-16 3.090455e-35 1.494650e-17 1.423453e-08 2.527541e-18 1.301263e-23 4.538721e-08 2.096838e-14 5.344200e-14 4.160793e-11 5.210760e-12 3.867313e-13 1.430547e-14 4.963113e-21 1.531819e-18 3.286208e-13 2.978698e-13 3.478997e-25 1.404873e-16 1.834988e-15 7.823121e-20 2.430079e-31 1.128869e-23 3.328859e-27 7.241684e-53 0.000000e+00 6.648296e-07 5.769809e-15
2.114048e-01 2.147166e-15 1.499607e-05 1.100631e-04 2.992695e-21 1.156852e-18 6.436933e-28 2.595171e-31 7.699860e-28 2.414503e-15 1.054785e-04 2.595642e-47 6.774432e-16 8.476669e-37 3.520278e-29 5.139638e-09 2.510551e-13 5.209014e-09 5.860960e-07 4.027374e-04 4.511886e-28 1.041713e-08 2.894685e-22 1.987082e-18 4.329457e-13 9.471892e-18 2.018600e-01 9.303498e-16 2.595630e-13 9.680365e-13 3.201504e-12 7.170281e-09 1.200543e-34 5.918749e-27 1.269250e-31 5.468745e-11 1.190894e-17 7.974982e-01 6.168726e-10 1.707425e-11 6.421723e-18 3.480870e-25 9.826381e-18 2.706689e-16 8.502711e-16 1.914549e-19 7.109758e-14 1.009817e-09 7.867881e-06 1.349768e-17 6.283010e-16 6.573599e-17 5.727554e-12 3.938575e-14 3.710043e-09 4.684838e-15 3.383044e-09 5.483513e-14 1.875268e-22 8.568745e-11 2.853754e-26 4.221391e-15 4.259333e-15 6.084276e-18 2.955394e-14 3.561203e-28 6.433586e-10 3.603616e-19 3.474884e-19 1.651897e-15 3.530446e-10 1.014343e-17 2.909654e-16 4.051288e-35 1.505202e-17 1.389591e-08 7.567226e-18 1.683126e-23 4.531395e-08 2.781895e-14 5.348133e-14 4.159896e-11 5.206102e-12 3.869622e-13 1.636627e-14 1.667163e-20 1.491516e-18 3.290529e-13 2.983641e-13 6.282922e-25 1.405939e-16 1.838253e-15 7.840921e-20 2.428457e-31 1.182541e-23 1.011468e-26 3.386610e-53 0.000000e+00 2.057523e-07 1.126333e-14
1.835531e-01 2.507451e-15 1.501245e-05 3.632215e-05 3.386712e-21 1.049281e-18 1.356328e-27 2.100137e-30 9.103918e-28 2.286510e-15 1.054515e-04 1.167263e-45 8.533706e-16 3.896551e-36 2.639363e-29 5.142203e-09 2.478695e-13 5.235214e-09 5.884968e-07 4.027574e-04 5.903721e-28 8.798985e-09 2.839410e-22 2.213960e-18 4.853116e-13 2.155099e-17 2.018747e-01 9.324484e-16 2.603105e-13 9.154074e-13 3.025498e-12 6.678923e-09 6.466967e-34 7.618897e-27 9.101634e-32 5.475846e-11 1.527775e-17 7.975572e-01 6.136012e-10 1.731427e-11 6.596816e-18 7.262432e-25 1.051217e-17 2.719131e-16 9.905746e-16 2.245961e-19 7.133672e-14 7.611182e-10 7.866909e-06 1.352381e-17 7.148848e-16 6.600401e-17 5.744103e-12 5.370207e-14 3.144488e-09 3.153861e-15 3.617738e-09 5.746318e-14 2.161221e-22 9.239784e-11 3.816151e-26 6.027281e-15 5.196115e-15 1.067381e-17 4.218353e-14 4.398158e-28 6.398357e-10 3.600080e-19 3.527352e-19 1.765116e-15 3.552255e-10 1.391483e-17 2.916181e-16 5.524656e-35 1.524789e-17 1.335567e-08 2.757331e-17 2.137032e-23 4.517053e-08 4.023958e-14 5.354417e-14 4.157749e-11 5.196011e-12 3.873147e-13 1.982171e-14 6.161800e-20 1.449753e-18 3.298027e-13 2.992390e-13 2.569238e-24 1.407669e-16 1.844059e-15 7.873087e-20 2.425115e-31 1.136157e-23 3.467618e-26 1.413578e-53 0.000000e+00 4.014785e-08 2.019247e-14
1.593707e-01 2.712975e-15 1.504632e-05 3.637136e-05 3.593657e-21 8.514056e-19 2.272011e-27 0.000000e+00 1.090390e-27 2.055047e-15 1.053819e-04 3.301358e-44 1.289560e-15 1.879076e-35 1.864113e-29 5.147130e-09 2.349226e-13 5.292367e-09 5.918399e-07 4.027698e-04 7.928089e-28 6.700923e-09 2.375317e-22 2.251984e-18 6.038520e-13 5.991374e-17 2.018745e-01 9.369560e-16 2.619286e-13 8.553515e-13 2.765145e-12 5.876041e-09 4.856158e-33 9.809815e-27 7.306500e-32 5.490377e-11 2.042718e-17 7.975574e-01 6.070742e-10 1.621606e-11 7.028424e-18 1.441165e-24 1.191227e-17 2.748104e-16 1.173062e-15 3.035376e-19 7.186522e-14 5.062360e-10 7.863710e-06 1.358120e-17 8.673245e-16 6.658827e-17 5.779885e-12 8.751513e-14 2.329426e-09 2.985504e-15 3.872482e-09 5.349129e-14 2.750281e-22 9.248046e-11 5.092169e-26 8.661047e-15 6.153210e-15 2.123595e-17 6.073861e-14 8.326005e-28 6.327152e-10 3.591609e-19 3.646411e-19 1.754969e-15 3.674475e-10 1.788298e-17 2.929119e-16 1.067315e-34 1.567430e-17 1.238241e-08 3.144549e-17 2.573320e-23 4.485672e-08 6.679803e-14 5.367495e-14 4.153088e-11 5.172474e-12 3.880340e-13 2.708641e-14 2.341361e-19 1.419641e-18 3.314145e-13 3.011330e-13 1.482289e-23 1.411313e-16 1.856649e-15 7.943228e-20 2.417841e-31 9.506528e-24 4.228115e-26 5.642562e-54 0.000000e+00 1.890567e-09 3.519709e-14
1.383743e-01 2.976629e-15 1.509391e-05 3.643437e-05 3.931012e-21 7.167615e-19 3.690454e-27 4.629775e-33 1.409458e-27 1.875490e-15 1.052931e-04 6.267569e-43 1.992964e-15 8.234661e-35 1.373814e-29 5.154351e-09 2.240171e-13 5.371934e-09 5.951167e-07 4.028099e-04 1.111067e-27 5.062912e-09 1.991891e-22 2.341507e-18 7.750959e-13 1.556583e-16 2.018741e-01 9.432751e-16 2.641977e-13 7.810052e-13 2.524499e-12 5.051962e-09 3.633117e-32 1.260165e-26 6.162201e-32 5.510216e-11 2.703441e-17 7.975577e-01 5.987538e-10 1.569702e-11 7.664693e-18 2.853372e-24 1.372047e-17 2.790601e-16 1.339514e-15 4.243600e-19 7.261781e-14 3.450115e-10 7.859513e-06 1.366349e-17 1.041073e-15 6.740724e-17 5.830009e-12 1.397930e-13 1.725935e-09 3.546767e-15 4.042760e-09 4.937994e-14 3.584630e-22 8.771126e-11 6.874647e-26 1.248232e-14 6.819830e-15 4.195176e-17 8.756626e-14 2.050124e-27 6.237337e-10 3.579661e-19 3.816541e-19 1.652211e-15 3.932286e-10 1.994072e-17 2.945128e-16 2.610107e-34 1.626372e-17 1.128791e-08 3.745544e-17 3.228282e-23 4.443073e-08 1.029523e-13 5.385829e-14 4.147218e-11 5.138981e-12 3.890425e-13 3.847351e-14 8.949303e-19 1.427763e-18 3.336750e-13 3.037884e-13 7.741486e-23 1.416460e-16 1.874297e-15 8.041557e-20 2.408263e-31 7.947344e-24 5.509642e-26 2.443395e-54 0.000000e+00 9.206063e-13 5.071052e-14
1.201440e-01 3.361077e-15 1.515964e-05 3.651380e-05 4.648838e-21 7.105415e-19 6.000029e-27 0.000000e+00 2.056232e-27 2.021117e-15 1.051806e-04 8.424318e-42 3.142123e-15 3.350448e-34 1.239023e-29 5.164837e-09 2.238969e-13 5.480312e-09 5.987103e-07 4.028722e-04 1.640960e-27 3.889860e-09 1.736837e-22 2.510396e-18 1.020158e-12 3.086445e-16 2.018736e-01 9.519637e-16 2.673186e-13 7.364020e-13 2.366966e-12 4.231481e-09 2.125313e-31 1.569481e-26 6.304189e-32 5.536739e-11 3.657807e-17 7.975582e-01 5.881247e-10 1.617475e-11 8.551870e-18 5.110805e-24 1.601749e-17 2.850697e-16 1.501541e-15 6.097171e-19 7.366730e-14 2.493926e-10 7.854072e-06 1.377870e-17 1.259090e-15 6.853323e-17 5.898866e-12 2.217736e-13 1.374892e-09 4.267861e-15 4.152150e-09 4.938288e-14 4.698187e-22 8.016706e-11 9.591854e-26 1.846256e-14 7.650716e-15 8.179734e-17 1.295689e-13 5.426629e-27 6.126148e-10 3.563089e-19 4.053935e-19 1.625521e-15 4.391269e-10 2.148444e-17 2.964305e-16 6.895930e-34 1.706550e-17 1.009040e-08 4.697218e-17 4.176044e-23 4.386098e-08 1.516545e-13 5.411037e-14 4.139684e-11 5.092299e-12 3.904291e-13 5.922347e-14 2.613844e-18 1.497521e-18 3.367837e-13 3.074398e-13 3.033787e-22 1.423581e-16 1.898560e-15 8.176752e-20 2.395792e-31 7.261560e-24 8.052868e-26 1.743421e-54 0.000000e+00 3.718170e-16 6.659454e-14
1.043155e-01 4.064473e-15 1.524595e-05 3.660934e-05 6.038744e-21 8.169275e-19 9.694185e-27 2.104838e-32 3.203441e-27 2.472187e-15 1.050439e-04 8.465714e-41 4.980334e-15 1.252497e-33 1.295594e-29 5.179234e-09 2.344245e-13 5.620448e-09 6.029840e-07 4.029483e-04 2.618785e-27 3.146814e-09 1.676734e-22 2.899298e-18 1.356505e-12 5.093765e-16 2.018729e-01 9.633162e-16 2.713975e-13 6.982679e-13 2.264687e-12 3.455722e-09 1.085974e-30 1.937690e-26 6.765382e-32 5.570481e-11 4.926507e-17 7.975587e-01 5.750333e-10 1.836486e-11 9.697277e-18 9.230500e-24 1.879474e-17 2.929795e-16 1.671437e-15 8.867209e-19 7.505604e-14 1.962537e-10 7.847325e-06 1.393151e-17 1.510256e-15 7.000437e-17 5.988729e-12 3.477303e-13 1.223038e-09 4.982197e-15 4.219760e-09 5.709879e-14 5.925508e-22 7.156409e-11 1.403188e-25 2.792799e-14 9.093730e-15 1.555519e-16 1.960803e-13 1.391628e-26 5.995289e-10 3.541197e-19 4.368033e-19 1.653217e-15 5.117058e-10 2.528372e-17 2.986287e-16 1.812126e-33 1.810588e-17 8.852406e-09 6.515268e-17 5.919786e-23 4.313400e-08 3.759770e-10 5.443975e-14 4.130304e-11 5.030635e-12 3.922407e-13 9.778950e-14 7.365120e-18 1.633387e-18 3.408463e-13 3.122113e-13 9.629909e-22 1.432932e-16 1.930265e-15 8.353391e-20 2.380253e-31 7.459062e-24 1.253460e-25 1.658964e-54 0.000000e+00 1.320871e-19 8.246991e-14
9.057237e-02 5.051463e-15 1.535243e-05 3.671905e-05 8.594070e-21 1.141271e-18 1.598003e-26 0.000000e+00 5.489203e-27 3.767468e-15 1.048867e-04 6.605949e-40 7.848178e-15 4.345724e-33 1.739346e-29 5.197592e-09 2.617593e-13 5.790660e-09 6.082384e-07 4.030320e-04 4.274887e-27 2.780288e-09 1.808112e-22 3.453026e-18 1.795894e-12 6.876144e-16 2.018721e-01 9.772559e-16 2.764076e-13 7.134328e-13 2.287321e-12 2.785525e-09 4.134689e-30 2.301941e-26 9.285949e-32 5.610964e-11 6.746361e-17 7.975594e-01 5.597679e-10 2.208132e-11 1.106176e-17 1.405018e-23 2.198327e-17 3.025346e-16 1.833009e-15 1.287847e-18 7.678093e-14 1.704879e-10 7.839420e-06 1.412148e-17 1.831583e-15 7.181052e-17 6.098894e-12 5.345643e-13 1.211544e-09 5.381650e-15 4.258670e-09 7.317886e-14 7.449070e-22 6.307867e-11 2.128543e-25 4.185907e-14 1.156734e-14 2.833529e-16 2.942274e-13 3.380590e-26 5.850660e-10 3.513953e-19 4.758887e-19 1.883761e-15 6.170335e-10 3.139974e-17 3.009471e-16 4.712032e-33 1.937831e-17 7.665709e-09 9.341725e-17 8.436900e-23 4.225948e-08 8.133699e-10 5.484418e-14 4.119270e-11 4.954179e-12 3.944651e-13 1.701708e-13 1.354396e-17 1.874112e-18 3.458354e-13 3.180711e-13 2.227781e-21 1.444462e-16 1.969200e-15 8.570270e-20 2.361952e-31 8.736000e-24 2.142056e-25 3.028568e-54 0.000000e+00 4.516509e-23 9.883703e-14
7.863982e-02 6.457624e-15 1.548057e-05 3.684422e-05 1.286005e-20 1.707054e-18 2.617784e-26 2.353362e-33 9.707989e-27 6.093781e-15 1.047091e-04 4.180831e-39 1.231144e-14 1.395727e-32 2.509133e-29 5.220102e-09 2.996658e-13 5.992581e-09 6.148421e-07 4.031241e-04 7.130832e-27 2.679324e-09 2.174643e-22 4.283989e-18 2.362500e-12 8.428090e-16 2.018711e-01 9.939681e-16 2.824166e-13 7.430061e-13 2.378872e-12 2.225726e-09 1.375524e-29 2.739934e-26 1.337756e-31 5.658556e-11 9.042576e-17 7.975602e-01 5.423480e-10 2.753657e-11 1.262458e-17 2.071949e-23 2.556487e-17 3.134400e-16 1.991414e-15 1.868632e-18 7.887055e-14 1.596055e-10 7.830334e-06 1.435159e-17 2.195959e-15 7.397513e-17 6.230662e-12 8.103167e-13 1.269245e-09 5.680921e-15 4.280058e-09 9.986185e-14 9.354787e-22 5.533124e-11 3.293387e-25 6.093157e-14 1.519360e-14 4.961993e-16 4.293399e-13 7.632262e-26 5.694693e-10 3.480793e-19 5.234461e-19 2.185179e-15 7.639395e-10 4.066239e-17 3.032547e-16 1.189787e-32 2.090049e-17 6.565697e-09 1.399427e-16 1.250057e-22 4.122954e-08 1.314841e-09 5.532904e-14 4.106612e-11 4.861743e-12 3.971318e-13 3.007120e-13 2.360930e-17 2.218330e-18 3.518182e-13 3.250977e-13 4.486714e-21 1.458331e-16 2.015888e-15 8.830259e-20 2.340797e-31 1.086392e-23 3.774991e-25 6.466869e-54 0.000000e+00 1.528108e-26 1.156749e-13
6.827934e-02 8.268375e-15 1.562774e-05 3.698221e-05 1.973949e-20 2.677113e-18 4.266396e-26 2.580732e-33 1.774126e-26 1.031920e-14 1.045166e-04 2.208092e-38 1.906878e-14 4.156335e-32 3.839972e-29 5.246081e-09 3.491304e-13 6.221477e-09 6.228985e-07 4.032246e-04 1.177042e-26 2.770201e-09 2.814212e-22 5.414568e-18 3.068574e-12 9.514131e-16 2.018700e-01 1.013107e-15 2.893019e-13 8.009930e-13 2.555952e-12 1.785886e-09 3.880510e-29 3.259753e-26 2.091778e-31 5.712146e-11 1.200121e-16 7.975611e-01 5.233726e-10 3.448688e-11 1.430915e-17 2.854954e-23 2.941089e-17 3.248797e-16 2.136135e-15 2.687282e-18 8.128681e-14 1.578970e-10 7.820319e-06 1.461740e-17 2.614894e-15 7.645245e-17 6.381057e-12 1.204507e-12 1.364727e-09 5.851511e-15 4.289465e-09 1.379736e-13 1.194624e-21 4.860584e-11 5.124228e-25 8.567759e-14 1.995811e-14 8.402891e-16 6.057133e-13 1.609201e-25 5.534264e-10 3.442189e-19 5.788493e-19 2.581319e-15 9.584688e-10 5.112757e-17 3.052953e-16 2.901219e-32 2.263862e-17 5.601182e-09 2.097187e-16 1.840214e-22 4.006855e-08 1.870273e-09 5.588428e-14 4.092787e-11 4.755122e-12 4.001854e-13 5.257999e-13 3.589337e-17 2.684054e-18 3.586718e-13 3.331466e-13 7.892378e-21 1.474258e-16 2.069370e-15 9.127959e-20 2.317337e-31 1.395066e-23 6.870138e-25 1.636674e-53 0.000000e+00 5.389062e-30 1.323122e-13
5.928381e-02 1.063612e-14 1.579570e-05 3.713424e-05 3.067487e-20 4.221240e-18 6.841406e-26 0.000000e+00 3.283685e-26 1.739211e-14 1.043080e-04 9.989959e-38 2.929312e-14 1.156875e-31 5.904100e-29 5.275504e-09 4.092811e-13 6.479694e-09 6.326571e-07 4.033369e-04 1.935701e-26 2.993795e-09 3.825463e-22 6.965871e-18 3.950837e-12 1.047465e-15 2.018688e-01 1.034909e-15 2.971501e-13 8.713590e-13 2.801219e-12 1.441644e-09 9.902511e-29 3.930166e-26 3.296627e-31 5.772262e-11 1.561175e-16 7.975622e-01 5.028646e-10 4.316567e-11 1.608702e-17 3.859736e-23 3.347402e-17 3.362115e-16 2.275710e-15 3.844505e-18 8.406433e-14 1.621211e-10 7.809303e-06 1.492239e-17 3.069257e-15 7.927143e-17 6.551545e-12 1.768921e-12 1.477233e-09 6.013540e-15 4.290406e-09 1.914451e-13 1.536255e-21 4.275014e-11 7.983986e-25 1.167193e-13 2.578573e-14 1.389777e-15 8.287004e-13 3.175917e-25 5.370393e-10 3.397469e-19 6.431681e-19 2.996704e-15 1.212756e-09 6.172666e-17 3.069325e-16 6.809271e-32 2.460379e-17 4.763747e-09 3.158361e-16 2.723789e-22 3.876522e-08 2.491704e-09 5.651671e-14 4.077807e-11 4.633058e-12 4.036633e-13 9.005985e-13 5.392555e-17 3.287127e-18 3.664822e-13 3.423173e-13 1.294745e-20 1.492438e-16 2.130312e-15 9.467002e-20 2.291361e-31 1.803247e-23 1.265686e-24 4.200232e-53 0.000000e+00 1.988710e-33 1.475340e-13
5.147341e-02 1.373344e-14 1.597747e-05 3.729331e-05 4.794457e-20 6.600599e-18 1.075233e-25 0.000000e+00 6.121723e-26 2.881776e-14 1.040926e-04 3.947493e-37 4.398681e-14 2.985120e-31 9.007967e-29 5.306745e-09 4.807317e-13 6.756273e-09 6.437852e-07 4.034577e-04 3.145124e-26 3.307352e-09 5.338855e-22 9.080431e-18 5.003248e-12 1.143411e-15 2.018674e-01 1.058477e-15 3.056409e-13 9.486717e-13 3.111329e-12 1.182446e-09 2.336305e-28 4.810232e-26 5.120941e-31 5.836309e-11 1.990395e-16 7.975633e-01 4.819054e-10 5.384226e-11 1.783477e-17 5.167013e-23 3.747313e-17 3.461402e-16 2.414221e-15 5.399972e-18 8.709336e-14 1.706224e-10 7.797775e-06 1.525411e-17 3.534276e-15 8.231452e-17 6.734602e-12 2.538351e-12 1.593945e-09 6.205810e-15 4.284362e-09 2.640315e-13 1.970743e-21 3.776708e-11 1.243466e-24 1.548794e-13 3.235794e-14 2.251932e-15 1.104355e-12 5.898678e-25 5.211832e-10 3.348332e-19 7.141304e-19 3.397735e-15 1.525784e-09 7.018016e-17 3.080281e-16 1.534255e-31 2.669135e-17 4.073733e-09 4.716036e-16 4.004205e-22 3.737650e-08 3.163985e-09 5.720034e-14 4.062434e-11 4.500800e-12 4.074226e-13 1.480488e-12 8.034178e-17 4.036477e-18 3.749304e-13 3.522340e-13 2.015432e-20 1.512117e-16 2.196218e-15 9.833428e-20 2.263980e-31 2.320786e-23 2.348157e-24 1.058602e-52 0.000000e+00 8.069198e-37 1.587048e-13
4.469200e-02 1.768738e-14 1.617353e-05 3.745913e-05 7.526048e-20 1.033222e-17 1.659754e-25 0.000000e+00 1.157612e-25 4.749434e-14 1.038702e-04 1.385774e-36 6.497499e-14 7.246537e-31 1.387144e-28 5.339472e-09 5.690089e-13 7.051868e-09 6.563221e-07 4.035880e-04 5.038618e-26 3.696486e-09 7.533218e-22 1.191752e-17 6.258231e-12 1.220195e-15 2.018660e-01 1.083888e-15 3.148030e-13 1.037965e-12 3.504959e-12 9.838152e-10 5.021245e-28 5.946047e-26 8.021200e-31 5.904375e-11 2.502568e-16 7.975644e-01 4.606356e-10 6.673350e-11 1.951088e-17 6.696882e-23 4.129341e-17 3.539346e-16 2.556882e-15 7.478353e-18 9.038719e-14 1.834846e-10 7.785719e-06 1.561360e-17 4.025458e-15 8.558963e-17 6.930125e-12 3.582098e-12 1.713960e-09 6.382334e-15 4.271804e-09 3.613560e-13 2.513610e-21 3.336279e-11 1.930779e-24 2.005170e-13 3.961432e-14 3.562502e-15 1.435816e-12 1.039897e-24 5.059137e-10 3.294578e-19 7.922737e-19 3.831312e-15 1.906239e-09 7.512055e-17 3.086336e-16 3.343070e-31 2.886695e-17 3.505729e-09 6.900015e-16 5.760424e-22 3.590267e-08 3.903387e-09 5.793733e-14 4.046725e-11 4.358345e-12 4.114749e-13 2.351351e-12 1.126349e-16 4.979704e-18 3.840449e-13 3.629286e-13 2.945808e-20 1.533356e-16 2.267304e-15 1.022836e-19 2.235114e-31 2.981202e-23 4.417662e-24 2.778110e-52 0.000000e+00 3.612239e-40 1.632873e-13
3.880401e-02 2.290975e-14 1.638197e-05 3.762942e-05 1.185423e-19 1.591966e-17 2.503037e-25 0.000000e+00 2.193627e-25 7.626356e-14 1.036429e-04 4.396648e-36 9.432610e-14 1.659343e-30 2.110045e-28 5.372943e-09 6.756385e-13 7.363614e-09 6.701137e-07 4.037267e-04 8.020388e-26 4.137211e-09 1.070872e-21 1.576581e-17 7.730643e-12 1.321467e-15 2.018644e-01 1.110908e-15 3.245540e-13 1.117679e-12 3.963455e-12 8.270361e-10 1.030053e-27 7.463128e-26 1.211175e-30 5.975700e-11 3.075445e-16 7.975657e-01 4.394528e-10 8.272720e-11 2.105546e-17 8.660809e-23 4.474493e-17 3.588208e-16 2.731242e-15 1.020147e-17 9.391956e-14 2.001441e-10 7.773266e-06 1.599754e-17 4.491664e-15 8.906511e-17 7.135357e-12 4.970874e-12 1.829430e-09 6.612522e-15 4.252821e-09 4.939802e-13 3.150475e-21 2.939538e-11 2.987564e-24 2.542660e-13 4.718765e-14 5.499607e-15 1.827685e-12 1.746432e-24 4.914398e-10 3.236744e-19 8.771631e-19 4.214086e-15 2.355983e-09 7.635511e-17 3.088624e-16 7.052744e-31 3.105058e-17 3.041190e-09 9.988188e-16 8.218416e-22 3.436434e-08 4.717887e-09 5.872091e-14 4.030911e-11 4.207630e-12 4.157832e-13 3.580831e-12 1.588840e-16 6.134084e-18 3.937445e-13 3.743041e-13 4.177544e-20 1.555943e-16 2.342927e-15 1.064815e-19 2.205034e-31 3.794474e-23 8.327364e-24 7.044914e-52 0.000000e+00 1.802748e-43 1.580359e-13
3.369173e-02 2.974047e-14 1.660183e-05 3.780283e-05 1.871841e-19 2.427768e-17 3.695602e-25 9.135568e-34 4.167226e-25 1.199241e-13 1.034117e-04 1.278611e-35 1.348915e-13 3.615138e-30 3.199440e-28 5.406575e-09 8.061419e-13 7.690114e-09 6.850451e-07 4.038734e-04 1.264861e-25 4.615432e-09 1.522348e-21 2.094868e-17 9.436058e-12 1.441598e-15 2.018628e-01 1.139427e-15 3.348551e-13 1.183608e-12 4.491013e-12 6.984750e-10 2.009251e-27 9.469205e-26 1.784574e-30 6.049852e-11 3.706838e-16 7.975670e-01 4.186255e-10 1.026029e-10 2.242426e-17 1.106199e-22 4.768141e-17 3.603179e-16 2.960000e-15 1.373072e-17 9.767969e-14 2.207066e-10 7.760481e-06 1.640428e-17 4.915844e-15 9.272502e-17 7.348154e-12 6.791156e-12 1.938135e-09 6.863908e-15 4.226907e-09 6.742319e-13 3.873475e-21 2.574097e-11 4.596970e-24 3.166065e-13 5.478757e-14 8.269572e-15 2.283160e-12 2.812291e-24 4.778497e-10 3.175209e-19 9.687644e-19 4.558971e-15 2.876075e-09 7.361610e-17 3.088429e-16 1.446076e-30 3.315787e-17 2.660660e-09 1.420551e-15 1.152771e-21 3.277765e-08 5.613095e-09 5.954784e-14 4.015127e-11 4.050044e-12 4.203296e-13 5.232766e-12 2.185315e-16 7.540860e-18 4.039914e-13 3.863140e-13 5.725611e-20 1.579776e-16 2.422783e-15 1.109103e-19 2.173858e-31 4.791888e-23 1.573425e-23 1.778967e-51 0.000000e+00 1.009031e-46 1.403273e-13
2.925298e-02 3.883112e-14 1.683505e-05 3.798031e-05 2.959659e-19 3.636536e-17 5.332742e-25 0.000000e+00 7.848023e-25 1.825718e-13 1.031747e-04 3.452971e-35 1.911114e-13 7.562652e-30 4.778395e-28 5.440182e-09 9.637187e-13 8.034224e-09 7.011875e-07 4.040291e-04 1.986823e-25 5.114486e-09 2.163490e-21 2.793019e-17 1.140451e-11 1.631339e-15 2.018611e-01 1.169706e-15 3.458021e-13 1.217111e-12 5.062553e-12 5.874844e-10 3.832656e-27 1.215797e-25 2.510937e-30 6.127352e-11 4.356778e-16 7.975683e-01 3.981438e-10 1.278379e-10 2.359925e-17 1.416798e-22 5.001914e-17 3.582015e-16 3.287069e-15 1.833150e-17 1.017062e-13 2.450869e-10 7.747267e-06 1.683748e-17 5.248320e-15 9.660079e-17 7.568656e-12 9.169157e-12 2.036604e-09 7.158825e-15 4.193044e-09 9.228290e-13 4.650446e-21 2.232168e-11 7.019378e-24 3.879129e-13 6.211450e-14 1.211383e-14 2.805621e-12 4.358343e-24 4.650383e-10 3.109640e-19 1.068407e-18 4.800459e-15 3.471839e-09 6.811321e-17 3.086833e-16 2.887464e-30 3.512219e-17 2.343408e-09 2.001975e-15 1.606480e-21 3.114084e-08 6.585577e-09 6.042570e-14 3.999301e-11 3.885071e-12 4.251556e-13 7.350788e-12 3.048566e-16 9.233760e-18 4.148819e-13 3.990689e-13 7.732264e-20 1.605046e-16 2.507608e-15 1.156102e-19 2.141304e-31 5.989087e-23 2.946719e-23 4.291986e-51 0.000000e+00 6.273709e-50 1.105879e-13
2.539902e-02 5.081258e-14 1.707933e-05 3.815959e-05 4.671637e-19 5.357750e-17 7.533729e-25 4.924760e-35 1.455957e-24 2.691749e-13 1.029342e-04 8.737710e-35 2.681941e-13 1.525489e-29 7.029487e-28 5.472861e-09 1.150883e-12 8.392485e-09 7.183234e-07 4.041920e-04 3.092143e-25 5.616504e-09 3.057567e-21 3.721888e-17 1.362318e-11 1.906247e-15 2.018594e-01 1.201456e-15 3.572929e-13 1.213592e-12 5.656579e-12 4.902976e-10 7.171847e-27 1.572785e-25 3.387949e-30 6.207298e-11 5.001395e-16 7.975698e-01 3.783671e-10 1.599957e-10 2.455003e-17 1.814751e-22 5.168814e-17 3.525917e-16 3.746405e-15 2.429137e-17 1.059650e-13 2.726639e-10 7.733767e-06 1.729296e-17 5.466815e-15 1.006524e-16 7.792503e-12 1.220839e-11 2.121826e-09 7.465402e-15 4.150313e-09 1.259705e-12 5.453856e-21 1.915053e-11 1.062035e-23 4.695942e-13 6.895118e-14 1.732969e-14 3.404566e-12 6.529644e-24 4.531311e-10 3.040966e-19 1.175989e-18 4.942524e-15 4.136660e-09 6.075765e-17 3.084566e-16 5.607590e-30 3.683781e-17 2.079273e-09 2.781235e-15 2.211538e-21 2.948437e-08 7.575567e-09 6.134609e-14 3.983650e-11 3.715265e-12 4.302151e-13 9.941724e-12 4.267541e-16 1.124562e-17 4.263160e-13 4.124476e-13 1.029543e-19 1.631488e-16 2.596601e-15 1.205360e-19 2.107687e-31 7.408628e-23 5.435663e-23 9.927124e-51 0.000000e+00 4.373703e-53 7.659367e-14
2.205280e-02 6.645684e-14 1.733909e-05 3.834329e-05 7.353746e-19 7.794668e-17 1.044123e-24 0.000000e+00 2.646636e-24 3.845663e-13 1.026858e-04 2.086724e-34 3.759149e-13 3.003655e-29 1.020575e-27 5.504458e-09 1.373564e-12 8.771181e-09 7.367061e-07 4.043649e-04 4.768195e-25 6.122448e-09 4.293882e-21 4.944575e-17 1.612709e-11 2.298288e-15 2.018575e-01 1.235261e-15 3.695425e-13 1.172426e-12 6.260388e-12 4.035680e-10 1.318566e-26 2.041649e-25 4.417877e-30 6.290981e-11 5.613584e-16 7.975713e-01 3.590944e-10 2.010555e-10 2.528723e-17 2.314427e-22 5.273060e-17 3.437623e-16 4.382322e-15 3.222248e-17 1.105391e-13 3.040731e-10 7.719752e-06 1.777901e-17 5.574480e-15 1.049488e-16 8.021028e-12 1.611254e-11 2.196193e-09 7.748114e-15 4.096542e-09 1.712011e-12 6.262787e-21 1.617300e-11 1.588025e-23 5.615813e-13 7.546048e-14 2.421046e-14 4.081206e-12 9.496147e-24 4.419114e-10 2.968277e-19 1.294973e-18 4.997912e-15 4.881329e-09 5.289259e-17 3.081996e-16 1.063291e-29 3.825612e-17 1.854403e-09 3.810238e-15 3.007042e-21 2.779393e-08 8.518485e-09 6.232592e-14 3.967962e-11 3.538545e-12 4.356010e-13 1.309871e-11 5.987060e-16 1.365962e-17 4.385090e-13 4.266964e-13 1.352012e-19 1.659564e-16 2.691400e-15 1.257778e-19 2.072400e-31 9.092481e-23 9.822524e-23 2.216378e-50 0.000000e+00 3.359110e-56 5.148932e-14
1.914743e-02 8.655273e-14 1.761303e-05 3.852974e-05 1.150591e-18 1.121037e-16 1.422005e-24 0.000000e+00 4.682806e-24 5.323754e-13 1.024311e-04 4.725548e-34 5.261483e-13 5.789769e-29 1.458847e-27 5.533767e-09 1.632617e-12 9.168053e-09 7.561780e-07 4.045466e-04 7.246281e-25 6.629896e-09 5.976070e-21 6.525211e-17 1.888518e-11 2.840291e-15 2.018555e-01 1.270956e-15 3.824993e-13 1.098770e-12 6.853219e-12 3.278177e-10 2.391695e-26 2.648486e-25 5.591712e-30 6.377799e-11 6.172083e-16 7.975728e-01 3.405892e-10 2.531752e-10 2.581412e-17 2.933909e-22 5.321381e-17 3.323331e-16 5.231123e-15 4.287821e-17 1.154112e-13 3.386714e-10 7.705313e-06 1.829324e-17 5.581586e-15 1.094596e-16 8.249851e-12 2.103776e-11 2.259615e-09 7.975214e-15 4.030265e-09 2.297494e-12 7.062911e-21 1.340620e-11 2.345089e-23 6.656964e-13 8.209258e-14 3.315070e-14 4.848220e-12 1.344879e-23 4.314390e-10 2.892294e-19 1.427251e-18 4.991224e-15 5.702230e-09 4.567425e-17 3.079330e-16 1.964567e-29 3.930494e-17 1.664102e-09 5.128772e-15 4.022801e-21 2.609306e-08 9.394170e-09 6.336038e-14 3.952401e-11 3.356849e-12 4.412869e-13 1.703405e-11 8.469630e-16 1.654493e-17 4.514101e-13 4.417459e-13 1.750953e-19 1.689105e-16 2.791550e-15 1.313096e-19 2.035638e-31 1.107878e-22 1.727350e-22 4.759874e-50 0.000000e+00 2.859783e-59 3.327478e-14
1.662484e-02 1.116875e-13 1.790457e-05 3.872037e-05 1.790316e-18 1.611339e-16 1.911077e-24 7.358347e-35 8.079034e-24 7.199889e-13 1.021673e-04 1.018686e-33 7.391211e-13 1.102545e-28 2.078327e-27 5.559662e-09 1.937857e-12 9.587613e-09 7.768941e-07 4.047388e-04 1.080934e-24 7.159096e-09 8.233672e-21 8.541515e-17 2.189374e-11 3.511202e-15 2.018534e-01 1.308990e-15 3.963406e-13 1.005587e-12 7.458016e-12 2.627869e-10 4.232951e-26 3.413718e-25 7.045160e-30 6.468638e-11 6.692137e-16 7.975745e-01 3.227982e-10 3.184519e-10 2.616075e-17 3.639980e-22 5.328015e-17 3.188492e-16 6.321593e-15 5.765397e-17 1.206480e-13 3.775526e-10 7.690292e-06 1.884206e-17 5.528287e-15 1.142252e-16 8.478106e-12 2.724661e-11 2.316754e-09 8.091072e-15 3.948751e-09 3.027056e-12 7.868684e-21 1.080082e-11 3.418472e-23 7.819812e-13 9.026882e-14 4.453524e-14 5.709770e-12 1.862290e-23 4.215821e-10 2.812360e-19 1.578347e-18 4.993888e-15 6.614232e-09 4.011711e-17 3.076611e-16 3.552602e-29 3.996417e-17 1.502303e-09 6.743030e-15 5.250735e-21 2.437034e-08 1.019832e-08 6.446246e-14 3.936870e-11 3.168941e-12 4.473441e-13 2.258403e-11 1.194972e-15 2.006821e-17 4.651954e-13 4.577858e-13 2.211791e-19 1.720483e-16 2.898314e-15 1.372006e-19 1.996966e-31 1.345989e-22 2.961230e-22 1.024319e-49 0.000000e+00 2.675967e-62 2.024949e-14
1.443458e-02 1.428241e-13 1.821235e-05 3.891312e-05 2.759417e-18 2.300568e-16 2.532656e-24 3.756723e-35 1.347580e-23 9.457249e-13 1.018959e-04 2.098547e-33 1.040664e-12 2.073462e-28 2.911974e-27 5.579811e-09 2.281478e-12 1.002740e-08 7.986207e-07 4.049403e-04 1.579051e-24 7.709944e-09 1.123125e-20 1.106759e-16 2.507109e-11 4.397261e-15 2.018512e-01 1.349185e-15 4.110269e-13 8.974870e-13 8.041888e-12 2.088595e-10 7.579339e-26 4.368729e-25 8.716207e-30 6.562856e-11 7.130103e-16 7.975763e-01 3.060192e-10 3.996813e-10 2.636525e-17 4.463765e-22 5.312447e-17 3.040110e-16 7.687094e-15 7.849534e-17 1.262305e-13 4.197985e-10 7.674780e-06 1.942292e-17 5.371437e-15 1.191964e-16 8.700132e-12 3.493642e-11 2.364585e-09 8.102231e-15 3.850202e-09 3.888723e-12 8.672616e-21 8.384813e-12 4.918072e-23 9.123238e-13 1.031507e-13 5.895242e-14 6.722504e-12 2.523856e-23 4.123778e-10 2.728907e-19 1.753226e-18 5.000395e-15 7.627610e-09 3.813309e-17 3.073869e-16 6.266194e-29 4.025226e-17 1.366517e-09 8.707032e-15 6.735483e-21 2.263083e-08 1.091321e-08 6.562704e-14 3.921563e-11 2.976691e-12 4.537445e-13 3.208336e-11 1.820288e-15 2.434718e-17 4.798225e-13 4.747421e-13 2.748232e-19 1.753515e-16 3.011203e-15 1.434229e-19 1.956601e-31 1.626412e-22 4.907213e-22 2.122023e-49 0.000000e+00 2.770695e-65 1.140456e-14
1.253288e-02 1.788894e-13 1.853945e-05 3.910829e-05 4.227080e-18 3.344649e-16 3.339777e-24 2.361267e-37 2.218704e-23 1.243889e-12 1.016150e-04 4.141745e-33 1.473777e-12 3.887586e-28 4.158215e-27 5.591146e-09 2.634361e-12 1.049124e-08 8.213656e-07 4.051524e-04 2.231518e-24 8.299814e-09 1.502969e-20 1.417761e-16 2.834461e-11 5.115141e-15 2.018489e-01 1.391935e-15 4.267421e-13 7.882377e-13 8.559492e-12 1.652624e-10 1.409459e-25 5.421606e-25 1.111285e-29 6.661141e-11 7.372020e-16 7.975782e-01 2.903784e-10 5.052608e-10 2.648215e-17 5.118136e-22 5.304884e-17 2.881707e-16 9.226970e-15 1.088439e-16 1.322184e-13 4.621979e-10 7.658648e-06 2.004146e-17 4.946683e-15 1.243799e-16 8.912305e-12 4.443240e-11 2.383537e-09 7.808842e-15 3.730111e-09 4.823918e-12 9.408330e-21 6.090537e-12 7.027553e-23 1.065356e-12 1.288397e-13 7.818095e-14 8.613825e-12 3.366649e-23 4.037160e-10 2.640661e-19 1.961444e-18 5.286245e-15 8.787461e-09 4.233006e-17 3.071076e-16 1.077118e-28 4.027891e-17 1.252283e-09 1.083500e-14 8.264020e-21 2.082899e-08 1.153139e-08 6.686549e-14 3.906488e-11 2.778927e-12 4.605505e-13 5.267426e-11 2.871102e-15 2.985240e-17 4.954675e-13 4.927808e-13 3.247225e-19 1.788622e-16 3.131327e-15 1.500371e-19 1.914191e-31 1.953050e-22 8.025245e-22 4.714626e-49 0.000000e+00 3.173441e-68 5.664374e-15
1.088173e-02 2.081077e-13 1.889047e-05 3.930615e-05 6.050382e-18 4.776288e-16 4.359815e-24 4.036462e-37 3.476634e-23 1.670003e-12 1.013220e-04 7.870449e-33 2.103686e-12 7.268414e-28 5.515678e-27 5.589060e-09 2.461452e-12 1.098399e-08 8.451504e-07 4.053772e-04 2.880204e-24 8.812373e-09 1.853150e-20 1.683644e-16 3.157021e-11 5.393062e-15 2.018464e-01 1.437835e-15 4.437684e-13 6.410294e-13 7.619720e-12 1.307612e-10 3.616804e-25 5.748345e-25 1.270583e-29 6.764557e-11 5.577602e-16 7.975802e-01 2.760964e-10 7.039770e-10 2.656458e-17 4.761922e-22 5.349003e-17 2.714361e-16 1.059285e-14 1.542977e-16 1.387005e-13 4.428796e-10 7.641695e-06 2.070629e-17 3.469333e-15 1.297882e-16 9.109043e-12 5.616170e-11 2.250271e-09 6.438536e-15 3.582382e-09 5.657031e-12 9.136872e-21 3.971583e-12 1.039018e-22 1.363733e-12 1.854319e-13 1.203180e-13 2.126751e-11 4.408590e-23 3.954551e-10 2.544918e-19 2.216491e-18 6.515973e-15 1.017702e-08 6.211369e-17 3.068197e-16 1.599498e-28 4.027114e-17 1.155350e-09 1.256502e-14 9.414389e-21 1.885977e-08 1.204537e-08 6.819503e-14 3.891683e-11 2.573445e-12 4.678568e-13 1.036182e-10 5.062860e-15 3.728159e-17 5.123990e-13 5.121533e-13 3.758493e-19 1.826228e-16 3.260361e-15 1.571347e-19 1.869211e-31 2.219795e-22 1.248850e-21 8.311677e-49 0.000000e+00 3.982729e-71 2.355864e-15
9.448103e-03 1.138197e-13 1.926900e-05 3.950556e-05 4.445127e-18 6.495357e-16 5.673623e-24 3.436802e-37 2.772883e-23 2.342315e-12 1.010154e-04 1.443689e-32 3.017914e-12 1.357308e-27 3.575840e-27 5.569842e-09 4.505196e-13 1.150111e-08 8.698774e-07 4.056159e-04 1.710356e-24 9.017855e-09 1.120737e-20 8.482681e-17 3.442056e-11 2.682836e-15 2.018437e-01 1.487334e-15 4.623617e-13 4.212862e-13 2.379760e-12 1.064111e-10 1.567954e-24 4.742413e-25 1.153977e-29 6.873796e-11 1.461568e-16 7.975823e-01 2.632631e-10 1.242270e-09 2.663515e-17 1.920298e-22 5.502119e-17 2.546276e-16 8.865505e-15 2.226701e-16 1.457465e-13 1.155663e-10 7.623784e-06 2.142396e-17 1.771411e-15 1.354218e-16 9.286526e-12 7.060244e-11 1.654594e-09 2.033763e-15 3.408186e-09 5.312938e-12 6.791943e-21 2.145213e-12 3.011141e-22 3.852952e-12 3.091621e-13 7.452352e-13 1.455646e-10 5.680991e-23 3.874849e-10 2.437380e-19 2.533803e-18 1.271365e-14 1.191707e-08 1.197442e-16 3.065223e-16 5.551343e-29 4.056492e-17 1.085254e-09 7.193048e-15 5.011749e-21 1.646698e-08 1.244147e-08 6.962870e-14 3.877312e-11 2.358333e-12 4.757350e-13 2.304706e-10 4.746131e-15 4.995005e-17 5.308519e-13 5.330503e-13 4.169916e-19 1.866792e-16 3.399583e-15 1.647849e-19 1.821294e-31 2.086130e-22 9.882424e-22 5.855205e-49 0.000000e+00 5.483631e-74 7.388307e-16
8.203354e-03 4.567079e-14 1.968390e-05 3.971185e-05 2.908421e-18 9.917049e-16 7.327444e-24 2.592505e-37 9.240053e-24 1.586307e-12 1.006877e-04 2.568359e-32 4.251517e-12 2.469034e-27 1.707835e-27 5.536587e-09 5.756642e-14 1.201495e-08 8.958185e-07 4.058748e-04 7.337271e-25 9.014408e-09 5.853233e-21 2.463116e-17 3.672482e-11 1.188142e-15 2.018408e-01 1.541609e-15 4.830016e-13 1.917662e-13 8.251575e-13 8.923698e-11 5.966475e-24 5.555395e-25 1.499908e-29 6.991211e-11 5.186632e-17 7.975847e-01 2.510612e-10 1.556520e-09 2.667991e-17 6.909744e-23 5.691034e-17 2.383869e-16 5.943461e-15 3.187878e-16 1.535354e-13 1.739931e-11 7.604527e-06 2.221152e-17 1.298011e-15 1.413985e-16 9.454566e-12 8.858745e-11 1.035720e-09 6.808733e-16 3.233700e-09 3.676417e-12 7.235467e-21 9.758879e-13 2.192191e-21 1.354017e-11 5.310195e-13 2.439694e-11 6.443371e-10 6.713134e-23 3.796282e-10 2.309063e-19 2.929905e-18 1.848917e-14 1.410135e-08 2.466734e-16 3.062090e-16 1.512096e-29 4.142797e-17 1.046425e-09 3.862427e-15 1.952869e-21 1.322605e-08 1.275976e-08 7.120051e-14 3.862888e-11 2.132333e-12 4.843721e-13 4.336036e-10 2.815334e-15 7.075233e-17 5.512826e-13 5.559684e-13 4.562535e-19 1.911143e-16 3.552308e-15 1.731687e-19 1.769373e-31 1.810034e-22 3.245242e-22 4.508700e-49 0.000000e+00 8.148541e-77 1.558596e-16
7.122595e-03 4.095469e-14 2.012989e-05 3.992414e-05 3.631530e-18 1.622428e-15 9.402071e-24 3.700942e-37 9.548855e-24 1.621818e-12 1.003422e-04 4.440538e-32 5.764509e-12 4.292604e-27 1.815357e-27 5.489526e-09 3.875817e-14 1.253530e-08 9.223993e-07 4.061517e-04 6.969051e-25 9.162905e-09 5.909809e-21 1.958902e-17 3.878666e-11 8.199085e-16 2.018377e-01 1.599990e-15 5.054402e-13 1.433957e-13 6.898462e-13 7.527175e-11 2.103385e-23 6.775596e-25 2.149404e-29 7.115054e-11 4.426159e-17 7.975872e-01 2.394032e-10 1.775844e-09 2.672057e-17 5.645602e-23 5.825398e-17 2.231326e-16 4.629884e-15 4.416837e-16 1.619839e-13 1.386903e-11 7.584194e-06 2.305928e-17 1.010293e-15 1.476147e-16 9.614218e-12 1.104641e-10 1.067254e-09 4.820175e-16 3.061802e-09 2.763368e-12 8.457373e-21 3.676998e-13 3.086602e-21 1.611831e-11 6.977294e-13 4.524755e-11 1.033464e-09 7.884010e-23 3.721954e-10 2.174694e-19 3.404967e-18 2.122202e-14 1.616381e-08 2.981611e-16 3.058695e-16 1.855770e-29 4.224262e-17 1.023955e-09 5.114051e-15 1.638531e-21 1.030254e-08 1.302916e-08 7.289108e-14 3.848343e-11 1.903621e-12 4.936614e-13 6.090031e-10 2.679598e-15 9.393327e-17 5.734332e-13 5.806258e-13 4.942383e-19 1.958577e-16 3.716666e-15 1.821821e-19 1.714174e-31 2.241961e-22 3.305118e-22 7.928425e-49 0.000000e+00 1.332523e-79 2.027044e-17
6.184222e-03 4.934160e-14 2.061292e-05 4.014530e-05 5.328182e-18 2.610577e-15 1.197228e-23 6.204437e-37 1.438745e-23 2.101170e-12 9.997402e-05 7.483805e-32 7.581625e-12 7.186513e-27 2.549478e-27 5.427706e-09 5.065842e-14 1.307020e-08 9.498238e-07 4.064505e-04 8.824791e-25 9.531569e-09 7.315117e-21 2.316293e-17 4.064276e-11 7.148975e-16 2.018343e-01 1.663264e-15 5.300079e-13 1.387617e-13 7.879694e-13 6.344045e-11 6.833076e-23 8.314009e-25 3.102830e-29 7.246547e-11 5.423481e-17 7.975899e-01 2.280759e-10 1.984611e-09 2.675806e-17 6.570940e-23 5.890704e-17 2.087800e-16 4.247635e-15 5.949170e-16 1.712167e-13 2.174535e-11 7.562540e-06 2.397871e-17 8.119934e-16 1.541236e-16 9.767909e-12 1.371619e-10 1.343129e-09 4.436860e-16 2.892438e-09 2.408761e-12 1.006502e-20 1.122628e-13 2.848315e-21 1.509573e-11 7.684536e-13 3.018297e-11 1.091471e-09 1.010863e-22 3.651753e-10 2.055563e-19 3.966774e-18 2.356695e-14 1.786217e-08 2.532241e-16 3.054970e-16 3.633161e-29 4.191809e-17 1.015130e-09 8.879374e-15 1.784721e-21 8.190083e-09 1.326213e-08 7.472322e-14 3.833453e-11 1.673878e-12 5.037282e-13 7.438953e-10 2.866207e-15 1.172600e-16 5.976184e-13 6.073560e-13 5.362779e-19 2.009480e-16 3.894893e-15 1.919466e-19 1.655068e-31 3.151930e-22 4.925240e-22 1.826817e-48 0.000000e+00 2.376206e-82 1.532650e-18
5.369475e-03 6.885629e-14 2.112464e-05 4.037158e-05 8.596382e-18 4.123490e-15 1.512168e-23 1.148230e-36 2.554771e-23 2.888736e-12 9.958953e-05 1.231257e-31 9.672650e-12 1.158476e-26 4.053048e-27 5.352394e-09 9.159639e-14 1.360620e-08 9.775281e-07 4.067661e-04 1.285106e-24 1.016993e-08 1.016237e-20 3.384479e-17 4.227799e-11 7.236107e-16 2.018308e-01 1.730343e-15 5.562979e-13 1.455310e-13 1.070511e-12 5.346741e-11 2.023087e-22 1.025604e-24 4.451647e-29 7.383003e-11 7.985013e-17 7.975928e-01 2.172113e-10 2.179432e-09 2.678377e-17 9.204280e-23 5.878745e-17 1.956321e-16 4.706787e-15 7.769912e-16 1.810847e-13 3.914956e-11 7.539958e-06 2.495397e-17 7.150669e-16 1.607945e-16 9.913705e-12 1.689140e-10 1.736792e-09 4.902940e-16 2.730539e-09 2.449910e-12 1.213347e-20 2.860978e-14 2.476118e-21 1.342854e-11 7.638601e-13 1.657781e-11 9.291198e-10 1.285850e-22 3.586860e-10 1.949803e-19 4.597726e-18 2.548744e-14 1.919809e-08 1.763678e-16 3.051091e-16 8.124230e-29 3.993220e-17 1.019472e-09 1.630199e-14 2.201860e-21 6.747583e-09 1.346136e-08 7.666534e-14 3.818446e-11 1.451542e-12 5.143990e-13 8.239651e-10 3.223187e-15 1.393491e-16 6.234315e-13 6.356990e-13 5.862664e-19 2.062690e-16 4.083934e-15 2.022934e-19 1.593196e-31 4.521495e-22 8.677193e-22 4.656072e-48 0.000000e+00 4.711034e-85 6.939921e-20
4.662069e-03 1.065444e-13 2.166558e-05 4.060362e-05 1.515380e-17 6.453757e-15 1.899372e-23 2.316113e-36 5.084038e-23 3.995706e-12 9.918806e-05 1.981134e-31 1.203450e-11 1.810743e-26 7.070110e-27 5.264399e-09 2.118782e-13 1.413492e-08 1.005519e-06 4.070990e-04 2.063818e-24 1.113766e-08 1.565880e-20 5.824755e-17 4.371920e-11 7.988963e-16 2.018270e-01 1.801299e-15 5.843398e-13 1.563361e-13 1.669693e-12 4.496506e-11 5.399650e-22 1.272361e-24 6.441702e-29 7.524238e-11 1.343417e-16 7.975958e-01 2.067091e-10 2.352531e-09 2.678388e-17 1.456641e-22 5.786458e-17 1.836628e-16 6.256036e-15 9.881560e-16 1.916065e-13 7.278049e-11 7.516437e-06 2.598611e-17 7.730956e-16 1.676348e-16 1.005309e-11 2.064616e-10 2.239900e-09 6.298616e-16 2.577450e-09 2.809727e-12 1.483345e-20 6.357640e-15 2.160910e-21 1.166381e-11 7.108103e-13 8.920213e-12 6.714405e-10 1.597259e-22 3.526782e-10 1.849934e-19 5.278907e-18 2.677141e-14 2.027044e-08 1.078330e-16 3.047126e-16 1.974466e-28 3.643691e-17 1.037147e-09 3.078701e-14 2.958333e-21 5.748657e-09 1.363366e-08 7.871956e-14 3.803256e-11 1.240169e-12 5.256855e-13 8.398358e-10 3.676652e-15 1.600066e-16 6.509023e-13 6.656859e-13 6.412425e-19 2.118071e-16 4.284009e-15 2.132338e-19 1.528607e-31 6.504691e-22 1.716515e-21 1.302993e-47 0.000000e+00 1.039862e-87 1.874436e-21
4.047860e-03 1.858019e-13 2.223478e-05 4.084141e-05 2.978845e-17 1.003614e-14 2.369348e-23 5.232225e-36 1.133584e-22 5.415525e-12 9.877003e-05 3.124034e-31 1.465682e-11 2.753033e-26 1.362540e-26 5.165244e-09 6.404663e-13 1.463931e-08 1.033758e-06 4.074487e-04 3.717113e-24 1.248034e-08 2.748013e-20 1.219604e-16 4.497252e-11 1.017704e-15 2.018231e-01 1.876011e-15 6.140832e-13 1.694806e-13 3.067770e-12 3.767370e-11 1.317049e-21 1.610168e-24 9.377477e-29 7.669734e-11 2.542513e-16 7.975990e-01 1.965120e-10 2.475532e-09 2.674034e-17 2.574344e-22 5.614015e-17 1.728562e-16 9.723188e-15 1.227881e-15 2.027717e-13 1.493736e-10 7.492024e-06 2.707337e-17 1.105862e-15 1.746496e-16 1.018704e-11 2.504995e-10 2.929068e-09 9.538300e-16 2.434759e-09 3.470319e-12 1.855696e-20 1.841389e-15 1.821186e-21 9.440725e-12 6.290478e-13 4.343857e-12 4.053776e-10 1.945016e-22 3.471151e-10 1.751488e-19 5.979471e-18 2.614986e-14 2.115430e-08 6.011000e-17 3.043101e-16 5.577612e-28 3.194415e-17 1.069520e-09 5.610725e-14 4.453923e-21 5.033487e-09 1.378428e-08 8.088238e-14 3.787865e-11 1.043348e-12 5.375682e-13 7.872702e-10 4.463509e-15 1.794294e-16 6.799843e-13 6.972663e-13 7.070671e-19 2.175266e-16 4.494793e-15 2.247490e-19 1.461532e-31 9.490145e-22 3.808803e-21 3.991311e-47 0.000000e+00 2.560258e-90 3.175039e-23
3.514571e-03 3.709337e-13 2.282984e-05 4.108406e-05 6.734111e-17 1.583323e-14 2.940590e-23 1.360134e-35 2.734841e-22 6.793502e-12 9.833713e-05 4.834663e-31 1.752947e-11 4.089373e-26 2.973527e-26 5.056950e-09 2.277041e-12 1.509259e-08 1.062133e-06 4.078136e-04 7.625100e-24 1.417525e-08 5.634267e-20 3.038528e-16 4.598819e-11 1.497800e-15 2.018190e-01 1.954163e-15 6.454180e-13 1.806538e-13 6.943322e-12 3.147574e-11 2.850818e-21 2.174871e-24 1.437124e-28 7.818675e-11 5.324053e-16 7.976023e-01 1.866444e-10 2.459537e-09 2.663496e-17 4.802192e-22 5.369936e-17 1.631958e-16 1.626445e-14 1.496609e-15 2.145389e-13 3.559663e-10 7.466827e-06 2.821114e-17 1.950315e-15 1.818373e-16 1.031513e-11 3.016099e-10 3.912547e-09 1.761911e-15 2.304197e-09 4.326929e-12 2.461685e-20 1.887453e-15 1.483214e-21 6.695680e-12 5.389695e-13 1.840673e-12 1.968442e-10 2.325079e-22 3.419625e-10 1.652067e-19 6.663592e-18 2.224096e-14 2.190644e-08 3.153811e-17 3.039039e-16 1.890812e-27 2.704175e-17 1.119986e-09 1.004956e-13 7.635760e-21 4.464899e-09 1.391625e-08 8.314460e-14 3.772323e-11 8.640338e-13 5.499968e-13 6.788342e-10 5.836454e-15 1.991406e-16 7.105640e-13 7.303061e-13 7.821179e-19 2.233883e-16 4.715403e-15 2.367901e-19 1.392378e-31 1.415908e-21 9.139772e-21 1.454654e-46 0.000000e+00 7.067682e-93 3.484577e-25
3.051540e-03 6.698286e-13 2.345941e-05 4.133396e-05 1.430878e-16 2.541943e-14 3.632268e-23 3.331073e-35 5.377518e-22 7.489877e-12 9.788369e-05 7.358839e-31 2.072357e-11 5.976059e-26 5.817862e-26 4.938303e-09 5.749617e-12 1.547848e-08 1.090957e-06 4.081989e-04 1.404728e-23 1.602134e-08 1.089110e-19 6.268834e-16 4.664175e-11 2.057746e-15 2.018146e-01 2.036876e-15 6.789002e-13 1.828029e-13 1.509790e-11 2.633859e-11 5.441375e-21 3.284384e-24 2.344905e-28 7.972975e-11 1.035858e-15 7.976059e-01 1.770963e-10 2.270145e-09 2.645715e-17 7.802937e-22 5.075931e-17 1.544685e-16 2.437706e-14 1.806642e-15 2.270823e-13 7.296148e-10 7.440487e-06 2.941577e-17 3.555302e-15 1.893102e-16 1.043630e-11 3.612923e-10 5.129771e-09 3.153412e-15 2.184537e-09 4.954912e-12 3.513273e-20 3.340785e-15 1.437412e-21 5.027040e-12 4.582317e-13 1.017100e-12 8.668921e-11 2.727879e-22 3.370909e-10 1.549167e-19 7.325506e-18 1.710750e-14 2.257660e-08 1.636330e-17 3.034886e-16 5.217998e-27 2.212094e-17 1.196391e-09 1.718969e-13 1.181957e-20 3.908345e-09 1.403115e-08 8.553872e-14 3.756505e-11 7.009454e-13 5.631497e-13 5.556024e-10 6.854751e-15 2.239292e-16 7.431347e-13 7.652802e-13 8.681030e-19 2.294618e-16 4.949021e-15 2.495300e-19 1.320315e-31 2.091711e-21 1.782578e-20 5.227996e-46 0.000000e+00 2.158859e-95 2.522434e-27
2.649512e-03 9.031948e-13 2.411699e-05 4.158634e-05 2.350136e-16 4.036502e-14 4.470013e-23 6.311120e-35 7.708566e-22 7.959794e-12 9.741560e-05 1.102473e-30 2.425591e-11 8.612427e-26 8.464853e-26 4.807053e-09 8.575074e-12 1.579589e-08 1.119658e-06 4.085996e-04 1.914023e-23 1.766275e-08 1.595895e-19 8.836088e-16 4.684399e-11 2.137547e-15 2.018101e-01 2.123264e-15 7.144036e-13 1.729942e-13 2.320427e-11 2.233307e-11 1.016674e-20 4.706296e-24 3.635993e-28 8.130739e-11 1.502530e-15 7.976095e-01 1.682232e-10 2.159301e-09 2.623256e-17 9.769596e-22 4.769411e-17 1.466453e-16 3.000539e-14 2.171581e-15 2.402718e-13 1.018628e-09 7.413291e-06 3.067441e-17 5.315233e-15 1.969098e-16 1.054405e-11 4.294818e-10 6.356488e-09 4.129552e-15 2.075361e-09 5.028938e-12 4.814173e-20 3.779312e-15 1.671328e-21 4.858161e-12 3.934082e-13 8.840738e-13 5.150430e-11 3.160764e-22 3.325125e-10 1.444417e-19 7.966793e-18 1.466788e-14 2.316729e-08 8.676458e-18 3.030693e-16 9.154110e-27 1.754592e-17 1.302182e-09 2.816971e-13 1.361712e-20 3.347005e-09 1.412596e-08 8.803906e-14 3.740758e-11 5.564338e-13 5.768859e-13 4.589701e-10 6.277040e-15 2.572505e-16 7.774515e-13 8.018140e-13 9.643916e-19 2.356679e-16 5.193154e-15 2.628316e-19 1.246330e-31 2.956064e-21 2.528178e-20 1.315862e-45 0.000000e+00 7.387841e-98 1.240419e-29
2.300449e-03 1.069220e-12 2.481190e-05 4.184363e-05 3.414706e-16 6.339484e-14 5.478074e-23 1.060845e-34 9.901632e-22 8.600982e-12 9.692680e-05 1.628751e-30 2.819478e-11 1.227781e-25 1.070362e-25 4.657865e-09 1.009539e-11 1.605863e-08 1.148399e-06 4.090212e-04 2.269172e-23 1.902600e-08 2.030605e-19 1.062287e-15 4.667368e-11 1.982385e-15 2.018054e-01 2.214536e-15 7.526536e-13 1.571880e-13 2.899866e-11 1.917672e-11 1.935884e-20 6.115706e-24 5.209496e-28 8.294015e-11 1.791796e-15 7.976134e-01 1.600359e-10 2.178371e-09 2.599652e-17 1.077743e-21 4.457746e-17 1.394994e-16 3.345335e-14 2.610474e-15 2.542970e-13 1.175707e-09 7.384859e-06 3.200472e-17 6.511137e-15 2.045861e-16 1.063720e-11 5.075798e-10 7.626173e-09 4.549850e-15 1.973466e-09 4.761725e-12 6.167146e-20 3.132636e-15 2.051559e-21 5.311031e-12 3.415925e-13 9.392523e-13 4.497700e-11 3.619243e-22 3.281377e-10 1.337209e-19 8.605001e-18 1.421863e-14 2.369410e-08 4.726895e-18 3.026405e-16 1.304518e-26 1.344162e-17 1.435783e-09 4.458236e-13 1.377583e-20 2.807210e-09 1.420427e-08 9.068060e-14 3.724941e-11 4.292960e-13 5.913975e-13 3.910225e-10 5.354657e-15 2.983163e-16 8.140750e-13 8.404189e-13 1.076655e-18 2.420744e-16 5.451227e-15 2.768801e-19 1.169638e-31 4.065671e-21 3.208332e-20 2.565009e-45 0.000000e+00 2.795708e-100 4.232479e-32
1.997374e-03 1.213645e-12 2.552122e-05 4.209728e-05 4.748789e-16 9.926546e-14 6.687128e-23 1.712133e-34 1.236607e-21 9.411983e-12 9.643342e-05 2.371716e-30 3.240111e-11 1.724224e-25 1.283131e-25 4.495048e-09 1.085726e-11 1.626382e-08 1.176137e-06 4.094497e-04 2.561600e-23 2.010450e-08 2.439351e-19 1.212555e-15 4.623267e-11 1.789158e-15 2.018006e-01 2.307664e-15 7.925596e-13 1.409733e-13 3.336552e-11 1.673854e-11 3.668321e-20 7.621906e-24 7.122655e-28 8.457422e-11 1.991685e-15 7.976173e-01 1.527753e-10 2.260619e-09 2.578400e-17 1.152068e-21 4.149927e-17 1.331781e-16 3.561101e-14 3.117193e-15 2.686961e-13 1.262167e-09 7.356129e-06 3.336261e-17 7.114115e-15 2.119417e-16 1.071333e-11 5.932804e-10 9.072994e-09 4.733307e-15 1.881587e-09 4.353164e-12 7.626867e-20 2.321864e-15 2.554038e-21 6.064419e-12 3.003322e-13 1.072144e-12 4.774814e-11 4.101579e-22 3.240820e-10 1.231759e-19 9.216416e-18 1.464112e-14 2.414791e-08 2.653170e-18 3.022167e-16 1.709273e-26 1.001481e-17 1.590380e-09 6.836941e-13 1.336887e-20 2.323368e-09 1.426762e-08 9.337572e-14 3.709557e-11 3.236067e-13 6.062031e-13 3.450165e-10 4.644583e-15 3.444363e-16 8.518325e-13 8.798143e-13 1.206758e-18 2.484519e-16 5.714685e-15 2.912091e-19 1.093020e-31 5.551056e-21 3.954942e-20 4.471476e-45 0.000000e+00 1.209298e-102 1.074771e-34
1.734228e-03 1.364248e-12 2.625993e-05 4.235309e-05 6.520023e-16 1.574117e-13 8.134649e-23 2.734664e-34 1.522007e-21 1.023608e-11 9.592470e-05 3.410908e-30 3.694507e-11 2.395213e-25 1.507550e-25 4.316178e-09 1.130232e-11 1.642014e-08 1.203475e-06 4.098942e-04 2.848786e-23 2.097750e-08 2.868935e-19 1.369348e-15 4.558832e-11 1.623593e-15 2.017955e-01 2.404614e-15 8.351135e-13 1.259608e-13 3.775225e-11 1.479292e-11 6.745362e-20 9.440946e-24 9.613153e-28 8.624564e-11 2.180206e-15 7.976214e-01 1.461981e-10 2.345843e-09 2.560214e-17 1.222883e-21 3.835742e-17 1.274718e-16 3.706182e-14 3.707769e-15 2.837749e-13 1.341951e-09 7.326486e-06 3.477678e-17 7.366460e-15 2.190263e-16 1.077587e-11 6.885098e-10 1.099710e-08 4.947370e-15 1.797423e-09 3.890777e-12 9.396350e-20 1.735521e-15 3.159965e-21 6.919148e-12 2.646385e-13 1.228045e-12 5.326793e-11 4.595746e-22 3.202284e-10 1.126460e-19 9.786773e-18 1.524075e-14 2.454453e-08 1.501694e-18 3.017888e-16 2.180970e-26 7.191217e-18 1.768903e-09 1.020630e-12 1.285646e-20 1.891237e-09 1.432121e-08 9.618129e-14 3.694228e-11 2.361632e-13 6.216151e-13 3.107888e-10 4.149331e-15 3.954808e-16 8.915421e-13 9.208316e-13 1.358757e-18 2.549268e-16 5.989090e-15 3.061206e-19 1.015108e-31 7.708748e-21 4.796455e-20 7.501057e-45 0.000000e+00 5.852550e-105 2.050073e-37
1.505751e-03 1.534911e-12 2.703556e-05 4.261394e-05 8.922373e-16 2.551874e-13 9.861106e-23 4.367376e-34 1.846882e-21 1.094152e-11 9.539528e-05 4.851670e-30 4.185871e-11 3.296980e-25 1.752639e-25 4.120755e-09 1.157767e-11 1.653257e-08 1.230705e-06 4.103593e-04 3.158134e-23 2.168685e-08 3.347326e-19 1.552319e-15 4.479606e-11 1.505715e-15 2.017903e-01 2.506368e-15 8.809210e-13 1.124625e-13 4.311383e-11 1.321209e-11 1.193122e-19 1.178731e-23 1.298608e-27 8.797247e-11 2.392226e-15 7.976257e-01 1.401720e-10 2.401018e-09 2.545005e-17 1.295241e-21 3.509790e-17 1.222787e-16 3.788537e-14 4.394610e-15 2.996904e-13 1.449756e-09 7.295626e-06 3.626159e-17 7.409502e-15 2.258089e-16 1.082699e-11 7.943832e-10 1.379311e-08 5.361807e-15 1.719999e-09 3.414714e-12 1.170333e-19 1.401424e-15 3.849123e-21 7.749878e-12 2.313204e-13 1.371553e-12 5.922555e-11 5.088171e-22 3.165192e-10 1.021023e-19 1.026135e-17 1.567771e-14 2.489051e-08 8.401488e-19 3.013523e-16 2.770779e-26 4.925190e-18 1.973790e-09 1.473833e-12 1.239570e-20 1.509823e-09 1.436828e-08 9.912570e-14 3.678762e-11 1.652995e-13 6.377896e-13 2.819367e-10 3.813954e-15 4.513490e-16 9.336319e-13 9.638862e-13 1.538624e-18 2.615513e-16 6.277224e-15 3.217651e-19 9.354740e-32 1.105059e-20 5.718493e-20 1.237857e-44 0.000000e+00 3.138582e-107 3.010593e-40
1.307374e-03 1.729440e-12 2.783644e-05 4.287623e-05 1.217689e-15 4.241236e-13 1.191630e-22 6.977596e-34 2.210224e-21 1.146994e-11 9.485295e-05 6.826538e-30 4.705486e-11 4.492061e-25 2.019928e-25 3.913433e-09 1.165158e-11 1.660497e-08 1.257462e-06 4.108381e-04 3.497207e-23 2.224147e-08 3.881820e-19 1.768469e-15 4.392841e-11 1.422817e-15 2.017849e-01 2.611382e-15 9.294522e-13 1.005641e-13 4.998553e-11 1.193808e-11 2.024501e-19 1.490717e-23 1.763910e-27 8.973033e-11 2.644998e-15 7.976301e-01 1.347225e-10 2.412581e-09 2.532026e-17 1.368416e-21 3.176869e-17 1.176300e-16 3.780099e-14 5.173191e-15 3.162047e-13 1.596942e-09 7.264014e-06 3.779459e-17 7.290962e-15 2.321000e-16 1.086760e-11 9.091908e-10 1.792654e-08 6.106874e-15 1.650120e-09 2.954218e-12 1.479600e-19 1.252272e-15 4.614161e-21 8.516943e-12 1.992189e-13 1.489004e-12 6.466426e-11 5.575658e-22 3.129906e-10 9.178347e-20 1.054401e-17 1.584206e-14 2.518365e-08 4.581670e-19 3.009139e-16 3.519405e-26 3.205492e-18 2.201828e-09 2.062954e-12 1.198540e-20 1.184216e-09 1.441012e-08 1.021643e-13 3.663352e-11 1.107281e-13 6.544813e-13 2.554149e-10 3.576997e-15 5.110167e-16 9.774842e-13 1.008325e-12 1.750076e-18 2.682128e-16 6.574719e-15 3.379048e-19 8.557691e-32 1.639454e-20 6.693223e-20 2.025711e-44 0.000000e+00 1.893876e-109 3.566225e-43
1.135133e-03 1.949664e-12 2.866580e-05 4.314144e-05 1.657091e-15 7.251038e-13 1.435850e-22 1.114995e-33 2.613578e-21 1.178493e-11 9.429526e-05 9.511659e-30 5.254272e-11 6.067261e-25 2.308278e-25 3.695533e-09 1.141687e-11 1.664505e-08 1.283930e-06 4.113324e-04 3.869030e-23 2.265381e-08 4.476915e-19 2.021818e-15 4.303883e-11 1.366455e-15 2.017793e-01 2.720071e-15 9.810295e-13 9.021997e-14 5.896343e-11 1.090015e-11 3.289991e-19 1.919505e-23 2.419337e-27 9.152849e-11 2.947033e-15 7.976347e-01 1.297614e-10 2.373115e-09 2.518967e-17 1.436599e-21 2.837685e-17 1.134536e-16 3.643912e-14 6.051337e-15 3.333848e-13 1.792030e-09 7.231517e-06 3.938189e-17 7.005921e-15 2.378596e-16 1.089960e-11 1.032912e-09 2.408849e-08 7.378308e-15 1.586927e-09 2.522007e-12 1.904878e-19 1.246115e-15 5.443069e-21 9.175257e-12 1.675876e-13 1.574589e-12 6.906560e-11 6.056429e-22 3.096067e-10 8.173036e-20 1.052938e-17 1.569764e-14 2.542916e-08 2.392453e-19 3.004716e-16 4.489566e-26 1.958703e-18 2.452542e-09 2.807499e-12 1.160974e-20 9.097762e-10 1.444849e-08 1.053091e-13 3.647897e-11 7.036197e-14 6.717561e-13 2.294259e-10 3.397649e-15 5.744122e-16 1.023284e-12 1.054325e-12 1.999936e-18 2.749308e-16 6.882747e-15 3.546033e-19 7.762278e-32 2.514917e-20 7.679841e-20 3.310124e-44 0.000000e+00 1.280565e-111 3.488483e-46
9.855837e-04 2.194752e-12 2.952126e-05 4.340923e-05 2.245728e-15 1.272085e-12 1.725591e-22 1.780145e-33 3.072977e-21 1.190032e-11 9.372357e-05 1.313270e-29 5.829909e-11 8.128973e-25 2.613234e-25 3.470323e-09 1.074937e-11 1.666060e-08 1.310114e-06 4.118410e-04 4.272732e-23 2.292556e-08 5.130403e-19 2.311262e-15 4.217947e-11 1.329342e-15 2.017735e-01 2.832118e-15 1.035587e-12 8.146150e-14 7.067979e-11 1.005037e-11 5.119362e-19 2.533910e-23 3.357157e-27 9.336416e-11 3.304561e-15 7.976394e-01 1.252458e-10 2.282086e-09 2.502216e-17 1.493563e-21 2.497590e-17 1.097126e-16 3.357992e-14 7.030850e-15 3.511820e-13 2.035591e-09 7.198222e-06 4.101889e-17 6.540222e-15 2.430258e-16 1.092448e-11 1.164356e-09 3.311445e-08 9.441944e-15 1.530008e-09 2.130841e-12 2.500443e-19 1.372977e-15 6.329867e-21 9.695809e-12 1.367779e-13 1.636591e-12 7.195767e-11 6.538686e-22 3.063574e-10 7.206249e-20 1.012048e-17 1.522157e-14 2.563037e-08 1.179799e-19 3.000261e-16 5.771577e-26 1.113298e-18 2.722447e-09 3.723695e-12 1.124271e-20 6.830351e-10 1.448444e-08 1.085510e-13 3.632402e-11 4.223851e-14 6.895632e-13 2.035757e-10 3.258867e-15 6.407881e-16 1.070906e-12 1.101750e-12 2.295788e-18 2.816783e-16 7.200401e-15 3.718115e-19 6.978152e-32 3.951950e-20 8.645991e-20 5.439111e-44 0.000000e+00 9.729605e-114 2.897288e-49
8.557371e-04 2.470919e-12 3.042166e-05 4.368580e-05 3.027053e-15 2.279452e-12 2.066187e-22 2.848036e-33 3.626591e-21 1.181062e-11 9.312511e-05 1.800070e-29 6.445092e-11 1.082756e-24 2.920252e-25 3.236168e-09 9.582787e-12 1.665928e-08 1.336660e-06 4.123751e-04 4.718478e-23 2.305981e-08 5.856500e-19 2.640446e-15 4.137281e-11 1.344954e-15 2.017675e-01 2.949986e-15 1.094344e-12 7.428661e-14 8.617644e-11 9.332113e-12 7.676689e-19 3.470695e-23 4.699550e-27 9.528010e-11 3.714850e-15 7.976443e-01 1.210375e-10 2.138715e-09 2.476103e-17 1.537801e-21 2.156238e-17 1.062888e-16 2.933349e-14 8.138459e-15 3.699905e-13 2.332097e-09 7.163392e-06 4.274166e-17 5.888861e-15 2.476807e-16 1.094406e-11 1.305275e-09 4.622940e-08 1.269330e-14 1.477664e-09 1.783880e-12 3.358909e-19 1.687539e-15 7.243008e-21 9.971034e-12 1.071022e-13 1.680675e-12 7.260660e-11 7.014151e-22 3.031572e-10 6.268501e-20 9.248127e-18 1.432403e-14 2.579444e-08 5.391648e-20 2.995674e-16 7.562184e-26 5.764798e-19 3.013138e-09 4.679870e-12 1.094540e-20 4.961166e-10 1.451974e-08 1.119611e-13 3.616496e-11 2.370059e-14 7.082945e-13 1.775119e-10 3.206195e-15 7.103205e-16 1.121410e-12 1.151644e-12 2.656098e-18 2.885930e-16 7.534665e-15 3.899077e-19 6.198520e-32 6.311015e-20 9.560061e-20 8.935006e-44 0.000000e+00 8.122359e-116 2.101254e-52
7.429971e-04 2.779454e-12 3.141783e-05 4.398679e-05 4.066097e-15 4.193098e-12 2.466348e-22 4.571233e-33 4.355648e-21 1.150574e-11 9.246606e-05 2.457124e-29 7.136216e-11 1.441865e-24 3.226094e-25 2.984464e-09 7.941758e-12 1.664687e-08 1.365071e-06 4.129648e-04 5.205946e-23 2.305845e-08 6.664131e-19 3.009768e-15 4.061392e-11 1.406938e-15 2.017608e-01 3.080333e-15 1.160576e-12 6.853077e-14 1.075537e-10 8.683306e-12 1.097928e-18 5.011567e-23 6.742222e-27 9.738613e-11 4.179392e-15 7.976498e-01 1.169026e-10 1.936793e-09 2.431574e-17 1.546328e-21 1.806039e-17 1.029901e-16 2.405624e-14 9.447611e-15 3.908810e-13 2.696231e-09 7.125070e-06 4.464763e-17 5.062587e-15 2.520344e-16 1.096019e-11 1.462325e-09 6.548571e-08 1.788265e-14 1.427008e-09 1.474799e-12 4.670771e-19 2.281565e-15 8.107180e-21 9.753634e-12 7.863473e-14 1.705746e-12 6.984656e-11 7.473411e-22 2.998280e-10 5.327378e-20 7.850435e-18 1.290361e-14 2.592943e-08 2.176707e-20 2.990700e-16 1.033598e-25 2.587226e-19 3.334334e-09 5.651321e-12 1.068652e-20 3.398851e-10 1.455696e-08 1.157320e-13 3.599278e-11 1.211311e-14 7.290074e-13 1.505571e-10 3.210337e-15 7.855587e-16 1.177686e-12 1.206824e-12 3.109773e-18 2.960505e-16 7.904417e-15 4.099135e-19 5.396983e-32 1.023579e-19 1.035481e-19 1.504751e-43 0.000000e+00 7.077373e-118 1.312689e-55
6.451103e-04 3.132302e-12 3.253546e-05 4.431965e-05 5.430060e-15 7.781117e-12 2.930428e-22 7.384691e-33 5.441549e-21 1.106562e-11 9.172960e-05 3.345721e-29 7.925222e-11 1.920750e-24 3.513004e-25 2.715738e-09 6.062757e-12 1.662825e-08 1.396031e-06 4.136252e-04 5.756289e-23 2.291077e-08 7.584763e-19 3.419613e-15 3.992749e-11 1.573836e-15 2.017532e-01 3.226509e-15 1.235683e-12 6.390095e-14 1.363979e-10 8.073028e-12 1.518026e-18 7.686513e-23 9.816082e-27 9.973775e-11 4.672720e-15 7.976559e-01 1.127748e-10 1.695968e-09 2.357215e-17 1.523774e-21 1.456029e-17 9.976099e-17 1.871098e-14 1.100959e-14 4.144056e-13 3.111916e-09 7.082290e-06 4.678599e-17 4.131644e-15 2.561368e-16 1.097366e-11 1.638074e-09 9.274020e-08 2.545565e-14 1.377201e-09 1.211952e-12 6.717851e-19 3.306371e-15 8.886750e-21 8.853949e-12 5.310020e-14 1.727335e-12 6.275717e-11 7.852878e-22 2.963006e-10 4.389829e-20 6.042579e-18 1.091997e-14 2.603412e-08 7.505978e-21 2.985220e-16 1.488883e-25 9.676439e-20 3.682123e-09 6.310970e-12 1.054582e-20 2.143612e-10 1.459766e-08 1.199607e-13 3.580322e-11 5.683445e-15 7.522344e-13 1.233916e-10 3.350079e-15 8.662857e-16 1.241245e-12 1.268711e-12 3.696983e-18 3.042001e-16 8.319172e-15 4.323429e-19 4.580961e-32 1.659102e-19 1.107009e-19 2.554776e-43 0.000000e+00 6.326997e-120 7.685400e-59
5.601196e-04 3.551123e-12 3.382142e-05 4.469792e-05 7.284478e-15 1.444581e-11 3.474287e-22 1.204468e-32 7.305193e-21 1.070821e-11 9.088512e-05 4.554266e-29 8.853310e-11 2.570740e-24 3.831789e-25 2.429172e-09 4.301307e-12 1.660740e-08 1.430762e-06 4.143838e-04 6.414271e-23 2.261021e-08 8.680229e-19 3.888240e-15 3.933184e-11 1.816963e-15 2.017446e-01 3.394626e-15 1.321884e-12 5.957834e-14 1.739431e-10 7.462817e-12 2.019194e-18 1.247591e-22 1.462621e-26 1.024346e-10 5.165414e-15 7.976629e-01 1.085467e-10 1.450354e-09 2.238503e-17 1.456010e-21 1.116340e-17 9.651217e-17 1.431039e-14 1.291426e-14 4.415677e-13 3.551468e-09 7.033291e-06 4.924639e-17 3.186199e-15 2.601117e-16 1.098526e-11 1.838541e-09 1.298108e-07 3.576748e-14 1.326848e-09 1.001104e-12 9.917971e-19 4.825433e-15 9.606281e-21 7.133187e-12 3.207189e-14 1.748203e-12 5.104703e-11 8.046351e-22 2.924539e-10 3.460978e-20 4.078555e-18 8.467284e-15 2.610568e-08 2.075003e-21 2.979018e-16 2.248599e-25 2.852842e-20 4.049142e-09 6.913748e-12 1.047741e-20 1.195762e-10 1.464349e-08 1.248239e-13 3.558865e-11 2.554643e-15 7.789457e-13 9.671631e-11 3.544527e-15 9.535713e-16 1.314832e-12 1.339892e-12 4.475775e-18 3.133313e-16 8.796273e-15 4.581328e-19 3.756714e-32 2.661247e-19 1.195091e-19 4.564681e-43 0.000000e+00 5.655248e-122 4.247272e-57
4.863261e-04 4.183695e-12 3.529505e-05 4.512680e-05 9.914783e-15 2.566638e-11 4.087538e-22 2.028393e-32 1.049897e-20 1.068931e-11 8.992021e-05 6.204302e-29 9.949532e-11 3.445980e-24 4.251568e-25 2.135164e-09 3.007999e-12 1.658817e-08 1.469698e-06 4.152518e-04 7.440232e-23 2.214721e-08 1.023353e-18 4.525729e-15 3.886539e-11 2.476572e-15 2.017347e-01 3.587198e-15 1.418277e-12 5.461144e-14 2.149580e-10 6.830448e-12 2.820338e-18 2.060328e-22 2.052415e-26 1.055183e-10 5.560251e-15 7.976710e-01 1.042387e-10 1.271235e-09 2.065573e-17 1.444048e-21 8.108615e-18 9.324796e-17 1.159261e-14 1.522206e-14 4.727975e-13 3.945453e-09 6.977372e-06 5.206593e-17 2.328424e-15 2.639959e-16 1.099532e-11 2.065974e-09 1.761721e-07 4.623449e-14 1.275986e-09 8.557936e-13 1.429158e-18 7.068056e-15 1.041449e-20 4.891604e-12 1.714146e-14 1.760944e-12 3.654319e-11 7.617796e-22 2.882654e-10 2.584024e-20 2.413600e-18 5.819916e-15 2.613774e-08 4.578105e-22 2.972015e-16 3.349706e-25 6.511235e-21 4.405427e-09 6.488318e-12 1.102110e-20 5.705663e-11 1.469623e-08 1.303942e-13 3.534620e-11 1.256421e-15 8.095402e-13 7.215783e-11 4.037583e-15 1.043782e-15 1.399654e-12 1.421435e-12 5.557425e-18 3.234597e-16 9.342862e-15 4.876680e-19 2.963829e-32 4.124233e-19 1.374966e-19 7.741381e-43 0.000000e+00 5.041393e-124 9.249259e-54
4.222546e-04 5.237659e-12 3.697680e-05 4.561160e-05 1.420577e-14 4.338937e-11 4.798228e-22 3.578882e-32 1.614474e-20 1.148304e-11 8.882203e-05 8.461032e-29 1.125307e-10 4.642857e-24 5.041347e-25 1.846870e-09 2.231801e-12 1.657371e-08 1.513280e-06 4.162407e-04 9.213159e-23 2.153445e-08 1.262200e-18 5.516746e-15 3.856893e-11 3.701771e-15 2.017234e-01 3.806826e-15 1.522451e-12 4.877327e-14 2.524315e-10 6.162986e-12 4.238034e-18 3.349858e-22 2.656028e-26 1.090310e-10 5.829971e-15 7.976802e-01 9.987850e-11 1.212995e-09 1.839756e-17 1.526897e-21 5.589771e-18 8.997373e-17 1.034779e-14 1.800700e-14 5.085428e-13 4.241384e-09 6.913807e-06 5.528306e-17 1.623346e-15 2.678449e-16 1.100411e-11 2.323475e-09 2.290954e-07 5.481949e-14 1.224642e-09 7.823330e-13 1.902690e-18 9.675425e-15 1.152773e-20 2.759139e-12 8.116615e-15 1.765778e-12 2.265387e-11 6.413303e-22 2.837161e-10 1.809056e-20 1.266859e-18 3.489930e-15 2.612788e-08 7.949736e-23 2.964130e-16 4.547249e-25 1.152718e-21 4.712346e-09 5.941202e-12 1.233145e-20 2.274345e-11 1.475571e-08 1.367466e-13 3.507297e-11 7.637666e-16 8.444298e-13 5.111334e-11 4.577330e-15 1.137085e-15 1.496984e-12 1.514441e-12 7.042753e-18 3.346178e-16 9.966318e-15 5.213465e-19 2.243723e-32 6.126810e-19 1.798435e-19 1.353318e-42 0.000000e+00 4.497469e-126 1.924609e-50
3.666242e-04 6.955762e-12 3.889001e-05 4.615828e-05 2.124770e-14 6.873254e-11 5.598626e-22 6.609858e-32 2.519586e-20 1.303745e-11 8.757580e-05 1.156061e-28 1.281882e-10 6.278260e-24 6.353448e-25 1.578386e-09 1.816000e-12 1.656676e-08 1.562031e-06 4.173636e-04 1.216346e-22 2.076379e-08 1.614703e-18 6.984660e-15 3.849087e-11 6.460793e-15 2.017105e-01 4.056513e-15 1.630279e-12 4.243116e-14 2.776786e-10 5.463146e-12 7.245922e-18 5.203543e-22 3.008065e-26 1.130211e-10 5.954587e-15 7.976907e-01 9.548960e-11 1.298288e-09 1.576368e-17 1.816957e-21 3.692269e-18 8.668975e-17 9.978189e-15 2.136906e-14 5.493200e-13 4.418909e-09 6.841755e-06 5.894226e-17 1.087025e-15 2.717163e-16 1.101175e-11 2.614575e-09 2.849296e-07 5.859413e-14 1.172756e-09 7.826423e-13 2.273365e-18 1.268061e-14 1.303510e-20 1.275202e-12 3.455285e-15 1.786722e-12 1.228476e-11 4.453977e-22 2.787851e-10 1.178955e-20 6.158555e-19 1.816010e-15 2.607983e-08 1.130902e-23 2.955268e-16 5.270044e-25 1.621358e-22 4.936695e-09 4.843643e-12 1.483500e-20 7.546125e-12 1.482314e-08 1.439679e-13 3.476577e-11 5.728291e-16 8.840901e-13 3.436373e-11 5.218156e-15 1.233864e-15 1.608325e-12 1.620184e-12 9.123029e-18 3.467700e-16 1.067516e-14 5.596273e-19 1.628696e-32 8.679113e-19 2.622729e-19 2.210855e-42 0.000000e+00 4.008556e-128 3.724630e-47
3.183230e-04 9.460586e-12 4.105750e-05 4.677228e-05 3.245418e-14 1.034677e-10 6.505988e-22 1.247273e-31 3.910476e-20 1.513531e-11 8.616745e-05 1.583011e-28 1.471542e-10 8.535169e-24 8.344723e-25 1.342672e-09 1.577790e-12 1.657009e-08 1.616470e-06 4.186332e-04 1.656445e-22 1.983415e-08 2.079900e-18 8.896815e-15 3.869376e-11 1.229298e-14 2.016960e-01 4.339136e-15 1.736294e-12 3.601751e-14 2.894881e-10 4.750789e-12 1.351893e-17 7.729591e-22 3.092926e-26 1.175341e-10 5.976201e-15 7.977026e-01 9.109468e-11 1.515074e-09 1.300676e-17 2.357226e-21 2.376185e-18 8.339896e-17 9.986617e-15 2.544014e-14 5.956285e-13 4.492240e-09 6.760414e-06 6.308639e-17 7.064376e-16 2.756588e-16 1.101830e-11 2.942179e-09 3.407207e-07 5.787713e-14 1.120305e-09 8.548115e-13 2.503209e-18 1.583715e-14 1.495674e-20 4.957716e-13 1.345036e-15 1.867172e-12 6.039789e-12 2.445520e-22 2.734565e-10 7.146505e-21 2.848981e-19 8.328505e-16 2.600117e-08 1.355524e-24 2.945338e-16 5.170359e-25 1.865268e-23 5.064693e-09 3.681570e-12 1.841340e-20 2.130380e-12 1.489866e-08 1.521410e-13 3.442175e-11 4.832173e-16 9.289762e-13 2.198164e-11 5.753356e-15 1.338188e-15 1.735203e-12 1.739886e-12 1.201124e-17 3.598528e-16 1.147753e-14 6.029496e-19 1.134483e-32 1.180138e-18 3.994867e-19 3.371851e-42 0.000000e+00 3.575044e-130 6.013564e-44
2.763852e-04 1.283408e-11 4.350555e-05 4.745984e-05 4.939200e-14 1.498366e-10 7.528523e-22 2.357948e-31 5.953056e-20 1.741151e-11 8.458073e-05 2.173330e-28 1.703102e-10 1.166989e-23 1.119254e-24 1.150300e-09 1.411626e-12 1.658666e-08 1.677254e-06 4.200636e-04 2.269913e-22 1.875233e-08 2.640041e-18 1.111576e-14 3.925403e-11 2.469229e-14 2.016795e-01 4.658010e-15 1.834171e-12 2.985766e-14 2.902237e-10 4.051894e-12 2.637356e-17 1.107060e-21 2.993907e-26 1.226225e-10 5.931580e-15 7.977160e-01 8.670293e-11 1.845936e-09 1.037726e-17 3.216981e-21 1.522593e-18 8.009824e-17 1.011424e-14 3.040110e-14 6.480429e-13 4.481414e-09 6.668854e-06 6.776498e-17 4.509738e-16 2.797278e-16 1.102378e-11 3.309283e-09 3.950501e-07 5.383209e-14 1.067196e-09 9.962735e-13 2.643169e-18 1.891014e-14 1.727593e-20 1.709806e-13 4.852901e-16 2.029788e-12 2.825335e-12 1.039692e-22 2.677056e-10 4.056952e-21 1.275930e-19 3.438693e-16 2.589864e-08 1.405467e-25 2.934234e-16 4.451846e-25 1.801791e-24 5.104544e-09 2.601875e-12 2.297999e-20 5.361718e-13 1.498281e-08 1.613613e-13 3.403767e-11 4.267686e-16 9.796123e-13 1.342350e-11 6.124270e-15 1.453951e-15 1.879426e-12 1.874951e-12 1.597174e-17 3.737756e-16 1.238283e-14 6.518189e-19 7.590386e-33 1.552869e-18 6.003288e-19 4.699227e-42 0.000000e+00 3.191351e-132 7.569005e-41
2.399726e-04 1.718849e-11 4.626119e-05 4.822731e-05 7.399862e-14 2.105786e-10 8.671004e-22 4.430662e-31 8.839584e-20 1.954562e-11 8.279901e-05 2.992867e-28 1.987338e-10 1.604431e-23 1.520393e-24 1.010399e-09 1.274229e-12 1.661969e-08 1.745137e-06 4.216695e-04 3.103591e-22 1.754531e-08 3.276726e-18 1.347529e-14 4.026379e-11 5.037284e-14 2.016610e-01 5.016520e-15 1.916821e-12 2.422181e-14 2.831520e-10 3.390892e-12 5.241564e-17 1.539967e-21 2.791478e-26 1.283397e-10 5.839409e-15 7.977312e-01 8.231685e-11 2.282138e-09 8.055063e-18 4.516513e-21 9.951382e-19 7.678282e-17 1.023807e-14 3.648580e-14 7.071530e-13 4.397841e-09 6.566125e-06 7.302892e-17 2.861680e-16 2.839828e-16 1.102825e-11 3.718956e-09 4.474940e-07 4.779773e-14 1.013358e-09 1.205513e-12 2.749352e-18 2.160030e-14 1.998136e-20 5.621347e-14 1.640937e-16 2.277535e-12 1.317045e-12 3.484283e-23 2.615045e-10 2.183774e-21 5.691553e-20 1.303090e-16 2.577620e-08 1.419750e-26 2.921850e-16 3.556231e-25 1.506879e-25 5.079419e-09 1.695519e-12 2.858611e-20 1.286506e-13 1.507617e-08 1.717264e-13 3.361027e-11 3.821412e-16 1.036533e-12 7.853607e-12 6.354900e-15 1.584265e-15 2.042926e-12 2.026818e-12 2.128754e-17 3.884325e-16 1.340062e-14 7.067510e-19 4.884112e-33 1.991453e-18 8.672650e-19 5.914654e-42 0.000000e+00 2.851901e-134 6.918922e-38
2.083571e-04 2.273809e-11 4.935835e-05 4.908284e-05 1.102414e-13 2.917434e-10 9.975326e-22 8.276416e-31 1.304694e-19 2.160613e-11 8.080145e-05 4.134767e-28 2.337865e-10 2.222453e-23 2.100165e-24 9.319614e-10 1.153765e-12 1.667288e-08 1.821130e-06 4.234689e-04 4.247686e-22 1.626506e-08 3.994401e-18 1.588349e-14 4.183852e-11 9.793239e-14 2.016402e-01 5.418875e-15 1.976850e-12 1.929139e-14 2.729883e-10 2.784933e-12 1.021599e-16 2.101299e-21 2.610149e-26 1.347524e-10 5.704656e-15 7.977482e-01 7.792499e-11 2.822425e-09 6.122345e-18 6.290179e-21 6.760708e-19 7.343971e-17 1.027839e-14 4.400523e-14 7.736883e-13 4.246234e-09 6.451044e-06 7.894147e-17 1.820900e-16 2.884934e-16 1.103180e-11 4.175545e-09 4.979935e-07 4.158316e-14 9.586391e-10 1.482944e-12 2.862514e-18 2.362705e-14 2.311539e-20 1.881503e-14 5.224121e-17 2.610802e-12 6.313595e-13 1.033354e-23 2.548078e-10 1.126251e-21 2.584103e-20 4.595711e-17 2.563524e-08 0.000000e+00 2.908055e-16 2.780053e-25 1.063522e-26 5.019857e-09 1.111282e-12 3.505915e-20 3.143909e-14 1.517947e-08 1.833574e-13 3.313532e-11 3.430393e-16 1.100402e-12 4.410559e-12 6.246647e-15 1.734779e-15 2.228107e-12 2.197271e-12 2.821321e-17 4.037910e-16 1.454279e-14 7.683872e-19 3.023192e-33 2.509894e-18 1.216602e-18 7.229525e-42 0.000000e+00 2.556499e-136 4.241311e-35
1.809069e-04 2.974550e-11 5.283300e-05 5.003529e-05 1.615399e-13 3.958047e-10 1.145643e-21 1.594988e-30 1.879777e-19 2.317254e-11 7.856556e-05 5.736430e-28 2.771754e-10 3.093831e-23 2.925237e-24 9.275712e-10 1.045142e-12 1.675044e-08 1.906421e-06 4.254811e-04 5.831994e-22 1.495941e-08 4.788827e-18 1.813750e-14 4.412381e-11 1.808970e-13 2.016169e-01 5.869596e-15 2.005139e-12 1.512938e-14 2.608612e-10 2.243637e-12 1.987623e-16 2.803344e-21 2.484369e-26 1.419321e-10 5.526375e-15 7.977673e-01 7.351084e-11 3.464659e-09 4.589219e-18 8.845620e-21 4.830081e-19 7.005308e-17 1.020522e-14 5.335633e-14 8.484342e-13 4.032445e-09 6.322337e-06 8.557091e-17 1.167951e-16 2.933284e-16 1.103456e-11 4.684032e-09 5.464463e-07 3.528450e-14 9.029153e-10 1.833420e-12 3.000896e-18 2.503276e-14 2.668045e-20 6.730405e-15 1.579601e-17 3.037676e-12 3.163408e-13 2.709412e-24 2.475645e-10 5.615923e-22 1.262161e-20 1.519526e-17 2.547574e-08 1.714625e-27 2.892707e-16 2.215639e-25 1.047123e-27 4.958286e-09 6.753747e-13 4.299133e-20 8.178194e-15 1.529379e-08 1.963843e-13 3.260821e-11 3.081165e-16 1.171933e-12 2.382180e-12 6.082898e-15 1.906123e-15 2.437636e-12 2.388231e-12 3.702371e-17 4.198126e-16 1.582214e-14 8.374154e-19 1.801990e-33 3.110118e-18 1.632519e-18 7.968618e-42 0.000000e+00 2.294422e-138 1.741313e-32
1.570732e-04 3.875927e-11 5.672655e-05 5.109474e-05 2.377365e-13 5.334460e-10 1.522443e-21 3.246082e-30 2.719107e-19 2.460863e-11 7.606606e-05 7.993251e-28 3.309825e-10 4.338100e-23 4.145890e-24 1.016099e-09 9.530892e-13 1.685722e-08 2.002422e-06 4.277278e-04 8.113434e-22 1.370355e-08 5.725575e-18 2.025853e-14 4.730944e-11 3.082442e-13 2.015907e-01 6.373735e-15 1.992123e-12 1.173828e-14 2.513741e-10 1.770191e-12 3.722383e-16 3.690132e-21 7.102565e-26 1.499589e-10 5.311390e-15 7.977888e-01 6.905161e-11 4.201345e-09 3.413137e-18 1.211276e-20 3.619148e-19 6.660353e-17 9.991634e-15 6.505100e-14 9.322687e-13 3.768156e-09 6.178581e-06 9.299367e-17 7.570068e-17 2.985583e-16 1.103668e-11 5.250583e-09 5.921998e-07 3.008030e-14 8.460579e-10 2.265031e-12 3.195314e-18 2.590073e-14 3.077366e-20 2.611570e-15 4.547345e-18 3.569185e-12 1.660148e-13 7.070589e-25 2.397113e-10 2.719445e-22 6.604142e-21 4.730081e-18 2.529687e-08 0.000000e+00 2.875653e-16 1.864448e-25 0.000000e+00 4.927189e-09 4.307274e-13 5.225545e-20 2.307554e-15 1.542013e-08 2.109522e-13 3.202373e-11 2.776927e-16 1.251921e-12 1.237790e-12 5.612837e-15 2.107602e-15 2.674561e-12 2.601840e-12 4.785831e-17 4.366217e-16 1.725289e-14 9.146036e-19 1.034714e-33 3.810040e-18 2.157258e-18 8.789459e-42 0.000000e+00 2.067217e-140 4.380834e-30
1.363794e-04 5.051805e-11 6.108391e-05 5.227246e-05 3.483561e-13 7.055629e-10 8.307239e-21 3.082603e-29 3.876933e-19 2.557598e-11 7.327481e-05 1.120334e-27 3.978409e-10 6.108190e-23 5.958898e-24 1.229193e-09 8.781954e-13 1.699881e-08 2.110791e-06 4.302328e-04 1.149219e-21 1.256151e-08 6.880389e-18 2.220309e-14 5.164324e-11 4.921276e-13 2.015615e-01 6.936899e-15 1.925349e-12 9.072682e-15 2.456321e-10 1.362371e-12 6.890728e-16 4.775019e-21 1.681004e-24 1.589218e-10 5.068246e-15 7.978128e-01 6.451899e-11 5.014928e-09 2.531552e-18 1.664017e-20 2.823608e-19 6.306744e-17 9.683757e-15 7.976226e-14 1.026167e-12 3.475595e-09 6.018192e-06 1.012950e-16 4.965375e-17 3.042536e-16 1.103829e-11 5.882192e-09 6.341492e-07 2.576710e-14 7.879434e-10 2.796092e-12 3.545140e-18 2.643262e-14 3.540126e-20 1.112561e-15 1.257199e-18 4.213967e-12 9.051372e-14 1.712576e-25 2.311764e-10 1.287162e-22 3.825328e-21 1.382774e-18 2.509725e-08 8.859177e-27 2.856723e-16 1.708370e-25 9.279398e-27 4.958643e-09 2.702088e-13 6.422035e-20 7.113122e-16 1.555976e-08 2.272221e-13 3.137603e-11 2.526677e-16 1.341249e-12 6.185445e-13 5.167632e-15 2.344515e-15 2.942381e-12 2.840481e-12 6.083046e-17 4.543955e-16 1.885086e-14 1.000803e-18 5.734676e-34 4.598640e-18 2.808656e-18 8.877570e-42 0.000000e+00 1.865170e-142 6.892467e-28
1.184120e-04 6.723562e-11 6.595314e-05 5.358004e-05 5.254611e-13 9.242792e-10 1.388859e-19 8.578474e-28 5.819027e-19 2.693620e-11 7.016270e-05 1.581971e-27 4.808534e-10 8.683116e-23 8.939236e-24 1.617463e-09 8.370742e-13 1.718143e-08 2.233367e-06 4.330204e-04 1.695079e-21 1.163556e-08 8.574003e-18 2.459209e-14 5.745211e-11 7.347988e-13 2.015288e-01 7.564847e-15 1.791935e-12 7.122244e-15 2.511571e-10 1.015002e-12 1.231339e-15 6.303466e-21 3.642187e-23 1.689119e-10 4.829603e-15 7.978397e-01 5.988304e-11 5.867383e-09 1.873726e-18 2.233611e-20 2.265057e-19 5.942046e-17 9.389798e-15 9.838824e-14 1.131132e-12 3.197599e-09 5.839547e-06 1.105631e-16 3.311705e-17 3.104822e-16 1.103952e-11 6.586435e-09 6.702551e-07 2.304563e-14 7.284845e-10 3.454481e-12 5.429672e-18 2.679110e-14 4.068109e-20 5.261804e-16 3.351247e-19 4.935806e-12 5.025521e-14 4.185038e-26 2.218824e-10 5.981416e-23 2.440218e-21 3.748429e-19 2.487535e-08 0.000000e+00 2.835749e-16 1.739405e-25 4.059348e-27 5.086105e-09 1.913674e-13 8.035845e-20 2.434751e-16 1.571380e-08 2.453588e-13 3.065909e-11 2.371263e-16 1.440819e-12 2.957602e-13 4.565702e-15 2.646794e-15 3.244893e-12 3.106597e-12 7.583812e-17 4.735312e-16 2.063224e-14 1.096887e-18 3.074762e-34 5.481684e-18 4.263972e-18 9.390849e-42 0.000000e+00 1.689219e-144 6.213257e-26
1.028117e-04 9.740395e-11 7.139428e-05 5.503222e-05 8.730358e-13 1.190071e-09 1.862679e-18 2.160429e-26 1.171152e-18 3.084087e-11 6.669264e-05 2.281665e-27 5.839718e-10 1.297287e-22 1.522295e-23 2.263902e-09 8.826801e-13 1.741269e-08 2.372516e-06 4.361215e-04 2.777760e-21 1.105031e-08 1.185489e-17 3.007201e-14 6.519807e-11 1.033598e-12 2.014923e-01 8.264922e-15 1.576615e-12 6.104978e-15 2.891972e-10 7.208237e-13 2.186521e-15 1.098572e-20 5.408436e-22 1.800452e-10 4.696314e-15 7.978697e-01 5.510334e-11 6.667569e-09 1.373629e-18 2.995699e-20 1.850245e-19 5.562851e-17 9.554516e-15 1.222768e-13 1.248438e-12 3.031593e-09 5.640572e-06 1.209106e-16 2.279770e-17 3.173218e-16 1.104049e-11 7.372117e-09 6.980519e-07 2.287896e-14 6.674903e-10 4.287731e-12 2.419203e-17 2.711245e-14 4.669669e-20 2.923151e-16 8.700611e-20 5.544932e-12 2.734937e-14 9.944812e-27 2.117275e-10 2.744227e-23 1.872842e-21 8.928004e-20 2.462918e-08 3.399218e-27 2.812517e-16 1.973288e-25 4.195203e-27 5.348056e-09 1.654319e-13 1.096292e-19 9.813266e-17 1.588375e-08 2.655727e-13 2.986526e-11 2.461039e-16 1.551785e-12 1.327041e-13 3.968391e-15 3.085840e-15 3.587064e-12 3.403309e-12 9.270791e-17 4.945778e-16 2.261770e-14 1.203967e-18 1.599744e-34 6.444919e-18 1.291818e-17 1.397060e-41 0.000000e+00 1.534407e-146 3.243986e-24
8.926665e-05 1.759138e-10 7.747255e-05 5.664395e-05 1.883035e-12 1.500333e-09 1.790409e-17 5.073941e-25 4.607037e-18 4.606576e-11 6.282513e-05 3.653923e-27 7.119078e-10 2.595394e-22 3.606044e-23 3.296836e-09 1.175398e-12 1.770291e-08 2.531221e-06 4.395682e-04 5.805752e-21 1.101426e-08 2.084161e-17 5.011914e-14 7.561605e-11 1.368955e-12 2.014515e-01 9.044949e-15 1.268814e-12 6.721765e-15 4.343584e-10 4.757947e-13 4.132064e-15 4.453030e-20 5.732753e-21 1.924434e-10 4.951969e-15 7.979033e-01 5.014481e-11 7.228343e-09 9.769340e-19 4.168477e-20 1.521433e-19 5.165531e-17 1.151298e-14 1.537591e-13 1.379432e-12 3.171439e-09 5.419059e-06 1.324611e-16 1.681932e-17 3.248426e-16 1.104122e-11 8.245442e-09 7.154093e-07 2.895065e-14 6.048028e-10 5.344307e-12 1.912934e-16 2.746328e-14 5.380173e-20 2.158771e-16 2.213380e-20 5.533761e-12 1.378434e-14 2.774076e-27 2.006029e-10 1.248983e-23 2.098956e-21 1.627458e-20 2.435703e-08 0.000000e+00 2.786810e-16 2.469206e-25 0.000000e+00 5.797881e-09 2.063629e-13 1.862785e-19 5.320216e-17 1.607094e-08 2.880875e-13 2.898687e-11 3.227700e-16 1.675371e-12 5.298123e-14 3.467556e-15 3.858034e-15 3.975048e-12 3.733938e-12 1.111188e-16 5.182466e-16 2.482920e-14 1.323225e-18 8.096260e-35 7.555506e-18 7.748984e-17 5.981411e-41 0.000000e+00 1.398468e-148 9.665998e-23
7.750613e-05 3.967172e-10 8.426878e-05 5.843106e-05 5.491266e-12 1.893320e-09 1.277292e-16 1.187823e-23 2.544038e-17 9.704235e-11 5.851256e-05 8.547639e-27 8.704601e-10 1.019174e-21 1.294175e-22 4.892547e-09 1.921400e-12 1.806957e-08 2.714610e-06 4.433973e-04 1.561429e-20 1.192053e-08 4.875179e-17 1.244552e-13 9.022027e-11 1.699973e-12 2.014059e-01 9.914562e-15 8.853745e-13 9.847635e-15 8.446959e-10 2.853188e-13 9.373051e-15 2.756358e-19 4.536434e-20 2.062491e-10 5.912987e-15 7.979408e-01 4.498925e-11 7.433182e-09 6.514167e-19 6.188343e-20 1.227290e-19 4.745580e-17 1.783307e-14 1.981841e-13 1.525697e-12 3.741811e-09 5.172299e-06 1.453784e-16 1.368802e-17 3.330973e-16 1.104152e-11 9.202584e-09 7.235042e-07 4.782779e-14 5.402367e-10 6.605082e-12 1.375947e-15 2.778870e-14 6.385453e-20 2.129046e-16 5.176466e-21 4.638224e-12 6.244114e-15 5.097422e-27 1.883752e-10 5.590027e-24 3.666692e-21 2.012088e-21 2.405694e-08 0.000000e+00 2.758366e-16 3.400388e-25 5.931551e-27 6.528077e-09 3.701971e-13 3.930818e-19 3.852586e-17 1.627641e-08 3.131778e-13 2.801611e-11 5.213555e-16 1.813081e-12 1.704436e-14 2.919402e-15 5.389678e-15 4.418639e-12 4.102564e-12 1.306527e-16 5.454193e-16 2.729371e-14 1.456110e-18 3.944560e-35 9.420978e-18 4.725268e-16 4.976715e-40 0.000000e+00 1.279589e-150 1.664586e-21
6.729501e-05 9.625198e-10 9.187841e-05 6.040479e-05 1.898594e-11 2.683389e-09 7.007264e-16 2.464597e-22 1.298311e-16 2.348941e-10 5.370221e-05 3.414696e-26 1.066964e-09 5.789175e-21 5.949767e-22 7.213838e-09 2.982819e-12 1.852648e-08 2.932562e-06 4.476449e-04 4.707842e-20 1.433273e-08 1.380840e-16 3.516122e-13 1.119595e-10 2.026905e-12 2.013549e-01 1.088519e-14 5.013495e-13 1.478082e-14 1.681853e-09 1.577641e-13 2.549017e-14 1.570252e-18 2.784249e-19 2.216048e-10 7.128741e-15 7.979828e-01 3.966496e-11 7.706735e-09 3.942006e-19 9.308401e-20 9.208799e-20 4.297892e-17 2.945738e-14 2.668642e-13 1.688767e-12 4.327693e-09 4.897139e-06 1.598928e-16 1.048874e-17 3.420577e-16 1.104062e-11 1.021387e-08 7.279616e-07 8.660764e-14 4.730561e-10 7.992235e-12 7.765337e-15 2.782189e-14 8.552346e-20 2.321633e-16 1.046496e-21 3.588111e-12 2.871697e-15 2.536048e-26 1.748951e-10 2.346076e-24 7.293824e-21 2.261309e-22 2.372680e-08 2.890341e-26 2.726885e-16 5.268908e-25 3.213712e-26 7.642143e-09 7.678967e-13 8.883914e-19 2.744320e-17 1.650010e-08 3.411668e-13 2.694747e-11 8.042779e-16 1.966683e-12 3.895725e-15 2.077722e-15 8.414730e-15 4.933561e-12 4.513973e-12 1.508226e-16 5.770814e-16 3.004305e-14 1.604300e-18 1.760307e-35 1.506437e-17 2.370413e-15 4.153612e-39 0.000000e+00 1.174986e-152 1.750758e-20
5.842916e-05 2.388209e-09 1.004147e-04 6.255891e-05 7.328786e-11 4.978927e-09 3.052071e-15 3.900858e-21 5.466945e-16 4.896373e-10 4.834269e-05 1.672337e-25 1.311645e-09 3.133806e-20 2.895278e-21 1.022267e-08 3.687084e-12 1.896295e-08 3.202521e-06 4.523378e-04 1.499426e-19 1.843692e-08 4.357440e-16 7.632533e-13 1.434079e-10 2.593624e-12 2.012978e-01 1.197058e-14 2.295002e-13 1.587462e-14 2.921121e-09 8.126376e-14 6.737236e-14 8.034971e-18 1.370851e-18 2.385938e-10 7.073757e-15 7.980299e-01 3.425646e-11 8.812138e-09 2.174649e-19 1.249351e-19 6.197354e-20 3.817233e-17 3.602408e-14 3.604307e-13 1.869213e-12 4.178989e-09 4.590010e-06 1.763487e-16 5.399972e-18 3.515185e-16 1.103644e-11 1.120337e-08 7.236906e-07 1.529539e-13 4.007246e-10 9.540792e-12 3.295608e-14 2.706107e-14 1.516113e-19 2.401332e-16 2.112813e-22 3.017179e-12 1.695826e-15 1.081662e-25 1.600113e-10 8.369013e-25 1.062991e-20 4.538412e-23 2.336644e-08 2.564377e-27 2.692021e-16 9.537337e-25 0.000000e+00 9.033144e-09 1.633778e-12 2.033087e-18 1.393160e-17 1.673964e-08 3.724315e-13 2.578042e-11 9.790756e-16 2.138200e-12 5.745676e-16 1.149242e-15 1.383293e-14 5.535691e-12 4.973665e-12 1.710573e-16 6.142716e-16 3.311476e-14 1.769518e-18 6.458164e-36 3.585296e-17 9.542017e-15 3.335635e-38 0.000000e+00 1.083423e-154 1.193117e-19
5.073136e-05 5.568738e-09 1.100063e-04 6.483112e-05 2.906457e-10 1.103777e-08 1.081261e-14 3.247486e-20 1.826472e-15 7.637742e-10 4.240429e-05 7.812870e-25 1.618780e-09 1.455374e-19 1.268649e-20 1.346570e-08 3.606791e-12 1.888506e-08 3.552057e-06 4.574715e-04 4.370473e-19 2.406206e-08 1.324214e-15 1.079790e-12 1.791185e-10 3.662700e-12 2.012339e-01 1.318763e-14 1.098342e-13 1.104984e-14 4.552127e-09 3.612523e-14 1.525535e-13 3.559376e-17 5.562388e-18 2.569682e-10 5.421897e-15 7.980828e-01 2.889755e-11 1.069196e-08 1.253293e-19 1.351314e-19 4.244151e-20 3.299751e-17 2.836320e-14 4.073675e-13 2.063143e-12 3.369602e-09 4.247198e-06 1.952362e-16 1.829677e-18 3.612507e-16 1.102638e-11 1.200059e-08 6.696408e-07 2.312586e-13 3.212623e-10 1.118826e-11 1.113139e-13 2.502211e-14 3.616137e-19 2.198687e-16 5.028046e-23 3.144234e-12 1.231123e-15 2.868426e-25 1.436106e-10 2.335273e-25 1.007285e-20 1.303749e-23 2.297999e-08 0.000000e+00 2.653366e-16 1.980540e-24 0.000000e+00 1.060710e-08 3.224070e-12 4.331935e-18 4.931282e-18 1.698837e-08 4.073883e-13 2.452555e-11 9.395750e-16 2.329634e-12 7.069997e-17 5.786383e-16 2.319882e-14 6.210166e-12 5.487403e-12 1.907269e-16 6.578983e-16 3.655208e-14 1.952438e-18 1.716466e-36 1.063452e-16 3.022797e-14 2.324957e-37 0.000000e+00 1.002738e-156 5.776180e-19
4.404770e-05 1.100410e-08 1.207815e-04 6.702440e-05 1.094792e-09 2.395877e-08 3.177326e-14 1.227034e-19 4.848887e-15 9.736211e-10 3.592590e-05 3.291555e-24 1.995528e-09 5.753880e-19 4.629896e-20 1.609492e-08 2.946331e-12 1.770187e-08 4.013506e-06 4.629664e-04 9.857050e-19 3.176975e-08 3.459521e-15 1.097207e-12 2.043911e-10 4.591081e-12 2.011624e-01 1.455524e-14 6.527006e-14 6.175285e-15 7.022365e-09 1.497408e-14 3.010150e-13 1.280456e-16 1.898189e-17 2.754106e-10 3.523381e-15 7.981424e-01 2.374477e-11 1.274009e-08 9.699351e-20 1.188841e-19 3.577538e-20 2.746791e-17 1.717395e-14 3.426399e-13 2.252988e-12 2.518436e-09 3.865945e-06 2.168487e-16 5.954645e-19 3.715557e-16 1.100998e-11 1.230144e-08 5.187269e-07 2.628230e-13 2.395555e-10 1.251701e-11 3.213705e-13 2.166751e-14 9.637393e-19 1.838414e-16 1.726928e-23 4.143527e-12 9.432713e-16 4.028865e-25 1.257033e-10 5.270611e-26 7.695606e-21 4.085810e-24 2.257760e-08 0.000000e+00 2.610461e-16 4.251887e-24 2.931175e-25 1.324164e-08 5.409534e-12 7.733770e-18 1.461848e-18 1.723351e-08 4.463625e-13 2.321137e-11 7.802615e-16 2.541441e-12 1.704517e-17 3.570747e-16 4.077381e-14 6.838749e-12 6.058909e-12 2.091056e-16 7.083021e-16 4.039456e-14 2.149470e-18 3.086159e-37 3.150720e-16 7.590438e-14 5.164834e-31 0.000000e+00 9.315650e-159 2.150638e-18
3.824460e-05 1.851098e-08 1.328390e-04 6.872348e-05 3.743032e-09 4.743948e-08 7.856809e-14 3.041800e-19 1.051960e-14 1.105227e-09 2.907169e-05 1.246060e-23 2.400402e-09 1.922214e-18 1.363698e-19 1.712899e-08 2.094602e-12 1.525797e-08 4.589782e-06 4.686440e-04 1.696570e-18 4.143974e-08 7.597380e-15 8.779639e-13 2.089931e-10 4.280544e-12 2.010825e-01 1.608573e-14 4.146816e-14 3.256926e-15 1.083484e-08 6.752622e-15 5.438005e-13 3.740229e-16 5.516876e-17 2.907793e-10 2.161881e-15 7.982097e-01 1.891997e-11 1.475308e-08 9.884517e-20 9.336600e-20 3.508075e-20 2.170344e-17 9.713882e-15 2.321878e-13 2.397258e-12 1.837188e-09 3.446016e-06 2.391915e-16 3.464492e-19 3.837862e-16 1.098821e-11 1.178363e-08 3.220084e-07 2.223517e-13 1.654438e-10 1.329741e-11 8.066172e-13 1.746391e-14 2.478333e-18 1.524329e-16 3.260812e-24 6.206492e-12 7.526539e-16 4.158505e-25 1.065210e-10 1.182622e-26 5.823844e-21 2.168194e-24 2.217233e-08 0.000000e+00 2.562778e-16 1.629875e-23 0.000000e+00 1.808526e-08 7.822079e-12 1.161019e-17 4.390896e-19 1.745890e-08 4.892306e-13 2.187750e-11 6.064800e-16 2.768834e-12 7.648004e-18 2.769982e-16 7.133889e-14 7.128637e-12 6.685021e-12 2.253806e-16 7.637435e-16 4.464504e-14 2.348071e-18 3.745627e-38 8.564565e-16 1.561089e-13 4.245711e-36 0.000000e+00 8.685612e-161 6.631128e-18
3.320603e-05 2.844256e-08 1.461891e-04 6.925860e-05 1.119022e-08 8.602477e-08 1.648758e-13 6.152763e-19 1.903650e-14 1.134808e-09 2.218051e-05 4.127878e-23 2.693320e-09 5.276891e-18 3.140735e-19 1.587739e-08 1.342900e-12 1.185819e-08 5.209504e-06 4.742240e-04 2.389584e-18 4.989481e-08 1.404950e-14 5.977463e-13 1.913667e-10 3.070869e-12 2.009933e-01 1.774006e-14 2.630654e-14 1.668577e-15 1.581177e-08 3.208652e-15 9.161709e-13 9.040512e-16 1.371934e-16 2.979202e-10 1.356949e-15 7.982861e-01 1.450827e-11 1.677777e-08 1.047368e-19 7.227487e-20 3.397729e-20 1.599096e-17 6.213869e-15 1.414979e-13 2.431335e-12 1.288614e-09 2.992380e-06 2.518580e-16 4.159329e-19 4.011351e-16 1.096188e-11 1.033074e-08 1.806836e-07 1.489899e-13 1.057918e-10 1.364350e-11 1.754973e-12 1.304258e-14 5.841209e-18 1.319851e-16 3.196820e-24 9.378568e-12 6.285455e-16 3.808994e-25 8.664091e-11 3.383511e-27 4.682693e-21 6.801918e-25 2.177582e-08 7.850999e-35 2.509755e-16 1.049642e-23 3.239850e-25 2.462665e-08 1.048042e-11 1.579808e-17 1.642087e-19 1.764884e-08 5.345097e-13 2.056423e-11 4.712134e-16 2.995715e-12 3.901956e-18 2.339286e-16 1.087970e-13 6.714236e-12 7.345071e-12 2.386738e-16 8.169913e-16 4.915838e-14 2.524579e-18 3.158917e-39 2.098904e-15 2.701636e-13 1.245430e-35 0.000000e+00 8.119237e-163 1.802761e-17
2.883127e-05 4.136737e-08 1.607102e-04 6.779691e-05 2.922702e-08 1.458205e-07 2.953920e-13 1.079655e-18 2.886537e-14 1.040459e-09 1.574297e-05 1.081598e-22 2.668001e-09 1.145419e-17 5.487783e-19 1.247908e-08 7.740347e-13 8.165788e-09 5.754988e-06 4.793153e-04 2.832039e-18 5.337131e-08 2.182891e-14 3.613176e-13 1.557117e-10 1.866912e-12 2.008945e-01 1.931516e-14 1.597268e-14 8.080829e-16 2.129705e-08 1.449501e-15 1.455962e-12 1.825461e-15 2.917330e-16 2.907407e-10 8.936997e-16 7.983732e-01 1.060151e-11 1.882917e-08 1.004287e-19 5.696709e-20 2.946652e-20 1.077199e-17 5.059703e-15 8.078681e-14 2.290826e-12 8.680752e-10 2.517376e-06 2.309571e-16 6.040208e-19 4.293349e-16 1.093129e-11 8.146305e-09 1.046119e-07 8.256769e-14 6.284976e-11 1.366343e-11 3.299152e-12 8.956212e-15 1.253066e-17 1.163591e-16 0.000000e+00 1.366957e-11 5.266786e-16 3.306809e-25 6.702689e-11 1.198614e-27 3.870051e-21 6.142111e-25 2.139782e-08 1.085989e-34 2.450835e-16 1.213404e-23 0.000000e+00 3.095837e-08 1.360587e-11 2.022756e-17 7.779349e-20 1.778870e-08 5.781851e-13 1.931227e-11 3.720016e-16 3.192804e-12 1.920644e-18 1.939796e-16 1.322217e-13 5.411757e-12 7.987780e-12 2.481382e-16 8.552042e-16 5.347220e-14 2.651729e-18 1.917081e-40 4.660136e-15 3.981882e-13 3.016871e-35 0.000000e+00 7.606027e-165 4.492077e-17
2.503286e-05 5.685955e-08 1.761389e-04 6.361943e-05 6.814127e-08 2.360997e-07 4.536624e-13 1.658464e-18 3.661055e-14 8.364369e-10 1.026672e-05 1.846914e-22 2.219639e-09 1.897760e-17 7.079202e-19 8.090712e-09 3.881600e-13 4.928379e-09 6.169471e-06 4.834411e-04 2.781098e-18 5.066799e-08 2.844511e-14 1.938902e-13 1.110549e-10 9.947051e-13 2.007851e-01 2.032360e-14 8.794741e-15 3.567172e-16 2.666329e-08 5.926545e-16 2.232910e-12 3.096493e-15 5.288361e-16 2.651924e-10 6.030228e-16 7.984726e-01 7.304967e-12 2.091466e-08 8.322920e-20 4.492532e-20 2.185606e-20 6.503003e-18 5.015794e-15 4.321953e-14 1.956215e-12 5.704991e-10 2.040646e-06 1.616200e-16 8.546001e-19 4.759621e-16 1.089641e-11 5.694548e-09 6.463188e-08 3.888686e-14 3.506997e-11 1.343281e-11 5.337120e-12 5.596937e-15 2.464018e-17 9.911980e-17 1.033311e-24 1.935465e-11 4.191399e-16 2.763584e-25 4.888467e-11 4.423474e-28 3.123521e-21 6.256325e-25 2.104602e-08 1.316856e-34 2.385469e-16 1.271132e-23 9.697025e-26 3.572033e-08 1.736615e-11 2.438287e-17 4.085245e-20 1.786513e-08 6.139766e-13 1.816323e-11 2.919067e-16 3.330126e-12 8.405613e-19 1.514380e-16 1.227845e-13 3.506402e-12 8.534443e-12 2.531694e-16 8.708062e-16 5.684926e-14 2.717492e-18 8.608384e-42 9.481913e-15 5.019148e-13 5.976664e-35 0.000000e+00 7.137148e-167 1.055126e-16
2.173488e-05 7.327677e-08 1.920790e-04 5.648873e-05 1.449078e-07 3.724710e-07 5.999016e-13 2.232975e-18 3.890661e-14 5.801355e-10 6.090742e-06 1.637169e-22 1.494317e-09 2.343411e-17 6.607578e-19 4.223804e-09 1.644199e-13 2.602698e-09 6.568261e-06 4.861177e-04 2.215571e-18 4.306978e-08 3.114835e-14 9.124734e-14 6.851480e-11 4.676958e-13 2.006639e-01 2.010634e-14 4.213493e-15 1.387629e-16 3.130423e-08 2.146724e-16 3.384651e-12 4.428308e-15 8.159217e-16 2.225385e-10 3.986994e-16 7.985863e-01 4.702746e-12 2.303577e-08 5.856845e-20 3.405990e-20 1.352315e-20 3.454163e-18 5.374985e-15 2.150008e-14 1.485312e-12 3.691480e-10 1.586411e-06 7.655023e-17 1.147498e-18 5.475651e-16 1.085698e-11 3.492750e-09 4.257693e-08 1.599220e-14 1.863646e-11 1.300044e-11 7.413324e-12 3.151481e-15 4.489653e-17 7.839969e-17 1.551637e-24 2.710150e-11 3.035496e-16 2.267322e-25 3.335343e-11 1.570594e-28 2.375161e-21 0.000000e+00 2.072488e-08 1.507849e-34 2.313141e-16 1.073522e-23 2.394278e-25 3.845225e-08 2.193492e-11 2.749426e-17 2.148403e-20 1.786737e-08 6.367944e-13 1.715500e-11 2.218354e-16 3.398698e-12 3.089768e-19 1.114743e-16 8.493677e-14 1.731160e-12 8.916489e-12 2.535688e-16 8.703707e-16 5.878115e-14 2.735974e-18 2.905698e-43 1.790179e-14 5.428148e-13 9.569574e-35 0.000000e+00 6.706075e-169 2.382966e-16
1.887140e-05 8.782037e-08 2.080219e-04 4.687499e-05 2.862618e-07 5.835385e-07 6.871142e-13 2.634264e-18 3.492050e-14 3.424431e-10 3.264958e-06 6.760363e-23 7.951223e-10 2.132188e-17 4.427848e-19 1.741789e-09 5.751113e-14 1.210702e-09 7.303126e-06 4.869164e-04 1.406730e-18 3.316030e-08 2.879634e-14 3.700430e-14 3.621938e-11 1.969107e-13 2.005290e-01 1.829468e-14 1.712520e-15 4.612130e-17 3.460387e-08 6.781854e-17 5.179005e-12 5.341478e-15 1.073133e-15 1.698931e-10 2.433267e-16 7.987163e-01 2.814296e-12 2.513917e-08 3.455227e-20 2.344457e-20 6.869153e-21 1.589540e-18 5.719530e-15 9.863771e-15 9.916899e-13 2.345931e-10 1.178384e-06 2.284061e-17 1.464671e-18 6.453938e-16 1.081268e-11 1.869856e-09 2.992769e-08 5.845604e-15 9.512762e-12 1.237391e-11 8.862650e-12 1.587285e-15 7.666595e-17 5.605560e-17 3.738968e-25 3.823580e-11 1.936073e-16 1.848903e-25 2.116098e-11 5.213911e-29 1.660085e-21 1.232990e-24 2.043423e-08 1.621979e-34 2.233393e-16 9.909589e-24 0.000000e+00 3.912568e-08 2.748911e-11 2.880531e-17 1.128533e-20 1.778878e-08 6.467589e-13 1.631556e-11 1.591845e-16 3.415998e-12 9.126614e-20 7.956321e-17 4.333280e-14 6.287696e-13 9.122573e-12 2.495456e-16 8.653468e-16 5.945333e-14 2.731666e-18 7.380084e-45 3.172501e-14 5.050199e-13 1.218650e-34 0.000000e+00 6.307436e-171 5.249169e-16
1.638517e-05 9.690425e-08 2.233760e-04 3.587888e-05 5.343088e-07 9.268050e-07 6.864700e-13 2.756240e-18 2.689338e-14 1.697602e-10 1.576071e-06 1.394591e-23 3.295577e-10 1.425117e-17 2.133627e-19 5.574965e-10 1.627755e-14 5.013344e-10 8.983057e-06 4.854193e-04 7.011010e-19 2.346938e-08 2.262838e-14 1.259439e-14 1.632218e-11 7.608268e-14 2.003775e-01 1.517495e-14 5.850193e-16 1.266079e-17 3.595554e-08 1.836443e-17 8.154147e-12 5.395855e-15 1.207867e-15 1.170453e-10 1.289852e-16 7.988647e-01 1.568756e-12 2.707491e-08 1.682464e-20 1.370995e-20 2.832399e-21 6.257547e-19 5.803583e-15 4.132786e-15 5.804468e-13 1.441413e-10 8.342084e-07 4.161908e-18 1.789326e-18 7.627080e-16 1.076316e-11 8.730414e-10 2.250045e-08 1.888455e-15 4.643840e-12 1.149469e-11 9.178029e-12 7.124056e-16 1.240674e-16 3.569411e-17 2.692193e-24 5.548480e-11 1.057229e-16 1.469141e-25 1.243017e-11 1.541004e-29 1.049047e-21 3.119132e-27 2.016806e-08 1.646614e-34 2.145842e-16 5.832698e-24 6.837086e-25 3.771089e-08 3.399608e-11 2.773056e-17 6.964315e-21 1.762770e-08 6.484092e-13 1.565766e-11 1.048952e-16 3.407395e-12 2.078456e-20 5.696742e-17 1.634889e-14 1.642371e-13 9.199548e-12 2.416068e-16 8.612733e-16 5.945223e-14 2.719869e-18 1.386642e-46 5.333866e-14 4.051900e-13 1.220056e-34 0.000000e+00 5.938773e-173 1.138577e-15
1.422649e-05 9.676341e-08 2.375017e-04 2.491532e-05 9.556798e-07 1.531299e-06 5.987536e-13 2.571687e-18 1.816062e-14 6.943353e-11 6.846194e-07 1.619167e-24 1.050680e-10 6.982266e-18 7.380820e-20 1.351681e-10 3.617168e-15 1.865948e-10 1.248164e-05 4.810735e-04 2.698827e-19 1.558086e-08 1.521927e-14 3.505406e-15 6.278947e-12 2.744131e-14 2.002060e-01 1.149962e-14 1.680741e-16 2.747537e-18 3.477049e-08 4.198371e-18 1.348989e-11 4.454707e-15 1.163876e-15 7.200885e-11 5.676783e-17 7.990340e-01 8.216953e-13 2.857335e-08 6.580915e-21 6.448300e-21 9.354883e-22 2.084687e-19 5.466754e-15 1.565498e-15 2.985629e-13 8.324185e-11 5.619342e-07 4.588148e-19 2.098246e-18 8.844829e-16 1.070809e-11 3.562423e-10 1.828974e-08 5.221665e-16 2.126349e-12 1.026866e-11 8.272089e-12 2.846980e-16 1.923279e-16 1.998098e-17 4.287068e-24 8.504462e-11 4.765407e-17 1.099115e-25 6.738319e-12 3.812552e-30 5.886108e-22 6.467757e-28 1.991255e-08 1.570062e-34 2.050185e-16 4.129443e-24 2.794779e-25 3.403130e-08 4.081815e-11 2.407642e-17 6.296705e-21 1.738746e-08 6.463468e-13 1.517633e-11 6.089167e-17 3.388949e-12 3.441799e-21 4.192936e-17 4.595625e-15 3.016197e-14 9.208464e-12 2.304658e-16 8.587786e-16 5.920878e-14 2.705393e-18 1.849066e-48 8.585129e-14 2.806753e-13 9.256651e-35 0.000000e+00 5.597598e-175 2.457981e-15
1.235221e-05 8.464285e-08 2.497576e-04 1.536130e-05 1.651244e-06 2.729271e-06 4.456618e-13 2.040907e-18 1.096795e-14 2.276997e-11 2.680304e-07 1.233678e-25 2.532706e-11 2.485518e-18 1.786991e-20 2.369921e-11 5.964219e-16 6.284581e-11 1.887355e-05 4.731109e-04 7.900182e-20 9.954605e-09 8.800052e-15 7.933065e-16 2.098707e-12 9.141982e-15 2.000109e-01 8.014311e-15 4.072582e-17 4.431157e-19 3.057936e-08 8.174024e-19 2.410789e-11 2.814301e-15 9.455953e-16 3.863931e-11 2.032999e-17 7.992267e-01 4.085094e-13 2.925117e-08 1.970298e-21 2.377081e-21 2.416664e-22 5.832734e-20 4.589749e-15 5.316099e-16 1.353078e-13 4.335090e-11 3.599532e-07 3.080490e-20 2.332281e-18 9.868565e-16 1.064729e-11 1.275752e-10 1.660865e-08 1.178862e-16 8.869941e-13 8.607722e-12 6.433146e-12 1.014791e-16 2.887626e-16 9.637584e-18 5.611205e-24 1.430299e-10 1.677345e-17 7.030587e-26 3.362028e-12 6.916651e-31 2.847986e-22 1.171833e-28 1.964080e-08 1.329492e-34 1.946315e-16 1.791733e-24 3.569608e-25 2.788161e-08 4.651285e-11 1.830617e-17 7.694661e-21 1.707560e-08 6.429368e-13 1.484912e-11 2.896915e-17 3.366406e-12 3.747233e-22 3.210390e-17 9.618353e-16 3.739285e-15 9.189931e-12 2.169926e-16 8.570322e-16 5.888406e-14 2.688923e-18 1.619188e-50 1.331032e-13 1.677739e-13 4.690749e-35 0.000000e+00 5.277619e-177 5.348326e-15
1.072485e-05 6.149859e-08 2.596620e-04 8.228622e-06 2.772065e-06 5.552320e-06 2.610487e-13 1.270086e-18 5.942940e-15 5.711008e-12 9.492180e-08 8.878660e-27 4.474344e-12 6.279072e-19 2.798481e-21 2.721454e-12 6.672916e-17 1.922428e-11 2.910451e-05 4.608066e-04 1.755616e-20 6.174615e-09 4.375914e-15 1.503726e-16 6.421313e-13 2.770916e-15 1.997882e-01 5.167427e-15 8.485896e-18 4.788500e-20 2.334453e-08 1.483085e-19 4.818546e-11 1.155759e-15 6.170994e-16 1.714684e-11 5.863254e-18 7.994451e-01 1.936987e-13 2.868183e-08 4.195113e-22 6.596637e-22 4.689694e-23 1.364620e-20 3.205825e-15 1.592071e-16 5.375942e-14 1.892936e-11 2.193294e-07 1.281306e-21 2.458727e-18 1.047669e-15 1.058077e-11 4.034156e-11 1.772540e-08 2.096577e-17 3.275039e-13 6.420258e-12 4.153267e-12 3.238980e-17 4.272149e-16 4.109901e-18 0.000000e+00 2.796162e-10 4.420529e-18 3.578382e-26 1.538679e-12 8.035345e-32 1.192106e-22 1.315763e-29 1.929039e-08 9.503425e-35 1.834394e-16 8.555380e-25 0.000000e+00 1.940047e-08 4.957190e-11 1.152053e-17 1.035362e-20 1.670138e-08 6.388867e-13 1.463775e-11 1.010096e-17 3.340858e-12 2.348230e-23 2.564149e-17 1.444423e-16 2.846344e-16 9.161299e-12 2.021459e-16 8.549517e-16 5.851089e-14 2.670331e-18 8.153601e-53 1.999179e-13 8.672237e-14 1.278248e-35 0.000000e+00 4.977432e-179 1.174862e-14
9.311897e-06 3.607934e-08 2.671421e-04 3.859774e-06 4.483314e-06 1.331487e-05 1.019292e-13 5.043503e-19 2.807531e-15 1.070897e-12 3.056811e-08 6.095672e-28 5.732315e-13 1.119355e-19 2.736873e-22 1.918305e-13 4.897158e-18 5.348332e-12 4.330302e-05 4.441677e-04 3.116997e-21 3.267990e-09 1.912370e-15 2.602019e-17 1.940618e-13 7.478213e-16 1.995325e-01 3.101900e-15 1.546186e-18 3.297738e-21 1.475048e-08 3.293782e-20 1.069088e-10 2.393891e-16 2.962139e-16 5.817315e-12 1.383898e-18 7.996910e-01 8.744515e-14 2.662069e-08 6.001340e-23 1.344687e-22 6.538952e-24 2.686702e-21 1.752410e-15 4.142650e-17 1.839591e-14 6.474677e-12 1.272945e-07 3.525218e-23 2.423633e-18 1.048088e-15 1.050884e-11 1.136458e-11 2.332192e-08 3.379243e-18 1.068301e-13 3.968280e-12 2.088412e-12 9.308580e-18 6.448939e-16 1.953946e-18 3.191312e-24 6.483820e-10 9.967539e-19 1.219838e-26 6.424337e-13 4.866167e-33 5.234034e-23 8.805525e-30 1.869630e-08 5.234901e-35 1.714958e-16 3.771395e-25 4.840745e-25 1.070948e-08 4.988591e-11 5.822891e-18 1.362599e-20 1.627247e-08 6.342990e-13 1.449568e-11 2.411097e-18 3.312250e-12 9.233844e-25 2.136432e-17 1.434755e-17 1.188066e-17 9.127525e-12 1.869158e-16 8.514300e-16 5.809004e-14 2.649407e-18 1.999216e-55 2.916127e-13 3.896215e-14 1.349615e-36 0.000000e+00 4.690977e-181 2.600192e-14
8.085092e-06 2.048467e-08 2.728033e-04 1.726069e-06 6.945391e-06 3.205317e-05 2.618152e-14 1.311332e-19 1.144515e-15 1.787017e-13 9.013163e-09 2.605027e-29 6.329139e-14 1.682709e-20 3.279936e-23 1.316988e-14 3.472379e-19 1.356025e-12 6.051847e-05 4.242234e-04 5.399649e-22 1.122961e-09 8.164901e-16 4.613329e-18 5.857868e-14 1.820938e-16 1.992363e-01 1.741962e-15 2.540538e-19 2.013775e-22 8.699809e-09 1.048437e-20 2.285411e-10 3.109028e-17 1.023158e-16 1.509138e-12 3.238125e-19 7.999652e-01 3.743567e-14 2.346734e-08 6.649119e-24 2.420432e-23 7.318784e-25 4.511383e-22 8.686461e-16 1.003441e-17 5.394995e-15 1.982113e-12 7.052026e-08 7.141887e-25 2.307931e-18 1.004662e-15 1.043199e-11 2.882776e-12 3.217387e-08 7.082408e-19 3.159031e-14 2.046843e-12 8.279758e-13 2.426147e-18 1.028330e-15 1.530387e-18 1.129725e-24 1.466031e-09 3.050439e-19 2.893873e-27 2.434424e-13 1.833128e-34 3.637647e-23 2.552806e-30 1.763420e-08 2.699533e-35 1.588863e-16 1.582080e-25 1.558542e-25 4.941495e-09 4.841598e-11 2.774540e-18 1.669862e-20 1.579255e-08 6.291442e-13 1.438295e-11 5.556449e-19 3.280363e-12 4.589723e-26 1.850327e-17 9.628902e-19 3.100717e-19 9.089297e-12 1.720938e-16 8.455695e-16 5.761737e-14 2.625933e-18 2.380452e-58 4.149392e-13 1.543126e-14 8.601534e-38 0.000000e+00 4.423238e-183 5.676556e-14
7.019914e-06 1.467035e-08 2.773494e-04 8.639449e-07 1.061581e-05 6.087179e-05 6.134651e-15 2.875805e-20 4.126352e-16 3.409440e-14 2.451971e-09 9.098337e-31 8.693638e-15 3.081881e-21 1.483379e-23 1.638398e-15 3.739111e-20 3.150081e-13 7.969172e-05 4.020813e-04 1.145781e-22 2.855579e-10 3.233360e-16 9.496048e-19 1.706236e-14 3.937533e-17 1.988970e-01 9.170058e-16 4.044617e-20 1.799954e-23 6.225676e-09 4.189901e-21 4.217797e-10 9.664517e-18 2.828940e-17 3.307112e-13 9.507032e-20 8.002713e-01 1.519832e-14 2.023391e-08 7.495419e-25 6.289888e-24 8.239332e-26 6.519230e-23 5.258073e-16 2.765559e-18 1.380518e-15 7.617721e-13 3.740067e-08 1.160925e-26 2.090240e-18 9.206517e-16 1.035093e-11 6.650538e-13 3.599762e-08 2.207233e-19 8.639740e-15 1.015691e-12 2.867454e-13 5.780946e-19 1.632705e-15 1.621813e-18 2.069834e-24 2.511805e-09 1.532605e-19 5.197183e-28 8.446735e-14 6.097393e-36 3.745914e-23 3.637786e-30 1.632370e-08 1.561801e-35 1.457402e-16 5.924159e-26 3.713761e-25 2.228644e-09 4.569219e-11 1.659735e-18 1.904239e-20 1.526268e-08 6.233803e-13 1.427881e-11 2.029784e-19 3.245006e-12 4.495292e-27 1.659740e-17 6.344256e-20 7.340663e-21 9.046385e-12 1.580788e-16 8.368998e-16 5.708887e-14 2.599713e-18 2.815294e-61 5.750127e-13 5.467428e-15 1.513668e-38 0.000000e+00 4.165145e-185 1.213058e-13
6.095068e-06 1.254722e-08 2.810728e-04 5.613169e-07 1.635516e-05 9.640391e-05 1.476545e-15 6.441949e-21 1.334708e-16 7.138001e-15 6.215376e-10 3.398196e-32 1.500649e-15 6.976661e-22 1.548334e-23 2.798005e-16 5.291833e-21 6.770924e-14 1.003248e-04 3.782722e-04 2.807221e-23 6.646698e-11 1.304308e-16 2.151985e-19 4.737835e-15 7.798163e-18 1.985132e-01 4.517763e-16 6.682008e-21 2.122580e-24 5.300227e-09 1.909198e-21 7.240901e-10 1.035529e-17 6.999125e-18 6.692259e-14 3.427605e-20 8.006136e-01 5.880347e-15 1.755738e-08 8.546468e-26 2.743608e-24 9.271686e-27 8.075862e-24 3.866156e-16 1.054215e-18 3.167218e-16 3.673084e-13 1.906679e-08 1.611189e-28 1.880481e-18 8.303376e-16 1.026646e-11 1.407660e-13 3.334677e-08 8.763297e-20 2.217497e-15 5.286842e-13 9.415382e-14 1.278953e-19 2.482427e-15 1.857862e-18 1.626727e-24 3.529160e-09 1.011521e-19 8.627817e-29 2.722539e-14 2.095787e-37 4.651558e-23 2.438225e-30 1.502197e-08 1.070299e-35 1.322212e-16 1.890988e-26 2.911826e-25 1.095237e-09 4.187815e-11 1.180019e-18 2.149303e-20 1.468287e-08 6.169661e-13 1.417565e-11 1.061369e-19 3.206002e-12 6.307754e-28 1.531338e-17 1.882727e-20 1.949331e-22 8.998439e-12 1.451381e-16 8.251097e-16 5.650074e-14 2.570564e-18 6.738803e-62 7.797195e-13 1.767976e-15 1.089634e-38 0.000000e+00 3.925614e-187 2.454796e-13
5.292068e-06 1.161634e-08 2.837901e-04 4.652326e-07 2.511722e-05 1.403249e-04 3.544725e-16 1.299098e-21 3.865761e-17 1.500146e-15 1.481944e-10 1.140839e-33 2.784524e-16 1.667710e-22 1.874807e-23 5.069028e-17 8.061686e-22 1.359992e-14 1.222049e-04 3.530384e-04 7.405922e-24 1.516741e-11 7.787884e-17 4.965685e-20 1.254896e-15 1.387133e-18 1.980806e-01 2.113075e-16 1.057175e-21 2.784246e-25 4.882702e-09 9.629177e-22 1.500999e-09 1.933334e-17 1.794121e-18 1.447007e-14 1.657675e-20 8.009944e-01 2.181312e-15 1.550751e-08 9.027135e-27 1.632727e-24 9.530350e-28 8.656096e-25 3.141152e-16 6.207447e-19 6.671450e-17 2.013767e-13 9.384997e-09 2.221474e-30 1.609997e-18 7.189328e-16 1.017970e-11 2.762892e-14 2.900384e-08 3.939339e-20 5.431661e-16 2.953554e-13 3.272572e-14 3.010345e-20 3.622049e-15 2.115936e-18 3.999441e-24 4.480821e-09 7.345866e-20 9.455290e-30 8.269522e-15 4.989746e-39 7.544841e-23 5.110378e-30 1.376612e-08 6.951188e-36 1.185287e-16 5.203365e-27 7.130062e-25 6.130338e-10 3.721268e-11 9.208029e-19 2.320391e-20 1.405359e-08 6.098639e-13 1.407016e-11 6.457373e-20 3.163215e-12 9.865125e-29 1.444340e-17 1.775328e-20 5.847723e-24 8.945102e-12 1.336924e-16 8.097712e-16 5.584951e-14 2.538323e-18 2.683005e-62 1.031919e-12 5.280647e-16 1.316318e-38 0.000000e+00 3.694157e-189 4.673286e-13
4.594859e-06 9.998220e-09 2.852201e-04 4.084828e-07 3.794612e-05 2.176603e-04 7.457035e-17 2.295678e-22 9.854679e-18 2.772984e-16 3.361790e-11 3.004060e-35 4.653512e-17 3.541070e-23 2.311232e-23 8.134132e-18 1.104855e-22 2.583743e-15 1.452463e-04 3.264933e-04 1.993739e-24 3.095251e-12 8.208180e-17 1.046172e-20 3.199403e-16 2.314921e-19 1.975805e-01 9.812935e-17 1.632468e-22 3.082918e-26 4.172434e-09 5.525582e-22 7.578174e-09 8.390354e-17 6.373137e-19 4.683778e-15 2.277789e-20 8.014064e-01 7.820264e-16 1.363665e-08 7.842827e-28 1.158975e-24 8.027888e-29 8.122711e-26 2.346794e-16 4.996212e-19 1.371912e-17 1.018216e-13 4.485821e-09 3.408113e-32 1.377257e-18 6.189450e-16 1.009157e-11 5.088358e-15 2.730781e-08 1.721452e-20 1.283187e-16 1.604743e-13 1.770757e-14 2.665954e-20 5.334750e-15 2.269967e-18 5.042233e-25 5.765768e-09 4.758168e-20 3.856110e-31 2.368844e-15 4.030751e-41 2.634542e-22 5.526148e-31 1.215617e-08 4.114724e-36 1.048812e-16 1.293145e-27 8.954528e-26 3.411649e-10 3.193938e-11 6.437148e-19 2.343017e-20 1.337595e-08 6.020336e-13 1.396011e-11 3.427513e-20 3.116486e-12 1.204462e-29 1.382731e-17 1.729024e-20 1.571477e-25 8.885929e-12 1.242247e-16 7.904183e-16 5.513150e-14 2.502821e-18 1.029396e-62 1.341187e-12 1.483367e-16 3.436306e-38 0.000000e+00 3.481583e-191 8.155042e-13
3.989505e-06 7.452586e-09 2.851543e-04 3.284816e-07 5.549743e-05 3.850397e-04 1.264665e-17 3.244335e-23 2.159039e-18 4.252983e-17 7.321400e-12 5.230255e-37 6.502957e-18 6.199116e-24 2.719865e-23 1.082255e-18 1.292969e-23 4.686832e-16 1.693249e-04 2.987835e-04 5.973977e-25 5.277604e-13 1.100339e-16 1.918166e-21 7.906585e-17 3.643763e-20 1.969743e-01 5.190494e-17 2.491042e-23 2.717026e-27 3.053972e-09 3.684429e-22 7.031092e-08 5.706139e-16 3.589712e-19 2.796307e-15 9.177622e-20 8.018314e-01 2.727376e-16 1.079417e-08 1.175229e-28 1.047949e-24 5.263478e-30 6.825799e-27 1.342062e-16 4.363530e-19 4.181436e-18 3.983577e-14 2.091778e-09 5.289275e-34 1.166591e-18 5.285067e-16 1.000271e-11 8.894003e-16 3.036944e-08 6.305101e-21 2.895665e-17 7.423200e-14 2.839117e-14 2.550545e-20 8.026246e-15 2.129216e-18 0.000000e+00 7.614143e-09 2.403029e-20 7.154420e-33 6.343847e-16 1.238731e-43 1.295816e-21 0.000000e+00 9.964459e-09 1.992398e-36 9.148410e-17 2.914445e-28 0.000000e+00 1.622122e-10 2.632815e-11 3.630834e-19 2.050744e-20 1.265052e-08 5.934150e-13 1.384289e-11 1.378491e-20 3.065544e-12 9.450117e-31 1.336503e-17 1.114032e-20 3.195899e-27 8.820243e-12 1.171471e-16 7.666201e-16 5.434121e-14 2.463800e-18 3.418195e-63 1.713151e-12 3.961053e-17 1.190534e-37 0.000000e+00 3.284193e-193 1.310399e-12
3.463904e-06 5.031701e-09 2.838154e-04 2.354045e-07 7.766489e-05 7.408033e-04 1.947303e-18 6.765260e-24 4.105246e-19 5.739293e-18 1.544620e-12 1.267317e-38 8.032921e-19 9.460085e-25 3.031509e-23 1.258428e-19 1.404875e-24 8.193694e-17 1.942093e-04 2.701622e-04 2.307880e-25 7.714040e-14 1.494982e-16 3.167335e-22 1.903886e-17 5.537920e-21 1.961977e-01 3.923962e-17 3.905156e-24 2.595037e-28 1.968552e-09 2.799138e-22 5.629334e-07 2.939498e-15 2.214798e-19 2.220009e-15 3.305890e-19 8.022347e-01 9.328959e-17 7.573515e-09 6.505031e-28 1.036376e-24 2.851287e-31 5.289217e-28 6.016663e-17 3.660372e-19 4.218209e-18 1.282824e-14 9.565395e-10 9.970391e-36 9.954464e-19 4.541333e-16 9.913274e-12 1.493335e-16 3.822696e-08 1.982248e-21 6.221373e-18 2.877359e-14 7.729973e-14 2.851051e-20 1.179559e-14 1.683226e-18 0.000000e+00 9.614782e-09 9.506068e-21 1.850993e-34 1.569021e-16 4.095789e-46 4.259597e-21 0.000000e+00 7.609434e-09 8.523242e-37 7.854481e-17 5.819558e-29 0.000000e+00 6.421147e-11 2.072663e-11 1.724087e-19 1.515596e-20 1.187850e-08 5.839372e-13 1.371559e-11 4.627909e-21 3.010050e-12 5.033308e-32 1.299140e-17 3.275444e-21 5.429684e-29 8.747172e-12 1.126751e-16 7.381502e-16 5.347215e-14 2.420967e-18 1.006701e-63 2.157235e-12 1.016251e-17 2.886532e-37 0.000000e+00 3.103381e-195 1.952904e-12
3.007548e-06 3.373380e-09 2.816427e-04 1.565961e-07 1.039695e-04 1.413935e-03 1.058121e-18 1.762597e-23 7.131986e-20 7.539166e-19 3.181464e-13 1.401321e-38 1.138283e-19 1.632304e-25 3.174485e-23 1.416449e-20 1.553334e-25 1.391585e-17 2.197017e-04 2.408471e-04 1.147422e-25 1.070872e-14 1.946881e-16 5.069507e-23 4.485250e-18 8.234545e-22 1.951674e-01 4.324802e-17 7.115428e-25 4.285955e-29 1.216586e-09 2.326063e-22 3.173456e-06 1.023915e-14 1.474958e-19 1.834678e-15 8.486724e-19 8.025691e-01 3.178614e-17 5.313538e-09 3.124555e-27 9.106824e-25 1.421447e-32 3.892195e-29 2.671585e-17 2.932976e-19 6.856937e-18 4.551440e-15 4.313852e-10 1.238930e-36 8.588122e-19 3.942608e-16 9.822927e-12 2.434636e-17 4.960390e-08 6.788872e-22 1.291084e-18 1.041008e-14 1.964814e-13 4.163050e-20 1.619295e-14 1.165724e-18 6.167943e-26 1.103750e-08 3.361191e-21 5.784080e-35 3.553928e-17 1.506344e-47 8.696136e-21 2.790636e-32 5.826344e-09 3.553609e-37 6.625835e-17 1.036781e-29 1.085192e-26 2.252471e-11 1.556632e-11 8.125020e-20 9.873871e-21 1.106141e-08 5.735163e-13 1.357541e-11 1.560336e-21 2.949586e-12 2.281603e-33 1.266593e-17 8.124368e-22 2.621550e-30 8.665653e-12 1.107201e-16 7.050827e-16 5.251668e-14 2.373971e-18 2.671378e-64 2.682288e-12 2.524708e-18 4.837098e-37 0.000000e+00 2.937259e-197 2.732689e-12
2.611316e-06 2.353700e-09 2.790194e-04 1.010585e-07 1.340790e-04 2.552340e-03 3.539827e-18 8.712575e-23 1.253559e-20 1.019491e-19 6.443906e-14 1.845545e-37 3.458911e-20 5.940125e-26 3.092969e-23 1.638096e-21 1.798889e-26 2.313051e-18 2.456131e-04 2.110519e-04 6.636958e-26 1.526284e-15 2.423544e-16 8.249475e-24 1.038684e-18 1.204029e-22 1.937891e-01 5.517593e-17 2.796640e-25 1.211992e-29 7.610107e-10 2.044676e-22 1.296703e-05 2.625389e-14 2.973278e-19 1.530933e-15 1.667172e-18 8.027757e-01 1.131815e-17 3.901645e-09 8.967432e-27 7.187246e-25 7.017694e-34 2.800794e-30 1.381689e-17 2.313492e-19 1.048168e-17 2.061196e-15 1.937007e-10 5.067639e-37 7.437073e-19 3.438022e-16 9.730931e-12 3.892555e-18 6.296300e-08 2.877693e-22 2.635837e-19 3.844473e-15 4.269552e-13 2.301152e-20 2.079871e-14 7.558256e-19 0.000000e+00 1.166891e-08 1.205734e-21 6.031700e-35 7.375660e-18 0.000000e+00 1.271581e-20 0.000000e+00 4.823999e-09 1.494495e-37 5.481334e-17 1.814999e-30 7.528978e-31 7.491530e-12 1.124751e-11 4.309353e-20 6.045552e-21 1.020218e-08 5.620704e-13 1.341998e-11 5.798046e-22 2.883739e-12 1.048445e-34 1.236333e-17 2.494588e-22 2.107863e-30 8.574551e-12 1.109291e-16 6.677982e-16 5.146730e-14 2.322480e-18 6.538586e-65 3.294507e-12 6.115788e-19 6.283014e-37 0.000000e+00 2.782369e-199 3.633181e-12
2.267286e-06 1.717332e-09 2.762372e-04 6.517439e-08 1.679768e-04 4.320049e-03 1.320471e-17 3.942255e-22 3.681442e-21 1.447484e-20 1.292378e-14 2.490369e-36 2.432309e-20 4.916066e-26 2.857887e-23 2.350071e-22 2.190562e-27 3.789361e-19 2.716772e-04 1.810733e-04 4.225606e-26 2.295287e-16 2.908777e-16 9.111332e-25 2.377073e-19 1.758101e-23 1.919591e-01 6.997396e-17 2.622974e-26 0.000000e+00 4.901245e-10 1.860921e-22 4.120606e-05 5.409687e-14 1.550208e-18 1.318897e-15 2.711812e-18 8.027825e-01 4.794027e-18 3.014859e-09 1.817732e-26 5.363888e-25 0.000000e+00 2.130742e-31 9.232152e-18 1.822530e-19 1.452357e-17 1.168865e-15 8.845290e-11 2.505741e-37 6.537784e-19 3.041769e-16 9.636133e-12 6.151602e-19 7.648870e-08 1.487339e-22 5.415261e-20 1.519588e-15 8.113690e-13 0.000000e+00 2.557388e-14 4.826888e-19 4.243086e-24 1.173563e-08 4.674972e-22 7.392658e-35 1.408671e-18 0.000000e+00 1.515811e-20 2.134158e-30 4.365367e-09 6.625929e-38 4.437504e-17 5.231369e-31 7.448409e-25 2.476783e-12 7.962926e-12 2.603335e-20 3.676667e-21 9.343024e-09 5.495189e-13 1.324705e-11 2.414613e-22 2.812100e-12 5.258660e-36 1.206670e-17 9.565817e-23 5.084272e-30 8.472651e-12 1.127849e-16 6.268809e-16 5.031664e-14 2.266171e-18 1.718345e-65 4.005169e-12 1.456348e-19 7.137733e-37 0.000000e+00 2.638383e-201 4.444567e-12
1.968580e-06 1.296617e-09 2.734981e-04 4.272674e-08 2.059619e-04 6.891347e-03 4.408386e-17 1.662213e-21 4.071304e-21 2.199691e-21 2.581374e-15 2.779198e-35 2.162270e-20 5.055617e-26 2.593103e-23 2.741498e-23 2.805046e-28 6.154248e-20 2.974589e-04 1.513792e-04 2.920505e-26 3.828772e-17 3.396948e-16 2.431898e-25 5.400772e-20 2.615306e-24 1.895676e-01 8.462237e-17 2.461582e-25 2.039536e-30 3.255364e-10 1.730378e-22 1.083279e-04 9.545356e-14 7.478295e-18 1.195039e-15 3.863416e-18 8.025042e-01 2.870123e-18 2.443857e-09 0.000000e+00 3.878774e-25 0.000000e+00 3.465848e-32 7.990633e-18 1.434006e-19 1.881083e-17 7.685027e-16 4.312675e-11 1.516737e-37 5.953491e-19 2.779067e-16 9.537048e-12 9.655420e-20 8.800817e-08 8.729153e-23 1.157407e-20 6.505204e-16 1.388088e-12 0.000000e+00 3.072897e-14 3.127959e-19 2.683064e-27 1.151478e-08 1.990649e-22 1.040333e-34 2.479675e-19 0.000000e+00 1.605973e-20 2.943673e-30 4.163434e-09 3.258887e-38 3.506464e-17 5.669414e-31 4.029190e-31 8.369402e-13 5.652380e-12 1.698180e-20 2.307013e-21 8.532053e-09 5.357724e-13 1.305429e-11 1.117180e-22 2.734209e-12 2.975686e-37 1.176467e-17 4.364465e-23 1.418808e-29 8.358575e-12 1.157003e-16 5.829872e-16 4.905653e-14 2.204689e-18 5.838969e-66 4.832613e-12 3.436252e-20 7.862514e-37 0.000000e+00 2.505572e-203 4.918843e-12
1.709227e-06 1.006541e-09 2.708504e-04 2.863788e-08 2.484856e-04 1.043331e-02 1.308851e-16 6.238474e-21 7.520443e-21 3.950749e-22 5.158653e-16 2.384665e-34 1.940079e-20 5.145452e-26 2.284524e-23 5.013645e-24 3.742613e-29 9.954363e-21 3.222675e-04 1.227032e-04 2.115992e-26 9.458307e-18 3.876340e-16 4.420824e-26 1.222761e-20 3.859863e-25 1.865109e-01 9.689094e-17 2.708427e-25 9.876089e-31 2.229126e-10 1.629896e-22 2.466523e-04 1.510007e-13 2.918996e-17 1.135735e-15 5.019329e-18 8.018446e-01 2.383040e-18 2.059788e-09 2.510002e-25 2.927585e-25 1.925528e-26 2.648733e-32 8.112813e-18 1.095237e-19 2.287846e-17 5.489401e-16 2.456516e-11 9.984465e-38 5.493634e-19 2.573529e-16 9.432249e-12 1.511781e-20 9.679744e-08 5.461998e-23 2.711700e-21 3.008464e-16 2.181612e-12 0.000000e+00 3.646899e-14 2.077207e-19 0.000000e+00 1.116950e-08 9.329964e-23 1.514853e-34 4.054735e-20 0.000000e+00 1.587747e-20 4.714027e-26 4.048808e-09 1.675742e-38 2.696855e-17 1.030174e-30 0.000000e+00 2.964288e-13 4.104064e-12 1.159715e-20 1.494276e-21 7.769984e-09 5.207539e-13 1.283948e-11 5.648997e-23 2.649696e-12 2.131514e-38 1.145006e-17 2.265220e-23 3.605568e-29 8.230971e-12 1.190765e-16 5.368527e-16 4.767993e-14 2.137740e-18 2.249695e-66 5.782747e-12 8.072516e-21 8.288866e-37 0.000000e+00 2.378260e-205 5.045878e-12
1.484044e-06 7.957226e-10 2.683461e-04 1.965730e-08 2.961841e-04 1.511038e-02 3.466793e-16 2.109792e-20 1.376678e-20 1.258317e-22 1.036719e-16 1.593613e-33 1.718408e-20 5.075036e-26 1.989267e-23 1.595628e-24 5.202070e-30 1.611850e-21 3.452154e-04 9.597687e-05 1.594617e-26 5.446452e-18 4.339540e-16 8.338425e-27 2.770748e-21 0.000000e+00 1.826902e-01 1.059596e-16 2.689994e-25 5.130370e-31 1.566908e-10 1.546695e-22 5.025687e-04 2.204349e-13 9.424397e-17 1.162086e-15 6.096231e-18 8.006910e-01 2.279181e-18 1.794394e-09 1.030984e-23 5.262863e-25 9.327251e-25 2.799051e-32 8.757085e-18 8.188189e-20 2.643968e-17 4.115802e-16 1.780298e-11 7.216474e-38 5.152525e-19 2.420347e-16 9.320302e-12 2.372003e-21 1.019691e-07 3.353488e-23 7.424019e-22 1.482567e-16 3.187633e-12 0.000000e+00 4.306007e-14 1.419565e-19 0.000000e+00 1.079230e-08 4.741947e-23 2.258382e-34 6.059773e-21 0.000000e+00 1.508090e-20 1.298719e-23 3.925845e-09 9.018876e-39 2.013086e-17 2.067022e-30 0.000000e+00 1.112825e-13 3.074517e-12 8.027904e-21 1.004472e-21 7.049122e-09 5.044121e-13 1.260063e-11 3.083615e-23 2.558340e-12 2.889293e-39 1.111790e-17 1.295127e-23 8.169253e-29 8.088588e-12 1.223308e-16 4.892967e-16 4.618215e-14 2.065153e-18 1.012118e-66 6.878603e-12 1.901309e-21 8.599255e-37 0.000000e+00 2.254984e-207 4.866842e-12
1.288527e-06 6.355647e-10 2.660079e-04 1.380707e-08 3.498658e-04 2.108157e-02 8.235540e-16 6.537866e-20 2.351199e-20 9.601301e-23 2.104415e-17 8.527598e-33 1.516929e-20 4.906082e-26 1.740598e-23 8.184095e-25 7.580249e-31 2.624415e-22 3.654129e-04 7.211773e-05 1.245266e-26 5.447552e-18 4.781266e-16 1.630881e-27 6.307504e-22 0.000000e+00 1.780132e-01 1.119362e-16 1.531459e-24 2.802566e-31 1.125358e-10 1.473176e-22 9.385519e-04 3.029188e-13 2.587486e-16 1.333287e-15 7.038961e-18 7.989132e-01 2.222968e-18 1.608480e-09 2.907176e-25 1.649621e-25 2.131887e-26 2.770052e-32 9.538717e-18 6.109045e-20 2.928696e-17 3.187336e-16 1.610202e-11 5.852108e-38 4.931556e-19 2.319649e-16 9.199702e-12 3.742849e-22 1.030492e-07 2.492617e-23 2.459038e-22 7.661831e-17 4.361343e-12 0.000000e+00 5.079458e-14 9.984491e-20 0.000000e+00 1.042316e-08 2.567476e-23 2.934516e-34 0.000000e+00 0.000000e+00 1.399994e-20 0.000000e+00 3.753660e-09 5.102096e-39 1.453825e-17 1.079861e-26 1.448331e-27 4.419976e-14 2.365511e-12 5.523266e-21 7.019563e-22 6.355987e-09 4.867114e-13 1.233587e-11 1.804769e-23 2.460016e-12 9.903591e-40 1.076466e-17 7.966216e-24 1.669112e-28 7.930205e-12 1.249296e-16 4.411501e-16 4.455995e-14 1.986832e-18 5.471749e-67 8.169877e-12 4.518309e-22 8.982156e-37 0.000000e+00 2.134349e-209 4.466333e-12
1.118769e-06 5.105968e-10 2.638192e-04 9.897628e-09 4.104590e-04 2.848926e-02 1.766400e-15 1.851817e-19 3.735619e-20 1.072202e-22 4.330288e-18 3.702398e-32 1.340816e-20 4.729771e-26 1.533944e-23 5.149404e-25 1.172787e-31 4.312365e-23 3.821288e-04 5.185761e-05 9.980588e-27 6.080826e-18 5.195699e-16 3.314071e-28 1.447015e-22 2.460834e-25 1.724032e-01 1.151383e-16 0.000000e+00 1.590026e-31 8.227704e-11 1.404641e-22 1.634977e-03 3.976499e-13 6.182493e-16 1.741506e-15 7.823035e-18 7.963642e-01 2.125404e-18 1.475904e-09 0.000000e+00 0.000000e+00 0.000000e+00 2.546813e-32 1.028126e-17 4.599994e-20 3.112725e-17 2.524392e-16 1.641465e-11 5.252802e-38 4.789321e-19 2.254312e-16 9.068982e-12 5.958961e-23 1.003564e-07 1.657808e-23 9.617477e-23 4.101337e-17 5.617987e-12 0.000000e+00 5.996854e-14 7.206139e-20 5.917177e-25 1.006954e-08 1.461719e-23 3.754418e-34 7.415856e-23 0.000000e+00 1.282048e-20 0.000000e+00 3.525779e-09 2.970700e-39 1.012394e-17 0.000000e+00 2.619750e-25 1.846366e-14 1.847194e-12 3.756468e-21 5.072476e-22 5.673152e-09 4.676427e-13 1.204352e-11 1.129726e-23 2.354759e-12 5.204470e-40 1.038799e-17 5.177537e-24 3.094837e-28 7.754724e-12 1.264133e-16 3.932463e-16 4.281252e-14 1.902807e-18 3.408700e-67 9.754942e-12 1.088850e-22 9.424077e-37 0.000000e+00 2.013954e-211 3.977238e-12
9.713753e-07 4.109984e-10 2.617702e-04 7.220802e-09 4.790431e-04 3.744774e-02 3.449248e-15 4.842110e-19 5.549572e-20 1.255509e-22 9.061287e-19 1.342825e-31 1.198605e-20 4.444455e-26 1.369613e-23 3.498380e-25 2.008503e-32 7.173822e-24 3.949282e-04 3.559534e-05 8.179678e-27 6.674862e-18 5.581679e-16 7.069089e-29 3.354504e-23 0.000000e+00 1.658073e-01 1.159710e-16 9.806162e-26 9.276034e-32 6.103133e-11 1.338160e-22 2.691599e-03 5.039334e-13 1.310692e-15 2.513156e-15 8.443028e-18 7.928819e-01 1.977828e-18 1.380461e-09 0.000000e+00 6.358630e-26 0.000000e+00 2.207032e-32 1.090698e-17 3.533479e-20 3.185136e-17 2.033151e-16 1.733147e-11 5.354579e-38 4.717697e-19 2.219497e-16 8.926745e-12 9.603950e-24 9.434465e-08 1.216737e-23 4.191642e-23 2.250665e-17 6.853157e-12 0.000000e+00 7.094884e-14 5.322512e-20 0.000000e+00 9.728962e-09 8.652917e-24 8.096947e-34 4.399274e-23 0.000000e+00 1.165380e-20 5.934002e-29 3.247166e-09 1.767893e-39 6.774190e-18 0.000000e+00 0.000000e+00 8.043855e-15 1.446105e-12 2.513438e-21 3.779627e-22 5.001725e-09 4.472320e-13 1.172234e-11 7.589474e-24 2.242802e-12 2.991026e-40 9.986644e-18 3.509354e-24 5.291884e-28 7.561263e-12 1.264202e-16 3.464000e-16 4.094223e-14 1.813267e-18 2.433171e-67 1.182917e-11 2.673634e-23 1.000311e-36 0.000000e+00 1.892386e-213 3.459604e-12
8.434005e-07 3.312196e-10 2.598312e-04 5.340991e-09 5.567627e-04 4.801953e-02 6.184804e-15 1.152490e-18 7.744504e-20 1.431977e-22 1.933277e-19 4.079934e-31 1.075984e-20 4.203149e-26 1.227387e-23 2.457476e-25 4.167613e-33 1.211198e-24 4.037325e-04 2.333598e-05 6.772497e-27 7.073107e-18 5.936834e-16 1.634813e-29 7.875069e-24 0.000000e+00 1.582125e-01 1.145455e-16 2.887853e-25 5.539880e-32 4.583457e-11 1.271951e-22 4.228250e-03 6.217617e-13 2.506026e-15 3.776533e-15 8.913699e-18 7.882960e-01 1.797157e-18 1.308087e-09 0.000000e+00 0.000000e+00 0.000000e+00 1.834466e-32 1.139694e-17 2.759624e-20 3.130561e-17 1.653329e-16 1.816686e-11 5.574989e-38 4.658559e-19 2.190014e-16 8.771778e-12 1.573207e-24 8.607132e-08 8.737376e-24 1.939112e-23 1.257870e-17 7.976303e-12 0.000000e+00 8.411778e-14 4.006123e-20 0.000000e+00 9.389197e-09 5.299451e-24 1.184633e-33 3.410603e-23 0.000000e+00 1.054145e-20 0.000000e+00 2.934111e-09 1.039527e-39 4.340377e-18 1.900282e-29 0.000000e+00 3.643297e-15 1.124659e-12 1.662542e-21 2.877756e-22 4.351560e-09 4.255503e-13 1.137167e-11 5.477330e-24 2.124629e-12 1.745780e-40 9.560470e-18 2.454686e-24 8.355581e-28 7.349290e-12 1.247089e-16 3.013836e-16 3.895564e-14 1.718602e-18 1.827963e-67 1.469904e-11 6.712107e-24 1.053456e-36 0.000000e+00 1.767521e-215 2.937529e-12
7.322859e-07 2.674293e-10 2.579844e-04 3.990627e-09 6.448136e-04 6.019478e-02 1.027476e-14 2.447546e-18 1.020567e-19 1.574804e-22 4.218452e-20 1.033539e-30 9.635738e-21 3.949078e-26 1.088470e-23 1.750152e-25 1.194599e-33 2.079821e-25 4.088138e-04 1.470172e-05 5.588209e-27 7.268571e-18 6.259156e-16 4.438449e-30 1.875757e-24 0.000000e+00 1.496594e-01 1.109952e-16 2.799585e-25 3.381743e-32 3.479958e-11 1.205046e-22 6.383083e-03 7.517401e-13 4.383106e-15 5.632055e-15 9.259109e-18 7.824364e-01 1.602707e-18 1.247348e-09 6.169126e-24 2.459162e-25 5.512051e-25 1.487900e-32 1.176086e-17 2.172976e-20 2.950746e-17 1.347302e-16 1.857676e-11 0.000000e+00 4.544760e-19 2.138127e-16 8.603128e-12 2.635181e-25 7.665703e-08 6.215321e-24 9.257221e-24 7.128315e-18 8.937237e-12 0.000000e+00 9.990600e-14 3.059637e-20 6.979675e-27 9.037953e-09 3.353868e-24 1.658070e-33 2.799194e-23 0.000000e+00 9.495020e-21 0.000000e+00 2.604466e-09 5.795492e-40 2.654508e-18 1.049614e-24 0.000000e+00 1.717421e-15 8.640072e-13 1.095758e-21 2.216044e-22 3.732750e-09 4.027263e-13 1.099172e-11 4.216189e-24 2.001034e-12 1.026064e-40 9.110569e-18 1.757536e-24 1.210234e-27 7.118799e-12 1.211742e-16 2.589071e-16 3.686455e-14 1.619454e-18 1.302520e-67 1.877537e-11 1.728367e-24 1.071431e-36 0.000000e+00 1.637882e-217 2.434286e-12
6.358102e-07 2.156322e-10 2.563126e-04 3.008722e-09 7.447019e-04 7.389512e-02 1.598253e-14 4.821807e-18 1.284824e-19 1.669677e-22 9.470415e-21 2.749746e-31 8.317870e-21 3.534280e-26 9.715575e-24 1.277048e-25 4.982205e-34 3.639097e-26 4.107141e-04 9.021237e-06 4.638366e-27 7.224119e-18 6.559493e-16 1.581001e-30 4.541017e-25 0.000000e+00 1.402385e-01 1.060355e-16 2.559968e-25 2.096171e-32 2.664538e-11 1.137006e-22 9.310680e-03 8.938757e-13 7.108527e-15 8.168963e-15 9.493659e-18 7.751348e-01 1.405943e-18 1.194955e-09 0.000000e+00 0.000000e+00 0.000000e+00 1.213841e-32 1.200605e-17 1.745317e-20 2.710668e-17 1.099256e-16 1.842166e-11 0.000000e+00 4.437030e-19 2.088173e-16 8.419953e-12 4.559592e-26 6.634747e-08 4.418499e-24 4.477180e-24 4.064893e-18 9.732052e-12 1.676650e-22 1.190260e-13 2.370703e-20 2.791186e-25 8.674591e-09 2.174404e-24 2.028242e-33 2.364658e-23 0.000000e+00 8.545722e-21 1.755840e-30 2.265090e-09 3.153406e-40 1.544569e-18 0.000000e+00 4.669890e-26 8.355757e-16 6.533158e-13 7.126115e-22 1.735179e-22 3.154380e-09 3.789288e-13 1.058340e-11 3.469696e-24 1.873018e-12 6.023010e-41 8.638891e-18 1.281629e-24 1.632320e-27 6.870187e-12 1.158508e-16 2.195444e-16 3.468442e-14 1.516634e-18 9.609358e-68 2.457402e-11 4.596713e-25 1.087493e-36 0.000000e+00 1.505109e-219 1.964242e-12
5.520448e-07 1.734234e-10 2.549094e-04 2.286520e-09 8.581154e-04 8.897189e-02 2.352387e-14 9.005601e-18 1.561362e-19 1.714202e-22 2.222902e-21 0.000000e+00 7.779813e-21 2.262399e-26 8.785170e-24 9.583240e-26 2.701732e-34 6.494560e-27 4.100706e-04 5.523286e-06 3.883882e-27 6.966678e-18 6.845235e-16 7.560230e-31 1.118447e-25 2.844019e-26 1.300898e-01 1.002380e-16 2.501762e-25 1.314498e-32 2.053566e-11 1.067733e-22 1.318093e-02 1.048621e-12 1.082760e-14 1.144676e-14 9.637398e-18 7.662287e-01 1.215905e-18 1.146985e-09 6.201570e-25 5.555714e-26 5.023948e-26 1.411481e-32 1.215080e-17 1.435099e-20 2.456559e-17 8.958899e-17 1.768998e-11 0.000000e+00 4.355343e-19 2.048863e-16 8.221547e-12 8.358246e-27 5.572332e-08 3.137517e-24 2.169611e-24 2.318469e-18 1.038876e-11 7.031394e-22 1.423215e-13 1.860861e-20 9.423967e-27 8.294695e-09 1.435943e-24 2.604050e-33 2.023741e-23 5.473261e-49 7.695767e-21 8.116196e-27 1.927194e-09 1.686763e-40 8.519849e-19 2.447877e-29 1.428725e-32 4.162129e-16 4.851598e-13 4.555625e-22 1.382430e-22 2.623758e-09 3.543525e-13 1.014813e-11 3.044674e-24 1.741709e-12 3.531739e-41 8.148059e-18 9.474062e-25 2.144753e-27 6.604174e-12 1.089041e-16 1.836946e-16 3.243312e-14 1.411059e-18 7.566919e-68 3.262061e-11 1.282952e-25 1.117501e-36 0.000000e+00 1.370185e-221 1.537438e-12
4.793151e-07 1.392291e-10 2.538766e-04 1.748719e-09 9.869064e-04 1.052112e-01 3.314001e-14 1.605332e-17 1.850517e-19 1.718987e-22 5.723118e-22 0.000000e+00 7.093909e-21 2.914259e-26 8.022435e-24 7.370371e-26 1.675366e-34 1.183157e-27 4.074695e-04 3.498503e-06 3.270817e-27 6.579984e-18 7.116469e-16 4.374332e-31 2.805039e-26 3.482914e-27 1.193975e-01 9.392937e-17 2.353834e-25 8.331469e-33 1.590842e-11 9.973924e-23 1.817419e-02 1.216870e-12 1.569584e-14 1.553005e-14 9.712722e-18 7.555652e-01 1.039627e-18 1.099407e-09 1.286467e-24 6.949718e-26 1.107682e-25 6.661800e-32 1.221880e-17 1.204430e-20 2.208865e-17 7.268767e-17 1.645658e-11 0.000000e+00 4.285551e-19 2.014941e-16 8.007425e-12 1.745518e-27 4.548184e-08 2.214232e-24 1.047776e-24 1.318673e-18 1.094384e-11 2.174178e-22 1.707631e-13 1.475906e-20 1.450855e-25 7.892204e-09 9.633227e-25 3.246049e-33 1.753426e-23 5.990473e-49 6.930662e-21 7.135903e-31 1.604065e-09 8.773083e-41 4.438722e-19 2.988549e-29 1.625267e-26 2.113552e-16 3.534637e-13 2.869356e-22 1.116586e-22 2.146323e-09 3.292231e-13 9.688000e-12 2.817169e-24 1.608385e-12 2.084639e-41 7.641470e-18 7.071974e-25 2.702160e-27 6.321884e-12 1.006082e-16 1.515994e-16 3.013132e-14 1.303767e-18 6.216513e-68 4.340683e-11 3.938466e-26 1.159304e-36 0.000000e+00 1.233915e-223 1.161813e-12
4.161673e-07 1.116892e-10 2.533486e-04 1.344094e-09 1.133205e-03 1.223570e-01 4.534788e-14 2.774679e-17 2.169178e-19 1.704306e-22 1.810139e-22 0.000000e+00 6.413582e-21 2.884923e-26 7.396052e-24 5.801490e-26 1.115062e-34 2.202427e-28 4.033656e-04 2.387010e-06 2.769436e-27 6.157329e-18 7.368354e-16 2.751779e-31 7.171716e-27 0.000000e+00 1.083739e-01 8.740519e-17 2.209724e-25 5.332782e-33 1.236887e-11 9.263398e-23 2.447518e-02 1.399293e-12 2.200021e-14 2.062125e-14 9.737497e-18 7.430016e-01 8.809127e-19 1.050068e-09 0.000000e+00 0.000000e+00 0.000000e+00 6.808624e-31 1.222970e-17 1.030995e-20 1.981611e-17 5.859057e-17 1.485331e-11 0.000000e+00 4.226305e-19 1.986404e-16 7.777290e-12 4.846115e-28 3.609708e-08 1.552326e-24 5.028832e-25 7.466987e-19 1.142506e-11 3.426151e-23 2.055721e-13 1.180232e-20 0.000000e+00 7.464209e-09 6.543608e-25 4.021817e-33 1.552800e-23 6.633587e-49 6.236963e-21 0.000000e+00 1.305826e-09 4.407050e-41 2.176042e-19 3.672821e-29 0.000000e+00 1.089472e-16 2.525456e-13 1.782770e-22 9.124094e-23 1.725389e-09 3.037897e-13 9.205688e-12 2.719308e-24 1.474431e-12 1.251862e-41 7.123167e-18 5.323519e-25 3.256390e-27 6.024808e-12 9.131524e-17 1.233501e-16 2.780186e-14 1.195883e-18 5.310994e-68 5.746453e-11 1.487781e-26 1.217975e-36 0.000000e+00 1.097818e-225 8.419935e-13
3.613389e-07 8.952530e-11 2.535138e-04 1.037568e-09 1.299622e-03 1.401388e-01 6.142040e-14 4.849075e-17 2.565281e-19 1.694799e-22 8.098737e-23 0.000000e+00 6.340378e-21 1.341484e-26 6.964833e-24 4.710204e-26 7.850072e-35 4.194531e-29 3.980580e-04 1.801149e-06 2.378180e-27 5.765059e-18 7.594359e-16 1.783196e-31 1.872283e-27 0.000000e+00 9.723692e-02 8.098746e-17 2.160845e-25 3.438622e-33 9.632496e-12 8.550374e-23 3.226878e-02 1.595587e-12 3.040577e-14 2.727414e-14 9.721914e-18 7.284025e-01 7.407336e-19 9.993207e-10 0.000000e+00 0.000000e+00 0.000000e+00 7.291386e-30 1.219461e-17 9.062623e-21 1.789992e-17 4.695143e-17 1.303609e-11 0.000000e+00 4.220462e-19 1.979390e-16 7.530926e-12 2.038670e-28 2.776312e-08 1.082911e-24 2.392889e-25 4.201528e-19 1.184515e-11 5.430167e-24 2.484143e-13 9.507824e-21 6.843662e-25 7.011743e-09 4.470017e-25 5.213947e-33 1.368949e-23 7.782076e-49 5.609215e-21 3.035425e-32 1.038165e-09 2.200156e-41 9.997035e-20 4.576597e-29 6.599255e-26 5.655228e-17 1.769410e-13 1.087408e-22 7.570551e-23 1.361911e-09 2.783088e-13 8.704243e-12 2.741358e-24 1.341248e-12 7.740286e-42 6.597529e-18 4.057309e-25 4.082922e-27 5.714665e-12 8.141569e-17 9.889418e-17 2.546824e-14 1.088547e-18 5.060209e-68 7.566251e-11 7.954920e-27 1.330916e-36 0.000000e+00 9.642573e-228 5.788947e-13
3.137339e-07 7.201631e-11 2.545156e-04 8.028750e-10 1.488780e-03 1.582788e-01 8.374542e-14 8.504085e-17 3.104923e-19 1.720926e-22 5.134770e-23 8.520818e-25 5.548889e-21 3.947676e-26 6.597511e-24 3.892669e-26 5.716894e-35 8.182003e-30 3.917126e-04 1.503441e-06 2.051682e-27 5.517658e-18 7.769250e-16 1.184659e-31 5.001427e-28 9.458025e-27 8.620403e-02 7.476191e-17 2.045836e-25 2.241191e-33 7.505982e-12 7.840304e-23 4.173253e-02 1.806715e-12 4.217737e-14 3.641293e-14 9.684803e-18 7.116481e-01 6.196729e-19 9.450834e-10 8.670473e-25 4.401636e-26 7.393726e-26 7.497015e-29 1.213574e-17 8.110436e-21 1.622316e-17 3.728504e-17 1.115086e-11 0.000000e+00 4.214995e-19 1.975096e-16 7.268313e-12 1.186575e-28 2.080361e-08 7.484080e-25 1.130948e-25 2.355288e-19 1.220270e-11 8.681131e-25 3.010982e-13 7.688346e-21 0.000000e+00 6.534702e-09 3.074936e-25 6.897055e-33 1.217944e-23 9.462310e-49 5.026675e-21 0.000000e+00 8.075845e-10 1.041093e-41 4.286540e-20 5.861055e-29 9.037669e-32 2.953298e-17 1.216174e-13 6.583545e-23 6.323304e-23 1.054757e-09 2.530436e-13 8.187161e-12 2.825281e-24 1.210249e-12 5.025339e-42 6.069288e-18 3.158568e-25 4.802130e-27 5.393462e-12 7.130201e-17 7.807327e-17 2.315456e-14 9.829067e-19 4.925928e-68 9.944288e-11 6.015143e-27 1.477346e-36 0.000000e+00 8.344742e-230 3.728880e-13
2.724008e-07 5.815747e-11 2.566279e-04 6.228281e-10 1.704237e-03 1.765073e-01 1.159410e-13 1.571659e-16 3.889542e-19 1.790719e-22 3.997626e-23 0.000000e+00 4.757005e-21 2.540972e-26 6.421383e-24 3.324616e-26 4.364238e-35 1.637561e-30 3.844057e-04 1.357139e-06 1.806597e-27 5.375447e-18 7.877657e-16 7.955052e-32 1.372680e-28 1.411312e-26 7.547770e-02 6.903354e-17 1.656091e-25 1.472886e-33 5.838900e-12 7.138983e-23 5.303232e-02 2.030906e-12 5.924417e-14 4.953752e-14 9.629750e-18 6.926361e-01 5.158994e-19 8.898758e-10 8.691722e-24 2.883831e-25 8.009355e-25 7.350486e-28 1.205692e-17 7.481263e-21 1.491727e-17 2.943410e-17 9.321933e-12 3.386163e-33 4.288951e-19 2.002483e-16 6.989551e-12 8.119479e-29 1.508650e-08 5.148685e-25 5.306738e-26 1.314889e-19 1.248562e-11 1.401356e-25 3.664108e-13 6.243699e-21 1.211148e-24 6.039527e-09 2.110516e-25 9.976412e-33 1.091116e-23 1.266990e-48 4.493370e-21 8.797120e-32 6.132163e-10 5.086433e-42 1.707334e-20 7.805164e-29 2.584050e-25 1.536774e-17 8.203051e-14 3.923362e-23 5.361807e-23 8.008618e-10 2.282509e-13 7.658225e-12 3.019100e-24 1.082782e-12 3.451341e-42 5.543278e-18 2.540437e-25 5.351265e-27 5.063396e-12 6.132960e-17 6.064756e-17 2.088435e-14 8.800587e-19 5.570441e-68 1.314815e-10 5.571942e-27 1.744602e-36 0.000000e+00 7.113219e-232 2.198306e-13
2.365131e-07 4.745030e-11 2.600538e-04 4.838496e-10 1.949302e-03 1.945545e-01 1.616709e-13 2.933988e-16 4.987849e-19 1.901801e-22 3.393865e-23 0.000000e+00 5.287961e-21 1.863429e-26 6.288830e-24 2.883705e-26 3.422319e-35 3.366390e-31 3.761640e-04 1.286788e-06 1.601247e-27 5.337443e-18 7.882941e-16 5.395324e-32 3.897059e-29 5.969611e-31 6.524839e-02 6.390883e-17 1.636308e-25 9.817944e-34 4.531744e-12 6.452399e-23 6.631665e-02 2.269274e-12 8.364250e-14 6.816660e-14 9.577050e-18 6.712937e-01 4.280530e-19 8.321829e-10 0.000000e+00 0.000000e+00 0.000000e+00 6.888480e-27 1.198277e-17 7.038270e-21 1.385877e-17 2.302336e-17 7.635804e-12 0.000000e+00 4.371063e-19 2.040577e-16 6.695012e-12 5.943179e-29 1.066305e-08 3.508968e-25 2.481360e-26 7.343108e-20 1.267510e-11 2.284876e-26 4.472987e-13 5.073934e-21 1.677839e-25 5.530962e-09 1.450579e-25 1.479278e-32 9.832638e-24 1.753068e-48 3.994227e-21 9.247964e-34 4.554724e-10 2.196801e-42 6.287500e-21 1.068254e-28 6.696728e-32 7.962237e-18 5.432594e-14 2.335594e-23 4.566909e-23 5.957224e-10 2.041787e-13 7.121565e-12 3.265991e-24 9.601187e-13 2.513132e-42 5.024418e-18 2.108635e-25 7.222491e-27 4.726905e-12 5.179648e-17 4.632714e-17 1.868031e-14 7.810371e-19 6.499757e-68 1.746901e-10 5.605257e-27 2.120207e-36 0.000000e+00 5.958934e-234 1.151287e-13
2.053534e-07 3.900771e-11 2.652837e-04 3.775777e-10 2.229616e-03 2.121675e-01 2.241916e-13 6.089392e-16 6.517878e-19 2.012407e-22 2.931736e-23 0.000000e+00 6.753433e-21 4.054254e-26 6.580304e-24 2.657991e-26 2.892334e-35 7.123383e-32 3.669945e-04 1.242540e-06 1.489020e-27 5.169511e-18 7.785167e-16 3.536991e-32 1.159732e-29 1.820485e-33 5.567938e-02 5.983227e-17 2.260501e-25 6.590033e-34 3.497761e-12 5.786125e-23 8.172093e-02 2.515565e-12 1.171634e-13 9.453469e-14 9.516664e-18 6.475690e-01 3.529144e-19 7.780526e-10 3.244217e-24 1.155385e-25 3.050657e-25 6.178720e-26 1.190060e-17 6.977018e-21 1.338878e-17 1.801788e-17 6.148222e-12 0.000000e+00 4.696910e-19 2.176572e-16 6.385163e-12 4.608935e-29 7.204055e-09 2.402605e-25 1.152135e-26 4.086833e-20 1.274953e-11 3.765558e-27 5.489976e-13 4.145304e-21 2.417143e-25 5.019151e-09 9.778627e-26 2.628640e-32 8.873839e-24 2.879712e-48 3.549428e-21 0.000000e+00 3.283227e-10 1.041632e-42 2.126027e-21 1.497914e-28 0.000000e+00 4.025732e-18 3.532887e-14 1.349157e-23 4.011536e-23 4.337025e-10 1.810460e-13 6.581304e-12 3.781931e-24 8.433448e-13 2.017376e-42 4.517291e-18 1.783826e-25 1.071023e-26 4.386450e-12 4.292698e-17 3.478016e-17 1.656249e-14 6.867267e-19 1.117302e-67 2.322778e-10 5.724437e-27 2.992915e-36 0.000000e+00 4.912721e-236 4.956354e-14
1.782989e-07 3.258784e-11 2.725864e-04 2.956423e-10 2.549454e-03 2.291034e-01 3.045828e-13 1.298568e-15 8.508579e-19 2.106722e-22 2.516832e-23 1.416025e-24 4.469307e-21 4.950430e-26 7.083984e-24 2.525581e-26 2.547807e-35 1.553710e-32 3.568936e-04 1.194766e-06 1.414391e-27 4.901698e-18 7.550139e-16 2.257291e-32 3.697515e-30 1.437771e-33 4.691084e-02 5.670264e-17 2.284781e-25 4.494888e-34 2.686549e-12 5.145496e-23 9.936140e-02 2.771810e-12 1.605266e-13 1.303309e-13 9.475767e-18 6.214442e-01 2.895479e-19 7.250250e-10 9.914422e-24 3.382557e-25 9.689432e-25 5.361186e-25 1.184381e-17 7.134334e-21 1.329108e-17 1.403835e-17 4.879260e-12 7.807091e-33 5.157070e-19 2.376990e-16 6.060829e-12 3.716240e-29 4.711837e-09 1.639827e-25 5.338665e-27 2.281854e-20 1.268977e-11 6.269822e-28 6.761508e-13 3.387452e-21 0.000000e+00 4.509161e-09 6.523221e-26 4.978813e-32 8.024449e-24 5.063740e-48 3.138983e-21 0.000000e+00 2.305432e-10 4.730979e-43 6.556493e-22 2.106164e-28 0.000000e+00 1.989578e-18 2.259909e-14 7.738178e-24 3.569075e-23 3.087400e-10 1.590508e-13 6.041743e-12 4.512304e-24 7.334116e-13 1.864862e-42 4.026313e-18 1.501578e-25 1.124688e-26 4.044637e-12 3.488414e-17 2.565598e-17 1.454901e-14 5.979009e-19 2.279582e-67 3.038903e-10 5.782668e-27 4.596275e-36 0.000000e+00 3.972667e-238 1.588195e-14
1.548088e-07 2.769075e-11 2.824531e-04 2.325986e-10 2.915184e-03 2.451482e-01 4.039599e-13 2.947855e-15 1.108806e-18 2.166854e-22 2.121737e-23 1.668395e-24 6.236330e-21 6.050883e-26 8.009366e-24 2.510580e-26 2.375281e-35 3.509153e-33 3.458596e-04 1.122229e-06 1.391836e-27 4.484161e-18 7.182264e-16 1.389510e-32 1.305417e-30 1.261151e-33 3.904281e-02 5.466383e-17 3.005006e-25 3.110821e-34 2.051176e-12 4.535524e-23 1.193229e-01 3.033770e-12 2.143677e-13 1.791687e-13 9.456399e-18 5.929414e-01 2.361087e-19 6.763134e-10 4.861780e-23 1.673708e-24 4.943582e-24 4.525667e-24 1.181477e-17 7.616097e-21 1.372109e-17 1.094790e-17 3.831746e-12 7.188001e-33 5.890486e-19 2.699109e-16 5.723199e-12 3.128348e-29 2.965151e-09 1.122934e-25 2.473294e-27 1.281169e-20 1.248342e-11 1.054851e-28 8.355838e-13 2.770962e-21 3.587506e-25 4.009113e-09 4.269094e-26 1.064251e-31 7.252744e-24 9.970436e-48 2.766354e-21 8.512688e-33 1.572277e-10 2.405840e-43 1.828669e-22 2.966316e-28 2.720024e-31 9.536371e-19 1.428564e-14 4.365063e-24 3.243598e-23 2.146998e-10 1.383678e-13 5.507359e-12 5.653805e-24 6.311174e-13 2.169190e-42 3.555678e-18 1.237338e-25 1.931907e-26 3.704222e-12 2.777282e-17 1.859588e-17 1.265585e-14 5.152093e-19 6.258814e-67 3.869476e-10 5.711435e-27 8.024144e-36 0.000000e+00 3.149304e-240 3.166729e-15
1.344133e-07 2.390379e-11 2.954771e-04 1.842105e-10 3.334952e-03 2.601421e-01 5.269855e-13 7.631870e-15 1.459405e-18 2.195771e-22 1.755328e-23 0.000000e+00 2.551738e-21 4.057834e-26 9.829792e-24 2.674231e-26 2.403450e-35 8.322997e-34 3.338835e-04 1.015372e-06 1.454547e-27 3.919475e-18 6.705588e-16 8.268296e-33 5.293153e-31 0.000000e+00 3.211852e-02 5.388993e-17 1.690353e-25 2.175150e-34 1.554037e-12 3.960355e-23 1.416701e-01 3.293841e-12 2.811082e-13 2.492402e-13 9.452560e-18 5.621039e-01 1.908980e-19 6.377739e-10 7.404638e-24 2.725981e-25 7.832870e-25 3.753781e-23 1.180594e-17 8.645228e-21 1.495980e-17 8.641451e-18 2.995083e-12 5.832589e-33 7.201656e-19 3.254448e-16 5.373644e-12 2.772563e-29 1.776403e-09 7.813792e-26 1.146261e-27 7.245511e-21 1.212953e-11 1.792884e-29 1.036398e-12 2.272722e-21 2.989582e-24 3.526213e-09 2.704273e-26 2.852508e-31 6.525636e-24 2.408213e-47 2.435015e-21 9.676535e-32 1.036212e-10 4.294339e-43 4.560126e-23 4.233011e-28 5.450636e-25 4.372088e-19 9.035114e-15 2.378658e-24 3.052685e-23 1.456721e-10 1.191304e-13 4.982375e-12 7.681223e-24 5.370263e-13 3.555298e-42 3.108948e-18 9.908914e-26 1.488451e-26 3.367841e-12 2.164100e-17 1.324303e-17 1.089520e-14 4.391109e-19 2.821865e-66 4.775478e-10 5.520539e-27 1.703029e-35 0.000000e+00 2.446981e-242 2.833562e-16
1.167049e-07 2.106903e-11 3.119615e-04 1.465570e-10 3.814228e-03 2.739667e-01 6.857096e-13 2.058423e-14 1.950690e-18 2.251740e-22 1.455008e-23 1.525578e-24 7.377358e-21 7.477144e-26 1.232209e-23 2.908184e-26 2.503565e-35 2.165207e-34 3.209557e-04 8.812195e-07 1.547519e-27 3.424667e-18 6.126857e-16 5.057483e-33 2.540414e-31 0.000000e+00 2.613393e-02 5.423056e-17 3.235298e-25 1.547020e-34 1.170560e-12 3.423734e-23 1.664235e-01 3.555695e-12 3.673103e-13 3.571356e-13 9.490070e-18 5.290278e-01 1.532276e-19 6.059124e-10 4.689456e-23 1.769355e-24 5.266576e-24 3.104915e-22 1.184920e-17 1.017002e-20 1.691334e-17 6.859683e-18 2.347504e-12 8.902259e-33 8.956737e-19 4.033902e-16 5.014156e-12 2.538929e-29 1.034403e-09 5.464488e-26 5.351869e-28 4.165095e-21 1.163952e-11 3.073985e-30 1.286017e-12 1.856199e-21 0.000000e+00 3.065996e-09 1.685230e-26 8.226490e-31 5.845268e-24 6.234865e-47 2.127183e-21 4.422515e-33 6.640228e-11 5.883549e-44 1.006121e-23 6.138519e-28 0.000000e+00 1.930212e-19 5.905973e-15 1.288107e-24 2.892940e-23 9.633697e-11 1.014483e-13 4.471159e-12 1.064926e-23 4.515595e-13 6.957509e-42 2.689410e-18 7.674418e-26 1.454671e-26 3.038268e-12 1.649128e-17 9.267024e-18 9.277070e-15 3.699471e-19 1.473255e-65 5.681872e-10 5.321076e-27 3.910468e-35 0.000000e+00 1.854646e-244 9.022138e-18
1.013295e-07 1.881543e-11 3.328628e-04 1.174852e-10 4.366755e-03 2.865447e-01 9.176260e-13 7.129455e-14 2.762752e-18 2.381993e-22 1.229189e-23 5.254367e-24 5.583090e-21 1.071296e-25 1.742124e-23 3.476824e-26 2.905562e-35 7.044428e-35 3.070766e-04 7.273792e-07 1.810395e-27 2.938259e-18 5.510647e-16 3.291695e-33 1.466832e-31 0.000000e+00 2.103687e-02 5.621337e-17 4.434337e-25 1.103416e-34 8.720655e-13 2.928358e-23 1.935679e-01 3.798745e-12 4.927575e-13 5.518050e-13 9.527772e-18 4.938431e-01 1.214406e-19 6.005550e-10 0.000000e+00 0.000000e+00 0.000000e+00 2.581763e-21 1.189355e-17 1.303440e-20 2.054512e-17 5.690336e-18 1.871531e-12 1.287950e-32 1.232825e-18 5.434340e-16 4.647011e-12 2.450511e-29 5.657977e-10 4.008800e-26 2.521173e-28 2.445880e-21 1.103312e-11 5.315121e-31 1.601702e-12 1.520549e-21 0.000000e+00 2.634482e-09 9.966108e-27 3.505183e-30 5.159882e-24 2.227872e-46 1.859216e-21 0.000000e+00 4.087101e-11 0.000000e+00 1.924722e-24 9.457961e-28 0.000000e+00 7.984948e-20 4.260552e-15 6.576860e-25 2.880263e-23 6.200057e-11 8.538570e-14 3.977704e-12 1.661703e-23 3.748910e-13 1.970325e-41 2.299576e-18 5.789820e-26 1.759838e-26 2.718094e-12 1.227708e-17 6.370093e-18 7.807331e-15 3.078592e-19 1.600213e-64 6.594327e-10 5.256406e-27 1.179665e-34 0.000000e+00 1.375081e-246 6.680062e-20
8.797976e-08 1.717463e-11 3.581772e-04 9.451350e-11 4.994447e-03 2.978063e-01 1.286132e-12 2.480523e-13 4.137368e-18 2.708501e-22 1.105881e-23 1.609110e-24 6.519171e-21 6.893676e-26 2.388966e-23 4.066155e-26 3.310787e-35 3.445406e-35 2.922658e-04 5.746968e-07 2.087081e-27 2.718126e-18 4.853642e-16 2.576725e-33 1.043252e-31 0.000000e+00 1.675618e-02 5.961460e-17 2.527096e-25 8.013425e-35 6.460899e-13 2.476591e-23 2.230262e-01 4.041169e-12 6.920767e-13 9.482168e-13 9.621987e-18 4.567658e-01 9.526586e-20 6.032727e-10 3.788485e-22 1.629567e-23 4.891632e-23 2.205967e-20 1.200853e-17 1.716188e-20 2.573314e-17 4.762379e-18 1.540009e-12 2.743100e-32 1.654298e-18 7.423934e-16 4.275604e-12 2.400899e-29 3.060098e-10 2.951406e-26 1.207619e-28 1.486552e-21 1.033538e-11 9.498281e-32 1.989795e-12 1.231613e-21 8.161470e-25 2.235489e-09 5.859660e-27 1.466314e-29 4.514003e-24 0.000000e+00 1.604185e-21 1.207463e-32 2.451679e-11 7.803406e-44 3.151347e-25 1.538431e-27 1.237798e-25 3.164260e-20 3.700282e-15 3.392820e-25 2.817133e-23 3.879814e-11 7.098809e-14 3.506215e-12 2.512903e-23 3.070907e-13 5.372590e-41 1.941737e-18 4.236903e-26 2.325447e-26 2.410100e-12 8.923377e-18 4.301842e-18 6.490102e-15 2.528996e-19 1.510271e-63 7.420045e-10 5.564934e-27 3.482994e-34 0.000000e+00 9.877538e-249 1.148097e-22
7.638878e-08 1.589488e-11 3.900012e-04 7.706199e-11 5.728019e-03 3.076856e-01 1.942571e-12 1.467771e-12 6.967258e-18 3.410949e-22 1.090140e-23 7.051180e-24 1.589762e-20 2.318648e-25 4.201459e-23 5.730991e-26 4.633443e-35 2.724170e-35 2.765710e-04 4.259196e-07 2.970460e-27 2.492688e-18 4.244604e-16 2.755098e-33 9.542212e-32 0.000000e+00 1.320086e-02 6.648641e-17 1.696094e-24 5.787770e-35 4.688483e-13 2.069217e-23 2.546870e-01 4.224437e-12 1.044775e-12 1.918911e-12 9.646846e-18 4.180315e-01 7.294436e-20 7.041823e-10 1.265701e-22 6.101652e-24 1.817357e-23 1.945719e-19 1.203921e-17 2.666784e-20 3.625503e-17 4.641106e-18 1.348436e-12 3.544852e-31 2.739512e-18 1.200935e-15 3.903379e-12 2.534908e-29 1.479964e-10 2.540344e-26 5.916703e-29 9.617902e-22 9.569581e-12 1.723638e-32 2.497578e-12 1.007320e-21 0.000000e+00 1.872485e-09 3.088507e-27 1.384275e-28 3.795705e-24 0.000000e+00 1.397685e-21 1.474664e-33 1.381466e-11 1.177782e-44 4.200874e-26 2.835389e-27 0.000000e+00 1.107366e-20 3.991335e-15 1.542715e-25 3.048989e-23 2.354335e-11 5.824133e-14 3.059962e-12 4.861602e-23 2.479238e-13 2.857974e-40 1.616956e-18 3.065374e-26 7.388972e-26 2.116531e-12 6.321666e-18 2.851742e-18 5.324062e-15 2.048763e-19 6.362128e-62 8.346121e-10 7.010821e-27 1.758877e-33 0.000000e+00 6.955232e-251 2.242412e-26
6.632487e-08 1.531586e-11 4.282338e-04 6.352700e-11 6.567158e-03 3.160715e-01 3.190292e-12 9.928667e-12 1.291179e-17 4.996736e-22 1.258494e-23 4.016203e-23 9.124471e-21 2.223451e-25 7.520096e-23 8.149026e-26 6.572918e-35 2.751623e-35 2.600675e-04 3.038891e-07 4.428997e-27 2.591246e-18 3.653361e-16 4.324358e-33 1.155419e-31 0.000000e+00 1.030557e-02 7.604141e-17 1.219189e-24 4.315412e-35 3.368303e-13 1.706858e-23 2.883979e-01 4.382749e-12 1.713764e-12 4.538270e-12 9.691700e-18 3.779693e-01 5.502857e-20 9.006654e-10 1.499030e-22 8.192409e-24 2.408577e-23 1.166992e-19 1.209652e-17 4.386400e-20 5.169760e-17 4.918282e-18 1.258269e-12 4.646544e-30 4.608157e-18 2.035040e-15 3.536077e-12 2.682856e-29 6.934170e-11 2.354861e-26 2.945852e-29 6.726911e-22 8.760815e-12 2.907311e-33 3.135639e-12 8.145756e-22 3.696780e-25 1.546895e-09 1.610258e-27 1.536813e-27 3.112965e-24 0.000000e+00 1.206448e-21 0.000000e+00 7.462499e-12 0.000000e+00 4.414736e-27 5.754267e-27 0.000000e+00 3.500227e-21 5.015928e-15 6.937265e-26 3.296890e-23 1.383773e-11 4.712250e-14 2.642452e-12 9.574314e-23 1.971323e-13 1.637472e-39 1.326202e-18 2.173958e-26 2.277265e-25 1.839831e-12 4.361035e-18 1.856445e-18 4.307081e-15 1.635616e-19 3.143685e-60 9.314059e-10 1.224385e-26 9.794671e-33 0.000000e+00 4.728554e-253 4.397164e-31
5.758683e-08 1.640453e-11 4.752339e-04 5.374626e-11 7.545181e-03 3.228075e-01 6.848928e-12 1.240465e-10 3.221296e-17 1.007767e-21 1.748781e-23 9.314930e-22 2.785701e-20 1.265731e-24 1.615963e-22 1.316296e-25 1.072831e-34 3.065842e-35 2.428908e-04 2.178674e-07 8.424863e-27 3.417587e-18 3.120359e-16 1.173493e-32 1.772315e-31 0.000000e+00 8.031666e-03 8.937658e-17 6.681960e-24 3.514842e-35 2.385203e-13 1.389123e-23 3.238415e-01 4.474258e-12 3.667080e-12 1.234925e-11 9.669123e-18 3.370558e-01 4.145708e-20 1.439043e-09 1.607455e-23 1.506241e-24 2.964290e-24 5.010378e-21 1.207655e-17 7.974951e-20 7.329918e-17 6.447310e-18 1.237996e-12 4.431085e-29 9.040178e-18 3.788303e-15 3.181378e-12 2.861221e-29 2.969915e-11 2.667873e-26 1.486288e-29 5.274578e-22 7.928331e-12 3.787261e-34 3.962944e-12 6.576166e-22 7.353743e-26 1.259599e-09 7.139961e-28 3.879931e-26 2.414991e-24 0.000000e+00 1.045561e-21 0.000000e+00 3.803848e-12 6.166362e-45 3.307733e-28 1.579681e-26 5.500114e-27 9.563025e-22 6.684893e-15 3.037770e-26 3.806887e-23 7.858156e-12 3.757164e-14 2.256692e-12 2.265067e-22 1.542922e-13 1.540240e-38 1.069719e-18 1.534483e-26 2.273840e-24 1.582186e-12 2.924176e-18 1.187718e-18 3.433639e-15 1.285826e-19 4.744147e-58 1.095426e-09 4.446877e-26 8.938199e-32 0.000000e+00 3.123215e-255 5.033771e-37
5.000000e-08 2.496046e-11 5.323947e-04 4.790514e-11 8.671135e-03 3.277543e-01 4.148807e-11 4.673779e-09 2.292749e-16 3.614461e-21 2.667395e-23 1.911837e-19 4.082042e-20 1.039076e-22 3.571119e-22 2.149181e-25 1.776171e-34 3.267300e-35 2.253188e-04 1.913771e-07 2.350728e-26 8.901372e-18 2.695487e-16 6.841500e-32 2.896159e-31 0.000000e+00 6.426988e-03 1.003366e-16 1.490295e-23 4.030147e-35 1.722815e-13 1.115716e-23 3.598027e-01 4.579688e-12 2.211988e-11 3.439563e-11 9.630506e-18 2.965870e-01 3.344804e-20 2.641117e-09 0.000000e+00 2.206421e-24 0.000000e+00 0.000000e+00 1.204912e-17 1.378579e-19 8.630356e-17 9.558475e-18 1.194552e-12 2.773999e-28 1.814036e-17 6.467268e-15 2.853573e-12 2.855766e-29 1.260989e-11 3.345111e-26 7.862454e-30 4.606344e-22 7.070651e-12 2.929441e-35 4.910780e-12 5.235972e-22 4.318021e-27 1.011092e-09 2.798367e-28 3.061849e-24 1.512235e-24 0.000000e+00 9.093182e-22 0.000000e+00 1.944651e-12 1.692529e-45 1.565166e-29 1.212687e-25 0.000000e+00 2.632354e-22 8.437961e-15 1.770667e-26 4.383735e-23 4.311528e-12 2.952846e-14 1.906477e-12 5.515507e-22 1.190346e-13 1.588558e-37 8.484402e-19 1.082587e-26 2.757707e-23 1.346373e-12 1.904431e-18 7.499282e-19 2.698185e-15 9.956582e-20 8.555525e-56 2.000287e-09 6.915400e-25 1.200633e-30 0.000000e+00 3.095291e-255 0.000000e+00
