PRESS OH H2 H2O H O CH C CH2 CH3 CH4 C2 C2H2 C2H C2H3 C2H4 C2H5 C2H6 CO CO2 CH2OH H2CO HCO CH3O CH3OH CH3CO O2 H2CCO HCCO CH3O2 HO2 CH3OOH N NH CN HCN NH2 N2 NH3 NO N2H2 N2H N2H3 N2H4 HNO H2CN HNCO NO2 N2O C4H2 CH2NH2 CH2NH CH3NH2 CH3CHO O3 NO3 HNO3 HNO2 NCO N2O5 S SH S2 SO H2S CS COS CS2 NS HS2 SO2 S4 S8 HCS S3 H2O2 SO3 HSO3 HSO H2SO4 HC3N CH3CN CH2CN C2H3CN CH3SH CH3S C3H3 C3H2 C3H4 C6H5 C6H6 C4H3 C4H5 S2O O_1 CH2_1 N_2D He H2O_l_s H2SO4_l
1.000000e+00 4.460040e-13 2.258975e-08 8.884643e-03 1.155454e-20 2.537183e-17 4.540313e-31 2.225975e-30 2.424241e-25 4.022104e-15 1.463349e-07 2.389231e-27 1.471301e-24 8.391842e-33 4.440824e-28 1.135967e-11 4.556332e-17 1.320781e-14 3.705477e-08 3.975232e-04 1.338263e-25 7.707621e-11 3.724373e-22 8.287887e-19 2.189850e-13 7.358987e-21 1.954099e-01 2.633365e-22 1.040744e-21 2.875695e-12 1.347150e-11 1.217017e-10 0.000000e+00 6.956104e-23 1.497498e-28 7.446545e-11 1.664804e-13 7.952834e-01 4.056817e-09 1.494956e-11 2.697400e-13 1.679878e-22 1.245275e-13 2.419383e-09 4.796902e-17 1.837852e-22 4.301046e-14 4.298166e-11 2.424537e-05 4.354760e-29 5.116137e-15 3.062449e-12 3.087382e-08 1.607869e-19 6.808720e-09 6.864064e-15 5.275077e-10 2.004225e-13 5.076121e-20 2.146210e-16 1.213348e-26 7.682170e-16 3.073647e-15 3.147726e-17 3.386744e-14 1.705924e-28 1.106214e-10 1.993676e-21 4.535844e-25 8.266323e-18 1.184528e-10 2.721281e-19 1.742648e-17 2.172001e-33 9.562792e-20 4.454904e-10 3.740106e-17 7.158946e-22 4.911238e-10 2.294068e-10 4.698995e-18 2.048571e-11 3.802627e-11 1.073748e-18 4.562081e-17 1.393498e-23 7.731233e-23 1.072837e-27 1.048459e-20 1.973004e-33 8.455544e-28 2.034868e-27 1.399443e-30 6.901902e-35 7.485681e-22 4.292459e-26 5.988360e-43 0.000000e+00 0.000000e+00 5.556242e-18
8.682540e-01 5.948111e-13 2.262358e-08 6.465476e-03 1.164422e-20 3.448639e-17 1.112384e-30 1.244147e-41 3.911865e-25 4.962435e-15 1.403317e-07 3.507398e-34 1.919139e-25 1.148539e-39 4.592823e-28 1.138693e-11 5.332420e-17 1.438722e-14 2.589880e-08 4.215676e-04 1.327195e-25 6.261112e-11 4.057537e-22 1.066551e-18 2.739089e-13 8.905775e-21 1.958824e-01 2.639728e-22 1.043272e-21 3.484534e-12 1.270157e-11 1.078975e-10 1.173473e-29 8.040481e-23 1.198012e-28 7.761090e-11 1.369805e-13 7.972061e-01 2.532796e-09 1.414441e-11 2.027817e-13 1.693380e-22 1.128605e-13 2.419877e-09 4.258369e-17 2.102073e-22 4.283385e-14 3.203015e-11 2.429529e-05 4.363486e-29 2.391939e-15 3.069853e-12 3.094869e-08 2.053486e-19 7.132453e-09 2.286109e-14 1.874012e-09 1.950438e-13 6.911729e-20 1.208634e-15 2.393981e-26 1.112411e-15 2.868309e-15 7.140185e-17 5.961490e-15 2.198972e-28 1.089518e-10 1.998727e-21 4.546171e-25 7.267165e-18 3.280748e-11 1.997492e-19 1.746856e-17 2.170563e-33 9.454912e-20 3.316724e-10 3.023488e-17 2.747841e-22 4.823253e-10 3.370364e-10 4.710352e-18 1.798649e-11 3.769404e-11 1.076342e-18 5.837250e-17 3.764561e-23 0.000000e+00 1.075443e-27 1.050991e-20 9.164462e-33 8.352729e-28 2.039787e-27 1.402737e-30 6.892439e-35 1.116265e-21 9.514902e-26 4.976291e-43 0.000000e+00 1.940801e-05 6.406683e-16
7.538651e-01 9.347882e-13 2.261132e-08 5.205437e-03 1.348573e-20 5.094060e-17 3.130579e-30 1.500134e-46 8.706526e-25 7.155021e-15 1.347258e-07 5.706762e-41 7.443201e-26 8.711349e-34 5.701963e-28 1.139975e-11 6.794828e-17 1.661470e-14 1.749527e-08 4.221170e-04 2.069031e-25 5.543156e-11 5.508891e-22 1.663275e-18 3.892555e-13 1.179359e-20 1.961308e-01 2.643071e-22 1.044622e-21 3.258487e-12 1.104788e-11 6.245119e-11 3.032520e-29 1.025415e-22 1.025610e-28 8.081318e-11 1.057724e-13 7.982171e-01 1.481943e-09 2.107979e-11 1.351207e-13 2.411023e-22 1.019860e-13 2.413720e-09 3.430329e-17 2.748332e-22 4.237677e-14 3.622943e-11 2.431589e-05 4.367165e-29 9.004968e-16 3.073748e-12 3.098824e-08 2.828295e-19 8.092593e-09 5.004713e-14 2.976380e-09 3.497136e-13 7.413344e-20 6.372960e-15 4.504273e-26 1.606292e-15 2.497394e-15 1.212818e-16 8.367098e-15 3.045884e-28 1.072208e-10 2.001648e-21 4.367054e-25 5.461519e-18 7.391536e-12 1.271515e-19 1.749064e-17 2.229573e-33 9.217048e-20 1.858742e-10 1.912875e-17 1.007263e-22 4.712728e-10 3.890577e-10 4.716319e-18 1.572452e-11 3.691546e-11 1.077704e-18 7.517190e-17 1.179306e-22 0.000000e+00 1.076831e-27 1.052321e-20 4.086278e-32 8.310871e-28 2.042378e-27 1.404426e-30 6.868714e-35 1.689845e-21 2.629898e-25 5.464244e-43 0.000000e+00 9.078998e-06 3.241674e-14
6.545464e-01 1.341597e-12 2.261214e-08 4.058043e-03 1.453704e-20 7.511158e-17 6.492660e-30 3.996960e-46 1.620319e-24 9.443401e-15 1.302697e-07 1.147401e-47 2.648522e-26 3.294197e-35 6.539752e-28 1.140718e-11 8.020589e-17 1.899523e-14 1.195082e-08 4.226146e-04 3.487956e-25 4.787453e-11 6.733320e-22 2.276910e-18 5.201177e-13 1.416252e-20 1.963570e-01 2.646114e-22 1.045868e-21 2.510082e-12 8.623089e-12 2.824825e-11 5.577963e-29 1.031074e-22 8.532689e-29 8.392056e-11 7.058874e-14 7.991378e-01 8.524006e-10 3.358472e-11 9.772618e-14 3.171123e-22 9.363054e-14 2.405164e-09 2.768529e-17 3.522677e-22 4.144152e-14 4.262846e-11 2.433252e-05 4.370394e-29 3.244408e-16 3.077294e-12 3.102420e-08 3.769926e-19 9.227212e-09 8.333269e-14 3.908801e-09 6.297789e-13 6.304797e-20 2.550487e-14 8.061230e-26 2.277457e-15 2.168403e-15 1.911129e-16 1.175831e-14 4.201202e-28 1.057375e-10 2.004575e-21 3.982965e-25 4.445543e-18 1.588042e-12 8.039049e-20 1.751074e-17 2.265915e-33 8.908706e-20 8.731128e-11 1.214475e-17 3.204826e-23 4.588997e-10 4.169155e-10 4.721749e-18 1.393831e-11 3.574184e-11 1.078944e-18 9.534182e-17 3.274232e-22 2.342452e-22 1.078112e-27 1.053530e-20 1.455068e-31 8.249648e-28 2.044739e-27 1.405942e-30 6.841602e-35 2.480799e-21 6.277167e-25 4.441029e-43 0.000000e+00 7.950017e-06 7.864778e-13
5.683125e-01 1.678440e-12 2.265601e-08 3.063967e-03 1.437030e-20 1.047086e-16 9.283293e-30 6.848821e-46 2.265024e-24 1.075544e-14 1.271788e-07 2.815850e-51 2.435170e-26 9.808200e-35 6.453518e-28 1.140551e-11 8.262809e-17 2.012819e-14 8.594911e-09 4.230434e-04 4.846599e-25 4.016144e-11 7.068442e-22 2.703122e-18 6.038130e-13 1.586439e-20 1.965530e-01 2.648747e-22 1.046970e-21 1.515265e-12 5.659960e-12 9.837931e-12 7.709439e-29 7.950064e-23 6.347995e-29 8.679974e-11 4.122796e-14 7.999354e-01 5.117498e-10 5.877351e-11 8.536476e-14 4.101843e-22 9.166677e-14 2.395227e-09 2.488983e-17 4.199175e-22 3.977211e-14 5.204718e-11 2.434421e-05 4.373011e-29 1.156322e-16 3.080368e-12 3.105527e-08 4.333387e-19 1.007582e-08 1.109090e-13 4.768501e-09 1.117547e-12 3.919629e-20 8.863208e-14 1.383087e-25 3.174452e-15 1.999172e-15 2.908637e-16 1.574864e-14 5.458582e-28 1.045899e-10 2.007486e-21 3.488193e-25 4.045825e-18 5.266692e-13 5.773202e-20 1.752815e-17 2.165076e-33 8.578554e-20 3.382672e-11 7.386053e-18 1.375370e-23 4.453230e-10 4.285125e-10 4.726448e-18 1.268934e-11 3.424006e-11 1.080017e-18 1.174474e-16 7.936783e-22 1.977791e-21 1.079241e-27 1.054576e-20 4.259004e-31 8.152681e-28 2.046788e-27 1.407245e-30 6.811661e-35 3.393442e-21 1.161994e-24 2.316001e-43 0.000000e+00 6.776588e-06 9.494137e-12
4.934396e-01 1.698345e-12 2.274737e-08 2.217773e-03 1.250914e-20 1.334335e-16 7.334595e-30 5.808376e-46 2.063653e-24 9.880202e-15 1.253979e-07 0.000000e+00 1.461272e-26 0.000000e+00 5.122205e-28 1.139304e-11 7.373943e-17 1.909059e-14 6.720000e-09 4.234066e-04 4.513997e-25 3.242107e-11 5.916039e-22 2.600044e-18 5.670355e-13 1.574328e-20 1.967198e-01 2.650986e-22 1.047931e-21 6.187232e-13 2.608909e-12 2.293742e-12 4.650340e-29 4.037530e-23 3.918675e-29 8.936309e-11 1.945747e-14 8.006144e-01 3.459347e-10 1.226552e-10 9.661995e-14 5.184677e-22 9.821054e-14 2.384353e-09 3.033672e-17 4.775850e-22 3.727738e-14 6.872929e-11 2.435099e-05 4.375038e-29 4.095240e-17 3.082986e-12 3.108166e-08 4.101330e-19 1.006911e-08 1.086242e-13 5.613765e-09 1.979356e-12 1.565431e-20 2.445417e-13 2.270974e-25 4.320092e-15 2.045464e-15 4.234343e-16 1.887419e-14 6.547681e-28 1.037919e-10 2.010452e-21 2.987683e-25 4.440384e-18 5.329991e-13 5.138166e-20 1.754294e-17 1.841340e-33 8.260585e-20 9.656189e-12 4.413660e-18 1.457335e-23 4.307252e-10 3.993237e-10 4.730443e-18 1.194544e-11 3.253076e-11 1.080930e-18 1.403018e-16 1.530877e-21 8.454397e-24 1.080223e-27 1.055464e-20 1.054118e-30 7.816437e-28 2.048536e-27 1.408342e-30 6.779190e-35 4.163703e-21 1.462432e-24 6.316428e-44 0.000000e+00 5.720898e-06 5.554618e-11
4.284310e-01 1.170230e-12 2.285726e-08 1.534256e-03 8.107888e-21 1.501562e-16 1.566822e-30 1.074989e-46 8.322773e-25 5.924015e-15 1.246086e-07 0.000000e+00 9.534668e-27 0.000000e+00 2.652082e-28 1.137084e-11 5.857540e-17 1.667277e-14 5.761799e-09 4.236988e-04 2.124097e-25 2.282451e-11 3.156287e-22 1.695651e-18 3.929230e-13 1.217423e-20 1.968546e-01 2.652790e-22 1.048737e-21 1.225859e-13 5.699307e-13 3.817092e-13 8.967637e-30 8.310935e-24 1.539028e-29 9.156277e-11 5.082647e-15 8.011629e-01 2.761901e-10 3.477063e-10 1.539230e-13 5.299803e-22 1.140660e-13 2.372658e-09 6.523158e-17 5.363110e-22 3.419574e-14 1.093490e-10 2.435244e-05 4.376411e-29 1.133623e-17 3.085102e-12 3.110294e-08 3.199172e-19 8.847969e-09 5.821071e-14 6.360656e-09 3.349926e-12 3.108575e-21 4.813071e-13 3.485960e-25 5.598838e-15 2.266619e-15 5.213918e-16 1.728316e-14 7.011419e-28 1.032693e-10 2.013465e-21 2.562395e-25 6.590149e-18 1.121958e-12 5.434610e-20 1.755488e-17 1.309040e-33 7.966991e-20 2.290992e-12 2.471429e-18 2.207902e-23 4.155014e-10 3.027939e-10 4.733662e-18 1.158919e-11 3.077703e-11 1.081666e-18 1.520667e-16 1.997183e-21 0.000000e+00 1.081043e-27 1.056178e-20 2.262612e-30 7.421689e-28 2.049952e-27 1.409223e-30 6.744263e-35 4.396249e-21 8.524422e-25 4.191254e-45 0.000000e+00 4.577955e-06 1.655830e-10
3.719869e-01 6.334826e-13 2.294291e-08 1.032837e-03 4.453077e-21 1.660105e-16 1.594290e-31 8.745801e-48 2.049587e-25 2.760657e-15 1.242931e-07 0.000000e+00 1.002676e-26 1.902270e-49 1.085673e-28 1.134170e-11 4.716362e-17 1.496435e-14 5.264628e-09 4.239128e-04 7.301469e-26 1.362708e-11 1.275081e-22 8.669333e-19 2.522419e-13 7.718901e-21 1.969535e-01 2.654108e-22 1.049365e-21 1.779363e-14 8.714986e-14 8.863301e-14 1.205903e-30 1.545851e-24 4.840283e-30 9.342213e-11 8.833213e-16 8.015652e-01 2.476605e-10 1.040773e-09 2.877820e-13 4.048049e-22 1.333051e-13 2.360096e-09 1.802992e-16 5.784194e-22 3.110742e-14 1.901676e-10 2.434802e-05 4.377045e-29 2.739835e-18 3.086655e-12 3.111856e-08 2.436721e-19 7.217279e-09 1.793516e-14 6.704264e-09 4.684900e-12 4.080332e-22 5.017589e-13 4.913844e-25 6.706668e-15 2.462364e-15 4.994383e-16 1.294806e-14 7.389845e-28 1.028696e-10 2.016453e-21 2.281381e-25 1.151246e-17 2.465923e-12 5.533726e-20 1.756361e-17 8.340314e-34 7.688292e-20 6.852887e-13 2.133926e-18 2.738024e-23 4.001579e-10 2.027786e-10 4.736014e-18 1.143041e-11 2.914244e-11 1.082205e-18 1.504907e-16 1.859714e-21 1.443305e-22 1.081676e-27 1.056697e-20 4.286976e-30 6.962410e-28 2.050998e-27 1.409853e-30 6.706627e-35 4.253244e-21 3.117617e-25 1.991470e-46 0.000000e+00 3.319465e-06 2.759503e-10
3.229791e-01 3.966821e-13 2.299991e-08 6.612439e-04 2.797584e-21 1.809719e-16 1.401819e-31 7.006696e-48 6.182498e-26 1.373473e-15 1.241378e-07 2.715130e-66 2.790050e-26 5.992976e-48 4.715553e-29 1.130591e-11 3.784152e-17 1.395212e-14 4.946701e-09 4.240712e-04 3.103037e-26 7.516848e-12 5.801939e-23 5.023561e-19 1.730526e-13 6.369275e-21 1.970268e-01 2.655079e-22 1.049875e-21 3.666802e-15 1.940576e-14 2.822023e-14 7.180015e-31 1.034940e-24 1.480533e-30 9.505514e-11 2.093974e-16 8.018634e-01 2.336126e-10 2.391453e-09 4.784928e-13 3.758904e-22 1.499411e-13 2.346056e-09 3.924422e-16 5.970302e-22 2.827237e-14 2.627891e-10 2.433801e-05 4.377091e-29 7.086083e-19 3.087809e-12 3.113012e-08 1.846240e-19 5.965918e-09 6.129006e-15 6.559235e-09 5.711792e-12 8.084014e-23 3.992002e-13 6.831385e-25 7.993082e-15 2.494583e-15 5.301938e-16 1.109448e-14 7.391680e-28 1.024779e-10 2.019599e-21 2.089075e-25 1.609329e-17 4.485976e-12 5.062707e-20 1.757005e-17 5.088012e-34 7.404145e-20 2.393122e-13 2.945341e-18 3.315125e-23 3.843818e-10 1.371080e-10 4.737745e-18 1.134503e-11 2.764365e-11 1.082604e-18 1.375680e-16 2.215977e-21 0.000000e+00 1.082183e-27 1.057078e-20 7.485470e-30 6.397601e-28 2.051780e-27 1.410301e-30 6.664327e-35 4.080404e-21 1.468198e-25 3.072266e-47 0.000000e+00 2.297270e-06 3.494406e-10
2.804279e-01 3.090249e-13 2.303702e-08 4.148340e-04 2.201122e-21 1.990438e-16 6.118994e-31 3.146348e-47 2.929018e-26 8.630661e-16 1.240353e-07 3.944114e-64 8.638559e-26 1.627595e-46 2.566631e-29 1.126149e-11 3.106253e-17 1.332310e-14 4.718547e-09 4.241764e-04 1.780185e-26 4.487814e-12 3.386371e-23 3.612127e-19 1.284876e-13 6.672370e-21 1.970754e-01 2.655712e-22 1.050279e-21 1.218866e-15 7.048947e-15 1.089658e-14 7.889286e-31 1.098718e-24 5.682278e-31 9.653237e-11 7.860572e-17 8.020611e-01 2.258352e-10 4.283904e-09 6.999326e-13 4.416008e-22 1.656565e-13 2.329759e-09 6.768632e-16 6.063729e-22 2.575734e-14 2.989734e-10 2.432128e-05 4.376500e-29 2.405731e-19 3.088577e-12 3.113779e-08 1.440715e-19 5.137174e-09 2.860866e-15 6.145910e-09 6.708889e-12 2.578815e-23 2.494849e-13 9.759800e-25 9.824824e-15 2.400095e-15 6.743773e-16 1.147391e-14 7.434067e-28 1.020376e-10 2.023041e-21 1.942760e-25 1.874306e-17 7.029073e-12 4.172014e-20 1.757427e-17 3.139863e-34 7.104499e-20 9.195042e-14 5.548884e-18 4.291630e-23 3.679640e-10 1.003108e-10 4.738874e-18 1.129058e-11 2.625293e-11 1.082866e-18 1.285270e-16 3.350947e-21 9.126513e-22 1.082577e-27 1.057322e-20 1.227177e-29 6.432296e-28 2.052312e-27 1.410571e-30 6.614782e-35 4.045454e-21 1.108118e-25 9.414386e-48 0.000000e+00 1.346184e-06 3.916204e-10
2.434827e-01 2.524416e-13 2.306781e-08 2.321366e-04 1.809008e-21 2.145958e-16 3.215870e-30 1.740982e-46 1.465335e-26 5.489261e-16 1.239261e-07 6.062643e-61 3.013204e-25 3.957039e-45 1.397821e-29 1.118799e-11 2.515678e-17 1.280918e-14 4.503632e-09 4.242545e-04 1.076996e-26 2.653695e-12 2.052025e-23 2.692466e-19 9.580550e-14 7.705650e-21 1.971114e-01 2.656163e-22 1.050711e-21 4.328646e-16 2.818983e-15 4.227312e-15 8.685083e-31 1.222045e-24 2.093867e-31 9.832314e-11 3.192967e-17 8.022077e-01 2.206509e-10 7.321165e-09 1.041893e-12 6.072994e-22 1.833079e-13 2.304197e-09 1.124632e-15 6.131373e-22 2.291678e-14 3.215522e-10 2.428891e-05 4.374896e-29 7.187752e-20 3.089154e-12 3.114346e-08 1.100144e-19 4.446920e-09 1.379400e-15 5.526734e-09 7.874115e-12 8.644001e-24 1.267148e-13 1.373547e-24 1.196767e-14 2.177998e-15 8.841894e-16 1.379364e-14 7.329848e-28 1.013464e-10 2.028245e-21 1.790455e-25 1.983452e-17 1.082008e-11 3.108272e-20 1.757731e-17 1.708150e-34 6.687924e-20 3.285916e-14 1.262103e-17 5.776995e-23 3.457158e-10 7.568355e-11 4.739674e-18 1.124214e-11 2.453376e-11 1.083058e-18 1.152279e-16 5.646002e-21 2.357315e-23 1.082981e-27 1.057489e-20 2.139988e-29 6.356542e-28 2.052730e-27 1.410722e-30 6.536102e-35 3.984491e-21 9.899184e-26 2.780137e-48 0.000000e+00 6.259998e-07 4.196363e-10
2.114048e-01 1.856771e-13 2.310276e-08 9.289311e-05 1.345945e-21 2.367233e-16 2.141730e-29 1.184821e-45 5.762259e-27 3.053829e-16 1.237254e-07 3.564832e-58 1.484054e-24 1.109777e-43 6.652080e-30 1.100959e-11 1.980273e-17 1.223067e-14 4.231921e-09 4.243144e-04 5.318827e-27 1.388693e-12 1.101999e-23 1.796803e-19 6.462727e-14 8.067432e-21 1.971389e-01 2.656445e-22 1.051441e-21 1.201805e-16 9.181594e-16 1.312326e-15 6.105166e-31 1.256483e-24 6.711747e-32 1.015274e-10 1.039697e-17 8.023195e-01 2.175837e-10 1.401311e-08 1.915097e-12 9.599261e-22 2.071559e-13 2.244997e-09 2.108203e-15 6.288768e-22 1.853758e-14 3.737471e-10 2.420363e-05 4.370343e-29 1.932769e-20 3.089614e-12 3.114777e-08 8.301107e-20 3.746405e-09 4.976128e-16 4.630255e-09 9.324879e-12 2.125334e-24 4.705898e-14 1.738608e-24 1.316115e-14 1.720797e-15 9.628313e-16 1.941264e-14 7.889171e-28 9.972066e-11 2.040116e-21 1.558999e-25 2.036309e-17 1.826100e-11 1.769124e-20 1.757937e-17 0.000000e+00 5.857360e-20 8.368766e-15 3.995635e-17 7.708716e-23 3.036729e-10 5.605234e-11 4.740170e-18 1.117759e-11 2.140974e-11 1.083195e-18 9.072194e-17 7.973703e-21 3.234810e-22 1.083631e-27 1.057570e-20 4.631075e-29 6.663982e-28 2.053126e-27 1.410699e-30 6.350730e-35 3.789985e-21 9.707560e-26 6.366693e-49 0.000000e+00 1.817249e-07 4.374563e-10
1.835531e-01 1.342320e-13 2.313405e-08 3.143182e-05 1.020715e-21 3.124484e-16 1.416336e-28 8.972825e-45 2.098473e-27 1.597691e-16 1.234128e-07 8.918560e-56 7.145965e-24 2.540793e-42 2.986454e-30 1.068216e-11 1.542400e-17 1.173815e-14 3.991129e-09 4.243411e-04 2.556011e-27 6.971939e-13 5.924574e-24 1.173336e-19 4.305727e-14 8.255274e-21 1.971510e-01 2.656444e-22 1.052594e-21 3.344586e-17 3.333805e-16 3.968471e-16 5.518946e-31 1.202279e-24 2.015754e-32 1.059471e-10 3.591072e-18 8.023690e-01 2.196919e-10 2.520266e-08 4.058867e-12 1.936043e-21 2.438028e-13 2.141028e-09 3.734791e-15 6.809346e-22 1.382760e-14 4.939503e-10 2.404191e-05 4.362090e-29 5.484387e-21 3.089861e-12 3.114962e-08 7.481723e-20 3.857640e-09 1.945287e-16 4.044102e-09 1.018741e-11 5.353233e-25 2.056054e-14 2.081909e-24 1.373200e-14 1.186440e-15 8.674315e-16 2.722890e-14 1.223198e-27 9.679972e-11 2.060854e-21 1.278358e-25 1.943585e-17 2.920540e-11 7.739579e-21 1.757974e-17 0.000000e+00 4.643495e-20 2.027413e-15 1.397039e-16 9.631118e-23 2.471499e-10 4.589860e-11 4.740148e-18 1.110648e-11 1.706440e-11 1.083240e-18 6.426728e-17 1.068707e-20 0.000000e+00 1.084619e-27 1.057509e-20 9.793575e-29 7.057391e-28 2.053466e-27 1.410446e-30 6.017547e-35 4.373966e-21 1.038093e-25 1.222292e-49 0.000000e+00 3.361984e-08 4.321089e-10
1.593707e-01 7.372423e-14 2.317087e-08 9.685237e-06 6.706195e-22 7.068379e-16 7.666065e-28 7.707111e-44 4.284910e-28 5.626825e-17 1.227998e-07 1.079338e-53 3.884750e-23 5.618579e-41 9.964664e-31 9.982194e-12 1.159753e-17 1.123471e-14 3.784572e-09 4.243503e-04 8.957871e-28 2.736683e-13 2.742319e-24 5.931700e-20 2.746789e-14 6.189686e-21 1.971553e-01 2.656143e-22 1.054988e-21 5.960837e-18 1.051671e-16 1.188540e-16 4.158504e-30 9.476433e-25 4.824750e-33 1.129273e-10 9.775536e-19 8.023867e-01 2.303986e-10 4.729555e-08 1.149823e-11 4.237568e-21 3.015841e-13 1.929327e-09 6.871378e-15 8.762046e-22 8.531744e-15 1.115533e-09 2.369073e-05 4.345614e-29 1.664304e-21 3.090056e-12 3.115017e-08 1.118832e-19 6.464868e-09 7.083990e-17 4.352395e-09 8.831837e-12 1.241813e-25 1.448466e-14 2.054442e-24 1.179708e-14 6.191267e-16 3.773476e-16 3.518492e-14 3.585142e-27 9.067999e-11 2.101886e-21 8.612735e-26 1.944150e-17 4.737633e-11 1.928832e-21 1.757865e-17 0.000000e+00 2.694130e-20 3.974089e-16 4.121956e-16 9.232032e-23 1.670443e-10 3.919685e-11 4.739562e-18 1.100338e-11 1.017984e-11 1.083221e-18 3.431061e-17 8.062309e-21 7.351737e-24 1.086632e-27 1.057258e-20 2.216517e-28 7.631033e-28 2.053993e-27 1.409858e-30 5.318622e-35 8.206899e-21 6.401146e-26 1.517763e-50 0.000000e+00 2.091246e-09 3.909949e-10
1.383743e-01 4.242427e-14 2.320725e-08 3.863303e-06 5.549612e-22 2.077480e-15 2.770195e-27 6.574695e-43 1.655244e-28 1.841713e-17 1.219930e-07 7.062056e-52 1.366584e-22 7.019657e-40 3.474374e-31 9.040731e-12 8.173900e-18 1.080304e-14 3.679137e-09 4.243517e-04 3.638422e-28 1.234102e-13 1.692202e-24 3.476596e-20 1.934327e-14 4.769939e-21 1.971565e-01 2.655667e-22 1.058271e-21 1.155283e-18 5.051859e-17 4.576907e-17 4.426897e-29 6.997254e-25 1.258142e-33 1.188925e-10 4.112561e-19 8.023918e-01 2.441194e-10 7.516990e-08 2.744917e-11 8.583708e-21 3.906927e-13 1.660260e-09 1.018817e-14 1.272538e-21 4.964020e-15 2.997105e-09 2.321055e-05 4.325026e-29 7.640336e-22 3.090252e-12 3.115018e-08 2.036841e-19 1.504925e-08 4.769650e-17 5.861390e-09 6.796265e-12 7.664007e-26 2.318622e-14 1.900259e-24 9.461419e-15 2.795528e-16 1.304516e-16 3.655846e-14 1.294080e-26 8.261437e-11 2.149043e-21 4.672205e-26 1.725727e-17 6.406543e-11 3.563485e-22 1.757677e-17 0.000000e+00 1.071659e-20 9.123318e-17 8.172819e-16 7.675547e-23 1.008291e-10 3.323261e-11 4.738636e-18 1.088778e-11 4.317253e-12 1.083175e-18 1.608727e-17 5.364972e-21 3.790490e-22 1.089363e-27 1.056888e-20 4.087878e-28 8.060552e-28 2.054708e-27 1.409156e-30 4.405884e-35 2.143039e-20 3.972395e-26 1.981994e-51 0.000000e+00 1.146074e-10 3.285423e-10
1.201440e-01 2.698807e-14 2.324939e-08 2.337827e-06 6.156964e-22 6.796783e-15 7.748807e-27 5.417402e-42 2.511942e-28 7.927668e-18 1.209247e-07 2.734276e-50 3.528835e-22 5.796152e-39 1.512581e-31 7.814471e-12 4.825366e-18 1.034552e-14 3.639409e-09 4.243499e-04 1.731454e-28 9.282297e-14 1.383586e-24 3.210302e-20 1.443835e-14 3.936112e-21 1.971567e-01 2.655018e-22 1.062739e-21 3.128647e-19 3.596092e-17 2.091947e-17 3.583124e-28 4.692799e-25 5.076677e-34 1.223348e-10 3.595961e-19 8.023937e-01 2.549999e-10 1.084773e-07 5.409536e-11 1.396556e-20 5.141042e-13 1.333857e-09 1.173299e-14 1.943669e-21 2.721370e-15 8.294870e-09 2.256543e-05 4.299546e-29 7.684766e-22 3.090502e-12 3.115001e-08 3.412282e-19 3.698350e-08 7.257854e-17 8.765126e-09 5.288798e-12 8.414563e-26 8.498384e-14 1.551497e-24 6.578221e-15 1.048291e-16 4.057503e-17 3.052726e-14 4.989395e-26 7.231913e-11 2.196085e-21 1.724661e-26 1.343977e-17 7.414944e-11 4.287926e-23 1.757420e-17 0.000000e+00 2.202518e-21 2.581809e-17 9.914250e-16 5.797544e-23 5.296749e-11 2.729828e-11 4.737354e-18 1.074547e-11 9.994813e-13 1.083113e-18 7.631809e-18 2.775714e-21 0.000000e+00 1.093033e-27 1.056391e-20 6.810914e-28 8.083134e-28 2.055727e-27 1.408356e-30 3.286939e-35 6.030547e-20 5.908440e-26 4.290781e-52 0.000000e+00 6.144402e-12 2.596660e-10
1.043155e-01 2.088811e-14 2.329909e-08 2.347109e-06 8.645195e-22 1.948332e-14 1.873369e-26 3.582243e-41 5.190265e-28 5.768713e-18 1.195696e-07 6.831476e-49 6.930402e-22 3.316647e-38 8.104197e-32 6.349297e-12 2.251267e-18 9.829765e-15 3.646161e-09 4.243458e-04 1.024715e-28 1.205031e-13 1.556934e-24 5.008703e-20 1.101998e-14 3.496129e-21 1.971566e-01 2.654205e-22 1.068548e-21 1.522369e-19 3.481677e-17 1.039588e-17 2.286000e-27 2.968539e-25 2.876068e-34 1.233766e-10 5.445983e-19 8.023945e-01 2.542800e-10 1.449926e-07 8.516466e-11 2.180795e-20 6.596770e-13 9.757357e-10 1.134129e-14 2.875596e-21 1.426403e-15 1.919143e-08 2.174090e-05 4.269195e-29 1.225397e-21 3.090822e-12 3.114973e-08 3.964265e-19 7.940994e-08 1.790005e-16 1.309542e-08 4.653133e-12 1.142803e-25 4.113692e-13 1.134847e-24 3.949645e-15 3.048761e-17 1.551098e-17 2.085050e-14 1.831006e-25 6.011497e-11 2.235744e-21 4.625975e-27 7.810389e-18 7.501964e-11 2.859460e-24 1.757092e-17 0.000000e+00 2.053781e-22 1.079015e-17 7.660990e-16 4.566907e-23 2.385767e-11 2.138199e-11 4.735709e-18 1.057052e-11 1.099506e-13 1.083039e-18 3.829461e-18 1.609525e-21 0.000000e+00 1.097733e-27 1.055770e-20 1.052766e-27 7.664588e-28 2.057151e-27 1.407491e-30 2.113434e-35 1.502843e-19 1.189275e-25 1.338942e-52 0.000000e+00 5.747682e-12 1.975021e-10
9.057237e-02 2.000946e-14 2.335512e-08 2.348379e-06 1.381837e-21 4.758544e-14 4.402927e-26 2.050754e-40 1.082005e-27 5.601037e-18 1.179532e-07 1.170606e-47 1.093223e-21 1.422223e-37 6.364405e-32 4.803550e-12 1.133725e-18 9.258850e-15 3.686179e-09 4.243402e-04 7.520959e-29 1.748254e-13 2.435724e-24 8.202319e-20 8.449183e-15 3.024946e-21 1.971564e-01 2.653269e-22 1.075673e-21 1.003502e-19 4.028769e-17 5.354841e-18 1.212022e-26 1.796617e-25 3.218069e-34 1.236595e-10 9.551060e-19 8.023956e-01 2.332368e-10 1.829264e-07 1.070985e-10 2.911356e-20 8.051780e-13 6.352041e-10 9.675214e-15 3.947062e-21 7.392552e-16 3.521346e-08 2.075127e-05 4.234795e-29 2.299073e-21 3.091214e-12 3.114941e-08 4.153958e-19 1.303609e-07 4.317172e-16 1.834817e-08 4.827757e-12 1.826356e-25 1.513215e-12 7.895868e-25 2.015263e-15 7.125713e-18 9.315407e-18 1.180103e-14 6.597622e-25 4.701693e-11 2.272485e-21 2.024914e-27 3.621799e-18 6.891852e-11 0.000000e+00 1.756704e-17 0.000000e+00 9.405123e-24 6.917227e-18 6.471055e-16 3.822025e-23 9.345940e-12 1.792586e-11 4.733748e-18 1.036422e-11 6.283738e-15 1.082957e-18 1.816742e-18 6.969161e-22 7.258587e-23 1.103371e-27 1.055057e-20 1.521571e-27 6.519868e-28 2.059077e-27 1.406613e-30 1.141078e-35 2.960515e-19 2.802700e-25 9.598176e-53 0.000000e+00 1.964108e-15 1.499713e-10
7.863982e-02 2.266558e-14 2.341645e-08 2.349978e-06 2.109858e-21 9.544643e-14 9.896097e-26 9.332577e-40 1.983031e-27 5.933118e-18 1.160732e-07 1.458768e-46 1.440148e-21 4.715540e-37 5.620834e-32 3.348038e-12 7.057313e-19 8.633236e-15 3.747180e-09 4.243331e-04 6.464844e-29 2.276703e-13 3.700615e-24 1.194656e-19 6.417537e-15 2.494021e-21 1.971562e-01 2.652237e-22 1.084212e-21 7.333480e-20 4.648453e-17 2.725612e-18 5.461773e-26 1.152710e-25 4.685701e-34 1.238733e-10 1.503548e-18 8.023969e-01 1.886825e-10 2.252237e-07 1.083817e-10 3.625470e-20 8.978917e-13 3.544653e-10 8.369008e-15 4.958201e-21 3.880422e-16 5.190253e-08 1.959409e-05 4.196260e-29 3.581158e-21 3.091685e-12 3.114904e-08 4.392858e-19 1.731369e-07 7.653537e-16 2.387159e-08 5.780593e-12 3.254778e-25 3.291971e-12 6.089682e-25 8.838295e-16 1.403206e-18 9.211644e-18 5.432383e-15 2.347633e-24 3.401960e-11 2.349642e-21 1.692442e-27 1.218098e-18 5.959034e-11 8.862268e-26 1.756254e-17 0.000000e+00 1.608855e-25 6.278631e-18 6.020678e-16 3.504327e-23 3.139211e-12 1.582645e-11 4.731480e-18 1.012466e-11 3.253268e-16 1.082870e-18 7.186689e-19 2.815779e-22 0.000000e+00 1.109886e-27 1.054274e-20 2.093518e-27 4.697886e-28 2.061549e-27 1.405740e-30 5.108955e-36 4.787105e-19 6.544721e-25 9.788966e-53 0.000000e+00 6.641194e-19 1.158344e-10
6.827934e-02 2.815912e-14 2.348024e-08 2.352057e-06 2.882545e-21 1.730503e-13 2.104970e-25 3.669248e-39 3.525564e-27 6.523909e-18 1.139864e-07 1.377591e-45 1.622524e-21 1.243610e-36 5.278710e-32 2.151581e-12 5.015953e-19 7.975676e-15 3.818937e-09 4.243248e-04 6.058141e-29 2.722849e-13 5.222036e-24 1.571724e-19 4.845611e-15 1.895967e-21 1.971560e-01 2.651178e-22 1.093967e-21 5.638415e-20 5.223057e-17 1.363024e-18 2.127067e-25 9.110545e-26 8.912497e-34 1.241048e-10 1.979574e-18 8.023983e-01 1.297680e-10 2.704697e-07 8.855648e-11 3.761165e-20 8.960692e-13 1.659451e-10 6.914561e-15 5.692787e-21 2.187666e-16 6.743631e-08 1.830685e-05 4.154580e-29 4.580827e-21 3.092223e-12 3.114862e-08 4.757836e-19 2.029921e-07 1.157849e-15 2.899093e-08 7.403992e-12 6.119705e-25 5.335835e-12 6.071958e-25 3.364278e-16 2.398339e-19 1.178848e-17 2.007217e-15 1.360172e-23 2.258533e-11 3.992245e-21 1.374824e-27 3.146235e-19 4.989239e-11 8.441980e-28 1.755754e-17 0.000000e+00 2.312953e-27 6.841839e-18 5.864648e-16 3.340301e-23 9.150458e-13 1.433034e-11 4.728991e-18 9.857853e-12 9.404031e-17 1.082779e-18 2.317513e-19 9.223207e-23 0.000000e+00 1.116870e-27 1.053475e-20 2.752749e-27 3.720616e-28 2.064670e-27 1.404905e-30 1.927535e-36 6.935773e-19 1.473883e-24 1.596933e-52 0.000000e+00 2.340650e-22 9.275994e-11
5.928381e-02 3.660645e-14 2.354603e-08 2.354731e-06 3.433476e-21 2.966948e-13 4.220588e-25 1.287429e-38 6.188989e-27 7.408433e-18 1.116821e-07 1.023752e-44 1.598540e-21 2.668738e-36 4.835549e-32 1.258215e-12 3.774554e-19 7.287829e-15 3.897464e-09 4.243152e-04 5.908805e-29 3.162963e-13 7.156207e-24 2.011641e-19 3.636945e-15 1.335577e-21 1.971556e-01 2.650130e-22 1.104994e-21 4.577351e-20 5.817857e-17 6.565176e-19 7.211631e-25 1.020987e-25 1.756666e-33 1.243611e-10 2.042455e-18 8.024000e-01 7.259811e-11 3.175636e-07 5.801789e-11 3.230375e-20 7.778811e-13 6.255644e-11 5.626012e-15 6.085264e-21 1.403696e-16 8.209727e-08 1.689140e-05 4.109313e-29 4.496646e-21 3.092836e-12 3.114816e-08 5.174765e-19 2.283062e-07 1.614649e-15 3.347665e-08 9.673887e-12 1.152957e-24 7.409516e-12 7.430913e-25 1.093571e-16 3.403509e-20 1.587618e-17 5.724899e-16 1.799440e-23 1.347177e-11 1.524703e-21 8.902849e-28 6.099694e-20 4.066586e-11 0.000000e+00 1.755201e-17 0.000000e+00 2.009796e-28 8.166652e-18 5.772396e-16 3.218579e-23 2.259398e-13 1.297001e-11 4.726290e-18 9.561704e-12 6.943172e-17 1.082685e-18 5.975831e-20 2.578832e-23 4.685490e-23 1.123967e-27 1.052694e-20 3.495195e-27 3.398189e-28 2.068797e-27 1.404109e-30 6.060195e-37 9.704514e-19 3.135102e-24 3.849803e-52 0.000000e+00 8.632310e-26 7.719232e-11
5.147341e-02 4.906457e-14 2.361043e-08 2.357939e-06 3.847439e-21 4.915881e-13 8.012511e-25 4.131999e-38 1.092862e-26 8.730681e-18 1.092664e-07 6.169799e-44 1.420653e-21 4.832692e-36 4.104300e-32 6.778676e-13 2.957168e-19 6.605394e-15 3.977386e-09 4.243049e-04 6.028628e-29 3.671687e-13 9.798169e-24 2.585912e-19 2.767601e-15 9.091028e-22 1.971553e-01 2.649189e-22 1.116753e-21 3.970825e-20 6.907241e-17 3.086829e-19 2.154262e-24 1.528284e-25 3.254320e-33 1.246310e-10 1.646412e-18 8.024017e-01 3.281423e-11 3.627830e-07 3.108362e-11 2.314198e-20 5.844143e-13 1.903009e-11 4.637182e-15 6.254938e-21 1.094844e-16 9.597460e-08 1.542741e-05 4.062274e-29 3.376427e-21 3.093498e-12 3.114767e-08 5.654326e-19 2.548112e-07 2.180584e-15 3.705615e-08 1.263503e-11 2.123876e-24 9.476960e-12 9.892772e-25 3.097813e-17 4.036136e-21 2.094966e-17 1.280444e-16 1.282153e-23 7.261920e-12 3.303862e-22 4.580631e-28 9.191354e-21 3.240472e-11 4.605253e-28 1.754617e-17 0.000000e+00 1.835001e-27 1.035309e-17 5.688693e-16 3.110842e-23 4.815514e-14 1.163192e-11 4.723525e-18 9.249374e-12 5.694559e-17 1.082592e-18 1.280882e-20 6.358214e-24 5.938216e-23 1.130358e-27 1.052007e-20 4.236785e-27 2.438168e-28 2.073504e-27 1.403384e-30 1.636988e-37 1.353942e-18 6.291361e-24 1.231758e-51 0.000000e+00 3.500436e-29 6.692321e-11
4.469200e-02 6.825510e-14 2.367333e-08 2.361735e-06 4.599590e-21 7.989295e-13 1.444712e-24 1.238988e-37 1.937898e-26 1.059064e-17 1.067402e-07 3.089763e-43 1.200292e-21 7.843527e-36 3.400516e-32 3.338664e-13 2.403329e-19 5.931414e-15 4.057957e-09 4.242940e-04 6.565744e-29 4.257222e-13 1.343829e-23 3.311126e-19 2.165131e-15 6.107207e-22 1.971548e-01 2.648401e-22 1.129194e-21 3.610642e-20 9.082361e-17 1.397494e-19 5.761178e-24 2.553670e-25 6.026257e-33 1.249145e-10 1.021528e-18 8.024036e-01 1.178051e-11 4.057926e-07 1.370717e-11 1.356276e-20 3.680199e-13 4.533741e-12 3.878830e-15 6.449968e-21 1.030015e-16 1.089096e-07 1.393494e-05 4.013193e-29 1.980393e-21 3.094211e-12 3.114716e-08 6.278085e-19 2.806452e-07 2.912514e-15 3.972341e-08 1.671143e-11 3.770027e-24 1.148180e-11 1.321212e-24 7.500279e-18 1.574363e-21 2.635609e-17 2.235259e-17 3.646114e-24 3.503406e-12 3.313075e-23 1.839165e-28 1.067132e-21 2.504779e-11 1.644657e-25 1.754001e-17 0.000000e+00 1.715208e-25 1.400476e-17 5.582524e-16 2.990709e-23 8.730848e-15 1.030969e-11 4.720716e-18 8.920681e-12 4.952431e-17 1.082499e-18 2.291092e-21 1.301710e-24 2.279227e-22 1.135584e-27 1.051453e-20 4.956262e-27 1.721539e-28 2.078895e-27 1.402723e-30 3.788016e-38 1.877753e-18 1.199943e-23 4.719776e-51 0.000000e+00 1.566056e-32 5.993076e-11
3.880401e-02 9.763588e-14 2.373394e-08 2.366099e-06 6.478311e-21 1.267843e-12 2.482620e-24 3.450566e-37 3.373533e-26 1.325050e-17 1.041349e-07 1.316340e-42 1.060330e-21 1.259071e-35 3.945509e-32 1.506661e-13 2.012888e-19 5.277505e-15 4.138479e-09 4.242825e-04 7.746849e-29 4.972163e-13 1.858254e-23 4.301045e-19 1.784273e-15 4.427731e-22 1.971543e-01 2.647822e-22 1.142108e-21 3.457237e-20 1.303754e-16 6.055258e-20 1.394674e-23 4.334582e-25 1.145198e-32 1.252078e-10 4.862732e-19 8.024056e-01 3.362649e-12 4.460386e-07 5.072553e-12 6.705168e-21 1.789411e-13 8.127359e-13 3.392218e-15 6.902060e-21 1.103034e-16 1.204918e-07 1.245540e-05 3.962396e-29 9.548780e-22 3.094968e-12 3.114663e-08 7.022889e-19 3.090695e-07 3.792489e-15 4.148483e-08 2.223325e-11 6.435246e-24 1.307572e-11 1.718397e-24 1.549235e-18 5.516741e-21 3.138723e-17 3.095884e-18 0.000000e+00 1.513009e-12 0.000000e+00 5.836145e-29 9.532839e-23 1.875072e-11 1.168317e-24 1.753359e-17 0.000000e+00 1.403848e-24 1.997306e-17 5.423035e-16 2.854150e-23 1.339807e-15 9.087594e-12 4.717917e-18 8.579599e-12 4.500004e-17 1.082408e-18 3.510330e-22 2.368666e-25 3.156569e-21 1.139208e-27 1.051080e-20 5.620382e-27 1.475475e-28 2.084762e-27 1.402126e-30 7.592945e-39 2.614279e-18 2.169000e-23 1.787529e-50 0.000000e+00 7.811012e-36 5.488015e-11
3.369173e-02 1.434665e-13 2.379197e-08 2.371003e-06 1.069920e-20 1.975951e-12 4.081726e-24 9.025810e-37 5.722014e-26 1.703525e-17 1.014690e-07 4.869307e-42 1.052842e-21 2.162639e-35 2.096621e-32 6.243456e-14 1.730162e-19 4.651430e-15 4.218370e-09 4.242707e-04 1.013477e-28 5.834309e-13 2.587655e-23 5.630261e-19 1.587775e-15 3.579008e-22 1.971536e-01 2.647501e-22 1.155313e-21 3.452052e-20 1.989567e-16 2.495811e-20 3.094129e-23 7.179559e-25 1.746551e-32 1.255087e-10 1.815767e-19 8.024075e-01 7.776318e-13 4.834387e-07 1.593215e-12 2.806022e-21 5.530885e-14 1.053840e-13 3.051671e-15 7.771076e-21 1.265875e-16 1.303277e-07 1.102305e-05 3.909971e-29 5.007645e-22 3.095767e-12 3.114608e-08 7.933087e-19 3.382593e-07 4.841274e-15 4.237936e-08 2.981783e-11 1.056405e-23 1.408737e-11 2.149175e-24 2.734194e-19 0.000000e+00 3.552631e-17 3.477217e-19 0.000000e+00 5.867160e-13 0.000000e+00 1.477352e-29 6.613477e-24 1.362791e-11 0.000000e+00 1.752694e-17 0.000000e+00 0.000000e+00 2.981391e-17 5.211859e-16 2.697903e-23 1.746285e-16 8.076250e-12 4.715158e-18 8.228602e-12 4.258712e-17 1.082319e-18 4.718459e-23 3.791907e-26 4.917198e-22 1.140790e-27 1.050927e-20 6.157149e-27 7.321071e-29 2.085469e-27 1.401588e-30 1.331269e-39 3.638323e-18 3.740576e-23 6.669839e-50 0.000000e+00 4.369384e-39 5.088026e-11
2.925298e-02 2.138658e-13 2.384786e-08 2.376445e-06 1.920765e-20 3.020062e-12 6.439711e-24 2.215304e-36 9.361963e-26 2.245326e-17 9.872713e-08 1.595877e-41 1.119246e-21 3.800391e-35 0.000000e+00 2.364951e-14 1.509378e-19 4.053426e-15 4.297550e-09 4.242584e-04 1.474274e-28 6.890565e-13 3.630523e-23 7.478136e-19 1.549581e-15 3.238850e-22 1.971529e-01 2.647480e-22 1.168669e-21 3.586513e-20 3.125442e-16 9.683170e-21 6.374374e-23 1.152888e-24 0.000000e+00 1.258182e-10 5.443193e-20 8.024096e-01 1.494182e-13 5.184180e-07 4.234625e-13 1.003222e-21 9.553781e-15 1.044219e-14 2.831991e-15 9.182682e-21 1.497301e-16 1.382148e-07 9.652516e-06 3.855337e-29 4.181168e-22 3.096615e-12 3.114551e-08 8.872316e-19 3.700815e-07 6.005938e-15 4.250011e-08 3.994106e-11 1.671723e-23 1.431055e-11 2.554226e-24 4.219247e-20 0.000000e+00 3.825576e-17 3.207271e-20 0.000000e+00 2.032965e-13 0.000000e+00 3.085355e-30 3.585995e-25 9.631263e-12 0.000000e+00 1.752000e-17 0.000000e+00 0.000000e+00 4.565530e-17 4.920536e-16 2.513103e-23 1.974494e-17 7.375301e-12 4.712433e-18 7.865882e-12 4.129128e-17 1.082230e-18 5.712508e-24 5.614857e-27 0.000000e+00 1.139646e-27 1.051036e-20 6.650901e-27 4.386674e-29 2.090175e-27 1.401097e-30 2.038891e-40 5.085373e-18 6.156581e-23 2.297764e-49 0.000000e+00 2.715096e-42 4.727989e-11
2.539902e-02 3.215881e-13 2.390117e-08 2.382306e-06 3.587642e-20 4.542020e-12 9.790734e-24 5.143449e-36 1.477303e-25 3.028444e-17 9.594527e-08 4.716371e-41 1.137214e-21 6.130427e-35 1.827244e-32 8.292815e-15 1.337381e-19 3.494986e-15 4.373038e-09 4.242457e-04 2.369288e-28 8.180743e-13 5.127960e-23 1.005489e-18 1.657185e-15 3.100992e-22 1.971521e-01 2.647806e-22 1.181639e-21 3.862954e-20 4.987499e-16 3.601224e-21 1.227250e-22 1.790284e-24 3.373617e-31 1.261318e-10 1.361623e-20 8.024116e-01 2.471086e-14 5.506732e-07 9.750464e-14 3.133143e-22 1.099688e-15 8.670896e-16 2.686005e-15 1.126069e-20 1.787262e-16 1.439000e-07 8.380931e-06 3.798929e-29 5.146545e-22 3.097503e-12 3.114492e-08 1.000319e-18 4.041354e-07 7.260617e-15 4.194570e-08 5.319106e-11 2.558861e-23 1.377046e-11 2.889407e-24 6.488056e-21 0.000000e+00 3.966052e-17 2.513695e-21 5.123555e-22 6.376999e-14 8.096472e-22 6.060464e-31 1.591449e-26 6.680564e-12 0.000000e+00 1.751281e-17 0.000000e+00 0.000000e+00 7.078727e-17 4.581067e-16 2.314379e-23 2.206091e-18 7.116724e-12 4.709783e-18 7.496535e-12 4.069848e-17 1.082142e-18 6.901460e-25 8.445917e-28 7.739116e-22 1.134810e-27 1.051446e-20 7.113265e-27 2.960293e-29 2.113096e-27 1.400653e-30 2.775019e-41 7.137689e-18 9.722962e-23 7.330557e-49 0.000000e+00 1.891719e-45 4.370022e-11
2.205280e-02 4.854747e-13 2.395308e-08 2.388623e-06 6.872670e-20 6.743882e-12 1.438397e-23 1.137264e-35 2.252389e-25 4.164198e-17 9.308420e-08 1.276161e-40 1.024975e-21 8.464472e-35 1.753007e-31 2.683952e-15 1.177314e-19 2.971895e-15 4.442288e-09 4.242325e-04 4.126037e-28 9.730679e-13 7.272135e-23 1.362142e-18 1.913172e-15 2.978995e-22 1.971511e-01 2.648534e-22 1.193993e-21 4.282297e-20 8.000087e-16 1.342321e-21 2.232713e-22 2.691291e-24 1.538221e-31 1.264529e-10 2.859247e-21 8.024137e-01 3.531392e-15 5.808969e-07 1.949613e-14 8.545713e-23 9.567447e-17 6.160349e-17 2.584079e-15 1.426893e-20 2.141080e-16 1.472317e-07 7.205219e-06 3.739645e-29 7.122813e-22 3.098447e-12 3.114430e-08 1.105173e-18 4.389713e-07 8.556333e-15 4.080664e-08 7.026228e-11 3.796119e-23 1.258053e-11 3.098284e-24 1.224709e-21 0.000000e+00 3.966977e-17 1.692507e-22 0.000000e+00 1.797593e-14 0.000000e+00 1.385101e-31 5.965440e-28 4.545498e-12 0.000000e+00 1.750526e-17 0.000000e+00 0.000000e+00 1.101572e-16 4.183222e-16 2.094381e-23 2.999025e-19 7.450962e-12 4.707174e-18 7.115777e-12 4.046718e-17 1.082054e-18 1.007018e-25 1.548104e-28 7.558959e-21 1.125268e-27 1.052207e-20 7.551694e-27 6.258571e-29 2.130332e-27 1.400243e-30 3.323881e-42 1.003969e-17 1.480298e-22 2.187687e-48 0.000000e+00 1.452041e-48 3.980543e-11
1.914743e-02 7.329904e-13 2.400377e-08 2.395289e-06 1.346914e-19 9.910534e-12 2.049209e-23 2.409861e-35 3.329889e-25 5.829968e-17 9.017210e-08 3.199525e-40 8.136222e-22 9.971619e-35 0.000000e+00 8.280409e-16 1.040164e-19 2.492700e-15 4.499544e-09 4.242187e-04 7.596208e-28 1.157695e-12 1.034337e-22 1.855990e-18 2.334221e-15 2.841109e-22 1.971500e-01 2.649711e-22 1.205349e-21 4.875549e-20 1.283229e-15 6.051243e-22 3.869313e-22 3.926471e-24 2.800308e-31 1.267773e-10 5.185933e-22 8.024158e-01 4.473752e-16 6.089224e-07 3.446571e-15 2.071817e-23 6.760678e-18 3.821441e-18 2.510859e-15 1.859698e-20 2.565790e-16 1.480629e-07 6.146659e-06 3.677729e-29 1.014213e-21 3.099444e-12 3.114366e-08 1.207613e-18 4.737936e-07 9.839124e-15 3.917645e-08 9.175677e-11 5.498249e-23 1.094134e-11 3.170103e-24 2.992483e-22 9.767285e-22 3.865958e-17 1.032840e-23 0.000000e+00 4.610913e-15 0.000000e+00 3.949215e-32 0.000000e+00 3.054130e-12 1.020367e-24 1.749738e-17 0.000000e+00 1.292361e-25 1.707699e-16 3.759875e-16 1.868241e-23 5.222505e-20 8.591563e-12 4.704632e-18 6.727869e-12 4.035715e-17 1.081965e-18 2.048566e-26 3.977655e-29 0.000000e+00 1.110670e-27 1.053358e-20 7.662521e-27 5.241175e-29 2.120581e-27 1.399866e-30 3.543013e-43 1.414795e-17 2.183240e-22 6.126010e-48 0.000000e+00 1.235479e-51 3.538388e-11
1.662484e-02 1.110533e-12 2.405476e-08 2.402330e-06 2.725812e-19 1.449465e-11 2.838378e-23 4.946687e-35 4.809964e-25 8.301524e-17 8.718872e-08 7.498071e-40 5.961940e-22 1.055572e-34 3.951746e-31 2.608664e-16 9.070961e-20 2.056663e-15 4.538901e-09 4.242042e-04 1.460432e-27 1.372498e-12 1.473665e-22 2.521586e-18 2.962587e-15 2.675476e-22 1.971487e-01 2.651409e-22 1.215793e-21 5.665283e-20 2.061309e-15 4.391801e-22 6.446824e-22 5.555134e-24 5.121114e-31 1.271064e-10 8.243797e-23 8.024180e-01 5.071823e-17 6.351115e-07 5.354530e-16 4.396278e-24 4.064499e-19 2.224266e-19 2.432396e-15 2.499560e-20 3.086031e-16 1.463006e-07 5.201766e-06 3.612374e-29 1.498341e-21 3.100506e-12 3.114299e-08 1.297274e-18 5.037155e-07 1.111658e-14 3.708771e-08 1.188364e-10 7.749877e-23 9.103586e-12 3.102230e-24 8.002242e-23 0.000000e+00 3.686436e-17 6.602671e-25 0.000000e+00 1.075604e-15 0.000000e+00 1.198727e-32 0.000000e+00 2.025631e-12 0.000000e+00 1.748907e-17 0.000000e+00 0.000000e+00 2.644113e-16 3.323657e-16 1.637080e-23 9.860079e-21 1.085648e-11 4.702138e-18 6.330695e-12 4.046874e-17 1.081875e-18 5.069354e-27 1.210407e-29 7.586187e-21 1.091110e-27 1.054978e-20 7.532348e-27 6.154954e-29 2.198533e-27 1.399513e-30 3.335981e-44 1.983239e-17 3.144805e-22 1.698982e-47 0.000000e+00 1.155396e-54 3.013832e-11
1.443458e-02 1.673756e-12 2.410709e-08 2.409644e-06 5.659504e-19 2.107147e-11 3.832226e-23 9.831063e-35 6.803999e-25 1.198925e-16 8.416598e-08 1.654426e-39 4.554052e-22 1.135947e-34 1.970536e-31 1.003651e-16 7.745596e-20 1.670410e-15 4.554260e-09 4.241891e-04 2.867040e-27 1.619167e-12 2.098443e-22 3.426199e-18 3.858331e-15 2.619791e-22 1.971474e-01 2.653674e-22 1.225379e-21 6.719195e-20 3.288190e-15 5.509688e-22 1.040850e-21 7.668900e-24 2.309838e-30 1.274350e-10 1.178785e-23 8.024201e-01 5.272588e-18 6.592057e-07 7.372849e-17 8.292016e-25 2.165397e-20 1.288715e-20 2.359544e-15 3.462661e-20 3.723047e-16 1.420710e-07 4.378791e-06 3.543862e-29 2.270445e-21 3.101627e-12 3.114228e-08 1.360834e-18 5.305704e-07 1.227745e-14 3.461008e-08 1.514258e-10 1.071964e-22 7.240807e-12 2.927565e-24 2.113102e-23 1.102970e-21 3.465213e-17 6.846847e-26 0.000000e+00 2.315640e-16 0.000000e+00 3.514471e-33 0.000000e+00 1.334292e-12 2.039167e-24 1.748037e-17 0.000000e+00 1.556247e-24 4.048021e-16 2.896778e-16 1.413716e-23 1.814664e-21 1.458242e-11 4.699715e-18 5.929329e-12 4.033593e-17 1.081783e-18 1.320507e-27 3.877569e-30 2.510023e-21 1.067297e-27 1.057090e-20 6.837922e-27 0.000000e+00 2.208809e-27 1.399184e-30 2.797584e-45 2.772957e-17 4.435208e-22 4.474854e-47 0.000000e+00 1.195601e-57 2.383380e-11
1.253288e-02 2.553015e-12 2.416330e-08 2.417270e-06 1.240511e-18 3.074876e-11 5.057222e-23 1.929423e-34 9.599970e-25 1.766543e-16 8.109433e-08 3.451321e-39 4.094110e-22 1.412384e-34 6.138314e-31 5.430003e-17 6.653042e-20 1.333246e-15 4.540308e-09 4.241732e-04 5.806511e-27 1.897447e-12 3.002187e-22 4.587226e-18 5.118374e-15 2.508049e-22 1.971459e-01 2.656584e-22 1.234255e-21 8.084450e-20 5.310365e-15 1.114736e-21 1.654859e-21 1.024594e-23 0.000000e+00 1.277628e-10 1.598847e-24 8.024224e-01 5.087031e-19 6.813677e-07 8.878091e-18 1.334943e-25 9.020124e-22 5.164473e-22 2.238098e-15 4.963021e-20 4.530627e-16 1.355014e-07 3.668643e-06 3.471526e-29 3.752663e-21 3.102819e-12 3.114154e-08 1.445124e-18 5.421474e-07 1.354139e-14 3.170065e-08 1.921000e-10 1.455925e-22 5.567889e-12 2.683944e-24 5.275287e-24 2.055324e-23 3.239323e-17 1.384281e-26 0.000000e+00 4.634975e-17 0.000000e+00 9.578320e-34 0.000000e+00 8.744240e-13 4.345060e-26 1.747119e-17 0.000000e+00 3.954959e-25 6.238994e-16 2.513042e-16 1.201592e-23 3.142544e-22 2.019774e-11 4.697351e-18 5.523405e-12 4.086519e-17 1.081690e-18 3.383450e-28 1.107811e-30 5.135359e-21 1.039459e-27 1.059777e-20 6.627834e-27 3.550117e-29 2.239731e-27 1.398873e-30 2.075926e-46 3.795241e-17 6.238185e-22 1.303468e-46 0.000000e+00 1.368590e-60 1.613815e-11
1.088173e-02 3.854992e-12 2.422625e-08 2.425190e-06 2.786766e-18 4.468723e-11 6.527669e-23 3.691588e-34 1.350144e-24 2.630728e-16 7.795515e-08 6.848174e-39 4.366708e-22 2.042928e-34 1.461461e-31 3.811630e-17 5.608727e-20 1.044796e-15 4.496913e-09 4.241563e-04 1.180768e-26 2.203741e-12 4.285070e-22 6.108093e-18 6.884246e-15 2.463036e-22 1.971442e-01 2.660243e-22 1.242230e-21 9.867390e-20 8.512093e-15 3.663318e-21 2.662291e-21 1.340889e-23 6.538122e-28 1.280892e-10 3.280217e-25 8.024246e-01 4.581808e-20 7.012448e-07 9.252855e-19 1.862220e-26 0.000000e+00 0.000000e+00 2.111795e-15 7.360772e-20 5.537897e-16 1.271715e-07 3.058587e-06 3.394386e-29 6.443174e-21 3.104097e-12 3.114075e-08 1.492701e-18 5.476947e-07 1.468230e-14 2.846611e-08 2.380020e-10 1.956957e-22 4.120979e-12 2.394795e-24 5.235782e-25 0.000000e+00 3.004789e-17 1.881568e-27 0.000000e+00 8.653224e-18 0.000000e+00 1.096369e-34 0.000000e+00 5.706680e-13 0.000000e+00 1.746143e-17 0.000000e+00 0.000000e+00 9.439580e-16 2.172846e-16 1.001017e-23 2.139380e-23 2.667086e-11 4.695023e-18 5.112156e-12 4.091157e-17 1.081593e-18 4.040404e-29 1.378306e-31 8.087074e-22 1.007259e-27 1.063127e-20 6.756754e-27 5.798026e-30 2.255148e-27 1.398576e-30 1.350875e-47 5.133400e-17 8.745007e-22 3.688697e-46 0.000000e+00 1.716588e-63 8.584863e-12
9.448103e-03 5.833548e-12 2.429948e-08 2.433379e-06 6.528896e-18 6.508676e-11 8.263113e-23 6.985739e-34 1.939710e-24 3.995910e-16 7.474622e-08 1.296887e-38 4.978311e-22 3.113550e-34 0.000000e+00 2.920067e-17 4.722128e-20 8.056227e-16 4.425995e-09 4.241381e-04 2.430851e-26 2.548039e-12 6.164444e-22 8.051785e-18 9.345484e-15 2.296703e-22 1.971424e-01 2.664767e-22 1.248577e-21 1.222322e-19 1.380175e-14 1.739503e-20 4.734477e-21 1.711168e-23 0.000000e+00 1.284117e-10 4.178665e-25 8.024270e-01 3.895872e-21 7.184976e-07 8.646416e-20 2.528102e-27 8.936405e-22 1.905711e-21 1.961307e-15 1.128048e-19 6.799708e-16 1.175910e-07 2.538825e-06 3.311738e-29 1.199099e-20 3.105476e-12 3.113990e-08 1.538039e-18 5.399200e-07 1.593159e-14 2.496120e-08 2.895318e-10 2.604354e-22 2.964232e-12 2.097422e-24 5.592532e-25 0.000000e+00 2.786874e-17 1.731324e-27 0.000000e+00 1.523803e-18 0.000000e+00 1.375222e-34 0.000000e+00 3.722328e-13 3.899662e-27 1.745099e-17 0.000000e+00 0.000000e+00 1.417934e-15 1.954942e-16 8.173475e-24 1.573048e-23 3.174360e-11 4.692725e-18 4.697296e-12 4.117232e-17 1.081491e-18 3.791500e-29 8.693615e-32 0.000000e+00 9.700399e-28 1.067244e-20 7.373797e-27 5.156900e-30 2.261566e-27 1.398287e-30 7.681578e-49 6.772408e-17 1.252185e-21 1.136969e-45 0.000000e+00 2.362064e-66 3.225515e-12
8.203354e-03 8.674530e-12 2.438790e-08 2.441827e-06 1.541363e-17 9.438450e-11 1.026278e-22 1.293253e-33 2.866603e-24 6.110683e-16 7.142748e-08 2.356353e-38 5.642879e-22 4.645765e-34 1.093906e-30 2.260699e-17 3.896254e-20 6.142157e-16 4.334652e-09 4.241184e-04 4.951838e-26 2.919973e-12 8.843007e-22 1.055156e-17 1.276875e-14 2.120844e-22 1.971403e-01 2.670373e-22 1.251909e-21 1.530155e-19 2.228227e-14 0.000000e+00 1.081842e-20 2.153300e-23 0.000000e+00 1.287303e-10 1.128187e-24 8.024295e-01 3.113025e-22 7.326184e-07 0.000000e+00 6.015237e-28 0.000000e+00 0.000000e+00 1.812644e-15 1.781282e-19 8.338697e-16 1.073746e-07 2.093270e-06 3.221712e-29 2.293576e-20 3.106986e-12 3.113898e-08 1.549451e-18 5.286577e-07 1.707592e-14 2.136893e-08 3.404277e-10 3.444943e-22 2.068070e-12 1.800385e-24 1.290178e-25 0.000000e+00 2.569800e-17 5.501941e-28 0.000000e+00 2.520616e-19 0.000000e+00 5.084182e-35 8.620241e-23 2.421262e-13 0.000000e+00 1.743964e-17 0.000000e+00 3.587745e-26 2.068308e-15 1.941457e-16 6.502542e-24 2.493519e-24 3.421233e-11 4.690420e-18 4.276592e-12 4.055448e-17 1.081383e-18 9.572151e-30 3.743222e-32 2.691454e-21 9.264088e-28 1.072315e-20 7.933892e-27 5.010806e-30 2.264059e-27 1.398002e-30 3.758119e-50 8.798879e-17 1.844218e-21 3.404550e-45 0.000000e+00 3.507811e-69 7.643252e-13
7.122595e-03 1.269922e-11 2.449472e-08 2.450254e-06 3.650670e-17 1.363764e-10 1.254459e-22 2.352716e-33 4.447133e-24 9.406455e-16 6.807889e-08 4.121479e-38 6.169553e-22 6.597522e-34 1.919831e-32 1.736467e-17 3.230257e-20 4.744068e-16 4.233954e-09 4.240972e-04 9.913709e-26 3.322443e-12 1.266861e-21 1.376598e-17 1.740694e-14 1.942319e-22 1.971381e-01 2.677057e-22 1.249956e-21 1.935675e-19 3.609246e-14 1.193546e-21 3.330488e-20 2.683484e-23 6.686607e-28 1.290331e-10 3.226381e-24 8.024322e-01 2.408185e-23 7.431501e-07 0.000000e+00 1.706257e-27 0.000000e+00 0.000000e+00 1.668943e-15 2.863282e-19 1.014433e-15 9.699638e-08 1.721495e-06 3.125540e-29 4.476955e-20 3.108610e-12 3.113800e-08 1.564445e-18 5.153049e-07 1.814357e-14 1.791988e-08 3.873589e-10 4.546135e-22 1.406423e-12 1.535872e-24 0.000000e+00 6.928067e-25 2.383278e-17 0.000000e+00 0.000000e+00 4.030549e-20 7.012761e-40 0.000000e+00 2.928114e-23 1.588611e-13 0.000000e+00 1.742752e-17 0.000000e+00 7.398357e-27 2.934464e-15 2.380067e-16 5.109078e-24 0.000000e+00 3.491852e-11 4.688153e-18 3.863165e-12 3.919999e-17 1.081270e-18 0.000000e+00 0.000000e+00 2.970715e-23 8.764721e-28 1.078342e-20 8.451463e-27 4.310195e-30 2.240601e-27 1.397723e-30 1.614426e-51 1.126463e-16 2.851326e-21 9.981617e-45 0.000000e+00 5.732688e-72 1.061784e-13
6.184222e-03 1.820880e-11 2.462703e-08 2.458600e-06 8.553422e-17 1.961094e-10 1.511243e-22 4.203218e-33 7.280086e-24 1.443342e-15 6.469589e-08 6.965592e-38 6.486264e-22 8.896107e-34 6.228821e-33 1.321438e-17 2.755915e-20 3.835336e-16 4.133317e-09 4.240743e-04 1.934037e-25 3.736538e-12 1.797760e-21 1.781914e-17 2.360354e-14 1.802229e-22 1.971356e-01 2.685036e-22 1.239865e-21 2.457707e-19 5.856053e-14 1.840312e-21 1.178434e-19 3.332873e-23 7.409782e-29 1.293166e-10 9.075480e-24 8.024350e-01 1.836364e-24 7.498739e-07 0.000000e+00 3.929884e-27 0.000000e+00 0.000000e+00 1.529031e-15 4.674343e-19 1.222172e-15 8.680771e-08 1.410658e-06 3.022070e-29 8.724305e-20 3.110370e-12 3.113694e-08 1.622401e-18 5.033822e-07 1.905764e-14 1.475012e-08 4.256835e-10 5.987875e-22 9.345639e-13 1.304567e-24 0.000000e+00 6.137427e-24 2.221938e-17 0.000000e+00 0.000000e+00 6.242906e-21 5.743417e-38 0.000000e+00 4.350452e-26 1.051677e-13 4.114334e-26 1.741450e-17 0.000000e+00 2.375013e-26 4.035657e-15 3.657244e-16 3.969934e-24 0.000000e+00 3.504491e-11 4.685908e-18 3.459209e-12 3.685168e-17 1.081151e-18 0.000000e+00 0.000000e+00 5.318852e-24 8.193999e-28 1.085552e-20 8.942535e-27 3.977236e-30 2.230020e-27 1.397446e-30 6.052977e-53 1.427675e-16 4.652030e-21 2.770291e-44 0.000000e+00 1.021621e-74 8.318877e-15
5.369475e-03 2.560238e-11 2.479011e-08 2.466597e-06 1.972722e-16 2.806377e-10 1.799464e-22 7.396620e-33 1.252288e-23 2.194850e-15 6.137577e-08 1.140549e-37 6.581306e-22 1.144241e-33 2.066209e-31 1.003216e-17 2.532301e-20 3.404863e-16 4.042831e-09 4.240500e-04 3.654717e-25 4.144904e-12 2.517244e-21 2.284569e-17 3.161517e-14 1.721393e-22 1.971330e-01 2.694289e-22 1.218798e-21 3.119042e-19 9.551159e-14 2.656055e-21 4.111496e-19 4.146421e-23 0.000000e+00 1.295697e-10 2.471546e-23 8.024379e-01 2.328595e-25 7.528635e-07 9.449594e-21 1.048671e-26 2.570720e-21 8.109197e-21 1.394032e-15 7.679033e-19 1.453515e-15 7.704973e-08 1.157186e-06 2.913256e-29 1.673058e-19 3.112235e-12 3.113582e-08 1.808974e-18 4.948077e-07 1.978585e-14 1.198804e-08 4.539095e-10 7.883162e-22 6.096459e-13 1.117550e-24 6.595395e-24 0.000000e+00 2.105466e-17 4.769055e-26 0.000000e+00 9.629241e-22 2.939048e-36 3.203195e-32 3.591002e-28 7.104520e-14 0.000000e+00 1.740079e-17 0.000000e+00 0.000000e+00 5.404737e-15 6.353340e-16 3.102167e-24 3.898079e-23 3.506147e-11 4.683734e-18 3.078205e-12 3.373725e-17 1.081027e-18 6.606199e-28 2.786109e-30 1.698598e-22 7.563966e-28 1.093881e-20 9.400801e-27 4.017191e-30 2.219432e-27 1.397176e-30 1.900437e-54 1.797775e-16 7.976481e-21 7.174554e-44 0.000000e+00 2.024134e-77 3.840727e-16
4.662069e-03 3.551845e-11 2.499370e-08 2.474183e-06 4.511006e-16 4.007756e-10 2.122501e-22 1.292502e-32 2.255876e-23 3.320131e-15 5.814804e-08 1.813328e-37 6.442716e-22 1.406952e-33 1.378174e-30 7.589794e-18 2.597949e-20 3.415190e-16 3.968652e-09 4.240242e-04 6.729448e-25 4.555468e-12 3.499336e-21 2.899946e-17 4.180865e-14 1.661050e-22 1.971301e-01 2.704884e-22 1.184250e-21 3.957511e-19 1.581024e-13 3.912275e-21 1.329482e-18 5.183167e-23 2.200318e-28 1.297883e-10 6.656603e-23 8.024410e-01 3.041083e-25 7.522943e-07 0.000000e+00 2.303397e-26 0.000000e+00 1.091983e-21 1.264195e-15 1.270583e-18 1.710670e-15 6.788146e-08 9.512155e-07 2.799163e-29 3.204011e-19 3.114209e-12 3.113465e-08 2.249434e-18 4.875242e-07 2.042372e-14 9.621408e-09 4.717569e-10 1.038707e-21 3.912529e-13 9.727009e-25 0.000000e+00 0.000000e+00 2.040760e-17 0.000000e+00 0.000000e+00 1.493701e-22 6.317010e-38 0.000000e+00 1.768246e-26 4.921968e-14 0.000000e+00 1.738638e-17 0.000000e+00 0.000000e+00 7.123583e-15 1.181882e-15 2.452030e-24 0.000000e+00 3.505696e-11 4.681634e-18 2.724166e-12 3.032589e-17 1.080898e-18 0.000000e+00 0.000000e+00 9.194314e-24 6.880459e-28 1.103395e-20 9.827931e-27 3.859123e-30 2.217367e-27 1.396911e-30 0.000000e+00 2.245687e-16 1.432497e-20 1.813867e-43 0.000000e+00 4.464893e-80 1.048359e-17
4.047860e-03 4.851769e-11 2.524911e-08 2.481270e-06 1.015438e-15 5.706996e-10 2.483860e-22 2.246019e-32 4.142545e-23 4.941540e-15 5.504970e-08 2.805438e-37 6.100089e-22 1.658105e-33 3.917058e-31 5.759900e-18 2.929526e-20 3.833789e-16 3.917381e-09 4.239970e-04 1.198406e-24 4.937114e-12 4.793202e-21 3.624127e-17 5.431282e-14 1.659369e-22 1.971271e-01 2.716865e-22 1.134891e-21 4.978679e-19 2.648670e-13 5.890857e-21 3.928432e-18 6.534563e-23 3.814737e-28 1.299694e-10 1.735775e-22 8.024442e-01 8.536581e-25 7.483894e-07 1.600267e-21 5.324865e-26 4.090490e-22 1.874003e-21 1.139224e-15 2.112518e-18 1.991458e-15 5.938742e-08 7.845575e-07 2.680195e-29 6.018826e-19 3.116290e-12 3.113342e-08 3.072232e-18 4.840214e-07 2.090302e-14 7.656136e-09 4.793065e-10 1.370259e-21 2.480450e-13 8.673210e-25 2.543522e-25 0.000000e+00 2.036905e-17 3.360503e-27 0.000000e+00 2.353347e-23 8.322475e-40 5.860227e-33 3.403826e-24 3.522892e-14 0.000000e+00 1.737130e-17 0.000000e+00 1.278931e-24 9.285521e-15 2.134461e-15 1.983280e-24 6.765753e-25 3.504300e-11 4.679612e-18 2.400946e-12 2.666098e-17 1.080765e-18 3.390432e-29 7.286767e-32 0.000000e+00 6.155501e-28 1.114168e-20 1.022058e-26 3.670534e-30 2.212810e-27 1.396650e-30 4.957650e-55 2.795855e-16 2.623015e-20 4.336855e-43 0.000000e+00 1.098569e-82 1.786459e-19
3.514571e-03 6.557252e-11 2.556901e-08 2.487786e-06 2.264642e-15 8.120584e-10 2.889897e-22 3.911507e-32 7.670082e-23 7.242378e-15 5.212028e-08 4.229586e-37 5.443723e-22 1.828413e-33 3.368156e-30 4.391265e-18 3.499666e-20 4.616763e-16 3.896809e-09 4.239684e-04 2.067369e-24 5.298935e-12 6.507313e-21 4.450778e-17 6.907114e-14 2.609457e-22 1.971240e-01 2.730260e-22 1.071904e-21 6.198571e-19 4.514585e-13 9.024669e-21 1.065086e-17 8.328810e-23 6.423652e-28 1.301108e-10 4.450197e-22 8.024475e-01 2.422791e-24 7.414587e-07 7.991453e-22 1.208081e-25 1.625050e-22 8.100975e-22 1.022328e-15 3.527384e-18 2.294326e-15 5.161683e-08 6.504090e-07 2.557090e-29 1.120788e-18 3.118470e-12 3.113213e-08 4.443982e-18 4.830322e-07 2.129350e-14 6.044726e-09 4.779615e-10 1.810336e-21 1.555866e-13 8.027382e-25 8.115915e-25 0.000000e+00 2.119015e-17 1.435671e-26 0.000000e+00 3.833409e-24 8.683062e-42 3.537783e-32 6.975453e-22 2.634767e-14 0.000000e+00 1.735561e-17 0.000000e+00 0.000000e+00 1.215935e-14 3.771862e-15 1.662421e-24 1.447758e-24 3.502259e-11 4.677678e-18 2.111498e-12 2.309383e-17 1.080628e-18 8.934766e-29 9.900170e-32 1.090328e-21 5.407240e-28 1.126219e-20 1.057891e-26 3.517770e-30 2.210427e-27 1.396395e-30 0.000000e+00 3.467819e-16 4.843756e-20 1.011239e-42 0.000000e+00 3.030573e-85 1.967484e-21
3.051540e-03 8.762767e-11 2.597448e-08 2.493773e-06 4.998988e-15 1.155682e-09 3.345675e-22 6.859268e-32 1.402280e-22 1.035781e-14 4.934469e-08 6.221518e-37 3.640521e-22 1.501775e-33 8.349104e-32 3.364399e-18 4.224753e-20 5.699055e-16 3.919570e-09 4.239380e-04 3.433310e-24 5.627205e-12 8.738287e-21 5.324911e-17 8.550721e-14 1.659880e-22 1.971207e-01 2.745184e-22 9.995684e-22 7.566677e-19 7.814014e-13 1.393439e-20 2.673601e-17 1.074951e-22 1.049318e-27 1.302140e-10 1.120397e-21 8.024510e-01 6.747370e-24 7.315290e-07 8.864261e-22 2.712561e-25 1.846309e-22 1.109892e-21 9.132274e-16 5.934774e-18 2.617032e-15 4.456903e-08 5.409281e-07 2.428369e-29 2.068092e-18 3.120787e-12 3.113078e-08 6.503510e-18 4.849871e-07 2.159308e-14 4.728544e-09 4.680268e-10 2.390617e-21 9.666317e-14 7.803180e-25 2.477102e-29 2.366133e-23 2.322067e-17 5.586985e-28 0.000000e+00 6.339691e-25 7.743742e-44 1.326470e-35 1.098083e-22 2.080796e-14 3.936270e-27 1.733910e-17 0.000000e+00 0.000000e+00 1.631052e-14 6.459707e-15 1.459180e-24 0.000000e+00 3.499682e-11 4.675805e-18 1.852753e-12 1.967397e-17 1.080484e-18 3.784814e-31 1.674439e-33 1.184381e-23 4.645169e-28 1.139597e-20 1.090866e-26 3.290478e-30 2.201057e-27 1.396140e-30 3.574431e-55 4.292955e-16 8.833814e-20 2.299933e-42 0.000000e+00 9.250643e-88 1.427216e-23
2.649512e-03 1.159059e-10 2.648007e-08 2.499127e-06 1.094544e-14 1.647161e-09 3.862299e-22 1.219658e-31 2.495973e-22 1.435262e-14 4.677709e-08 8.933673e-37 0.000000e+00 0.000000e+00 4.589827e-31 2.591605e-18 4.950122e-20 6.917430e-16 4.006714e-09 4.239060e-04 5.439204e-24 5.929325e-12 1.164020e-20 6.154973e-17 1.019741e-13 1.592320e-22 1.971172e-01 2.761704e-22 9.355305e-22 8.972198e-19 1.371773e-12 2.126274e-20 6.275130e-17 1.406867e-22 1.679260e-27 1.302781e-10 2.786943e-21 8.024546e-01 1.838713e-23 7.190175e-07 5.267683e-21 6.036363e-25 1.437222e-21 9.669626e-21 8.165616e-16 1.001493e-17 2.944147e-15 3.823958e-08 4.524756e-07 2.295768e-29 3.802642e-18 3.123221e-12 3.112936e-08 9.249995e-18 4.893968e-07 2.182224e-14 3.661748e-09 4.504259e-10 3.151114e-21 5.946998e-14 8.135027e-25 0.000000e+00 0.000000e+00 2.732579e-17 0.000000e+00 0.000000e+00 1.080681e-25 6.212249e-46 0.000000e+00 0.000000e+00 1.769390e-14 0.000000e+00 1.732193e-17 0.000000e+00 0.000000e+00 2.316610e-14 1.086263e-14 1.366437e-24 0.000000e+00 3.496634e-11 4.674012e-18 1.627742e-12 1.656080e-17 1.080336e-18 0.000000e+00 0.000000e+00 5.544193e-22 3.905358e-28 1.154176e-20 1.120857e-26 3.121173e-30 2.189880e-27 1.395887e-30 0.000000e+00 5.305845e-16 1.568847e-19 5.177761e-42 0.000000e+00 3.163452e-90 7.027328e-26
2.300449e-03 1.509328e-10 2.711414e-08 2.503874e-06 2.362018e-14 2.351977e-09 4.448814e-22 4.667052e-29 4.197648e-22 1.888825e-14 4.440422e-08 1.252509e-36 0.000000e+00 0.000000e+00 1.056061e-30 1.996693e-18 5.425814e-20 8.016629e-16 4.195362e-09 4.238720e-04 8.060924e-24 6.174528e-12 1.526132e-20 6.750575e-17 1.154813e-13 1.860679e-22 1.971135e-01 2.779779e-22 9.533145e-22 1.013389e-18 2.421246e-12 3.031610e-20 1.389120e-16 1.863696e-22 2.595608e-27 1.303048e-10 6.769204e-21 8.024584e-01 4.842063e-23 7.038907e-07 0.000000e+00 1.311832e-24 0.000000e+00 0.000000e+00 7.337368e-16 1.696685e-17 3.252849e-15 3.258801e-08 3.799184e-07 2.157901e-29 6.928148e-18 3.125820e-12 3.112788e-08 1.234524e-17 4.975338e-07 2.192857e-14 2.794817e-09 4.247630e-10 4.122360e-21 3.626194e-14 9.213156e-25 3.463848e-27 4.755435e-23 3.491899e-17 1.718267e-28 0.000000e+00 1.900536e-26 4.221868e-48 6.823267e-34 0.000000e+00 1.639468e-14 8.464516e-25 1.730388e-17 0.000000e+00 4.462157e-25 3.624746e-14 1.760400e-14 1.377590e-24 1.737892e-27 3.493080e-11 4.672272e-18 1.433046e-12 1.368566e-17 1.080182e-18 3.599240e-31 2.501540e-33 1.597926e-22 3.229344e-28 1.170315e-20 1.148421e-26 2.957987e-30 2.177725e-27 1.395633e-30 6.718796e-55 6.564478e-16 2.633038e-19 1.131201e-41 0.000000e+00 1.196266e-92 2.399730e-28
1.997374e-03 1.923807e-10 2.787613e-08 2.507845e-06 4.992762e-14 3.365209e-09 5.127148e-22 9.792973e-29 6.499762e-22 2.319872e-14 4.231556e-08 1.715103e-36 3.667522e-21 1.657115e-32 0.000000e+00 1.529712e-18 5.377683e-20 8.626214e-16 4.533668e-09 4.238370e-04 1.092345e-23 6.351935e-12 1.960548e-20 6.910611e-17 1.219987e-13 1.793934e-22 1.971097e-01 2.799283e-22 7.110905e-22 1.068768e-18 4.249655e-12 4.365874e-20 2.921625e-16 2.492541e-22 3.847520e-27 1.302955e-10 1.590984e-20 8.024623e-01 1.201837e-22 6.870787e-07 0.000000e+00 2.794258e-24 0.000000e+00 0.000000e+00 6.715989e-16 2.847658e-17 3.496962e-15 2.759194e-08 3.221748e-07 2.019918e-29 1.249225e-17 3.128516e-12 3.112636e-08 1.494439e-17 5.095811e-07 2.186318e-14 2.095142e-09 3.911538e-10 5.305401e-21 2.192037e-14 1.138223e-24 2.772939e-27 1.463258e-23 4.853658e-17 2.169328e-28 0.000000e+00 3.540072e-27 0.000000e+00 8.050303e-34 5.821293e-32 1.660282e-14 2.957821e-25 1.728555e-17 0.000000e+00 1.541665e-25 6.383515e-14 2.741842e-14 1.491721e-24 1.023962e-27 3.489085e-11 4.670638e-18 1.273307e-12 1.111394e-17 1.080026e-18 2.926502e-31 3.435309e-33 0.000000e+00 2.499062e-28 1.187582e-20 1.172871e-26 2.806255e-30 2.165889e-27 1.395384e-30 6.906770e-55 8.135670e-16 4.069706e-19 2.376095e-41 0.000000e+00 5.170810e-95 6.096881e-31
1.734228e-03 2.371484e-10 2.880076e-08 2.511119e-06 1.022343e-13 4.830193e-09 5.913678e-22 0.000000e+00 8.963366e-22 2.603471e-14 4.046776e-08 2.292638e-36 2.863640e-21 2.692094e-32 0.000000e+00 1.149396e-18 4.695690e-20 8.498850e-16 5.107878e-09 4.238001e-04 1.318133e-23 6.428731e-12 2.440035e-20 6.462156e-17 1.182761e-13 1.707420e-22 1.971058e-01 2.820790e-22 5.060119e-22 1.028147e-18 7.307298e-12 5.877391e-20 5.870917e-16 3.363510e-22 5.427247e-27 1.302532e-10 3.583206e-20 8.024663e-01 2.765113e-22 6.683645e-07 5.422147e-22 5.721701e-24 7.267030e-23 7.971273e-22 6.304786e-16 4.742005e-17 3.637203e-15 2.319508e-08 2.751058e-07 1.879671e-29 2.236137e-17 3.131398e-12 3.112479e-08 1.603090e-17 5.258949e-07 2.158643e-14 1.521846e-09 3.475900e-10 6.666258e-21 1.309413e-14 1.513299e-24 3.406272e-27 3.491565e-23 7.228530e-17 3.665538e-28 0.000000e+00 6.885107e-28 0.000000e+00 1.384058e-33 1.269362e-30 1.810397e-14 7.909090e-25 1.726653e-17 0.000000e+00 7.416882e-25 1.239835e-13 4.132357e-14 1.687675e-24 8.322802e-28 3.484510e-11 4.669070e-18 1.142388e-12 8.762564e-18 1.079865e-18 3.935788e-31 4.361988e-33 0.000000e+00 1.834091e-28 1.206401e-20 1.194985e-26 2.678175e-30 2.154869e-27 1.395135e-30 1.970197e-54 1.011056e-15 5.603052e-19 4.761919e-41 0.000000e+00 2.500671e-97 1.163350e-33
1.505751e-03 2.789892e-10 2.991751e-08 2.513715e-06 2.001277e-13 6.959569e-09 6.830148e-22 3.608093e-29 1.069898e-21 2.627112e-14 3.884336e-08 2.989698e-36 2.364834e-21 1.429245e-33 1.167603e-29 8.446728e-19 3.543764e-20 7.626930e-16 6.040096e-09 4.237610e-04 1.386719e-23 6.366850e-12 2.905578e-20 5.436471e-17 1.039196e-13 1.549940e-22 1.971016e-01 2.844544e-22 1.536070e-22 8.853271e-19 1.209734e-11 7.116462e-20 1.132300e-15 4.577428e-22 7.169784e-27 1.301804e-10 7.608890e-20 8.024705e-01 5.758570e-22 6.477415e-07 4.529530e-21 1.110857e-23 1.145904e-21 1.587504e-20 6.056475e-16 7.819873e-17 3.638342e-15 1.934234e-08 2.362801e-07 1.736889e-29 3.970121e-17 3.134543e-12 3.112315e-08 1.498534e-17 5.474038e-07 2.108365e-14 1.057331e-09 2.945415e-10 8.128846e-21 7.725948e-15 2.121209e-24 3.298442e-27 0.000000e+00 1.129059e-16 5.263921e-28 0.000000e+00 1.395355e-28 0.000000e+00 1.798432e-33 0.000000e+00 2.079632e-14 0.000000e+00 1.724666e-17 0.000000e+00 1.602678e-25 2.504502e-13 6.006074e-14 1.927319e-24 6.823507e-28 3.479265e-11 4.667548e-18 1.036566e-12 6.622564e-18 1.079697e-18 2.311632e-31 3.530076e-33 9.525068e-22 1.249075e-28 1.227006e-20 1.215128e-26 2.588135e-30 2.144178e-27 1.394882e-30 5.698777e-55 1.261729e-15 6.677771e-19 8.956433e-41 0.000000e+00 1.340073e-99 1.708818e-36
1.307374e-03 3.108748e-10 3.122409e-08 2.515611e-06 3.717555e-13 1.007101e-08 7.907376e-22 1.598048e-28 1.098726e-21 2.383761e-14 3.745450e-08 3.804676e-36 0.000000e+00 0.000000e+00 4.553197e-30 6.191341e-19 2.328854e-20 6.326391e-16 7.458857e-09 4.237199e-04 1.281280e-23 6.155942e-12 3.299328e-20 4.117689e-17 8.301287e-14 1.277518e-22 1.970974e-01 2.868871e-22 0.000000e+00 6.786577e-19 1.902670e-11 7.748246e-20 2.104019e-15 6.299343e-22 8.828433e-27 1.300822e-10 1.507764e-19 8.024748e-01 1.068084e-21 6.258170e-07 0.000000e+00 2.021689e-23 0.000000e+00 0.000000e+00 5.872070e-16 1.268224e-16 3.496383e-15 1.598807e-08 2.046710e-07 1.595139e-29 6.998211e-17 3.137972e-12 3.112146e-08 1.230792e-17 5.746024e-07 2.041342e-14 6.979122e-10 2.364988e-10 9.606605e-21 4.509741e-15 3.058558e-24 5.426566e-27 0.000000e+00 1.803586e-16 1.180706e-27 0.000000e+00 3.117270e-29 0.000000e+00 3.805246e-33 7.971119e-32 2.451354e-14 0.000000e+00 1.722621e-17 0.000000e+00 0.000000e+00 4.934386e-13 8.431248e-14 2.147119e-24 8.538296e-28 3.467299e-11 4.666090e-18 9.540523e-13 4.775057e-18 1.079525e-18 2.558369e-31 4.063501e-33 1.344379e-23 7.696818e-29 1.248180e-20 1.233131e-26 2.475660e-30 2.132044e-27 1.394629e-30 1.159653e-55 1.581835e-15 6.847691e-19 1.577290e-40 0.000000e+00 8.080300e-102 2.024536e-39
1.135133e-03 3.293172e-10 3.273242e-08 2.516859e-06 6.579829e-13 1.464778e-08 9.176060e-22 4.987121e-30 9.918331e-22 1.977235e-14 3.626969e-08 4.724467e-36 0.000000e+00 0.000000e+00 0.000000e+00 4.517066e-19 1.374649e-20 4.983375e-16 9.516045e-09 4.236767e-04 1.091619e-23 5.812254e-12 3.604642e-20 2.856665e-17 6.134700e-14 1.018400e-22 1.970930e-01 2.894723e-22 0.000000e+00 4.677080e-19 2.836411e-11 7.388212e-20 3.778430e-15 8.799678e-22 1.017761e-26 1.299627e-10 2.789980e-19 8.024793e-01 1.777359e-21 6.027504e-07 4.630276e-22 3.451589e-23 1.112721e-22 2.302843e-21 5.650069e-16 2.014956e-16 3.245020e-15 1.307947e-08 1.787886e-07 1.455417e-29 1.226650e-16 3.141783e-12 3.111973e-08 9.156084e-18 6.083642e-07 1.967499e-14 4.376934e-10 1.805335e-10 1.104468e-20 2.609111e-15 4.459463e-24 1.432425e-26 1.717783e-22 2.893815e-16 3.599503e-27 0.000000e+00 9.421958e-30 0.000000e+00 1.235174e-32 1.908122e-29 2.909074e-14 5.917716e-24 1.720512e-17 0.000000e+00 6.100759e-24 9.161577e-13 1.150921e-13 2.296993e-24 1.517301e-27 3.460261e-11 4.664686e-18 8.903431e-13 3.293848e-18 1.079348e-18 3.790157e-31 7.555433e-33 0.000000e+00 4.064850e-29 1.270668e-20 1.249278e-26 2.399596e-30 2.120112e-27 1.394374e-30 1.139824e-53 1.993817e-15 6.172393e-19 2.627435e-40 0.000000e+00 5.459550e-104 1.980644e-42
9.855837e-04 3.367834e-10 3.444002e-08 2.517518e-06 1.126219e-12 2.141204e-08 1.067071e-21 9.185159e-30 8.239487e-22 1.544996e-14 3.526184e-08 5.724508e-36 0.000000e+00 0.000000e+00 5.930817e-30 3.370497e-19 7.648609e-21 3.847724e-16 1.233953e-08 4.236314e-04 9.464370e-24 5.384856e-12 3.870436e-20 1.873893e-17 4.320790e-14 1.109008e-22 1.970884e-01 2.922747e-22 1.079918e-22 2.961573e-19 4.035189e-11 6.431083e-20 6.574630e-15 1.250591e-21 1.118443e-26 1.298268e-10 4.862921e-19 8.024839e-01 2.706670e-21 5.789058e-07 6.803969e-22 5.571011e-23 1.646682e-22 6.503378e-21 5.367430e-16 3.100154e-16 2.939246e-15 1.057365e-08 1.576408e-07 1.319790e-29 2.137570e-16 3.146072e-12 3.111795e-08 6.457507e-18 6.493398e-07 1.890592e-14 2.640174e-10 1.329730e-10 1.245985e-20 1.495815e-15 6.496063e-24 1.532624e-26 1.791180e-25 4.593069e-16 4.912320e-27 0.000000e+00 5.724964e-30 0.000000e+00 1.574863e-32 2.000359e-31 3.427841e-14 3.699793e-28 1.718345e-17 0.000000e+00 1.872345e-27 1.585270e-12 1.525063e-13 2.362690e-24 1.599555e-27 3.452498e-11 4.663334e-18 8.415543e-13 2.205638e-18 1.079166e-18 2.210714e-31 5.674501e-33 0.000000e+00 2.929509e-29 1.294733e-20 1.263708e-26 2.341731e-30 2.108800e-27 1.394118e-30 1.779391e-55 2.526476e-15 5.119632e-19 4.222548e-40 0.000000e+00 4.145030e-106 1.645133e-45
8.557371e-04 3.390768e-10 3.638683e-08 2.517655e-06 1.894340e-12 3.140330e-08 1.242423e-21 1.692559e-29 6.602308e-22 1.170673e-14 3.438260e-08 6.752403e-36 1.199804e-21 1.018682e-31 0.000000e+00 2.556535e-19 4.170746e-21 2.969383e-16 1.611475e-08 4.235828e-04 9.322041e-24 4.919679e-12 4.163858e-20 1.203195e-17 2.978438e-14 9.027869e-23 1.970836e-01 2.953044e-22 3.432806e-22 1.764110e-19 5.526478e-11 5.239572e-20 1.111639e-14 1.791539e-21 1.177679e-26 1.296755e-10 7.990889e-19 8.024888e-01 3.847191e-21 5.540428e-07 0.000000e+00 8.562117e-23 0.000000e+00 2.279025e-21 5.053871e-16 4.577404e-16 2.623708e-15 8.425604e-09 1.400027e-07 1.187174e-29 3.661362e-16 3.151064e-12 3.111610e-08 4.477335e-18 6.997244e-07 1.802513e-14 1.558262e-10 9.651642e-11 1.390004e-20 8.484052e-16 9.414083e-24 2.396388e-26 2.441997e-28 7.146726e-16 8.848564e-27 0.000000e+00 6.179006e-30 0.000000e+00 2.837387e-32 2.838479e-33 3.990871e-14 2.145776e-32 1.716071e-17 0.000000e+00 2.356432e-31 2.566729e-12 1.916464e-13 2.380072e-24 2.159959e-27 3.444119e-11 4.662001e-18 8.033214e-13 1.456834e-18 1.078977e-18 1.769614e-31 6.109234e-33 0.000000e+00 2.147506e-29 1.321107e-20 1.276873e-26 2.297781e-30 2.098449e-27 1.393854e-30 1.280577e-57 3.221327e-15 4.095225e-19 6.487893e-40 0.000000e+00 3.457728e-108 1.193216e-48
7.429971e-04 3.415203e-10 3.869614e-08 2.517293e-06 3.179000e-12 4.617343e-08 1.447074e-21 3.140460e-29 5.314221e-22 8.825798e-15 3.357142e-08 7.698380e-36 0.000000e+00 2.082198e-32 0.000000e+00 1.956354e-19 2.277674e-21 2.295393e-16 2.123171e-08 4.235281e-04 1.107071e-23 4.465919e-12 4.566396e-20 7.773001e-18 2.033950e-14 8.019039e-23 1.970782e-01 2.988426e-22 8.001175e-23 1.007175e-19 7.337569e-11 4.000562e-20 1.828921e-14 2.585514e-21 1.216302e-26 1.295031e-10 1.253253e-18 8.024941e-01 5.240837e-21 5.270838e-07 0.000000e+00 1.260827e-22 0.000000e+00 0.000000e+00 4.743504e-16 6.479523e-16 2.319723e-15 6.595163e-09 1.245582e-07 1.052917e-29 6.181820e-16 3.157245e-12 3.111408e-08 3.110547e-18 7.593461e-07 1.695100e-14 9.056749e-11 6.985023e-11 1.543980e-20 4.697398e-16 1.360097e-23 3.638731e-26 0.000000e+00 1.087147e-15 1.512193e-26 0.000000e+00 7.985033e-30 0.000000e+00 4.819568e-32 0.000000e+00 4.598188e-14 9.338043e-35 1.713563e-17 0.000000e+00 0.000000e+00 3.918582e-12 2.305611e-13 2.385447e-24 2.924477e-27 3.435521e-11 4.660614e-18 7.716062e-13 9.629076e-19 1.078768e-18 1.353164e-31 6.481303e-33 0.000000e+00 1.406868e-29 1.350560e-20 1.289487e-26 2.284469e-30 2.086851e-27 1.393567e-30 8.532043e-57 4.125525e-15 3.289356e-19 9.778166e-40 0.000000e+00 3.010623e-110 7.454650e-52
6.451103e-04 3.483705e-10 4.145378e-08 2.516397e-06 5.345290e-12 6.765072e-08 1.685110e-21 5.895567e-29 4.397791e-22 6.721113e-15 3.280928e-08 8.428516e-36 1.495061e-22 4.549310e-33 0.000000e+00 1.517271e-19 1.268370e-21 1.784276e-16 2.809692e-08 4.234655e-04 1.530662e-23 4.046130e-12 5.116294e-20 5.176109e-18 1.395364e-14 7.084491e-23 1.970722e-01 3.029747e-22 0.000000e+00 5.605509e-20 9.438258e-11 2.881366e-20 2.937204e-14 3.688674e-21 1.223217e-26 1.293078e-10 1.854009e-18 8.025001e-01 6.857898e-21 4.978722e-07 0.000000e+00 1.773241e-22 0.000000e+00 0.000000e+00 4.467257e-16 8.714912e-16 2.044199e-15 5.056272e-09 1.108683e-07 9.176399e-30 1.010076e-15 3.165086e-12 3.111185e-08 2.196534e-18 8.285140e-07 1.552942e-14 5.261338e-11 5.117737e-11 1.718802e-20 2.518230e-16 1.947899e-23 5.350902e-26 0.000000e+00 1.600866e-15 2.421611e-26 0.000000e+00 1.057572e-29 0.000000e+00 7.766264e-32 0.000000e+00 5.224807e-14 7.194178e-35 1.710756e-17 0.000000e+00 0.000000e+00 5.624535e-12 2.584066e-13 2.412028e-24 3.926556e-27 3.422751e-11 4.659145e-18 7.447148e-13 6.455736e-19 1.078535e-18 1.007657e-31 6.965480e-33 0.000000e+00 8.199109e-30 1.384880e-20 1.301731e-26 2.305554e-30 2.072074e-27 1.393250e-30 1.030981e-54 5.292708e-15 2.715046e-19 1.397776e-39 0.000000e+00 2.689413e-112 4.242675e-55
5.601196e-04 3.612677e-10 4.481335e-08 2.514877e-06 9.027442e-12 9.839428e-08 1.961815e-21 1.114699e-28 3.802803e-22 5.239418e-15 3.207398e-08 8.778340e-36 2.441969e-23 8.685560e-34 5.842020e-30 1.189077e-19 7.283126e-22 1.390864e-16 3.740833e-08 4.233920e-04 2.328580e-23 3.676503e-12 5.876156e-20 3.587038e-18 9.649911e-15 6.967833e-23 1.970654e-01 3.079892e-22 0.000000e+00 3.077606e-20 1.174677e-10 1.962912e-20 4.604126e-14 5.251677e-21 1.240091e-26 1.290839e-10 2.629892e-18 8.025070e-01 8.752051e-21 4.658821e-07 8.701059e-23 2.379132e-22 2.126119e-23 1.099772e-21 4.226249e-16 1.113143e-15 1.800147e-15 3.788203e-09 9.845273e-08 7.810694e-30 1.618606e-15 3.175364e-12 3.110934e-08 1.584812e-18 8.990914e-07 1.374371e-14 3.043498e-11 3.778984e-11 1.924440e-20 1.276825e-16 2.759390e-23 7.678269e-26 0.000000e+00 2.273662e-15 3.652191e-26 0.000000e+00 1.393252e-29 0.000000e+00 1.200708e-31 0.000000e+00 5.847907e-14 5.499110e-35 1.707536e-17 0.000000e+00 0.000000e+00 7.561072e-12 2.793613e-13 2.447367e-24 5.250775e-27 3.409536e-11 4.657543e-18 7.211811e-13 4.441036e-19 1.078269e-18 7.475536e-32 7.502355e-33 3.427051e-22 4.389748e-30 1.425483e-20 1.313870e-26 2.388987e-30 2.055643e-27 1.392891e-30 0.000000e+00 6.742352e-15 2.339887e-19 2.003872e-39 0.000000e+00 2.402081e-114 2.183092e-58
4.863261e-04 3.815277e-10 4.887403e-08 2.512638e-06 1.506444e-11 1.401180e-07 2.281834e-21 2.125982e-28 3.393000e-22 4.147581e-15 3.136916e-08 8.650670e-36 1.439791e-23 5.990486e-34 0.000000e+00 9.628024e-20 4.308469e-22 1.090575e-16 4.989179e-08 4.233059e-04 3.527982e-23 3.340752e-12 6.726304e-20 2.617160e-18 6.770863e-15 7.595263e-23 1.970575e-01 3.137966e-22 0.000000e+00 1.699943e-20 1.410032e-10 1.283632e-20 7.092597e-14 7.067569e-21 1.184118e-26 1.288306e-10 3.426106e-18 8.025149e-01 1.056205e-20 4.315407e-07 8.754747e-22 3.017846e-22 2.002255e-22 1.573359e-20 4.010981e-16 1.345687e-15 1.587953e-15 2.770715e-09 8.725789e-08 6.477614e-30 2.411656e-15 3.188826e-12 3.110653e-08 1.159434e-18 9.725848e-07 1.155361e-14 1.782540e-11 2.856635e-11 2.160335e-20 6.152815e-17 3.824996e-23 1.065380e-25 2.475930e-24 3.086892e-15 5.163536e-26 0.000000e+00 1.799099e-29 0.000000e+00 1.801575e-31 2.215058e-30 6.416176e-14 3.429019e-35 1.703853e-17 0.000000e+00 5.640788e-25 9.540955e-12 2.668319e-13 2.528912e-24 6.763030e-27 3.398221e-11 4.655795e-18 7.006107e-13 3.145047e-19 1.077964e-18 5.603386e-32 8.559821e-33 0.000000e+00 2.167131e-30 1.472559e-20 1.325847e-26 2.497359e-30 2.036474e-27 1.392485e-30 0.000000e+00 8.509448e-15 2.078728e-19 2.482531e-39 0.000000e+00 2.139759e-116 1.170636e-61
4.222546e-04 4.068772e-10 5.374486e-08 2.509571e-06 2.473631e-11 1.948221e-07 2.653163e-21 4.021731e-28 3.137728e-22 3.360138e-15 3.069892e-08 8.054819e-36 1.133234e-23 5.526939e-34 0.000000e+00 8.004119e-20 2.653866e-22 8.625601e-17 6.651373e-08 4.232052e-04 5.317712e-23 3.042608e-12 7.691015e-20 1.985255e-18 4.832254e-15 8.569865e-23 1.970485e-01 3.209661e-22 0.000000e+00 9.526672e-21 1.635083e-10 8.161738e-21 1.070800e-13 9.278408e-21 1.129906e-26 1.285464e-10 4.266534e-18 8.025239e-01 1.233330e-20 3.954345e-07 0.000000e+00 3.639139e-22 0.000000e+00 0.000000e+00 3.799184e-16 1.550299e-15 1.404223e-15 1.983184e-09 7.722658e-08 5.225148e-30 3.468434e-15 3.206331e-12 3.110342e-08 8.622941e-19 1.029963e-06 9.208172e-15 1.041127e-11 2.161247e-11 2.469528e-20 2.753290e-17 5.191203e-23 1.424398e-25 1.523282e-23 4.026940e-15 6.821757e-26 3.881983e-36 2.280221e-29 8.761824e-54 2.614464e-31 1.820992e-29 6.888888e-14 2.256215e-35 1.699659e-17 0.000000e+00 3.314180e-24 1.127633e-11 2.436418e-13 2.588789e-24 8.503267e-27 3.386502e-11 4.653891e-18 6.827030e-13 2.306411e-19 1.077619e-18 4.217326e-32 9.710238e-33 0.000000e+00 9.881046e-31 1.528739e-20 1.337576e-26 2.655264e-30 2.014002e-27 1.392026e-30 1.126386e-55 1.049342e-14 1.911542e-19 2.985087e-39 0.000000e+00 1.907496e-118 6.728339e-65
3.666242e-04 4.358233e-10 5.954807e-08 2.505558e-06 3.937677e-11 2.623404e-07 3.082491e-21 7.539472e-28 2.955023e-22 2.752542e-15 3.006637e-08 7.101552e-36 9.762109e-24 5.561573e-34 0.000000e+00 6.930420e-20 1.686732e-22 6.902188e-17 8.852711e-08 4.230873e-04 7.587810e-23 2.770575e-12 8.584341e-20 1.559108e-18 3.506554e-15 1.002595e-22 1.970383e-01 3.298666e-22 3.068083e-22 5.487763e-21 1.838711e-10 5.135108e-21 1.591794e-13 1.145679e-20 1.022051e-26 1.282286e-10 4.963365e-18 8.025341e-01 1.365732e-20 3.582172e-07 1.921860e-23 4.174124e-22 4.260291e-24 0.000000e+00 3.570037e-16 1.716649e-15 1.242396e-15 1.392318e-09 6.827694e-08 4.097229e-30 4.657259e-15 3.228738e-12 3.110002e-08 6.431513e-19 1.070952e-06 6.922949e-15 6.090997e-12 1.642931e-11 2.818408e-20 1.155096e-17 6.881636e-23 1.832157e-25 6.964642e-24 5.063086e-15 8.493055e-26 6.202462e-36 2.839306e-29 1.234193e-53 3.711102e-31 1.150449e-29 7.235101e-14 1.447582e-35 1.694898e-17 0.000000e+00 1.521861e-24 1.265643e-11 2.030376e-13 2.642461e-24 1.025352e-26 3.391529e-11 4.651817e-18 6.672046e-13 1.741854e-19 1.077228e-18 3.212733e-32 1.137337e-32 0.000000e+00 4.193427e-31 1.597783e-20 1.349042e-26 2.829428e-30 1.989306e-27 1.391509e-30 0.000000e+00 1.263911e-14 1.787042e-19 3.126669e-39 0.000000e+00 1.698903e-120 4.615920e-68
3.183230e-04 4.659956e-10 6.640531e-08 2.500483e-06 6.069485e-11 3.425996e-07 3.578811e-21 1.391750e-27 2.827861e-22 2.278011e-15 2.947323e-08 5.961926e-36 9.009996e-24 5.986096e-34 0.000000e+00 6.220562e-20 1.106182e-22 5.603909e-17 1.174845e-07 4.229496e-04 1.029868e-22 2.523474e-12 9.356275e-20 1.250844e-18 2.583525e-15 1.145081e-22 1.970268e-01 3.399966e-22 0.000000e+00 3.255171e-21 2.017160e-10 3.239417e-21 2.327576e-13 1.348625e-20 8.931403e-27 1.278734e-10 5.498514e-18 8.025457e-01 1.447992e-20 3.206829e-07 2.061686e-24 4.584823e-22 4.124150e-25 4.167854e-22 3.314450e-16 1.847510e-15 1.097675e-15 9.621441e-10 6.033454e-08 3.125492e-30 5.935138e-15 3.256708e-12 3.109633e-08 4.805377e-19 1.089055e-06 4.935978e-15 3.546805e-12 1.240608e-11 3.252124e-20 4.557877e-18 8.947746e-23 2.283285e-25 1.527524e-23 6.184714e-15 1.008126e-25 8.251470e-36 3.488307e-29 1.518840e-53 5.176721e-31 2.756033e-29 7.446527e-14 1.003092e-35 1.689514e-17 2.973950e-34 3.220742e-24 1.362220e-11 1.576285e-13 2.661076e-24 1.195949e-26 3.387449e-11 4.649550e-18 6.538938e-13 1.350044e-19 1.076787e-18 2.478898e-32 1.350173e-32 0.000000e+00 1.691254e-31 1.680397e-20 1.360145e-26 3.002768e-30 1.960610e-27 1.390926e-30 8.818207e-56 1.483154e-14 1.693808e-19 2.970767e-39 0.000000e+00 1.514091e-122 4.293211e-69
2.763852e-04 4.960633e-10 7.444741e-08 2.494225e-06 9.065754e-11 4.350437e-07 4.151188e-21 2.531780e-27 2.739590e-22 1.897464e-15 2.891809e-08 4.794248e-36 8.870000e-24 6.852743e-34 2.015405e-28 5.772604e-20 7.454281e-23 4.625709e-17 1.553005e-07 4.227887e-04 1.325922e-22 2.300049e-12 9.946699e-20 1.017875e-18 1.928272e-15 1.192595e-22 1.970138e-01 3.525381e-22 0.000000e+00 1.987803e-21 2.171681e-10 2.068027e-21 3.349234e-13 1.514337e-20 7.712038e-27 1.274753e-10 5.827205e-18 8.025587e-01 1.474469e-20 2.836195e-07 5.057594e-23 4.848791e-22 1.071612e-23 1.413502e-21 3.033393e-16 1.950865e-15 9.667241e-16 6.563099e-10 5.331153e-08 2.322967e-30 7.192778e-15 3.290544e-12 3.109236e-08 3.441570e-19 1.086440e-06 3.359072e-15 2.053962e-12 9.281510e-12 3.768342e-20 1.700360e-18 1.145375e-22 2.765033e-25 0.000000e+00 7.382842e-15 1.151347e-25 1.040739e-35 4.238341e-29 1.811478e-53 7.101848e-31 0.000000e+00 7.535431e-14 7.358481e-36 1.683446e-17 3.189604e-34 0.000000e+00 1.422725e-11 1.145341e-13 2.646918e-24 1.351423e-26 3.384230e-11 4.647079e-18 6.425329e-13 1.067760e-19 1.076290e-18 1.934093e-32 1.628646e-32 8.700121e-21 6.769123e-32 1.776001e-20 1.370844e-26 3.198133e-30 1.929631e-27 1.390273e-30 0.000000e+00 1.700529e-14 1.620600e-19 2.547200e-39 0.000000e+00 1.350644e-124 5.351955e-66
2.399726e-04 5.255621e-10 8.380466e-08 2.486670e-06 1.316580e-10 5.392658e-07 4.808898e-21 4.554809e-27 2.682222e-22 1.586203e-15 2.839745e-08 3.711189e-36 9.189983e-24 8.234134e-34 2.631765e-29 5.518584e-20 5.139028e-23 3.886492e-17 2.042369e-07 4.226010e-04 1.618737e-22 2.100536e-12 1.032707e-19 8.377961e-19 1.455000e-15 1.099929e-22 1.969992e-01 3.546942e-22 0.000000e+00 1.247369e-21 2.306408e-10 1.343129e-21 4.745104e-13 1.622308e-20 1.448182e-25 1.270271e-10 5.921214e-18 8.025735e-01 1.448371e-20 2.478082e-07 0.000000e+00 4.964922e-22 0.000000e+00 0.000000e+00 2.734965e-16 2.035037e-15 8.479120e-16 4.429994e-10 4.712305e-08 1.685833e-30 8.297408e-15 3.330033e-12 3.108810e-08 2.386335e-19 1.068692e-06 2.197946e-15 1.185357e-12 6.884286e-12 4.376306e-20 6.088725e-19 1.447919e-22 3.269123e-25 0.000000e+00 8.646796e-15 1.277215e-25 1.256251e-35 5.096587e-29 2.112235e-53 9.594845e-31 0.000000e+00 7.526927e-14 5.432786e-36 1.676631e-17 2.777515e-34 0.000000e+00 1.456667e-11 7.813168e-14 2.613574e-24 1.480272e-26 3.383139e-11 4.644249e-18 6.328862e-13 8.571091e-20 1.075734e-18 1.527403e-32 2.015357e-32 1.121212e-21 2.944873e-32 1.831399e-20 1.381020e-26 3.279071e-30 1.878494e-27 1.389540e-30 0.000000e+00 1.914195e-14 1.561432e-19 1.953274e-39 0.000000e+00 1.206155e-126 4.891414e-63
2.083571e-04 5.539963e-10 9.462725e-08 2.477689e-06 1.878636e-10 6.578233e-07 5.561694e-21 8.055830e-27 2.672879e-22 1.336296e-15 2.790525e-08 2.778129e-36 9.807403e-24 1.018668e-33 7.061874e-29 5.354014e-20 3.640143e-23 3.323231e-17 2.670317e-07 4.223820e-04 1.931683e-22 1.920872e-12 1.061650e-19 6.901338e-19 1.107603e-15 9.583064e-23 1.969828e-01 3.569539e-22 0.000000e+00 7.967913e-22 2.425599e-10 8.866052e-22 6.601258e-13 1.712895e-20 5.077507e-27 1.265194e-10 5.926019e-18 8.025900e-01 1.401477e-20 2.139070e-07 0.000000e+00 4.941455e-22 0.000000e+00 0.000000e+00 2.432148e-16 2.107202e-15 7.407350e-16 2.965221e-10 4.167846e-08 1.196280e-30 9.399309e-15 3.374560e-12 3.108355e-08 1.957880e-19 1.034585e-06 1.395235e-15 6.767413e-13 5.014707e-12 5.115518e-20 2.099580e-19 1.817210e-22 3.804313e-25 1.505310e-23 9.987807e-15 1.384482e-25 1.499677e-35 6.071009e-29 2.451194e-53 1.273179e-30 4.696981e-29 7.447840e-14 4.174859e-36 1.668991e-17 2.437926e-34 3.101538e-24 1.465786e-11 5.205439e-14 2.540856e-24 1.600217e-26 3.380357e-11 4.641211e-18 6.247064e-13 6.975557e-20 1.075111e-18 1.212740e-32 2.468726e-32 2.738437e-21 1.610102e-32 1.853459e-20 1.390673e-26 3.369557e-30 1.826655e-27 1.388721e-30 8.649833e-58 2.117582e-14 1.524616e-19 1.472127e-39 0.000000e+00 1.080496e-128 2.997714e-60
1.809069e-04 5.825326e-10 1.070701e-07 2.467150e-06 2.631221e-10 7.900214e-07 6.417247e-21 1.413421e-26 2.692571e-22 1.127102e-15 2.743490e-08 2.012327e-36 1.087108e-23 1.305315e-33 1.087790e-29 5.302266e-20 2.619512e-23 2.890256e-17 3.468365e-07 4.221266e-04 2.196690e-22 1.764175e-12 1.072889e-19 5.745837e-19 8.493759e-16 7.385522e-23 1.969643e-01 3.638827e-22 0.000000e+00 5.199451e-22 2.534872e-10 5.956744e-22 9.053946e-13 1.733188e-20 6.159317e-27 1.259416e-10 5.705323e-18 8.026086e-01 1.320805e-20 1.824372e-07 0.000000e+00 4.795627e-22 0.000000e+00 0.000000e+00 2.132845e-16 2.170464e-15 6.444992e-16 1.970876e-10 3.689337e-08 8.317186e-31 1.016860e-14 3.422762e-12 3.107868e-08 1.559401e-19 9.969651e-07 8.628003e-16 3.865863e-13 3.633561e-12 6.010057e-20 7.036614e-20 2.260252e-22 4.337442e-25 0.000000e+00 1.136493e-14 1.471116e-25 1.710772e-35 7.137567e-29 2.769764e-53 1.657577e-30 0.000000e+00 7.324232e-14 3.013326e-36 1.660445e-17 2.182582e-34 0.000000e+00 1.465895e-11 3.305448e-14 2.478003e-24 1.679226e-26 3.376302e-11 4.637822e-18 6.177720e-13 5.717565e-20 1.074413e-18 9.699177e-33 3.133194e-32 4.147063e-22 1.244549e-32 1.900011e-20 1.399785e-26 3.324065e-30 1.777701e-27 1.387804e-30 0.000000e+00 2.321500e-14 1.497145e-19 9.892525e-40 0.000000e+00 9.690959e-131 1.230334e-57
1.570732e-04 6.109549e-10 1.213048e-07 2.454908e-06 3.660100e-10 9.419165e-07 7.383671e-21 2.422957e-26 2.766475e-22 9.571821e-16 2.697920e-08 1.415699e-36 1.212022e-23 1.682674e-33 1.556900e-30 5.265202e-20 1.929630e-23 2.553263e-17 4.473328e-07 4.218291e-04 2.474220e-22 1.622488e-12 1.083254e-19 4.767556e-19 6.552977e-16 5.207574e-23 1.969435e-01 3.666647e-22 0.000000e+00 3.421533e-22 2.637136e-10 4.056063e-22 1.220786e-12 1.752574e-20 4.058760e-26 1.252812e-10 5.457942e-18 8.026295e-01 1.239672e-20 1.537919e-07 0.000000e+00 4.540611e-22 0.000000e+00 0.000000e+00 1.848640e-16 2.227776e-15 5.590918e-16 1.302804e-10 3.269144e-08 5.669765e-31 1.092254e-14 3.473085e-12 3.107347e-08 1.204079e-19 9.511093e-07 5.236634e-16 2.190133e-13 2.586982e-12 7.109281e-20 2.305892e-20 2.799157e-22 4.896232e-25 2.122024e-24 1.279648e-14 1.539159e-25 1.936725e-35 8.289289e-29 3.099380e-53 2.115884e-30 8.683404e-30 7.171692e-14 2.228259e-36 1.650904e-17 1.997577e-34 4.338526e-25 1.453298e-11 2.075493e-14 2.390430e-24 1.751672e-26 3.370935e-11 4.634101e-18 6.118778e-13 4.728427e-20 1.073634e-18 7.752916e-33 3.910876e-32 5.431847e-23 1.368207e-32 1.888085e-20 1.408436e-26 3.511779e-30 1.712353e-27 1.386780e-30 2.481498e-59 2.518778e-14 1.490572e-19 6.746888e-40 0.000000e+00 8.725748e-133 3.093787e-55
1.363794e-04 6.408514e-10 1.375136e-07 2.440806e-06 5.036739e-10 1.112613e-06 8.476237e-21 4.046192e-26 2.878495e-22 8.141506e-16 2.653103e-08 9.655859e-37 1.388798e-23 2.223487e-33 0.000000e+00 5.301386e-20 1.437449e-23 2.287690e-17 5.727141e-07 4.214830e-04 2.669516e-22 1.501664e-12 1.082655e-19 4.000647e-19 5.082680e-16 3.494261e-23 1.969203e-01 3.697533e-22 0.000000e+00 2.290448e-22 2.737503e-10 2.801345e-22 1.626848e-12 1.707825e-20 4.889061e-25 1.245240e-10 5.032236e-18 8.026529e-01 1.140319e-20 1.281755e-07 0.000000e+00 4.203697e-22 0.000000e+00 0.000000e+00 1.582825e-16 2.279124e-15 4.837354e-16 8.576401e-11 2.900186e-08 3.795422e-31 1.123565e-14 3.523191e-12 3.106787e-08 9.342021e-20 9.083986e-07 3.126547e-16 1.246910e-13 1.837584e-12 8.501082e-20 7.448361e-21 3.437951e-22 5.432981e-25 2.144420e-24 1.421632e-14 1.587036e-25 2.052799e-35 9.464580e-29 3.291990e-53 2.648579e-30 9.545282e-30 7.007780e-14 1.527654e-36 1.640268e-17 1.856292e-34 4.356113e-25 1.442617e-11 1.261543e-14 2.328466e-24 1.776872e-26 3.364441e-11 4.630024e-18 6.068470e-13 3.922064e-20 1.072763e-18 6.231608e-33 5.084880e-32 0.000000e+00 2.210654e-32 1.880335e-20 1.416503e-26 3.579680e-30 1.638971e-27 1.385636e-30 6.311076e-61 2.724947e-14 1.492795e-19 4.130158e-40 0.000000e+00 7.868016e-135 4.864105e-53
1.184120e-04 6.720638e-10 1.558876e-07 2.424679e-06 6.918299e-10 1.310188e-06 9.789528e-21 6.421652e-26 3.068739e-22 6.961170e-16 2.608365e-08 6.410551e-37 1.608183e-23 2.968700e-33 1.238637e-29 5.382237e-20 1.089567e-23 2.075246e-17 7.277070e-07 4.210810e-04 2.847121e-22 1.393043e-12 1.084004e-19 3.348219e-19 3.960840e-16 2.317842e-23 1.968942e-01 3.741850e-22 0.000000e+00 1.541380e-22 2.837435e-10 1.955208e-22 2.139560e-12 1.660774e-20 4.834999e-24 1.236545e-10 4.590788e-18 8.026790e-01 1.045709e-20 1.056890e-07 4.964774e-24 3.801470e-22 8.721555e-25 1.516443e-22 1.341809e-16 2.325120e-15 4.180339e-16 5.629491e-11 2.576503e-08 2.495535e-31 1.142663e-14 3.571062e-12 3.106184e-08 7.336301e-20 8.637506e-07 1.846284e-16 7.082710e-14 1.288900e-12 1.076883e-19 2.388744e-21 4.203156e-22 5.975912e-25 0.000000e+00 1.564307e-14 1.617379e-25 2.080585e-35 1.064271e-28 3.331014e-53 3.253454e-30 0.000000e+00 6.837690e-14 1.053525e-36 1.628441e-17 1.762626e-34 0.000000e+00 1.428353e-11 7.618972e-15 2.259933e-24 1.789472e-26 3.356831e-11 4.625557e-18 6.025256e-13 3.270294e-20 1.071791e-18 4.996247e-33 6.569933e-32 3.934024e-22 5.322801e-32 1.870732e-20 1.423926e-26 3.642354e-30 1.557381e-27 1.384360e-30 0.000000e+00 2.933478e-14 1.520578e-19 2.536078e-40 0.000000e+00 7.121484e-137 4.379983e-51
1.028117e-04 7.055111e-10 1.766600e-07 2.406322e-06 9.482748e-10 1.538092e-06 1.195136e-20 9.786129e-26 3.459900e-22 5.974177e-16 2.562989e-08 4.147364e-37 2.000489e-23 4.254120e-33 5.361538e-30 5.806274e-20 8.362551e-24 1.902337e-17 9.178939e-07 4.206145e-04 2.973399e-22 1.297145e-12 1.085001e-19 2.805103e-19 3.099462e-16 1.539377e-23 1.968650e-01 3.782642e-22 0.000000e+00 1.045715e-22 2.940138e-10 1.377239e-22 2.785110e-12 1.597208e-20 3.717787e-23 1.226536e-10 4.107022e-18 8.027083e-01 9.531534e-21 8.625678e-08 0.000000e+00 3.361596e-22 0.000000e+00 0.000000e+00 1.126633e-16 2.365172e-15 3.611848e-16 3.688891e-11 2.292244e-08 1.611224e-31 1.136704e-14 3.614511e-12 3.105533e-08 5.833701e-20 8.207413e-07 1.080907e-16 4.028424e-14 8.973362e-13 1.837617e-19 7.571542e-22 5.108775e-22 6.507553e-25 2.260191e-24 1.704163e-14 1.631566e-25 2.002041e-35 1.177522e-28 3.201365e-53 3.928351e-30 1.257987e-29 6.668715e-14 7.100325e-37 1.615300e-17 1.766395e-34 4.475409e-25 1.415344e-11 4.596884e-15 2.200598e-24 1.778454e-26 3.348124e-11 4.620640e-18 5.987770e-13 2.735461e-20 1.070707e-18 4.005007e-33 8.586439e-32 1.546439e-22 1.700138e-31 1.864210e-20 1.430678e-26 3.708054e-30 1.466269e-27 1.382937e-30 0.000000e+00 3.151156e-14 1.625124e-19 1.508746e-40 0.000000e+00 6.465025e-139 2.283010e-49
8.926665e-05 7.416596e-10 2.000794e-07 2.385514e-06 1.300347e-09 1.803229e-06 1.825623e-20 1.628510e-25 4.728530e-22 5.146497e-16 2.516300e-08 2.661163e-37 3.173326e-23 7.770543e-33 0.000000e+00 7.857147e-20 6.496261e-24 1.758976e-17 1.149562e-06 4.200740e-04 3.057032e-22 1.210891e-12 1.088202e-19 2.342969e-19 2.435305e-16 1.034254e-23 1.968324e-01 3.846526e-22 0.000000e+00 7.117978e-23 3.047739e-10 9.762576e-23 3.592610e-12 1.535151e-20 2.265946e-22 1.214996e-10 3.617857e-18 8.027411e-01 8.664753e-21 6.972670e-08 0.000000e+00 2.905399e-22 0.000000e+00 0.000000e+00 9.380714e-17 2.398814e-15 3.124880e-16 2.415790e-11 2.042478e-08 1.020640e-31 1.111603e-14 3.651709e-12 3.104826e-08 4.704239e-20 7.789391e-07 6.291586e-17 2.293595e-14 6.195638e-13 6.141874e-19 2.418417e-22 6.178152e-22 7.032193e-25 4.305954e-24 1.840413e-14 1.632245e-25 2.096230e-35 1.283433e-28 3.337217e-53 4.670568e-30 2.421942e-29 6.503461e-14 4.749206e-37 1.600718e-17 2.141957e-34 8.508704e-25 1.403682e-11 2.803273e-15 2.146175e-24 1.752365e-26 3.338295e-11 4.615233e-18 5.954879e-13 2.295583e-20 1.069497e-18 3.203449e-33 1.124650e-31 0.000000e+00 6.209236e-31 1.852949e-20 1.436721e-26 3.784640e-30 1.364280e-27 1.381349e-30 7.556270e-62 3.378440e-14 2.087991e-19 8.916051e-41 0.000000e+00 5.888897e-141 6.785274e-48
7.750613e-05 7.807800e-10 2.264469e-07 2.361983e-06 1.789108e-09 2.115274e-06 4.237121e-20 3.604485e-25 9.800272e-22 4.449792e-16 2.467580e-08 2.002636e-37 7.553133e-23 2.130733e-32 1.086818e-30 1.608201e-19 5.110858e-24 1.637575e-17 1.430150e-06 4.194480e-04 3.124306e-22 1.130509e-12 1.096822e-19 1.937757e-19 1.921900e-16 7.050625e-24 1.967958e-01 3.937292e-22 0.000000e+00 4.847080e-23 3.161909e-10 6.954712e-23 4.594545e-12 1.505994e-20 1.122062e-21 1.201667e-10 3.163849e-18 8.027777e-01 7.909710e-21 5.586641e-08 4.991930e-24 2.451549e-22 7.595815e-25 1.420866e-22 7.756996e-17 2.425768e-15 2.712845e-16 1.581964e-11 1.822667e-08 6.329234e-32 1.078998e-14 3.681413e-12 3.104055e-08 3.800308e-20 7.369169e-07 3.649195e-17 1.303150e-14 4.230774e-13 3.065147e-18 1.040737e-22 7.445012e-22 7.568582e-25 0.000000e+00 1.974105e-14 1.623469e-25 2.955118e-35 1.381981e-28 4.642516e-53 5.480253e-30 0.000000e+00 6.341532e-14 3.243993e-37 1.584545e-17 3.902546e-34 0.000000e+00 1.391737e-11 1.751706e-15 2.087100e-24 1.725673e-26 3.327271e-11 4.609300e-18 5.925596e-13 1.934544e-20 1.068145e-18 2.548716e-33 1.452731e-31 3.127744e-23 2.399359e-30 1.848701e-20 1.442024e-26 3.880641e-30 1.250936e-27 1.379577e-30 0.000000e+00 3.612308e-14 4.033949e-19 5.488795e-41 0.000000e+00 5.385308e-143 1.164050e-46
6.729501e-05 8.239968e-10 2.561112e-07 2.335407e-06 2.470791e-09 2.481610e-06 1.299671e-19 9.516344e-25 2.914852e-21 3.867992e-16 2.416081e-08 3.897753e-37 2.293351e-22 7.456684e-32 1.532419e-29 4.324206e-19 4.070741e-24 1.532405e-17 1.768367e-06 4.187233e-04 3.167673e-22 1.057700e-12 1.112402e-19 1.589462e-19 1.525749e-16 4.962463e-24 1.967548e-01 4.056274e-22 0.000000e+00 3.305591e-23 3.287366e-10 4.978201e-23 5.833467e-12 1.538405e-20 4.618743e-21 1.186234e-10 2.743203e-18 8.028188e-01 7.286673e-21 4.439996e-08 1.460688e-23 2.022215e-22 2.160812e-24 4.325840e-22 6.380684e-17 2.445750e-15 2.369989e-16 1.037442e-11 1.628793e-08 3.830891e-32 1.036421e-14 3.702717e-12 3.103212e-08 3.128726e-20 6.951785e-07 2.113100e-17 7.401621e-15 2.864775e-13 1.520337e-17 2.879688e-23 8.937613e-22 8.121223e-25 0.000000e+00 2.103559e-14 1.610002e-25 5.009915e-35 1.472598e-28 7.710004e-53 6.363815e-30 0.000000e+00 6.184633e-14 2.250261e-37 1.566609e-17 1.004033e-33 0.000000e+00 1.382589e-11 1.131675e-15 2.028775e-24 1.698169e-26 3.314940e-11 4.602715e-18 5.899091e-13 1.638149e-20 1.066634e-18 2.025299e-33 1.859289e-31 3.968048e-22 9.489217e-30 1.846934e-20 1.446553e-26 3.998435e-30 1.123799e-27 1.377597e-30 0.000000e+00 3.852484e-14 1.108898e-18 3.573349e-41 0.000000e+00 4.942387e-145 1.217810e-45
5.842916e-05 8.722235e-10 2.894843e-07 2.305396e-06 3.435213e-09 2.914325e-06 4.061436e-19 2.473614e-24 9.460602e-21 3.400410e-16 2.360999e-08 1.992069e-36 6.901382e-22 2.591062e-31 6.480338e-31 1.174110e-18 3.302494e-24 1.439039e-17 2.174574e-06 4.178839e-04 3.225154e-22 9.943813e-13 1.144983e-19 1.290293e-19 1.222421e-16 3.660971e-24 1.967088e-01 4.197407e-22 9.679410e-25 2.265195e-23 3.429500e-10 3.592872e-23 7.350462e-12 1.703116e-20 1.615496e-20 1.168326e-10 2.385770e-18 8.028648e-01 6.905454e-21 3.503757e-08 0.000000e+00 1.630638e-22 0.000000e+00 0.000000e+00 5.237008e-17 2.458976e-15 2.092387e-16 6.821647e-12 1.457331e-08 2.252621e-32 9.966796e-15 3.715496e-12 3.102286e-08 2.622130e-20 6.514657e-07 1.224383e-17 4.193451e-15 1.918557e-13 6.693919e-17 1.036756e-23 1.070613e-21 8.730029e-25 0.000000e+00 2.230551e-14 1.599205e-25 8.601381e-35 1.557991e-28 1.280535e-52 7.339897e-30 0.000000e+00 6.030690e-14 1.644454e-37 1.546710e-17 2.788069e-33 0.000000e+00 1.376943e-11 7.635261e-16 1.961114e-24 1.687497e-26 3.301154e-11 4.595410e-18 5.874660e-13 1.398225e-20 1.064942e-18 1.613199e-33 2.343651e-31 1.558473e-23 3.736825e-29 1.847855e-20 1.450265e-26 4.148736e-30 9.801518e-28 1.375380e-30 0.000000e+00 4.088401e-14 3.298484e-18 2.648872e-41 0.000000e+00 4.554827e-147 8.241769e-45
5.073136e-05 9.285021e-10 3.270515e-07 2.271476e-06 4.813125e-09 3.418106e-06 1.156829e-18 5.865867e-24 2.891564e-20 3.071398e-16 2.301447e-08 1.045037e-35 1.873949e-21 8.143039e-31 1.064270e-29 2.889060e-18 2.762759e-24 1.354003e-17 2.661270e-06 4.169107e-04 3.302337e-22 9.528731e-13 1.212409e-19 1.051893e-19 9.940971e-17 2.891283e-24 1.966571e-01 4.369629e-22 2.248340e-24 1.586818e-23 3.602826e-10 2.637149e-23 9.200331e-12 2.070837e-20 4.892487e-20 1.147504e-10 2.089598e-18 8.029166e-01 6.934041e-21 2.748608e-08 1.252304e-23 1.292838e-22 1.750410e-24 3.337664e-22 4.308837e-17 2.465696e-15 1.877187e-16 4.516822e-12 1.305153e-08 1.279030e-32 9.584446e-15 3.719853e-12 3.101263e-08 2.262238e-20 6.051835e-07 7.123668e-18 2.381842e-15 1.276022e-13 2.589776e-16 3.351937e-24 1.278596e-21 9.426459e-25 1.870539e-24 2.351778e-14 1.601509e-25 1.382547e-34 1.636502e-28 1.969994e-52 8.457860e-30 1.144308e-29 5.882544e-14 1.267455e-37 1.524614e-17 7.225405e-33 4.037720e-25 1.383563e-11 5.408760e-16 1.891980e-24 1.697265e-26 3.285724e-11 4.587275e-18 5.851705e-13 1.208414e-20 1.063042e-18 1.314904e-33 2.984310e-31 2.436224e-22 1.412860e-28 1.850369e-20 1.453113e-26 4.338773e-30 8.187433e-28 1.372893e-30 1.453259e-64 4.308105e-14 9.163555e-18 2.268474e-41 0.000000e+00 4.213428e-149 3.957358e-44
4.404770e-05 9.973191e-10 3.693618e-07 2.233087e-06 6.813483e-09 3.993716e-06 2.936374e-18 1.282805e-23 8.025872e-20 2.929947e-16 2.236491e-08 4.595100e-35 4.519359e-21 2.282988e-30 4.044654e-31 6.303277e-18 2.446614e-24 1.274556e-17 3.243467e-06 4.157809e-04 3.431672e-22 9.528632e-13 1.354152e-19 8.812590e-20 8.274323e-17 2.517839e-24 1.965988e-01 4.580400e-22 3.907836e-24 1.169738e-23 3.829689e-10 1.998438e-23 1.144773e-11 2.717492e-20 1.305241e-19 1.123282e-10 1.865286e-18 8.029750e-01 7.713002e-21 2.147039e-08 0.000000e+00 1.014576e-22 0.000000e+00 0.000000e+00 3.578838e-17 2.466433e-15 1.722408e-16 3.030988e-12 1.169581e-08 6.956691e-33 9.269975e-15 3.716319e-12 3.100129e-08 2.056356e-20 5.545822e-07 4.184649e-18 1.365568e-15 8.454638e-14 8.886046e-16 0.000000e+00 1.521624e-21 1.027286e-24 1.587744e-25 2.463672e-14 1.631290e-25 2.117899e-34 1.698358e-28 2.854659e-52 9.815787e-30 1.961273e-31 5.743221e-14 1.052407e-37 1.500057e-17 1.680295e-32 2.680040e-26 1.413902e-11 4.036008e-16 1.824385e-24 1.741205e-26 3.268422e-11 4.578165e-18 5.829727e-13 1.065330e-20 1.060905e-18 1.131759e-33 3.945508e-31 4.909949e-24 4.936688e-28 1.828186e-20 1.455034e-26 4.582453e-30 6.001439e-28 1.370095e-30 0.000000e+00 4.488649e-14 2.293466e-17 2.248966e-41 0.000000e+00 3.912369e-151 1.460217e-43
3.824460e-05 1.085070e-09 4.170351e-07 2.189551e-06 9.767592e-09 4.633053e-06 6.673235e-18 2.649988e-23 2.021095e-19 3.050405e-16 2.165148e-08 1.712007e-34 9.805774e-21 5.796261e-30 0.000000e+00 1.227204e-17 2.380309e-24 1.198489e-17 3.939627e-06 4.144668e-04 3.649109e-22 1.023745e-12 1.640314e-19 7.818852e-20 7.118600e-17 2.463919e-24 1.965328e-01 4.837361e-22 6.315711e-24 9.399184e-24 4.141663e-10 1.594075e-23 1.419069e-11 3.691900e-20 3.114875e-19 1.095146e-10 1.717337e-18 8.030410e-01 9.811203e-21 1.673674e-08 1.357568e-23 7.983152e-23 1.808025e-24 3.651032e-22 3.025615e-17 2.461662e-15 1.625769e-16 2.079386e-12 1.048275e-08 3.587467e-33 9.057225e-15 3.705414e-12 3.098867e-08 2.035412e-20 4.988118e-07 2.500089e-18 7.985669e-16 5.608157e-14 2.734703e-15 3.405252e-25 1.802413e-21 1.135210e-24 0.000000e+00 2.560554e-14 1.706211e-25 3.172168e-34 1.699313e-28 3.997536e-52 1.159051e-29 0.000000e+00 5.617834e-14 9.563837e-38 1.472734e-17 3.489084e-32 0.000000e+00 1.484204e-11 3.171421e-16 1.764274e-24 1.833758e-26 3.248975e-11 4.567935e-18 5.808304e-13 9.658532e-21 1.058493e-18 1.068797e-33 5.518822e-31 0.000000e+00 1.553141e-27 1.797121e-20 1.455952e-26 4.896876e-30 3.755449e-28 1.366939e-30 0.000000e+00 4.603068e-14 5.167803e-17 2.512101e-41 0.000000e+00 3.645938e-153 4.460878e-43
3.320603e-05 1.200894e-09 4.706877e-07 2.140117e-06 1.418266e-08 5.312908e-06 1.374090e-17 5.148983e-23 4.645090e-19 3.530305e-16 2.086505e-08 5.421723e-34 1.962982e-20 1.368349e-29 0.000000e+00 2.170346e-17 2.628867e-24 1.124107e-17 4.771898e-06 4.129355e-04 3.955806e-22 1.204179e-12 2.176854e-19 7.517012e-20 6.384611e-17 2.693109e-24 1.964580e-01 5.175739e-22 9.355066e-24 8.446523e-24 4.581656e-10 1.361600e-23 1.763508e-11 5.017273e-20 6.735739e-19 1.062630e-10 1.632183e-18 8.031158e-01 1.411738e-20 1.306130e-08 1.060518e-23 6.367215e-23 1.403347e-24 1.504993e-22 2.624484e-17 2.451341e-15 1.583964e-16 1.475477e-12 9.392980e-09 1.734213e-33 8.868170e-15 3.686913e-12 3.097458e-08 2.255533e-20 4.396061e-07 1.533261e-18 4.847608e-16 3.763731e-14 7.618436e-15 4.302913e-24 2.118745e-21 1.273199e-24 8.567188e-25 2.632167e-14 1.845106e-25 4.523579e-34 1.470159e-28 5.298306e-52 1.408738e-29 3.697948e-30 5.516062e-14 9.308070e-38 1.442321e-17 6.484299e-32 1.584643e-25 1.618121e-11 2.612777e-16 1.728654e-24 1.976050e-26 3.227074e-11 4.556498e-18 5.787103e-13 9.058700e-21 1.055765e-18 1.138654e-33 8.120844e-31 0.000000e+00 4.357868e-27 1.787393e-20 1.455771e-26 5.294120e-30 3.525406e-28 1.363369e-30 0.000000e+00 4.633994e-14 1.054922e-16 2.994204e-41 0.000000e+00 3.406512e-155 1.201855e-42
2.883127e-05 1.352035e-09 5.308527e-07 2.083992e-06 2.084945e-08 6.021024e-06 2.594516e-17 9.480005e-23 9.828553e-19 4.470730e-16 1.999862e-08 1.485081e-33 3.657199e-20 2.823817e-29 9.904329e-30 3.528931e-17 3.302391e-24 1.050199e-17 5.766546e-06 4.111493e-04 4.367861e-22 1.530561e-12 3.111192e-19 7.730152e-20 5.987796e-17 3.238947e-24 1.963731e-01 5.595690e-22 1.194693e-23 8.365962e-24 5.184856e-10 1.249438e-23 2.216666e-11 6.734391e-20 1.335793e-18 1.025411e-10 1.600807e-18 8.032009e-01 2.196336e-20 1.025474e-08 0.000000e+00 5.173382e-23 0.000000e+00 0.000000e+00 2.346694e-17 2.435366e-15 1.592648e-16 1.090415e-12 8.410984e-09 7.761939e-34 8.693562e-15 3.660513e-12 3.095883e-08 2.798285e-20 3.796173e-07 9.719235e-19 3.087299e-16 2.571202e-14 1.932227e-14 1.161840e-24 2.470296e-21 1.447986e-24 0.000000e+00 2.675309e-14 2.061019e-25 6.104680e-34 4.105624e-29 6.613719e-52 1.776979e-29 0.000000e+00 5.440505e-14 9.620650e-38 1.408497e-17 1.087481e-31 0.000000e+00 1.833938e-11 2.243518e-16 1.719612e-24 2.174404e-26 3.202382e-11 4.543649e-18 5.765874e-13 8.783472e-21 1.052674e-18 1.347951e-33 1.215010e-30 0.000000e+00 1.087753e-26 1.806637e-20 1.454375e-26 5.787156e-30 5.578514e-28 1.359326e-30 0.000000e+00 4.578995e-14 1.968839e-16 3.731804e-41 0.000000e+00 3.189639e-157 2.969090e-42
2.503286e-05 1.542723e-09 5.978990e-07 2.020366e-06 3.096697e-08 6.765317e-06 4.537203e-17 1.656993e-22 1.930378e-18 5.949243e-16 1.904817e-08 3.553696e-33 6.464780e-20 6.497059e-29 2.795069e-29 5.311539e-17 4.539807e-24 9.759772e-18 6.955039e-06 4.090638e-04 4.887627e-22 2.028256e-12 4.619443e-19 8.199097e-20 5.838731e-17 4.040970e-24 1.962766e-01 6.050155e-22 1.104753e-22 8.752324e-24 5.972331e-10 1.212287e-23 2.849984e-11 8.952476e-20 2.455461e-18 9.833834e-11 1.607459e-18 8.032975e-01 3.509371e-20 8.158472e-09 7.741659e-23 4.369919e-23 9.849240e-24 1.441035e-21 2.165685e-17 2.413599e-15 1.646927e-16 8.405258e-13 7.523921e-09 3.174914e-34 8.521438e-15 3.625876e-12 3.094122e-08 3.751009e-20 3.223756e-07 6.388654e-19 2.066874e-16 1.796761e-14 4.466346e-14 3.000472e-24 2.859958e-21 1.663641e-24 1.996492e-24 2.693248e-14 2.357250e-25 7.694556e-34 0.000000e+00 7.672651e-52 2.336150e-29 9.601455e-30 5.387272e-14 1.039374e-37 1.370947e-17 1.664364e-31 3.808249e-25 2.142187e-11 1.993870e-16 1.732338e-24 2.429507e-26 3.174533e-11 4.529074e-18 5.744424e-13 8.733184e-21 1.049168e-18 1.694036e-33 1.784890e-30 0.000000e+00 2.439748e-26 1.796217e-20 1.451632e-26 6.382052e-30 5.629096e-28 1.354741e-30 2.254425e-66 4.456511e-14 3.389129e-16 4.808646e-41 0.000000e+00 2.991578e-159 6.916977e-42
2.173488e-05 1.772815e-09 6.718964e-07 1.948447e-06 4.634192e-08 7.580199e-06 7.403363e-17 2.753236e-22 3.545641e-18 7.976322e-16 1.801380e-08 7.488294e-33 1.065107e-19 1.320279e-28 7.031329e-29 7.411807e-17 6.446714e-24 9.010777e-18 8.374855e-06 4.066275e-04 5.505267e-22 2.699876e-12 6.887797e-19 8.629775e-20 5.837919e-17 5.144658e-24 1.961669e-01 6.592452e-22 2.703160e-23 9.228168e-24 6.944494e-10 1.208236e-23 3.782419e-11 1.193587e-19 4.223728e-18 9.367230e-11 1.633019e-18 8.034075e-01 5.535830e-20 6.641780e-09 6.138143e-25 3.720260e-23 5.100995e-26 8.929809e-22 2.062728e-17 2.385986e-15 1.742064e-16 6.738502e-13 6.721150e-09 1.171525e-34 8.347831e-15 3.582819e-12 3.092152e-08 5.165131e-20 2.707268e-07 4.356015e-19 1.446020e-16 1.290129e-14 9.378901e-14 0.000000e+00 3.296562e-21 1.920647e-24 0.000000e+00 2.694986e-14 2.722926e-25 8.983769e-34 0.000000e+00 7.557739e-52 3.194640e-29 0.000000e+00 5.346705e-14 1.155549e-37 1.329370e-17 2.354314e-31 0.000000e+00 2.540408e-11 1.820572e-16 1.755409e-24 2.738542e-26 3.143131e-11 4.512604e-18 5.722603e-13 8.789819e-21 1.045190e-18 2.146742e-33 2.513036e-30 0.000000e+00 4.861117e-26 1.785610e-20 1.447390e-26 7.080012e-30 5.687831e-28 1.349541e-30 0.000000e+00 4.296200e-14 5.424920e-16 6.398130e-41 0.000000e+00 2.809563e-161 1.549782e-41
1.887140e-05 2.038584e-09 7.524257e-07 1.867491e-06 6.970972e-08 8.522080e-06 1.133143e-16 4.341481e-22 6.129046e-18 1.045532e-15 1.690043e-08 1.393942e-32 1.658769e-19 2.514974e-28 1.555178e-28 9.579429e-17 8.989742e-24 8.255285e-18 1.007022e-05 4.037808e-04 6.194149e-22 3.518567e-12 1.008800e-18 8.768669e-20 5.877041e-17 6.408473e-24 1.960420e-01 7.223440e-22 2.913586e-23 9.465153e-24 8.083362e-10 1.199159e-23 5.191557e-11 1.622505e-19 6.855339e-18 8.859185e-11 1.656643e-18 8.035327e-01 8.400119e-20 5.596028e-09 3.103782e-24 3.274432e-23 3.764838e-25 0.000000e+00 2.029496e-17 2.352634e-15 1.873066e-16 5.597816e-13 5.993807e-09 3.856756e-35 8.162699e-15 3.531419e-12 3.089953e-08 6.997040e-20 2.261677e-07 3.080227e-19 1.047624e-16 9.575426e-15 1.781501e-13 0.000000e+00 3.794390e-21 2.217805e-24 2.397748e-24 2.691019e-14 3.133655e-25 9.677436e-34 0.000000e+00 0.000000e+00 4.503590e-29 8.599888e-30 5.307644e-14 1.300556e-37 1.283504e-17 3.113844e-31 4.186382e-25 3.008845e-11 1.695526e-16 1.776556e-24 3.094483e-26 3.107752e-11 4.493985e-18 5.700278e-13 8.834979e-21 1.040673e-18 2.638106e-33 3.345523e-30 9.102869e-26 8.490237e-26 1.774722e-20 1.441485e-26 7.881043e-30 5.746023e-28 1.343644e-30 1.740374e-66 4.127820e-14 8.132478e-16 8.805905e-41 0.000000e+00 2.641322e-163 3.386843e-41
1.638517e-05 2.328333e-09 8.383512e-07 1.776771e-06 1.052698e-07 9.688839e-06 1.631134e-16 6.546462e-22 1.002892e-17 1.313934e-15 1.571788e-08 2.319292e-32 2.337987e-19 4.410497e-28 3.032696e-28 1.139350e-16 1.181809e-23 7.496902e-18 1.209322e-05 4.004549e-04 6.936137e-22 4.420872e-12 1.436967e-18 8.429090e-20 5.847101e-17 7.728884e-24 1.958997e-01 7.925221e-22 2.040602e-23 9.183876e-24 9.332145e-10 1.153528e-23 7.314732e-11 2.270723e-19 1.057608e-17 8.317299e-11 1.661750e-18 8.036750e-01 1.202570e-19 4.926893e-09 2.261860e-23 2.957866e-23 2.771871e-24 0.000000e+00 2.060817e-17 2.314120e-15 2.032467e-16 4.777019e-13 5.334300e-09 1.130761e-35 7.997205e-15 3.472506e-12 3.087501e-08 9.026019e-20 1.889740e-07 2.249795e-19 7.728103e-17 7.357434e-15 3.060248e-13 1.966612e-24 4.379619e-21 2.551361e-24 0.000000e+00 2.695450e-14 3.540477e-25 9.840264e-34 0.000000e+00 0.000000e+00 6.420658e-29 0.000000e+00 5.255274e-14 1.478566e-37 1.233126e-17 3.894327e-31 0.000000e+00 3.491191e-11 1.599683e-16 1.775860e-24 3.495820e-26 3.067943e-11 4.472937e-18 5.677313e-13 8.738984e-21 1.035544e-18 3.044555e-33 4.179332e-30 1.673174e-25 1.275705e-25 1.763485e-20 1.433734e-26 8.787636e-30 5.800931e-28 1.336959e-30 3.017968e-67 3.978256e-14 1.149515e-15 1.263528e-40 0.000000e+00 2.485802e-165 7.286761e-41
1.422649e-05 2.615863e-09 9.275119e-07 1.675529e-06 1.593802e-07 1.125578e-05 2.205616e-16 9.470993e-22 1.560271e-17 1.559931e-15 1.448010e-08 3.462832e-32 2.931963e-19 6.900018e-28 5.181231e-28 1.231246e-16 1.409490e-23 6.741712e-18 1.450508e-05 3.965700e-04 7.680434e-22 5.308990e-12 1.985653e-18 7.546651e-20 5.654181e-17 1.721279e-23 1.957378e-01 8.649997e-22 2.264538e-23 8.215952e-24 1.056018e-09 1.052834e-23 1.047501e-10 3.258567e-19 1.560003e-17 7.750759e-11 1.625127e-18 8.038369e-01 1.593367e-19 4.545258e-09 2.365437e-24 2.668793e-23 2.812731e-25 0.000000e+00 2.139655e-17 2.270337e-15 2.206317e-16 4.106173e-13 4.735893e-09 3.080206e-36 7.875522e-15 3.405926e-12 3.084775e-08 1.078336e-19 1.591705e-07 1.674739e-19 5.638641e-17 5.808995e-15 4.788876e-13 9.427325e-25 5.096174e-21 2.910192e-24 0.000000e+00 2.726239e-14 3.854934e-25 9.655662e-34 0.000000e+00 0.000000e+00 9.027728e-29 0.000000e+00 5.170914e-14 1.689724e-37 1.178062e-17 4.656433e-31 0.000000e+00 3.873851e-11 1.518774e-16 1.728783e-24 3.932142e-26 3.023207e-11 4.449140e-18 5.653542e-13 8.341526e-21 1.029718e-18 3.199535e-33 4.883663e-30 2.417289e-25 1.618021e-25 1.751825e-20 1.423939e-26 9.797008e-30 5.849556e-28 1.329383e-30 0.000000e+00 3.881037e-14 1.540698e-15 1.873808e-40 0.000000e+00 2.341947e-167 1.559809e-40
1.235221e-05 2.850650e-09 1.016271e-06 1.563121e-06 2.411016e-07 1.357199e-05 2.779994e-16 1.272972e-21 2.311640e-17 1.720713e-15 1.320550e-08 4.447757e-32 3.150149e-19 9.397459e-28 7.624717e-28 1.183385e-16 1.453152e-23 5.998088e-18 1.737383e-05 3.920387e-04 8.207639e-22 6.062975e-12 2.661584e-18 6.223881e-20 5.241154e-17 5.327602e-24 1.955532e-01 9.312270e-22 1.470899e-23 6.581255e-24 1.150255e-09 8.986817e-24 1.520516e-10 4.720528e-19 2.206935e-17 7.169224e-11 1.494677e-18 8.040208e-01 1.904993e-19 4.359654e-09 3.074098e-23 2.364046e-23 3.710194e-24 7.760617e-22 2.212381e-17 2.217885e-15 2.369749e-16 3.424269e-13 4.193028e-09 9.153265e-37 7.715748e-15 3.326596e-12 3.081754e-08 1.155482e-19 1.376049e-07 1.234837e-19 3.889505e-17 4.626988e-15 6.919877e-13 0.000000e+00 6.014007e-21 3.252883e-24 0.000000e+00 2.806662e-14 3.924967e-25 8.826375e-34 0.000000e+00 0.000000e+00 1.214758e-28 0.000000e+00 5.030602e-14 1.854512e-37 1.118252e-17 5.381854e-31 0.000000e+00 3.973817e-11 1.441160e-16 1.615112e-24 4.330591e-26 2.973042e-11 4.422252e-18 5.628764e-13 7.436660e-21 1.023104e-18 2.950576e-33 5.338846e-30 2.902452e-25 1.667333e-25 1.739666e-20 1.411891e-26 1.087875e-29 5.887881e-28 1.320806e-30 0.000000e+00 3.900901e-14 1.964944e-15 2.711217e-40 0.000000e+00 2.207114e-169 3.364144e-40
1.072485e-05 2.923596e-09 1.099452e-06 1.439344e-06 3.618804e-07 1.753382e-05 3.192059e-16 1.553083e-21 3.263851e-17 1.710997e-15 1.191606e-08 4.711211e-32 2.687492e-19 1.015706e-27 9.190376e-28 9.578556e-17 1.176921e-23 5.275766e-18 2.077082e-05 3.867703e-04 8.216427e-22 6.504207e-12 3.480666e-18 4.604104e-20 4.610130e-17 2.514040e-23 1.953428e-01 9.793163e-22 1.790780e-23 4.436635e-24 1.160724e-09 7.144125e-24 2.253916e-10 6.691278e-19 2.995017e-17 6.581078e-11 1.227442e-18 8.042291e-01 1.968692e-19 4.274744e-09 2.453102e-23 1.857065e-23 2.927853e-24 2.159212e-22 2.159310e-17 2.151995e-15 2.486859e-16 2.571817e-13 3.701193e-09 3.313122e-37 7.523326e-15 3.227424e-12 3.078421e-08 1.050685e-19 1.260913e-07 8.522393e-20 2.330385e-17 3.549184e-15 9.368363e-13 0.000000e+00 7.294961e-21 3.484731e-24 7.169061e-25 2.989544e-14 3.530413e-25 7.409053e-34 0.000000e+00 0.000000e+00 1.493143e-28 1.854892e-30 4.780920e-14 1.888088e-37 1.053788e-17 6.143407e-31 1.415944e-25 3.544492e-11 1.358440e-16 1.388258e-24 4.565899e-26 2.916968e-11 4.391919e-18 5.602713e-13 5.819809e-21 1.015609e-18 2.198114e-33 5.468764e-30 2.752840e-25 1.281482e-25 1.726930e-20 1.397390e-26 1.194235e-29 5.912182e-28 1.311115e-30 0.000000e+00 4.168176e-14 2.395083e-15 3.598267e-40 0.000000e+00 2.080711e-171 7.322205e-40
9.311897e-06 2.735882e-09 1.171169e-06 1.305470e-06 5.320001e-07 2.508491e-05 3.227868e-16 1.597453e-21 4.373137e-17 1.486495e-15 1.063628e-08 3.695179e-32 1.679727e-19 8.188309e-28 8.542700e-28 6.133872e-17 6.716383e-24 4.584877e-18 2.476146e-05 3.806817e-04 7.334300e-22 6.455427e-12 4.463455e-18 2.995163e-20 3.843968e-17 9.568714e-24 1.951025e-01 9.974810e-22 3.352273e-24 2.371831e-24 1.038382e-09 5.417554e-24 3.480118e-10 9.037554e-19 3.873093e-17 5.992082e-11 8.407367e-19 8.044638e-01 1.690515e-19 4.198197e-09 2.086960e-23 1.191132e-23 2.342718e-24 8.799463e-23 1.866203e-17 2.064190e-15 2.517261e-16 1.609976e-13 3.256771e-09 1.100447e-37 7.167727e-15 3.095675e-12 3.074765e-08 7.626403e-20 1.279115e-07 5.162503e-20 1.119992e-17 2.505289e-15 1.198827e-12 1.591369e-24 9.169632e-21 3.444085e-24 2.818409e-25 3.325890e-14 2.610400e-25 5.165290e-34 0.000000e+00 0.000000e+00 1.592674e-28 7.393592e-31 4.370627e-14 1.625466e-37 9.849809e-18 1.044382e-30 5.390662e-26 2.578854e-11 1.265034e-16 1.055648e-24 4.401809e-26 2.854571e-11 4.357790e-18 5.575023e-13 3.732100e-21 1.007147e-18 1.207451e-33 5.302966e-30 1.938282e-25 6.680403e-26 1.713552e-20 1.380252e-26 1.279930e-29 5.921433e-28 1.300197e-30 4.150287e-68 4.915970e-14 2.797213e-15 3.950643e-40 0.000000e+00 1.960205e-173 1.604982e-39
8.085092e-06 2.303621e-09 1.227455e-06 1.165016e-06 7.549103e-07 4.028311e-05 2.801595e-16 1.403806e-21 5.527018e-17 1.117882e-15 9.390228e-09 2.150573e-32 7.279779e-20 4.416544e-28 5.883322e-28 2.973833e-17 2.530914e-24 3.934418e-18 2.940020e-05 3.737013e-04 5.858554e-22 5.791775e-12 5.661890e-18 1.687141e-20 3.071655e-17 7.075415e-24 1.948269e-01 9.798874e-22 5.851572e-24 9.781357e-25 7.998424e-10 4.121639e-24 5.821682e-10 1.166398e-18 4.707878e-17 5.404988e-11 4.868824e-19 8.047264e-01 1.195521e-19 4.070327e-09 3.323047e-22 1.176345e-23 3.907552e-23 1.568760e-20 1.373719e-17 1.953236e-15 2.432557e-16 8.080060e-14 2.856464e-09 2.515340e-38 6.790451e-15 2.929477e-12 3.070770e-08 4.271850e-20 1.458994e-07 2.621521e-20 4.157204e-18 1.573814e-15 1.447906e-12 4.792753e-23 1.189083e-20 3.031857e-24 3.256625e-25 3.831238e-14 1.496757e-25 3.625437e-33 0.000000e+00 0.000000e+00 1.460533e-28 7.842213e-31 3.784464e-14 1.195485e-37 9.123257e-18 6.011380e-28 7.767067e-26 1.469455e-11 1.159423e-16 6.847699e-25 3.774295e-26 2.785483e-11 4.319503e-18 5.545181e-13 1.916753e-21 9.976348e-19 4.564665e-34 4.963561e-30 9.790468e-26 2.252173e-26 1.699475e-20 1.360311e-26 1.320561e-29 5.917750e-28 1.287937e-30 2.378948e-69 6.479432e-14 3.148014e-15 3.710043e-40 0.000000e+00 1.847683e-175 3.467816e-39
7.019914e-06 1.818584e-09 1.267992e-06 1.023376e-06 1.024064e-06 6.997423e-05 2.127381e-16 9.983152e-22 6.490750e-17 7.564543e-16 8.200542e-09 8.854974e-33 2.326811e-20 1.816233e-28 3.195594e-28 1.161864e-17 7.000853e-25 3.332413e-18 3.472409e-05 3.657781e-04 4.218349e-22 4.734515e-12 7.035043e-18 8.665389e-21 2.392633e-17 1.287974e-24 1.945088e-01 9.320425e-22 0.000000e+00 3.386175e-25 5.460013e-10 3.276381e-24 1.202460e-09 1.665115e-18 5.258394e-17 4.822122e-11 2.482369e-19 8.050171e-01 7.284200e-20 3.872623e-09 2.794509e-23 2.928161e-24 3.146217e-24 1.844163e-21 8.808418e-18 1.810759e-15 2.224964e-16 3.511744e-14 2.497355e-09 4.200024e-39 6.183476e-15 2.716142e-12 3.066421e-08 2.091261e-20 1.840670e-07 1.157850e-20 1.286629e-18 9.190608e-16 1.638284e-12 1.302787e-21 1.536536e-20 2.337472e-24 4.084066e-24 4.386416e-14 6.734781e-26 4.101371e-30 0.000000e+00 0.000000e+00 1.338939e-28 7.001834e-30 3.142566e-14 6.973064e-38 8.365661e-18 1.277555e-24 7.496914e-25 6.822413e-12 1.041894e-16 4.050323e-25 2.790698e-26 2.709449e-11 4.276716e-18 5.512618e-13 8.449702e-22 9.869962e-19 1.280102e-34 4.604445e-30 3.645961e-26 5.449238e-27 1.684650e-20 1.337418e-26 1.299668e-29 5.903571e-28 1.274226e-30 1.490213e-68 9.342825e-14 3.417449e-15 3.304760e-40 0.000000e+00 1.739349e-177 7.327221e-39
6.095068e-06 1.402598e-09 1.295847e-06 8.859189e-07 1.328364e-06 1.261505e-04 1.472776e-16 6.448133e-22 6.990915e-17 4.824461e-16 7.086453e-09 3.024774e-33 6.476569e-21 5.908724e-29 1.481664e-28 3.943519e-18 1.706937e-25 2.785434e-18 4.076372e-05 3.568695e-04 2.952826e-22 3.564426e-12 8.536421e-18 4.205512e-21 1.839267e-17 2.345037e-23 1.941381e-01 8.663449e-22 5.646791e-23 1.064914e-25 3.432901e-10 2.744431e-24 3.665744e-09 3.238004e-18 5.285380e-17 4.248623e-11 1.240646e-19 8.053343e-01 3.996020e-20 3.600152e-09 1.373163e-24 8.285758e-25 1.594751e-25 1.465151e-22 5.107041e-18 1.647966e-15 1.914856e-16 1.487735e-14 2.176700e-09 5.780749e-40 5.601637e-15 2.473084e-12 3.061685e-08 8.143983e-21 2.447914e-07 4.866335e-21 3.643245e-19 5.124344e-16 1.732163e-12 1.013211e-20 1.935985e-20 1.606944e-24 0.000000e+00 4.864085e-14 2.484843e-26 0.000000e+00 0.000000e+00 0.000000e+00 1.556513e-28 1.240252e-31 2.572890e-14 3.640199e-38 7.586428e-18 4.337039e-28 2.473735e-29 2.715593e-12 9.161851e-17 2.310203e-25 1.838693e-26 2.626316e-11 4.229091e-18 5.476783e-13 3.502338e-22 9.751547e-19 2.902159e-35 4.301910e-30 9.434181e-27 1.083866e-27 1.669022e-20 1.311432e-26 1.219182e-29 5.879671e-28 1.258959e-30 1.251360e-71 1.413439e-13 3.602493e-15 3.893310e-40 0.000000e+00 1.638915e-179 1.463808e-38
5.292068e-06 1.101186e-09 1.314588e-06 7.568796e-07 1.657243e-06 2.273969e-04 9.696444e-17 3.608587e-22 6.802046e-17 3.011040e-16 6.062657e-09 8.284712e-34 0.000000e+00 1.801729e-29 6.411859e-29 1.273526e-18 4.808326e-26 2.298108e-18 4.754655e-05 3.469400e-04 2.003786e-22 2.586149e-12 1.001803e-17 2.050723e-21 1.404152e-17 1.684939e-23 1.937007e-01 7.963728e-22 2.730773e-23 1.611563e-24 2.080497e-10 2.400571e-24 1.489875e-08 8.073098e-18 4.734685e-17 3.693645e-11 5.985928e-20 8.056733e-01 2.025359e-20 3.188499e-09 0.000000e+00 0.000000e+00 0.000000e+00 0.000000e+00 2.722573e-18 1.462032e-15 1.543366e-16 6.886670e-15 1.891813e-09 8.140993e-41 4.831002e-15 2.198754e-12 3.056510e-08 3.383874e-21 3.360241e-07 2.147869e-21 1.050436e-19 2.807652e-16 1.734046e-12 1.275760e-20 2.345813e-20 1.012201e-24 3.850930e-24 5.159972e-14 8.056517e-27 0.000000e+00 0.000000e+00 0.000000e+00 2.210460e-28 5.393777e-30 2.179648e-14 1.581566e-38 6.797041e-18 1.025168e-30 7.072077e-25 9.860271e-13 7.875868e-17 1.413341e-25 1.087999e-26 2.536082e-11 4.176318e-18 5.437201e-13 1.459299e-22 9.620387e-19 6.045545e-36 4.074338e-30 1.567105e-27 2.596785e-28 1.652534e-20 1.282235e-26 1.095654e-29 5.845801e-28 1.242041e-30 5.406286e-70 2.191966e-13 3.688766e-15 5.326615e-40 0.000000e+00 1.541989e-181 2.745115e-38
4.594859e-06 8.842003e-10 1.327759e-06 6.390965e-07 2.004618e-06 4.036203e-04 6.234017e-17 2.050383e-22 5.987617e-17 1.876628e-16 5.138985e-09 2.196100e-34 5.946032e-22 9.071837e-30 2.708116e-29 4.074073e-19 1.926641e-26 1.872614e-18 5.510083e-05 3.359558e-04 1.389606e-22 1.828107e-12 1.146584e-17 9.992194e-22 1.067712e-17 0.000000e+00 1.931756e-01 7.313776e-22 0.000000e+00 1.046001e-26 1.240148e-10 2.163276e-24 6.112878e-08 1.991407e-17 3.824743e-17 3.169828e-11 2.991606e-20 8.060251e-01 9.660064e-21 2.726354e-09 0.000000e+00 5.668618e-26 0.000000e+00 0.000000e+00 1.382902e-18 1.271925e-15 1.172362e-16 3.709746e-15 1.640100e-09 1.068900e-41 4.161264e-15 1.929762e-12 3.050817e-08 1.959252e-21 4.602697e-07 1.066283e-21 3.334694e-20 1.518633e-16 1.671894e-12 8.467431e-21 2.754317e-20 6.047733e-25 2.040850e-24 5.276419e-14 2.407085e-27 1.128644e-34 7.209652e-23 1.197901e-27 3.052633e-28 2.230277e-30 1.959253e-14 6.624775e-39 6.010168e-18 0.000000e+00 3.670428e-25 3.378217e-13 6.633646e-17 9.384489e-26 6.108587e-27 2.438876e-11 4.118100e-18 5.393447e-13 6.311462e-23 9.475788e-19 1.209551e-36 3.904334e-30 1.046372e-28 4.792875e-29 1.635119e-20 1.249740e-26 9.499464e-30 5.801396e-28 1.223380e-30 4.682351e-71 3.392953e-13 3.695516e-15 7.374603e-40 0.000000e+00 1.453068e-183 4.703756e-38
3.989505e-06 7.276591e-10 1.337713e-06 5.338851e-07 2.368580e-06 6.973437e-04 3.992500e-17 1.306951e-22 4.834110e-17 1.182669e-16 4.318248e-09 6.305130e-35 2.458802e-22 4.652468e-30 1.129718e-29 1.304379e-19 1.052292e-26 1.507672e-18 6.346901e-05 3.238651e-04 9.785252e-23 1.287641e-12 1.282414e-17 4.986667e-22 8.093688e-18 6.254727e-26 1.925339e-01 6.767458e-22 0.000000e+00 3.433065e-27 7.413856e-11 1.994680e-24 2.217143e-07 4.346030e-17 2.865226e-17 2.688539e-11 1.562403e-20 8.063763e-01 4.450855e-21 2.317913e-09 0.000000e+00 0.000000e+00 0.000000e+00 0.000000e+00 7.017913e-19 1.077071e-15 8.500772e-17 2.309568e-15 1.418444e-09 1.510266e-42 3.548954e-15 1.680632e-12 3.044490e-08 1.390987e-21 6.219563e-07 5.954157e-22 1.222903e-20 8.383248e-17 1.594169e-12 4.186015e-22 3.152134e-20 3.516505e-25 2.998376e-25 5.238984e-14 6.952906e-28 0.000000e+00 1.972051e-23 2.089681e-31 3.725397e-28 2.757816e-31 1.884299e-14 2.666907e-39 5.237790e-18 0.000000e+00 5.364275e-26 1.123856e-13 5.498656e-17 6.858513e-26 3.325251e-27 2.334782e-11 4.054038e-18 5.345034e-13 2.865448e-23 9.316810e-19 2.456482e-37 3.772828e-30 7.184827e-30 1.081170e-29 1.616665e-20 1.213841e-26 8.001555e-30 5.745799e-28 1.202858e-30 2.397810e-72 5.182047e-13 3.629813e-15 9.054374e-40 0.000000e+00 1.370602e-185 7.388858e-38
3.463904e-06 6.090090e-10 1.346268e-06 4.416328e-07 2.750783e-06 1.165487e-03 2.588610e-17 1.320451e-22 3.675552e-17 7.598934e-17 3.599337e-09 2.838598e-35 1.288384e-22 3.006981e-30 4.887559e-30 4.361783e-20 6.691877e-27 1.200051e-18 7.268853e-05 3.106229e-04 7.064207e-23 9.102507e-13 1.408785e-17 2.543826e-22 6.118699e-18 3.783478e-24 1.917375e-01 6.352410e-22 5.251281e-25 1.183893e-27 4.495675e-11 1.869719e-24 6.928940e-07 8.284149e-17 2.056343e-17 2.258513e-11 9.068647e-21 8.067076e-01 2.077185e-21 1.994156e-09 0.000000e+00 0.000000e+00 0.000000e+00 0.000000e+00 3.668846e-19 8.746122e-16 5.973410e-17 1.582485e-15 1.223928e-09 2.501263e-43 3.048695e-15 1.464178e-12 3.037385e-08 3.306012e-22 8.167191e-07 3.596020e-22 5.130911e-21 4.749327e-17 1.555416e-12 0.000000e+00 3.545368e-20 2.035265e-25 0.000000e+00 5.094444e-14 2.020274e-28 0.000000e+00 5.106575e-24 2.675130e-35 4.030300e-28 0.000000e+00 1.905962e-14 1.091628e-39 4.492078e-18 0.000000e+00 0.000000e+00 3.705438e-14 4.515952e-17 5.348357e-26 1.807928e-27 2.223997e-11 3.983717e-18 5.291455e-13 1.369207e-23 9.142487e-19 5.206539e-38 3.664368e-30 9.724987e-31 3.142069e-30 1.597043e-20 1.174464e-26 6.586702e-30 5.678331e-28 1.180349e-30 0.000000e+00 7.710106e-13 3.508399e-15 1.007141e-39 0.000000e+00 1.295178e-187 1.070225e-37
3.007548e-06 5.149644e-10 1.354707e-06 3.619959e-07 3.155306e-06 1.877725e-03 1.730737e-17 2.994333e-22 2.703329e-17 4.999499e-17 2.977500e-09 2.920762e-35 7.295993e-23 1.868957e-30 2.246452e-30 1.544838e-20 4.478981e-27 9.448472e-19 8.278586e-05 2.961962e-04 5.214292e-23 6.501251e-13 1.524393e-17 1.326603e-22 4.613125e-18 0.000000e+00 1.907407e-01 6.079205e-22 1.578700e-26 4.318826e-28 2.787463e-11 1.773006e-24 1.886498e-06 1.407077e-16 1.452773e-17 1.884032e-11 6.179777e-21 8.069948e-01 1.045086e-21 1.740007e-09 0.000000e+00 0.000000e+00 0.000000e+00 0.000000e+00 2.001760e-19 6.660353e-16 4.125696e-17 1.143365e-15 1.053681e-09 5.331872e-44 2.647572e-15 1.282433e-12 3.029330e-08 0.000000e+00 1.034634e-06 2.263695e-22 2.362671e-21 2.747634e-17 1.602503e-12 0.000000e+00 3.945268e-20 1.191597e-25 0.000000e+00 4.886543e-14 6.119482e-29 0.000000e+00 1.109520e-24 2.581494e-39 3.985455e-28 0.000000e+00 1.978565e-14 4.620499e-40 3.784494e-18 0.000000e+00 0.000000e+00 1.231623e-14 3.702174e-17 4.309800e-26 9.989957e-28 2.106785e-11 3.906670e-18 5.232149e-13 6.869611e-24 8.951743e-19 1.177329e-38 3.568534e-30 1.775028e-31 1.221769e-30 1.576101e-20 1.131552e-26 5.323789e-30 5.598281e-28 1.155716e-30 0.000000e+00 1.109990e-12 3.344835e-15 1.037915e-39 0.000000e+00 1.226026e-189 1.444584e-37
2.611316e-06 4.382402e-10 1.363976e-06 2.942372e-07 3.587567e-06 2.912634e-03 1.253305e-17 1.074691e-21 1.963263e-17 3.372679e-17 2.446121e-09 5.142253e-35 1.050687e-22 0.000000e+00 1.157771e-30 6.107772e-21 3.034939e-27 7.364080e-19 9.375292e-05 2.805937e-04 3.893016e-23 4.725623e-13 1.627398e-17 7.101222e-23 3.468960e-18 0.000000e+00 1.894930e-01 5.951216e-22 8.019467e-27 1.673532e-28 1.776129e-11 1.694685e-24 4.554785e-06 2.180233e-16 1.031027e-17 1.565482e-11 5.029218e-21 8.072089e-01 5.986315e-22 1.534029e-09 0.000000e+00 0.000000e+00 0.000000e+00 9.138592e-21 1.146185e-19 4.706570e-16 2.839688e-17 8.486606e-16 9.051377e-10 3.845175e-44 2.307668e-15 1.131856e-12 3.020139e-08 5.687328e-22 1.263371e-06 1.498137e-22 1.149356e-21 1.614485e-17 1.770990e-12 3.280113e-20 4.365483e-20 7.126146e-26 2.040010e-25 4.650012e-14 1.992535e-29 0.000000e+00 0.000000e+00 0.000000e+00 3.707178e-28 1.198606e-31 2.065717e-14 1.992531e-40 3.126096e-18 0.000000e+00 3.603655e-26 4.196000e-15 3.047659e-17 3.513785e-26 5.648887e-28 1.983625e-11 3.822478e-18 5.166563e-13 3.602340e-24 8.743635e-19 2.887768e-39 3.478612e-30 1.815486e-32 1.284861e-30 1.553684e-20 1.085118e-26 4.240303e-30 5.504992e-28 1.128838e-30 1.655255e-74 1.543892e-12 3.150923e-15 9.931887e-40 0.000000e+00 1.161730e-191 1.835273e-37
2.267286e-06 3.733536e-10 1.375053e-06 2.373565e-07 4.054728e-06 4.354789e-03 1.143491e-17 4.108720e-21 1.427701e-17 2.333079e-17 1.997224e-09 1.225387e-34 3.357401e-23 1.405884e-30 7.414246e-31 3.125767e-21 2.065186e-27 5.686694e-19 1.055367e-04 2.638773e-04 2.960468e-23 3.484798e-13 1.718677e-17 3.875359e-23 2.602383e-18 0.000000e+00 1.879409e-01 5.968003e-22 1.334450e-26 6.860455e-29 1.163965e-11 1.628202e-24 9.917385e-06 3.138043e-16 7.501375e-18 1.300088e-11 4.770711e-21 8.073178e-01 3.932631e-22 1.373073e-09 6.051644e-23 1.947112e-24 5.727624e-24 7.415422e-20 6.977730e-20 3.148919e-16 1.977527e-17 6.446040e-16 7.759422e-10 1.282402e-43 2.041711e-15 1.012302e-12 3.009613e-08 9.482881e-22 1.480575e-06 9.821796e-23 5.766308e-22 9.600207e-18 2.087649e-12 2.072528e-20 4.829729e-20 4.389682e-26 2.245536e-25 4.414494e-14 7.083252e-30 0.000000e+00 0.000000e+00 0.000000e+00 3.322498e-28 1.108091e-31 2.136478e-14 9.010653e-41 2.526533e-18 0.000000e+00 3.953549e-26 1.482007e-15 2.525150e-17 2.829201e-26 3.311870e-28 1.855202e-11 3.730768e-18 5.094155e-13 1.966786e-24 8.517357e-19 7.690543e-40 3.390106e-30 1.496550e-32 7.213777e-31 1.529639e-20 1.035250e-26 3.337626e-30 5.397887e-28 1.099611e-30 4.237319e-75 2.068660e-12 2.941491e-15 9.191316e-40 0.000000e+00 1.102211e-193 2.209679e-37
1.968580e-06 3.167187e-10 1.388958e-06 1.901452e-07 4.565999e-06 6.292226e-03 1.620645e-17 1.537289e-20 1.048000e-17 1.653268e-17 1.621602e-09 4.506022e-34 0.000000e+00 2.629236e-31 6.588741e-31 2.534967e-21 1.414446e-27 4.353820e-19 1.180464e-04 2.461500e-04 2.323899e-23 2.583362e-13 1.800626e-17 2.138629e-23 1.947602e-18 1.083070e-25 1.860293e-01 6.128054e-22 0.000000e+00 2.949459e-29 7.832299e-12 1.568954e-24 1.979584e-05 4.259316e-16 5.878661e-18 1.082560e-11 4.963884e-21 8.072866e-01 2.827007e-22 1.258052e-09 0.000000e+00 0.000000e+00 0.000000e+00 0.000000e+00 4.583837e-20 2.067883e-16 1.416353e-17 5.038541e-16 6.637837e-10 7.943274e-43 1.870974e-15 9.229009e-13 2.997537e-08 8.881824e-22 1.656218e-06 6.692939e-23 2.943410e-22 5.761419e-18 2.575492e-12 2.539533e-20 5.369568e-20 2.803138e-26 0.000000e+00 4.200925e-14 2.747183e-30 0.000000e+00 0.000000e+00 0.000000e+00 2.927677e-28 0.000000e+00 2.169034e-14 4.488174e-41 1.992818e-18 0.000000e+00 0.000000e+00 5.446299e-16 2.101972e-17 2.202148e-26 2.043607e-28 1.722281e-11 3.631134e-18 5.014324e-13 1.114461e-24 8.272039e-19 2.204657e-40 3.300087e-30 0.000000e+00 1.795960e-30 1.503791e-20 9.820600e-27 2.602024e-30 5.276381e-28 1.067924e-30 0.000000e+00 2.662556e-12 2.729430e-15 8.731037e-40 0.000000e+00 1.047667e-195 2.536572e-37
1.709227e-06 2.680678e-10 1.406249e-06 1.513648e-07 5.130373e-06 8.808921e-03 3.316669e-17 5.250900e-20 7.781430e-18 1.196188e-17 1.310040e-09 2.220511e-33 0.000000e+00 0.000000e+00 7.728530e-31 3.038210e-21 9.679490e-28 3.307117e-19 1.311292e-04 2.275894e-04 1.849301e-23 1.939215e-13 1.871221e-17 1.197620e-23 1.454088e-18 4.995910e-23 1.837075e-01 6.429663e-22 0.000000e+00 1.328651e-29 5.410329e-12 1.513672e-24 3.676216e-05 5.534090e-16 5.729355e-18 9.064474e-12 5.333584e-21 8.070796e-01 2.132454e-22 1.167905e-09 0.000000e+00 0.000000e+00 0.000000e+00 0.000000e+00 3.234003e-20 1.369093e-16 1.059499e-17 4.000658e-16 5.665890e-10 0.000000e+00 1.737676e-15 8.557370e-13 2.983695e-08 7.542851e-22 1.784211e-06 4.461290e-23 1.519047e-22 3.482624e-18 3.256002e-12 0.000000e+00 6.001166e-20 1.852251e-26 8.141797e-27 4.011683e-14 1.165400e-30 0.000000e+00 0.000000e+00 0.000000e+00 2.562159e-28 2.359262e-31 2.160900e-14 2.320771e-41 1.529841e-18 0.000000e+00 5.020247e-26 2.095980e-16 1.750297e-17 1.673609e-26 1.312442e-28 1.585898e-11 3.523282e-18 4.926526e-13 6.513973e-25 8.007107e-19 6.833187e-41 3.206686e-30 0.000000e+00 0.000000e+00 1.475979e-20 9.257676e-27 2.012013e-30 5.140059e-28 1.033702e-30 2.149596e-76 3.316437e-12 2.518538e-15 8.213318e-40 0.000000e+00 9.958479e-198 2.793384e-37
1.484044e-06 2.260721e-10 1.427697e-06 1.198422e-07 5.758574e-06 1.198343e-02 7.591102e-17 1.650469e-19 5.853547e-18 8.821295e-18 1.053926e-09 1.146669e-32 3.853976e-22 1.879402e-29 1.032516e-30 4.158453e-21 6.634743e-28 2.494717e-19 1.445641e-04 2.084570e-04 1.495042e-23 1.470120e-13 1.932463e-17 6.782077e-24 1.083460e-18 4.786617e-25 1.809309e-01 6.866855e-22 1.242471e-25 6.235608e-30 3.828173e-12 1.460123e-24 6.420497e-05 6.944649e-16 8.381479e-18 7.652402e-12 5.773068e-21 8.066593e-01 1.636419e-22 1.098883e-09 5.275679e-24 1.650062e-25 4.814324e-25 1.563136e-20 2.453488e-20 9.301795e-17 8.383973e-18 3.226201e-16 4.825882e-10 0.000000e+00 1.640697e-15 8.066459e-13 2.967884e-08 6.159543e-22 1.853017e-06 3.540780e-23 7.897392e-23 2.116462e-18 4.145473e-12 1.167500e-19 6.750894e-20 1.265948e-26 7.561330e-25 3.848708e-14 5.363456e-31 1.489652e-33 1.796578e-21 2.349904e-24 2.246154e-28 0.000000e+00 2.110480e-14 1.250575e-41 1.139938e-18 0.000000e+00 0.000000e+00 8.465034e-17 1.450895e-17 1.238062e-26 8.781978e-29 1.447450e-11 3.407137e-18 4.830357e-13 3.913227e-25 7.722548e-19 2.275220e-41 3.108803e-30 3.468870e-32 0.000000e+00 1.446083e-20 8.667470e-27 1.544842e-30 4.988817e-28 9.969456e-31 1.629077e-77 4.009410e-12 2.316191e-15 7.772522e-40 0.000000e+00 9.462972e-200 2.961720e-37
1.288527e-06 1.897390e-10 1.454081e-06 9.445368e-08 6.462859e-06 1.588853e-02 1.695480e-16 4.846089e-19 4.462507e-18 6.619344e-18 8.450372e-10 5.496919e-32 0.000000e+00 0.000000e+00 1.400733e-30 5.654018e-21 4.574345e-28 1.870602e-19 1.580885e-04 1.890644e-04 1.231487e-23 1.121910e-13 1.987086e-17 3.870236e-24 8.060129e-19 3.222536e-25 1.776614e-01 7.428091e-22 0.000000e+00 3.030818e-30 2.767254e-12 1.406752e-24 1.064073e-04 8.472917e-16 1.715735e-17 6.526949e-12 6.223343e-21 8.059866e-01 1.255242e-22 1.048155e-09 0.000000e+00 0.000000e+00 0.000000e+00 0.000000e+00 1.992159e-20 6.535985e-17 7.056208e-18 2.642721e-16 4.101557e-10 0.000000e+00 1.581286e-15 7.727391e-13 2.949902e-08 4.912755e-22 1.857158e-06 1.767559e-23 4.124263e-23 1.290466e-18 5.252605e-12 0.000000e+00 7.648560e-20 8.939854e-27 9.835662e-25 3.710505e-14 2.646382e-31 2.311855e-33 3.109445e-21 4.789813e-24 1.978138e-28 2.476151e-31 2.020124e-14 7.062132e-42 8.220440e-19 4.311941e-32 2.385086e-25 3.578890e-17 1.192233e-17 8.891603e-27 6.124821e-29 1.308526e-11 3.282764e-18 4.725488e-13 2.408261e-25 7.418710e-19 8.061583e-42 3.005796e-30 0.000000e+00 0.000000e+00 1.414001e-20 8.054755e-27 1.178655e-30 4.822784e-28 9.576988e-31 3.733658e-76 4.723280e-12 2.127517e-15 7.517900e-40 0.000000e+00 8.986209e-202 3.030181e-37
1.118769e-06 1.585462e-10 1.486072e-06 7.417041e-08 7.256402e-06 2.058713e-02 3.549465e-16 1.322878e-18 3.445653e-18 5.045163e-18 6.758403e-10 2.336549e-31 1.685745e-22 7.537069e-30 1.844818e-30 7.329559e-21 3.178324e-28 1.395479e-19 1.714077e-04 1.697638e-04 1.028641e-23 8.627053e-14 2.037124e-17 2.225649e-24 5.989384e-19 2.219723e-25 1.738708e-01 8.094549e-22 3.014108e-25 1.520366e-30 2.039231e-12 1.352527e-24 1.685832e-04 1.010693e-15 3.878270e-17 5.632362e-12 6.650693e-21 8.050216e-01 9.587747e-23 1.009571e-09 0.000000e+00 0.000000e+00 0.000000e+00 0.000000e+00 1.710932e-20 4.753170e-17 6.286638e-18 2.189313e-16 3.478365e-10 2.512076e-42 1.547102e-15 7.505204e-13 2.929559e-08 3.854196e-22 1.803376e-06 1.132831e-23 2.158917e-23 7.879146e-19 6.573861e-12 0.000000e+00 8.720825e-20 6.504972e-27 8.580913e-24 3.591405e-14 1.387982e-31 1.113599e-33 1.964152e-21 2.887262e-24 1.755724e-28 2.173553e-30 1.896867e-14 4.100367e-42 5.719641e-19 3.863671e-32 1.575437e-24 1.579474e-17 9.681380e-18 6.222448e-27 4.426071e-29 1.170906e-11 3.150429e-18 4.611722e-13 1.512746e-25 7.096451e-19 3.031985e-42 2.897331e-30 1.709104e-32 8.460475e-29 1.379669e-20 7.425501e-27 8.938802e-31 4.642415e-28 9.160734e-31 1.379094e-75 5.461380e-12 1.954678e-15 7.380013e-40 0.000000e+00 8.520221e-204 2.996585e-37
9.713753e-07 1.318610e-10 1.524438e-06 5.808128e-08 8.154198e-06 2.612962e-02 6.913650e-16 3.380879e-18 2.693832e-18 3.901946e-18 5.396350e-10 8.796136e-31 2.199419e-21 2.271745e-28 2.325316e-30 8.979440e-21 2.235735e-28 1.036718e-19 1.842151e-04 1.509246e-04 8.709863e-24 6.679614e-14 2.085712e-17 1.288624e-24 4.448244e-19 2.501127e-23 1.695434e-01 8.840568e-22 1.904751e-24 7.843021e-31 1.528547e-12 1.296825e-24 2.568183e-04 1.183326e-15 8.499481e-17 4.921609e-12 7.040496e-21 8.037236e-01 7.296542e-23 9.802207e-10 0.000000e+00 0.000000e+00 0.000000e+00 0.000000e+00 1.535961e-20 3.569551e-17 5.855195e-18 1.830848e-16 2.943478e-10 1.168515e-41 1.536056e-15 7.369021e-13 2.906682e-08 2.992963e-22 1.700021e-06 1.029377e-23 1.130645e-23 4.807861e-19 8.087956e-12 0.000000e+00 9.996848e-20 4.837815e-27 2.331445e-28 3.485009e-14 7.635086e-32 1.875838e-37 0.000000e+00 0.000000e+00 1.564898e-28 7.533702e-32 1.747931e-14 2.434688e-42 3.828075e-19 3.082412e-32 6.196694e-30 7.248527e-18 7.754402e-18 4.245159e-27 3.302885e-29 1.036505e-11 3.010640e-18 4.489037e-13 9.673633e-26 6.757231e-19 1.197626e-42 2.783290e-30 1.959642e-32 8.936687e-29 1.343064e-20 6.786848e-27 6.739100e-31 4.448544e-28 8.722579e-31 4.608169e-78 6.245491e-12 1.799328e-15 7.378560e-40 0.000000e+00 8.061122e-206 2.867368e-37
8.434005e-07 1.093163e-10 1.569837e-06 4.539816e-08 9.171851e-06 3.254896e-02 1.254625e-15 7.950687e-18 2.130864e-18 3.058537e-18 4.305810e-10 2.883282e-30 7.076564e-24 7.085482e-31 2.804866e-30 1.042619e-20 1.591438e-28 7.677905e-20 1.962132e-04 1.329095e-04 7.403631e-24 5.229632e-14 2.134467e-17 7.535288e-25 3.304232e-19 9.331453e-21 1.646793e-01 9.634715e-22 0.000000e+00 4.157803e-31 1.163717e-12 1.239358e-24 3.779340e-04 1.364594e-15 1.737992e-16 4.356933e-12 7.385996e-21 8.020523e-01 5.574942e-23 9.536581e-10 0.000000e+00 0.000000e+00 0.000000e+00 0.000000e+00 1.422905e-20 2.757854e-17 5.607854e-18 1.535223e-16 2.485635e-10 1.617500e-41 1.529981e-15 7.282257e-13 2.881128e-08 2.307150e-22 1.564302e-06 8.818475e-24 5.917548e-24 2.928111e-19 9.752412e-12 1.009647e-20 1.150603e-19 3.778996e-27 8.849638e-23 3.385001e-14 4.510292e-32 3.082986e-37 0.000000e+00 0.000000e+00 1.440803e-28 1.670163e-29 1.583305e-14 1.429174e-42 2.457451e-19 2.494620e-32 1.598908e-23 3.457094e-18 6.119766e-18 2.844934e-27 2.521762e-29 9.072905e-12 2.864179e-18 4.357621e-13 6.277695e-26 6.403182e-19 5.106587e-43 2.664002e-30 0.000000e+00 0.000000e+00 1.304222e-20 6.146984e-27 5.049658e-31 4.242445e-28 8.265284e-31 5.667998e-75 7.143930e-12 1.661028e-15 7.344148e-40 0.000000e+00 7.601567e-208 2.658291e-37
7.322859e-07 9.051418e-11 1.622928e-06 3.545731e-08 1.032574e-05 3.985640e-02 2.129860e-15 1.680859e-17 1.704488e-18 2.427614e-18 3.437095e-10 8.065856e-30 5.006173e-24 6.432686e-31 3.266835e-30 1.155162e-20 1.142415e-28 5.675695e-20 2.071397e-04 1.160439e-04 6.241145e-24 4.164376e-14 2.184373e-17 4.470302e-25 2.457273e-19 1.096372e-22 1.592984e-01 1.044267e-21 9.759042e-26 2.266624e-31 8.988677e-13 1.180124e-24 5.391172e-04 1.554049e-15 3.296228e-16 3.910140e-12 7.685839e-21 7.999695e-01 4.311281e-23 9.235919e-10 1.294329e-22 4.015621e-24 1.170407e-23 0.000000e+00 1.346478e-20 2.186490e-17 5.442249e-18 1.281227e-16 2.095120e-10 6.874530e-41 1.507025e-15 7.221819e-13 2.852796e-08 1.767658e-22 1.413702e-06 0.000000e+00 3.094019e-24 1.778589e-19 1.150273e-11 0.000000e+00 1.321963e-19 2.837677e-27 1.867965e-28 3.273544e-14 2.658500e-32 4.386563e-37 0.000000e+00 0.000000e+00 1.257269e-28 8.409966e-32 1.409583e-14 7.963717e-43 1.509553e-19 2.036474e-32 5.082590e-30 1.716567e-18 4.755443e-18 1.885828e-27 1.941358e-29 7.851974e-12 2.712154e-18 4.217947e-13 4.121556e-26 6.037220e-19 2.172079e-43 2.539985e-30 0.000000e+00 0.000000e+00 1.263257e-20 5.514998e-27 3.759470e-31 4.025899e-28 7.792615e-31 2.683538e-78 8.271890e-12 1.538815e-15 7.061407e-40 0.000000e+00 7.135951e-210 2.390405e-37
6.358102e-07 7.469227e-11 1.684942e-06 2.770199e-08 1.163720e-05 4.804730e-02 3.404618e-15 3.310530e-17 1.380207e-18 1.952793e-18 2.747901e-10 2.008300e-29 4.694018e-24 6.693822e-31 3.698694e-30 1.225271e-20 8.353375e-29 4.193016e-20 2.168110e-04 1.005616e-04 5.274828e-24 3.355759e-14 2.240214e-17 2.682032e-25 1.831439e-19 1.405058e-20 1.534351e-01 1.122933e-21 6.046459e-27 1.265755e-31 7.028642e-13 1.119312e-24 7.475624e-04 1.749030e-15 5.819049e-16 3.561591e-12 7.941595e-21 7.974380e-01 3.363828e-23 8.939635e-10 8.233970e-22 2.553818e-23 7.446074e-23 9.475363e-22 1.295227e-20 1.779749e-17 5.307895e-18 1.069214e-16 1.763250e-10 2.623761e-40 1.486933e-15 7.204089e-13 2.821613e-08 1.356561e-22 1.251066e-06 6.950322e-24 1.613842e-24 1.075637e-19 1.325889e-11 1.249929e-19 1.521760e-19 2.216127e-27 0.000000e+00 3.160019e-14 1.652397e-32 5.994042e-37 0.000000e+00 0.000000e+00 1.126481e-28 0.000000e+00 1.233834e-14 4.339294e-43 8.852928e-20 1.683836e-32 0.000000e+00 8.825351e-19 3.640507e-18 1.228990e-27 1.519176e-29 6.718796e-12 2.555854e-18 4.070666e-13 2.737636e-26 5.662678e-19 9.850564e-44 2.411919e-30 3.329084e-34 1.673108e-29 1.220328e-20 4.899857e-27 2.780674e-31 3.800993e-28 7.308884e-31 0.000000e+00 9.761664e-12 1.433562e-15 6.761518e-40 0.000000e+00 6.670858e-212 2.082067e-37
5.520448e-07 6.137256e-11 1.757188e-06 2.166937e-08 1.313008e-05 5.710239e-02 5.157391e-15 6.184948e-17 1.131856e-18 1.592476e-18 2.202435e-10 4.557852e-29 4.491139e-24 7.104044e-31 4.099190e-30 1.250268e-20 6.257785e-29 3.098821e-20 2.251252e-04 8.659774e-05 4.512211e-24 2.731210e-14 2.305204e-17 1.626451e-25 1.369192e-19 1.113196e-23 1.471370e-01 1.196293e-21 6.069727e-27 7.223434e-32 5.554306e-13 1.057221e-24 1.010398e-03 1.947538e-15 9.624776e-16 3.298500e-12 8.156563e-21 7.944224e-01 2.641439e-23 8.655189e-10 0.000000e+00 0.000000e+00 0.000000e+00 1.714479e-20 1.260444e-20 1.489321e-17 5.181020e-18 8.932225e-17 1.482072e-10 9.524182e-40 1.476705e-15 7.253935e-13 2.787523e-08 1.049443e-22 1.083747e-06 2.270828e-23 8.385108e-25 6.467490e-20 1.493751e-11 1.039305e-18 1.754498e-19 1.760549e-27 7.893670e-24 3.042613e-14 1.056330e-32 8.031187e-37 0.000000e+00 0.000000e+00 1.014982e-28 4.118201e-31 1.061510e-14 2.332168e-43 4.945119e-20 1.410561e-32 0.000000e+00 4.669406e-19 2.750169e-18 7.851721e-28 1.209012e-29 5.685738e-12 2.396639e-18 3.916529e-13 1.839069e-26 5.283027e-19 4.657929e-44 2.280669e-30 1.029640e-33 7.425778e-29 1.175617e-20 4.309696e-27 2.042810e-31 3.569953e-28 6.818575e-31 1.136443e-76 1.181708e-11 1.344478e-15 6.526745e-40 0.000000e+00 6.208716e-214 1.751492e-37
4.793151e-07 5.022964e-11 1.841055e-06 1.698563e-08 1.483052e-05 6.698403e-02 7.448942e-15 1.097837e-16 9.400623e-19 1.316443e-18 1.771300e-10 9.494322e-29 4.027802e-24 7.049360e-31 4.475433e-30 1.235252e-20 4.805384e-29 2.293094e-20 2.320477e-04 7.420504e-05 3.834131e-24 2.247892e-14 2.381185e-17 9.989891e-26 1.027598e-19 3.680016e-21 1.404672e-01 1.261714e-21 5.750954e-27 4.209856e-32 4.430649e-13 9.942508e-25 1.334443e-03 2.148546e-15 1.502653e-15 3.113782e-12 8.336761e-21 7.908904e-01 2.088335e-23 8.367392e-10 0.000000e+00 0.000000e+00 0.000000e+00 9.358736e-20 1.236219e-20 1.283770e-17 5.052918e-18 7.455360e-17 1.244544e-10 3.275049e-39 1.472092e-15 7.400606e-13 2.750504e-08 8.208350e-23 9.208432e-07 3.755883e-24 4.336099e-25 3.863413e-20 1.646202e-11 7.373068e-20 2.023394e-19 1.410997e-27 1.813776e-25 2.918182e-14 6.043115e-33 1.049068e-36 0.000000e+00 0.000000e+00 9.132772e-29 0.000000e+00 8.976589e-15 1.223545e-43 2.625324e-20 1.196105e-32 0.000000e+00 2.533144e-19 2.055896e-18 4.924191e-28 9.745115e-30 4.761079e-12 2.235966e-18 3.756436e-13 1.248791e-26 4.901935e-19 2.277654e-44 2.146866e-30 1.703384e-33 1.665656e-28 1.129344e-20 3.751755e-27 1.490142e-31 3.335168e-28 6.326427e-31 2.937835e-78 1.472405e-11 1.270017e-15 6.320010e-40 0.000000e+00 5.749635e-216 1.417572e-37
4.161673e-07 4.094772e-11 1.938238e-06 1.335343e-08 1.676871e-05 7.763778e-02 1.032627e-14 1.865872e-16 7.910006e-19 1.103433e-18 1.430725e-10 1.840346e-28 0.000000e+00 0.000000e+00 4.836868e-30 1.189329e-20 3.785202e-29 1.700488e-20 2.376031e-04 6.336345e-05 3.289878e-24 1.871333e-14 2.470504e-17 6.225610e-26 7.748556e-20 0.000000e+00 1.335022e-01 1.317124e-21 1.168669e-25 2.503615e-32 3.563840e-13 9.308768e-25 1.725965e-03 2.351071e-15 2.231938e-15 3.004930e-12 8.489434e-21 7.868136e-01 1.661944e-23 8.072768e-10 1.604825e-23 5.003457e-25 1.458609e-24 0.000000e+00 1.219270e-20 1.143674e-17 4.929262e-18 6.213573e-17 1.044513e-10 1.061292e-38 1.473126e-15 7.689771e-13 2.710569e-08 6.505861e-23 7.682465e-07 2.623055e-24 2.230419e-25 2.291405e-20 1.777109e-11 4.836271e-20 2.333319e-19 1.141299e-27 0.000000e+00 2.786343e-14 0.000000e+00 1.343858e-36 6.034823e-27 0.000000e+00 8.219478e-29 0.000000e+00 7.462146e-15 6.248267e-44 1.322193e-20 1.026237e-32 1.064630e-26 1.404281e-19 1.534943e-18 3.032069e-28 7.943181e-30 3.948812e-12 2.075359e-18 3.591428e-13 8.575611e-27 4.523173e-19 1.147914e-44 2.011930e-30 2.689904e-33 3.320581e-28 1.081770e-20 3.232092e-27 1.079075e-31 3.099135e-28 5.837314e-31 0.000000e+00 1.885179e-11 1.209002e-15 6.146383e-40 0.000000e+00 5.295512e-218 1.097461e-37
3.613389e-07 3.319965e-11 2.050991e-06 1.053759e-08 1.898185e-05 8.899884e-02 1.384857e-14 3.131852e-16 6.748996e-19 9.386496e-19 1.161592e-10 3.448850e-28 0.000000e+00 0.000000e+00 5.190968e-30 1.121989e-20 3.073798e-29 1.264602e-20 2.418642e-04 5.399107e-05 2.859690e-24 1.569563e-14 2.577917e-17 3.934737e-26 5.874400e-20 0.000000e+00 1.263263e-01 1.361066e-21 0.000000e+00 1.515542e-32 2.886594e-13 8.676007e-25 2.190693e-03 2.553226e-15 3.181273e-15 2.972850e-12 8.621721e-21 7.821666e-01 1.328250e-23 7.797588e-10 4.474499e-23 1.401816e-24 4.091791e-24 2.287211e-19 1.208085e-20 1.057753e-17 4.827903e-18 5.190476e-17 8.765621e-11 3.231555e-38 1.495081e-15 8.190913e-13 2.667755e-08 5.240607e-23 6.277770e-07 1.420421e-24 1.140198e-25 1.347748e-20 1.882407e-11 8.911247e-21 2.690376e-19 9.313247e-28 4.782798e-25 2.647307e-14 0.000000e+00 1.758117e-36 9.648079e-26 4.734921e-58 7.404415e-29 0.000000e+00 6.091586e-15 3.181467e-44 6.305343e-21 8.916412e-33 7.023141e-26 7.911648e-20 1.171434e-18 1.821335e-28 6.573597e-30 3.248484e-12 1.916307e-18 3.422615e-13 5.975634e-27 4.150371e-19 5.935130e-45 1.876806e-30 6.017155e-33 1.015492e-27 1.033173e-20 2.755180e-27 7.756213e-32 2.864298e-28 5.355922e-31 2.176503e-78 2.467695e-11 1.161095e-15 6.153167e-40 0.000000e+00 4.851292e-220 8.049358e-38
3.137339e-07 2.682441e-11 2.181381e-06 8.354020e-09 2.150744e-05 1.009917e-01 1.810250e-14 5.104105e-16 5.836761e-19 8.099430e-19 9.487092e-11 6.183662e-28 0.000000e+00 0.000000e+00 5.562738e-30 1.047636e-20 2.551378e-29 9.436848e-21 2.449294e-04 4.597131e-05 2.493233e-24 1.333088e-14 2.704570e-17 2.536741e-26 4.480527e-20 0.000000e+00 1.190313e-01 1.392729e-21 0.000000e+00 9.353501e-33 2.353714e-13 8.049414e-25 2.733790e-03 2.755986e-15 4.391287e-15 3.020704e-12 8.742953e-21 7.769281e-01 1.067898e-23 7.508318e-10 0.000000e+00 0.000000e+00 0.000000e+00 1.044209e-20 1.201166e-20 1.020549e-17 4.768265e-18 4.324027e-17 7.359842e-11 9.233786e-38 1.520921e-15 8.990238e-13 2.622134e-08 4.279546e-23 5.049790e-07 6.365714e-25 5.794955e-26 7.867865e-21 1.960143e-11 0.000000e+00 3.097730e-19 7.635713e-28 4.428217e-26 2.500765e-14 0.000000e+00 2.268529e-36 4.664778e-25 7.474855e-56 6.655794e-29 0.000000e+00 4.888733e-15 1.562258e-44 2.843396e-21 7.844868e-33 0.000000e+00 4.527245e-20 9.628335e-19 1.075093e-28 5.478872e-30 2.655942e-12 1.760260e-18 3.251182e-13 4.228958e-27 3.786995e-19 3.154805e-45 1.742659e-30 7.470290e-33 1.609707e-27 9.838546e-21 2.323961e-27 5.532400e-32 2.633031e-28 4.886732e-31 1.745131e-78 3.280891e-11 1.124625e-15 6.176581e-40 0.000000e+00 4.415822e-222 5.531616e-38
2.724008e-07 2.154392e-11 2.332692e-06 6.659753e-09 2.439715e-05 1.135379e-01 2.329663e-14 8.493862e-16 5.123917e-19 7.100460e-19 7.801091e-11 1.126193e-27 1.476792e-22 3.390288e-29 5.974295e-30 9.738473e-21 2.180347e-29 7.069673e-21 2.469185e-04 3.915856e-05 2.214336e-24 1.138463e-14 2.859077e-17 1.666524e-26 3.440169e-20 6.772074e-23 1.117092e-01 1.411753e-21 1.733994e-25 5.864903e-33 1.929307e-13 7.434004e-25 3.359857e-03 2.956690e-15 5.929980e-15 3.152809e-12 8.859886e-21 7.710798e-01 8.608588e-24 7.255071e-10 0.000000e+00 0.000000e+00 0.000000e+00 2.586839e-21 1.198619e-20 1.031706e-17 4.784449e-18 3.619867e-17 6.187154e-11 2.474526e-37 1.579441e-15 1.021918e-12 2.573798e-08 3.551230e-23 3.977778e-07 1.764119e-24 2.926967e-26 4.554122e-21 2.010111e-11 5.684961e-20 3.563770e-19 6.306212e-28 1.166006e-26 2.348712e-14 0.000000e+00 3.106939e-36 2.097887e-24 1.709754e-51 5.990646e-29 0.000000e+00 3.850897e-15 7.746157e-45 1.210771e-21 6.985135e-33 0.000000e+00 2.615475e-20 9.272175e-19 6.166939e-29 4.640600e-30 2.163839e-12 1.608551e-18 3.078333e-13 3.068582e-27 3.436166e-19 1.708691e-45 1.610539e-30 1.265731e-32 3.339242e-27 9.341221e-21 1.939706e-27 3.916216e-32 2.407516e-28 4.433770e-31 3.512718e-79 4.405548e-11 1.100307e-15 6.490990e-40 0.000000e+00 3.996139e-224 3.487741e-38
2.365131e-07 1.724783e-11 2.507698e-06 5.343847e-09 2.769990e-05 1.265577e-01 2.974474e-14 1.405532e-15 4.563187e-19 6.319584e-19 6.463823e-11 2.042402e-27 2.857687e-22 1.163195e-28 6.477751e-30 9.116181e-21 1.896894e-29 5.318721e-21 2.479527e-04 3.340208e-05 1.977051e-24 9.843574e-15 3.043752e-17 1.123977e-26 2.660408e-20 0.000000e+00 1.044509e-01 1.418255e-21 7.421329e-25 3.746474e-33 1.590011e-13 6.834506e-25 4.073159e-03 3.157460e-15 7.906770e-15 3.373086e-12 8.981905e-21 7.646064e-01 6.962212e-24 6.997542e-10 0.000000e+00 0.000000e+00 0.000000e+00 6.721560e-22 1.199946e-20 1.095451e-17 4.911518e-18 3.026062e-17 5.212331e-11 6.220444e-37 1.648320e-15 1.203931e-12 2.522864e-08 2.987952e-23 3.088334e-07 1.819059e-26 1.470700e-26 2.618413e-21 2.033431e-11 0.000000e+00 4.091255e-19 5.226902e-28 0.000000e+00 2.192249e-14 0.000000e+00 4.293966e-36 9.020400e-24 3.573297e-47 5.383245e-29 0.000000e+00 2.979986e-15 3.709679e-45 4.864586e-22 6.289931e-33 0.000000e+00 1.524183e-20 1.112045e-18 3.469901e-29 3.954286e-30 1.762637e-12 1.462375e-18 2.905274e-13 2.290864e-27 3.100612e-19 9.483390e-46 1.481461e-30 1.687905e-32 5.514202e-27 8.842868e-21 1.602220e-27 2.750700e-32 2.189713e-28 4.000560e-31 0.000000e+00 5.943173e-11 1.086835e-15 6.883345e-40 0.000000e+00 3.590564e-226 1.964025e-38
2.053534e-07 1.366499e-11 2.712010e-06 4.320661e-09 3.149917e-05 1.399797e-01 3.805426e-14 2.604372e-15 4.137092e-19 5.733423e-19 5.401687e-11 4.194283e-27 1.926150e-23 0.000000e+00 7.092369e-30 8.580991e-21 1.717419e-29 4.018377e-21 2.481558e-04 2.854463e-05 1.851387e-24 8.449074e-15 3.279585e-17 7.740852e-27 2.073216e-20 1.421873e-21 9.733773e-02 1.412510e-21 0.000000e+00 2.416840e-33 1.314047e-13 6.254924e-25 4.877980e-03 3.350639e-15 1.049905e-14 3.683684e-12 9.118730e-21 7.574934e-01 5.609692e-24 6.877096e-10 0.000000e+00 0.000000e+00 0.000000e+00 1.832718e-22 1.207024e-20 1.218703e-17 5.204343e-18 2.585598e-17 4.404902e-11 1.468054e-36 1.817410e-15 1.467701e-12 2.469448e-08 2.569600e-23 2.325379e-07 1.815324e-25 7.348389e-27 1.494180e-21 2.032000e-11 0.000000e+00 4.696941e-19 4.371790e-28 0.000000e+00 2.034334e-14 0.000000e+00 7.209692e-36 3.705745e-23 6.705953e-43 4.859651e-29 0.000000e+00 2.254349e-15 1.952768e-45 1.840550e-22 5.757062e-33 0.000000e+00 8.842043e-21 1.604405e-18 1.856395e-29 3.481686e-30 1.441262e-12 1.322694e-18 2.733104e-13 1.819371e-27 2.782445e-19 5.274520e-46 1.356286e-30 2.172120e-32 8.694554e-27 8.346339e-21 1.309820e-27 1.917751e-32 1.981201e-28 3.589827e-31 1.781947e-78 8.065448e-11 1.087737e-15 8.276091e-40 0.000000e+00 3.210660e-228 9.215979e-39
1.782989e-07 1.076839e-11 2.949359e-06 3.524037e-09 3.586072e-05 1.537369e-01 4.888296e-14 5.080117e-15 3.813941e-19 5.295445e-19 4.557119e-11 9.176092e-27 4.639048e-22 1.328515e-28 7.885500e-30 8.196230e-21 1.591235e-29 3.047946e-21 2.476312e-04 2.445085e-05 1.773818e-24 7.291846e-15 3.570704e-17 5.506138e-27 1.628743e-20 0.000000e+00 9.044484e-02 1.395237e-21 1.696001e-24 1.583344e-33 1.089999e-13 5.698726e-25 5.779144e-03 3.540659e-15 1.393957e-14 4.083096e-12 9.287892e-21 7.497280e-01 4.522366e-24 6.835027e-10 0.000000e+00 0.000000e+00 0.000000e+00 5.239532e-23 1.220535e-20 1.412211e-17 5.705243e-18 2.236909e-17 3.738320e-11 3.256136e-36 2.055748e-15 1.836926e-12 2.413679e-08 2.251561e-23 1.716886e-07 0.000000e+00 3.661437e-27 8.508383e-22 2.008236e-11 0.000000e+00 5.377982e-19 1.777279e-28 0.000000e+00 1.875769e-14 0.000000e+00 1.324876e-35 1.476070e-22 1.128991e-38 2.125176e-29 0.000000e+00 1.671480e-15 1.017788e-45 6.552182e-23 5.337827e-33 0.000000e+00 5.106484e-21 2.541783e-18 9.615896e-30 3.112204e-30 1.188331e-12 1.190289e-18 2.562862e-13 1.553520e-27 2.483307e-19 1.433403e-46 1.235791e-30 2.802280e-32 1.355511e-26 7.854357e-21 1.059871e-27 1.326691e-32 1.783273e-28 3.203687e-31 0.000000e+00 1.099220e-10 1.101863e-15 1.053522e-39 0.000000e+00 2.850456e-230 3.299772e-39
1.548088e-07 8.423558e-12 3.226039e-06 2.904094e-09 4.088292e-05 1.677613e-01 6.315372e-14 1.086626e-14 3.583643e-19 4.992834e-19 3.886374e-11 2.230306e-26 1.650262e-22 0.000000e+00 8.893661e-30 7.929589e-21 1.520684e-29 2.320146e-21 2.464738e-04 2.099728e-05 1.766027e-24 6.291424e-15 3.938132e-17 4.055103e-27 1.290915e-20 0.000000e+00 8.384238e-02 1.367195e-21 0.000000e+00 1.051361e-33 9.066214e-14 5.168951e-25 6.781437e-03 3.724461e-15 1.853376e-14 4.564356e-12 9.518257e-21 7.413031e-01 3.657603e-24 6.962391e-10 0.000000e+00 0.000000e+00 0.000000e+00 1.569963e-23 1.244256e-20 1.688520e-17 6.472882e-18 1.987206e-17 3.190335e-11 6.790033e-36 2.429239e-15 2.340367e-12 2.355719e-08 2.018783e-23 1.236358e-07 0.000000e+00 1.826506e-27 4.864037e-22 1.964697e-11 0.000000e+00 6.204097e-19 3.359354e-28 1.570840e-23 1.731273e-14 0.000000e+00 2.861142e-35 5.734917e-22 1.698439e-34 4.303848e-29 0.000000e+00 1.216218e-15 5.928858e-46 2.192383e-23 5.076502e-33 2.799903e-24 2.918989e-21 4.119265e-18 4.784439e-30 2.870187e-30 9.928389e-13 1.065796e-18 2.395568e-13 1.475882e-27 2.204440e-19 2.174713e-46 1.120624e-30 3.773063e-32 2.189315e-26 7.369642e-21 8.490455e-28 9.108199e-33 1.596974e-28 2.843743e-31 0.000000e+00 1.508697e-10 1.132373e-15 1.480718e-39 0.000000e+00 2.513845e-232 7.666963e-40
1.344133e-07 6.517853e-12 3.550326e-06 2.422652e-09 4.669313e-05 1.819928e-01 8.206433e-14 2.710580e-14 3.444060e-19 4.825788e-19 3.355613e-11 6.402382e-26 4.159488e-24 7.316610e-30 1.013987e-29 7.726452e-21 1.518946e-29 1.771160e-21 2.447666e-04 1.807396e-05 1.869683e-24 5.377049e-15 4.415602e-17 3.098931e-27 1.033207e-20 0.000000e+00 7.759010e-02 1.329309e-21 9.241667e-27 7.052362e-34 7.550694e-14 4.667826e-25 7.890736e-03 3.896598e-15 2.466557e-14 5.113966e-12 9.886340e-21 7.322132e-01 2.990642e-24 7.460554e-10 0.000000e+00 0.000000e+00 0.000000e+00 4.926801e-24 1.288585e-20 2.060317e-17 7.573924e-18 1.862270e-17 2.741702e-11 1.331856e-35 3.081881e-15 3.009557e-12 2.295730e-08 1.863852e-23 8.602469e-08 0.000000e+00 9.184237e-28 2.827424e-22 1.904052e-11 0.000000e+00 7.153444e-19 5.162441e-28 2.178505e-22 1.588507e-14 0.000000e+00 7.965105e-35 2.200491e-21 2.283848e-30 7.066824e-29 0.000000e+00 8.636577e-16 4.030158e-46 6.882603e-24 4.925182e-33 3.935017e-23 1.636770e-21 6.595073e-18 2.239675e-30 2.756975e-30 8.444118e-13 9.496163e-19 2.232100e-13 1.639032e-27 1.946513e-19 2.407675e-46 1.011241e-30 5.160705e-32 3.563507e-26 6.894563e-21 6.734487e-28 6.205960e-33 1.422983e-28 2.510854e-31 4.796575e-74 2.092561e-10 1.184661e-15 2.454115e-39 0.000000e+00 2.204266e-234 8.485615e-41
1.167049e-07 5.034306e-12 3.928016e-06 2.051034e-09 5.338763e-05 1.963667e-01 1.067055e-13 7.066490e-14 3.382948e-19 4.776178e-19 2.939329e-11 1.932754e-25 0.000000e+00 0.000000e+00 1.173318e-29 7.639607e-21 1.548225e-29 1.354975e-21 2.425772e-04 1.559236e-05 2.026664e-24 4.652059e-15 5.016907e-17 2.479040e-27 8.362796e-21 0.000000e+00 7.174446e-02 1.282855e-21 0.000000e+00 4.832232e-34 6.311488e-14 4.197194e-25 9.113718e-03 4.066071e-15 3.276543e-14 5.710408e-12 1.048667e-20 7.224596e-01 2.528557e-24 8.285390e-10 1.473624e-21 5.594776e-23 1.661740e-22 1.616589e-24 1.364183e-20 2.544400e-17 9.061966e-18 1.808496e-17 2.375998e-11 2.454947e-35 4.008767e-15 3.872109e-12 2.233910e-08 1.771342e-23 5.885311e-08 0.000000e+00 4.690651e-28 1.686792e-22 1.829079e-11 0.000000e+00 8.150094e-19 1.273258e-28 0.000000e+00 1.439299e-14 0.000000e+00 2.519816e-34 8.523609e-21 2.756027e-26 1.499600e-29 0.000000e+00 5.985931e-16 2.396402e-46 2.028587e-24 4.812376e-33 0.000000e+00 9.030048e-22 1.028577e-17 1.010438e-30 2.648401e-30 7.334356e-13 8.420327e-19 2.073310e-13 2.042391e-27 1.709889e-19 9.881648e-47 9.082614e-31 6.975636e-32 5.705952e-26 6.431473e-21 5.290677e-28 4.195673e-33 1.261777e-28 2.205485e-31 1.290150e-73 2.916061e-10 1.260567e-15 4.291182e-39 0.000000e+00 1.914917e-236 3.526619e-42
1.013295e-07 3.839838e-12 4.374092e-06 1.767984e-09 6.118784e-05 2.108201e-01 1.394736e-13 2.312851e-13 3.425199e-19 4.892100e-19 2.618624e-11 7.406466e-25 0.000000e+00 0.000000e+00 1.369955e-29 7.565839e-21 1.683575e-29 1.038014e-21 2.399715e-04 1.346902e-05 2.401241e-24 3.960133e-15 5.832637e-17 2.068578e-27 6.859803e-21 0.000000e+00 6.635338e-02 1.229032e-21 0.000000e+00 3.344731e-34 5.274575e-14 3.758115e-25 1.045823e-02 4.216088e-15 4.352863e-14 6.323930e-12 1.177660e-20 7.120493e-01 2.286019e-24 1.025521e-09 0.000000e+00 0.000000e+00 0.000000e+00 5.542861e-25 1.532524e-20 3.144752e-17 1.101191e-17 1.962033e-17 2.079384e-11 4.255485e-35 5.776083e-15 4.955852e-12 2.170469e-08 1.762533e-23 3.844210e-08 0.000000e+00 2.463935e-28 1.065734e-22 1.742485e-11 0.000000e+00 9.355001e-19 6.162096e-24 1.661094e-22 1.301262e-14 5.951361e-25 2.402988e-31 3.360862e-20 2.984477e-22 0.000000e+00 2.583290e-19 4.044625e-16 1.915706e-46 5.597030e-25 5.125674e-33 0.000000e+00 4.826415e-22 1.555857e-17 4.212888e-31 2.709501e-30 6.521207e-13 7.431179e-19 1.919906e-13 3.102804e-27 1.494428e-19 6.794292e-43 8.116747e-31 9.497219e-32 9.116278e-26 5.982363e-21 4.117504e-28 2.815695e-33 1.113508e-28 1.927452e-31 0.000000e+00 4.099868e-10 1.375236e-15 9.591529e-39 0.000000e+00 1.655052e-238 3.567690e-44
8.797976e-08 2.962523e-12 4.892555e-06 1.557732e-09 7.016199e-05 2.252871e-01 1.823165e-13 7.260932e-13 3.557957e-19 5.150570e-19 2.379635e-11 2.733208e-24 1.282584e-20 4.259805e-27 1.640984e-29 7.702943e-21 1.830931e-29 7.962552e-22 2.369977e-04 1.164469e-05 2.848996e-24 3.489559e-15 6.869441e-17 1.812007e-27 5.718730e-21 0.000000e+00 6.145992e-02 1.169578e-21 4.081892e-23 2.399484e-34 4.436790e-14 3.351357e-25 1.193409e-02 4.372655e-15 5.781646e-14 6.917207e-12 1.415115e-20 7.009952e-01 2.324379e-24 1.301900e-09 1.760575e-21 7.661288e-23 2.281611e-22 1.980195e-25 1.839290e-20 3.877652e-17 1.343370e-17 2.176545e-17 1.839543e-11 6.925996e-35 8.256422e-15 6.265848e-12 2.105651e-08 1.843253e-23 2.506366e-08 0.000000e+00 1.350861e-28 7.051464e-23 1.647073e-11 0.000000e+00 1.063101e-18 1.271434e-30 0.000000e+00 1.168152e-14 0.000000e+00 0.000000e+00 0.000000e+00 0.000000e+00 0.000000e+00 0.000000e+00 2.682325e-16 1.469037e-46 1.451623e-25 4.807740e-33 7.827014e-24 2.523788e-22 2.279808e-17 1.746292e-31 2.733674e-30 5.937232e-13 6.528621e-19 1.772565e-13 4.840203e-27 1.299796e-19 1.232184e-46 7.219734e-31 1.031197e-31 1.181094e-25 5.549188e-21 3.176132e-28 1.875929e-33 9.781887e-29 1.676318e-31 7.094675e-72 5.720387e-10 1.530718e-15 2.074480e-38 0.000000e+00 1.411514e-240 8.715246e-47
7.638878e-08 2.243668e-12 5.517057e-06 1.409157e-09 8.080116e-05 2.397094e-01 2.441868e-13 3.688827e-12 3.872437e-19 5.763813e-19 2.212854e-11 1.681860e-23 5.648867e-21 4.959973e-27 2.002475e-29 7.831687e-21 2.340656e-29 6.119133e-22 2.337089e-04 1.005596e-05 4.063720e-24 2.948712e-15 8.464967e-17 1.658261e-27 4.863008e-21 0.000000e+00 5.709436e-02 1.105629e-21 2.901203e-23 1.730685e-34 3.709700e-14 2.976653e-25 1.355338e-02 4.483932e-15 7.803516e-14 7.446333e-12 2.206270e-20 6.893128e-01 2.755483e-24 2.108915e-09 0.000000e+00 0.000000e+00 0.000000e+00 7.369647e-26 2.862076e-20 4.701160e-17 1.637349e-17 3.085424e-17 1.646236e-11 1.062824e-34 1.450694e-14 7.801325e-12 2.039677e-08 2.111236e-23 1.492760e-08 0.000000e+00 7.947819e-29 5.366814e-23 1.545281e-11 0.000000e+00 1.224749e-18 2.793335e-28 0.000000e+00 1.045829e-14 0.000000e+00 1.788563e-30 7.428698e-20 5.410367e-22 3.107872e-29 0.000000e+00 1.730838e-16 1.697852e-46 3.505068e-26 5.801121e-33 0.000000e+00 1.232811e-22 3.240263e-17 6.305228e-32 3.083426e-30 5.527278e-13 5.710034e-19 1.631710e-13 1.031955e-26 1.125089e-19 4.663029e-48 6.389983e-31 1.262509e-31 1.723388e-25 5.133217e-21 2.428270e-28 1.243097e-33 8.554451e-29 1.450914e-31 5.061463e-71 8.079026e-10 1.771516e-15 7.424894e-38 0.000000e+00 1.203804e-242 2.518337e-50
6.632487e-08 1.752000e-12 6.252957e-06 1.314188e-09 9.318454e-05 2.540333e-01 3.382385e-13 2.038577e-11 4.386424e-19 6.837397e-19 2.111949e-11 1.167784e-22 5.808809e-21 5.651539e-27 2.595422e-29 8.411220e-21 3.215893e-29 4.735851e-22 2.301206e-04 8.682439e-06 6.153621e-24 2.604723e-15 1.085134e-16 1.593295e-27 4.235028e-21 0.000000e+00 5.327957e-02 1.039483e-21 1.468664e-23 1.315992e-34 3.115173e-14 2.633581e-25 1.533686e-02 4.594911e-15 1.088165e-13 7.867241e-12 4.467157e-20 6.770120e-01 3.714261e-24 3.687798e-09 0.000000e+00 0.000000e+00 0.000000e+00 2.859535e-26 5.748364e-20 5.588965e-17 1.958414e-17 4.690129e-17 1.488454e-11 1.536064e-34 2.639106e-14 9.468313e-12 1.972778e-08 2.588728e-23 8.687255e-09 0.000000e+00 5.118428e-29 4.540334e-23 1.439655e-11 0.000000e+00 1.414533e-18 4.886510e-28 1.850522e-22 9.328808e-15 9.479753e-25 4.481919e-31 2.085747e-20 8.153481e-24 7.821062e-29 1.187171e-19 1.108048e-16 2.096623e-46 7.924982e-27 5.831006e-33 1.749161e-23 5.670123e-23 4.458751e-17 2.282526e-32 3.510195e-30 5.285133e-13 4.972518e-19 1.497717e-13 2.322300e-26 9.693639e-20 4.066349e-47 5.629369e-31 4.413393e-32 7.241703e-26 4.735620e-21 1.840895e-28 8.219739e-34 7.448525e-29 1.250014e-31 1.009110e-69 1.132147e-09 2.113141e-15 2.903800e-37 0.000000e+00 1.012733e-244 7.618216e-55
5.758683e-08 1.452038e-12 7.140912e-06 1.268235e-09 1.078980e-04 2.681885e-01 5.240381e-13 1.782729e-10 5.316847e-19 9.224161e-19 2.074670e-11 1.443799e-21 4.661825e-21 2.344899e-26 3.809523e-29 9.992292e-21 5.556097e-29 3.747314e-22 2.262451e-04 7.510748e-06 1.133787e-23 2.415260e-15 1.548653e-16 1.612569e-27 3.794358e-21 5.703117e-26 5.003859e-02 9.726497e-22 8.002363e-23 1.084413e-34 2.603193e-14 2.321259e-25 1.731091e-02 4.682070e-15 1.687935e-13 8.136424e-12 1.340389e-19 6.641131e-01 5.297926e-24 7.974214e-09 0.000000e+00 0.000000e+00 0.000000e+00 1.196257e-26 1.706505e-19 6.408215e-17 2.259471e-17 8.729229e-17 1.355674e-11 2.098564e-34 5.547676e-14 1.106985e-11 1.905224e-08 3.328303e-23 4.648072e-09 3.782902e-24 3.709335e-29 4.680757e-23 1.332210e-11 6.455701e-20 1.657910e-18 1.736545e-28 8.853738e-24 8.253185e-15 2.397957e-25 6.076192e-30 2.706164e-21 0.000000e+00 3.480560e-29 7.582995e-21 7.160068e-17 3.497309e-46 1.665490e-27 7.908833e-33 1.241027e-24 2.411314e-23 5.806441e-17 8.239310e-33 4.293451e-30 6.947154e-14 4.312087e-19 1.370864e-13 6.657725e-26 8.314434e-20 5.962419e-48 4.937502e-31 3.330084e-31 6.642015e-25 4.357315e-21 1.384118e-28 5.485098e-34 6.458191e-29 1.072094e-31 2.884365e-68 1.600824e-09 2.639186e-15 1.788783e-36 0.000000e+00 8.469448e-247 1.406079e-60
5.000000e-08 1.461456e-12 8.200756e-06 1.268903e-09 1.251817e-04 2.820844e-01 1.574490e-12 3.241922e-09 8.099532e-19 1.495677e-18 2.102731e-11 7.153457e-20 1.062036e-22 6.241405e-25 1.081637e-28 2.345014e-20 1.136897e-28 3.158943e-22 2.220598e-04 6.564074e-06 2.439030e-23 2.637052e-15 2.814782e-16 1.749757e-27 3.511406e-21 2.315374e-24 4.740139e-02 9.059855e-22 1.733777e-24 1.060301e-34 2.182701e-14 2.038654e-25 1.951421e-02 4.910118e-15 5.077697e-13 8.222255e-12 4.475661e-19 6.506380e-01 7.081385e-24 1.842151e-08 0.000000e+00 6.426788e-26 0.000000e+00 6.387456e-27 5.654479e-19 6.962255e-17 2.408369e-17 1.708800e-16 1.233691e-11 2.696649e-34 1.133036e-13 1.211537e-11 1.837333e-08 4.043797e-23 2.408360e-09 0.000000e+00 2.985987e-29 5.721209e-23 1.224391e-11 0.000000e+00 1.987964e-18 1.120278e-28 3.791604e-25 7.262125e-15 1.795135e-26 2.811910e-28 5.002826e-22 4.930272e-28 3.655255e-29 7.969631e-22 4.940807e-17 6.075564e-46 3.274931e-28 1.969939e-32 1.035807e-29 1.099833e-23 7.169220e-17 3.994777e-33 5.281431e-30 4.588168e-14 3.724534e-19 1.251376e-13 2.073279e-25 7.101333e-20 2.766512e-48 4.314009e-31 3.864464e-31 9.616551e-25 3.999105e-21 1.032723e-28 3.781540e-34 5.577167e-29 9.156021e-32 5.146783e-66 2.295777e-09 3.552883e-15 1.477339e-35 0.000000e+00 8.461989e-247 9.699738e-25
