PRESS OH H2 H2O H O CH C CH2 CH3 CH4 C2 C2H2 C2H C2H3 C2H4 C2H5 C2H6 CO CO2 CH2OH H2CO HCO CH3O CH3OH CH3CO O2 H2CCO HCCO CH3O2 HO2 CH3OOH N NH CN HCN NH2 N2 NH3 NO N2H2 N2H N2H3 N2H4 HNO H2CN HNCO NO2 N2O C4H2 CH2NH2 CH2NH CH3NH2 CH3CHO O3 NO3 HNO3 HNO2 NCO N2O5 S SH S2 SO H2S CS COS CS2 NS HS2 SO2 S4 S8 HCS S3 H2O2 SO3 HSO3 HSO H2SO4 HC3N CH3CN CH2CN C2H3CN CH3SH CH3S C3H3 C3H2 C3H4 C6H5 C6H6 C4H3 C4H5 S2O O_1 CH2_1 N_2D He H2O_l_s H2SO4_l
1.000000e+00 1.821324e-13 1.830975e-07 8.887961e-03 1.124144e-20 3.641226e-17 7.316934e-33 2.574151e-31 1.308369e-25 5.380320e-15 4.887206e-07 0.000000e+00 3.169721e-25 0.000000e+00 2.343386e-28 1.487138e-11 2.318110e-16 7.200682e-14 8.036786e-08 3.976716e-04 2.397590e-26 1.984774e-10 4.442368e-22 1.238008e-18 2.634439e-13 2.134275e-20 1.978383e-01 9.908490e-22 3.109536e-21 4.924648e-12 1.455505e-11 6.244567e-10 1.191543e-28 8.703647e-25 5.454536e-29 6.454163e-11 4.974875e-15 7.928725e-01 4.993286e-10 1.309912e-11 2.036450e-16 4.026332e-24 4.116626e-16 1.281706e-11 1.217934e-17 3.017882e-22 1.184673e-14 5.077360e-11 2.814215e-06 4.254096e-28 5.673167e-17 2.476442e-13 4.472532e-09 1.490678e-18 1.301989e-08 5.088562e-15 1.745030e-10 6.767690e-14 7.720176e-21 1.877908e-16 9.106887e-27 6.063358e-16 1.957073e-14 1.609278e-17 4.123601e-14 3.626889e-28 2.710730e-10 7.368123e-21 7.203762e-26 3.782863e-17 1.838915e-10 1.109039e-17 2.280357e-14 4.014831e-33 5.007511e-18 1.135685e-09 2.617350e-17 4.482809e-22 5.105298e-10 1.632807e-10 4.190395e-19 3.047865e-11 1.627241e-11 2.400484e-19 1.211687e-16 1.535595e-23 0.000000e+00 5.288311e-27 1.358444e-20 1.488991e-30 6.396395e-18 3.895740e-26 4.647599e-31 3.576505e-33 5.307161e-22 2.343083e-26 3.031651e-45 0.000000e+00 0.000000e+00 4.667537e-18
8.682540e-01 1.460176e-13 1.836500e-07 6.470937e-03 8.352772e-21 3.963626e-17 6.506788e-33 0.000000e+00 7.930522e-26 4.147165e-15 4.841549e-07 0.000000e+00 9.629932e-25 0.000000e+00 1.457161e-28 1.490425e-11 2.006224e-16 7.253408e-14 6.933074e-08 4.045446e-04 1.840069e-26 1.120208e-10 2.375700e-22 7.378459e-19 2.574985e-13 1.991669e-20 1.983196e-01 9.932598e-22 3.117133e-21 6.646123e-12 1.301295e-11 7.738485e-10 2.161365e-32 6.101482e-25 3.916320e-29 6.620516e-11 3.957249e-15 7.948013e-01 4.092686e-10 5.146631e-12 1.875152e-16 1.607464e-24 3.749622e-16 1.284208e-11 8.454900e-18 2.801023e-22 1.167762e-14 1.450494e-11 2.820247e-06 4.264236e-28 4.275798e-17 2.482471e-13 4.483407e-09 1.197273e-18 1.175272e-08 1.964567e-15 3.783328e-10 1.726032e-14 1.221142e-20 4.704524e-17 1.746334e-26 8.557407e-16 1.989270e-14 4.879404e-17 6.199080e-15 3.835402e-28 2.703817e-10 7.381580e-21 7.492842e-26 5.403183e-17 9.691231e-11 9.657541e-18 2.285898e-14 3.794712e-33 4.954941e-18 1.031120e-09 2.302205e-17 1.968128e-22 5.017114e-10 2.580955e-10 4.200601e-19 2.929893e-11 1.605651e-11 2.406317e-19 1.535667e-16 2.436936e-23 9.169084e-24 5.301235e-27 1.361750e-20 4.531764e-29 6.411945e-18 3.905221e-26 4.673305e-31 3.571754e-33 6.346491e-22 1.949662e-26 9.178420e-46 0.000000e+00 1.938659e-05 5.397338e-16
7.538651e-01 1.741968e-13 1.840221e-07 5.207050e-03 9.204293e-21 4.972508e-17 1.358457e-32 0.000000e+00 1.051530e-25 4.693091e-15 4.794377e-07 0.000000e+00 1.382173e-25 5.081346e-33 1.373296e-28 1.491760e-11 2.049762e-16 7.372840e-14 5.918181e-08 4.050783e-04 2.385201e-26 9.275138e-11 2.425207e-22 9.637520e-19 2.852171e-13 2.615889e-20 1.985719e-01 9.945243e-22 3.121158e-21 7.020957e-12 1.254643e-11 7.404813e-10 4.052206e-32 7.421067e-25 2.933481e-29 6.787271e-11 3.802975e-15 7.958124e-01 3.325071e-10 5.712924e-12 1.587435e-16 2.155398e-24 3.106601e-16 1.284768e-11 8.874035e-18 2.667774e-22 1.144681e-14 1.247159e-11 2.822882e-06 4.269360e-28 2.697625e-17 2.485638e-13 4.489103e-09 1.148727e-18 1.184843e-08 2.283712e-15 5.393271e-10 1.748251e-14 1.330264e-20 1.001137e-16 3.139022e-26 1.184302e-15 1.969580e-14 9.537230e-17 8.295385e-15 4.514394e-28 2.693886e-10 7.380390e-21 7.960402e-26 5.295180e-17 4.916193e-11 7.949343e-18 2.288795e-14 3.784011e-33 4.835892e-18 8.610748e-10 1.635802e-17 1.233083e-22 4.906383e-10 3.218376e-10 4.205973e-19 2.814806e-11 1.567888e-11 2.409366e-19 1.956301e-16 5.691815e-23 1.118901e-21 5.308087e-27 1.363484e-20 1.029575e-27 6.420079e-18 3.910195e-26 4.692292e-31 3.559662e-33 8.127662e-22 3.212385e-26 7.294624e-46 0.000000e+00 9.102311e-06 2.750231e-14
6.545464e-01 2.289771e-13 1.843792e-07 4.057569e-03 1.120461e-20 6.878249e-17 3.454055e-32 0.000000e+00 1.685097e-25 5.824063e-15 4.752646e-07 0.000000e+00 0.000000e+00 0.000000e+00 1.442490e-28 1.492655e-11 2.158163e-16 7.556574e-14 5.030265e-08 4.055634e-04 3.694847e-26 8.798145e-11 2.974508e-22 1.373399e-18 3.415259e-13 3.675454e-20 1.988013e-01 9.956750e-22 3.124853e-21 6.621389e-12 1.257821e-11 5.973199e-10 1.202280e-29 9.715105e-25 2.149670e-29 6.953069e-11 3.611905e-15 7.967320e-01 2.695623e-10 7.770579e-12 1.254705e-16 3.464866e-24 2.391753e-16 1.284778e-11 1.055422e-17 2.612140e-22 1.120784e-14 1.400972e-11 2.825083e-06 4.273953e-28 1.552584e-17 2.488524e-13 4.494281e-09 1.289857e-18 1.314425e-08 3.186389e-15 6.926491e-10 2.495412e-14 1.239477e-20 3.210321e-16 5.423647e-26 1.624387e-15 1.895267e-14 1.578880e-16 1.135330e-14 5.866650e-28 2.684345e-10 7.372103e-21 8.553304e-26 4.658841e-17 2.410421e-11 6.173104e-18 2.291428e-14 4.062546e-33 4.666534e-18 7.008613e-10 1.156855e-17 8.200350e-23 4.783335e-10 3.666878e-10 4.210877e-19 2.710414e-11 1.519111e-11 2.412136e-19 2.457880e-16 1.428667e-22 0.000000e+00 5.314380e-27 1.365062e-20 1.632002e-26 6.427464e-18 3.914723e-26 4.705050e-31 3.545806e-33 1.118414e-21 6.606078e-26 7.067508e-46 0.000000e+00 7.960239e-06 6.751568e-13
5.683125e-01 3.037064e-13 1.846910e-07 3.062422e-03 1.365676e-20 9.786435e-17 8.934967e-32 5.704188e-48 2.694024e-25 7.156254e-15 4.716870e-07 0.000000e+00 0.000000e+00 0.000000e+00 1.509375e-28 1.492968e-11 2.245405e-16 7.763784e-14 4.267665e-08 4.059834e-04 5.887625e-26 8.166569e-11 3.561907e-22 1.837418e-18 4.159464e-13 5.240085e-20 1.990000e-01 9.966721e-22 3.128094e-21 5.872598e-12 1.243354e-11 4.315346e-10 1.967988e-31 1.251943e-24 1.619704e-29 7.113586e-11 3.335859e-15 7.975281e-01 2.191744e-10 1.045291e-11 9.453777e-17 5.434238e-24 1.760608e-16 1.284222e-11 1.266408e-17 2.564812e-22 1.096069e-14 1.586174e-11 2.826737e-06 4.277868e-28 8.541409e-18 2.491030e-13 4.498759e-09 1.531071e-18 1.516848e-08 4.471589e-15 8.437981e-10 3.609680e-14 1.215614e-20 1.097074e-15 9.110292e-26 2.216080e-15 1.781777e-14 2.463588e-16 1.544837e-14 7.797944e-28 2.675336e-10 7.356108e-21 9.234249e-26 3.969193e-17 1.165586e-11 4.609670e-18 2.293704e-14 4.543516e-33 4.458287e-18 5.547063e-10 7.664061e-18 5.440025e-23 4.648938e-10 3.932364e-10 4.215146e-19 2.618539e-11 1.461376e-11 2.414531e-19 3.014591e-16 3.648259e-22 4.025219e-25 5.319905e-27 1.366430e-20 1.839306e-25 6.433841e-18 3.918647e-26 4.725941e-31 3.530414e-33 1.569034e-21 1.399282e-25 6.528702e-46 0.000000e+00 6.780065e-06 8.286710e-12
4.934396e-01 3.936269e-13 1.849529e-07 2.215644e-03 1.625900e-20 1.388192e-16 2.242380e-31 2.156768e-47 4.064450e-25 8.499139e-15 4.687362e-07 0.000000e+00 0.000000e+00 0.000000e+00 1.536247e-28 1.492610e-11 2.284052e-16 7.936783e-14 3.625616e-08 4.063408e-04 8.998359e-26 7.348994e-11 4.056318e-22 2.315794e-18 4.962375e-13 7.305664e-20 1.991690e-01 9.975214e-22 3.130905e-21 4.851387e-12 1.181871e-11 2.828750e-10 4.113159e-31 1.550874e-24 1.103318e-29 7.265226e-11 3.018908e-15 7.982055e-01 1.798550e-10 1.416161e-11 6.991923e-17 8.462828e-24 1.283808e-16 1.283134e-11 1.537387e-17 2.492306e-22 1.069375e-14 1.792378e-11 2.827851e-06 4.281107e-28 4.714813e-18 2.493171e-13 4.502566e-09 1.806028e-18 1.754953e-08 6.081796e-15 9.948023e-10 5.194437e-14 8.937914e-21 3.680385e-15 1.497813e-25 3.007776e-15 1.649705e-14 3.757215e-16 2.089153e-14 1.029944e-27 2.667024e-10 7.332009e-21 9.980626e-26 3.413325e-17 5.884885e-12 3.352034e-18 2.295639e-14 5.082138e-33 4.225160e-18 4.178793e-10 4.839793e-18 3.683463e-23 4.503846e-10 3.781744e-10 4.218806e-19 2.540338e-11 1.397192e-11 2.416565e-19 3.620162e-16 9.052380e-22 0.000000e+00 5.324702e-27 1.367595e-20 1.492553e-24 6.439246e-18 3.921991e-26 4.744548e-31 3.513644e-33 2.175300e-21 2.917779e-25 5.561509e-46 0.000000e+00 5.721929e-06 4.959656e-11
4.284310e-01 4.960320e-13 1.851637e-07 1.531870e-03 1.867481e-20 1.890922e-16 5.569358e-31 7.361455e-47 5.530984e-25 9.402608e-15 4.664156e-07 0.000000e+00 0.000000e+00 0.000000e+00 1.456198e-28 1.491472e-11 2.230116e-16 8.009293e-14 3.099704e-08 4.066296e-04 1.279397e-25 6.378686e-11 4.356922e-22 2.792628e-18 5.663880e-13 1.039325e-19 1.993055e-01 9.982085e-22 3.133242e-21 3.617366e-12 1.048046e-11 1.649218e-10 8.592036e-31 1.883368e-24 7.126751e-30 7.403428e-11 2.722042e-15 7.987525e-01 1.501917e-10 1.991367e-11 5.272842e-17 1.425396e-23 9.608161e-17 1.281518e-11 1.935662e-17 2.382600e-22 1.039565e-14 2.024492e-11 2.828378e-06 4.283606e-28 2.578883e-18 2.494911e-13 4.505634e-09 2.019010e-18 1.991695e-08 8.037094e-15 1.146486e-09 7.602064e-14 6.581653e-21 1.346150e-14 2.426296e-25 4.081842e-15 1.516286e-14 5.792253e-16 2.817460e-14 1.287482e-27 2.659493e-10 7.299312e-21 1.076010e-25 2.910151e-17 3.469403e-12 2.444826e-18 2.297198e-14 5.475952e-33 3.984833e-18 2.905278e-10 2.703703e-18 2.858400e-23 4.349757e-10 2.953968e-10 4.221796e-19 2.476667e-11 1.330104e-11 2.418205e-19 4.168713e-16 2.293439e-21 0.000000e+00 5.328697e-27 1.368537e-20 8.907828e-24 6.443580e-18 3.924697e-26 4.760793e-31 3.495654e-33 2.910304e-21 5.742699e-25 3.980687e-46 0.000000e+00 4.577706e-06 1.517491e-10
3.719869e-01 6.080749e-13 1.853202e-07 1.030538e-03 2.119048e-20 2.496353e-16 1.349563e-30 2.408012e-46 7.133314e-25 1.013538e-14 4.646770e-07 0.000000e+00 0.000000e+00 0.000000e+00 1.351711e-28 1.489464e-11 2.121053e-16 7.962096e-14 2.685339e-08 4.068420e-04 1.691027e-25 5.430711e-11 4.496929e-22 3.223874e-18 6.165741e-13 1.444324e-19 1.994055e-01 9.987140e-22 3.135046e-21 2.459542e-12 8.572173e-12 8.455252e-11 1.701711e-30 2.245209e-24 4.655069e-30 7.524263e-11 2.476731e-15 7.991535e-01 1.287344e-10 2.944723e-11 4.279418e-17 2.536389e-23 7.710985e-17 1.279359e-11 2.570610e-17 2.262306e-22 1.006100e-14 2.310955e-11 2.828254e-06 4.285280e-28 1.480943e-18 2.496201e-13 4.507877e-09 2.133498e-18 2.185897e-08 1.018721e-14 1.298926e-09 1.146161e-13 4.462435e-21 4.072720e-14 3.880299e-25 5.516588e-15 1.398970e-14 8.973325e-16 3.766801e-14 1.559308e-27 2.652717e-10 7.257429e-21 1.150994e-25 2.546031e-17 2.719978e-12 1.795545e-18 2.298337e-14 5.604602e-33 3.754770e-18 1.812465e-10 2.220725e-18 2.863333e-23 4.189291e-10 2.000034e-10 4.224036e-19 2.427533e-11 1.263817e-11 2.419404e-19 4.731453e-16 5.540696e-21 0.000000e+00 5.331791e-27 1.369231e-20 3.944950e-23 6.446700e-18 3.926690e-26 4.775536e-31 3.476576e-33 3.734940e-21 1.100913e-24 2.744627e-46 0.000000e+00 3.317582e-06 2.610628e-10
3.229791e-01 7.229955e-13 1.854362e-07 6.591389e-04 2.305697e-20 3.054953e-16 3.200700e-30 7.709087e-46 7.911670e-25 9.769057e-15 4.634197e-07 3.432595e-51 1.391579e-26 4.080639e-33 1.116581e-28 1.486460e-11 1.900746e-16 7.774252e-14 2.362280e-08 4.069998e-04 2.017447e-25 4.363559e-11 4.275433e-22 3.537175e-18 6.251016e-13 2.158477e-19 1.994797e-01 9.990905e-22 3.136499e-21 1.374954e-12 5.916981e-12 3.492913e-11 3.483342e-30 2.598083e-24 2.528239e-30 7.630005e-11 2.200061e-15 7.994507e-01 1.135197e-10 4.830976e-11 4.030535e-17 5.348099e-23 6.933147e-17 1.276573e-11 3.771013e-17 2.131288e-22 9.669985e-15 2.681665e-11 2.827538e-06 4.286327e-28 8.013949e-19 2.497175e-13 4.509531e-09 2.044962e-18 2.305937e-08 1.261805e-14 1.457061e-09 1.865252e-13 2.490535e-21 1.011805e-13 6.175902e-25 7.510653e-15 1.305087e-14 1.438236e-15 5.005408e-14 1.702929e-27 2.646452e-10 7.203588e-21 1.213719e-25 2.155265e-17 2.876571e-12 1.392951e-18 2.299176e-14 5.263670e-33 3.540834e-18 9.493558e-11 3.423475e-18 3.826816e-23 4.018339e-10 1.358488e-10 4.225755e-19 2.390871e-11 1.198701e-11 2.420287e-19 4.996475e-16 1.448424e-20 1.849558e-23 5.334292e-27 1.369749e-20 1.399996e-22 6.448890e-18 3.928176e-26 4.789035e-31 3.455720e-33 4.526153e-21 1.909007e-24 1.389360e-46 0.000000e+00 2.295394e-06 3.358015e-10
2.804279e-01 7.955376e-13 1.855106e-07 4.130621e-04 2.391254e-20 3.580936e-16 5.834639e-30 1.814582e-45 7.546382e-25 8.755000e-15 4.625562e-07 0.000000e+00 2.568914e-26 0.000000e+00 8.585069e-29 1.482198e-11 1.660180e-16 7.511764e-14 2.129421e-08 4.071050e-04 2.063784e-25 3.349438e-11 3.677702e-22 3.544504e-18 5.858525e-13 3.033639e-19 1.995288e-01 9.993432e-22 3.137636e-21 6.135145e-13 3.213374e-12 1.163000e-11 5.447312e-30 2.506829e-24 1.304528e-30 7.721582e-11 1.722340e-15 7.996475e-01 1.035316e-10 9.079804e-11 5.076321e-17 1.134960e-22 7.853393e-17 1.272963e-11 6.385159e-17 2.034491e-22 9.207850e-15 3.302538e-11 2.826128e-06 4.286729e-28 4.201346e-19 2.497849e-13 4.510616e-09 1.833668e-18 2.316032e-08 1.396469e-14 1.617713e-09 3.228560e-13 1.118466e-21 1.575295e-13 9.726242e-25 1.017013e-14 1.254872e-14 2.276783e-15 6.403256e-14 1.781036e-27 2.640386e-10 7.133206e-21 1.243510e-25 1.966441e-17 3.852373e-12 1.146458e-18 2.299725e-14 4.505234e-33 3.348063e-18 4.133010e-11 7.840814e-18 5.980624e-23 3.834886e-10 9.978314e-11 4.226984e-19 2.365727e-11 1.134827e-11 2.420866e-19 5.208895e-16 3.453248e-20 0.000000e+00 5.336265e-27 1.370096e-20 4.074945e-22 6.450078e-18 3.929177e-26 4.800265e-31 3.432113e-33 5.195433e-21 2.905519e-24 5.464737e-47 0.000000e+00 1.344015e-06 3.803287e-10
2.434827e-01 6.333745e-13 1.855497e-07 2.308458e-04 1.822435e-20 3.875267e-16 3.537253e-30 1.112154e-45 3.598083e-25 5.449128e-15 4.618591e-07 1.806815e-56 9.517419e-26 1.613168e-37 4.565342e-29 1.474535e-11 1.382293e-16 7.172090e-14 1.950480e-08 4.071837e-04 1.293344e-25 2.100957e-11 2.102880e-22 2.535214e-18 4.642665e-13 3.274134e-19 1.995652e-01 9.995368e-22 3.138828e-21 1.401608e-13 8.835311e-13 2.917448e-12 3.129043e-30 1.185360e-24 4.514273e-31 7.823068e-11 7.294112e-16 7.997933e-01 9.655350e-11 2.323279e-10 1.064534e-16 1.861364e-22 1.406251e-16 1.266810e-11 1.473540e-16 1.968544e-22 8.504239e-15 4.881811e-11 2.823231e-06 4.286451e-28 1.624459e-19 2.498404e-13 4.511399e-09 1.473948e-18 2.163486e-08 1.024284e-14 1.795115e-09 5.544690e-13 2.509861e-22 1.686861e-13 1.489924e-24 1.349625e-14 1.269841e-14 3.330081e-15 7.333930e-14 1.698519e-27 2.632269e-10 7.010447e-21 1.207526e-25 2.334664e-17 6.761181e-12 1.062130e-18 2.300117e-14 3.045111e-33 3.130367e-18 1.362899e-11 1.988971e-17 8.945825e-23 3.579927e-10 7.609866e-11 4.228078e-19 2.347238e-11 1.053598e-11 2.421284e-19 5.095490e-16 6.184150e-20 2.844177e-24 5.338361e-27 1.370364e-20 1.211947e-21 6.450223e-18 3.929950e-26 4.813874e-31 3.395966e-33 5.491571e-21 2.478462e-24 6.685817e-48 0.000000e+00 6.241899e-07 4.123344e-10
2.114048e-01 2.413695e-13 1.854803e-07 9.229993e-05 6.821306e-21 3.736615e-16 2.683400e-30 4.769992e-46 3.820804e-26 1.582160e-15 4.609736e-07 3.147192e-55 7.504576e-25 0.000000e+00 1.128990e-29 1.455298e-11 1.093007e-16 6.823395e-14 1.803711e-08 4.072457e-04 3.166421e-26 7.391208e-12 5.107680e-23 8.673819e-19 2.996547e-13 1.836968e-19 1.995928e-01 9.997040e-22 3.140800e-21 1.025515e-14 7.460501e-14 7.791854e-13 6.864911e-31 4.381277e-25 7.294501e-32 7.981492e-11 8.173123e-17 7.999041e-01 9.109814e-11 8.698920e-10 4.262504e-16 1.214745e-22 4.706305e-16 1.251618e-11 4.955549e-16 1.925516e-22 7.144580e-15 9.744390e-11 2.815409e-06 4.284490e-28 3.594819e-20 2.499002e-13 4.511942e-09 9.935610e-19 1.744385e-08 2.544482e-15 1.913505e-09 6.725652e-13 1.546815e-23 8.317048e-14 2.042870e-24 1.610902e-14 1.396094e-14 3.403482e-15 6.951817e-14 1.442985e-27 2.614810e-10 6.695760e-21 1.068191e-25 5.003270e-17 1.660688e-11 1.170771e-18 2.300375e-14 1.228341e-33 2.787517e-18 3.318898e-12 4.754474e-17 9.001130e-23 3.091013e-10 5.832875e-11 4.229478e-19 2.331077e-11 9.123032e-12 2.421568e-19 4.369907e-16 4.928082e-20 4.369853e-22 5.341882e-27 1.370597e-20 4.505245e-21 6.447255e-18 3.930636e-26 4.837241e-31 3.313634e-33 4.976939e-21 6.573643e-25 2.851453e-49 0.000000e+00 1.807432e-07 4.382057e-10
1.835531e-01 1.281463e-13 1.852128e-07 3.127189e-05 3.557992e-21 3.711078e-16 3.087216e-29 0.000000e+00 7.671827e-27 6.247361e-16 4.596447e-07 2.401979e-53 4.476139e-24 5.215561e-43 3.743498e-30 1.419976e-11 8.405489e-17 6.547387e-14 1.682220e-08 4.072766e-04 1.108104e-26 2.810045e-12 1.823160e-23 4.139000e-19 1.979660e-13 1.422030e-19 1.996050e-01 9.998197e-22 3.143846e-21 1.467587e-15 1.245738e-14 2.418648e-13 1.851645e-30 4.029576e-25 1.574078e-32 8.173398e-11 1.422736e-17 7.999530e-01 8.621200e-11 2.283118e-09 1.549010e-15 8.948047e-23 1.345935e-15 1.223444e-11 1.200203e-15 1.880884e-22 5.550906e-15 1.486819e-10 2.800465e-06 4.280045e-28 8.425446e-21 2.499634e-13 4.512085e-09 6.689495e-19 1.432577e-08 7.717065e-16 1.926036e-09 7.886210e-13 2.056899e-24 3.423208e-14 2.515661e-24 1.730772e-14 1.459653e-14 3.133745e-15 7.031093e-14 1.374961e-27 2.583506e-10 6.080151e-21 8.967156e-26 6.769486e-17 3.130861e-11 1.177842e-18 2.300409e-14 1.383093e-33 2.353399e-18 6.489841e-13 1.437449e-16 9.735423e-23 2.439301e-10 4.935459e-11 4.231297e-19 2.314403e-11 7.367475e-12 2.421634e-19 3.301786e-16 5.171766e-20 8.288141e-25 5.347378e-27 1.370764e-20 1.517583e-20 6.435897e-18 3.931144e-26 4.867119e-31 3.169181e-33 4.563325e-21 3.879274e-25 3.864055e-50 0.000000e+00 3.340434e-08 4.422382e-10
1.593707e-01 7.923416e-14 1.845329e-07 9.684043e-06 2.163202e-21 5.350202e-16 2.710202e-28 0.000000e+00 2.082143e-27 2.832826e-16 4.569945e-07 1.366388e-51 2.576875e-23 1.384759e-33 1.424724e-30 1.344607e-11 6.359088e-17 6.231841e-14 1.550016e-08 4.072927e-04 4.258112e-27 1.202107e-12 8.155027e-24 2.328062e-19 1.230013e-13 1.207606e-19 1.996092e-01 9.999628e-22 3.150088e-21 2.838106e-16 3.022488e-15 6.883795e-14 2.257030e-29 3.348502e-25 4.165081e-33 8.456150e-11 3.189090e-18 7.999704e-01 7.949624e-11 5.071446e-09 6.047579e-15 7.242136e-23 3.531383e-15 1.162787e-11 2.470202e-15 1.849265e-22 3.636885e-15 2.760876e-10 2.767964e-06 4.269994e-28 2.122488e-21 2.500753e-13 4.511932e-09 6.371606e-19 1.669792e-08 3.142569e-16 2.183597e-09 9.107024e-13 3.247668e-25 2.189038e-14 2.452569e-24 1.473485e-14 1.323815e-14 1.727813e-15 6.898391e-14 2.061072e-27 2.516803e-10 4.659595e-21 6.494189e-26 6.255093e-17 4.905047e-11 8.868385e-19 2.300237e-14 1.430667e-32 1.658489e-18 7.923130e-14 4.589395e-16 1.014634e-22 1.546744e-10 4.218745e-11 4.234881e-19 2.288445e-11 4.781285e-12 2.421530e-19 1.967725e-16 4.895016e-20 0.000000e+00 5.358685e-27 1.370975e-20 5.414136e-20 6.394674e-18 3.931820e-26 4.909626e-31 2.870026e-33 5.933134e-21 3.345776e-25 5.694723e-51 0.000000e+00 2.125923e-09 4.101357e-10
1.383743e-01 5.294062e-14 1.835557e-07 3.899060e-06 1.465817e-21 1.217291e-15 1.433463e-27 2.216022e-41 6.946783e-28 1.357898e-16 4.534961e-07 2.936539e-50 1.005440e-22 1.785972e-40 5.875019e-31 1.243063e-11 4.788523e-17 5.947414e-14 1.450298e-08 4.072999e-04 1.910848e-27 5.867041e-13 4.402027e-24 1.483336e-19 8.242211e-14 1.053858e-19 1.996101e-01 1.000139e-21 3.158561e-21 7.836209e-17 1.204238e-15 2.336688e-14 1.763971e-28 2.640286e-25 1.219024e-33 8.715346e-11 1.087656e-18 7.999753e-01 7.237508e-11 8.279232e-09 1.808073e-14 6.724482e-23 7.050340e-15 1.080438e-11 3.542214e-15 1.891321e-22 2.261134e-15 6.212283e-10 2.723514e-06 4.256164e-28 7.682413e-22 2.502259e-13 4.511658e-09 9.580409e-19 3.168981e-08 2.264351e-16 2.950587e-09 8.361393e-13 3.017522e-25 3.118433e-14 2.146719e-24 1.125474e-14 1.009987e-14 6.795317e-16 6.161853e-14 3.340402e-27 2.426272e-10 2.529322e-21 4.174928e-26 4.851489e-17 6.004747e-11 4.681456e-19 2.299959e-14 1.810946e-31 9.522984e-19 8.632063e-15 9.478062e-16 8.867137e-23 8.531919e-11 3.618326e-11 4.239867e-19 2.258647e-11 2.460774e-12 2.421356e-19 1.053014e-16 4.295537e-20 0.000000e+00 5.374047e-27 1.371235e-20 1.444101e-19 6.301090e-18 3.932666e-26 4.943353e-31 2.478659e-33 1.258262e-20 2.577462e-25 9.220691e-52 0.000000e+00 1.412915e-10 3.519861e-10
1.201440e-01 3.826130e-14 1.822168e-07 2.386966e-06 1.136671e-21 3.446405e-15 5.369535e-27 2.146061e-42 4.191066e-28 7.880435e-17 4.488641e-07 5.488316e-49 2.998991e-22 1.716992e-39 3.004685e-31 1.109682e-11 3.530366e-17 5.647534e-14 1.369922e-08 4.073023e-04 9.718383e-28 3.888012e-13 3.301847e-24 1.214249e-19 5.787552e-14 8.928849e-20 1.996101e-01 1.000374e-21 3.169948e-21 2.943795e-17 7.198289e-16 9.019817e-15 9.616859e-28 1.909466e-25 5.547417e-34 8.910904e-11 5.844557e-19 7.999768e-01 6.403657e-11 1.160765e-08 4.545727e-14 7.438617e-23 1.228374e-14 9.712791e-12 3.960351e-15 2.053136e-22 1.337075e-15 1.530966e-09 2.663767e-06 4.237548e-28 4.177732e-22 2.504311e-13 4.511311e-09 1.736258e-18 7.130401e-08 2.957028e-16 4.484683e-09 7.188568e-13 1.038918e-25 8.765236e-14 1.576418e-24 7.145137e-15 6.120172e-15 2.052583e-16 4.802163e-14 0.000000e+00 2.305191e-10 0.000000e+00 2.232172e-26 3.319993e-17 6.146510e-11 1.470522e-19 2.299583e-14 1.936665e-30 3.671627e-19 8.717488e-16 1.142065e-15 6.729483e-23 3.974354e-11 3.053203e-11 4.246830e-19 2.221997e-11 8.364302e-13 2.421137e-19 5.353846e-17 2.661485e-20 0.000000e+00 5.394712e-27 1.371579e-20 3.271787e-19 6.113737e-18 3.933798e-26 4.966336e-31 1.988256e-33 3.226028e-20 1.974440e-25 2.445530e-52 0.000000e+00 1.576133e-11 2.833285e-10
1.043155e-01 3.331521e-14 1.804884e-07 2.405506e-06 1.108695e-21 9.175665e-15 1.599287e-26 1.504641e-41 5.454004e-28 6.174001e-17 4.429810e-07 7.440770e-48 6.853104e-22 1.144781e-38 1.920082e-31 9.463895e-12 2.306741e-17 5.315773e-14 1.302213e-08 4.073005e-04 6.090254e-28 3.919920e-13 3.686398e-24 1.472474e-19 4.157929e-14 7.539667e-20 1.996096e-01 1.000678e-21 3.184550e-21 1.628993e-17 6.582800e-16 3.675267e-15 4.218886e-27 1.318646e-25 3.546989e-34 9.018527e-11 5.472472e-19 7.999773e-01 5.429132e-11 1.468567e-08 9.407001e-14 1.161455e-22 1.937844e-14 8.354518e-12 3.755755e-15 2.368137e-22 7.673058e-16 3.273455e-09 2.587291e-06 4.213694e-28 3.138775e-22 2.506985e-13 4.510912e-09 2.620399e-18 1.491699e-07 6.113236e-16 6.970066e-09 6.745954e-13 1.491279e-25 3.343237e-13 9.761340e-25 3.769887e-15 2.715494e-15 6.214524e-17 3.334992e-14 0.000000e+00 2.151174e-10 0.000000e+00 1.030320e-26 1.689663e-17 5.401870e-11 2.409995e-20 2.299112e-14 1.420354e-29 7.822060e-20 1.079569e-16 8.581296e-16 5.180418e-23 1.537510e-11 2.240298e-11 4.256160e-19 2.177229e-11 1.635695e-13 2.420884e-19 2.552397e-17 1.577480e-20 2.295860e-22 5.421223e-27 1.372016e-20 6.510611e-19 5.783891e-18 3.935260e-26 4.975416e-31 1.439775e-33 7.772727e-20 2.000981e-25 9.372648e-53 0.000000e+00 1.241924e-11 2.179938e-10
9.057237e-02 3.357137e-14 1.783994e-07 2.420224e-06 1.375276e-21 2.265430e-14 4.351532e-26 9.795881e-41 1.052779e-27 6.302308e-17 4.359353e-07 7.700704e-47 1.268971e-21 5.769856e-38 1.672740e-31 7.649018e-12 1.412300e-17 4.955715e-14 1.245729e-08 4.072954e-04 4.499755e-28 5.176138e-13 5.564006e-24 2.182060e-19 3.051172e-14 6.080245e-20 1.996090e-01 1.001050e-21 3.202185e-21 1.221677e-17 8.428293e-16 1.547323e-15 1.578073e-26 8.805584e-26 4.186919e-34 9.080191e-11 7.394479e-19 7.999779e-01 4.359232e-11 1.711904e-08 1.625948e-13 1.775303e-22 2.835367e-14 6.805208e-12 3.192486e-15 2.881854e-22 4.453052e-16 6.046807e-09 2.495209e-06 4.184910e-28 3.188509e-22 2.510264e-13 4.510489e-09 3.381507e-18 2.659267e-07 1.558211e-15 1.038307e-08 6.821633e-13 2.555159e-25 1.318805e-12 5.268687e-25 1.627148e-15 8.343119e-16 2.131313e-17 2.130292e-14 0.000000e+00 1.967652e-10 0.000000e+00 4.740185e-27 7.234009e-18 4.305288e-11 1.745173e-21 2.298560e-14 6.264570e-29 8.373785e-21 3.519048e-17 6.574664e-16 3.956621e-23 5.058485e-12 1.771231e-11 4.268004e-19 2.124821e-11 1.850456e-14 2.420613e-19 1.144695e-17 6.217034e-21 0.000000e+00 5.453237e-27 1.372540e-20 1.140600e-18 5.287122e-18 3.937043e-26 4.969650e-31 9.202795e-34 1.643200e-19 3.585571e-25 7.798308e-53 0.000000e+00 4.243294e-15 1.656538e-10
7.863982e-02 3.798562e-14 1.759380e-07 2.437308e-06 1.988465e-21 4.909809e-14 1.093388e-25 5.340208e-40 2.081419e-27 7.033253e-17 4.276895e-07 6.407729e-46 1.965643e-21 2.269517e-37 1.612978e-31 5.785882e-12 8.800914e-18 4.567713e-14 1.197525e-08 4.072873e-04 3.803632e-28 7.068313e-13 8.886453e-24 3.314531e-19 2.282153e-14 4.671024e-20 1.996082e-01 1.001495e-21 3.223003e-21 1.028466e-17 1.227554e-15 6.466256e-16 5.265851e-26 6.183437e-26 6.039886e-34 9.136198e-11 1.059831e-18 7.999786e-01 3.250187e-11 1.927484e-08 2.386524e-13 2.626552e-22 3.838862e-14 5.150176e-12 2.681783e-15 3.617227e-22 2.714177e-16 9.526673e-09 2.386954e-06 4.150925e-28 3.515968e-22 2.514192e-13 4.510047e-09 3.887543e-18 4.109573e-07 3.543372e-15 1.456614e-08 7.489790e-13 4.765821e-25 3.961628e-12 2.993186e-25 5.898086e-16 1.730788e-16 1.119028e-17 1.246353e-14 0.000000e+00 1.755699e-10 0.000000e+00 2.300798e-27 2.383129e-18 3.291752e-11 5.650293e-23 2.297927e-14 1.637569e-28 4.676152e-22 2.930124e-17 5.365667e-16 3.204353e-23 1.400057e-12 1.512312e-11 4.282779e-19 2.064363e-11 1.879467e-15 2.420329e-19 4.404357e-18 2.181240e-21 9.543619e-23 5.490928e-27 1.373150e-20 1.819660e-18 4.599600e-18 3.939170e-26 4.950220e-31 5.057859e-34 3.045718e-19 7.683539e-25 8.695160e-53 0.000000e+00 1.434618e-18 1.266840e-10
6.827934e-02 4.623118e-14 1.731716e-07 2.456412e-06 3.122137e-21 9.741474e-14 2.560497e-25 2.523464e-39 4.073330e-27 8.165899e-17 4.184739e-07 4.426864e-45 2.592522e-21 7.155427e-37 1.645308e-31 4.078787e-12 5.903964e-18 4.165640e-14 1.156556e-08 4.072771e-04 3.582901e-28 9.363993e-13 1.390668e-23 4.811584e-19 1.768926e-14 3.391395e-20 1.996073e-01 1.002003e-21 3.246468e-21 9.076538e-18 1.877805e-15 2.679633e-16 1.599665e-25 4.924840e-26 1.029708e-33 9.196441e-11 1.431361e-18 7.999795e-01 2.218100e-11 2.129202e-08 2.985826e-13 3.410790e-22 4.776292e-14 3.565033e-12 2.230095e-15 4.572528e-22 1.851219e-16 1.347791e-08 2.265530e-06 4.112524e-28 3.968418e-22 2.518685e-13 4.509605e-09 4.375079e-18 5.673221e-07 7.185264e-15 1.914916e-08 8.684733e-13 9.385479e-25 9.464300e-12 2.623092e-25 1.827561e-16 2.518463e-17 1.028160e-17 6.613472e-15 0.000000e+00 1.524785e-10 0.000000e+00 1.059376e-27 6.375981e-19 2.574909e-11 4.706359e-25 2.297229e-14 2.718278e-28 1.480839e-23 3.347792e-17 4.747943e-16 2.795520e-23 3.337326e-13 1.394871e-11 4.300488e-19 1.997416e-11 5.728346e-16 2.420043e-19 1.433375e-18 6.258057e-22 7.628892e-23 5.532991e-27 1.373826e-20 2.643258e-18 3.766710e-18 3.941588e-26 4.919891e-31 2.381308e-34 5.118050e-19 1.705919e-24 1.400312e-52 0.000000e+00 5.055848e-22 1.000246e-10
5.928381e-02 5.897350e-14 1.700826e-07 2.477797e-06 5.049460e-21 1.806916e-13 5.615463e-25 1.047404e-38 7.729929e-27 9.634998e-17 4.082346e-07 2.608668e-44 2.964304e-21 1.842924e-36 1.613531e-31 2.640930e-12 4.182384e-18 3.750769e-14 1.120172e-08 4.072653e-04 3.715652e-28 1.197443e-12 2.105237e-23 6.761048e-19 1.439622e-14 2.366168e-20 1.996062e-01 1.002579e-21 3.272700e-21 8.158669e-18 2.874764e-15 1.077471e-16 4.483565e-25 4.772996e-26 1.722447e-33 9.262765e-11 1.675746e-18 7.999805e-01 1.345356e-11 2.345849e-08 3.189286e-13 3.930392e-22 5.337697e-14 2.183823e-12 1.886573e-15 5.758262e-22 1.472531e-16 1.773913e-08 2.130399e-06 4.069294e-28 4.064114e-22 2.523798e-13 4.509165e-09 4.854314e-18 7.309322e-07 1.284788e-14 2.387108e-08 1.050256e-12 1.878664e-24 1.848030e-11 3.771416e-25 4.878716e-17 2.663630e-18 1.319030e-17 3.067307e-15 0.000000e+00 1.279178e-10 0.000000e+00 4.258450e-28 1.360303e-19 2.144442e-11 2.546957e-25 2.296462e-14 3.052539e-28 4.611520e-25 4.368758e-17 4.648012e-16 2.700741e-23 6.826016e-14 1.369495e-11 4.321702e-19 1.923481e-11 3.713464e-16 2.419755e-19 3.850940e-19 1.591567e-22 3.736077e-23 5.578887e-27 1.374568e-20 3.544754e-18 2.855321e-18 3.944324e-26 4.880997e-31 9.408155e-35 8.102876e-19 3.688910e-24 2.864604e-52 0.000000e+00 1.864506e-25 8.259001e-11
5.147341e-02 7.808232e-14 1.668124e-07 2.500608e-06 8.267627e-21 3.181889e-13 1.159899e-24 3.886847e-38 1.443996e-26 1.156877e-16 3.974447e-07 1.334146e-43 2.989893e-21 3.958502e-36 1.498022e-31 1.582540e-12 3.105803e-18 3.345014e-14 1.087660e-08 4.072531e-04 4.296766e-28 1.490410e-12 3.106752e-23 9.304269e-19 1.258134e-14 1.655891e-20 1.996051e-01 1.003200e-21 3.300387e-21 7.491311e-18 4.385236e-15 4.292862e-17 1.169305e-24 5.699364e-26 1.994798e-33 9.332272e-11 1.673624e-18 7.999816e-01 7.208304e-12 2.579526e-08 2.892530e-13 4.007150e-22 5.231337e-14 1.166535e-12 1.632965e-15 7.127745e-22 1.382633e-16 2.207787e-08 1.988265e-06 4.023041e-28 3.623978e-22 2.529319e-13 4.508746e-09 5.356283e-18 8.969600e-07 2.061766e-14 2.825840e-08 1.311618e-12 3.733738e-24 3.047704e-11 6.494259e-25 1.233810e-17 2.276748e-19 1.944994e-17 1.237677e-15 0.000000e+00 1.037506e-10 0.000000e+00 1.593408e-28 2.506246e-20 1.932890e-11 1.039864e-25 2.295658e-14 1.995590e-28 8.054835e-26 6.249285e-17 5.076176e-16 2.916743e-23 1.313729e-14 1.397390e-11 4.345910e-19 1.845869e-11 2.798159e-16 2.419479e-19 8.970995e-20 3.804337e-23 0.000000e+00 5.625043e-27 1.375336e-20 4.381056e-18 2.009313e-18 3.947266e-26 4.837748e-31 3.188512e-35 1.232864e-18 7.643428e-24 7.222730e-52 0.000000e+00 7.560449e-29 7.223955e-11
4.469200e-02 1.071793e-13 1.633629e-07 2.524934e-06 1.377946e-20 5.471397e-13 2.266869e-24 1.335679e-37 2.685646e-26 1.413650e-16 3.861129e-07 5.998796e-43 2.754189e-21 7.383336e-36 1.342130e-31 8.689251e-13 2.388176e-18 2.950430e-14 1.056885e-08 4.072408e-04 5.560133e-28 1.833741e-12 4.550676e-23 1.263753e-18 1.186512e-14 1.167834e-20 1.996039e-01 1.003867e-21 3.329343e-21 7.011280e-18 6.823669e-15 1.705844e-17 2.844574e-24 7.863252e-26 6.603781e-33 9.404964e-11 1.394346e-18 7.999828e-01 3.334819e-12 2.823689e-08 2.198209e-13 3.475659e-22 4.252177e-14 5.236497e-13 1.418761e-15 8.690357e-22 1.473345e-16 2.662074e-08 1.840064e-06 3.973627e-28 2.844951e-22 2.535266e-13 4.508347e-09 5.958273e-18 1.066272e-06 3.158518e-14 3.210924e-08 1.685127e-12 7.243364e-24 4.596172e-11 1.125508e-24 3.689784e-18 1.566453e-20 2.985839e-17 4.226202e-16 0.000000e+00 8.081159e-11 0.000000e+00 6.694878e-29 4.810363e-21 1.838518e-11 0.000000e+00 2.294817e-14 1.035622e-28 0.000000e+00 9.742424e-17 5.997642e-16 3.404762e-23 2.983042e-15 1.443506e-11 4.373526e-19 1.764557e-11 2.247761e-16 2.419213e-19 1.996057e-20 8.884599e-24 0.000000e+00 5.669472e-27 1.376129e-20 5.055922e-18 1.325221e-18 3.950435e-26 4.792160e-31 9.183840e-36 1.839313e-18 1.518280e-23 2.254772e-51 0.000000e+00 3.382420e-32 6.670577e-11
3.880401e-02 1.519178e-13 1.597774e-07 2.550552e-06 2.320849e-20 9.157331e-13 4.208570e-24 4.235355e-37 4.903403e-26 1.756858e-16 3.743854e-07 2.402001e-42 2.478632e-21 1.281179e-35 1.122258e-31 4.363857e-13 1.888939e-18 2.574086e-14 1.026503e-08 4.072288e-04 7.984340e-28 2.237638e-12 6.627893e-23 1.716676e-18 1.202187e-14 8.647888e-21 1.996026e-01 1.004575e-21 3.358980e-21 6.687836e-18 1.067979e-14 7.096293e-18 6.506735e-24 1.182431e-25 1.805203e-32 9.479906e-11 9.510557e-19 7.999841e-01 1.316365e-12 3.094510e-08 1.370007e-13 2.591566e-22 2.644097e-14 1.921874e-13 1.264843e-15 1.043490e-21 1.695008e-16 3.117944e-08 1.688884e-06 3.921502e-28 2.017093e-22 2.541583e-13 4.507971e-09 6.634218e-18 1.239695e-06 4.521805e-14 3.520793e-08 2.228575e-12 1.360967e-23 6.236465e-11 1.874171e-24 1.851793e-18 3.787832e-22 4.576484e-17 1.206093e-16 7.553985e-23 6.020003e-11 5.341408e-21 4.495716e-29 1.329444e-21 1.777645e-11 0.000000e+00 2.293944e-14 0.000000e+00 0.000000e+00 1.625926e-16 7.393833e-16 4.158561e-23 1.127525e-15 1.482305e-11 4.404632e-19 1.680551e-11 1.899519e-16 2.418961e-19 5.771825e-21 2.898606e-24 1.130060e-22 5.709512e-27 1.376932e-20 5.536710e-18 8.359839e-19 3.953789e-26 4.746260e-31 2.257643e-36 2.708029e-18 2.875078e-23 7.496323e-51 0.000000e+00 1.687045e-35 6.436379e-11
3.369173e-02 2.220090e-13 1.560822e-07 2.577322e-06 3.969071e-20 1.505835e-12 7.453443e-24 1.258122e-36 8.768093e-26 2.223269e-16 3.623518e-07 8.658313e-42 2.363466e-21 2.253392e-35 8.445400e-32 2.000348e-13 1.531925e-18 2.220612e-14 9.954685e-09 4.072174e-04 1.253661e-27 2.720630e-12 9.661486e-23 2.334285e-18 1.291598e-14 6.743650e-21 1.996012e-01 1.005321e-21 3.388822e-21 6.500237e-18 1.693548e-14 3.442535e-18 1.405349e-23 1.849476e-25 1.569172e-32 9.556491e-11 5.304193e-19 7.999854e-01 4.410129e-13 3.391217e-08 6.814881e-14 1.608233e-22 1.165899e-14 5.720733e-14 1.147733e-15 1.237786e-21 2.027732e-16 3.572559e-08 1.537374e-06 3.866873e-28 1.522965e-22 2.548243e-13 4.507618e-09 7.428152e-18 1.413798e-06 6.186552e-14 3.743425e-08 3.024479e-12 2.470482e-23 7.806835e-11 2.951273e-24 1.410911e-18 7.343727e-22 6.784388e-17 2.870843e-17 0.000000e+00 4.269631e-11 0.000000e+00 4.427364e-29 5.303912e-22 1.691952e-11 1.352429e-26 2.293045e-14 0.000000e+00 0.000000e+00 2.865408e-16 9.177158e-16 5.119726e-23 6.432532e-16 1.499893e-11 4.439410e-19 1.594495e-11 1.676015e-16 2.418721e-19 2.790105e-21 1.632925e-24 0.000000e+00 5.742663e-27 1.377738e-20 5.844749e-18 5.203753e-19 3.957273e-26 4.701362e-31 4.749564e-37 3.952516e-18 5.218910e-23 2.626954e-50 0.000000e+00 9.437158e-39 6.405160e-11
2.925298e-02 3.312252e-13 1.522554e-07 2.605406e-06 6.853464e-20 2.428482e-12 1.263134e-23 3.497903e-36 1.521909e-25 2.856189e-16 3.499487e-07 2.843320e-41 2.414423e-21 4.070667e-35 5.996935e-32 8.303739e-14 1.259174e-18 1.890386e-14 9.628225e-09 4.072063e-04 2.101887e-27 3.294186e-12 1.407942e-22 3.192144e-18 1.451210e-14 5.619680e-21 1.995998e-01 1.006112e-21 3.418612e-21 6.416837e-18 2.677946e-14 2.183543e-18 2.885460e-23 2.949985e-25 4.103594e-32 9.635025e-11 2.390805e-19 7.999868e-01 1.242220e-13 3.729861e-08 2.648297e-14 8.183672e-23 3.629627e-15 1.381969e-14 1.071027e-15 1.458671e-21 2.467072e-16 4.011016e-08 1.386501e-06 3.809234e-28 1.421564e-22 2.555309e-13 4.507283e-09 8.266486e-18 1.588690e-06 7.996589e-14 3.876983e-08 4.185017e-12 4.328992e-23 8.937178e-11 4.336089e-24 1.184687e-18 1.209321e-21 9.526252e-17 5.781100e-18 0.000000e+00 2.857130e-11 0.000000e+00 4.700900e-29 2.205142e-22 1.550439e-11 1.536617e-25 2.292108e-14 0.000000e+00 1.302430e-25 5.182431e-16 1.114849e-15 6.188802e-23 4.008545e-16 1.493202e-11 4.478490e-19 1.505990e-11 1.522796e-16 2.418490e-19 1.779391e-21 1.274444e-24 0.000000e+00 5.766069e-27 1.378554e-20 6.033261e-18 3.250919e-19 3.961057e-26 4.657835e-31 8.490036e-38 5.733937e-18 9.078521e-23 8.995623e-50 0.000000e+00 5.864207e-42 6.487073e-11
2.539902e-02 5.014496e-13 1.483468e-07 2.634408e-06 1.196876e-19 3.851261e-12 2.056328e-23 9.166303e-36 2.564899e-25 3.727806e-16 3.373447e-07 8.593261e-41 2.443202e-21 7.007067e-35 5.436744e-32 3.154786e-14 1.044873e-18 1.589951e-14 9.285986e-09 4.071959e-04 3.692351e-27 3.971718e-12 2.053201e-22 4.386505e-18 1.683500e-14 4.954396e-21 1.995982e-01 1.006941e-21 3.447271e-21 6.445413e-18 4.212090e-14 1.799062e-18 5.656977e-23 4.718831e-25 2.521602e-32 9.714291e-11 8.864347e-20 7.999883e-01 2.980817e-14 4.110130e-08 8.163602e-15 3.420353e-23 8.544793e-16 2.767220e-15 1.022938e-15 1.715607e-21 3.009368e-16 4.414577e-08 1.240200e-06 3.749126e-28 1.625292e-22 2.562710e-13 4.506967e-09 9.126197e-18 1.760118e-06 9.828996e-14 3.923753e-08 5.857496e-12 7.328853e-23 9.407691e-11 5.911537e-24 9.675306e-19 1.219005e-22 1.255940e-16 1.125412e-18 0.000000e+00 1.801219e-11 0.000000e+00 4.734992e-29 8.247990e-23 1.352751e-11 1.048684e-26 2.291144e-14 0.000000e+00 7.162993e-26 9.420493e-16 1.303351e-15 7.217899e-23 2.407964e-16 1.471227e-11 4.521796e-19 1.416343e-11 1.414107e-16 2.418271e-19 1.185438e-21 1.074832e-24 6.658714e-22 5.775032e-27 1.379367e-20 6.145241e-18 2.071350e-19 3.964971e-26 4.616607e-31 1.305876e-38 8.275134e-18 1.522522e-22 2.976930e-49 0.000000e+00 4.085869e-45 6.609633e-11
2.205280e-02 7.647569e-13 1.443002e-07 2.664680e-06 2.119054e-19 6.028395e-12 3.224110e-23 2.279798e-35 4.205745e-25 4.929811e-16 3.243675e-07 2.412036e-40 2.258774e-21 1.063407e-34 2.335797e-32 1.098482e-14 8.664049e-19 1.317258e-14 8.922351e-09 4.071858e-04 6.708083e-27 4.761380e-12 2.995079e-22 6.041064e-18 2.004813e-14 4.519286e-21 1.995966e-01 1.007825e-21 3.474305e-21 6.564183e-18 6.557760e-14 1.704683e-18 1.063202e-22 7.510078e-25 1.954545e-31 9.795168e-11 2.693118e-20 7.999899e-01 6.054717e-15 4.537573e-08 2.001005e-15 1.161861e-23 1.573339e-16 4.566699e-16 9.937182e-16 2.034621e-21 3.668902e-16 4.774864e-08 1.098395e-06 3.685442e-28 2.031775e-22 2.570584e-13 4.506664e-09 9.929924e-18 1.923987e-06 1.157970e-13 3.894088e-08 8.229953e-12 1.200972e-22 9.191648e-11 7.415316e-24 7.342168e-19 8.896944e-23 1.539616e-16 3.002268e-19 0.000000e+00 1.055991e-11 0.000000e+00 4.312663e-29 2.622147e-23 1.113797e-11 1.953071e-26 2.290134e-14 2.359353e-27 1.712320e-26 1.695728e-15 1.442410e-15 7.985149e-23 1.332326e-16 1.454819e-11 4.570421e-19 1.324482e-11 1.327416e-16 2.418057e-19 7.581068e-22 8.872770e-25 1.755483e-23 5.764555e-27 1.380193e-20 6.212054e-18 1.349531e-19 3.968640e-26 4.577268e-31 1.705216e-39 1.189111e-17 2.475355e-22 9.502442e-49 0.000000e+00 3.136250e-48 6.710458e-11
1.914743e-02 1.169723e-12 1.401537e-07 2.695862e-06 3.823200e-19 9.323869e-12 4.884197e-23 5.406094e-35 6.746614e-25 6.606376e-16 3.111495e-07 6.329995e-40 1.893300e-21 1.415573e-34 1.211822e-32 3.691443e-15 7.162238e-19 1.076917e-14 8.541774e-09 4.071761e-04 1.248125e-26 5.665775e-12 4.366941e-22 8.324701e-18 2.437863e-14 4.222873e-21 1.995950e-01 1.008759e-21 3.498639e-21 6.786798e-18 1.007699e-13 1.708123e-18 1.923712e-22 1.182220e-24 3.652594e-31 9.876568e-11 6.848311e-21 7.999915e-01 1.059551e-15 5.011548e-08 3.986591e-16 3.257049e-24 2.346915e-17 6.312818e-17 9.778169e-16 2.453331e-21 4.456482e-16 5.069861e-08 9.643565e-07 3.618494e-28 2.616425e-22 2.578891e-13 4.506373e-09 1.063472e-17 2.074715e-06 1.310537e-13 3.799577e-08 1.153673e-11 1.909492e-22 8.350766e-11 8.556262e-24 5.110932e-19 0.000000e+00 1.756966e-16 1.381877e-19 0.000000e+00 5.741470e-12 0.000000e+00 3.512802e-29 7.002808e-24 8.642242e-12 0.000000e+00 2.289083e-14 2.816297e-27 8.544750e-27 2.987965e-15 1.503267e-15 8.333042e-23 6.697729e-17 1.483132e-11 4.624437e-19 1.231545e-11 1.253100e-16 2.417850e-19 4.569781e-22 6.999124e-25 0.000000e+00 5.730965e-27 1.381026e-20 6.251999e-18 9.019593e-20 3.972768e-26 4.540266e-31 1.907462e-40 1.700504e-17 3.930818e-22 2.908192e-48 0.000000e+00 2.668525e-51 6.721974e-11
1.662484e-02 1.794951e-12 1.358774e-07 2.728109e-06 7.128065e-19 1.433562e-11 7.165391e-23 1.235563e-34 1.071019e-24 8.983462e-16 2.976027e-07 1.560364e-39 1.549698e-21 1.786375e-34 1.534126e-32 1.343069e-15 5.906894e-19 8.685727e-15 8.143669e-09 4.071665e-04 2.378006e-26 6.693033e-12 6.382225e-22 1.142668e-17 3.025207e-14 3.950454e-21 1.995932e-01 1.009757e-21 3.519979e-21 7.118314e-18 1.538773e-13 1.741019e-18 3.361369e-22 1.829433e-24 6.801914e-31 9.958718e-11 1.472349e-21 7.999932e-01 1.605186e-16 5.526994e-08 6.465499e-17 7.444910e-25 2.855808e-18 7.332535e-18 9.626624e-16 3.046544e-21 5.410005e-16 5.295880e-08 8.387391e-07 3.547445e-28 3.511032e-22 2.587735e-13 4.506091e-09 1.126959e-17 2.200467e-06 1.449753e-13 3.650846e-08 1.608452e-11 2.957758e-22 7.173867e-11 9.065836e-24 3.234291e-19 3.203572e-22 1.861881e-16 7.930960e-20 0.000000e+00 2.862120e-12 0.000000e+00 2.527528e-29 1.565929e-24 6.303358e-12 1.544852e-25 2.287977e-14 3.127449e-27 1.502630e-25 5.162224e-15 1.466165e-15 8.133000e-23 3.038864e-17 1.621263e-11 4.684827e-19 1.137158e-11 1.187985e-16 2.417646e-19 2.567316e-22 5.042835e-25 9.149614e-23 5.672740e-27 1.381877e-20 6.275439e-18 6.236946e-20 3.977195e-26 4.505305e-31 1.811047e-41 2.415927e-17 6.172445e-22 8.934995e-48 0.000000e+00 2.495573e-54 6.565314e-11
1.443458e-02 2.745989e-12 1.315158e-07 2.761020e-06 1.376773e-18 2.183018e-11 1.020450e-22 2.713766e-34 1.694385e-24 1.236430e-15 2.838768e-07 3.627461e-39 1.427011e-21 2.463635e-34 7.347644e-33 6.431871e-16 4.856360e-19 6.952615e-15 7.735491e-09 4.071570e-04 4.597737e-26 7.819707e-12 9.307864e-22 1.563504e-17 3.820929e-14 3.781366e-21 1.995914e-01 1.010815e-21 3.537717e-21 7.570832e-18 2.309068e-13 1.783750e-18 5.712513e-22 2.790517e-24 1.241973e-30 1.004032e-10 2.734879e-22 7.999951e-01 2.152097e-17 6.091897e-08 8.687717e-18 1.422753e-25 2.906000e-19 7.304819e-19 9.532538e-16 3.931728e-21 6.566211e-16 5.426720e-08 7.240312e-07 3.472636e-28 4.867443e-22 2.597074e-13 4.505818e-09 1.179202e-17 2.299984e-06 1.548273e-13 3.459084e-08 2.219208e-11 4.475374e-22 5.769953e-11 8.869800e-24 1.841495e-19 4.605929e-24 1.847026e-16 4.426283e-20 0.000000e+00 1.306948e-12 0.000000e+00 1.606930e-29 7.072509e-25 4.343490e-12 4.234230e-30 2.286821e-14 3.257780e-27 3.301598e-28 8.645725e-15 1.342523e-15 7.457710e-23 1.227476e-17 1.964040e-11 4.751607e-19 1.042673e-11 1.123262e-16 2.417447e-19 1.332018e-22 3.368355e-25 9.290437e-24 5.590328e-27 1.382743e-20 6.289503e-18 4.430217e-20 3.981737e-26 4.472657e-31 1.472713e-42 3.407974e-17 9.656353e-22 2.639359e-47 0.000000e+00 2.582429e-57 6.135610e-11
1.253288e-02 4.244639e-12 1.270552e-07 2.794670e-06 2.846535e-18 3.331710e-11 1.413415e-22 5.847419e-34 2.752068e-24 1.744676e-15 2.699330e-07 7.967180e-39 1.558824e-21 3.936441e-34 0.000000e+00 4.158664e-16 4.085132e-19 5.563971e-15 7.319789e-09 4.071473e-04 9.151085e-26 9.103448e-12 1.375112e-21 2.121879e-17 4.914058e-14 3.476850e-21 1.995896e-01 1.011945e-21 3.550969e-21 8.205281e-18 3.500276e-13 1.844169e-18 9.499223e-22 4.151918e-24 2.499479e-30 1.012118e-10 4.502628e-23 7.999969e-01 2.585249e-18 6.686999e-08 9.624350e-19 2.199843e-26 2.481794e-20 6.293274e-20 9.302861e-16 5.338342e-21 8.014973e-16 5.479928e-08 6.205109e-07 3.393357e-28 7.487863e-22 2.607000e-13 4.505551e-09 1.258469e-17 2.342002e-06 1.660421e-13 3.227809e-08 3.041150e-11 6.658829e-22 4.493257e-11 8.074886e-24 9.624597e-20 7.522239e-23 1.722156e-16 2.335812e-20 0.000000e+00 5.435890e-13 0.000000e+00 9.154480e-30 3.896626e-23 2.839403e-12 5.300672e-26 2.285606e-14 3.300263e-27 5.472728e-26 1.435398e-14 1.159568e-15 6.407656e-23 4.542863e-18 2.679349e-11 4.825706e-19 9.481637e-12 1.076431e-16 2.417248e-19 6.509770e-23 1.947556e-25 0.000000e+00 5.481271e-27 1.383635e-20 6.296668e-18 3.342547e-20 3.986665e-26 4.442063e-31 1.018554e-43 4.739224e-17 1.550690e-21 8.676506e-47 0.000000e+00 2.956092e-60 5.257229e-11
1.088173e-02 6.527450e-12 1.224659e-07 2.829190e-06 6.186216e-18 5.045296e-11 1.904486e-22 1.217841e-33 4.603566e-24 2.498109e-15 2.556973e-07 1.660858e-38 1.865647e-21 6.716182e-34 3.681008e-32 3.131709e-16 3.504314e-19 4.520459e-15 6.902058e-09 4.071373e-04 1.843261e-25 1.047690e-11 2.031663e-21 2.866904e-17 6.427296e-14 3.220840e-21 1.995877e-01 1.013163e-21 3.557101e-21 9.021176e-18 5.214411e-13 1.915155e-18 1.591799e-21 6.092567e-24 1.022717e-28 1.020108e-10 6.842545e-24 7.999989e-01 2.803033e-19 7.334928e-08 9.009924e-20 2.911770e-27 2.458622e-21 7.193064e-21 9.103632e-16 7.652177e-21 9.837488e-16 5.428096e-08 5.278220e-07 3.308542e-28 1.220398e-21 2.617650e-13 4.505286e-09 1.360716e-17 2.344078e-06 1.729413e-13 2.966546e-08 4.100904e-11 9.751999e-22 3.301540e-11 6.864624e-24 4.469405e-20 4.705996e-23 1.519033e-16 1.108564e-20 7.962072e-32 2.044007e-13 0.000000e+00 4.706069e-30 0.000000e+00 1.768058e-12 0.000000e+00 2.284314e-14 3.233683e-27 0.000000e+00 2.307593e-14 9.488669e-16 5.187098e-23 1.479345e-18 3.931849e-11 4.908456e-19 8.536493e-12 1.024572e-16 2.417049e-19 2.904059e-23 1.016869e-25 9.163115e-23 5.338809e-27 1.384567e-20 6.300596e-18 2.600147e-20 3.992185e-26 4.413180e-31 5.948333e-45 6.514778e-17 2.564182e-21 2.803880e-46 0.000000e+00 3.707767e-63 3.781996e-11
9.448103e-03 1.010545e-11 1.177432e-07 2.864554e-06 1.441580e-17 7.648563e-11 2.499769e-22 2.490514e-33 8.224801e-24 3.688616e-15 2.411751e-07 3.294626e-38 2.205068e-21 1.108089e-33 0.000000e+00 2.413268e-16 3.202543e-19 3.831552e-15 6.491106e-09 4.071267e-04 3.805040e-25 1.204609e-11 3.054603e-21 3.866050e-17 8.551054e-14 2.845740e-21 1.995857e-01 1.014482e-21 3.550873e-21 1.016418e-17 7.821389e-13 2.016204e-18 2.904857e-21 8.766141e-24 0.000000e+00 1.027925e-10 1.724502e-24 8.000011e-01 2.783069e-20 8.015019e-08 7.872875e-21 4.101518e-28 4.416298e-22 1.579632e-21 8.849818e-16 1.160220e-20 1.216328e-15 5.289688e-08 4.458404e-07 3.217419e-28 2.208169e-21 2.629127e-13 4.505020e-09 1.563727e-17 2.287164e-06 1.799830e-13 2.679730e-08 5.451736e-11 1.413573e-21 2.339344e-11 5.519981e-24 1.886533e-20 1.882922e-23 1.279911e-16 4.860938e-21 9.220901e-32 6.949166e-14 1.261722e-35 2.391082e-30 0.000000e+00 1.057732e-12 5.958109e-26 2.282935e-14 3.081699e-27 4.698246e-26 3.671149e-14 7.580285e-16 3.974122e-23 4.363568e-19 5.717410e-11 5.001008e-19 7.597689e-12 9.817077e-17 2.416847e-19 1.212961e-23 4.616755e-26 6.964782e-23 5.152950e-27 1.385552e-20 6.301923e-18 2.134882e-20 3.998224e-26 4.385840e-31 2.922221e-46 8.810859e-17 4.527959e-21 9.968831e-46 0.000000e+00 5.101982e-66 1.812692e-11
8.203354e-03 1.552743e-11 1.128241e-07 2.901077e-06 3.491978e-17 1.153227e-10 3.194902e-22 4.947054e-33 1.563186e-23 5.543600e-15 2.262145e-07 6.251253e-38 2.478038e-21 1.700127e-33 0.000000e+00 1.833770e-16 3.170521e-19 3.515242e-15 6.093434e-09 4.071151e-04 7.914769e-25 1.371841e-11 4.604696e-21 5.204722e-17 1.154523e-13 2.513977e-21 1.995835e-01 1.015938e-21 3.523033e-21 1.166611e-17 1.158691e-12 2.155415e-18 6.762548e-21 1.248481e-23 2.373418e-29 1.035550e-10 2.515002e-24 8.000034e-01 2.527016e-21 8.733972e-08 3.771634e-21 3.773706e-28 1.032502e-21 4.355416e-21 8.617379e-16 1.852034e-20 1.511146e-15 5.053444e-08 3.731994e-07 3.117913e-28 4.193440e-21 2.641705e-13 4.504747e-09 1.940572e-17 2.198528e-06 1.827054e-13 2.378029e-08 7.080789e-11 2.030294e-21 1.571952e-11 4.205496e-24 6.984070e-21 0.000000e+00 1.033868e-16 1.889029e-21 8.529356e-32 2.112724e-14 1.395691e-35 1.365996e-30 0.000000e+00 6.088007e-13 0.000000e+00 2.281437e-14 2.859779e-27 0.000000e+00 5.702725e-14 6.233075e-16 2.890819e-23 1.116649e-19 6.993461e-11 5.105941e-19 6.663605e-12 9.257525e-17 2.416638e-19 4.563213e-24 1.870312e-26 5.972415e-24 4.909814e-27 1.386611e-20 6.302130e-18 1.791703e-20 4.004769e-26 4.359561e-31 1.189152e-47 1.178794e-16 8.503571e-21 3.490966e-45 0.000000e+00 7.576763e-69 5.148071e-12
7.122595e-03 2.371078e-11 1.078276e-07 2.937762e-06 8.723341e-17 1.734765e-10 3.986894e-22 9.615416e-33 3.176420e-23 8.494025e-15 2.112197e-07 1.138144e-37 2.625315e-21 2.411035e-33 2.842292e-31 1.368249e-16 3.511257e-19 3.611051e-15 5.727414e-09 4.071024e-04 1.650088e-24 1.550447e-11 6.974593e-21 7.008604e-17 1.571364e-13 2.236005e-21 1.995812e-01 1.017511e-21 3.461439e-21 1.369235e-17 1.712647e-12 2.361520e-18 2.132313e-20 1.760788e-23 5.133282e-29 1.042672e-10 6.980438e-24 8.000058e-01 2.168364e-22 9.464752e-08 0.000000e+00 4.356558e-28 0.000000e+00 0.000000e+00 8.376029e-16 3.081605e-20 1.872401e-15 4.732662e-08 3.108279e-07 3.011372e-28 8.277843e-21 2.655226e-13 4.504472e-09 2.690029e-17 2.088642e-06 1.821600e-13 2.074840e-08 8.968669e-11 2.890792e-21 1.008875e-11 3.101079e-24 2.324525e-21 1.489584e-22 8.174120e-17 6.677289e-22 7.982115e-32 5.863739e-15 2.683932e-36 9.522802e-31 1.468629e-22 3.435716e-13 1.351191e-25 2.279841e-14 2.587501e-27 3.734406e-25 8.757650e-14 6.006140e-16 2.037800e-23 2.539441e-20 7.445477e-11 5.222321e-19 5.767479e-12 8.590148e-17 2.416424e-19 1.578621e-24 6.921226e-27 2.570633e-22 4.605396e-27 1.387754e-20 6.301665e-18 1.530799e-20 4.012442e-26 4.334808e-31 4.083912e-49 1.564238e-16 1.707559e-20 1.208177e-44 0.000000e+00 1.238241e-71 7.951027e-13
6.184222e-03 3.572019e-11 1.027569e-07 2.974490e-06 2.200817e-16 2.602009e-10 4.863868e-22 1.830766e-32 6.727876e-23 1.309136e-14 1.962347e-07 1.996377e-37 2.648019e-21 3.196323e-33 1.471962e-31 1.008471e-16 4.307234e-19 4.159908e-15 5.398552e-09 4.070882e-04 3.397809e-24 1.726282e-11 1.048201e-20 9.366022e-17 2.140740e-13 2.037076e-21 1.995788e-01 1.019226e-21 3.350342e-21 1.626828e-17 2.520488e-12 2.650553e-18 7.776080e-20 2.467443e-23 1.071068e-28 1.049175e-10 2.016988e-23 8.000085e-01 1.779970e-23 1.019046e-07 0.000000e+00 1.109524e-27 0.000000e+00 0.000000e+00 8.068049e-16 5.345210e-20 2.303985e-15 4.343530e-08 2.573946e-07 2.896507e-28 1.653267e-20 2.669875e-13 4.504190e-09 4.125676e-17 1.973099e-06 1.778240e-13 1.776168e-08 1.102283e-10 4.076484e-21 6.192405e-12 2.226712e-24 6.820286e-22 1.931237e-23 6.365423e-17 2.107777e-22 7.533838e-32 1.486389e-15 4.692633e-37 6.791622e-31 0.000000e+00 1.911002e-13 1.472301e-25 2.278126e-14 2.277058e-27 2.868100e-25 1.335646e-13 7.520820e-16 1.397801e-23 5.023882e-21 7.531720e-11 5.352012e-19 4.918823e-12 7.747590e-17 2.416203e-19 4.874722e-25 2.319352e-27 3.348145e-24 4.233790e-27 1.388972e-20 6.300884e-18 1.312753e-20 4.020033e-26 4.311336e-31 1.174007e-50 2.064559e-16 3.574469e-20 3.975002e-44 0.000000e+00 2.206661e-74 6.597211e-14
5.369475e-03 5.279477e-11 9.778326e-08 3.010020e-06 5.520902e-16 3.892554e-10 5.823791e-22 3.435361e-32 1.438965e-22 2.002979e-14 1.817729e-07 3.381645e-37 2.588070e-21 4.038936e-33 3.230296e-31 7.456713e-17 5.598420e-19 5.186987e-15 5.119650e-09 4.070726e-04 6.780403e-24 1.884717e-11 1.546974e-20 1.231420e-16 2.880869e-13 1.919107e-21 1.995761e-01 1.021055e-21 3.177252e-21 1.936080e-17 3.704419e-12 3.044153e-18 2.790957e-19 3.434098e-23 2.111619e-28 1.054768e-10 5.708654e-23 8.000113e-01 1.874633e-24 1.088467e-07 6.557708e-22 3.365258e-27 1.923064e-22 1.125905e-21 7.632364e-16 9.638114e-20 2.788810e-15 3.909047e-08 2.129266e-07 2.775480e-28 3.280193e-20 2.685398e-13 4.503907e-09 6.699416e-17 1.864259e-06 1.702128e-13 1.489914e-08 1.309679e-10 5.673829e-21 3.660229e-12 1.590960e-24 1.816211e-22 0.000000e+00 4.985260e-17 6.119670e-23 7.146843e-32 3.534686e-16 7.795332e-38 4.339518e-31 0.000000e+00 1.069557e-13 0.000000e+00 2.276323e-14 1.948806e-27 0.000000e+00 2.040117e-13 1.173214e-15 9.512515e-24 8.907013e-22 7.544816e-11 5.492982e-19 4.150524e-12 6.762979e-17 2.415979e-19 1.367388e-25 7.242899e-28 1.079295e-23 3.806042e-27 1.390267e-20 6.299990e-18 1.121784e-20 4.027822e-26 4.289578e-31 2.883500e-52 2.715482e-16 7.559569e-20 1.210582e-43 0.000000e+00 4.372025e-77 3.143313e-15
4.662069e-03 7.625449e-11 9.299427e-08 3.043831e-06 1.367981e-15 5.820011e-10 6.865406e-22 6.411755e-32 3.035380e-22 3.018030e-14 1.680535e-07 5.542352e-37 2.481616e-21 4.941851e-33 7.923103e-31 5.573310e-17 7.351183e-19 6.682020e-15 4.898888e-09 4.070552e-04 1.291890e-23 2.022795e-11 2.236627e-20 1.576269e-16 3.787192e-13 1.817869e-21 1.995733e-01 1.023002e-21 2.932130e-21 2.281315e-17 5.474520e-12 3.563068e-18 9.205102e-19 4.744854e-23 4.020166e-28 1.059343e-10 1.591779e-22 8.000142e-01 1.594568e-24 1.152490e-07 3.798793e-22 8.528690e-27 9.628489e-23 6.408736e-22 7.013615e-16 1.816097e-19 3.302457e-15 3.458828e-08 1.761785e-07 2.648379e-28 6.538536e-20 2.701816e-13 4.503621e-09 1.098305e-16 1.760695e-06 1.607834e-13 1.215092e-08 1.494786e-10 7.770222e-21 2.093406e-12 1.150588e-24 4.436232e-23 2.088728e-24 3.984189e-17 1.657097e-23 6.781750e-32 7.987280e-17 1.234476e-38 2.338680e-31 0.000000e+00 6.115836e-14 2.743905e-26 2.274429e-14 1.616657e-27 2.804362e-27 3.158028e-13 2.088725e-15 6.461072e-24 1.438400e-22 7.547954e-11 5.645456e-19 3.473669e-12 5.716868e-17 2.415752e-19 3.486783e-26 2.060630e-28 1.234183e-24 3.332970e-27 1.391644e-20 6.298903e-18 9.637319e-21 4.036304e-26 4.269464e-31 6.059699e-54 3.548925e-16 1.577806e-19 3.522021e-43 0.000000e+00 9.643864e-80 8.729346e-17
4.047860e-03 1.061680e-10 8.850091e-08 3.075291e-06 3.275559e-15 8.680892e-10 7.994759e-22 1.192400e-31 6.002878e-22 4.354350e-14 1.553233e-07 8.803195e-37 2.357670e-21 5.918247e-33 0.000000e+00 4.235703e-17 9.170555e-19 8.501335e-15 4.746494e-09 4.070358e-04 2.267345e-23 2.119371e-11 3.105948e-20 1.924067e-16 4.758317e-13 1.733876e-21 1.995703e-01 1.025063e-21 2.612367e-21 2.592346e-17 8.073200e-12 4.178344e-18 2.757444e-18 6.495029e-23 7.116195e-28 1.062828e-10 4.214362e-22 8.000173e-01 4.385192e-24 1.209206e-07 1.455285e-21 2.116911e-26 4.248509e-22 3.572766e-21 6.166621e-16 3.550749e-19 3.791689e-15 3.012334e-08 1.460308e-07 2.515700e-28 1.281833e-19 2.719103e-13 4.503334e-09 1.710069e-16 1.673866e-06 1.486854e-13 9.575640e-09 1.624830e-10 1.039457e-20 1.159343e-12 8.630044e-25 9.921169e-24 1.315701e-23 3.321974e-17 4.176006e-24 6.328271e-32 1.738767e-17 1.856872e-39 1.050683e-31 1.508819e-24 3.658927e-14 1.066133e-25 2.272448e-14 1.294969e-27 8.673619e-26 4.948506e-13 3.708261e-15 4.452270e-24 2.116047e-23 7.548551e-11 5.809169e-19 2.896343e-12 4.626806e-17 2.415521e-19 7.903024e-27 5.307862e-29 0.000000e+00 2.832684e-27 1.393104e-20 6.297748e-18 8.244384e-21 4.045277e-26 4.250958e-31 1.469464e-55 4.618185e-16 3.089941e-19 9.319210e-43 0.000000e+00 2.372811e-82 1.502398e-18
3.514571e-03 1.412199e-10 8.442074e-08 3.103815e-06 7.508724e-15 1.293545e-09 9.232285e-22 2.220194e-31 1.077852e-21 5.907118e-14 1.438042e-07 1.355943e-36 2.180987e-21 6.833848e-33 7.588335e-31 3.210670e-17 1.038215e-18 1.027543e-14 4.679681e-09 4.070142e-04 3.560366e-23 2.175768e-11 4.119352e-20 2.198247e-16 5.598904e-13 1.617156e-21 1.995672e-01 1.027239e-21 2.226863e-21 2.777150e-17 1.184793e-11 4.817204e-18 7.525795e-18 8.805116e-23 1.180562e-27 1.065218e-10 1.058016e-21 8.000206e-01 1.176951e-23 1.256929e-07 0.000000e+00 4.844381e-26 0.000000e+00 0.000000e+00 5.120689e-16 7.086582e-19 4.189278e-15 2.588006e-08 1.214894e-07 2.378375e-28 2.493092e-19 2.737194e-13 4.503045e-09 2.417492e-16 1.602438e-06 1.343471e-13 7.220513e-09 1.666541e-10 1.349743e-20 6.203629e-13 7.005910e-25 2.056977e-24 0.000000e+00 3.005902e-17 9.896559e-25 5.731174e-32 3.708055e-18 2.651482e-40 3.990967e-32 6.781355e-27 2.385768e-14 0.000000e+00 2.270390e-14 9.978399e-28 3.476554e-25 7.848067e-13 6.498790e-15 3.202218e-24 2.886095e-24 7.547813e-11 5.983335e-19 2.420612e-12 3.579419e-17 2.415287e-19 1.580969e-27 1.210944e-29 8.347721e-25 2.329380e-27 1.394690e-20 6.296478e-18 7.073049e-21 4.054599e-26 4.234046e-31 6.289132e-56 5.978785e-16 5.499478e-19 2.274704e-42 0.000000e+00 6.545688e-85 1.664405e-20
3.051540e-03 1.773800e-10 8.078571e-08 3.129435e-06 1.625643e-14 1.926095e-09 1.059554e-21 4.126491e-31 1.686008e-21 7.333444e-14 1.334495e-07 2.026759e-36 1.868424e-21 7.246630e-33 1.328232e-30 2.337966e-17 1.021254e-18 1.143325e-14 4.720430e-09 4.069901e-04 4.829705e-23 2.186473e-11 5.158059e-20 2.293341e-16 6.027208e-13 1.445388e-21 1.995638e-01 1.029556e-21 1.789718e-21 2.720520e-17 1.711395e-11 5.304944e-18 1.890402e-17 1.184409e-22 1.813339e-27 1.066604e-10 2.478785e-21 8.000240e-01 2.825708e-23 1.294251e-07 7.928893e-22 1.067241e-25 2.190897e-22 2.591912e-21 3.970141e-16 1.411476e-18 4.430550e-15 2.195081e-08 1.012770e-07 2.234952e-28 4.800593e-19 2.756362e-13 4.502750e-09 2.978110e-16 1.548328e-06 1.180149e-13 5.154807e-09 1.597940e-10 1.692541e-20 3.197645e-13 6.494555e-25 3.850099e-25 0.000000e+00 3.107703e-17 2.142905e-25 4.909180e-32 7.728375e-19 3.487718e-41 1.260359e-32 2.850137e-24 1.786304e-14 0.000000e+00 2.268223e-14 7.327043e-28 0.000000e+00 1.247704e-12 1.106920e-14 2.504662e-24 3.562553e-25 7.546181e-11 6.170325e-19 2.034429e-12 2.623888e-17 2.415047e-19 2.665339e-28 2.330363e-30 2.850744e-23 1.841390e-27 1.396400e-20 6.295076e-18 6.085983e-21 4.064176e-26 4.218407e-31 0.000000e+00 7.709744e-16 8.534835e-19 5.067982e-42 0.000000e+00 1.998005e-87 1.211703e-22
2.649512e-03 2.096921e-10 7.769797e-08 3.151719e-06 3.314981e-14 2.869819e-09 1.212862e-21 7.638531e-31 2.252233e-21 8.202564e-14 1.244022e-07 2.940050e-36 1.171357e-21 5.585026e-33 0.000000e+00 1.594383e-17 8.496925e-19 1.143806e-14 4.897299e-09 4.069636e-04 5.554415e-23 2.159727e-11 6.109229e-20 2.152014e-16 5.844095e-13 1.212898e-21 1.995603e-01 1.031994e-21 1.339962e-21 2.383883e-17 2.416677e-11 5.435041e-18 4.411846e-17 1.592961e-22 2.593296e-27 1.067083e-10 5.413160e-21 8.000276e-01 6.008452e-23 1.320334e-07 0.000000e+00 2.151986e-25 0.000000e+00 0.000000e+00 2.897783e-16 2.722517e-18 4.473125e-15 1.839136e-08 8.482655e-08 2.087663e-28 9.200023e-19 2.776420e-13 4.502452e-09 3.118553e-16 1.510570e-06 1.013413e-13 3.469776e-09 1.428141e-10 2.043525e-20 1.594821e-13 7.271897e-25 6.908722e-26 8.892063e-24 3.875399e-17 4.443535e-26 3.929669e-32 1.603862e-19 4.239205e-42 3.542946e-33 0.000000e+00 1.621726e-14 9.266999e-26 2.265973e-14 5.110557e-28 1.483721e-25 1.964666e-12 1.853902e-14 2.238067e-24 4.241871e-26 7.543807e-11 6.367954e-19 1.731492e-12 1.829289e-17 2.414803e-19 3.912126e-29 3.890879e-31 8.871475e-25 1.398879e-27 1.398184e-20 6.293551e-18 5.278555e-21 4.074251e-26 4.204134e-31 0.000000e+00 9.911727e-16 1.132315e-18 1.047884e-41 0.000000e+00 6.832493e-90 5.979472e-25
2.300449e-03 2.343654e-10 7.514601e-08 3.171012e-06 6.386371e-14 4.279974e-09 1.386189e-21 1.402633e-30 2.553952e-21 8.187545e-14 1.164856e-07 4.140770e-36 0.000000e+00 0.000000e+00 1.269671e-31 1.028118e-17 5.949462e-19 1.021700e-14 5.243528e-09 4.069344e-04 5.409524e-23 2.094886e-11 6.877976e-20 1.806388e-16 5.075823e-13 9.685828e-22 1.995566e-01 1.034597e-21 9.464330e-22 1.840816e-17 3.319922e-11 5.066000e-18 9.669810e-17 2.159874e-22 3.437765e-27 1.066798e-10 1.094503e-20 8.000314e-01 1.134377e-22 1.334643e-07 3.263711e-23 4.041826e-25 8.177118e-24 0.000000e+00 2.059870e-16 4.998385e-18 4.324079e-15 1.520828e-08 7.125322e-08 1.935354e-28 1.743738e-18 2.797682e-13 4.502146e-09 2.766996e-16 1.491858e-06 8.597924e-14 2.207077e-09 1.198127e-10 2.381463e-20 7.797121e-14 9.791032e-25 1.248461e-26 5.896496e-25 5.794559e-17 9.162761e-27 2.880155e-32 3.286754e-20 4.623389e-43 9.421353e-34 3.730143e-27 1.775237e-14 1.275876e-26 2.263607e-14 3.342414e-28 4.215162e-27 3.034373e-12 2.994233e-14 2.287924e-24 5.186498e-27 7.540680e-11 6.578752e-19 1.494174e-12 1.217639e-17 2.414552e-19 5.037133e-30 5.849740e-32 2.241583e-23 1.017574e-27 1.400110e-20 6.291909e-18 4.596799e-21 4.084882e-26 4.190952e-31 0.000000e+00 1.273852e-15 1.276352e-18 2.011150e-41 0.000000e+00 2.583678e-92 2.044817e-27
1.997374e-03 2.517653e-10 7.320404e-08 3.186999e-06 1.180790e-13 6.389818e-09 1.586950e-21 2.564837e-30 2.535129e-21 7.404608e-14 1.098191e-07 5.668434e-36 9.608025e-22 1.289144e-32 0.000000e+00 6.586811e-18 3.631371e-19 8.307877e-15 5.779247e-09 4.069034e-04 4.615265e-23 2.005831e-11 7.521646e-20 1.381229e-16 4.017944e-13 7.510396e-22 1.995528e-01 1.037284e-21 6.271267e-22 1.261004e-17 4.448102e-11 4.269910e-18 2.007573e-16 2.982043e-22 4.292017e-27 1.065917e-10 2.065476e-20 8.000353e-01 1.933386e-22 1.338626e-07 5.574601e-24 7.090777e-25 1.212334e-24 0.000000e+00 1.520021e-16 8.600796e-18 4.043908e-15 1.240749e-08 6.040207e-08 1.784086e-28 3.263980e-18 2.819480e-13 4.501843e-09 2.152361e-16 1.491359e-06 7.305223e-14 1.348361e-09 9.605229e-11 2.703174e-20 3.795208e-14 1.481168e-24 3.904679e-27 2.680840e-25 9.675695e-17 3.090915e-27 1.956084e-32 6.877868e-21 4.726973e-44 4.110911e-34 1.271625e-29 2.186338e-14 7.051208e-27 2.261205e-14 2.061650e-28 4.999748e-27 4.554992e-12 4.651057e-14 2.539366e-24 1.188224e-27 7.536799e-11 6.795412e-19 1.315003e-12 7.910978e-18 2.414301e-19 1.006518e-30 1.379568e-32 0.000000e+00 7.168377e-28 1.402116e-20 6.290226e-18 4.026267e-21 4.095738e-26 4.179189e-31 0.000000e+00 1.638278e-15 1.260600e-18 3.675449e-41 0.000000e+00 1.116763e-94 5.200096e-30
1.734228e-03 2.645170e-10 7.180081e-08 3.200434e-06 2.130957e-13 9.548490e-09 1.818519e-21 4.682444e-30 2.294387e-21 6.214188e-14 1.040856e-07 7.545483e-36 2.806731e-22 2.981860e-33 0.000000e+00 4.336629e-18 2.017637e-19 6.304300e-15 6.543818e-09 4.068701e-04 3.591794e-23 1.900272e-11 8.149559e-20 9.873266e-17 2.965018e-13 5.654526e-22 1.995488e-01 1.040124e-21 3.926328e-22 7.782641e-18 5.827058e-11 3.258955e-18 3.972117e-16 4.215913e-22 5.154283e-27 1.064564e-10 3.680100e-20 8.000393e-01 3.062750e-22 1.333010e-07 2.670536e-24 1.175783e-24 2.822703e-25 4.888976e-24 1.221842e-16 1.398065e-17 3.698483e-15 9.974089e-09 5.152732e-08 1.631804e-28 6.042825e-18 2.842328e-13 4.501535e-09 1.529137e-16 1.506844e-06 6.242681e-14 7.994525e-10 7.484288e-11 3.015230e-20 1.842589e-14 2.355409e-24 4.386925e-27 1.340742e-25 1.681670e-16 3.609119e-27 1.224525e-32 1.450221e-21 4.445421e-45 6.120350e-34 1.316392e-31 2.830539e-14 5.404467e-28 2.258715e-14 1.179590e-28 2.880437e-26 6.611253e-12 6.995039e-14 2.907375e-24 1.039148e-27 7.531976e-11 7.022150e-19 1.176279e-12 5.090974e-18 2.414044e-19 6.535490e-31 1.080205e-32 0.000000e+00 4.848404e-28 1.404312e-20 6.288454e-18 3.550998e-21 4.107050e-26 4.168474e-31 4.681734e-57 2.108280e-15 1.135976e-18 6.577402e-41 0.000000e+00 5.400700e-97 9.928774e-33
1.505751e-03 2.762534e-10 7.091050e-08 3.211764e-06 3.805398e-13 1.425506e-08 2.085353e-21 8.565088e-30 1.978134e-21 4.981285e-14 9.909893e-08 9.766397e-36 3.608771e-22 3.717248e-33 0.000000e+00 2.967302e-18 1.065752e-19 4.579065e-15 7.583669e-09 4.068343e-04 2.661244e-23 1.784866e-11 8.893074e-20 6.814448e-17 2.092731e-13 4.311134e-22 1.995445e-01 1.043162e-21 2.291308e-22 4.431231e-18 7.467793e-11 2.271520e-18 7.534055e-16 6.086462e-22 6.039639e-27 1.062830e-10 6.223748e-20 8.000435e-01 4.601593e-22 1.318865e-07 1.346073e-22 1.856012e-24 3.158819e-23 2.815313e-22 1.078652e-16 2.168163e-17 3.341436e-15 7.889049e-09 4.419074e-08 1.478461e-28 1.102573e-17 2.866532e-13 4.501219e-09 1.032415e-16 1.535839e-06 5.339842e-14 4.658586e-10 5.765399e-11 3.335637e-20 8.882419e-15 3.777776e-24 7.506265e-27 0.000000e+00 2.906213e-16 6.580389e-27 7.004164e-33 3.055979e-22 3.787988e-46 1.329174e-33 9.220739e-32 3.692935e-14 0.000000e+00 2.256112e-14 6.147125e-29 0.000000e+00 9.215281e-12 1.014949e-13 3.347857e-24 1.364903e-27 7.526082e-11 7.260916e-19 1.066962e-12 3.295472e-18 2.413780e-19 6.102025e-31 1.282337e-32 1.865616e-23 3.129648e-28 1.406679e-20 6.286575e-18 3.155542e-21 4.118867e-26 4.158624e-31 0.000000e+00 2.712058e-15 9.757087e-19 1.165033e-40 0.000000e+00 2.894093e-99 1.459084e-35
1.307374e-03 2.899898e-10 7.053772e-08 3.221091e-06 6.773453e-13 2.118276e-08 2.395006e-21 1.573156e-29 1.687156e-21 3.921472e-14 9.482228e-08 1.230207e-35 1.112146e-22 2.793703e-33 0.000000e+00 2.105901e-18 5.585879e-20 3.271507e-15 8.932895e-09 4.067966e-04 1.954414e-23 1.666953e-11 9.879876e-20 4.679236e-17 1.451021e-13 3.398934e-22 1.995402e-01 1.046382e-21 1.279627e-22 2.391128e-18 9.341278e-11 1.468105e-18 1.376093e-15 8.910681e-22 6.995947e-27 1.060821e-10 1.002375e-19 8.000478e-01 6.634122e-22 1.298055e-07 0.000000e+00 2.797904e-24 0.000000e+00 0.000000e+00 1.021786e-16 3.222107e-17 3.011696e-15 6.135566e-09 3.821158e-08 1.328091e-28 1.976548e-17 2.891822e-13 4.500901e-09 6.883511e-17 1.572055e-06 4.528088e-14 2.699642e-10 4.444344e-11 3.690560e-20 4.210338e-15 5.961031e-24 1.315708e-26 1.015532e-24 4.853163e-16 1.208448e-26 3.663905e-33 6.520655e-23 2.976704e-47 2.860936e-33 4.308431e-31 4.733757e-14 4.749631e-26 2.253436e-14 2.899496e-29 4.037422e-26 1.221615e-11 1.425101e-13 3.821153e-24 1.883433e-27 7.519045e-11 7.507723e-19 9.813608e-13 2.178331e-18 2.413512e-19 5.675840e-31 1.550208e-32 0.000000e+00 1.935546e-28 1.409137e-20 6.284620e-18 2.835389e-21 4.131038e-26 4.149714e-31 6.193450e-56 3.474864e-15 8.294658e-19 2.056191e-40 0.000000e+00 1.745024e-101 1.729238e-38
1.135133e-03 3.074038e-10 7.067345e-08 3.228680e-06 1.201427e-12 3.117019e-08 2.754366e-21 2.895100e-29 1.456398e-21 3.089952e-14 9.114197e-08 1.507863e-35 4.027874e-22 3.053216e-33 1.082855e-30 1.541381e-18 2.981105e-20 2.334984e-15 1.065699e-08 4.067567e-04 1.461153e-23 1.548812e-11 1.118660e-19 3.259490e-17 1.004612e-13 2.814815e-22 1.995357e-01 1.049801e-21 1.027278e-22 1.253460e-18 1.137224e-10 8.942200e-19 2.428471e-15 1.309115e-21 8.064359e-27 1.058596e-10 1.539928e-19 8.000523e-01 9.239884e-22 1.271577e-07 1.146099e-22 4.035773e-24 2.655082e-23 1.178614e-21 1.009347e-16 4.605203e-17 2.721289e-15 4.691053e-09 3.331630e-08 1.182048e-28 3.467861e-17 2.918428e-13 4.500579e-09 4.627059e-17 1.606835e-06 3.765636e-14 1.561015e-10 3.446075e-11 4.097995e-20 1.939411e-15 9.190008e-24 2.217196e-26 0.000000e+00 7.764921e-16 2.079956e-26 1.728267e-33 1.404212e-23 2.137931e-48 5.777847e-33 4.521479e-31 5.919451e-14 1.162375e-29 2.250676e-14 1.218015e-29 0.000000e+00 1.531562e-11 1.943916e-13 4.310844e-24 2.599243e-27 7.510978e-11 7.763166e-19 9.135869e-13 1.482585e-18 2.413238e-19 5.053888e-31 1.826022e-32 7.537304e-23 1.143732e-28 1.411783e-20 6.282576e-18 2.584684e-21 4.143574e-26 4.141621e-31 0.000000e+00 4.411769e-15 7.139603e-19 3.604761e-40 0.000000e+00 1.179018e-103 1.692171e-41
9.855837e-04 3.288657e-10 7.131526e-08 3.234678e-06 2.110500e-12 4.513798e-08 3.172152e-21 5.311622e-29 1.285961e-21 2.464894e-14 8.799475e-08 1.799393e-35 1.167360e-22 2.061104e-33 0.000000e+00 1.163106e-18 1.651226e-20 1.687269e-15 1.282877e-08 4.067149e-04 1.139010e-23 1.431602e-11 1.283989e-19 2.326078e-17 7.035726e-14 2.464388e-22 1.995311e-01 1.053431e-21 3.913770e-23 6.528712e-19 1.345243e-10 5.245629e-19 4.152089e-15 1.908340e-21 2.572129e-26 1.056213e-10 2.258967e-19 8.000569e-01 1.241949e-21 1.240553e-07 1.595403e-22 5.571907e-24 3.719687e-23 2.412212e-21 1.018976e-16 6.308530e-17 2.471491e-15 3.530568e-09 2.932159e-08 1.043034e-28 5.923723e-17 2.946444e-13 4.500254e-09 3.178146e-17 1.629619e-06 3.043912e-14 9.030727e-11 2.688282e-11 4.575815e-20 8.616039e-16 1.379817e-23 3.602456e-26 4.716297e-24 1.187679e-15 3.355103e-26 7.296620e-34 3.071127e-24 1.432716e-49 1.107751e-32 2.461254e-30 7.196851e-14 2.946210e-25 2.247839e-14 4.527240e-30 2.961920e-25 1.812593e-11 2.576165e-13 4.786506e-24 3.586624e-27 7.500809e-11 8.026118e-19 8.599026e-13 1.043946e-18 2.412960e-19 4.401608e-31 2.113919e-32 0.000000e+00 6.473517e-29 1.414324e-20 6.280452e-18 2.396892e-21 4.156346e-26 4.134291e-31 4.908116e-55 5.516064e-15 6.288033e-19 6.216146e-40 0.000000e+00 8.951177e-106 1.405794e-44
8.557371e-04 3.538014e-10 7.248435e-08 3.239318e-06 3.634373e-12 6.390835e-08 3.655524e-21 9.659782e-29 1.159419e-21 1.994805e-14 8.526234e-08 2.088125e-35 6.050930e-23 1.270659e-33 5.387181e-31 9.079062e-19 9.522933e-21 1.238939e-15 1.559932e-08 4.066701e-04 9.444623e-24 1.314582e-11 1.475498e-19 1.705705e-17 5.006864e-14 2.319650e-22 1.995263e-01 1.057457e-21 1.395942e-23 3.442912e-19 1.547526e-10 3.025394e-19 6.916437e-15 2.708005e-21 1.040618e-26 1.053658e-10 3.144968e-19 8.000618e-01 1.599564e-21 1.205023e-07 7.447234e-23 7.368256e-24 1.779180e-23 3.071375e-21 1.036985e-16 8.270321e-17 2.252790e-15 2.620152e-09 2.599768e-08 9.107931e-29 9.711514e-17 2.976712e-13 4.499922e-09 2.226753e-17 1.634916e-06 2.375138e-14 5.234033e-11 2.108911e-11 5.131137e-20 3.693184e-16 2.022708e-23 5.610021e-26 6.023133e-27 1.746771e-15 5.066486e-26 2.711686e-34 6.775497e-25 9.543174e-51 2.028588e-32 1.633810e-30 8.529910e-14 0.000000e+00 2.244865e-14 1.468460e-30 0.000000e+00 2.037083e-11 3.238148e-13 5.245330e-24 4.905180e-27 7.490107e-11 8.301987e-19 8.164959e-13 7.591808e-19 2.412671e-19 3.776259e-31 2.428077e-32 7.823243e-24 3.514894e-29 1.417557e-20 6.278210e-18 2.253491e-21 4.169678e-26 4.127507e-31 7.163601e-58 6.764742e-15 5.656023e-19 1.010942e-39 0.000000e+00 7.466758e-108 1.019779e-47
7.429971e-04 3.808493e-10 7.428487e-08 3.242842e-06 6.099309e-12 8.825352e-08 4.209833e-21 1.730929e-28 1.063614e-21 1.637618e-14 8.278527e-08 2.343921e-35 0.000000e+00 0.000000e+00 1.612042e-30 7.308494e-19 5.666757e-21 9.176831e-16 1.929621e-08 4.066196e-04 8.484140e-24 1.199094e-11 1.684157e-19 1.277716e-17 3.601831e-14 2.301955e-22 1.995210e-01 1.062189e-21 0.000000e+00 1.855510e-19 1.736924e-10 1.731042e-19 1.122262e-14 3.730352e-21 1.147195e-26 1.050821e-10 4.194146e-19 8.000671e-01 1.983014e-21 1.163522e-07 0.000000e+00 9.369896e-24 0.000000e+00 0.000000e+00 1.053132e-16 1.041214e-16 2.051306e-15 1.920707e-09 2.309651e-08 7.819058e-29 1.532851e-16 3.011278e-13 4.499565e-09 1.572670e-17 1.616313e-06 1.787187e-14 3.015422e-11 1.650924e-11 5.764812e-20 1.520922e-16 2.915375e-23 8.487254e-26 0.000000e+00 2.496644e-15 7.286187e-26 9.199818e-35 1.459338e-25 8.443669e-52 3.604630e-32 2.627858e-30 9.914368e-14 9.378519e-32 2.241584e-14 4.009376e-31 0.000000e+00 2.191821e-11 3.900488e-13 5.667887e-24 6.694363e-27 7.479589e-11 8.605889e-19 7.797027e-13 5.676840e-19 2.412355e-19 3.252175e-31 2.788904e-32 9.057140e-23 1.814384e-29 1.421036e-20 6.275718e-18 2.151728e-21 4.184232e-26 4.120893e-31 1.833478e-58 8.109380e-15 5.176672e-19 1.554299e-39 0.000000e+00 6.501087e-110 6.371912e-51
6.451103e-04 4.088009e-10 7.682708e-08 3.245232e-06 9.909624e-12 1.185442e-07 4.843659e-21 3.053200e-28 9.854042e-22 1.357850e-14 8.052465e-08 2.539280e-35 6.119514e-23 1.801607e-33 7.931501e-31 6.093434e-19 3.464339e-21 6.867074e-16 2.428689e-08 4.065618e-04 8.402469e-24 1.087372e-11 1.889627e-19 9.760142e-18 2.623245e-14 2.407065e-22 1.995151e-01 1.067850e-21 0.000000e+00 1.030488e-19 1.908879e-10 9.987909e-20 1.786189e-14 4.908766e-21 1.212486e-26 1.047658e-10 5.322383e-19 8.000731e-01 2.348638e-21 1.116002e-07 3.397058e-23 1.148839e-23 7.861067e-24 1.790918e-21 1.061168e-16 1.257913e-16 1.861864e-15 1.393767e-09 2.053458e-08 6.583038e-29 2.298224e-16 3.051484e-13 4.499179e-09 1.113991e-17 1.577394e-06 1.296703e-14 1.735119e-11 1.290093e-11 6.471864e-20 6.073692e-17 4.125321e-23 1.241839e-25 0.000000e+00 3.473340e-15 9.995131e-26 3.838103e-35 3.067857e-26 1.849576e-52 6.247216e-32 3.765419e-30 1.128109e-13 7.551861e-32 2.237913e-14 9.267549e-32 0.000000e+00 2.279657e-11 4.377113e-13 6.038400e-24 8.996253e-27 7.470684e-11 8.945020e-19 7.482200e-13 4.343513e-19 2.412006e-19 2.809737e-31 3.239796e-32 1.023167e-23 8.678050e-30 1.424821e-20 6.272931e-18 2.073211e-21 4.200394e-26 4.114344e-31 5.583442e-56 9.508400e-15 4.784534e-19 2.156489e-39 0.000000e+00 5.807317e-112 3.626884e-54
5.601196e-04 4.363236e-10 8.029585e-08 3.246439e-06 1.565056e-11 1.555129e-07 5.567067e-21 5.288330e-28 9.235350e-22 1.138676e-14 7.842246e-08 2.642375e-35 1.210440e-22 2.265963e-32 0.000000e+00 5.212347e-19 2.169737e-21 5.175599e-16 3.118537e-08 4.064939e-04 9.234466e-24 9.822444e-12 2.093054e-19 7.527842e-18 1.926377e-14 2.549997e-22 1.995083e-01 1.074737e-21 0.000000e+00 5.878147e-20 2.062769e-10 5.827051e-20 2.771382e-14 6.289940e-21 1.263482e-26 1.044064e-10 6.572711e-19 8.000800e-01 2.693185e-21 1.061679e-07 4.175818e-23 1.365261e-23 9.444650e-24 9.478156e-22 1.056982e-16 1.465904e-16 1.679365e-15 1.002835e-09 1.822016e-08 5.407029e-29 3.346133e-16 3.099540e-13 4.498751e-09 7.894397e-18 1.514914e-06 9.123576e-15 9.893761e-12 9.958276e-12 7.268771e-20 2.337934e-17 5.744612e-23 1.764881e-25 0.000000e+00 4.719127e-15 1.315752e-25 3.190029e-35 6.221972e-27 1.252332e-52 1.049784e-31 2.693024e-30 1.256895e-13 6.104562e-32 2.233700e-14 1.932249e-32 0.000000e+00 2.305303e-11 4.753162e-13 6.276289e-24 1.195601e-26 7.462468e-11 9.332723e-19 7.207314e-13 3.391500e-19 2.411609e-19 2.427851e-31 3.711423e-32 4.359758e-24 3.727664e-30 1.426616e-20 6.269727e-18 2.025436e-21 4.218829e-26 4.107679e-31 0.000000e+00 1.089546e-14 4.472191e-19 2.863748e-39 0.000000e+00 5.186736e-114 3.741333e-56
4.863261e-04 4.636172e-10 8.482690e-08 3.246319e-06 2.387444e-11 1.987188e-07 6.391147e-21 9.093404e-28 8.633776e-22 9.536625e-15 7.648596e-08 2.640093e-35 0.000000e+00 1.588105e-32 0.000000e+00 4.632180e-19 1.377871e-21 3.945733e-16 4.065903e-08 4.064143e-04 1.074503e-23 8.845385e-12 2.250252e-19 5.915205e-18 1.427777e-14 2.851940e-22 1.995005e-01 1.083295e-21 1.306105e-21 3.464292e-20 2.200159e-10 3.479186e-20 4.278359e-14 7.519161e-21 1.212493e-26 1.040016e-10 7.623141e-19 8.000878e-01 2.916195e-21 1.001289e-07 6.092961e-23 1.570502e-23 1.387211e-23 1.368192e-21 1.038825e-16 1.653912e-16 1.503495e-15 7.159743e-10 1.614077e-08 4.331848e-29 4.529951e-16 3.156650e-13 4.498284e-09 5.562155e-18 1.450030e-06 6.227396e-15 5.684449e-12 7.709786e-12 8.135033e-20 8.884351e-18 7.823273e-23 2.410115e-25 2.043790e-24 6.226705e-15 1.661735e-25 3.921459e-35 1.253451e-27 1.443073e-52 1.731426e-31 9.265364e-30 1.366381e-13 4.126032e-32 2.228884e-14 5.061351e-33 4.412175e-25 2.300284e-11 4.538816e-13 6.464318e-24 1.525348e-26 7.459927e-11 9.773690e-19 6.969547e-13 2.680652e-19 2.411159e-19 2.089436e-31 4.407177e-32 0.000000e+00 1.536899e-30 1.433568e-20 6.266102e-18 1.968422e-21 4.239714e-26 4.100906e-31 3.268328e-56 1.230900e-14 4.167942e-19 3.170764e-39 0.000000e+00 4.620190e-116 7.739958e-53
4.222546e-04 4.898031e-10 9.055760e-08 3.244748e-06 3.561446e-11 2.494827e-07 7.333821e-21 1.546406e-27 8.145551e-22 8.040359e-15 7.471296e-08 2.532921e-35 4.278204e-22 0.000000e+00 1.217319e-30 4.202392e-19 8.958518e-22 3.052385e-16 5.358203e-08 4.063210e-04 1.312715e-23 7.960757e-12 2.389818e-19 4.673282e-18 1.067262e-14 3.194355e-22 1.994917e-01 1.094185e-21 1.308111e-24 2.086830e-20 2.323189e-10 2.122755e-20 6.468901e-14 8.776959e-21 1.145272e-26 1.035479e-10 8.656823e-19 8.000968e-01 3.072439e-21 9.357965e-08 7.663029e-26 1.762137e-23 0.000000e+00 1.700165e-22 1.007777e-16 1.820175e-16 1.336507e-15 5.080809e-10 1.428309e-08 3.385587e-29 5.978578e-16 3.223891e-13 4.497776e-09 3.940244e-18 1.373100e-06 4.158788e-15 3.257465e-12 5.894615e-12 9.107532e-20 3.286572e-18 1.045749e-22 3.187359e-25 0.000000e+00 7.999634e-15 2.020814e-25 5.205525e-35 2.741682e-28 1.834827e-52 2.757100e-31 7.892998e-30 1.450290e-13 2.939576e-32 2.223400e-14 2.549313e-33 0.000000e+00 2.262417e-11 4.155841e-13 6.480113e-24 1.901006e-26 7.458846e-11 1.027251e-18 6.765512e-13 2.148620e-19 2.410652e-19 1.780689e-31 5.143440e-32 5.437525e-23 7.155553e-31 1.440455e-20 6.261985e-18 1.928328e-21 4.263414e-26 4.094035e-31 1.493611e-57 1.367813e-14 3.917476e-19 3.358318e-39 0.000000e+00 4.118577e-118 1.610307e-49
3.666242e-04 5.155280e-10 9.763294e-08 3.241609e-06 5.184096e-11 3.075732e-07 8.410162e-21 2.627273e-27 7.691290e-22 6.763745e-15 7.309392e-08 2.334531e-35 8.229339e-22 5.047965e-32 1.139105e-30 3.919370e-19 5.917007e-22 2.402181e-16 7.106209e-08 4.062118e-04 1.600873e-23 7.165059e-12 2.481699e-19 3.738284e-18 8.035577e-15 3.640814e-22 1.994816e-01 1.107511e-21 0.000000e+00 1.286978e-20 2.435067e-10 1.325836e-20 9.712204e-14 9.726996e-21 1.018094e-26 1.030407e-10 9.397224e-19 8.001070e-01 3.107299e-21 8.662195e-08 0.000000e+00 1.927214e-23 0.000000e+00 0.000000e+00 9.645052e-17 1.965924e-16 1.179347e-15 3.583643e-10 1.262940e-08 2.583405e-29 7.476561e-16 3.302064e-13 4.497230e-09 2.796825e-18 1.298733e-06 2.720645e-15 1.878624e-12 4.500703e-12 1.019025e-19 1.201350e-18 1.370223e-22 4.064821e-25 0.000000e+00 9.991678e-15 2.373331e-25 6.605920e-35 9.027272e-29 2.268254e-52 4.281089e-31 5.218457e-30 1.505341e-13 2.012850e-32 2.217174e-14 1.949012e-33 0.000000e+00 2.214818e-11 3.451876e-13 6.423157e-24 2.274489e-26 7.460731e-11 1.083432e-18 6.591545e-13 1.736191e-19 2.410081e-19 1.501411e-31 6.129319e-32 4.564656e-23 3.531965e-31 1.445169e-20 6.257345e-18 1.883278e-21 4.289879e-26 4.087067e-31 0.000000e+00 1.505882e-14 3.681561e-19 3.102241e-39 0.000000e+00 3.668098e-120 3.115885e-46
3.183230e-04 5.408681e-10 1.061941e-07 3.236797e-06 7.415060e-11 3.741869e-07 9.639763e-21 4.460404e-27 7.309568e-22 5.692648e-15 7.161519e-08 2.069189e-35 0.000000e+00 0.000000e+00 1.065358e-30 3.726717e-19 3.984103e-22 1.926721e-16 9.445723e-08 4.060843e-04 1.936110e-23 6.456910e-12 2.540617e-19 3.014273e-18 6.088070e-15 3.991122e-22 1.994701e-01 1.123631e-21 1.883749e-22 8.079156e-21 2.538562e-10 8.456576e-21 1.439490e-13 1.042165e-20 8.747030e-27 1.024746e-10 9.903008e-19 8.001186e-01 3.055189e-21 7.938555e-08 8.467113e-24 2.061735e-23 1.868425e-24 1.032208e-22 9.112645e-17 2.095559e-16 1.033790e-15 2.513685e-10 1.116396e-08 1.927089e-29 9.020662e-16 3.391465e-13 4.496647e-09 2.000363e-18 1.225281e-06 1.751036e-15 1.087466e-12 3.415100e-12 1.140134e-19 4.310165e-19 1.766288e-22 5.028029e-25 0.000000e+00 1.217038e-14 2.703972e-25 8.069393e-35 6.336890e-29 2.715545e-52 6.450471e-31 7.344778e-30 1.533373e-13 1.442652e-32 2.210136e-14 1.647161e-33 0.000000e+00 2.160636e-11 2.672217e-13 6.281606e-24 2.634875e-26 7.461752e-11 1.146361e-18 6.444097e-13 1.413871e-19 2.409441e-19 1.251551e-31 7.341314e-32 4.243447e-23 2.530537e-31 1.451525e-20 6.252122e-18 1.841075e-21 4.319652e-26 4.080009e-31 0.000000e+00 1.644048e-14 3.477709e-19 2.632449e-39 0.000000e+00 3.268989e-122 5.029816e-43
2.763852e-04 5.662258e-10 1.163937e-07 3.230206e-06 1.045287e-10 4.502293e-07 1.104212e-20 7.586793e-27 7.000023e-22 4.790016e-15 7.025804e-08 1.765279e-35 5.337025e-23 4.048111e-33 0.000000e+00 3.604198e-19 2.732238e-22 1.576318e-16 1.254335e-07 4.059354e-04 2.296362e-23 5.831022e-12 2.568078e-19 2.450552e-18 4.637297e-15 4.120760e-22 1.994571e-01 1.143569e-21 0.000000e+00 5.151532e-21 2.636285e-10 5.497103e-21 2.107310e-13 1.080233e-20 7.284494e-27 1.018432e-10 1.013454e-18 8.001318e-01 2.930915e-21 7.200575e-08 0.000000e+00 2.158921e-23 0.000000e+00 0.000000e+00 8.501677e-17 2.213557e-16 9.008566e-16 1.753815e-10 9.869169e-09 1.407126e-29 1.050547e-15 3.491889e-13 4.496025e-09 1.444188e-18 1.155324e-06 1.111225e-15 6.321384e-13 2.577679e-12 1.280192e-19 1.548760e-19 2.245969e-22 6.052392e-25 0.000000e+00 1.449625e-14 3.001499e-25 9.489403e-35 6.861712e-29 3.150912e-52 9.445841e-31 5.912033e-30 1.539185e-13 1.066930e-32 2.202203e-14 1.422070e-33 0.000000e+00 2.106101e-11 1.932885e-13 6.095281e-24 2.958841e-26 7.461793e-11 1.216541e-18 6.319577e-13 1.158291e-19 2.408724e-19 1.033061e-31 8.889911e-32 0.000000e+00 1.769707e-31 1.459900e-20 6.246259e-18 1.800726e-21 4.353087e-26 4.072856e-31 0.000000e+00 1.784322e-14 3.304439e-19 2.049025e-39 0.000000e+00 2.916029e-124 6.329419e-40
2.399726e-04 5.920911e-10 1.283862e-07 3.221732e-06 1.455107e-10 5.365868e-07 1.263732e-20 1.295778e-26 6.760332e-22 4.027046e-15 6.900248e-08 1.450812e-35 5.872950e-23 5.163898e-33 1.154407e-30 3.541120e-19 1.905121e-22 1.315677e-16 1.659663e-07 4.057619e-04 2.649123e-23 5.282859e-12 2.564972e-19 2.011609e-18 3.549526e-15 3.841782e-22 1.994424e-01 1.168271e-21 3.784971e-22 3.333840e-21 2.730677e-10 3.636299e-21 3.050609e-13 1.080831e-20 5.902242e-27 1.011391e-10 1.005494e-18 8.001465e-01 2.750860e-21 6.462946e-08 0.000000e+00 2.216091e-23 0.000000e+00 0.000000e+00 7.834743e-17 2.323655e-16 7.811275e-16 1.217637e-10 8.728527e-09 1.007290e-29 1.178700e-15 3.602470e-13 4.495365e-09 1.052919e-18 1.091055e-06 6.966006e-16 3.696116e-13 1.938959e-12 1.440015e-19 5.336184e-20 2.823293e-22 7.109522e-25 3.224820e-24 1.692791e-14 3.259037e-25 1.072587e-34 8.170669e-29 3.546052e-52 1.347608e-30 1.584808e-29 1.528761e-13 7.847669e-33 2.193293e-14 1.241668e-33 6.683545e-25 2.056005e-11 1.307732e-13 5.906739e-24 3.221137e-26 7.459984e-11 1.294445e-18 6.214687e-13 9.529210e-20 2.407923e-19 8.466879e-32 1.099039e-31 4.204345e-23 1.543807e-31 1.471375e-20 6.239694e-18 1.761241e-21 4.390514e-26 4.065605e-31 1.467443e-57 1.929641e-14 3.159125e-19 1.448403e-39 0.000000e+00 2.604016e-126 5.784158e-37
2.083571e-04 6.183486e-10 1.423553e-07 3.211251e-06 2.016001e-10 6.366425e-07 1.444751e-20 2.203514e-26 6.639437e-22 3.402319e-15 6.782588e-08 1.149865e-35 6.548370e-23 6.678299e-33 2.357052e-30 3.492689e-19 1.358867e-22 1.119269e-16 2.184608e-07 4.055597e-04 3.043048e-23 4.798332e-12 2.561912e-19 1.652623e-18 2.728493e-15 3.199321e-22 1.994259e-01 1.198218e-21 1.095804e-22 2.174037e-21 2.823066e-10 2.436490e-21 4.320766e-13 1.075938e-20 4.969285e-27 1.003531e-10 9.907559e-19 8.001632e-01 2.574003e-21 5.739665e-08 0.000000e+00 2.234347e-23 0.000000e+00 0.000000e+00 7.140220e-17 2.428758e-16 6.747768e-16 8.417074e-11 7.724872e-09 7.072541e-30 1.311157e-15 3.722024e-13 4.494664e-09 7.808718e-19 1.026482e-06 4.326534e-16 2.155209e-13 1.439909e-12 1.628375e-19 1.894105e-20 3.525103e-22 8.223478e-25 0.000000e+00 1.947691e-14 3.476103e-25 1.211702e-34 9.791060e-29 3.973592e-52 1.860670e-30 4.695226e-30 1.507399e-13 5.993736e-33 2.183305e-14 1.100244e-33 0.000000e+00 2.002782e-11 8.655636e-14 5.669402e-24 3.462149e-26 7.455489e-11 1.380667e-18 6.126255e-13 7.889289e-20 2.407028e-19 6.884579e-32 1.341934e-31 8.233624e-23 1.542756e-31 1.482338e-20 6.232341e-18 1.733741e-21 4.432346e-26 4.058238e-31 1.774229e-58 2.075066e-14 3.062507e-19 1.019685e-39 0.000000e+00 2.332673e-128 3.544289e-34
1.809069e-04 6.460855e-10 1.584943e-07 3.198623e-06 2.767635e-10 7.500297e-07 1.648992e-20 3.753327e-26 6.586985e-22 2.872269e-15 6.670730e-08 8.783876e-36 7.471433e-23 8.809310e-33 0.000000e+00 3.489332e-19 9.819181e-23 9.694778e-17 2.857107e-07 4.053243e-04 3.376239e-23 4.380127e-12 2.534243e-19 1.373423e-18 2.105823e-15 2.411641e-22 1.994073e-01 1.233614e-21 2.113305e-24 1.437500e-21 2.916302e-10 1.655205e-21 6.061562e-13 1.032227e-20 3.396304e-26 9.947515e-11 9.444355e-19 8.001819e-01 2.367727e-21 5.043195e-08 0.000000e+00 2.210814e-23 0.000000e+00 0.000000e+00 6.432303e-17 2.530325e-16 5.810028e-16 5.796352e-11 6.842457e-09 4.876806e-30 1.402077e-15 3.848392e-13 4.493917e-09 5.846992e-19 9.698915e-07 2.662538e-16 1.265598e-13 1.068199e-12 1.850400e-19 6.965558e-21 4.362799e-22 9.325261e-25 0.000000e+00 2.205937e-14 3.648196e-25 1.310703e-34 1.158322e-28 4.311233e-52 2.512430e-30 0.000000e+00 1.479760e-13 4.305590e-33 2.172134e-14 9.855167e-34 0.000000e+00 1.959591e-11 5.431169e-14 5.484513e-24 3.612943e-26 7.448800e-11 1.475809e-18 6.051595e-13 6.543087e-20 2.406029e-19 5.584710e-32 1.695198e-31 0.000000e+00 1.698111e-31 1.493372e-20 6.224128e-18 1.706212e-21 4.479085e-26 4.050733e-31 0.000000e+00 2.230625e-14 2.988424e-19 6.455721e-40 0.000000e+00 2.092126e-130 1.454341e-31
1.570732e-04 6.749413e-10 1.770219e-07 3.183688e-06 3.799936e-10 8.825978e-07 1.878619e-20 6.293141e-26 6.662523e-22 2.438845e-15 6.562629e-08 6.479825e-36 8.473782e-23 1.155257e-32 2.241883e-29 3.477502e-19 7.366237e-23 8.535694e-17 3.710083e-07 4.050502e-04 3.745720e-23 4.007416e-12 2.518717e-19 1.138508e-18 1.631164e-15 1.711924e-22 1.993864e-01 1.276474e-21 5.846442e-24 9.536544e-22 3.010867e-10 1.135121e-21 8.313809e-13 9.946754e-21 0.000000e+00 9.849418e-11 8.986516e-19 8.002029e-01 2.185346e-21 4.385221e-08 2.042933e-23 2.147865e-23 3.846126e-24 5.480405e-22 5.737542e-17 2.629052e-16 4.992184e-16 3.979026e-11 6.067161e-09 3.302448e-30 1.496413e-15 3.979282e-13 4.493121e-09 4.455550e-19 9.130359e-07 1.628624e-16 7.407460e-14 7.814488e-13 2.116522e-19 1.749219e-21 5.377366e-22 1.047527e-24 1.104950e-25 2.471775e-14 3.780697e-25 1.422620e-34 1.351281e-28 4.658204e-52 3.289394e-30 4.553685e-30 1.448258e-13 3.175038e-33 2.159661e-14 8.959082e-34 1.439160e-26 1.915050e-11 3.373766e-14 5.267409e-24 3.750411e-26 7.439806e-11 1.580522e-18 5.988319e-13 5.455859e-20 2.404914e-19 4.498731e-32 2.105147e-31 0.000000e+00 2.112418e-31 1.509266e-20 6.214952e-18 1.691469e-21 4.531249e-26 4.043065e-31 4.810180e-60 2.387930e-14 2.960505e-19 4.179307e-40 0.000000e+00 1.883712e-132 3.655801e-29
1.363794e-04 7.062534e-10 1.981732e-07 3.166265e-06 5.185065e-10 1.033302e-06 2.136946e-20 1.032978e-25 6.819467e-22 2.072162e-15 6.456392e-08 4.609548e-36 9.799038e-23 1.540696e-32 1.276938e-29 3.502046e-19 5.403757e-23 7.626455e-17 4.781337e-07 4.047316e-04 4.006439e-23 3.690441e-12 2.487151e-19 9.551416e-19 1.268083e-15 1.163103e-22 1.993629e-01 1.323917e-21 2.198190e-22 6.411678e-22 3.109918e-10 7.874297e-22 1.131460e-12 9.257163e-21 3.188099e-25 9.739791e-11 8.264922e-19 8.002265e-01 1.987350e-21 3.774045e-08 0.000000e+00 2.046472e-23 0.000000e+00 0.000000e+00 5.064332e-17 2.724638e-16 4.281757e-16 2.726252e-11 5.385969e-09 2.198457e-30 1.534403e-15 4.111312e-13 4.492269e-09 3.437291e-19 8.642157e-07 9.901252e-17 4.374335e-14 5.718426e-13 2.444113e-19 2.556002e-22 6.574590e-22 1.157198e-24 1.318551e-24 2.732728e-14 3.868645e-25 1.446071e-34 1.547384e-28 4.760919e-52 4.223983e-30 8.559816e-30 1.415803e-13 2.173798e-33 2.145758e-14 8.222778e-34 2.596057e-25 1.883414e-11 2.015817e-14 5.120792e-24 3.787300e-26 7.428831e-11 1.695492e-18 5.934436e-13 4.551293e-20 2.403668e-19 3.627388e-32 2.721891e-31 3.908174e-22 3.395111e-31 1.534666e-20 6.204723e-18 1.677301e-21 4.589615e-26 4.035201e-31 1.766643e-60 2.559877e-14 2.953226e-19 2.437499e-40 0.000000e+00 1.698511e-134 5.744672e-27
1.184120e-04 7.396987e-10 2.221973e-07 3.146158e-06 7.084646e-10 1.209433e-06 2.444365e-20 1.615283e-25 7.140550e-22 1.769169e-15 6.350293e-08 3.172246e-36 1.137706e-22 2.062682e-32 6.147957e-30 3.544282e-19 4.095683e-23 6.901979e-17 6.113828e-07 4.043617e-04 4.255848e-23 3.408189e-12 2.467015e-19 7.997251e-19 9.892588e-16 7.793957e-23 1.993367e-01 1.381156e-21 0.000000e+00 4.324399e-22 3.213613e-10 5.506798e-22 1.513371e-12 8.629504e-21 3.263278e-24 9.617356e-11 7.540509e-19 8.002529e-01 1.809664e-21 3.217003e-08 7.392997e-23 1.916082e-23 1.276006e-23 2.064337e-21 4.431630e-17 2.816262e-16 3.670392e-16 1.865673e-11 4.787955e-09 1.438467e-30 1.559704e-15 4.241523e-13 4.491354e-09 2.676032e-19 8.167391e-07 5.999405e-17 2.584937e-14 4.141218e-13 2.962561e-19 1.541254e-21 8.004415e-22 1.268222e-24 0.000000e+00 2.993617e-14 3.920358e-25 1.414542e-34 1.743548e-28 4.654545e-52 5.289981e-30 1.643619e-30 1.382939e-13 1.498770e-33 2.130298e-14 7.673759e-34 0.000000e+00 1.854401e-11 1.194608e-14 4.969081e-24 3.800015e-26 7.415897e-11 1.821319e-18 5.888240e-13 3.810595e-20 2.402278e-19 2.910785e-32 3.498760e-31 1.807278e-22 7.863665e-31 1.549187e-20 6.193325e-18 1.673554e-21 4.654265e-26 4.027112e-31 7.622493e-61 2.738611e-14 2.996741e-19 1.432924e-40 0.000000e+00 1.537323e-136 5.168360e-25
1.028117e-04 7.760529e-10 2.494003e-07 3.123119e-06 9.679512e-10 1.413864e-06 2.934082e-20 2.412022e-25 7.850367e-22 1.515701e-15 6.242551e-08 2.114806e-36 1.402871e-22 2.930158e-32 0.000000e+00 3.776689e-19 3.141550e-23 6.314476e-17 7.758476e-07 4.039326e-04 4.440690e-23 3.160237e-12 2.450398e-19 6.706753e-19 7.743028e-16 5.209808e-23 1.993073e-01 1.446867e-21 0.000000e+00 2.934334e-22 3.324131e-10 3.878911e-22 2.000792e-12 7.989266e-21 2.503166e-23 9.480518e-11 6.758575e-19 8.002824e-01 1.643394e-21 2.717402e-08 2.924579e-23 1.756187e-23 4.785215e-24 8.063473e-22 3.846399e-17 2.902819e-16 3.147078e-16 1.276821e-11 4.262408e-09 9.245637e-31 1.553568e-15 4.366747e-13 4.490366e-09 2.103056e-19 7.728139e-07 3.626560e-17 1.533447e-14 2.982368e-13 4.588401e-19 0.000000e+00 9.692401e-22 1.376838e-24 8.657282e-25 3.248309e-14 3.938024e-25 1.308509e-34 1.932107e-28 4.299416e-52 6.494825e-30 5.914120e-30 1.350773e-13 1.010539e-33 2.113120e-14 7.484395e-34 1.741957e-25 1.831894e-11 7.050457e-15 4.842966e-24 3.765096e-26 7.401038e-11 1.958863e-18 5.848243e-13 3.197076e-20 2.400727e-19 2.331665e-32 4.550749e-31 0.000000e+00 2.467362e-30 1.572442e-20 6.180630e-18 1.677171e-21 4.726191e-26 4.018748e-31 2.386868e-61 2.929084e-14 3.172712e-19 8.201452e-41 0.000000e+00 1.395587e-138 2.690077e-23
8.926665e-05 8.156980e-10 2.801105e-07 3.096874e-06 1.324817e-09 1.652659e-06 4.316362e-20 3.857130e-25 1.023310e-21 1.303316e-15 6.131516e-08 1.387929e-36 2.156800e-22 5.187704e-32 0.000000e+00 4.939351e-19 2.438187e-23 5.829103e-17 9.772959e-07 4.034354e-04 4.571860e-23 2.938590e-12 2.441476e-19 5.610670e-19 6.081887e-16 3.538759e-23 1.992744e-01 1.524658e-21 5.572073e-25 1.998036e-22 3.442960e-10 2.747708e-22 2.614768e-12 7.453731e-21 1.550428e-22 9.327568e-11 5.973455e-19 8.003154e-01 1.492829e-21 2.276738e-08 5.058190e-23 1.580247e-23 8.076486e-24 1.393872e-21 3.315703e-17 2.983081e-16 2.702766e-16 8.748363e-12 3.800309e-09 5.831418e-31 1.523317e-15 4.484208e-13 4.489298e-09 1.689392e-19 7.312713e-07 2.190631e-17 9.126548e-15 2.133990e-13 1.349223e-18 0.000000e+00 1.168232e-21 1.484316e-24 0.000000e+00 3.496035e-14 3.928146e-25 1.295378e-34 2.109003e-28 4.233768e-52 7.828218e-30 0.000000e+00 1.319584e-13 6.764999e-34 2.094059e-14 8.627056e-34 0.000000e+00 1.814473e-11 4.196277e-15 4.730700e-24 3.701038e-26 7.384206e-11 2.108991e-18 5.813216e-13 2.689234e-20 2.398995e-19 1.862650e-32 5.935432e-31 0.000000e+00 9.019040e-30 1.607100e-20 6.166494e-18 1.689691e-21 4.806720e-26 4.010062e-31 6.430506e-63 3.130635e-14 3.955168e-19 4.703950e-41 0.000000e+00 1.271198e-140 7.976137e-22
7.750613e-05 8.588588e-10 3.147273e-07 3.067083e-06 1.820937e-09 1.934414e-06 9.590978e-20 8.163268e-25 1.988338e-21 1.124873e-15 6.015450e-08 1.041445e-36 4.953708e-22 1.372735e-31 0.000000e+00 9.709071e-19 1.916740e-23 5.419533e-17 1.222567e-06 4.028594e-04 4.686859e-23 2.733989e-12 2.446263e-19 4.650430e-19 4.796831e-16 2.430644e-23 1.992375e-01 1.617836e-21 0.000000e+00 1.359180e-22 3.571420e-10 1.953720e-22 3.374030e-12 7.226671e-21 7.762518e-22 9.156421e-11 5.247793e-19 8.003523e-01 1.366635e-21 1.894121e-08 9.134644e-24 1.389810e-23 1.380475e-24 2.438119e-22 2.843580e-17 3.056119e-16 2.329661e-16 6.005121e-12 3.393345e-09 3.600639e-31 1.484257e-15 4.591923e-13 4.488135e-09 1.354256e-19 6.903022e-07 1.324305e-17 5.432309e-15 1.513354e-13 6.279305e-18 0.000000e+00 1.403773e-21 1.594993e-24 4.572296e-25 3.739422e-14 3.900558e-25 1.725927e-34 2.274736e-28 5.560390e-52 9.273476e-30 3.578947e-30 1.289139e-13 4.626305e-34 2.072919e-14 1.469706e-33 9.207052e-26 1.799038e-11 2.559641e-15 4.609828e-24 3.638541e-26 7.365271e-11 2.272742e-18 5.782098e-13 2.270607e-20 2.397059e-19 1.480102e-32 7.640686e-31 0.000000e+00 3.512238e-29 1.632908e-20 6.150744e-18 1.713861e-21 4.895841e-26 4.000990e-31 6.314536e-64 3.339657e-14 7.295132e-19 2.862390e-41 0.000000e+00 1.162473e-142 1.363049e-20
6.729501e-05 9.066489e-10 3.537151e-07 3.033343e-06 2.513521e-09 2.265716e-06 2.896852e-19 2.120964e-24 5.691929e-21 9.761048e-16 5.892546e-08 1.909129e-36 1.489909e-21 4.758890e-31 0.000000e+00 2.576556e-18 1.527304e-23 5.065981e-17 1.519690e-06 4.021922e-04 4.771718e-23 2.549931e-12 2.467061e-19 3.824972e-19 3.806165e-16 1.753958e-23 1.991963e-01 1.722110e-21 3.383451e-24 9.266478e-23 3.714028e-10 1.395561e-22 4.311377e-12 7.564997e-21 3.224854e-21 8.964627e-11 4.574371e-19 8.003936e-01 1.270960e-21 1.566804e-08 2.515875e-23 1.202120e-23 3.733563e-24 6.766578e-22 2.431372e-17 3.121240e-16 2.021540e-16 4.137658e-12 3.034158e-09 2.169773e-31 1.432180e-15 4.688293e-13 4.486865e-09 1.126882e-19 6.501196e-07 8.025646e-18 3.240121e-15 1.066858e-13 2.994291e-17 0.000000e+00 1.681151e-21 1.709547e-24 4.417601e-25 3.975552e-14 3.864857e-25 2.854757e-34 2.428952e-28 8.998788e-52 1.084362e-29 3.003590e-30 1.259670e-13 3.213244e-34 2.049473e-14 3.630992e-33 8.475622e-26 1.788570e-11 1.616869e-15 4.490894e-24 3.576387e-26 7.344040e-11 2.451303e-18 5.754001e-13 1.925660e-20 2.394892e-19 1.174714e-32 9.752572e-31 0.000000e+00 1.403400e-28 1.657682e-20 6.133181e-18 1.749604e-21 4.995699e-26 3.991456e-31 2.440016e-65 3.555470e-14 1.966889e-18 1.910167e-41 0.000000e+00 1.066848e-144 1.417457e-19
5.842916e-05 9.600341e-10 3.976249e-07 2.995163e-06 3.494149e-09 2.657504e-06 9.096034e-19 5.538343e-24 1.827119e-20 8.568946e-16 5.760869e-08 9.713754e-36 4.537119e-21 1.671930e-30 1.112566e-29 7.040730e-18 1.247332e-23 4.753212e-17 1.878231e-06 4.014189e-04 4.882417e-23 2.391567e-12 2.525772e-19 3.115599e-19 3.050124e-16 1.334886e-23 1.991499e-01 1.845017e-21 4.774849e-24 6.343182e-23 3.876480e-10 1.004803e-22 5.450268e-12 9.070421e-21 1.135133e-20 8.749306e-11 4.001729e-19 8.004400e-01 1.234981e-21 1.290976e-08 0.000000e+00 1.016800e-23 0.000000e+00 0.000000e+00 2.079995e-17 3.178307e-16 1.774699e-16 2.866691e-12 2.716289e-09 1.270009e-31 1.384352e-15 4.772738e-13 4.485471e-09 9.499728e-20 6.084530e-07 4.887074e-18 1.933201e-15 7.462439e-14 1.270349e-16 2.494561e-24 2.009812e-21 1.836531e-24 3.792059e-25 4.208135e-14 3.838132e-25 4.899073e-34 2.577744e-28 1.492280e-51 1.255521e-29 2.584532e-30 1.230706e-13 2.351305e-34 2.023462e-14 9.948335e-33 7.302853e-26 1.783380e-11 1.071673e-15 4.351021e-24 3.551473e-26 7.320252e-11 2.646159e-18 5.728174e-13 1.645634e-20 2.392464e-19 9.349128e-33 1.227641e-30 2.494437e-22 5.596281e-28 1.687145e-20 6.113563e-18 1.800842e-21 5.107323e-26 3.981369e-31 1.178566e-64 3.768060e-14 5.898325e-18 1.534080e-41 0.000000e+00 9.831769e-147 9.508640e-19
5.073136e-05 1.022217e-09 4.471090e-07 2.951945e-06 4.895637e-09 3.114190e-06 2.620315e-18 1.328208e-23 5.578092e-20 7.736615e-16 5.618284e-08 5.250583e-35 1.234104e-20 5.329367e-30 2.073789e-29 1.754267e-17 1.066287e-23 4.469325e-17 2.309742e-06 4.005217e-04 5.025309e-23 2.289610e-12 2.662823e-19 2.551693e-19 2.485303e-16 1.124513e-23 1.990978e-01 1.987133e-21 1.066531e-24 4.444186e-23 4.074189e-10 7.366258e-23 6.843887e-12 1.254548e-20 3.449843e-20 8.507096e-11 3.525342e-19 8.004922e-01 1.311786e-21 1.061911e-08 0.000000e+00 8.499591e-24 0.000000e+00 0.000000e+00 1.790036e-17 3.227407e-16 1.587517e-16 2.007623e-12 2.433994e-09 7.176220e-32 1.338389e-15 4.844920e-13 4.483933e-09 8.380599e-20 5.646834e-07 3.002444e-18 1.160650e-15 5.205306e-14 4.708855e-16 1.004547e-24 2.396373e-21 1.981935e-24 0.000000e+00 4.430891e-14 3.843025e-25 7.927182e-34 2.723750e-28 2.308721e-51 1.451873e-29 0.000000e+00 1.202758e-13 1.814307e-34 1.994579e-14 2.570063e-32 0.000000e+00 1.793950e-11 7.507052e-16 4.206604e-24 3.570216e-26 7.293578e-11 2.859066e-18 5.703981e-13 1.423350e-20 2.389736e-19 7.620018e-33 1.565537e-30 4.341166e-22 2.148575e-27 1.711763e-20 6.091606e-18 1.869773e-21 5.230443e-26 3.970622e-31 0.000000e+00 3.966517e-14 1.668227e-17 1.494793e-41 0.000000e+00 9.094732e-149 4.511483e-18
4.404770e-05 1.098072e-09 5.029110e-07 2.902982e-06 6.930030e-09 3.636605e-06 6.737162e-18 2.942248e-23 1.551216e-19 7.398017e-16 5.462536e-08 2.385630e-34 2.987154e-20 1.493582e-29 3.971763e-30 3.880537e-17 9.954584e-24 4.204963e-17 2.828125e-06 3.994791e-04 5.248736e-23 2.295027e-12 2.970016e-19 2.153596e-19 2.079404e-16 1.079720e-23 1.990390e-01 2.152686e-21 3.558172e-23 3.285090e-23 4.331771e-10 5.593673e-23 8.570601e-12 1.902432e-20 9.210140e-20 8.234363e-11 3.163855e-19 8.005510e-01 1.609078e-21 8.747376e-09 0.000000e+00 7.104501e-24 0.000000e+00 0.000000e+00 1.562234e-17 3.268898e-16 1.460648e-16 1.432373e-12 2.182359e-09 3.883185e-32 1.301328e-15 4.904991e-13 4.482231e-09 8.043462e-20 5.171101e-07 1.873283e-18 7.069691e-16 3.637202e-14 1.533595e-15 1.824427e-24 2.848082e-21 2.158784e-24 0.000000e+00 4.636836e-14 3.913042e-25 1.220828e-33 2.870921e-28 3.360031e-51 1.695923e-29 0.000000e+00 1.176402e-13 1.507648e-34 1.962478e-14 5.979076e-32 0.000000e+00 1.834628e-11 5.583625e-16 4.064006e-24 3.660638e-26 7.263623e-11 3.092062e-18 5.680893e-13 1.255249e-20 2.386664e-19 6.575015e-33 2.084039e-30 5.909961e-23 7.648286e-27 1.741215e-20 6.066971e-18 1.961691e-21 5.364125e-26 3.959088e-31 1.770491e-67 4.129715e-14 4.261538e-17 1.712641e-41 0.000000e+00 8.444799e-151 1.639691e-17
3.824460e-05 1.194695e-09 5.658799e-07 2.847423e-06 9.933139e-09 4.217206e-06 1.551001e-17 6.157254e-23 3.919639e-19 7.761319e-16 5.291234e-08 9.166841e-34 6.662286e-20 3.870858e-29 5.324089e-30 7.659715e-17 1.065926e-23 3.952630e-17 3.450498e-06 3.982651e-04 5.607842e-23 2.485436e-12 3.613578e-19 1.934310e-19 1.806949e-16 1.195198e-23 1.989726e-01 2.348365e-21 3.269544e-23 2.660572e-23 4.684773e-10 4.498039e-23 1.077893e-11 2.958145e-20 2.193165e-19 7.927341e-11 2.926875e-19 8.006176e-01 2.313889e-21 7.246186e-09 0.000000e+00 5.976872e-24 0.000000e+00 0.000000e+00 1.396402e-17 3.303020e-16 1.396370e-16 1.052445e-12 1.957080e-09 1.991616e-32 1.277734e-15 4.952987e-13 4.480339e-09 8.771059e-20 4.648452e-07 1.197750e-18 4.424705e-16 2.563757e-14 4.421827e-15 0.000000e+00 3.369694e-21 2.383900e-24 9.678045e-26 4.814559e-14 4.089321e-25 1.823892e-33 3.020374e-28 4.688697e-51 2.031053e-29 7.283964e-31 1.152653e-13 1.370605e-34 1.926762e-14 1.244345e-31 1.654580e-26 1.926395e-11 4.408687e-16 3.936727e-24 3.852314e-26 7.229911e-11 3.347591e-18 5.658465e-13 1.138156e-20 2.383194e-19 6.254728e-33 2.953770e-30 1.624735e-23 2.456781e-26 1.771292e-20 6.039255e-18 2.082993e-21 5.518202e-26 3.946617e-31 0.000000e+00 4.232482e-14 9.807373e-17 2.189535e-41 0.000000e+00 7.869634e-153 4.919523e-17
3.320603e-05 1.322276e-09 6.368777e-07 2.784331e-06 1.441752e-08 4.834161e-06 3.233552e-17 1.211354e-22 9.051302e-19 9.105939e-16 5.102147e-08 2.985915e-33 1.352373e-19 9.246604e-29 1.851501e-29 1.372823e-16 1.336018e-23 3.706598e-17 4.197464e-06 3.968489e-04 6.105028e-23 2.964223e-12 4.849507e-19 1.892787e-19 1.646265e-16 1.470005e-23 1.988972e-01 2.579524e-21 5.536000e-23 2.424536e-23 5.181777e-10 3.903259e-23 1.378273e-11 4.543856e-20 4.718043e-19 7.582861e-11 2.793401e-19 8.006930e-01 3.731855e-21 6.071006e-09 2.372792e-24 5.176661e-24 3.018950e-25 3.774964e-23 1.292022e-17 3.329203e-16 1.398147e-16 8.078566e-13 1.754596e-09 9.572525e-33 1.256435e-15 4.987720e-13 4.478228e-09 1.102091e-19 4.094077e-07 7.939969e-19 2.904394e-16 1.847183e-14 1.134198e-14 0.000000e+00 3.956382e-21 2.670517e-24 4.738174e-25 4.943601e-14 4.415375e-25 2.556307e-33 3.164692e-28 6.101880e-51 2.538007e-29 2.483134e-30 1.133431e-13 1.333903e-34 1.887006e-14 2.321455e-31 8.539625e-26 2.100033e-11 3.673023e-16 3.863058e-24 4.146520e-26 7.191900e-11 3.628222e-18 5.636349e-13 1.067654e-20 2.379262e-19 6.749690e-33 4.421817e-30 1.823334e-23 7.051056e-26 1.810559e-20 6.008007e-18 2.238223e-21 5.694752e-26 3.933045e-31 2.678855e-66 4.258147e-14 2.045172e-16 2.949861e-41 0.000000e+00 7.352780e-155 1.298616e-16
2.883127e-05 1.489140e-09 7.166858e-07 2.712724e-06 2.118309e-08 5.475129e-06 6.177762e-17 2.256760e-22 1.927180e-18 1.173433e-15 4.893535e-08 8.390711e-33 2.565763e-19 2.089652e-28 6.018363e-29 2.261342e-16 1.898608e-23 3.462768e-17 5.093572e-06 3.951949e-04 6.767411e-23 3.832697e-12 7.038664e-19 1.987232e-19 1.576227e-16 1.925849e-23 1.988117e-01 2.853330e-21 8.014052e-23 2.444977e-23 5.863668e-10 3.661705e-23 1.809590e-11 6.835890e-20 9.278248e-19 7.199173e-11 2.750451e-19 8.007787e-01 6.334300e-21 5.183741e-09 1.315069e-23 4.667480e-24 1.690201e-24 3.375160e-22 1.246937e-17 3.346663e-16 1.470408e-16 6.540385e-13 1.572056e-09 4.259253e-33 1.236153e-15 5.007748e-13 4.475870e-09 1.542824e-19 3.532081e-07 5.507843e-19 2.026290e-16 1.372703e-14 2.592989e-14 1.685209e-25 4.606764e-21 3.032890e-24 0.000000e+00 5.017319e-14 4.922925e-25 3.336740e-33 3.299286e-28 7.360972e-51 3.341386e-29 0.000000e+00 1.119273e-13 1.378377e-34 1.842792e-14 3.914460e-31 0.000000e+00 2.379852e-11 3.203677e-16 3.848697e-24 4.556349e-26 7.149003e-11 3.936513e-18 5.614287e-13 1.035902e-20 2.374790e-19 8.123206e-33 6.735159e-30 2.137045e-23 1.803736e-25 1.854351e-20 5.972738e-18 2.431895e-21 5.892511e-26 3.918192e-31 6.427816e-67 4.203740e-14 3.899828e-16 4.122011e-41 0.000000e+00 6.884627e-157 3.137417e-16
2.503286e-05 1.700101e-09 8.059135e-07 2.631613e-06 3.144136e-08 6.146954e-06 1.092436e-16 3.988824e-22 3.815260e-18 1.589536e-15 4.664363e-08 2.055358e-32 4.591178e-19 4.495443e-28 1.736525e-28 3.446826e-16 2.871241e-23 3.218475e-17 6.168381e-06 3.932612e-04 7.600343e-23 5.165744e-12 1.061765e-18 2.151531e-19 1.573545e-16 2.585360e-23 1.987145e-01 3.177671e-21 9.498842e-23 2.605840e-23 6.754439e-10 3.640399e-23 2.452278e-11 1.012417e-19 1.685379e-18 6.776519e-11 2.771985e-19 8.008761e-01 1.076376e-20 4.551063e-09 0.000000e+00 4.305245e-24 0.000000e+00 0.000000e+00 1.259591e-17 3.354529e-16 1.618295e-16 5.599108e-13 1.407096e-09 1.732898e-33 1.215340e-15 5.011534e-13 4.473234e-09 2.268546e-19 2.995807e-07 4.015547e-19 1.506829e-16 1.059066e-14 5.287838e-14 0.000000e+00 5.325960e-21 3.478937e-24 0.000000e+00 5.042431e-14 5.618613e-25 4.027737e-33 3.423095e-28 8.175264e-51 4.626371e-29 0.000000e+00 1.109376e-13 1.488615e-34 1.793704e-14 6.034062e-31 0.000000e+00 2.779502e-11 2.899684e-16 3.882997e-24 5.082977e-26 7.100569e-11 4.275037e-18 5.592085e-13 1.031132e-20 2.369670e-19 1.038203e-32 1.006171e-29 2.521600e-23 4.111065e-25 1.903060e-20 5.932917e-18 2.665980e-21 6.112498e-26 3.901865e-31 0.000000e+00 4.086526e-14 6.859725e-16 5.920678e-41 0.000000e+00 6.457096e-159 7.138733e-16
2.173488e-05 1.954647e-09 9.048432e-07 2.540058e-06 4.701301e-08 6.882253e-06 1.801386e-16 6.698051e-22 7.076147e-18 2.165327e-15 4.414575e-08 4.425733e-32 7.696588e-19 9.182417e-28 4.413240e-28 4.867841e-16 4.349184e-23 2.972420e-17 7.457286e-06 3.909988e-04 8.587980e-23 6.978798e-12 1.605137e-18 2.306540e-19 1.611179e-16 3.437286e-23 1.986039e-01 3.559197e-21 1.167425e-22 2.793598e-23 7.852345e-10 3.712200e-23 3.420722e-11 1.487908e-19 2.853900e-18 6.317693e-11 2.824239e-19 8.009870e-01 1.774102e-20 4.142583e-09 3.889380e-24 4.182322e-24 4.856680e-25 4.542228e-23 1.330836e-17 3.351958e-16 1.847123e-16 5.041749e-13 1.257758e-09 6.387738e-34 1.193628e-15 4.997821e-13 4.470288e-09 3.324835e-19 2.512697e-07 3.071182e-19 1.184091e-16 8.506161e-15 9.644384e-14 3.311511e-25 6.131207e-21 4.009801e-24 4.435429e-25 5.037595e-14 6.474659e-25 4.513836e-33 3.539808e-28 8.382834e-51 6.643446e-29 1.873703e-30 1.101738e-13 1.653971e-34 1.739352e-14 8.614619e-31 7.942074e-26 3.294660e-11 2.699754e-16 3.939238e-24 5.719840e-26 7.045886e-11 4.646307e-18 5.569594e-13 1.038876e-20 2.363744e-19 1.335274e-32 1.438925e-29 2.998711e-23 8.313815e-25 1.957004e-20 5.887968e-18 2.940186e-21 6.354428e-26 3.883851e-31 0.000000e+00 3.935123e-14 1.122113e-15 8.688103e-41 0.000000e+00 6.064219e-161 1.561008e-15
1.887140e-05 2.248191e-09 1.013216e-06 2.437230e-06 7.064495e-08 7.732940e-06 2.785020e-16 1.066880e-21 1.237288e-17 2.876485e-15 4.145287e-08 8.409189e-32 1.198670e-18 1.764782e-27 9.896585e-28 6.363954e-16 6.325232e-23 2.724575e-17 9.002250e-06 3.883510e-04 9.687058e-23 9.207424e-12 2.376483e-18 2.380793e-19 1.658764e-16 4.417978e-23 1.984780e-01 3.999582e-21 1.386422e-22 2.905528e-23 9.134605e-10 3.758746e-23 4.867972e-11 2.181486e-19 4.540719e-18 5.828306e-11 2.870388e-19 8.011131e-01 2.783563e-20 3.928148e-09 7.062608e-24 4.193236e-24 8.771723e-25 6.932441e-23 1.464879e-17 3.338116e-16 2.160570e-16 4.724528e-13 1.122409e-09 2.152922e-34 1.169698e-15 4.965893e-13 4.467000e-09 4.691962e-19 2.096674e-07 2.446962e-19 9.676926e-17 7.106593e-15 1.584121e-13 5.783863e-26 7.050033e-21 4.621458e-24 0.000000e+00 5.023783e-14 7.430929e-25 4.730458e-33 3.656498e-28 7.985951e-51 9.697602e-29 0.000000e+00 1.094121e-13 1.859786e-34 1.679390e-14 1.152535e-30 0.000000e+00 3.900245e-11 2.564590e-16 3.989168e-24 6.451983e-26 6.984171e-11 5.052700e-18 5.546688e-13 1.044835e-20 2.356782e-19 1.660504e-32 1.945089e-29 3.604411e-23 1.481457e-24 2.016366e-20 5.837276e-18 3.253648e-21 6.615964e-26 3.863918e-31 7.854029e-68 3.777411e-14 1.719035e-15 1.289999e-40 0.000000e+00 5.701085e-163 3.328565e-15
1.638517e-05 2.569604e-09 1.129984e-06 2.322397e-06 1.065605e-07 8.779012e-06 4.050693e-16 1.625489e-21 2.051295e-17 3.658076e-15 3.858797e-08 1.429156e-31 1.711137e-18 3.141376e-27 1.960374e-27 7.666055e-16 8.575056e-23 2.475962e-17 1.085290e-05 3.852520e-04 1.087593e-22 1.169103e-11 3.410585e-18 2.320644e-19 1.685307e-16 5.404151e-23 1.983347e-01 4.489627e-21 1.400320e-22 2.856931e-23 1.054732e-09 3.682348e-23 6.987991e-11 3.185509e-19 6.835848e-18 5.316531e-11 2.886216e-19 8.012566e-01 4.104707e-20 3.875257e-09 1.242891e-24 4.239745e-24 1.591210e-25 0.000000e+00 1.664747e-17 3.312531e-16 2.556880e-16 4.526850e-13 9.996511e-10 7.287767e-35 1.148046e-15 4.916402e-13 4.463335e-09 6.235797e-19 1.748153e-07 2.003760e-19 8.025245e-17 6.123187e-15 2.370728e-13 2.482460e-25 8.128532e-21 5.311179e-24 2.018703e-25 5.025426e-14 8.391099e-25 4.763243e-33 3.785865e-28 7.239843e-51 1.409216e-28 8.732764e-31 1.083937e-13 2.113932e-34 1.613529e-14 1.460492e-30 4.033746e-26 4.536934e-11 2.467792e-16 3.992748e-24 7.281319e-26 6.914537e-11 5.496477e-18 5.523240e-13 1.035518e-20 2.348456e-19 1.939571e-32 2.470280e-29 4.383591e-23 2.296775e-24 2.081115e-20 5.780173e-18 3.607295e-21 6.891885e-26 3.841810e-31 0.000000e+00 3.634451e-14 2.482754e-15 1.932699e-40 0.000000e+00 5.365426e-165 6.988930e-15
1.422649e-05 2.900066e-09 1.252964e-06 2.194873e-06 1.612476e-07 1.013742e-05 5.549866e-16 2.382792e-21 3.238568e-17 4.405278e-15 3.558433e-08 2.192030e-31 2.204333e-18 5.091287e-27 3.427752e-27 8.453722e-16 1.059720e-22 2.228409e-17 1.306778e-05 3.816253e-04 1.211438e-22 1.418946e-11 4.730327e-18 2.109172e-19 1.663949e-16 6.685859e-23 1.981715e-01 5.002276e-21 1.392871e-22 2.608202e-23 1.199841e-09 3.427316e-23 1.004190e-10 4.603725e-19 9.793030e-18 4.792396e-11 2.849442e-19 8.014198e-01 5.630713e-20 3.945867e-09 0.000000e+00 4.254462e-24 0.000000e+00 0.000000e+00 1.924441e-17 3.273665e-16 3.022218e-16 4.333025e-13 8.882439e-10 3.326484e-35 1.132100e-15 4.848947e-13 4.459260e-09 7.684155e-19 1.462263e-07 1.654293e-19 6.556105e-17 5.360736e-15 3.281704e-13 2.388213e-26 9.431945e-21 6.071213e-24 1.140568e-25 5.065824e-14 9.213557e-25 4.702801e-33 3.941721e-28 6.353945e-51 2.004662e-28 4.298183e-31 1.068701e-13 2.426184e-34 1.541540e-14 1.768102e-30 2.408761e-26 5.105562e-11 2.388971e-16 3.912496e-24 8.207706e-26 6.835921e-11 5.979862e-18 5.499089e-13 9.987453e-21 2.338342e-19 2.084158e-32 2.943669e-29 5.381022e-23 3.047867e-24 2.150889e-20 5.715921e-18 4.002502e-21 7.173216e-26 3.817236e-31 1.717107e-67 3.524144e-14 3.398983e-15 2.899634e-40 0.000000e+00 5.054960e-167 1.460982e-14
1.235221e-05 3.210822e-09 1.378232e-06 2.054079e-06 2.444036e-07 1.199893e-05 7.149565e-16 3.273322e-21 4.876808e-17 4.980562e-15 3.248620e-08 2.940740e-31 2.519203e-18 7.365006e-27 5.272086e-27 8.468302e-16 1.167907e-22 1.984530e-17 1.571273e-05 3.773864e-04 1.316283e-22 1.643328e-11 6.333667e-18 1.778795e-19 1.577163e-16 7.197762e-23 1.979858e-01 5.486690e-21 1.203459e-22 2.181458e-23 1.333443e-09 2.994809e-23 1.444769e-10 6.546196e-19 1.339874e-17 4.267329e-11 2.701959e-19 8.016053e-01 7.095356e-20 4.092336e-09 0.000000e+00 3.765348e-24 0.000000e+00 0.000000e+00 2.214125e-17 3.215689e-16 3.521167e-16 4.028377e-13 7.871640e-10 2.357231e-35 1.110039e-15 4.756453e-13 4.454744e-09 8.641238e-19 1.238885e-07 1.344576e-19 5.107133e-17 4.690992e-15 4.269986e-13 0.000000e+00 1.104158e-20 6.858393e-24 0.000000e+00 5.164857e-14 9.676506e-25 4.389265e-33 4.133869e-28 5.207794e-51 2.752659e-28 0.000000e+00 1.046279e-13 2.708750e-34 1.463340e-14 2.056391e-30 0.000000e+00 5.455971e-11 2.310201e-16 3.737071e-24 9.137393e-26 6.747010e-11 6.504543e-18 5.474053e-13 9.213913e-21 2.325973e-19 2.026627e-32 3.296695e-29 6.637958e-23 3.387829e-24 2.224750e-20 5.643771e-18 4.435909e-21 7.446274e-26 3.789889e-31 1.085618e-68 3.477902e-14 4.424787e-15 4.183846e-40 0.000000e+00 4.763983e-169 3.080746e-14
1.072485e-05 3.412709e-09 1.499720e-06 1.899584e-06 3.698193e-07 1.490382e-05 8.537907e-16 4.153346e-21 7.014144e-17 5.171749e-15 2.934683e-08 3.358919e-31 2.408905e-18 8.947978e-27 6.897431e-27 7.419908e-16 1.074411e-22 1.747479e-17 1.885893e-05 3.724453e-04 1.366134e-22 1.802766e-11 8.224004e-18 1.364620e-19 1.420438e-16 6.450196e-23 1.977743e-01 5.867531e-21 9.475464e-23 1.597311e-23 1.409913e-09 2.434911e-23 2.099320e-10 9.013916e-19 1.754130e-17 3.753185e-11 2.369958e-19 8.018156e-01 7.948315e-20 4.254903e-09 0.000000e+00 3.833875e-24 0.000000e+00 0.000000e+00 2.430114e-17 3.131361e-16 3.990379e-16 3.434631e-13 6.955830e-10 1.712864e-35 1.082912e-15 4.629600e-13 4.449762e-09 8.529760e-19 1.087285e-07 1.030278e-19 3.547183e-17 3.953375e-15 5.297051e-13 0.000000e+00 1.317854e-20 7.553944e-24 0.000000e+00 5.396635e-14 9.341822e-25 3.833459e-33 4.388714e-28 3.901538e-51 3.546703e-28 0.000000e+00 1.009117e-13 2.874230e-34 1.379054e-14 2.332924e-30 0.000000e+00 5.288489e-11 2.217865e-16 3.378371e-24 9.909362e-26 6.646018e-11 7.071332e-18 5.447906e-13 7.771324e-21 2.310913e-19 1.683671e-32 3.473047e-29 8.276582e-23 2.962896e-24 2.300875e-20 5.563003e-18 4.890709e-21 7.692644e-26 3.759451e-31 0.000000e+00 3.573971e-14 5.500030e-15 5.590076e-40 0.000000e+00 4.491219e-171 6.565402e-14
9.311897e-06 3.363787e-09 1.609364e-06 1.731876e-06 5.535212e-07 2.017241e-05 9.158142e-16 4.531214e-21 9.606410e-17 4.758094e-15 2.622585e-08 2.939483e-31 1.763502e-18 8.324672e-27 7.213000e-27 5.330944e-16 7.374376e-23 1.520647e-17 2.257581e-05 3.667156e-04 1.285151e-22 1.850330e-11 1.041020e-17 9.306261e-20 1.209085e-16 4.687030e-23 1.975334e-01 6.059303e-21 5.732871e-23 9.558307e-24 1.356156e-09 1.855949e-23 3.152759e-10 1.184442e-18 2.189966e-17 3.261227e-11 1.777785e-19 8.020531e-01 7.545460e-20 4.361844e-09 5.074377e-24 3.062180e-24 6.042890e-25 3.798092e-23 2.389360e-17 3.009177e-16 4.339850e-16 2.480878e-13 6.128402e-10 8.709980e-36 1.032462e-15 4.451322e-13 4.444298e-09 6.942215e-19 1.034928e-07 7.015484e-20 2.014774e-17 3.066502e-15 6.320367e-13 0.000000e+00 1.625082e-20 7.861192e-24 8.011279e-25 5.876203e-14 7.741470e-25 2.836576e-33 4.728549e-28 2.384122e-51 4.095335e-28 1.925457e-30 9.456186e-14 2.649643e-34 1.289085e-14 2.632396e-30 1.549649e-25 4.342446e-11 2.102071e-16 2.773587e-24 1.006223e-25 6.530182e-11 7.679681e-18 5.420346e-13 5.547637e-21 2.292886e-19 1.088702e-32 3.460196e-29 1.055511e-22 1.847754e-24 2.376086e-20 5.473012e-18 5.314236e-21 7.890655e-26 3.725617e-31 0.000000e+00 3.983109e-14 6.542236e-15 6.289195e-40 0.000000e+00 4.231203e-173 1.411274e-13
8.085092e-06 2.951459e-09 1.699712e-06 1.553680e-06 8.073276e-07 3.099420e-05 8.440325e-16 4.227518e-21 1.247444e-16 3.738562e-15 2.318219e-08 1.905749e-31 8.727929e-19 5.232198e-27 5.540090e-27 2.873114e-16 3.278083e-23 1.307064e-17 2.692468e-05 3.601193e-04 1.070768e-22 1.727336e-11 1.303479e-17 5.427383e-20 9.779380e-17 2.758914e-23 1.972582e-01 5.999313e-21 2.891777e-23 4.304607e-24 1.121801e-09 1.380046e-23 5.105711e-10 1.486090e-18 2.581813e-17 2.800785e-11 1.099151e-19 8.023195e-01 5.811827e-20 4.352899e-09 0.000000e+00 1.723732e-24 0.000000e+00 0.000000e+00 1.964842e-17 2.849636e-16 4.475920e-16 1.394272e-13 5.383381e-10 2.509880e-36 9.792620e-16 4.220135e-13 4.438338e-09 4.316287e-19 1.113897e-07 3.956486e-20 8.556619e-18 2.065806e-15 7.250056e-13 0.000000e+00 2.096231e-20 7.411074e-24 3.817620e-25 6.748421e-14 5.044871e-25 1.754874e-33 5.159845e-28 1.129691e-51 4.069381e-28 7.849195e-31 8.412854e-14 2.099541e-34 1.194080e-14 3.023429e-30 7.382435e-26 2.791256e-11 1.960307e-16 1.926281e-24 9.240408e-26 6.395015e-11 8.327970e-18 5.390925e-13 3.102878e-21 2.271834e-19 4.816430e-33 3.301405e-29 1.378281e-22 7.274493e-25 2.445156e-20 5.373276e-18 5.608644e-21 8.019594e-26 3.688069e-31 1.056313e-68 4.989634e-14 7.489498e-15 5.983137e-40 0.000000e+00 3.988442e-175 2.994162e-13
7.019914e-06 2.350138e-09 1.767455e-06 1.371079e-06 1.129438e-06 5.317305e-05 6.642127e-16 3.114140e-21 1.513449e-16 2.556057e-15 2.027145e-08 8.348003e-32 2.969061e-19 2.252466e-27 3.178159e-27 1.180552e-16 9.620158e-24 1.109317e-17 3.194585e-05 3.526026e-04 7.783172e-23 1.455760e-11 1.609991e-17 2.795645e-20 7.649758e-17 1.224581e-23 1.969422e-01 5.698290e-21 1.306751e-23 1.524555e-24 8.000022e-10 1.059326e-23 1.002491e-09 2.023076e-18 2.815568e-17 2.379141e-11 5.669421e-20 8.026157e-01 3.724990e-20 4.206764e-09 0.000000e+00 1.965333e-25 0.000000e+00 0.000000e+00 1.346661e-17 2.645560e-16 4.330845e-16 6.259399e-14 4.715564e-10 4.450308e-37 8.926712e-16 3.916695e-13 4.431866e-09 2.058050e-19 1.364277e-07 1.838070e-20 2.821050e-18 1.236687e-15 7.932326e-13 0.000000e+00 2.751850e-20 6.097703e-24 2.735795e-26 7.895316e-14 2.515150e-25 6.958749e-34 5.555234e-28 3.173663e-52 3.832046e-28 1.385264e-32 7.080939e-14 1.291076e-34 1.095009e-14 3.803668e-30 0.000000e+00 1.412146e-11 1.792796e-16 1.164806e-24 7.290362e-26 6.232805e-11 9.012860e-18 5.359078e-13 1.396876e-21 2.247863e-19 1.477890e-33 3.091825e-29 1.701811e-22 1.863672e-25 2.500137e-20 5.263408e-18 5.665998e-21 8.067697e-26 3.646514e-31 1.021450e-70 7.007426e-14 8.256948e-15 5.126039e-40 0.000000e+00 3.754750e-177 6.219741e-13
6.095068e-06 1.778759e-09 1.815351e-06 1.191436e-06 1.506772e-06 9.723148e-05 4.629915e-16 2.020915e-21 1.691546e-16 1.601777e-15 1.754121e-08 2.888629e-32 7.741258e-20 7.399962e-28 1.472558e-27 3.985261e-17 2.132638e-24 9.294378e-18 3.766651e-05 3.441270e-04 5.348948e-23 1.109271e-11 1.955092e-17 1.323006e-20 5.883736e-17 1.182190e-24 1.965759e-01 5.232752e-21 7.244614e-25 4.644350e-25 5.104537e-10 8.605194e-24 2.913209e-09 3.755881e-18 2.778826e-17 2.001590e-11 2.774146e-20 8.029403e-01 2.097397e-20 3.930996e-09 0.000000e+00 0.000000e+00 0.000000e+00 0.000000e+00 7.991059e-18 2.424192e-16 3.899970e-16 2.482489e-14 4.120100e-10 5.841688e-38 8.091973e-16 3.567143e-13 4.424847e-09 8.043050e-20 1.809483e-07 7.451641e-21 7.878718e-19 6.806878e-16 8.237517e-13 0.000000e+00 3.560972e-20 4.394134e-24 2.566245e-25 9.046051e-14 9.887343e-26 1.623308e-34 5.756297e-28 4.838170e-53 4.388413e-28 4.024301e-31 5.733554e-14 6.901721e-35 9.931023e-15 3.731412e-30 4.678617e-26 5.895591e-12 1.605457e-16 6.447852e-25 5.032385e-26 6.033531e-11 9.729466e-18 5.324215e-13 5.601834e-22 2.221023e-19 3.409638e-34 2.898370e-29 1.688560e-22 3.529759e-26 2.531948e-20 5.143046e-18 5.444512e-21 8.041434e-26 3.600665e-31 0.000000e+00 1.056532e-13 8.824766e-15 5.657610e-40 0.000000e+00 3.538145e-179 1.222711e-12
5.292068e-06 1.357654e-09 1.848438e-06 1.021117e-06 1.923306e-06 1.796320e-04 3.019983e-16 1.108908e-21 1.708888e-16 9.716080e-16 1.502813e-08 7.778741e-33 2.008921e-20 2.408465e-28 6.173284e-28 1.245756e-17 4.500303e-25 7.688618e-18 4.410770e-05 3.346639e-04 3.529007e-23 8.006075e-12 2.296582e-17 6.203177e-21 4.490485e-17 1.769298e-24 1.961465e-01 4.703358e-21 1.262021e-24 1.371328e-25 3.090709e-10 7.355806e-24 1.190745e-08 9.410591e-18 2.451703e-17 1.671600e-11 1.319243e-20 8.032900e-01 1.090949e-20 3.476314e-09 0.000000e+00 0.000000e+00 0.000000e+00 0.000000e+00 4.257242e-18 2.198340e-16 3.248172e-16 1.003257e-14 3.592241e-10 6.869257e-39 6.980510e-16 3.167630e-13 4.417223e-09 2.918838e-20 2.510114e-07 2.948640e-21 2.096257e-19 3.621669e-16 8.227522e-13 0.000000e+00 4.422333e-20 2.844797e-24 1.748915e-24 9.878065e-14 3.311586e-26 2.119367e-35 5.613454e-28 3.984500e-54 6.285410e-28 2.256612e-30 4.694568e-14 3.013861e-35 8.898607e-15 3.667251e-30 3.176796e-25 2.190125e-12 1.405627e-16 3.706231e-25 3.059916e-26 5.784327e-11 1.047102e-17 5.285822e-13 2.214075e-22 2.191255e-19 6.930809e-35 2.747344e-29 1.036800e-22 5.884300e-27 2.537628e-20 5.011882e-18 4.989039e-21 7.965365e-26 3.550266e-31 3.108102e-70 1.651329e-13 9.143559e-15 7.561782e-40 0.000000e+00 3.329152e-181 2.258858e-12
4.594859e-06 1.061736e-09 1.872274e-06 8.645634e-07 2.368179e-06 3.274624e-04 1.908664e-16 5.926899e-22 1.554364e-16 5.872472e-16 1.275708e-08 1.947062e-33 4.874535e-21 7.294281e-29 2.461303e-28 3.788576e-18 1.144202e-25 6.283039e-18 5.129203e-05 3.241857e-04 2.383270e-23 5.574970e-12 2.626820e-17 2.920269e-21 3.413946e-17 0.000000e+00 1.956347e-01 4.182618e-21 2.626417e-24 9.799384e-26 1.827106e-10 6.534476e-24 5.067239e-08 2.392228e-17 1.956801e-17 1.391046e-11 6.813750e-21 8.036568e-01 5.498304e-21 2.939994e-09 0.000000e+00 4.442481e-26 0.000000e+00 0.000000e+00 2.121205e-18 2.021598e-16 2.516592e-16 4.653022e-15 3.127396e-10 7.721248e-40 6.013408e-16 2.775507e-13 4.408889e-09 1.157838e-20 3.493382e-07 1.285435e-21 5.840687e-20 1.887466e-16 8.085285e-13 0.000000e+00 5.290430e-20 1.721716e-24 0.000000e+00 1.032119e-13 1.001527e-26 2.565999e-36 5.165514e-28 2.953255e-55 8.879089e-28 0.000000e+00 4.032537e-14 1.256365e-35 7.869400e-15 3.240848e-30 0.000000e+00 7.561373e-13 1.204906e-16 2.290172e-25 1.739878e-26 5.480035e-11 1.122898e-17 5.243456e-13 9.081376e-23 2.158434e-19 1.327116e-35 2.632940e-29 3.719149e-23 9.963971e-28 2.526053e-20 4.869684e-18 4.389848e-21 7.865397e-26 3.495075e-31 8.317177e-72 2.589462e-13 9.253337e-15 1.050686e-39 0.000000e+00 3.137494e-183 3.818125e-12
3.989505e-06 8.566008e-10 1.890722e-06 7.240045e-07 2.836696e-06 5.803378e-04 1.197052e-16 3.173692e-22 1.284098e-16 3.594699e-16 1.073577e-08 4.706166e-34 1.566600e-21 2.921274e-29 9.745838e-29 1.168537e-18 4.347051e-26 5.073923e-18 5.925733e-05 3.126458e-04 1.644861e-23 3.850782e-12 2.930879e-17 1.407911e-21 2.588248e-17 0.000000e+00 1.950131e-01 3.713084e-21 0.000000e+00 0.000000e+00 1.080038e-10 5.965717e-24 1.906597e-07 5.361456e-17 1.460505e-17 1.159106e-11 4.169746e-21 8.040286e-01 2.914959e-21 2.471026e-09 9.321978e-24 3.364168e-25 9.728811e-25 2.721689e-21 1.051925e-18 1.909362e-16 1.840856e-16 2.615389e-15 2.719978e-10 8.998318e-41 5.128683e-16 2.412545e-13 4.399688e-09 6.131644e-21 4.805036e-07 6.578579e-22 1.858399e-20 1.009660e-16 8.090631e-13 0.000000e+00 6.132877e-20 1.004357e-24 6.774349e-25 1.040037e-13 2.889061e-27 3.471094e-37 4.518045e-28 2.441623e-56 1.099423e-27 6.341171e-31 3.719085e-14 5.010506e-36 6.859064e-15 2.591125e-30 1.212416e-25 2.511091e-13 1.014438e-16 1.573285e-25 9.499690e-27 5.121766e-11 1.199528e-17 5.196630e-13 3.940835e-23 2.122357e-19 2.561280e-36 2.544124e-29 1.118223e-23 1.845179e-28 2.507204e-20 4.716063e-18 3.737972e-21 7.752267e-26 3.434757e-31 5.723584e-72 4.015104e-13 9.166501e-15 1.298567e-39 0.000000e+00 2.959837e-185 5.929895e-12
3.463904e-06 7.077295e-10 1.906681e-06 6.002714e-07 3.329599e-06 9.930806e-04 7.579234e-17 2.096829e-22 9.880264e-17 2.248920e-16 8.962225e-09 1.379679e-34 6.410397e-22 1.471411e-29 3.903401e-29 3.727778e-19 2.342322e-26 4.051379e-18 6.803842e-05 3.000023e-04 1.171867e-23 2.666097e-12 3.208799e-17 6.965248e-22 1.957478e-17 7.741678e-26 1.942447e-01 3.312581e-21 2.908137e-24 4.165687e-27 6.467456e-11 5.552749e-24 6.137987e-07 1.040272e-16 1.061347e-17 9.728721e-12 3.405043e-21 8.043871e-01 1.805501e-21 2.107734e-09 0.000000e+00 0.000000e+00 0.000000e+00 0.000000e+00 5.381214e-19 1.842799e-16 1.292924e-16 1.701326e-15 2.364708e-10 1.138053e-41 4.405791e-16 2.098432e-13 4.389415e-09 4.508206e-21 6.426527e-07 3.805686e-22 6.974643e-21 5.596800e-17 8.575868e-13 0.000000e+00 6.955066e-20 5.794023e-25 0.000000e+00 1.021058e-13 8.296525e-28 6.265828e-38 3.804264e-28 2.716299e-57 1.192771e-27 0.000000e+00 3.654830e-14 2.027366e-36 5.883509e-15 1.926308e-30 0.000000e+00 8.209175e-14 8.436049e-17 1.176446e-25 5.147371e-27 4.720432e-11 1.276089e-17 5.144846e-13 1.815751e-23 2.082806e-19 5.146578e-37 2.470916e-29 3.665703e-24 4.215806e-29 2.484691e-20 4.550732e-18 3.101291e-21 7.627536e-26 3.368965e-31 0.000000e+00 6.071941e-13 8.923459e-15 1.451161e-39 0.000000e+00 2.797463e-187 8.523727e-12
3.007548e-06 5.940832e-10 1.922137e-06 4.931074e-07 3.851399e-06 1.634976e-03 4.917321e-17 2.971510e-22 7.287254e-17 1.444610e-16 7.425492e-09 8.716096e-35 3.337971e-22 9.406428e-30 1.609684e-29 1.256923e-19 1.483575e-26 3.200062e-18 7.766136e-05 2.862225e-04 8.583875e-24 1.865831e-12 3.458781e-17 3.537605e-22 1.476743e-17 0.000000e+00 1.932838e-01 2.985191e-21 6.336433e-26 0.000000e+00 3.958695e-11 5.238863e-24 1.710345e-06 1.785799e-16 7.763287e-18 8.273048e-12 3.574820e-21 8.047085e-01 1.344439e-21 1.827440e-09 0.000000e+00 0.000000e+00 0.000000e+00 0.000000e+00 2.878269e-19 1.758733e-16 8.848921e-17 1.200656e-15 2.056274e-10 1.692913e-42 3.826169e-16 1.835791e-13 4.377822e-09 3.940018e-21 8.291422e-07 2.358045e-22 3.001129e-21 3.193082e-17 9.856844e-13 0.000000e+00 7.775549e-20 3.366093e-25 0.000000e+00 9.848475e-14 2.462315e-28 2.075244e-38 3.122931e-28 5.648346e-58 1.172173e-27 0.000000e+00 3.738748e-14 8.475748e-37 4.957712e-15 1.373192e-30 0.000000e+00 2.690436e-14 6.977096e-17 9.271452e-26 2.822410e-27 4.291289e-11 1.351622e-17 5.087553e-13 8.850958e-24 2.039536e-19 1.103481e-37 2.406364e-29 1.357216e-24 1.235350e-29 2.459297e-20 4.373447e-18 2.520800e-21 7.490721e-26 3.297305e-31 0.000000e+00 8.889423e-13 8.558585e-15 1.500110e-39 0.000000e+00 2.648714e-189 1.148359e-11
2.611316e-06 5.039021e-10 1.938497e-06 4.016609e-07 4.408725e-06 2.586442e-03 3.353011e-17 9.304897e-22 5.276081e-17 9.541953e-17 6.109962e-09 1.266833e-34 2.014587e-22 6.914299e-30 6.988589e-30 4.593898e-20 9.885075e-27 2.502145e-18 8.812064e-05 2.713118e-04 6.385071e-24 1.330858e-12 3.677609e-17 1.853401e-22 1.111351e-17 0.000000e+00 1.920784e-01 2.728677e-21 4.772487e-26 5.404383e-28 2.491059e-11 4.989250e-24 4.205045e-06 2.783010e-16 5.848960e-18 7.160577e-12 4.207154e-21 8.049637e-01 1.122845e-21 1.603246e-09 0.000000e+00 0.000000e+00 0.000000e+00 0.000000e+00 1.619530e-19 1.595642e-16 5.981035e-17 8.816624e-16 1.789739e-10 3.447536e-43 3.334993e-16 1.618505e-13 4.364635e-09 3.581112e-21 1.030541e-06 1.567313e-22 1.409623e-21 1.860439e-17 1.221087e-12 5.511075e-20 8.619325e-20 1.992042e-25 0.000000e+00 9.394558e-14 7.805484e-29 1.624410e-38 2.526124e-28 2.858525e-58 1.077288e-27 0.000000e+00 3.886576e-14 3.610519e-37 4.096128e-15 9.627887e-31 0.000000e+00 8.992991e-15 5.775129e-17 7.499228e-26 1.579328e-27 3.876436e-11 1.424998e-17 5.024206e-13 4.536499e-24 1.992329e-19 2.571556e-38 2.345930e-29 5.592131e-25 4.355836e-30 2.431062e-20 4.184231e-18 2.015708e-21 7.341108e-26 3.219428e-31 0.000000e+00 1.257239e-12 8.102949e-15 1.438548e-39 0.000000e+00 2.510537e-191 1.418461e-11
2.267286e-06 4.289890e-10 1.957161e-06 3.246859e-07 5.010623e-06 3.935905e-03 2.598747e-17 3.483880e-21 3.813331e-17 6.481284e-17 4.996601e-09 2.509563e-34 3.731312e-22 0.000000e+00 3.447890e-30 1.965212e-20 6.698313e-27 1.938341e-18 9.936869e-05 2.553251e-04 4.846751e-24 9.650181e-13 3.868060e-17 9.934260e-23 8.344804e-18 0.000000e+00 1.905723e-01 2.537979e-21 8.668264e-26 2.138240e-28 1.613543e-11 4.781005e-24 9.287794e-06 4.015969e-16 4.648915e-18 6.322317e-12 5.057244e-21 8.051193e-01 9.638187e-22 1.428757e-09 0.000000e+00 0.000000e+00 0.000000e+00 2.419780e-22 9.711855e-20 1.355884e-16 4.047850e-17 6.657453e-16 1.560372e-10 1.284717e-43 2.950684e-16 1.446635e-13 4.349558e-09 3.215487e-21 1.228033e-06 9.791903e-23 6.953405e-22 1.100415e-17 1.588305e-12 0.000000e+00 9.532311e-20 1.212412e-25 5.203446e-25 8.918640e-14 2.693129e-29 2.051689e-38 2.018014e-28 2.404041e-58 9.507530e-28 2.592494e-31 4.025571e-14 1.613971e-37 3.311375e-15 6.771308e-31 9.161900e-26 3.104174e-15 4.800390e-17 6.040539e-26 9.148164e-28 3.505395e-11 1.494949e-17 4.954264e-13 2.432098e-24 1.940995e-19 6.528273e-39 2.286580e-29 2.526035e-25 1.570896e-31 2.399823e-20 3.983372e-18 1.590807e-21 7.178010e-26 3.135031e-31 9.968489e-75 1.711949e-12 7.596319e-15 1.333315e-39 0.000000e+00 2.382752e-193 1.613876e-11
1.968580e-06 3.642099e-10 1.979577e-06 2.606291e-07 5.668846e-06 5.776407e-03 2.731328e-17 1.289742e-20 2.778861e-17 4.522145e-17 4.063247e-09 6.743809e-34 0.000000e+00 0.000000e+00 2.283303e-30 1.165849e-20 4.592371e-27 1.488595e-18 1.113222e-04 2.383562e-04 3.807693e-24 7.050644e-13 4.035714e-17 5.401630e-23 6.251373e-18 0.000000e+00 1.887070e-01 2.407425e-21 0.000000e+00 8.914810e-29 1.074396e-11 4.598497e-24 1.875034e-05 5.454269e-16 4.159169e-18 5.690628e-12 5.975992e-21 8.051389e-01 8.058958e-22 1.303114e-09 7.835618e-24 2.498087e-25 7.303219e-25 1.122781e-20 6.299578e-20 1.091967e-16 2.784056e-17 5.180468e-16 1.363378e-10 1.900987e-43 2.704069e-16 1.319436e-13 4.332267e-09 2.817707e-21 1.394803e-06 6.664000e-23 3.519814e-22 6.578040e-18 2.110697e-12 0.000000e+00 1.057623e-19 7.644063e-26 0.000000e+00 8.471354e-14 1.013971e-29 3.140419e-38 1.524934e-28 2.508586e-58 8.236134e-28 0.000000e+00 4.102853e-14 7.955270e-38 2.612636e-15 4.839100e-31 0.000000e+00 1.112496e-15 4.004505e-17 4.722069e-26 5.573149e-28 3.185452e-11 1.560176e-17 4.877131e-13 1.358093e-24 1.885329e-19 1.791144e-39 2.226276e-29 1.233160e-25 0.000000e+00 2.365332e-20 3.771239e-18 1.242193e-21 7.000668e-26 3.043786e-31 8.402119e-76 2.237130e-12 7.073860e-15 1.267870e-39 0.000000e+00 2.265779e-195 1.719472e-11
1.709227e-06 3.088047e-10 2.006540e-06 2.078786e-07 6.394989e-06 8.197178e-03 4.327168e-17 4.357479e-20 2.048372e-17 3.230086e-17 3.287630e-09 2.529829e-33 1.674935e-22 0.000000e+00 2.260497e-30 1.069051e-20 3.152505e-27 1.134059e-18 1.238382e-04 2.205705e-04 3.034598e-24 5.228271e-13 4.175601e-17 2.990093e-23 4.672205e-18 0.000000e+00 1.864279e-01 2.332213e-21 0.000000e+00 3.912822e-29 7.354097e-12 4.430734e-24 3.513289e-05 7.083011e-16 4.880972e-18 5.205956e-12 6.882729e-21 8.049852e-01 6.558782e-22 1.204592e-09 1.354220e-23 4.264947e-25 1.246274e-24 1.923598e-20 4.407676e-20 8.504930e-17 1.976543e-17 4.098367e-16 1.194265e-10 7.011256e-44 2.511344e-16 1.224293e-13 4.312441e-09 2.395321e-21 1.523247e-06 4.824774e-23 1.808854e-22 3.965503e-18 2.810695e-12 4.936107e-20 1.178335e-19 4.986640e-26 0.000000e+00 8.064750e-14 4.184269e-30 4.899629e-38 7.088430e-29 2.746894e-58 7.084628e-28 0.000000e+00 4.105673e-14 4.076115e-38 2.006327e-15 3.522891e-31 0.000000e+00 4.172914e-16 3.340989e-17 3.609544e-26 3.534129e-28 2.909501e-11 1.619236e-17 4.792262e-13 7.846123e-25 1.825195e-19 5.338711e-40 2.163771e-29 6.405239e-26 0.000000e+00 2.327341e-20 3.548601e-18 9.612367e-22 6.808524e-26 2.945471e-31 0.000000e+00 2.825964e-12 6.547053e-15 1.193689e-39 0.000000e+00 2.154732e-197 1.743828e-11
1.484044e-06 2.610140e-10 2.039155e-06 1.648961e-07 7.202842e-06 1.128151e-02 8.747315e-17 1.354889e-19 1.530673e-17 2.357220e-17 2.648873e-09 1.134150e-32 1.070512e-21 2.285049e-29 2.860225e-30 1.279380e-20 2.170354e-27 8.578672e-19 1.367080e-04 2.022146e-04 2.457883e-24 3.923970e-13 4.292043e-17 1.678690e-23 3.485105e-18 0.000000e+00 1.836874e-01 2.307199e-21 4.616706e-25 1.797036e-29 5.163447e-12 4.270223e-24 6.179095e-05 8.878712e-16 8.360617e-18 4.820367e-12 7.733685e-21 8.046194e-01 5.196139e-22 1.128889e-09 3.912391e-23 1.221497e-24 3.568209e-24 1.630207e-20 3.330739e-20 6.534128e-17 1.472183e-17 3.294316e-16 1.049041e-10 1.959275e-43 2.371434e-16 1.155142e-13 4.289775e-09 1.980810e-21 1.601069e-06 3.365206e-23 9.383179e-23 2.405270e-18 3.705694e-12 4.177283e-20 1.320523e-19 3.367593e-26 4.710475e-26 7.707461e-14 1.879979e-30 7.721115e-38 0.000000e+00 3.130020e-58 6.104698e-28 8.813017e-33 4.026104e-14 2.179546e-38 1.495541e-15 2.619302e-31 8.250451e-27 1.644545e-16 2.775056e-17 2.685901e-26 2.336589e-28 2.669620e-11 1.670514e-17 4.699251e-13 4.670446e-25 1.760583e-19 1.717675e-40 2.098303e-29 3.503680e-26 2.144292e-29 2.285653e-20 3.316825e-18 7.380436e-22 6.601406e-26 2.840070e-31 3.376116e-76 3.460944e-12 6.036582e-15 1.130479e-39 0.000000e+00 2.048604e-199 1.697462e-11
1.288527e-06 2.196037e-10 2.078547e-06 1.301970e-07 8.108179e-06 1.510572e-02 1.852623e-16 3.938031e-19 1.160215e-17 1.754072e-17 2.126956e-09 5.072354e-32 3.474023e-23 2.757920e-30 3.824382e-30 1.635681e-20 1.504448e-27 6.449392e-19 1.496817e-04 1.835850e-04 1.566981e-24 2.970480e-13 4.390757e-17 9.521606e-24 2.595523e-18 0.000000e+00 1.804446e-01 2.326345e-21 2.030870e-26 8.580737e-30 3.708715e-12 4.111754e-24 1.029696e-04 1.081855e-15 1.814900e-17 4.497541e-12 8.504228e-21 8.040015e-01 4.011901e-22 1.072824e-09 0.000000e+00 0.000000e+00 0.000000e+00 0.000000e+00 2.703145e-20 5.016589e-17 1.164704e-17 2.690601e-16 9.239874e-11 1.784352e-43 2.285670e-16 1.107921e-13 4.263971e-09 1.602561e-21 1.621336e-06 2.073941e-23 4.894302e-23 1.464491e-18 4.805187e-12 0.000000e+00 1.489827e-19 2.349609e-26 0.000000e+00 7.398983e-14 9.080874e-31 1.241033e-37 0.000000e+00 3.730011e-58 5.291697e-28 0.000000e+00 3.866154e-14 1.223002e-38 1.078927e-15 1.989810e-31 0.000000e+00 6.801966e-17 2.284966e-17 1.939121e-26 1.611617e-28 2.457049e-11 1.712350e-17 4.597767e-13 2.853744e-25 1.691566e-19 5.910023e-41 2.029366e-29 2.807984e-26 1.995641e-29 2.240101e-20 3.077656e-18 5.627283e-22 6.379402e-26 2.727705e-31 0.000000e+00 4.126464e-12 5.557127e-15 1.094261e-39 0.000000e+00 1.946518e-201 1.593116e-11
1.118769e-06 1.839624e-10 2.125695e-06 1.024140e-07 9.127973e-06 1.973498e-02 3.775493e-16 1.065106e-18 8.915290e-18 1.328167e-17 1.703472e-09 2.068137e-31 7.622991e-22 6.676754e-29 5.222108e-30 2.049993e-20 1.051656e-27 4.823064e-19 1.624775e-04 1.650184e-04 1.698090e-24 2.269688e-13 4.475837e-17 5.455067e-24 1.930843e-18 0.000000e+00 1.766698e-01 2.382524e-21 0.000000e+00 4.242977e-30 2.718944e-12 3.951834e-24 1.638360e-04 1.288829e-15 4.117519e-17 4.212072e-12 9.186968e-21 8.030909e-01 3.039717e-22 1.030014e-09 0.000000e+00 0.000000e+00 0.000000e+00 0.000000e+00 2.325996e-20 3.875653e-17 9.819154e-18 2.223336e-16 8.157621e-11 8.080099e-43 2.236352e-16 1.077433e-13 4.234748e-09 1.274868e-21 1.588357e-06 1.722562e-23 2.560592e-23 8.933674e-19 6.106053e-12 3.236908e-20 1.691298e-19 1.691034e-26 0.000000e+00 7.130019e-14 4.678480e-31 1.992957e-37 0.000000e+00 4.541652e-58 4.629374e-28 0.000000e+00 3.638820e-14 7.064737e-39 7.510441e-16 1.541848e-31 0.000000e+00 2.946145e-17 1.859034e-17 1.363056e-26 1.153038e-28 2.262093e-11 1.743070e-17 4.487612e-13 1.782776e-25 1.618336e-19 2.166731e-41 1.956710e-29 8.235214e-23 5.137840e-29 2.190572e-20 2.833289e-18 4.262386e-22 6.142961e-26 2.608682e-31 2.347667e-77 4.826250e-12 5.115411e-15 1.075060e-39 0.000000e+00 1.846726e-203 1.447133e-11
9.713753e-07 1.533763e-10 2.181725e-06 8.032965e-08 1.028154e-05 2.522071e-02 7.229565e-16 2.699541e-18 6.942644e-18 1.022016e-17 1.361990e-09 7.554872e-31 1.987617e-23 2.041516e-30 6.199488e-30 2.455343e-20 7.446378e-28 3.591259e-19 1.748013e-04 1.468697e-04 1.441554e-24 1.748700e-13 4.553921e-17 3.153360e-24 1.435595e-18 2.328277e-21 1.723463e-01 2.466248e-21 1.514626e-26 2.163814e-30 2.029741e-12 3.788311e-24 2.504206e-04 1.507221e-15 8.925938e-17 3.947843e-12 9.780669e-21 8.018469e-01 2.273858e-22 9.973485e-10 0.000000e+00 0.000000e+00 0.000000e+00 0.000000e+00 2.094327e-20 3.023982e-17 8.756373e-18 1.855369e-16 7.214606e-11 1.734764e-43 2.220564e-16 1.059040e-13 4.201856e-09 1.003066e-21 1.508556e-06 0.000000e+00 1.340896e-23 5.448867e-19 7.587377e-12 0.000000e+00 1.930510e-19 1.249177e-26 2.399574e-24 6.889256e-14 2.541146e-31 3.195761e-37 0.000000e+00 4.109287e-58 4.081517e-28 0.000000e+00 3.358513e-14 4.178168e-39 5.029179e-16 1.216780e-31 0.000000e+00 1.331342e-17 1.491502e-17 9.333232e-27 8.528965e-29 2.075238e-11 1.649367e-17 4.368756e-13 1.135386e-25 1.541222e-19 8.391807e-42 1.880291e-29 0.000000e+00 2.342083e-29 2.135037e-20 2.586352e-18 3.207834e-22 5.885956e-26 2.483531e-31 0.000000e+00 5.582103e-12 4.716634e-15 1.075804e-39 0.000000e+00 1.748366e-205 1.278730e-11
8.434005e-07 1.274589e-10 2.247602e-06 6.288625e-08 1.158898e-05 3.159605e-02 1.295501e-15 6.301194e-18 5.474461e-18 7.980464e-18 1.088141e-09 2.417592e-30 1.763993e-23 2.033773e-30 7.340472e-30 2.802782e-20 5.335747e-28 2.665277e-19 1.863659e-04 1.294892e-04 1.227087e-24 1.363993e-13 4.628524e-17 1.844789e-24 1.067543e-18 0.000000e+00 1.674740e-01 2.572495e-21 1.497796e-26 1.136760e-30 1.540416e-12 3.620099e-24 3.694817e-04 1.736416e-15 1.802245e-16 3.695940e-12 1.029355e-20 8.002293e-01 1.698764e-22 9.682035e-10 0.000000e+00 0.000000e+00 0.000000e+00 0.000000e+00 1.946890e-20 2.386391e-17 8.132308e-18 1.553227e-16 6.386306e-11 0.000000e+00 2.211839e-16 1.046790e-13 4.165085e-09 7.826179e-22 1.396936e-06 1.099501e-23 7.020430e-24 3.318595e-19 9.207465e-12 1.118886e-19 2.211479e-19 9.430230e-27 0.000000e+00 6.661442e-14 1.449389e-31 4.919688e-37 0.000000e+00 0.000000e+00 3.620609e-28 2.468268e-31 3.045288e-14 2.445099e-39 3.230298e-16 9.750914e-32 8.314354e-32 6.271358e-18 1.178930e-17 6.272782e-27 6.458705e-29 1.890182e-11 1.941217e-17 4.241380e-13 7.346771e-26 1.460706e-19 3.428679e-42 1.800276e-29 0.000000e+00 1.479933e-29 2.088169e-20 2.339865e-18 2.398340e-22 5.631025e-26 2.353027e-31 1.398011e-77 6.460173e-12 4.360333e-15 1.071876e-39 0.000000e+00 1.649823e-207 1.101694e-11
7.322859e-07 1.057878e-10 2.324292e-06 4.918908e-08 1.307144e-05 3.887183e-02 2.177063e-15 1.323223e-17 4.368137e-18 6.316417e-18 8.696623e-10 6.628500e-30 1.549367e-23 1.988909e-30 8.847066e-30 3.063294e-20 3.854365e-28 1.974068e-19 1.969173e-04 1.131925e-04 1.035876e-24 1.083155e-13 4.702298e-17 1.096692e-24 7.947461e-19 0.000000e+00 1.620729e-01 2.694754e-21 1.446424e-26 6.153562e-31 1.187000e-12 3.447030e-24 5.281420e-04 1.975976e-15 3.378955e-16 3.453004e-12 1.073633e-20 7.982003e-01 1.281669e-22 9.360973e-10 0.000000e+00 0.000000e+00 0.000000e+00 0.000000e+00 1.849373e-20 1.906388e-17 7.734004e-18 1.294687e-16 5.653283e-11 0.000000e+00 2.178704e-16 1.036640e-13 4.124290e-09 6.062057e-22 1.269314e-06 0.000000e+00 3.673440e-24 2.016794e-19 1.090352e-11 0.000000e+00 2.537656e-19 7.240555e-27 2.341596e-24 6.434082e-14 8.671685e-32 6.931899e-37 0.000000e+00 0.000000e+00 3.222051e-28 2.960168e-31 2.718031e-14 1.359518e-39 1.985496e-16 7.915478e-32 3.102570e-25 3.083513e-18 9.181226e-18 4.176993e-27 4.952223e-29 1.704126e-11 2.534701e-17 4.105937e-13 4.814540e-26 1.377450e-19 1.478337e-42 1.717024e-29 2.771700e-22 8.886585e-30 2.038992e-20 2.097180e-18 1.780922e-22 5.366091e-26 2.218234e-31 6.088891e-77 7.572826e-12 4.044528e-15 1.031840e-39 0.000000e+00 1.549862e-209 9.256161e-12
6.358102e-07 8.749557e-11 2.413575e-06 3.848472e-08 1.475631e-05 4.704271e-02 3.450638e-15 2.590389e-17 3.530142e-18 5.070825e-18 6.960826e-10 1.622297e-29 1.383528e-23 1.962318e-30 9.623950e-30 3.212935e-20 2.835756e-28 1.460988e-19 2.062760e-04 9.820907e-05 8.761341e-25 8.711141e-14 4.786402e-17 6.606481e-25 5.929439e-19 1.523563e-21 1.561779e-01 2.818152e-21 0.000000e+00 3.417863e-31 9.265399e-13 3.269537e-24 7.335357e-04 2.222614e-15 5.905929e-16 3.219584e-12 1.110738e-20 7.957230e-01 9.740167e-23 9.048529e-10 0.000000e+00 0.000000e+00 0.000000e+00 0.000000e+00 1.784832e-20 1.544149e-17 7.446861e-18 1.079450e-16 5.000726e-11 0.000000e+00 2.149725e-16 1.030951e-13 4.079365e-09 4.698818e-22 1.128482e-06 4.181535e-24 1.918026e-24 1.220630e-19 1.259829e-11 0.000000e+00 2.917342e-19 5.601774e-27 0.000000e+00 6.204282e-14 5.342915e-32 9.390679e-37 0.000000e+00 0.000000e+00 2.853557e-28 0.000000e+00 2.385268e-14 7.396361e-40 1.165177e-16 6.514273e-32 0.000000e+00 1.573386e-18 7.049139e-18 2.734122e-27 3.862746e-29 1.517533e-11 2.078972e-17 3.963058e-13 3.194730e-26 1.292213e-19 6.612554e-43 1.631014e-29 0.000000e+00 0.000000e+00 1.974894e-20 1.861599e-18 1.313399e-22 5.026809e-26 2.080369e-31 0.000000e+00 9.053248e-12 3.771928e-15 9.892824e-40 0.000000e+00 1.449896e-211 7.569488e-12
5.520448e-07 7.204822e-11 2.517343e-06 3.014449e-08 1.667425e-05 5.608851e-02 5.189156e-15 4.812951e-17 2.890409e-18 4.129616e-18 5.585150e-10 3.627381e-29 0.000000e+00 0.000000e+00 1.057218e-29 3.247758e-20 2.137234e-28 1.081513e-19 2.143403e-04 8.467334e-05 7.480028e-25 7.080431e-14 4.888650e-17 4.030375e-25 4.437262e-19 4.498227e-23 1.498375e-01 2.934019e-21 0.000000e+00 1.942620e-31 7.312740e-13 3.088409e-24 9.927339e-04 2.473858e-15 9.685218e-16 2.998278e-12 1.141203e-20 7.927621e-01 7.439415e-23 8.751373e-10 1.527762e-23 4.743209e-25 1.383290e-24 0.000000e+00 1.741194e-20 1.269575e-17 7.210443e-18 9.011500e-17 4.417215e-11 0.000000e+00 2.135023e-16 1.032983e-13 4.030229e-09 3.668243e-22 9.813994e-07 3.410656e-24 9.977490e-25 7.346173e-20 1.421202e-11 1.532614e-20 3.361784e-19 4.467767e-27 0.000000e+00 5.972461e-14 3.435853e-32 1.249641e-36 0.000000e+00 0.000000e+00 2.576427e-28 0.000000e+00 2.057580e-14 3.971178e-40 6.513106e-17 5.438390e-32 0.000000e+00 8.277418e-19 5.345742e-18 1.754335e-27 3.068060e-29 1.332366e-11 2.007326e-17 3.813469e-13 2.145560e-26 1.205783e-19 3.124219e-43 1.542796e-29 7.798510e-28 0.000000e+00 1.904892e-20 1.636097e-18 9.618133e-23 4.712591e-26 1.940696e-31 6.334366e-78 1.110540e-11 3.540791e-15 9.561837e-40 0.000000e+00 1.350442e-213 6.005525e-12
4.793151e-07 5.908849e-11 2.637599e-06 2.365907e-08 1.885887e-05 6.597074e-02 7.447268e-15 8.500089e-17 2.397572e-18 3.410966e-18 4.496423e-10 7.457840e-29 6.756649e-24 1.020627e-30 1.144691e-29 3.183127e-20 1.650624e-28 8.015202e-20 2.210735e-04 7.264100e-05 6.401288e-25 5.822653e-14 5.014078e-17 2.495476e-25 3.333387e-19 0.000000e+00 1.431152e-01 3.037257e-21 0.000000e+00 1.128807e-31 5.828413e-13 2.904760e-24 1.312504e-03 2.728444e-15 1.500950e-15 2.792716e-12 1.166198e-20 7.892854e-01 5.716657e-23 8.453550e-10 0.000000e+00 0.000000e+00 0.000000e+00 0.000000e+00 1.710763e-20 1.060516e-17 6.996122e-18 7.517837e-17 3.894395e-11 0.000000e+00 2.128430e-16 1.046162e-13 3.976850e-09 2.892901e-22 8.366941e-07 6.269672e-24 5.166468e-25 4.393090e-20 1.567214e-11 2.066702e-19 3.876408e-19 3.575998e-27 0.000000e+00 5.729327e-14 2.251239e-32 1.622966e-36 0.000000e+00 0.000000e+00 2.311576e-28 0.000000e+00 1.744643e-14 2.082232e-40 3.460368e-17 4.602665e-32 0.000000e+00 4.471569e-19 4.023976e-18 1.104951e-27 2.470221e-29 1.151402e-11 1.922449e-17 3.658043e-13 1.457536e-26 1.118996e-19 1.518052e-43 1.453010e-29 8.092129e-28 0.000000e+00 1.831987e-20 1.423315e-18 6.992349e-23 4.395540e-26 1.800554e-31 0.000000e+00 1.401503e-11 3.347285e-15 9.271258e-40 0.000000e+00 1.251518e-215 4.604047e-12
4.161673e-07 4.826431e-11 2.776774e-06 1.862227e-08 2.134894e-05 7.663414e-02 1.026541e-14 1.437902e-16 2.015217e-18 2.857844e-18 3.635347e-10 1.428751e-28 0.000000e+00 0.000000e+00 1.228042e-29 3.043521e-20 1.307116e-28 5.952099e-20 2.264959e-04 6.209728e-05 5.500674e-25 4.845233e-14 5.168857e-17 1.571171e-25 2.515800e-19 3.506139e-23 1.360885e-01 3.121926e-21 5.998612e-26 6.698961e-32 4.685674e-13 2.719939e-24 1.699071e-03 2.985139e-15 2.214979e-15 2.606933e-12 1.186858e-20 7.852648e-01 4.420410e-23 8.151046e-10 0.000000e+00 0.000000e+00 0.000000e+00 0.000000e+00 1.689234e-20 9.013082e-18 6.801786e-18 6.263633e-17 3.426405e-11 0.000000e+00 2.129961e-16 1.076186e-13 3.919246e-09 2.309906e-22 7.000819e-07 2.689904e-23 2.661403e-25 2.608736e-20 1.692118e-11 1.364498e-18 4.470031e-19 2.885727e-27 0.000000e+00 5.472743e-14 1.513608e-32 2.066383e-36 0.000000e+00 0.000000e+00 2.072826e-28 0.000000e+00 1.454024e-14 1.063083e-40 1.744148e-17 4.049542e-32 0.000000e+00 2.471259e-19 3.045680e-18 6.831095e-28 2.012211e-29 9.780376e-12 1.826619e-17 3.497790e-13 1.002045e-26 1.032712e-19 7.615969e-44 1.362365e-29 5.432508e-28 0.000000e+00 1.756625e-20 1.225450e-18 5.045751e-23 4.078710e-26 1.661317e-31 0.000000e+00 1.815274e-11 3.188490e-15 9.028495e-40 0.000000e+00 1.153532e-217 3.390974e-12
3.613389e-07 3.920361e-11 2.938103e-06 1.471205e-08 2.419219e-05 8.801310e-02 1.369502e-14 2.402698e-16 1.717750e-18 2.430840e-18 2.954130e-10 2.534949e-28 7.973508e-23 2.248846e-29 1.309269e-29 2.853381e-20 1.066656e-28 4.432049e-20 2.306747e-04 5.296732e-05 4.787771e-25 4.063533e-14 5.363883e-17 1.005760e-25 1.908942e-19 0.000000e+00 1.288426e-01 3.184365e-21 8.822606e-26 4.049507e-32 3.794184e-13 2.535386e-24 2.158131e-03 3.241540e-15 3.138649e-15 2.444886e-12 1.203830e-20 7.806748e-01 3.430676e-23 7.870167e-10 0.000000e+00 0.000000e+00 0.000000e+00 0.000000e+00 1.674137e-20 7.810439e-18 6.646070e-18 5.231491e-17 3.008997e-11 2.846438e-40 2.161819e-16 1.132310e-13 3.857471e-09 1.872901e-22 5.735054e-07 4.216848e-25 1.362565e-25 1.536398e-20 1.792180e-11 0.000000e+00 5.155451e-19 2.356848e-27 0.000000e+00 5.203624e-14 1.328946e-32 2.534795e-36 0.000000e+00 0.000000e+00 1.866833e-28 0.000000e+00 1.190010e-14 5.413163e-41 8.324681e-18 3.526926e-32 0.000000e+00 1.389285e-19 2.390702e-18 4.119252e-28 1.665191e-29 8.157422e-12 1.722229e-17 3.333787e-13 6.995871e-27 9.477585e-20 3.934971e-44 1.271590e-29 2.808470e-28 0.000000e+00 1.679280e-20 1.044107e-18 3.613909e-23 3.765081e-26 1.524308e-31 0.000000e+00 2.399924e-11 3.063641e-15 9.049799e-40 0.000000e+00 1.057560e-219 2.376719e-12
3.137339e-07 3.173185e-11 3.124546e-06 1.167579e-08 2.743674e-05 1.000313e-01 1.781256e-14 3.898486e-16 1.484162e-18 2.097901e-18 2.414723e-10 0.000000e+00 0.000000e+00 0.000000e+00 1.394857e-29 2.649002e-20 8.891879e-29 3.311195e-20 2.337023e-04 4.514212e-05 4.177437e-25 3.451934e-14 5.602321e-17 6.583856e-26 1.457182e-19 0.000000e+00 1.214701e-01 3.222539e-21 0.000000e+00 2.497205e-32 3.093491e-13 2.352601e-24 2.694821e-03 3.498868e-15 4.308821e-15 2.310142e-12 1.218924e-20 7.754939e-01 2.678763e-23 7.576574e-10 6.816669e-25 2.146247e-26 6.275279e-26 0.000000e+00 1.664167e-20 6.917301e-18 6.552205e-18 4.358124e-17 2.638852e-11 3.255958e-39 2.199166e-16 1.226111e-13 3.791624e-09 1.538263e-22 4.623420e-07 1.996959e-26 6.936139e-26 8.981979e-21 1.865691e-11 0.000000e+00 5.939007e-19 1.932109e-27 0.000000e+00 4.920731e-14 8.666577e-32 0.000000e+00 0.000000e+00 0.000000e+00 1.677626e-28 0.000000e+00 9.574909e-15 2.658826e-41 3.757393e-18 3.107510e-32 0.000000e+00 7.938034e-20 2.069062e-18 2.440719e-28 1.388427e-29 6.672822e-12 1.611679e-17 3.167187e-13 4.965048e-27 8.649274e-20 2.087587e-44 1.181430e-29 0.000000e+00 0.000000e+00 1.600469e-20 8.803221e-19 2.568599e-23 3.457546e-26 1.390794e-31 0.000000e+00 3.216821e-11 2.968424e-15 9.095508e-40 0.000000e+00 9.633542e-222 1.568102e-12
2.724008e-07 2.552733e-11 3.340803e-06 9.316927e-09 3.114885e-05 1.126097e-01 2.281218e-14 6.458906e-16 1.301611e-18 1.839894e-18 1.987101e-10 8.328194e-28 0.000000e+00 0.000000e+00 1.490032e-29 2.449031e-20 7.627781e-29 2.483244e-20 2.356923e-04 3.848400e-05 3.529347e-25 2.949176e-14 5.902207e-17 4.404123e-26 1.119701e-19 0.000000e+00 1.140640e-01 3.235443e-21 0.000000e+00 1.565286e-32 2.535845e-13 2.173040e-24 3.313727e-03 3.753715e-15 5.788313e-15 2.205918e-12 1.232239e-20 7.697035e-01 2.095754e-23 7.321029e-10 3.360000e-25 1.080254e-26 3.066558e-26 0.000000e+00 1.658446e-20 6.287193e-18 6.564767e-18 3.649021e-17 2.313300e-11 1.678079e-38 2.283914e-16 1.376825e-13 3.721840e-09 1.282832e-22 3.648728e-07 1.510439e-24 3.509210e-26 5.206902e-21 1.912602e-11 4.213164e-20 6.837501e-19 1.599295e-27 4.048529e-25 4.627507e-14 1.816063e-30 4.659746e-36 0.000000e+00 0.000000e+00 1.511068e-28 0.000000e+00 7.561774e-15 1.318893e-41 1.601478e-18 2.774440e-32 1.018615e-26 4.581667e-20 2.134890e-18 1.405156e-28 1.176894e-29 5.349758e-12 1.497256e-17 2.999162e-13 3.617301e-27 7.849319e-20 1.132249e-44 1.092612e-29 4.464637e-29 0.000000e+00 1.520721e-20 7.345098e-19 1.811889e-23 3.158766e-26 1.261912e-31 7.987160e-78 4.347690e-11 2.904788e-15 9.569339e-40 0.000000e+00 8.724533e-224 9.540091e-13
2.365131e-07 2.047024e-11 3.590839e-06 7.482648e-09 3.539128e-05 1.256675e-01 2.898950e-14 1.064146e-15 1.157885e-18 1.638539e-18 1.647619e-10 1.522367e-27 0.000000e+00 0.000000e+00 1.607915e-29 2.280742e-20 6.657608e-29 1.870023e-20 2.367601e-04 3.284951e-05 3.320477e-25 2.551512e-14 6.268459e-17 3.031579e-26 8.665466e-20 0.000000e+00 1.067163e-01 3.223207e-21 0.000000e+00 9.999617e-33 2.090238e-13 1.998081e-24 4.019101e-03 4.008748e-15 7.679665e-15 2.134756e-12 1.245647e-20 7.632883e-01 1.643901e-23 7.062275e-10 4.948908e-23 1.589010e-24 4.652481e-24 0.000000e+00 1.657095e-20 5.889616e-18 6.730398e-18 3.051342e-17 2.029695e-11 5.276246e-38 2.383250e-16 1.609006e-13 3.648285e-09 1.084012e-22 2.837582e-07 0.000000e+00 1.766363e-26 2.998724e-21 1.934114e-11 0.000000e+00 7.857013e-19 1.327250e-27 0.000000e+00 4.325874e-14 3.698609e-29 6.503026e-36 0.000000e+00 0.000000e+00 1.358702e-28 0.000000e+00 5.866738e-15 6.319840e-42 6.440695e-19 2.505614e-32 0.000000e+00 2.668536e-20 2.703324e-18 7.934867e-29 1.003951e-29 4.200201e-12 1.381209e-17 2.830883e-13 2.715051e-27 7.083972e-20 6.285506e-45 1.005804e-29 1.176325e-28 0.000000e+00 1.440569e-20 6.065415e-19 1.268352e-23 2.871076e-26 1.138658e-31 4.352848e-78 5.894876e-11 2.869308e-15 1.015923e-39 0.000000e+00 7.844975e-226 5.211931e-13
2.053534e-07 1.624052e-11 3.882682e-06 6.054797e-09 4.027094e-05 1.391325e-01 3.692683e-14 1.963775e-15 1.048364e-18 1.487687e-18 1.377756e-10 3.098673e-27 0.000000e+00 0.000000e+00 1.752639e-29 2.136756e-20 6.044216e-29 1.414064e-20 2.370242e-04 2.808830e-05 3.112004e-25 2.191713e-14 6.743756e-17 2.137172e-26 6.757623e-20 0.000000e+00 9.950929e-02 3.186261e-21 0.000000e+00 6.453190e-33 1.727888e-13 1.828893e-24 4.815218e-03 4.254205e-15 1.015125e-14 2.098558e-12 1.257418e-20 7.562335e-01 1.279902e-23 6.944532e-10 0.000000e+00 0.000000e+00 0.000000e+00 0.000000e+00 1.658823e-20 5.720578e-18 7.122994e-18 2.608921e-17 1.785390e-11 1.404958e-37 2.627916e-16 1.959412e-13 3.571129e-09 9.355266e-23 2.139171e-07 0.000000e+00 8.842348e-27 1.714309e-21 1.932143e-11 0.000000e+00 9.031081e-19 1.108733e-27 0.000000e+00 4.021524e-14 6.821012e-28 1.088945e-35 0.000000e+00 0.000000e+00 1.224372e-28 0.000000e+00 4.449266e-15 3.328987e-42 2.439385e-19 2.220551e-32 0.000000e+00 1.547768e-20 3.967871e-18 4.259044e-29 8.852437e-30 3.228985e-12 1.265492e-17 2.663424e-13 2.172564e-27 6.358075e-20 3.491512e-45 9.215790e-30 8.117713e-29 1.411992e-27 1.360504e-20 4.957373e-19 8.814328e-24 2.596326e-26 1.021802e-31 0.000000e+00 8.031407e-11 2.871256e-15 1.222570e-39 0.000000e+00 7.020226e-228 2.387286e-13
1.782989e-07 1.281530e-11 4.221660e-06 4.941945e-09 4.587220e-05 1.529369e-01 4.725679e-14 3.817060e-15 9.648532e-19 1.375268e-18 1.163005e-10 6.727442e-27 0.000000e+00 0.000000e+00 1.941313e-29 2.032719e-20 5.612374e-29 1.073409e-20 2.365838e-04 2.407056e-05 2.983703e-25 1.893204e-14 7.337519e-17 1.558452e-26 5.312418e-20 0.000000e+00 9.251919e-02 3.126157e-21 1.661768e-25 4.230404e-33 1.433716e-13 1.666491e-24 5.706887e-03 4.495683e-15 1.342549e-14 2.097994e-12 1.270148e-20 7.485261e-01 9.926641e-24 6.907886e-10 0.000000e+00 0.000000e+00 0.000000e+00 0.000000e+00 1.664889e-20 5.780412e-18 7.799595e-18 2.259194e-17 1.577214e-11 3.436566e-37 2.972302e-16 2.468073e-13 3.490555e-09 8.221544e-23 1.580926e-07 0.000000e+00 4.415047e-27 9.782237e-22 1.909069e-11 3.595550e-20 1.036347e-18 9.069438e-28 0.000000e+00 3.716023e-14 1.156805e-26 1.997536e-35 0.000000e+00 0.000000e+00 1.076628e-28 0.000000e+00 3.304710e-15 1.778457e-42 8.693238e-20 2.034377e-32 0.000000e+00 8.938836e-21 6.216564e-18 2.211679e-29 7.927487e-30 2.428977e-12 1.151814e-17 2.497798e-13 1.872370e-27 5.675406e-20 1.900648e-45 8.404589e-30 5.612311e-29 3.542159e-27 1.280996e-20 4.010665e-19 6.079264e-24 2.336018e-26 9.119431e-32 0.000000e+00 1.097827e-10 2.907522e-15 1.557639e-39 0.000000e+00 6.237347e-230 8.396199e-14
1.548088e-07 1.003783e-11 4.616767e-06 4.075069e-09 5.232104e-05 1.670120e-01 6.087173e-14 8.141964e-15 9.046129e-19 1.297954e-18 9.923331e-11 1.625286e-26 2.868724e-22 1.144548e-28 2.182879e-29 1.960305e-20 5.372954e-29 8.176651e-21 2.355301e-04 2.067762e-05 2.972656e-25 1.635054e-14 8.095028e-17 1.177422e-26 4.213191e-20 0.000000e+00 8.581720e-02 3.044516e-21 5.103921e-26 2.811384e-33 1.192910e-13 1.511768e-24 6.698889e-03 4.729254e-15 1.779576e-14 2.132569e-12 1.283926e-20 7.401586e-01 7.660284e-24 7.045459e-10 0.000000e+00 0.000000e+00 0.000000e+00 0.000000e+00 1.675637e-20 6.090073e-18 8.839434e-18 2.009672e-17 1.402045e-11 7.826639e-37 3.511665e-16 3.186680e-13 3.406800e-09 7.389741e-23 1.139170e-07 1.081941e-23 2.207816e-27 5.606008e-22 1.867377e-11 5.143840e-19 1.188329e-18 7.751287e-28 0.000000e+00 3.414531e-14 1.579846e-25 4.277398e-35 0.000000e+00 0.000000e+00 1.000912e-28 9.321312e-20 2.400466e-15 1.008249e-42 2.911998e-20 1.916468e-32 0.000000e+00 5.110394e-21 9.838891e-18 1.099365e-29 7.276084e-30 1.789241e-12 1.041651e-17 2.335000e-13 1.797350e-27 5.038832e-20 0.000000e+00 7.628983e-30 3.889554e-29 7.695365e-27 1.202510e-20 3.212455e-19 4.161952e-24 2.091365e-26 8.095345e-32 0.000000e+00 1.510268e-10 2.986288e-15 2.191045e-39 0.000000e+00 5.504957e-232 1.928872e-14
1.344133e-07 7.776734e-12 5.079831e-06 3.401256e-09 5.978063e-05 1.812967e-01 7.893003e-14 2.027011e-14 8.668525e-19 1.255772e-18 8.571931e-11 4.645342e-26 0.000000e+00 0.000000e+00 2.482031e-29 1.905629e-20 5.374899e-29 6.245723e-21 2.339429e-04 1.780353e-05 3.151097e-25 1.398794e-14 9.089765e-17 9.228275e-27 3.374087e-20 0.000000e+00 7.946408e-02 2.943334e-21 0.000000e+00 1.887540e-33 9.938370e-14 1.365378e-24 7.797085e-03 4.947952e-15 2.363148e-14 2.200193e-12 1.299047e-20 7.311255e-01 5.876604e-24 7.563556e-10 0.000000e+00 0.000000e+00 0.000000e+00 0.000000e+00 1.692562e-20 6.680490e-18 1.033255e-17 1.886867e-17 1.256528e-11 1.664030e-36 4.455453e-16 4.175415e-13 3.320095e-09 6.836940e-23 7.927521e-08 0.000000e+00 1.112567e-27 3.268625e-22 1.809628e-11 0.000000e+00 1.363154e-18 7.249454e-24 2.303575e-23 3.120289e-14 0.000000e+00 1.182654e-34 0.000000e+00 0.000000e+00 6.156443e-25 0.000000e+00 1.701653e-15 6.517805e-43 9.152133e-21 1.846624e-32 1.067279e-23 2.866208e-21 1.532949e-17 5.134717e-30 6.943675e-30 1.293680e-12 9.361694e-18 2.175888e-13 2.016424e-27 4.449911e-20 1.892594e-42 6.892112e-30 2.703579e-29 6.322331e-27 1.125457e-20 2.547829e-19 2.828592e-24 1.863133e-26 7.148195e-32 2.071253e-75 2.099095e-10 3.121514e-15 3.634251e-39 0.000000e+00 4.830713e-234 2.124413e-15
1.167049e-07 6.016838e-12 5.619125e-06 2.880715e-09 6.837430e-05 1.957252e-01 1.024862e-13 5.277828e-14 8.482362e-19 1.244075e-18 7.511383e-11 1.398342e-25 3.054779e-21 0.000000e+00 2.866303e-29 1.881228e-20 5.486795e-29 4.780612e-21 2.318875e-04 1.536280e-05 3.424239e-25 1.211359e-14 1.035931e-16 7.550495e-27 2.732458e-20 0.000000e+00 7.351741e-02 2.825520e-21 0.000000e+00 1.294531e-33 8.309938e-14 1.227865e-24 9.008147e-03 5.163166e-15 3.134697e-14 2.296697e-12 1.320335e-20 7.214279e-01 4.518416e-24 8.417238e-10 0.000000e+00 0.000000e+00 0.000000e+00 0.000000e+00 1.720199e-20 7.588128e-18 1.235125e-17 1.836246e-17 1.137082e-11 3.299616e-36 5.797090e-16 5.492049e-13 3.230731e-09 6.511350e-23 5.423528e-08 0.000000e+00 5.703975e-28 1.957242e-22 1.738464e-11 0.000000e+00 1.558420e-18 5.873503e-28 1.135446e-23 2.833473e-14 0.000000e+00 3.529308e-34 0.000000e+00 0.000000e+00 8.713988e-29 0.000000e+00 1.178967e-15 4.225641e-43 2.700675e-21 1.804843e-32 8.442119e-25 1.581560e-21 2.327059e-17 2.321699e-30 6.708128e-30 9.211124e-13 8.363267e-18 2.021297e-13 2.531226e-27 3.909504e-20 5.924522e-46 6.196951e-30 1.880170e-29 1.374025e-26 1.050241e-20 2.001481e-19 1.908037e-24 1.651853e-26 6.279298e-32 0.000000e+00 2.931821e-10 3.317717e-15 6.362598e-39 0.000000e+00 4.199826e-236 8.820195e-17
1.013295e-07 4.599574e-12 6.256074e-06 2.483931e-09 7.838558e-05 2.102334e-01 1.338474e-13 1.726235e-13 8.544720e-19 1.274899e-18 6.693907e-11 5.349557e-25 4.454276e-21 3.386128e-27 3.338085e-29 1.861189e-20 5.975097e-29 3.663934e-21 2.294275e-04 1.327454e-05 4.071457e-25 1.031697e-14 1.210033e-16 6.428093e-27 2.242436e-20 0.000000e+00 6.802646e-02 2.693740e-21 0.000000e+00 8.964486e-34 6.946619e-14 1.099546e-24 1.033992e-02 5.353463e-15 4.160924e-14 2.415922e-12 1.351720e-20 7.110729e-01 3.491596e-24 1.044554e-09 9.181065e-21 3.733956e-22 1.111444e-21 0.000000e+00 1.769298e-20 8.853120e-18 1.499658e-17 1.997396e-17 1.040317e-11 6.106156e-36 8.347459e-16 7.199833e-13 3.139013e-09 6.490406e-23 3.540426e-08 2.210285e-23 3.015348e-28 1.242697e-22 1.656441e-11 7.171188e-19 1.783703e-18 4.900783e-28 0.000000e+00 2.558468e-14 0.000000e+00 1.525544e-33 0.000000e+00 1.327940e-55 7.565885e-29 0.000000e+00 7.962769e-16 3.403278e-43 7.460379e-22 1.815021e-32 0.000000e+00 8.454269e-22 3.431333e-17 9.685235e-31 6.843239e-30 6.468898e-13 7.427827e-18 1.871919e-13 3.863249e-27 3.417321e-20 1.990129e-46 5.544990e-30 1.306865e-29 0.000000e+00 9.772058e-21 1.557624e-19 1.278055e-24 1.457651e-26 5.488132e-32 0.000000e+00 4.133510e-10 3.614137e-15 1.424719e-38 0.000000e+00 3.632703e-238 8.931162e-19
8.797976e-08 3.563136e-12 6.996400e-06 2.188988e-09 8.990171e-05 2.247531e-01 1.748858e-13 5.417653e-13 8.818500e-19 1.342111e-18 6.084443e-11 1.972406e-24 0.000000e+00 0.000000e+00 3.988787e-29 1.893760e-20 6.507728e-29 2.811639e-21 2.266100e-04 1.148098e-05 4.857371e-25 9.089866e-15 1.434433e-16 5.717753e-27 1.870178e-20 0.000000e+00 6.303608e-02 2.552134e-21 2.120795e-23 6.430135e-34 5.844557e-14 9.806496e-25 1.180223e-02 5.551834e-15 5.524431e-14 2.549075e-12 1.407800e-20 7.000736e-01 2.769378e-24 1.328942e-09 7.415292e-21 3.225461e-22 9.608194e-22 0.000000e+00 1.853358e-20 1.051446e-17 1.828165e-17 2.220466e-17 9.623156e-12 1.052222e-35 1.190657e-15 9.326735e-13 3.045297e-09 6.796519e-23 2.307229e-08 6.165121e-24 1.661838e-28 8.273761e-23 1.566202e-11 1.754612e-19 2.029836e-18 3.810130e-28 0.000000e+00 2.297382e-14 0.000000e+00 6.177884e-33 0.000000e+00 4.649086e-55 6.260500e-29 0.000000e+00 5.283402e-16 2.474490e-43 1.937285e-22 1.858872e-32 0.000000e+00 4.420440e-22 4.911635e-17 4.032948e-31 6.904834e-30 4.485542e-13 6.560335e-18 1.728422e-13 6.036995e-27 2.972628e-20 1.040103e-46 4.938142e-30 9.076838e-30 0.000000e+00 9.066874e-21 1.201513e-19 8.502458e-25 1.280494e-26 4.773465e-32 0.000000e+00 5.786495e-10 4.015400e-15 3.092688e-38 0.000000e+00 3.100592e-240 2.184891e-21
7.638878e-08 2.718440e-12 7.888255e-06 1.980431e-09 1.035516e-04 2.392233e-01 2.342225e-13 2.752552e-12 9.511055e-19 1.495075e-18 5.658977e-11 1.213596e-23 0.000000e+00 0.000000e+00 4.836067e-29 1.924986e-20 8.323134e-29 2.161455e-21 2.234872e-04 9.919960e-06 7.023548e-25 7.646339e-15 1.777675e-16 5.300424e-27 1.590846e-20 0.000000e+00 5.857856e-02 2.403306e-21 0.000000e+00 4.616613e-34 4.887562e-14 8.711047e-25 1.340720e-02 5.691892e-15 7.456158e-14 2.685469e-12 1.557002e-20 6.884461e-01 2.303038e-24 2.157825e-09 1.456044e-21 7.069488e-23 2.094926e-22 0.000000e+00 2.087160e-20 1.258350e-17 2.226859e-17 3.154984e-17 8.997244e-12 1.696379e-35 2.091692e-15 1.189589e-12 2.949911e-09 7.774645e-23 1.372266e-08 1.621945e-23 9.880563e-29 6.362121e-23 1.470035e-11 4.170752e-19 2.333046e-18 3.281671e-28 0.000000e+00 2.053231e-14 0.000000e+00 5.393700e-32 0.000000e+00 2.906290e-54 5.740974e-29 0.000000e+00 3.406936e-16 2.950313e-43 4.683755e-23 2.000947e-32 0.000000e+00 2.158955e-22 6.836305e-17 1.465995e-31 7.773336e-30 3.070629e-13 5.762421e-18 1.591219e-13 1.286540e-26 2.573391e-20 5.157433e-47 4.376623e-30 6.382599e-30 0.000000e+00 8.389088e-21 9.186319e-20 5.630034e-25 1.119855e-26 4.131979e-32 0.000000e+00 8.202671e-10 4.636410e-15 1.114541e-37 0.000000e+00 2.646433e-242 6.323750e-25
6.632487e-08 2.153661e-12 8.939352e-06 1.847044e-09 1.194363e-04 2.535871e-01 3.246507e-13 1.522315e-11 1.063932e-18 1.749310e-18 5.401558e-11 8.437723e-23 9.135505e-21 7.195459e-27 6.214332e-29 2.068481e-20 1.143266e-28 1.673433e-21 2.200747e-04 8.570868e-06 1.081619e-24 6.662078e-15 2.279537e-16 5.137165e-27 1.385745e-20 0.000000e+00 5.467898e-02 2.253154e-21 5.665548e-23 3.462324e-34 4.104722e-14 7.707937e-25 1.517570e-02 5.830121e-15 1.040477e-13 2.811808e-12 1.978842e-20 6.762012e-01 2.114365e-24 3.779117e-09 2.886825e-21 1.578025e-22 4.656628e-22 0.000000e+00 2.701354e-20 1.503953e-17 2.662254e-17 4.802739e-17 8.470936e-12 2.553883e-35 3.795382e-15 1.476211e-12 2.853197e-09 9.497723e-23 7.977868e-09 0.000000e+00 6.450928e-29 5.474305e-23 1.370337e-11 0.000000e+00 2.683636e-18 3.319003e-28 0.000000e+00 1.826003e-14 0.000000e+00 5.281116e-31 0.000000e+00 1.987324e-53 6.207576e-29 0.000000e+00 2.176168e-16 3.528393e-43 1.060409e-23 2.235814e-32 0.000000e+00 9.925893e-23 9.263686e-17 5.369629e-32 8.821413e-30 2.077132e-13 5.034775e-18 1.460687e-13 2.887673e-26 2.217473e-20 3.725281e-47 3.860847e-30 4.492016e-30 0.000000e+00 7.740747e-21 6.964714e-20 3.724165e-25 9.751576e-27 3.560199e-32 5.449656e-70 1.153880e-09 5.515174e-15 4.419531e-37 0.000000e+00 2.228189e-244 1.916246e-29
5.758683e-08 1.836830e-12 1.020792e-05 1.782470e-09 1.383059e-04 2.677704e-01 5.052373e-13 1.337327e-10 1.262770e-18 2.255534e-18 5.306608e-11 1.053136e-21 3.716590e-21 1.338855e-23 9.002017e-29 2.468240e-20 1.972696e-28 1.324666e-21 2.163858e-04 7.419812e-06 2.047395e-24 5.905725e-15 3.173588e-16 5.227598e-27 1.241756e-20 3.045661e-21 5.136279e-02 2.105926e-21 0.000000e+00 2.726823e-34 3.430356e-14 6.794626e-25 1.713438e-02 5.932937e-15 1.621313e-13 2.912457e-12 3.629362e-20 6.633601e-01 2.209059e-24 8.179875e-09 0.000000e+00 0.000000e+00 0.000000e+00 0.000000e+00 4.986502e-20 1.785489e-17 3.070530e-17 8.946554e-17 7.982545e-12 3.606237e-35 7.987193e-15 1.759479e-12 2.755561e-09 1.213592e-22 4.264733e-09 9.718465e-25 4.774172e-29 5.821164e-23 1.269002e-11 1.352626e-20 3.147592e-18 2.899045e-28 0.000000e+00 1.615471e-14 0.000000e+00 1.013721e-29 0.000000e+00 2.485300e-52 6.042459e-29 0.000000e+00 1.404511e-16 6.011923e-43 2.231652e-24 2.734222e-32 0.000000e+00 4.219117e-23 1.219864e-16 1.996399e-32 1.078859e-29 1.387522e-13 4.376262e-18 1.337098e-13 8.219966e-26 1.902209e-20 2.193482e-47 3.390961e-30 3.177916e-30 0.000000e+00 7.123472e-21 5.237154e-20 2.491226e-25 8.456113e-27 3.053800e-32 7.997924e-68 1.637666e-09 6.864612e-15 2.797687e-36 0.000000e+00 1.864968e-246 3.542959e-35
5.000000e-08 1.934997e-12 1.172245e-05 1.783422e-09 1.604668e-04 2.816786e-01 1.614466e-12 2.586672e-09 1.794699e-18 3.329243e-18 5.378658e-11 5.898112e-20 1.664212e-23 6.607306e-25 2.737667e-28 6.159399e-20 4.031866e-28 1.117111e-21 2.123998e-04 6.488533e-06 4.618482e-24 5.876804e-15 5.201632e-16 5.687111e-27 1.149280e-20 1.089402e-22 4.866235e-02 1.965093e-21 3.451757e-25 2.427208e-34 2.876403e-14 5.968141e-25 1.932258e-02 6.182120e-15 5.187371e-13 2.967003e-12 9.512836e-20 6.499454e-01 2.498355e-24 1.890611e-08 0.000000e+00 9.513375e-26 0.000000e+00 0.000000e+00 1.282719e-19 2.111378e-17 3.272496e-17 1.751905e-16 7.424634e-12 4.755150e-35 1.649212e-14 1.951431e-12 2.657488e-09 1.465679e-22 2.209040e-09 6.417366e-25 3.925465e-29 7.419684e-23 1.167367e-11 0.000000e+00 3.774149e-18 2.565805e-28 3.225038e-27 1.421655e-14 0.000000e+00 4.436535e-28 0.000000e+00 7.009518e-51 7.888374e-29 0.000000e+00 9.688032e-17 1.046587e-42 4.394726e-25 5.153683e-32 6.436133e-28 1.923911e-23 1.503496e-16 1.018320e-32 1.327174e-29 9.166537e-14 3.784995e-18 1.220679e-13 2.522578e-25 1.624889e-20 1.412282e-47 2.967940e-30 2.491929e-30 0.000000e+00 6.538673e-21 3.908203e-20 1.725195e-25 7.303856e-27 2.608375e-32 1.968716e-65 2.356922e-09 9.203199e-15 2.402451e-35 0.000000e+00 1.863316e-246 3.416135e-28
