PRESS OH H2 H2O H O CH C CH2 CH3 CH4 C2 C2H2 C2H C2H3 C2H4 C2H5 C2H6 CO CO2 CH2OH H2CO HCO CH3O CH3OH CH3CO O2 H2CCO HCCO CH3O2 HO2 CH3OOH N NH CN HCN NH2 N2 NH3 NO N2H2 N2H N2H3 N2H4 HNO H2CN HNCO NO2 N2O C4H2 CH2NH2 CH2NH CH3NH2 CH3CHO O3 NO3 HNO3 HNO2 NCO N2O5 S SH S2 SO H2S CS COS CS2 NS HS2 SO2 S4 S8 HCS S3 H2O2 SO3 HSO3 HSO H2SO4 HC3N CH3CN CH2CN C2H3CN CH3SH CH3S C3H3 C3H2 C3H4 C6H5 C6H6 C4H3 C4H5 S2O O_1 CH2_1 N_2D He H2O_l_s H2SO4_l Ar
1.000000e+00 4.552283e-17 2.847908e-06 8.918371e-03 3.740396e-23 2.762830e-19 1.436369e-34 0.000000e+00 2.781877e-30 6.271836e-17 5.656051e-05 4.486622e-58 1.536019e-13 9.003408e-41 3.828251e-31 9.830024e-11 1.453389e-18 5.329941e-11 5.163471e-07 3.990323e-04 2.872252e-30 3.105249e-09 4.659475e-24 4.014788e-20 1.299457e-13 1.737434e-21 2.002543e-01 1.353707e-16 2.045076e-14 2.037477e-18 9.247176e-18 4.446069e-19 3.219639e-31 6.771932e-24 3.736499e-33 5.418196e-11 9.068170e-22 7.810145e-01 5.370709e-10 3.416816e-07 6.489351e-22 1.906077e-26 6.000099e-22 5.058486e-23 1.221648e-11 1.633394e-17 2.644321e-13 7.622332e-09 5.460317e-07 4.866570e-19 2.531697e-23 6.623397e-20 1.495447e-15 3.412029e-15 1.289499e-13 4.457907e-21 4.673646e-11 2.183214e-10 5.071214e-27 2.462748e-20 2.383881e-27 3.410056e-18 2.737297e-18 7.406750e-20 4.412678e-10 0.000000e+00 5.723348e-10 3.496913e-23 1.383850e-18 1.436042e-18 3.719034e-10 1.235928e-23 7.467271e-27 1.700320e-35 8.287841e-22 1.141940e-16 2.003646e-21 2.238667e-25 3.432803e-09 1.347303e-15 1.816361e-14 4.131883e-11 4.783919e-13 1.543120e-13 1.470697e-16 2.130715e-26 1.667804e-19 4.852599e-14 2.336049e-14 1.529293e-23 8.083381e-17 6.458722e-17 1.621112e-21 1.388103e-31 8.479082e-29 6.799447e-32 5.832838e-48 0.000000e+00 0.000000e+00 5.767013e-24 9.352999e-03
8.682540e-01 5.864441e-17 2.855076e-06 6.453400e-03 5.193795e-23 3.695231e-19 1.217820e-33 9.292422e-33 3.255360e-30 7.182322e-17 5.669417e-05 0.000000e+00 1.540118e-13 5.599607e-41 3.827187e-31 9.855074e-11 1.689932e-18 5.343582e-11 5.178484e-07 4.000269e-04 3.646994e-30 3.084146e-09 6.129694e-24 5.012742e-20 1.303060e-13 2.953116e-21 2.007523e-01 1.357138e-16 2.050208e-14 2.192185e-18 1.087620e-17 4.456758e-19 1.169014e-31 3.631496e-24 5.484209e-33 5.433869e-11 1.056565e-21 7.829570e-01 5.382213e-10 3.423516e-07 6.504868e-22 2.840887e-26 6.014612e-22 5.071658e-23 1.229385e-11 1.637556e-17 2.651009e-13 7.690452e-09 5.473465e-07 4.878683e-19 2.552133e-23 6.640115e-20 1.499247e-15 3.433990e-15 1.852709e-13 5.333876e-21 2.483333e-10 2.191502e-10 7.266746e-27 6.752414e-20 4.022210e-27 4.928311e-18 2.824038e-18 1.232543e-19 4.406346e-10 0.000000e+00 5.731634e-10 3.525718e-23 1.387589e-18 2.197789e-18 3.728337e-10 1.503849e-23 7.489358e-27 1.732967e-35 8.310692e-22 1.146040e-16 3.517986e-21 3.004112e-25 3.441316e-09 2.970146e-15 1.820968e-14 4.142056e-11 4.795113e-13 1.547027e-13 1.476771e-16 3.123138e-26 1.677891e-19 4.864888e-14 2.342004e-14 1.551155e-23 8.103021e-17 6.476177e-17 1.625321e-21 1.391366e-31 1.681626e-28 1.373217e-31 2.172887e-48 0.000000e+00 1.984436e-05 6.660267e-22 9.376260e-03
7.538651e-01 7.318113e-17 2.858806e-06 5.218929e-03 6.968434e-23 4.820570e-19 7.406881e-33 1.645394e-31 3.790126e-30 8.002091e-17 5.675746e-05 5.582215e-59 1.542747e-13 3.550054e-41 3.775861e-31 9.868640e-11 1.918477e-18 5.351065e-11 5.187148e-07 4.005244e-04 4.498037e-30 3.032643e-09 7.650013e-24 6.018214e-20 1.305529e-13 4.836387e-21 2.010017e-01 1.358964e-16 2.052854e-14 2.277252e-18 1.237457e-17 4.461208e-19 4.404425e-32 2.031885e-24 7.671176e-33 5.443168e-11 1.201260e-21 7.839299e-01 5.386856e-10 3.426283e-07 6.511805e-22 4.067735e-26 6.021360e-22 5.079474e-23 1.238019e-11 1.639862e-17 2.654563e-13 7.714910e-09 5.479821e-07 4.885066e-19 2.588049e-23 6.648960e-20 1.501287e-15 3.470639e-15 2.554209e-13 6.244873e-21 4.542615e-10 2.192336e-10 9.624777e-27 1.693429e-19 5.832536e-27 6.946416e-18 3.029451e-18 1.771611e-19 4.394539e-10 0.000000e+00 5.732251e-10 3.559787e-23 1.389979e-18 3.329556e-18 3.733399e-10 1.614673e-23 7.506381e-27 1.787023e-35 8.326060e-22 1.150517e-16 5.327810e-21 3.886373e-25 3.445516e-09 4.845050e-15 1.823426e-14 4.147087e-11 4.799554e-13 1.549101e-13 1.484440e-16 4.699759e-26 1.692374e-19 4.871416e-14 2.345231e-14 1.567406e-23 8.112296e-17 6.487056e-17 1.627719e-21 1.392859e-31 3.005493e-28 2.420991e-31 8.301556e-49 0.000000e+00 8.915369e-06 3.442736e-20 9.387909e-03
6.545464e-01 8.925061e-17 2.862353e-06 4.081916e-03 9.129131e-23 6.174759e-19 3.877689e-32 0.000000e+00 4.446912e-30 8.750714e-17 5.681536e-05 0.000000e+00 1.545783e-13 2.341483e-41 3.684404e-31 9.881989e-11 2.138635e-18 5.358503e-11 5.195229e-07 4.009828e-04 5.428351e-30 2.960994e-09 9.214110e-24 7.032769e-20 1.308394e-13 7.844456e-21 2.012315e-01 1.360738e-16 2.055355e-14 2.309728e-18 1.376172e-17 4.464358e-19 1.798692e-32 1.167894e-24 7.909687e-33 5.452206e-11 1.341002e-21 7.848259e-01 5.390869e-10 3.429129e-07 6.517757e-22 5.663279e-26 6.027350e-22 5.087937e-23 1.247373e-11 1.642232e-17 2.658025e-13 7.703696e-09 5.485647e-07 4.891369e-19 2.644686e-23 6.657543e-20 1.503281e-15 3.529099e-15 3.420903e-13 7.194177e-21 6.518918e-10 2.183560e-10 1.218442e-26 4.001468e-19 7.838056e-27 9.632276e-18 3.381005e-18 2.371370e-19 4.383291e-10 3.325772e-29 5.732113e-10 3.625328e-23 1.392626e-18 4.957368e-18 3.738482e-10 1.750720e-23 7.527036e-27 1.901588e-35 8.343655e-22 1.156995e-16 8.216753e-21 4.897532e-25 3.449313e-09 6.912832e-15 1.825817e-14 4.151706e-11 4.802743e-13 1.551111e-13 1.495929e-16 7.432481e-26 1.712377e-19 4.877739e-14 2.348408e-14 1.580872e-23 8.120585e-17 6.498644e-17 1.630163e-21 1.394201e-31 5.036164e-28 4.500493e-31 3.274557e-49 0.000000e+00 7.900818e-06 8.854464e-19 9.398639e-03
5.683125e-01 1.067314e-16 2.865582e-06 3.090992e-03 1.166284e-22 7.724658e-19 1.775058e-31 6.382322e-31 5.253137e-30 9.285162e-17 5.686515e-05 9.612177e-57 1.549262e-13 3.445647e-41 3.481430e-31 9.894673e-11 2.324766e-18 5.365654e-11 5.202433e-07 4.013824e-04 6.423173e-30 2.874789e-09 1.079513e-23 8.005042e-20 1.311632e-13 1.335423e-20 2.014317e-01 1.362394e-16 2.057614e-14 2.277529e-18 1.490309e-17 4.465989e-19 6.871478e-33 6.488927e-25 8.477705e-33 5.460716e-11 1.460486e-21 7.856068e-01 5.394002e-10 3.431882e-07 6.522547e-22 7.802389e-26 6.032404e-22 5.097004e-23 1.256597e-11 1.644635e-17 2.661286e-13 7.660384e-09 5.490680e-07 4.897389e-19 2.724574e-23 6.665567e-20 1.505158e-15 3.612367e-15 4.517669e-13 8.120154e-21 8.372714e-10 2.162917e-10 1.490756e-26 9.750069e-19 1.004802e-26 1.317561e-17 3.898612e-18 3.038983e-19 4.372618e-10 3.374595e-29 5.731068e-10 3.658921e-23 1.395491e-18 7.327068e-18 3.743412e-10 1.998401e-23 7.551166e-27 1.960258e-35 8.363328e-22 1.165713e-16 1.293322e-20 6.065793e-25 3.452529e-09 9.159849e-15 1.828056e-14 4.155713e-11 4.804492e-13 1.552983e-13 1.511630e-16 1.214080e-25 1.736772e-19 4.883634e-14 2.351429e-14 1.592657e-23 8.127582e-17 6.510589e-17 1.632582e-21 1.395330e-31 8.093097e-28 9.016915e-31 1.175433e-49 0.000000e+00 6.781133e-06 1.208249e-17 9.407989e-03
4.934396e-01 1.257686e-16 2.868498e-06 2.245854e-03 1.466091e-22 9.518863e-19 7.307384e-31 0.000000e+00 6.702681e-30 9.668303e-17 5.690685e-05 0.000000e+00 1.553307e-13 4.239738e-40 3.228768e-31 9.906747e-11 2.484983e-18 5.372554e-11 5.208752e-07 4.017234e-04 7.523625e-30 2.779240e-09 1.239866e-23 8.942425e-20 1.315288e-13 2.396477e-20 2.016024e-01 1.363940e-16 2.059634e-14 2.202580e-18 1.587579e-17 4.466265e-19 1.952027e-33 3.567272e-25 1.627047e-32 5.468727e-11 1.564609e-21 7.862728e-01 5.396246e-10 3.434503e-07 6.526284e-22 1.063673e-25 6.036621e-22 5.106878e-23 1.265253e-11 1.647118e-17 2.664366e-13 7.590525e-09 5.494920e-07 4.903158e-19 2.831457e-23 6.673066e-20 1.506928e-15 3.723958e-15 5.892042e-13 9.072964e-21 1.008870e-09 2.130373e-10 1.785852e-26 2.415580e-18 1.249220e-26 1.786446e-17 4.598401e-18 3.789127e-19 4.362535e-10 0.000000e+00 5.729171e-10 3.663816e-23 1.398609e-18 1.079042e-17 3.748204e-10 2.378079e-23 7.579065e-27 1.950460e-35 8.385396e-22 1.176981e-16 2.101697e-20 7.405508e-25 3.455162e-09 1.154426e-14 1.830153e-14 4.159110e-11 4.804855e-13 1.554724e-13 1.532016e-16 2.031469e-25 1.764499e-19 4.889120e-14 2.354307e-14 1.602397e-23 8.133343e-17 6.522915e-17 1.634986e-21 1.396247e-31 1.259434e-27 2.162697e-30 4.038665e-50 0.000000e+00 5.738130e-06 8.975449e-17 9.415964e-03
4.284310e-01 1.460124e-16 2.871061e-06 1.562303e-03 1.797967e-22 1.140027e-18 2.726212e-30 1.765244e-30 9.232025e-30 9.617052e-17 5.693956e-05 1.607040e-55 1.558003e-13 6.116177e-39 2.828489e-31 9.918097e-11 2.570155e-18 5.379145e-11 5.214094e-07 4.019994e-04 8.670307e-30 2.679250e-09 1.398760e-23 9.725756e-20 1.319375e-13 5.050138e-20 2.017406e-01 1.365359e-16 2.061386e-14 2.054645e-18 1.643469e-17 4.465402e-19 1.553279e-33 1.775501e-25 1.828766e-32 5.476168e-11 1.623746e-21 7.868115e-01 5.397509e-10 3.436883e-07 6.528958e-22 1.468804e-25 6.039985e-22 5.117652e-23 1.273045e-11 1.649695e-17 2.667241e-13 7.500590e-09 5.498281e-07 4.908623e-19 2.969407e-23 6.679958e-20 1.508571e-15 3.867069e-15 7.725443e-13 9.951409e-21 1.165282e-09 2.086903e-10 2.096606e-26 7.198383e-18 1.517174e-26 2.400784e-17 5.483045e-18 4.621100e-19 4.352978e-10 6.575071e-29 5.726385e-10 3.683187e-23 1.401990e-18 1.582413e-17 3.752811e-10 2.934619e-23 7.610852e-27 1.990665e-35 8.410002e-22 1.191050e-16 3.539127e-20 8.991477e-25 3.457157e-09 1.391047e-14 1.832082e-14 4.161829e-11 4.803829e-13 1.556315e-13 1.557429e-16 4.041099e-25 1.794211e-19 4.894134e-14 2.357014e-14 1.609987e-23 8.137782e-17 6.535543e-17 1.637360e-21 1.396930e-31 1.931513e-27 5.760323e-30 1.091175e-50 0.000000e+00 4.598475e-06 3.953199e-16 9.422413e-03
3.719869e-01 1.682409e-16 2.873223e-06 1.058714e-03 2.196871e-22 1.361064e-18 9.256666e-30 4.630213e-30 1.500474e-29 9.533618e-17 5.696220e-05 9.914484e-55 1.563438e-13 6.871224e-38 2.477001e-31 9.928586e-11 2.644853e-18 5.385357e-11 5.218361e-07 4.022030e-04 9.918707e-30 2.579852e-09 1.564022e-23 1.049734e-19 1.323898e-13 1.128887e-19 2.018423e-01 1.366630e-16 2.062836e-14 1.902388e-18 1.698931e-17 4.463764e-19 7.698994e-34 9.242791e-26 3.627139e-32 5.482958e-11 1.676791e-21 7.872084e-01 5.397677e-10 3.438890e-07 6.530524e-22 2.008613e-25 6.042457e-22 5.129397e-23 1.279768e-11 1.652373e-17 2.669878e-13 7.397937e-09 5.500660e-07 4.913718e-19 3.143768e-23 6.686146e-20 1.510066e-15 4.045010e-15 1.003081e-12 1.097985e-20 1.305495e-09 2.035494e-10 2.448647e-26 2.541688e-17 1.817781e-26 3.218425e-17 6.534443e-18 5.570033e-19 4.343813e-10 4.989909e-29 5.722645e-10 3.666227e-23 1.405639e-18 2.265519e-17 3.757182e-10 3.611625e-23 7.646631e-27 1.889508e-35 8.437257e-22 1.208159e-16 6.073963e-20 1.081106e-24 3.458454e-09 1.608921e-14 1.833819e-14 4.163794e-11 4.801409e-13 1.557732e-13 1.588243e-16 7.622425e-25 1.824694e-19 4.898605e-14 2.359518e-14 1.614665e-23 8.140779e-17 6.548395e-17 1.639687e-21 1.397351e-31 2.903198e-27 1.733912e-29 3.087486e-51 0.000000e+00 3.350030e-06 1.103414e-15 9.427164e-03
3.229791e-01 1.911532e-16 2.875177e-06 6.846182e-04 2.601200e-22 1.559899e-18 2.874454e-29 0.000000e+00 2.545604e-29 8.765220e-17 5.697738e-05 1.828603e-53 1.570086e-13 6.026269e-37 1.966453e-31 9.939082e-11 2.589373e-18 5.391695e-11 5.221892e-07 4.023545e-04 1.120379e-29 2.480394e-09 1.722454e-23 1.093833e-19 1.329179e-13 3.479268e-19 2.019179e-01 1.367861e-16 2.064116e-14 1.665651e-18 1.693094e-17 4.461839e-19 0.000000e+00 4.354884e-26 6.062547e-33 5.489613e-11 1.650570e-21 7.875032e-01 5.396875e-10 3.440652e-07 6.531297e-22 2.863744e-25 6.044384e-22 5.143081e-23 1.285658e-11 1.655383e-17 2.672504e-13 7.284542e-09 5.502317e-07 4.918873e-19 3.371163e-23 6.692160e-20 1.511539e-15 4.272077e-15 1.338105e-12 1.192626e-20 1.435240e-09 1.975969e-10 2.823235e-26 1.145234e-16 2.147650e-26 4.290572e-17 7.766367e-18 6.613205e-19 4.334670e-10 0.000000e+00 5.717941e-10 3.625576e-23 1.409831e-18 3.147530e-17 3.761669e-10 4.561947e-23 7.688886e-27 1.662791e-35 8.469209e-22 1.229609e-16 1.087858e-19 1.307113e-24 3.459209e-09 1.811585e-14 1.835510e-14 4.165208e-11 4.797651e-13 1.559096e-13 1.626684e-16 1.897902e-24 1.856072e-19 4.902912e-14 2.362027e-14 1.614802e-23 8.142709e-17 6.562399e-17 1.642148e-21 1.397567e-31 4.398913e-27 5.226822e-29 6.080513e-52 0.000000e+00 2.323227e-06 2.333972e-15 9.430693e-03
2.804279e-01 2.162121e-16 2.877005e-06 4.345426e-04 3.081500e-22 1.789820e-18 8.126247e-29 0.000000e+00 4.513787e-29 8.063147e-17 5.698511e-05 4.223883e-51 1.578554e-13 4.252365e-36 1.566086e-31 9.950162e-11 2.530439e-18 5.398523e-11 5.224777e-07 4.024563e-04 1.263365e-29 2.381833e-09 1.886753e-23 1.136092e-19 1.335586e-13 1.133121e-18 2.019684e-01 1.369114e-16 2.065275e-14 1.451887e-18 1.696355e-17 4.460211e-19 6.533369e-34 2.648781e-26 2.782994e-32 5.496462e-11 1.621535e-21 7.877003e-01 5.394955e-10 3.442148e-07 6.531322e-22 4.060719e-25 6.045886e-22 5.159767e-23 1.290785e-11 1.658953e-17 2.675268e-13 7.163238e-09 5.503263e-07 4.924382e-19 3.677362e-23 6.698309e-20 1.513067e-15 4.569073e-15 1.774793e-12 1.318703e-20 1.557562e-09 1.910972e-10 3.274344e-26 3.400661e-16 2.526495e-26 5.730854e-17 9.171949e-18 7.828791e-19 4.325094e-10 0.000000e+00 5.712020e-10 3.606694e-23 1.414864e-18 4.165178e-17 3.766538e-10 5.681606e-23 7.740625e-27 1.532690e-35 8.508207e-22 1.257211e-16 1.973504e-19 1.570008e-24 3.459416e-09 2.021532e-14 1.837242e-14 4.166084e-11 4.792334e-13 1.560475e-13 1.676083e-16 4.428962e-24 1.888660e-19 4.907273e-14 2.364677e-14 1.612919e-23 8.143587e-17 6.578426e-17 1.644892e-21 1.397568e-31 6.590840e-27 1.563690e-28 1.549778e-52 0.000000e+00 1.372635e-06 4.056235e-15 9.433051e-03
2.434827e-01 2.406713e-16 2.879430e-06 2.466167e-04 3.564219e-22 2.006320e-18 2.188302e-28 0.000000e+00 7.831580e-29 7.111832e-17 5.698640e-05 4.086833e-49 1.593236e-13 2.457061e-35 1.179737e-31 9.966674e-11 2.393709e-18 5.408873e-11 5.227903e-07 4.025338e-04 1.409894e-29 2.255653e-09 2.019509e-23 1.149852e-19 1.346187e-13 4.410121e-18 2.020063e-01 1.370924e-16 2.066759e-14 1.221639e-18 1.661414e-17 4.459580e-19 9.974164e-33 2.174964e-26 0.000000e+00 5.506350e-11 1.541899e-21 7.878484e-01 5.390794e-10 3.443793e-07 6.530570e-22 5.846887e-25 6.047627e-22 5.187705e-23 1.296543e-11 1.664829e-17 2.679392e-13 6.998616e-09 5.503670e-07 4.932699e-19 4.233113e-23 6.707227e-20 1.515311e-15 5.090991e-15 2.375987e-12 1.480133e-20 1.710285e-09 1.822180e-10 3.820918e-26 7.967919e-16 2.959930e-26 7.666629e-17 1.120408e-17 9.277172e-19 4.311495e-10 0.000000e+00 5.702369e-10 3.606652e-23 1.423155e-18 5.519184e-17 3.773966e-10 7.689355e-23 7.826690e-27 1.484107e-35 8.573186e-22 1.304990e-16 3.958595e-19 1.874474e-24 3.458997e-09 2.336887e-14 1.839755e-14 4.166607e-11 4.782974e-13 1.562455e-13 1.761672e-16 1.132630e-23 1.932769e-19 4.913537e-14 2.368631e-14 1.620189e-23 8.143496e-17 6.603818e-17 1.649169e-21 1.397290e-31 9.872069e-27 4.939043e-28 4.603964e-53 0.000000e+00 6.471366e-07 6.958983e-15 9.434822e-03
2.114048e-01 2.576771e-16 2.884577e-06 9.963360e-05 3.931394e-22 2.187856e-18 5.908526e-28 9.520964e-31 1.314367e-28 6.037132e-17 5.697444e-05 2.150272e-47 1.631071e-13 1.198094e-34 8.419903e-32 1.000490e-10 2.171119e-18 5.433111e-11 5.233009e-07 4.025972e-04 1.531526e-29 2.030134e-09 2.028441e-23 1.114610e-19 1.372333e-13 1.961995e-17 2.020360e-01 1.375025e-16 2.069812e-14 9.899601e-19 1.551993e-17 4.464612e-19 8.903488e-32 2.350505e-26 0.000000e+00 5.528451e-11 1.401874e-21 7.879643e-01 5.379348e-10 3.446374e-07 6.528204e-22 8.265950e-25 6.051366e-22 5.257808e-23 1.305528e-11 1.679451e-17 2.688983e-13 6.693387e-09 5.503113e-07 4.952183e-19 5.728406e-23 6.727515e-20 1.520454e-15 6.445285e-15 3.140805e-12 1.716063e-20 1.984617e-09 1.660118e-10 4.546947e-26 1.811948e-15 3.462341e-26 1.029657e-16 1.520964e-17 1.120926e-18 4.282908e-10 0.000000e+00 5.679962e-10 3.614617e-23 1.443618e-18 7.860773e-17 3.791428e-10 1.294768e-22 8.039162e-27 1.386608e-35 8.734646e-22 1.426978e-16 1.077104e-18 2.167312e-24 3.456978e-09 3.070441e-14 1.845468e-14 4.166609e-11 4.759879e-13 1.566917e-13 1.981311e-16 3.367312e-23 2.018314e-19 4.927668e-14 2.377790e-14 1.726254e-23 8.141346e-17 6.664713e-17 1.659355e-21 1.396247e-31 1.452116e-26 2.071684e-27 1.613437e-53 0.000000e+00 1.931580e-07 1.357399e-14 9.436202e-03
1.835531e-01 2.661335e-16 2.893769e-06 3.323542e-05 4.147160e-22 2.334096e-18 1.313570e-27 3.198654e-30 2.126834e-28 4.908129e-17 5.694458e-05 6.869199e-46 1.705410e-13 5.049407e-34 5.710386e-32 1.007567e-10 1.893440e-18 5.478184e-11 5.240176e-07 4.026317e-04 1.634194e-29 1.741166e-09 1.920909e-23 1.037116e-19 1.421749e-13 9.784773e-17 2.020493e-01 1.382550e-16 2.075192e-14 7.693004e-19 1.385818e-17 4.487864e-19 6.084038e-31 2.881911e-26 0.000000e+00 5.567971e-11 1.233115e-21 7.880168e-01 5.357479e-10 3.449540e-07 6.524644e-22 1.167048e-24 6.059083e-22 5.393241e-23 1.315485e-11 1.707582e-17 2.706874e-13 6.303028e-09 5.501195e-07 4.988593e-19 8.838427e-23 6.764881e-20 1.529938e-15 9.141208e-15 4.137071e-12 2.039890e-20 2.352273e-09 1.452378e-10 5.550906e-26 3.287169e-15 4.051108e-26 1.390729e-16 2.060759e-17 1.376211e-18 4.237094e-10 2.412418e-29 5.641820e-10 3.704879e-23 1.482501e-18 1.094670e-16 3.823747e-10 2.191093e-22 8.436935e-27 1.822279e-35 9.042062e-22 1.664229e-16 3.442456e-18 2.439427e-24 3.452733e-09 4.397916e-14 1.855969e-14 4.165783e-11 4.718235e-13 1.575091e-13 2.413256e-16 1.120344e-22 2.144978e-19 4.953565e-14 2.394751e-14 2.424323e-23 8.136637e-17 6.778296e-17 1.678398e-21 1.394123e-31 2.117851e-26 9.888133e-27 5.671256e-54 0.000000e+00 3.629485e-08 2.432326e-14 9.436815e-03
1.593707e-01 2.545653e-16 2.913767e-06 3.325048e-05 4.017981e-22 2.461675e-18 2.149200e-27 1.897580e-31 3.356392e-28 3.795572e-17 5.687908e-05 1.459089e-44 1.875179e-13 1.931789e-33 3.717011e-32 1.023136e-10 1.569446e-18 5.577512e-11 5.253067e-07 4.026483e-04 1.684176e-29 1.337611e-09 1.605491e-23 8.977244e-20 1.530798e-13 4.613156e-16 2.020490e-01 1.399058e-16 2.086829e-14 5.642839e-19 1.130495e-17 4.568169e-19 3.338284e-30 3.681938e-26 5.091672e-33 5.652293e-11 1.061659e-21 7.880171e-01 5.310033e-10 3.453707e-07 6.519103e-22 1.593829e-24 6.077884e-22 5.699339e-23 1.326913e-11 1.770740e-17 2.746544e-13 5.803567e-09 5.496712e-07 5.069283e-19 1.655737e-22 6.847083e-20 1.550781e-15 1.549993e-14 5.311134e-12 2.434718e-20 2.920733e-09 1.166320e-10 6.919884e-26 5.438221e-15 4.741614e-26 1.889427e-16 2.813720e-17 1.734335e-18 4.149947e-10 1.364515e-29 5.567105e-10 3.790466e-23 1.568950e-18 1.579081e-16 3.893929e-10 3.743589e-22 9.288062e-27 2.010475e-35 9.725082e-22 2.203821e-16 3.420310e-18 2.556611e-24 3.443640e-09 7.232678e-14 1.879012e-14 4.163440e-11 4.631866e-13 1.593008e-13 3.415098e-16 4.019711e-22 2.373650e-19 5.010341e-14 2.432066e-14 6.964619e-23 8.127047e-17 7.027485e-17 1.720398e-21 1.389499e-31 3.013733e-26 1.565732e-26 1.985875e-54 0.000000e+00 1.796481e-09 4.238266e-14 9.436785e-03
1.383743e-01 2.364616e-16 2.941858e-06 3.326750e-05 3.815678e-22 2.704794e-18 3.436698e-27 5.939793e-31 5.206113e-28 2.853460e-17 5.679788e-05 2.180581e-43 2.118785e-13 6.661758e-33 2.467322e-32 1.044970e-10 1.293131e-18 5.716882e-11 5.269175e-07 4.026709e-04 1.724646e-29 9.939186e-10 1.297484e-23 7.600642e-20 1.682846e-13 1.320968e-15 2.020486e-01 1.422204e-16 2.103135e-14 3.989004e-19 9.051059e-18 4.715052e-19 1.518410e-29 4.748272e-26 0.000000e+00 5.767479e-11 1.031403e-21 7.880175e-01 5.245608e-10 3.456674e-07 6.512473e-22 2.394157e-24 6.104807e-22 6.137519e-23 1.333774e-11 1.859877e-17 2.802586e-13 5.487594e-09 5.491101e-07 5.183098e-19 2.910980e-22 6.962636e-20 1.580022e-15 2.530878e-14 6.946665e-12 2.813781e-20 3.493897e-09 9.152573e-11 8.938598e-26 7.434269e-15 5.579481e-26 2.579641e-16 3.450650e-17 2.154789e-18 4.042301e-10 1.009948e-29 5.475194e-10 3.834895e-23 1.690603e-18 2.135323e-16 3.989557e-10 5.110705e-22 1.037857e-26 1.952832e-35 1.068380e-21 2.985958e-16 3.306154e-18 2.599630e-24 3.432158e-09 1.108686e-13 1.911316e-14 4.160265e-11 4.519237e-13 1.618124e-13 4.912515e-16 1.379953e-21 2.666940e-19 5.089943e-14 2.484396e-14 2.854998e-22 8.115994e-17 7.374542e-17 1.779253e-21 1.383358e-31 4.383540e-26 2.431177e-26 7.308813e-55 0.000000e+00 8.780007e-13 6.103710e-14 9.436744e-03
1.201440e-01 2.152607e-16 2.980587e-06 3.329143e-05 3.682573e-22 3.321324e-18 5.531954e-27 5.525132e-31 8.232939e-28 2.308677e-17 5.669833e-05 2.406505e-42 2.459808e-13 2.122553e-32 1.921542e-32 1.075013e-10 1.141118e-18 5.908766e-11 5.289675e-07 4.027012e-04 1.768989e-29 7.167769e-10 1.030030e-23 6.560206e-20 1.890675e-13 2.315674e-15 2.020481e-01 1.454040e-16 2.125538e-14 2.929481e-19 7.388093e-18 4.954589e-19 5.924316e-29 5.968607e-26 2.192824e-33 5.922373e-11 1.327326e-21 7.880181e-01 5.159361e-10 3.457505e-07 6.501195e-22 3.957986e-24 6.139375e-22 6.753682e-23 1.335649e-11 1.982469e-17 2.880176e-13 5.431074e-09 5.484160e-07 5.340435e-19 4.946308e-22 7.121969e-20 1.620272e-15 4.066225e-14 8.868849e-12 3.107298e-20 4.087167e-09 7.071641e-11 1.208836e-25 9.380021e-15 6.643778e-26 3.504828e-16 4.008597e-17 2.632394e-18 3.908218e-10 1.205870e-29 5.363953e-10 3.838579e-23 1.858612e-18 2.828336e-16 4.115826e-10 5.904731e-22 1.167404e-26 1.819364e-35 1.200423e-21 4.108623e-16 3.092584e-18 2.504625e-24 3.418070e-09 1.627155e-13 1.955735e-14 4.156018e-11 4.374698e-13 1.652656e-13 7.145983e-16 3.317503e-21 3.072150e-19 5.199413e-14 2.556390e-14 1.022702e-21 8.103521e-17 7.849241e-17 1.860186e-21 1.375304e-31 6.352245e-26 3.843357e-26 4.243426e-55 0.000000e+00 3.559189e-16 8.011424e-14 9.436685e-03
1.043155e-01 1.946551e-16 3.031340e-06 3.332259e-05 3.590775e-22 4.411174e-18 8.894375e-27 2.864086e-34 1.307558e-27 1.889516e-17 5.658142e-05 2.060354e-41 2.910928e-13 6.233341e-32 1.624952e-32 1.114308e-10 1.051816e-18 6.159916e-11 5.315168e-07 4.027400e-04 1.832974e-29 5.094770e-10 8.135639e-24 5.724362e-20 2.160629e-13 3.095469e-15 2.020475e-01 1.495653e-16 2.154778e-14 2.144107e-19 6.106478e-18 5.304502e-19 2.010602e-28 7.450397e-26 1.353501e-33 6.120909e-11 2.174167e-21 7.880188e-01 5.049305e-10 3.455664e-07 6.479935e-22 7.650910e-24 6.178096e-22 7.579015e-23 1.332472e-11 2.141841e-17 2.982198e-13 5.656069e-09 5.475934e-07 5.547001e-19 8.084254e-22 7.330765e-20 1.672936e-15 6.423029e-14 1.152778e-11 3.358807e-20 4.706054e-09 5.467497e-11 1.715042e-25 1.148020e-14 7.979501e-26 4.738202e-16 4.574875e-17 3.146675e-18 3.746469e-10 5.918617e-30 5.235664e-10 3.817552e-23 2.079403e-18 3.691387e-16 4.272566e-10 6.406632e-22 1.311503e-26 1.885068e-35 1.373631e-21 5.655224e-16 2.862329e-18 2.365160e-24 3.401672e-09 7.133634e-12 2.013774e-14 4.150587e-11 4.198107e-13 1.697771e-13 1.034611e-15 6.794035e-21 3.627332e-19 5.342473e-14 2.650527e-14 2.990906e-21 8.090154e-17 8.466912e-17 1.965991e-21 1.365212e-31 9.459432e-26 6.097757e-26 3.052861e-55 0.000000e+00 1.269071e-19 9.915887e-14 9.436608e-03
9.057237e-02 1.842542e-16 3.093845e-06 3.336045e-05 3.809154e-22 6.637868e-18 1.463833e-26 3.189353e-33 2.156126e-27 1.821867e-17 5.645147e-05 1.413423e-40 3.469267e-13 1.705371e-31 1.749170e-32 1.162619e-10 1.134049e-18 6.468956e-11 5.345505e-07 4.027869e-04 2.000095e-29 3.685002e-10 6.698208e-24 5.496548e-20 2.490280e-13 3.272510e-15 2.020467e-01 1.546772e-16 2.190628e-14 1.773273e-19 5.513700e-18 5.768174e-19 6.105026e-28 8.958726e-26 0.000000e+00 6.360611e-11 4.185032e-21 7.880196e-01 4.917199e-10 3.450706e-07 6.443212e-22 1.359701e-23 6.215288e-22 8.621525e-23 1.324996e-11 2.335868e-17 3.108206e-13 6.167558e-09 5.466710e-07 5.801747e-19 1.259611e-21 7.587934e-20 1.737713e-15 9.918583e-14 1.426269e-11 3.682278e-20 5.347761e-09 4.429673e-11 2.559827e-25 1.400992e-14 9.747702e-26 6.312323e-16 5.284683e-17 3.770089e-18 3.561111e-10 4.176999e-30 5.096447e-10 3.786097e-23 2.352604e-18 4.729641e-16 4.453969e-10 6.562072e-22 1.463677e-26 2.444362e-35 1.587862e-21 7.677673e-16 2.707274e-18 2.219453e-24 3.383663e-09 1.483086e-11 2.085035e-14 4.144037e-11 3.995337e-13 1.753154e-13 1.469134e-15 8.806088e-21 4.356929e-19 5.518165e-14 2.766214e-14 6.669640e-21 8.076763e-17 9.222857e-17 2.096030e-21 1.353279e-31 1.377998e-25 1.003822e-25 4.296394e-55 0.000000e+00 4.355431e-23 1.187906e-13 9.436509e-03
7.863982e-02 1.869126e-16 3.168976e-06 3.340534e-05 4.361802e-22 1.036204e-17 2.401824e-26 0.000000e+00 3.554063e-27 1.881900e-17 5.630940e-05 8.080101e-40 4.141746e-13 4.312531e-31 2.104201e-32 1.220627e-10 1.356622e-18 6.840381e-11 5.381157e-07 4.028423e-04 2.348654e-29 2.793483e-10 5.848905e-24 5.710820e-20 2.883685e-13 2.999426e-15 2.020458e-01 1.608084e-16 2.233531e-14 1.559291e-19 5.387528e-18 6.355191e-19 1.663503e-27 1.078387e-25 9.420574e-35 6.643749e-11 8.156318e-21 7.880206e-01 4.762517e-10 3.443108e-07 6.385419e-22 2.333222e-23 6.246289e-22 9.912430e-23 1.314267e-11 2.566128e-17 3.260114e-13 6.883166e-09 5.456542e-07 6.108379e-19 1.886734e-21 7.897248e-20 1.815529e-15 1.508011e-13 1.771258e-11 4.312609e-20 6.029179e-09 3.852559e-11 3.981283e-25 1.737520e-14 1.204356e-25 8.369966e-16 6.324993e-17 4.590759e-18 3.352964e-10 1.069520e-29 4.948749e-10 3.756630e-23 2.683621e-18 5.922863e-16 4.658035e-10 7.055949e-22 1.627745e-26 3.943480e-35 1.847880e-21 1.028244e-15 2.724115e-18 2.204266e-24 3.364122e-09 2.346331e-11 2.170460e-14 4.136299e-11 3.768721e-13 1.819532e-13 2.047682e-15 1.074688e-20 5.292847e-19 5.728832e-14 2.905044e-14 1.295166e-20 8.063714e-17 1.012687e-16 2.252131e-21 1.339459e-31 2.027061e-25 1.651207e-25 7.362246e-55 0.000000e+00 1.479051e-26 1.390292e-13 9.436391e-03
6.827934e-02 2.090462e-16 3.255220e-06 3.345624e-05 5.603530e-22 1.658759e-17 3.928302e-26 3.438765e-33 5.860996e-27 2.191817e-17 5.616001e-05 3.941041e-39 4.914464e-13 1.011368e-30 2.932109e-32 1.287181e-10 1.857952e-18 7.266945e-11 5.421457e-07 4.029050e-04 3.032358e-29 2.326235e-10 5.682517e-24 6.626462e-20 3.332742e-13 2.458309e-15 2.020448e-01 1.678336e-16 2.282561e-14 1.529256e-19 5.941812e-18 7.057107e-19 4.129123e-27 1.294862e-25 7.418010e-35 6.963736e-11 1.548647e-20 7.880218e-01 4.590011e-10 3.433450e-07 6.304067e-22 3.663074e-23 6.266283e-22 1.144637e-22 1.301874e-11 2.827195e-17 3.435017e-13 7.719952e-09 5.445769e-07 6.460851e-19 2.716217e-21 8.252681e-20 1.904847e-15 2.246338e-13 2.157227e-11 5.501777e-20 6.743437e-09 3.689649e-11 6.371244e-25 2.186143e-14 1.510439e-25 1.105691e-15 7.877100e-17 5.786976e-18 3.129970e-10 2.213600e-29 4.799028e-10 3.726506e-23 3.068150e-18 7.210415e-16 4.877032e-10 7.974973e-22 1.801722e-26 7.075464e-35 2.151174e-21 1.351228e-15 2.982458e-18 2.365334e-24 3.343541e-09 3.306160e-11 2.268274e-14 4.127548e-11 3.528122e-13 1.895520e-13 2.788361e-15 1.197795e-20 6.442172e-19 5.970125e-14 3.064206e-14 2.216995e-20 8.051680e-17 1.116021e-16 2.431188e-21 1.324137e-31 2.948716e-25 2.716273e-25 1.642631e-54 0.000000e+00 5.235285e-30 1.591467e-13 9.436256e-03
5.928381e-02 2.569419e-16 3.353657e-06 3.351371e-05 8.027465e-22 2.636557e-17 6.328881e-26 8.286358e-34 9.520616e-27 2.788475e-17 5.600272e-05 1.678230e-38 5.797999e-13 2.210775e-30 4.503556e-32 1.363150e-10 2.835324e-18 7.754359e-11 5.466965e-07 4.029759e-04 4.292264e-29 2.199321e-10 6.315631e-24 8.447550e-20 3.843433e-13 1.923270e-15 2.020436e-01 1.758402e-16 2.338279e-14 1.638330e-19 7.364422e-18 7.887741e-19 9.413978e-27 1.570683e-25 2.057959e-34 7.323932e-11 2.792156e-20 7.880230e-01 4.399545e-10 3.422333e-07 6.195967e-22 5.467158e-23 6.272331e-22 1.326705e-22 1.289157e-11 3.122066e-17 3.635310e-13 8.600487e-09 5.434353e-07 6.863766e-19 3.811743e-21 8.658987e-20 2.006844e-15 3.304104e-13 2.610857e-11 7.591917e-20 7.503069e-09 3.887488e-11 1.033478e-24 2.780956e-14 1.920931e-25 1.460430e-15 1.020256e-16 7.550134e-18 2.893400e-10 4.376073e-29 4.648075e-10 3.691480e-23 3.514504e-18 8.557251e-16 5.111106e-10 9.676611e-22 1.988611e-26 1.337011e-34 2.505570e-21 1.752016e-15 3.563261e-18 2.770707e-24 3.321555e-09 4.405261e-11 2.379673e-14 4.117687e-11 3.276089e-13 1.982038e-13 3.738925e-15 1.378038e-20 7.849002e-19 6.245025e-14 3.245723e-14 3.534936e-20 8.040727e-17 1.233573e-16 2.635534e-21 1.307216e-31 4.265830e-25 4.399850e-25 4.052477e-54 0.000000e+00 1.939073e-33 1.778034e-13 9.436105e-03
5.147341e-02 3.425697e-16 3.460253e-06 3.357539e-05 1.263844e-21 4.110164e-17 9.996767e-26 7.259190e-34 1.515238e-26 3.838981e-17 5.584455e-05 6.331215e-38 6.758654e-13 4.508921e-30 7.428018e-32 1.445467e-10 4.706023e-18 8.283047e-11 5.515867e-07 4.030518e-04 6.535356e-29 2.376881e-10 8.076041e-24 1.164874e-19 4.395701e-13 1.545717e-15 2.020423e-01 1.845006e-16 2.398358e-14 1.903214e-19 1.011149e-17 8.819956e-19 1.991521e-26 1.924176e-25 3.923500e-34 7.709176e-11 4.772132e-20 7.880244e-01 4.201199e-10 3.410718e-07 6.064962e-22 7.840386e-23 6.262056e-22 1.532432e-22 1.278108e-11 3.438961e-17 3.853001e-13 9.432710e-09 5.422812e-07 7.300796e-19 5.202997e-21 9.099830e-20 2.117404e-15 4.746546e-13 3.128293e-11 1.104688e-19 8.276802e-09 4.443940e-11 1.674039e-24 3.513032e-14 2.479846e-25 1.931367e-15 1.351854e-16 1.016391e-17 2.656703e-10 8.166372e-29 4.503706e-10 3.649108e-23 4.008921e-18 9.866887e-16 5.349314e-10 1.226618e-21 2.179853e-26 2.545032e-34 2.901493e-21 2.226333e-15 4.581815e-18 3.498766e-24 3.298810e-09 5.639415e-11 2.500075e-14 4.107125e-11 3.028005e-13 2.075523e-13 4.908634e-15 1.651992e-20 9.491027e-19 6.542251e-14 3.442200e-14 5.314405e-20 8.031330e-17 1.360542e-16 2.856906e-21 1.289466e-31 6.103856e-25 6.981145e-25 1.055603e-53 0.000000e+00 7.896706e-37 1.919775e-13 9.435943e-03
4.469200e-02 4.886447e-16 3.575344e-06 3.364148e-05 2.151840e-21 6.343083e-17 1.550178e-25 4.105283e-35 2.369560e-26 5.745124e-17 5.568496e-05 2.147188e-37 7.803763e-13 8.680807e-30 1.323117e-31 1.534441e-10 8.464637e-18 8.855054e-11 5.568365e-07 4.031332e-04 1.057245e-28 2.850377e-10 1.156677e-23 1.722907e-19 4.992661e-13 1.292282e-15 2.020409e-01 1.938433e-16 2.462956e-14 2.396408e-19 1.512364e-17 9.865758e-19 3.953216e-26 2.368222e-25 7.661980e-34 8.120514e-11 7.790134e-20 7.880258e-01 3.996728e-10 3.398939e-07 5.911362e-22 1.060954e-22 6.234152e-22 1.764412e-22 1.269994e-11 3.779775e-17 4.088995e-13 1.018630e-08 5.411123e-07 7.773478e-19 6.999958e-21 9.576889e-20 2.236939e-15 6.703254e-13 3.675736e-11 1.671143e-19 9.063546e-09 5.420097e-11 2.685961e-24 4.381987e-14 3.249072e-25 2.555490e-15 1.820691e-16 1.398213e-17 2.422241e-10 1.443047e-28 4.366127e-10 3.596720e-23 4.558431e-18 1.110108e-15 5.592197e-10 1.589021e-21 2.373989e-26 4.865503e-34 3.345547e-21 2.787899e-15 6.228952e-18 4.664587e-24 3.274893e-09 7.060840e-11 2.629852e-14 4.095833e-11 2.787196e-13 2.176259e-13 6.360053e-15 1.971362e-20 1.141161e-18 6.862754e-14 3.654311e-14 7.528902e-20 8.023495e-17 1.497366e-16 3.096117e-21 1.270890e-31 8.583069e-25 1.088074e-24 3.054877e-53 0.000000e+00 3.547988e-40 1.987804e-13 9.435771e-03
3.880401e-02 7.298565e-16 3.697867e-06 3.371139e-05 3.830502e-21 9.562095e-17 2.346916e-25 0.000000e+00 3.614122e-26 9.005379e-17 5.552522e-05 6.642661e-37 8.930187e-13 1.585208e-29 2.429352e-31 1.629307e-10 1.591524e-17 9.465492e-11 5.624012e-07 4.032192e-04 1.778904e-28 3.632693e-10 1.775985e-23 2.657106e-19 5.630763e-13 1.178352e-15 2.020395e-01 2.037837e-16 2.531452e-14 3.170377e-19 2.372811e-17 1.102840e-18 7.409764e-26 2.941482e-25 1.448574e-33 8.554072e-11 1.213214e-19 7.880273e-01 3.790537e-10 3.387660e-07 5.737929e-22 1.398146e-22 6.187791e-22 2.021655e-22 1.266032e-11 4.142832e-17 4.341367e-13 1.080758e-08 5.399400e-07 8.277624e-19 9.347143e-21 1.008606e-19 2.364414e-15 9.306198e-13 4.278904e-11 2.584320e-19 9.848650e-09 6.902476e-11 4.239002e-24 5.361284e-14 4.303718e-25 3.386584e-15 2.468141e-16 1.947398e-17 2.194930e-10 2.422266e-28 4.236941e-10 3.533522e-23 5.164886e-18 1.218619e-15 5.837874e-10 2.091824e-21 2.566398e-26 9.244949e-34 3.839393e-21 3.444829e-15 8.806495e-18 6.482035e-24 3.249680e-09 8.707338e-11 2.767815e-14 4.083915e-11 2.559692e-13 2.283316e-13 8.156811e-15 2.484240e-20 1.363615e-18 7.203615e-14 3.880163e-14 1.030235e-19 8.017114e-17 1.642831e-16 3.351081e-21 1.251714e-31 1.192629e-24 1.653656e-24 8.840153e-53 0.000000e+00 1.777167e-43 1.943481e-13 9.435591e-03
3.369173e-02 1.127517e-15 3.827305e-06 3.378485e-05 7.025652e-21 1.416114e-16 3.475457e-25 0.000000e+00 5.391015e-26 1.474225e-16 5.536565e-05 1.897565e-36 1.014226e-12 2.768349e-29 4.587876e-31 1.729722e-10 3.103117e-17 1.011213e-10 5.682609e-07 4.033095e-04 3.077213e-28 4.754930e-10 2.835985e-23 4.233079e-19 6.309943e-13 1.152412e-15 2.020380e-01 2.142817e-16 2.603540e-14 4.382386e-19 3.845023e-17 1.232053e-18 1.322184e-25 3.671987e-25 2.680138e-33 9.008018e-11 1.815866e-19 7.880288e-01 3.585941e-10 3.377268e-07 5.547301e-22 1.782672e-22 6.122282e-22 2.302880e-22 1.267061e-11 4.528726e-17 4.609310e-13 1.127319e-08 5.387686e-07 8.811255e-19 1.247671e-20 1.062546e-19 2.499350e-15 1.271687e-12 4.912492e-11 4.060148e-19 1.061839e-08 9.034808e-11 6.563545e-24 6.412537e-14 5.746725e-25 4.493609e-15 3.342442e-16 2.730405e-17 1.977872e-10 3.886615e-28 4.116672e-10 3.459500e-23 5.833922e-18 1.305728e-15 6.086224e-10 2.743718e-21 2.752426e-26 1.737176e-33 4.385906e-21 4.208378e-15 1.276560e-17 9.240374e-24 3.222957e-09 1.061535e-10 2.913388e-14 4.071423e-11 2.349411e-13 2.396244e-13 1.039158e-14 3.222844e-20 1.620471e-18 7.563440e-14 4.118866e-14 1.363478e-19 8.012134e-17 1.796373e-16 3.620837e-21 1.232070e-31 1.632808e-24 2.457312e-24 2.613689e-52 0.000000e+00 9.983494e-47 1.752719e-13 9.435402e-03
2.925298e-02 1.777904e-15 3.964827e-06 3.386254e-05 1.305059e-20 2.048490e-16 5.025638e-25 0.000000e+00 7.843369e-26 2.463885e-16 5.520447e-05 5.065447e-36 1.146362e-12 4.654023e-29 8.686547e-31 1.836655e-10 6.158404e-17 1.080117e-10 5.744727e-07 4.034049e-04 5.411393e-28 6.269137e-10 4.628321e-23 6.849811e-19 7.039987e-13 1.230654e-15 2.020364e-01 2.254340e-16 2.679856e-14 6.208138e-19 6.315169e-17 1.377877e-18 2.258283e-25 4.616748e-25 4.761884e-33 9.486465e-11 2.614846e-19 7.880305e-01 3.383508e-10 3.368050e-07 5.340001e-22 2.239179e-22 6.036145e-22 2.608823e-22 1.273595e-11 4.943955e-17 4.895537e-13 1.156466e-08 5.375873e-07 9.379351e-19 1.679279e-20 1.120023e-19 2.643027e-15 1.717184e-12 5.599904e-11 6.449029e-19 1.136648e-08 1.200699e-10 9.960330e-24 7.503477e-14 7.701017e-25 5.970309e-15 4.504016e-16 3.835536e-17 1.770948e-10 5.984236e-28 4.004164e-10 3.374307e-23 6.581693e-18 1.365210e-15 6.340719e-10 3.586271e-21 2.929528e-26 3.228277e-33 4.993817e-21 5.101531e-15 1.880685e-17 1.342165e-23 3.194202e-09 1.281080e-10 3.067899e-14 4.058248e-11 2.156996e-13 2.516070e-13 1.322194e-14 4.455380e-20 1.919863e-18 7.945535e-14 4.372642e-14 1.773110e-19 8.008271e-17 1.959429e-16 3.907935e-21 1.211832e-31 2.211098e-24 3.560750e-24 7.457373e-52 0.000000e+00 6.229958e-50 1.410245e-13 9.435205e-03
2.539902e-02 2.829210e-15 4.109106e-06 3.394371e-05 2.429732e-20 2.902142e-16 7.108662e-25 0.000000e+00 1.115360e-25 4.165451e-16 5.504291e-05 1.273195e-35 1.289871e-12 7.569797e-29 1.634016e-30 1.949135e-10 1.229361e-16 1.152627e-10 5.809822e-07 4.035045e-04 9.562755e-28 8.205074e-10 7.629728e-23 1.114110e-18 7.818806e-13 1.408213e-15 2.020348e-01 2.371350e-16 2.759652e-14 8.923573e-19 1.040255e-16 1.542357e-18 3.715416e-25 5.830230e-25 8.166948e-33 9.984828e-11 3.642632e-19 7.880322e-01 3.187369e-10 3.360241e-07 5.120661e-22 2.774641e-22 5.929519e-22 2.933044e-22 1.285590e-11 5.388667e-17 5.197592e-13 1.168167e-08 5.364071e-07 9.976578e-19 2.283006e-20 1.180508e-19 2.794113e-15 2.286678e-12 6.336140e-11 1.029569e-18 1.207038e-08 1.599435e-10 1.481155e-23 8.571662e-14 1.032488e-24 7.941594e-15 5.994546e-16 5.384715e-17 1.577535e-10 8.882488e-28 3.900323e-10 3.279478e-23 7.412818e-18 1.392734e-15 6.600489e-10 4.598548e-21 3.091289e-26 5.882498e-33 5.658259e-21 6.134030e-15 2.784203e-17 1.963078e-23 3.163461e-09 1.520946e-10 3.229871e-14 4.044523e-11 1.985982e-13 2.641645e-13 1.680878e-14 6.488557e-20 2.266185e-18 8.346271e-14 4.639102e-14 2.267774e-19 8.005371e-17 2.130475e-16 4.209712e-21 1.191246e-31 2.961416e-24 5.042168e-24 2.047667e-51 0.000000e+00 4.359037e-53 9.850017e-14 9.435001e-03
2.205280e-02 4.523767e-15 4.262774e-06 3.402985e-05 4.525569e-20 4.042704e-16 9.856263e-25 0.000000e+00 1.554366e-25 7.101204e-16 5.487775e-05 3.034285e-35 1.449709e-12 1.200249e-28 3.056399e-30 2.069280e-10 2.469962e-16 1.230099e-10 5.879157e-07 4.036102e-04 1.695179e-27 1.064022e-09 1.272394e-22 1.815279e-18 8.667485e-13 1.693037e-15 2.020330e-01 2.496001e-16 2.844375e-14 1.296334e-18 1.716531e-16 1.733353e-18 5.926605e-25 7.385755e-25 1.361394e-32 1.051222e-10 4.928438e-19 7.880339e-01 2.995964e-10 3.353693e-07 4.888270e-22 3.387979e-22 5.800022e-22 3.276364e-22 1.302793e-11 5.876765e-17 5.521322e-13 1.164502e-08 5.352067e-07 1.061398e-18 3.159626e-20 1.245127e-19 2.955413e-15 3.018837e-12 7.118729e-11 1.651069e-18 1.272608e-08 2.126695e-10 2.162887e-23 9.569251e-14 1.381878e-24 1.057123e-14 7.892095e-16 7.544025e-17 1.395279e-10 1.276225e-27 3.803097e-10 3.174216e-23 8.356657e-18 1.388587e-15 6.872142e-10 5.793259e-21 3.236311e-26 1.057300e-32 6.389137e-21 7.346995e-15 4.126502e-17 2.879232e-23 3.129977e-09 1.766670e-10 3.402271e-14 4.030008e-11 1.834328e-13 2.775265e-13 2.148371e-14 9.905850e-20 2.674975e-18 8.773026e-14 4.923172e-14 2.855993e-19 8.003339e-17 2.312680e-16 4.531777e-21 1.169987e-31 3.926072e-24 6.995109e-24 5.454374e-51 0.000000e+00 3.360038e-56 6.675392e-14 9.434786e-03
1.914743e-02 7.205589e-15 4.425066e-06 3.412048e-05 8.375484e-20 5.552382e-16 1.341930e-24 9.586981e-37 2.127929e-25 1.208995e-15 5.470965e-05 6.882798e-35 1.628255e-12 1.862245e-28 5.640418e-30 2.196563e-10 4.949035e-16 1.312177e-10 5.952488e-07 4.037213e-04 2.988711e-27 1.360246e-09 2.136027e-22 2.938489e-18 9.591349e-13 2.094690e-15 2.020312e-01 2.627689e-16 2.933593e-14 1.884491e-18 2.818441e-16 1.956747e-18 9.234120e-25 9.369589e-25 2.213182e-32 1.106602e-10 6.503485e-19 7.880358e-01 2.812092e-10 3.348340e-07 4.647367e-22 4.086996e-22 5.648306e-22 3.630848e-22 1.324125e-11 6.413899e-17 5.865478e-13 1.148346e-08 5.339925e-07 1.128853e-18 4.446931e-20 1.313584e-19 3.126170e-15 3.944004e-12 7.954553e-11 2.639466e-18 1.331228e-08 2.797498e-10 3.104681e-23 1.039787e-13 1.843271e-24 1.407737e-14 1.024971e-15 1.052955e-16 1.226151e-10 1.780855e-27 3.712880e-10 3.060083e-23 9.425700e-18 1.357786e-15 7.156475e-10 7.129577e-21 3.360038e-26 1.862549e-32 7.176634e-21 8.762609e-15 6.072710e-17 4.199467e-23 3.093757e-09 2.015023e-10 3.584254e-14 4.014789e-11 1.703338e-13 2.916271e-13 2.760739e-14 1.571857e-19 3.156869e-18 9.223741e-14 5.223495e-14 3.534485e-19 8.002158e-17 2.505181e-16 4.872629e-21 1.148215e-31 5.160155e-24 9.530502e-24 1.400991e-50 0.000000e+00 2.870977e-59 4.346862e-14 9.434560e-03
1.662484e-02 1.142874e-14 4.598004e-06 3.421670e-05 1.547344e-19 7.596318e-16 1.801644e-24 6.167094e-34 2.880582e-25 2.071759e-15 5.453635e-05 1.491391e-34 1.831917e-12 2.845976e-28 1.042739e-29 2.332645e-10 9.974960e-16 1.399915e-10 6.030858e-07 4.038393e-04 5.248784e-27 1.716749e-09 3.619888e-22 4.743397e-18 1.061488e-12 2.544035e-15 2.020292e-01 2.768075e-16 3.028412e-14 2.752379e-18 4.634408e-16 2.224683e-18 1.421894e-24 1.185983e-24 3.599056e-32 1.165311e-10 8.421972e-19 7.880378e-01 2.635045e-10 3.343843e-07 4.398683e-22 4.808375e-22 5.473230e-22 3.993961e-22 1.348362e-11 7.017866e-17 6.234737e-13 1.124053e-08 5.327503e-07 1.200880e-18 6.385184e-20 1.386757e-19 3.308548e-15 5.113448e-12 8.806852e-11 4.193221e-18 1.381893e-08 3.630358e-10 4.393549e-23 1.093147e-13 2.450763e-24 1.874449e-14 1.318127e-15 1.463524e-16 1.068913e-10 2.422715e-27 3.628446e-10 2.936771e-23 1.065383e-17 1.310438e-15 7.459488e-10 8.565660e-21 3.461460e-26 3.228024e-32 8.020150e-21 1.043416e-14 8.843987e-17 6.054321e-23 3.054217e-09 2.266770e-10 3.778099e-14 3.998698e-11 1.591283e-13 3.066428e-13 3.580569e-14 2.504221e-19 3.734977e-18 9.704117e-14 5.543877e-14 4.267785e-19 8.002230e-17 2.710422e-16 5.236621e-21 1.125711e-31 6.717612e-24 1.283384e-23 3.639226e-50 0.000000e+00 2.696202e-62 2.664184e-14 9.434322e-03
1.443458e-02 1.787659e-14 4.780768e-06 3.431797e-05 2.822095e-19 1.031653e-15 2.383944e-24 1.015697e-33 3.857634e-25 3.499195e-15 5.435857e-05 3.096516e-34 2.065098e-12 4.290124e-28 1.890331e-29 2.476964e-10 1.991656e-15 1.492929e-10 6.114042e-07 4.039635e-04 9.093710e-27 2.134642e-09 6.139470e-22 7.537861e-18 1.175051e-12 3.067237e-15 2.020271e-01 2.916515e-16 3.128383e-14 3.967306e-18 7.536793e-16 2.548386e-18 2.215071e-24 1.500265e-24 5.762666e-32 1.227071e-10 1.070917e-18 7.880399e-01 2.466949e-10 3.340059e-07 4.147364e-22 5.600924e-22 5.277364e-22 4.356829e-22 1.373528e-11 7.700838e-17 6.627756e-13 1.095107e-08 5.314866e-07 1.277152e-18 9.317002e-20 1.464324e-19 3.501704e-15 6.567609e-12 9.732583e-11 6.560074e-18 1.422895e-08 4.614396e-10 6.132702e-23 1.103172e-13 3.244328e-24 2.493798e-14 1.679151e-15 2.020334e-16 9.250198e-11 3.217406e-27 3.550076e-10 2.806060e-23 1.206030e-17 1.257737e-15 7.782420e-10 1.012196e-20 3.539380e-26 5.473511e-32 8.901520e-21 1.239943e-14 1.267164e-16 8.594080e-23 3.011437e-09 2.518141e-10 3.982902e-14 3.981837e-11 1.498086e-13 3.225030e-13 4.681607e-14 4.080589e-19 4.428495e-18 1.021198e-13 5.882862e-14 5.036021e-19 8.003701e-17 2.927476e-16 5.622132e-21 1.102637e-31 8.702491e-24 1.709025e-23 9.115406e-50 0.000000e+00 2.801774e-65 1.510351e-14 9.434071e-03
1.253288e-02 2.781006e-14 4.975136e-06 3.442515e-05 5.181290e-19 1.426188e-15 3.136706e-24 0.000000e+00 5.199435e-25 6.031462e-15 5.417451e-05 6.174030e-34 2.336757e-12 6.429457e-28 3.531824e-29 2.631003e-10 4.046546e-15 1.592146e-10 6.202988e-07 4.040950e-04 1.570702e-26 2.622932e-09 1.048466e-21 1.203266e-17 1.303133e-12 3.263124e-15 2.020250e-01 3.074462e-16 3.234480e-14 5.778679e-18 1.241418e-15 2.947224e-18 3.757635e-24 1.879203e-24 9.736126e-32 1.292479e-10 1.353848e-18 7.880421e-01 2.307184e-10 3.336442e-07 3.895041e-22 6.204046e-22 5.061514e-22 4.716167e-22 1.397817e-11 8.489370e-17 7.048752e-13 1.067821e-08 5.301900e-07 1.358424e-18 1.382575e-19 1.547060e-19 3.707504e-15 8.373070e-12 1.058336e-10 1.009817e-17 1.453515e-08 5.738479e-10 8.481779e-23 1.050539e-13 4.288671e-24 3.313657e-14 2.129164e-15 2.770862e-16 7.936114e-11 4.192831e-27 3.476871e-10 2.667889e-23 1.368901e-17 1.216076e-15 8.131198e-10 1.159767e-20 3.594870e-26 9.119554e-32 9.809729e-21 1.473626e-14 1.782750e-16 1.187738e-22 2.964924e-09 2.768827e-10 4.200658e-14 3.964078e-11 1.421677e-13 3.393620e-13 6.184266e-14 6.171524e-19 5.275414e-18 1.075237e-13 6.243790e-14 5.695110e-19 8.008082e-17 3.158486e-16 6.032992e-21 1.078826e-31 1.115657e-23 2.288497e-23 2.538883e-49 0.000000e+00 3.220663e-68 7.547951e-15 9.433802e-03
1.088173e-02 4.256845e-14 5.183787e-06 3.453954e-05 9.402888e-19 1.973727e-15 4.084005e-24 0.000000e+00 7.045458e-25 1.021292e-14 5.398166e-05 1.187806e-33 2.659143e-12 9.580688e-28 6.508705e-29 2.796997e-10 8.171316e-15 1.698964e-10 6.299053e-07 4.042356e-04 2.679805e-26 3.187327e-09 1.783866e-21 1.890276e-17 1.450433e-12 3.355551e-15 2.020226e-01 3.244120e-16 3.348180e-14 8.263594e-18 2.025480e-15 3.447826e-18 8.066504e-24 2.349674e-24 1.651068e-31 1.362434e-10 1.690568e-18 7.880444e-01 2.154595e-10 3.332947e-07 3.642451e-22 6.783987e-22 4.826521e-22 5.069731e-22 1.419545e-11 9.421911e-17 7.504010e-13 1.043046e-08 5.288440e-07 1.445835e-18 2.080411e-19 1.636134e-19 3.928747e-15 1.061866e-11 1.150837e-10 1.521843e-17 1.473558e-08 6.959508e-10 1.162394e-22 9.364098e-14 5.653286e-24 4.391448e-14 2.691588e-15 3.766168e-16 6.736950e-11 5.351250e-27 3.407804e-10 2.521802e-23 1.560442e-17 1.187815e-15 8.513413e-10 1.318762e-20 3.631137e-26 1.489549e-31 1.073557e-20 1.755867e-14 2.466674e-16 1.609199e-22 2.913951e-09 3.019370e-10 4.434388e-14 3.945222e-11 1.359978e-13 3.574533e-13 8.260672e-14 9.358511e-19 6.317462e-18 1.133292e-13 6.631715e-14 6.273267e-19 8.015236e-17 3.406690e-16 6.474988e-21 1.054024e-31 1.427504e-23 3.078748e-23 6.958661e-49 0.000000e+00 4.056608e-71 3.158015e-15 9.433516e-03
9.448103e-03 6.460296e-14 5.408765e-06 3.466201e-05 1.713984e-18 2.786360e-15 5.298022e-24 2.116545e-34 9.833604e-25 1.745893e-14 5.377827e-05 2.209790e-33 3.046166e-12 1.427422e-27 1.229416e-28 2.976690e-10 1.662139e-14 1.814456e-10 6.403219e-07 4.043865e-04 4.558337e-26 3.834706e-09 3.032425e-21 2.970883e-17 1.622096e-12 3.055259e-15 2.020201e-01 3.427163e-16 3.470612e-14 1.182019e-17 3.335123e-15 4.082176e-18 2.409358e-23 2.913675e-24 2.977549e-31 1.437606e-10 2.106101e-18 7.880469e-01 2.008808e-10 3.329223e-07 3.391489e-22 7.112509e-22 4.574740e-22 5.414124e-22 1.437066e-11 1.054541e-16 7.998501e-13 1.024770e-08 5.274373e-07 1.540257e-18 3.156060e-19 1.732440e-19 4.167484e-15 1.340503e-11 1.238027e-10 2.246995e-17 1.482883e-08 8.218922e-10 1.584764e-22 7.634375e-14 7.453207e-24 5.803764e-14 3.393690e-15 5.076810e-16 5.650956e-11 6.711488e-27 3.342305e-10 2.367951e-23 1.788182e-17 1.181440e-15 8.935569e-10 1.462719e-20 3.650724e-26 2.385088e-31 1.165705e-20 2.100813e-14 3.375135e-16 2.120407e-22 2.857950e-09 3.269044e-10 4.686383e-14 3.925148e-11 1.311155e-13 3.769538e-13 1.114627e-13 1.322059e-18 7.609638e-18 1.195950e-13 7.050488e-14 6.665391e-19 8.026348e-17 3.674555e-16 6.952552e-21 1.028086e-31 1.815713e-23 4.261665e-23 2.090225e-48 0.000000e+00 5.605501e-74 9.964548e-16 9.433205e-03
8.203354e-03 9.649796e-14 5.655388e-06 3.479505e-05 3.092088e-18 3.949115e-15 6.817787e-24 1.218479e-34 1.426161e-24 2.922725e-14 5.355981e-05 3.994019e-33 3.520632e-12 2.127233e-27 2.295007e-28 3.174483e-10 3.322536e-14 1.941398e-10 6.517878e-07 4.045512e-04 7.688495e-26 4.570004e-09 5.104251e-21 4.596648e-17 1.826841e-12 2.717492e-15 2.020174e-01 3.627946e-16 3.604707e-14 1.654196e-17 5.438104e-15 4.898475e-18 8.683019e-23 3.611359e-24 5.447260e-31 1.519757e-10 2.599806e-18 7.880496e-01 1.867693e-10 3.325292e-07 3.140792e-22 7.382366e-22 4.305976e-22 5.750093e-22 1.449326e-11 1.193996e-16 8.544553e-13 1.012247e-08 5.259396e-07 1.643946e-18 4.786286e-19 1.838287e-19 4.429134e-15 1.689744e-11 1.335156e-10 3.246094e-17 1.481839e-08 9.448995e-10 2.150263e-22 5.667289e-14 9.822703e-24 7.637122e-14 4.265997e-15 6.782804e-16 4.666276e-11 8.248102e-27 3.279074e-10 2.204719e-23 2.065776e-17 1.190443e-15 9.410290e-10 1.609974e-20 3.657109e-26 3.737756e-31 1.255903e-20 2.533088e-14 4.617093e-16 2.743489e-22 2.795515e-09 3.520414e-10 4.962615e-14 3.903469e-11 1.272781e-13 3.983250e-13 1.519435e-13 1.865559e-18 9.218516e-18 1.264725e-13 7.510100e-14 6.957154e-19 8.040929e-17 3.968474e-16 7.477124e-21 1.000528e-31 2.310838e-23 6.126397e-23 6.192655e-48 0.000000e+00 8.359614e-77 2.115803e-16 9.432866e-03
7.122595e-03 1.415995e-13 5.920617e-06 3.493649e-05 5.507316e-18 5.621754e-15 8.713288e-24 0.000000e+00 2.187026e-24 4.782385e-14 5.332933e-05 7.020928e-33 4.092708e-12 3.164754e-27 4.219614e-28 3.388050e-10 6.350792e-14 2.078288e-10 6.641298e-07 4.047273e-04 1.280599e-25 5.370998e-09 8.427620e-21 6.989394e-17 2.067213e-12 2.369103e-15 2.020145e-01 3.844000e-16 3.748860e-14 2.260238e-17 8.744433e-15 5.923164e-18 3.153524e-22 4.469736e-24 1.009970e-30 1.607850e-10 3.188892e-18 7.880526e-01 1.734099e-10 3.321227e-07 2.897633e-22 7.602881e-22 4.029767e-22 6.067390e-22 1.455350e-11 1.365914e-16 9.136046e-13 1.005671e-08 5.243718e-07 1.755642e-18 7.088748e-19 1.952380e-19 4.710052e-15 2.116760e-11 1.443481e-10 4.579257e-17 1.470990e-08 1.054549e-09 2.903691e-22 3.870042e-14 1.294525e-23 1.000551e-13 5.308251e-15 8.980899e-16 3.806417e-11 9.944468e-27 3.219099e-10 2.036320e-23 2.400832e-17 1.212284e-15 9.933963e-10 1.733372e-20 3.652929e-26 5.678606e-31 1.338167e-20 3.069548e-14 6.396061e-16 3.476323e-22 2.727382e-09 3.767240e-10 5.259667e-14 3.880560e-11 1.243416e-13 4.213022e-13 2.072129e-13 2.593751e-18 1.117332e-17 1.338806e-13 8.004933e-14 7.182017e-19 8.058424e-17 4.284858e-16 8.042343e-21 9.718375e-32 2.943369e-23 9.313977e-23 1.807382e-47 0.000000e+00 1.371946e-79 2.771005e-17 9.432503e-03
6.184222e-03 2.039039e-13 6.208034e-06 3.508761e-05 9.643315e-18 7.992262e-15 1.104888e-23 0.000000e+00 3.556146e-24 7.585027e-14 5.308408e-05 1.204066e-32 4.787817e-12 4.701946e-27 7.557003e-28 3.620305e-10 1.135781e-13 2.227141e-10 6.774531e-07 4.049170e-04 2.104410e-25 6.227610e-09 1.360277e-20 1.040160e-16 2.351278e-12 2.106123e-15 2.020113e-01 4.078256e-16 3.905098e-14 2.999189e-17 1.377934e-14 7.204973e-18 1.063878e-21 5.539445e-24 1.858471e-30 1.703054e-10 3.878082e-18 7.880557e-01 1.606991e-10 3.316998e-07 2.662123e-22 7.851390e-22 3.748571e-22 6.365599e-22 1.455244e-11 1.581721e-16 9.781568e-13 1.004363e-08 5.227150e-07 1.876866e-18 1.010657e-18 2.076251e-19 5.013369e-15 2.639852e-11 1.570981e-10 6.316601e-17 1.451250e-08 1.145139e-09 3.904893e-22 2.512018e-14 1.706609e-23 1.303878e-13 6.533193e-15 1.179402e-15 3.066368e-11 1.174744e-26 3.161668e-10 1.862785e-23 2.812444e-17 1.240576e-15 1.051520e-09 1.833952e-20 3.640983e-26 8.381535e-31 1.408364e-20 3.746477e-14 9.111632e-16 4.337626e-22 2.652657e-09 4.010295e-10 5.581544e-14 3.856234e-11 1.220183e-13 4.461944e-13 2.822424e-13 3.631190e-18 1.353863e-17 1.419245e-13 8.541719e-14 7.407717e-19 8.078394e-17 4.628015e-16 8.655943e-21 9.417787e-32 3.759582e-23 1.502670e-22 5.026905e-47 0.000000e+00 2.455268e-82 2.110615e-18 9.432113e-03
5.369475e-03 2.875965e-13 6.512713e-06 3.524503e-05 1.651715e-17 1.130225e-14 1.389736e-23 2.028876e-36 6.046845e-24 1.159503e-13 5.282863e-05 2.016105e-32 5.612631e-12 6.947777e-27 1.304770e-27 3.867097e-10 1.855955e-13 2.385748e-10 6.914343e-07 4.051168e-04 3.391653e-25 7.104799e-09 2.132240e-20 1.509515e-16 2.677972e-12 1.946983e-15 2.020080e-01 4.326683e-16 4.070845e-14 3.850585e-17 2.113610e-14 8.751465e-18 3.267850e-21 6.874187e-24 3.328997e-30 1.803708e-10 4.677105e-18 7.880590e-01 1.488942e-10 3.312675e-07 2.440696e-22 8.193708e-22 3.472591e-22 6.636956e-22 1.449687e-11 1.849060e-16 1.047055e-12 1.007463e-08 5.209991e-07 2.005544e-18 1.359827e-18 2.207720e-19 5.332924e-15 3.263131e-11 1.724474e-10 8.521304e-17 1.424291e-08 1.211107e-09 5.222461e-22 1.640160e-14 2.248742e-23 1.690012e-13 7.913458e-15 1.535736e-15 2.458645e-11 1.360767e-26 3.107753e-10 1.689264e-23 3.312202e-17 1.271011e-15 1.114471e-09 1.895077e-20 3.623963e-26 1.197065e-30 1.459828e-20 4.589003e-14 1.335572e-15 5.334492e-22 2.572739e-09 4.243496e-10 5.922692e-14 3.831042e-11 1.200664e-13 4.725719e-13 3.805432e-13 5.135730e-18 1.632044e-17 1.504721e-13 9.111252e-14 7.680393e-19 8.099936e-17 4.992066e-16 9.307433e-21 9.110193e-32 4.819778e-23 2.538129e-22 1.302661e-46 0.000000e+00 4.885168e-85 9.629597e-20 9.431704e-03
4.662069e-03 3.997549e-13 6.835019e-06 3.540816e-05 2.791880e-17 1.599628e-14 1.738455e-23 3.906202e-36 1.068484e-23 1.731536e-13 5.256303e-05 3.301652e-32 6.585934e-12 1.021725e-26 2.207822e-27 4.128292e-10 2.778439e-13 2.554888e-10 7.059669e-07 4.053266e-04 5.387365e-25 7.990749e-09 3.264136e-20 2.155783e-16 3.049689e-12 1.805534e-15 2.020045e-01 4.589559e-16 4.246434e-14 4.833727e-17 3.186589e-14 1.058475e-17 9.156124e-21 8.524260e-24 5.919707e-30 1.909909e-10 5.617389e-18 7.880625e-01 1.379731e-10 3.308048e-07 2.234231e-22 8.563728e-22 3.205459e-22 6.881313e-22 1.439709e-11 2.181720e-16 1.120420e-12 1.015684e-08 5.192225e-07 2.141824e-18 1.720025e-18 2.346832e-19 5.667877e-15 3.999782e-11 1.901992e-10 1.129455e-16 1.391590e-08 1.251768e-09 6.957411e-22 1.091653e-14 2.964489e-23 2.179505e-13 9.439640e-15 1.984579e-15 1.973915e-11 1.546204e-26 3.057120e-10 1.517368e-23 3.923583e-17 1.304642e-15 1.182287e-09 1.903281e-20 3.603959e-26 1.662567e-30 1.488064e-20 5.642152e-14 2.051887e-15 6.469066e-22 2.487745e-09 4.466108e-10 6.283477e-14 3.805085e-11 1.182084e-13 5.004626e-13 5.072355e-13 7.177080e-18 1.957530e-17 1.595404e-13 9.714180e-14 7.983412e-19 8.123164e-17 5.377435e-16 9.997580e-21 8.796568e-32 6.193723e-23 4.458271e-22 3.273354e-46 0.000000e+00 1.082140e-87 2.621030e-21 9.431273e-03
4.047860e-03 5.468080e-13 7.174445e-06 3.557585e-05 4.632285e-17 2.252532e-14 2.160154e-23 7.422270e-36 1.906708e-23 2.505760e-13 5.228804e-05 5.298026e-32 7.723792e-12 1.492347e-26 3.617350e-27 4.402780e-10 3.831741e-13 2.735123e-10 7.208817e-07 4.055459e-04 8.402407e-25 8.865922e-09 4.871772e-20 3.016720e-16 3.465847e-12 1.739907e-15 2.020008e-01 4.866442e-16 4.431756e-14 5.903859e-17 4.692729e-14 1.270982e-17 2.362214e-20 1.058012e-23 1.019426e-29 2.021462e-10 6.702510e-18 7.880662e-01 1.279300e-10 3.303048e-07 2.043525e-22 9.051508e-22 2.950585e-22 7.098673e-22 1.426539e-11 2.595832e-16 1.198167e-12 1.028271e-08 5.173884e-07 2.285485e-18 2.049126e-18 2.493190e-19 6.016157e-15 4.861069e-11 2.115538e-10 1.472959e-16 1.354692e-08 1.268446e-09 9.224613e-22 7.649179e-15 3.906358e-23 2.794894e-13 1.108464e-14 2.544946e-15 1.600505e-11 1.720770e-26 3.009648e-10 1.349081e-23 4.675150e-17 1.335984e-15 1.254739e-09 1.867616e-20 3.582662e-26 2.243744e-30 1.490038e-20 6.958816e-14 3.213782e-15 7.768998e-22 2.398100e-09 4.677288e-10 6.663281e-14 3.778535e-11 1.162046e-13 5.298183e-13 6.667584e-13 1.010778e-17 2.332251e-17 1.691237e-13 1.034951e-13 8.358976e-19 8.147519e-17 5.783492e-16 1.072526e-20 8.478768e-32 7.992240e-23 7.911059e-22 7.715619e-46 0.000000e+00 2.673825e-90 4.474377e-23 9.430824e-03
3.514571e-03 7.393236e-13 7.529610e-06 3.574655e-05 7.590474e-17 3.168661e-14 2.670963e-23 1.394797e-35 3.413517e-23 3.546936e-13 5.200512e-05 8.340062e-32 9.037972e-12 2.163978e-26 5.801389e-27 4.688517e-10 4.945647e-13 2.926615e-10 7.359559e-07 4.057734e-04 1.290081e-24 9.718836e-09 7.122311e-20 4.163164e-16 3.922771e-12 1.700800e-15 2.019970e-01 5.156160e-16 4.626256e-14 7.068130e-17 6.797484e-14 1.511669e-17 5.669123e-20 1.312336e-23 1.723462e-29 2.137884e-10 7.970644e-18 7.880700e-01 1.187653e-10 3.297484e-07 1.869179e-22 9.622860e-22 2.710787e-22 7.289602e-22 1.411189e-11 3.109707e-16 1.280001e-12 1.045775e-08 5.155042e-07 2.435922e-18 2.318432e-18 2.645946e-19 6.374563e-15 5.855264e-11 2.367055e-10 1.897258e-16 1.315096e-08 1.263881e-09 1.218273e-21 5.586484e-15 5.147118e-23 3.565434e-13 1.281496e-14 3.239864e-15 1.324693e-11 1.873878e-26 2.965289e-10 1.186596e-23 5.600599e-17 1.365244e-15 1.331324e-09 1.783775e-20 3.561288e-26 2.939556e-30 1.464359e-20 8.598953e-14 5.134981e-15 9.242480e-22 2.304520e-09 4.876151e-10 7.060487e-14 3.751626e-11 1.138802e-13 5.605140e-13 8.629266e-13 1.413545e-17 2.758880e-17 1.791924e-13 1.101456e-13 8.793238e-19 8.172919e-17 6.208534e-16 1.148740e-20 8.159362e-32 1.034821e-22 1.408304e-21 1.751525e-45 0.000000e+00 7.407372e-93 4.949225e-25 9.430358e-03
3.051540e-03 9.899230e-13 7.905672e-06 3.592177e-05 1.230410e-16 4.454835e-14 3.287445e-23 2.597951e-35 6.069761e-23 4.916252e-13 5.171054e-05 1.290994e-31 1.056425e-11 3.120063e-26 9.129036e-27 4.988577e-10 6.083851e-13 3.133012e-10 7.512301e-07 4.060122e-04 1.954058e-24 1.055265e-08 1.023715e-19 5.675686e-16 4.423235e-12 1.692393e-15 2.019929e-01 5.462880e-16 4.833004e-14 8.305316e-17 9.705891e-14 1.782833e-17 1.278005e-19 1.628035e-23 2.859122e-29 2.260834e-10 9.442639e-18 7.880740e-01 1.103120e-10 3.291075e-07 1.708386e-22 1.028690e-21 2.483887e-22 7.458286e-22 1.394195e-11 3.756235e-16 1.367134e-12 1.069052e-08 5.135427e-07 2.595304e-18 2.521787e-18 2.806994e-19 6.746195e-15 7.009170e-11 2.666400e-10 2.418979e-16 1.273410e-08 1.241383e-09 1.604494e-21 4.226114e-15 6.784789e-23 4.521248e-13 1.461848e-14 4.096056e-15 1.128449e-11 1.987371e-26 2.923204e-10 1.029237e-23 6.761728e-17 1.390515e-15 1.412880e-09 1.665937e-20 3.540270e-26 3.735527e-30 1.411117e-20 1.066881e-13 8.251678e-15 1.092295e-21 2.206049e-09 5.065664e-10 7.480797e-14 3.724100e-11 1.110727e-13 5.929900e-13 1.102233e-12 1.971714e-17 3.245663e-17 1.899045e-13 1.171890e-13 9.291162e-19 8.199645e-17 6.658686e-16 1.229498e-20 7.835110e-32 1.345629e-22 2.489199e-21 3.836525e-45 0.000000e+00 2.270628e-95 3.610974e-27 9.429867e-03
2.649512e-03 1.316028e-12 8.298692e-06 3.609871e-05 1.979482e-16 6.271340e-14 4.031882e-23 4.802349e-35 1.071465e-22 6.710575e-13 5.140783e-05 1.965829e-31 1.230265e-11 4.464950e-26 1.416960e-26 5.298646e-10 7.215588e-13 3.352805e-10 7.663546e-07 4.062595e-04 2.920593e-24 1.135272e-08 1.449995e-19 7.672293e-16 4.956520e-12 1.690311e-15 2.019887e-01 5.783319e-16 5.050108e-14 9.623022e-17 1.371244e-13 2.079600e-17 2.727421e-19 2.017413e-23 4.689089e-29 2.388983e-10 1.117365e-17 7.880782e-01 1.026234e-10 3.283739e-07 1.562374e-22 1.103738e-21 2.272965e-22 7.604620e-22 1.376139e-11 4.560013e-16 1.458666e-12 1.098142e-08 5.115247e-07 2.761933e-18 2.660992e-18 2.974229e-19 7.124817e-15 8.322967e-11 3.019130e-10 3.061224e-16 1.231056e-08 1.204523e-09 2.107382e-21 3.276284e-15 8.947261e-23 5.703476e-13 1.643582e-14 5.145022e-15 1.001359e-11 2.046992e-26 2.883653e-10 8.804824e-24 8.207967e-17 1.411889e-15 1.498200e-09 1.514845e-20 3.520260e-26 4.576795e-30 1.332731e-20 1.324772e-13 1.335124e-14 1.282009e-21 2.104162e-09 5.244055e-10 7.919702e-14 3.696374e-11 1.077393e-13 6.268978e-13 1.385589e-12 2.717746e-17 3.791943e-17 2.011611e-13 1.245501e-13 9.848509e-19 8.227299e-17 7.129147e-16 1.313936e-20 7.510872e-32 1.756433e-22 4.366566e-21 8.219235e-45 0.000000e+00 7.797771e-98 1.789780e-29 9.429357e-03
2.300449e-03 1.736460e-12 8.714247e-06 3.627885e-05 3.154802e-16 8.823047e-14 4.925178e-23 8.816881e-35 1.861541e-22 8.995641e-13 5.109311e-05 2.950769e-31 1.429291e-11 6.350015e-26 2.161905e-26 5.621943e-10 8.342320e-13 3.589460e-10 7.813487e-07 4.065185e-04 4.307520e-24 1.211693e-08 2.025295e-19 1.026811e-15 5.522680e-12 1.721572e-15 2.019843e-01 6.121964e-16 5.280969e-14 1.097835e-16 1.913526e-13 2.402496e-17 5.549387e-19 2.500456e-23 7.535997e-29 2.524111e-10 1.318080e-17 7.880826e-01 9.555537e-11 3.275314e-07 1.428512e-22 1.191666e-21 2.075419e-22 7.732201e-22 1.357025e-11 5.571055e-16 1.555906e-12 1.132952e-08 5.094216e-07 2.938148e-18 2.748174e-18 3.149529e-19 7.513231e-15 9.827260e-11 3.442467e-10 3.847139e-16 1.188262e-08 1.156240e-09 2.761543e-21 2.626157e-15 1.180568e-22 7.152380e-13 1.823901e-14 6.427233e-15 9.312646e-12 2.031127e-26 2.845902e-10 7.402637e-24 1.003802e-16 1.426190e-15 1.588068e-09 1.347958e-20 3.501198e-26 5.384380e-30 1.231877e-20 1.649574e-13 2.124235e-14 1.498177e-21 1.997903e-09 5.414233e-10 8.383340e-14 3.668186e-11 1.038042e-13 6.627112e-13 1.718449e-12 3.742465e-17 4.404825e-17 2.131380e-13 1.323320e-13 1.050157e-18 8.255885e-17 7.626515e-16 1.403237e-20 7.183564e-32 2.304102e-22 7.535807e-21 1.702366e-44 0.000000e+00 2.961235e-100 6.155433e-32 9.428822e-03
1.997374e-03 2.275271e-12 9.138677e-06 3.645542e-05 4.976679e-16 1.238277e-13 5.993960e-23 1.607138e-34 3.182079e-22 1.187735e-12 5.077708e-05 4.361026e-31 1.648005e-11 8.931869e-26 3.235533e-26 5.946766e-10 9.431724e-13 3.835028e-10 7.955458e-07 4.067805e-04 6.247586e-24 1.281237e-08 2.786486e-19 1.361401e-15 6.094640e-12 1.782574e-15 2.019798e-01 6.467583e-16 5.518294e-14 1.236897e-16 2.635825e-13 2.736420e-17 1.082512e-18 3.094294e-23 1.182881e-28 2.661730e-10 1.553699e-17 7.880871e-01 8.928461e-11 3.266122e-07 1.310194e-22 1.298287e-21 1.897240e-22 7.838930e-22 1.337389e-11 6.798333e-16 1.655645e-12 1.171140e-08 5.073023e-07 3.118110e-18 2.792333e-18 3.326568e-19 7.896276e-15 1.148138e-10 3.945635e-10 4.811154e-16 1.147048e-08 1.101047e-09 3.602851e-21 2.185484e-15 1.557643e-22 8.936114e-13 1.992050e-14 7.995809e-15 9.111339e-12 1.938512e-26 2.810956e-10 6.149097e-24 1.228001e-16 1.433661e-15 1.679032e-09 1.167516e-20 3.483751e-26 6.038822e-30 1.116706e-20 2.044126e-13 3.289536e-14 1.741132e-21 1.891262e-09 5.571389e-10 8.856327e-14 3.640566e-11 9.942144e-14 6.992421e-13 2.090927e-12 5.124911e-17 5.066894e-17 2.254564e-13 1.402767e-13 1.126181e-18 8.284029e-17 8.134302e-16 1.494436e-20 6.865179e-32 3.033718e-22 1.279551e-20 3.401280e-44 0.000000e+00 1.285403e-102 1.575493e-34 9.428279e-03
1.734228e-03 2.963902e-12 9.581013e-06 3.663147e-05 7.785523e-16 1.736512e-13 7.270484e-23 2.911747e-34 5.356223e-22 1.547535e-12 5.045324e-05 6.361740e-31 1.891728e-11 1.247094e-25 4.769643e-26 6.279165e-10 1.050581e-12 4.094051e-10 8.091027e-07 4.070507e-04 8.939164e-24 1.344567e-08 3.786458e-19 1.790768e-15 6.674712e-12 1.873632e-15 2.019751e-01 6.827472e-16 5.767471e-14 1.378391e-16 3.592327e-13 3.082338e-17 2.033094e-18 3.827094e-23 1.821845e-28 2.804744e-10 1.829058e-17 7.880917e-01 8.361361e-11 3.255932e-07 1.203718e-22 1.423813e-21 1.733786e-22 7.929037e-22 1.316631e-11 8.313718e-16 1.759993e-12 1.213278e-08 5.051208e-07 3.305623e-18 2.806336e-18 3.508523e-19 8.279923e-15 1.332662e-10 4.547909e-10 5.990695e-16 1.106995e-08 1.040712e-09 4.687773e-21 1.876506e-15 2.057245e-22 1.111638e-12 2.146165e-14 9.921459e-15 9.325829e-12 1.763832e-26 2.777803e-10 5.031720e-24 1.507855e-16 1.433941e-15 1.772486e-09 9.878275e-21 3.467486e-26 6.454339e-30 9.910743e-21 2.531634e-13 4.968457e-14 2.015275e-21 1.782485e-09 5.719933e-10 9.348648e-14 3.613002e-11 9.455789e-14 7.372614e-13 2.507570e-12 6.993483e-17 5.788381e-17 2.383954e-13 1.485518e-13 1.215362e-18 8.312166e-17 8.663229e-16 1.589455e-20 6.549929e-32 4.012280e-22 2.138989e-20 6.602210e-44 0.000000e+00 6.242708e-105 3.029074e-37 9.427717e-03
1.505751e-03 3.838455e-12 1.004584e-05 3.680792e-05 1.207277e-15 2.433065e-13 8.789537e-23 5.244348e-34 8.863292e-22 1.989369e-12 5.011863e-05 9.174416e-31 2.163945e-11 1.730551e-25 6.923713e-26 6.621654e-10 1.156716e-12 4.368080e-10 8.219915e-07 4.073317e-04 1.262251e-23 1.401184e-08 5.084015e-19 2.336283e-15 7.257615e-12 2.007710e-15 2.019703e-01 7.205276e-16 6.031494e-14 1.519589e-16 4.842795e-13 3.436384e-17 3.690603e-18 4.734084e-23 2.747864e-28 2.954590e-10 2.148773e-17 7.880966e-01 7.844846e-11 3.244650e-07 1.107361e-22 1.572100e-21 1.583085e-22 8.004546e-22 1.294224e-11 1.019136e-15 1.870021e-12 1.259104e-08 5.028546e-07 3.502599e-18 2.797654e-18 3.696526e-19 8.665582e-15 1.539051e-10 5.275632e-10 7.428791e-16 1.068121e-08 9.770123e-10 6.085336e-21 1.665002e-15 2.720473e-22 1.376601e-12 2.281905e-14 1.229553e-14 9.907222e-12 1.520630e-26 2.745951e-10 4.054103e-24 1.858524e-16 1.426291e-15 1.868741e-09 8.176526e-21 3.452186e-26 6.581968e-30 8.599054e-21 3.136721e-13 7.271547e-14 2.325267e-21 1.671088e-09 5.862021e-10 9.865284e-14 3.585314e-11 8.923622e-14 7.771537e-13 2.967926e-12 9.539828e-17 6.572870e-17 2.521099e-13 1.572412e-13 1.320931e-18 8.340276e-17 9.218660e-16 1.689254e-20 6.236032e-32 5.334060e-22 3.514285e-20 1.242525e-43 0.000000e+00 3.359545e-107 4.483686e-40 9.427129e-03
1.307374e-03 4.944506e-12 1.052624e-05 3.698137e-05 1.855948e-15 3.404626e-13 1.059411e-22 9.388706e-34 1.445344e-21 2.530369e-12 4.977857e-05 1.307846e-30 2.461302e-11 2.382413e-25 9.900572e-26 6.968393e-10 1.259319e-12 4.651348e-10 8.338772e-07 4.076191e-04 1.757249e-23 1.449505e-08 6.745008e-19 3.025371e-15 7.823156e-12 2.183374e-15 2.019652e-01 7.595269e-16 6.306840e-14 1.661560e-16 6.460265e-13 3.785182e-17 6.494235e-18 5.851774e-23 4.061592e-28 3.108992e-10 2.522683e-17 7.881016e-01 7.382750e-11 3.232537e-07 1.021878e-22 1.748593e-21 1.446831e-22 8.065446e-22 1.270015e-11 1.246463e-15 1.984069e-12 1.306658e-08 5.005372e-07 3.706063e-18 2.770930e-18 3.886948e-19 9.045215e-15 1.764862e-10 6.150457e-10 9.184208e-16 1.031325e-08 9.126572e-10 7.874311e-21 1.522106e-15 3.603194e-22 1.699778e-12 2.392279e-14 1.525166e-14 1.080329e-11 1.248216e-26 2.715716e-10 3.236623e-24 2.287511e-16 1.412680e-15 1.965637e-09 6.606662e-21 3.438000e-26 6.471014e-30 7.307541e-21 3.872442e-13 1.032350e-13 2.672184e-21 1.559420e-09 5.996232e-10 1.039840e-13 3.558001e-11 8.362684e-14 8.183141e-13 3.459929e-12 1.296383e-16 7.408553e-17 2.664170e-13 1.662133e-13 1.444491e-18 8.367557e-17 9.792180e-16 1.792317e-20 5.929532e-32 7.121662e-22 5.689662e-20 2.272097e-43 0.000000e+00 2.034299e-109 5.353483e-43 9.426526e-03
1.135133e-03 6.337508e-12 1.102423e-05 3.715194e-05 2.830151e-15 4.760813e-13 1.273431e-22 1.670978e-33 2.326324e-21 3.190138e-12 4.943185e-05 1.845062e-30 2.785385e-11 3.257053e-25 1.396779e-25 7.320390e-10 1.357347e-12 4.942756e-10 8.447053e-07 4.079139e-04 2.413347e-23 1.488987e-08 8.847138e-19 3.890752e-15 8.361499e-12 2.404547e-15 2.019601e-01 7.998995e-16 6.595079e-14 1.804680e-16 8.533866e-13 4.120464e-17 1.110352e-17 7.229648e-23 5.894825e-28 3.268559e-10 2.960296e-17 7.881068e-01 6.968712e-11 3.219642e-07 9.461370e-23 1.957707e-21 1.323706e-22 8.113043e-22 1.243433e-11 1.520012e-15 2.102585e-12 1.354867e-08 4.981586e-07 3.916833e-18 2.729359e-18 4.079723e-19 9.418514e-15 2.011366e-10 7.205100e-10 1.132376e-15 9.966738e-09 8.489833e-10 1.016016e-20 1.427533e-15 4.783366e-22 2.093868e-12 2.473220e-14 1.897908e-14 1.197291e-11 9.853945e-27 2.686797e-10 2.570129e-24 2.807723e-16 1.394595e-15 2.062798e-09 5.209757e-21 3.424766e-26 6.267750e-30 6.080819e-21 4.765495e-13 1.425639e-13 3.058557e-21 1.447752e-09 6.123974e-10 1.095010e-13 3.531011e-11 7.780607e-14 8.609051e-13 3.975377e-12 1.753253e-16 8.295665e-17 2.813972e-13 1.755034e-13 1.589357e-18 8.393794e-17 1.038606e-15 1.899047e-20 5.630283e-32 9.550086e-22 9.091529e-20 4.050151e-43 0.000000e+00 1.380316e-111 5.278502e-46 9.425905e-03
9.855837e-04 8.080464e-12 1.153845e-05 3.731867e-05 4.280122e-15 6.653504e-13 1.526877e-22 2.955174e-33 3.698773e-21 3.992158e-12 4.907961e-05 2.577702e-30 3.135520e-11 4.422134e-25 1.944850e-25 7.676503e-10 1.447955e-12 5.238630e-10 8.543673e-07 4.082152e-04 3.267684e-23 1.518430e-08 1.146611e-18 4.968765e-15 8.857730e-12 2.675079e-15 2.019547e-01 8.415270e-16 6.895864e-14 1.949363e-16 1.116076e-12 4.429308e-17 1.848365e-17 8.926367e-23 8.407469e-28 3.432823e-10 3.473328e-17 7.881121e-01 6.599827e-11 3.206146e-07 8.796589e-23 2.205366e-21 1.213371e-22 8.148001e-22 1.214127e-11 1.844006e-15 2.225215e-12 1.401963e-08 4.957249e-07 4.134309e-18 2.674467e-18 4.273393e-19 9.782779e-15 2.278061e-10 8.476229e-10 1.392318e-15 9.644389e-09 7.876617e-10 1.306977e-20 1.372169e-15 6.370157e-22 2.576009e-12 2.520030e-14 2.375803e-14 1.336358e-11 7.631942e-27 2.659115e-10 2.042508e-24 3.425675e-16 1.373346e-15 2.159090e-09 4.003627e-21 3.412420e-26 6.176175e-30 4.963213e-21 5.839834e-13 1.918875e-13 3.483751e-21 1.337223e-09 6.245705e-10 1.151877e-13 3.504467e-11 7.188878e-14 9.048018e-13 4.495438e-12 2.352232e-16 9.225751e-17 2.970316e-13 1.850844e-13 1.758535e-18 8.418541e-17 1.099854e-15 2.009125e-20 5.340221e-32 1.285813e-21 1.435077e-19 7.050230e-43 0.000000e+00 1.052405e-113 4.418892e-49 9.425267e-03
8.557371e-04 1.022107e-11 1.208032e-05 3.748469e-05 6.385390e-15 9.273527e-13 1.824301e-22 5.184901e-33 5.749446e-21 4.923884e-12 4.871428e-05 3.574014e-30 3.519819e-11 5.974432e-25 2.652911e-25 8.044671e-10 1.528001e-12 5.541860e-10 8.630016e-07 4.085293e-04 4.351586e-23 1.536445e-08 1.463749e-18 6.272877e-15 9.306403e-12 3.074107e-15 2.019491e-01 8.853255e-16 7.216388e-14 2.083553e-16 1.437291e-12 4.702495e-17 3.006841e-17 1.103855e-22 1.160980e-27 3.605395e-10 4.058039e-17 7.881177e-01 6.265140e-11 3.191864e-07 8.205357e-23 2.506918e-21 1.113080e-22 8.171430e-22 1.181231e-11 2.229538e-15 2.354651e-12 1.447558e-08 4.931820e-07 4.363299e-18 2.604926e-18 4.471159e-19 1.014424e-14 2.571091e-10 1.004444e-09 1.704130e-15 9.341139e-09 7.291811e-10 1.675502e-20 1.376549e-15 8.501456e-22 3.160654e-12 2.528505e-14 2.994119e-14 1.494304e-11 5.845950e-27 2.631943e-10 1.625646e-24 4.157268e-16 1.345015e-15 2.255595e-09 3.003782e-21 3.400616e-26 6.400126e-30 3.965798e-21 7.151462e-13 2.449977e-13 3.955599e-21 1.226461e-09 6.364835e-10 1.211692e-13 3.477842e-11 6.584748e-14 9.509697e-13 4.999421e-12 3.162900e-16 1.019943e-16 3.136927e-13 1.951670e-13 1.959936e-18 8.441906e-17 1.164312e-15 2.124970e-20 5.054346e-32 1.741613e-21 2.214074e-19 1.174816e-42 0.000000e+00 8.816140e-116 3.230348e-52 9.424599e-03
7.429971e-04 1.283581e-11 1.268054e-05 3.765826e-05 9.423877e-15 1.296903e-12 2.173057e-22 9.032519e-33 8.742505e-21 5.984560e-12 4.831572e-05 4.936640e-30 3.961452e-11 8.078764e-25 3.568832e-25 8.445784e-10 1.597441e-12 5.864754e-10 8.709450e-07 4.088737e-04 5.712506e-23 1.542192e-08 1.841248e-18 7.838304e-15 9.711100e-12 3.632134e-15 2.019430e-01 9.337689e-16 7.575669e-14 2.201731e-16 1.827031e-12 4.934962e-17 4.786996e-17 1.370180e-22 1.567629e-27 3.796000e-10 4.715665e-17 7.881239e-01 5.946600e-11 3.175794e-07 7.657353e-23 2.860706e-21 1.017854e-22 8.184200e-22 1.142562e-11 2.702563e-15 2.498226e-12 1.495604e-08 4.903867e-07 4.616777e-18 2.517923e-18 4.682608e-19 1.052031e-14 2.908048e-10 1.204258e-09 2.074698e-15 9.044139e-09 6.723860e-10 2.148099e-20 1.440870e-15 1.135191e-21 3.853931e-12 2.492364e-14 3.795579e-14 1.671340e-11 4.485013e-27 2.603773e-10 1.286365e-24 5.038025e-16 1.306081e-15 2.356185e-09 2.185661e-21 3.388697e-26 7.207443e-30 3.069670e-21 8.826799e-13 3.009798e-13 4.480454e-21 1.110949e-09 6.488165e-10 1.277831e-13 3.449767e-11 5.948355e-14 1.002015e-12 5.466759e-12 4.234229e-16 1.125604e-16 3.323670e-13 2.063210e-13 2.207598e-18 8.464911e-17 1.235620e-15 2.253121e-20 4.759306e-32 2.384308e-21 3.338940e-19 1.898784e-42 0.000000e+00 7.708604e-118 2.034151e-55 9.423865e-03
6.451103e-04 1.596561e-11 1.335478e-05 3.784225e-05 1.366987e-14 1.816646e-12 2.576783e-22 1.560277e-32 1.283388e-20 7.094858e-12 4.787445e-05 6.805065e-30 4.474363e-11 1.093488e-24 4.689776e-25 8.890610e-10 1.650491e-12 6.209437e-10 8.781875e-07 4.092569e-04 7.364066e-23 1.533099e-08 2.273443e-18 9.647657e-15 1.005538e-11 4.539444e-15 2.019361e-01 9.881047e-16 7.983978e-14 2.283558e-16 2.277889e-12 5.107127e-17 7.491810e-17 1.711285e-22 2.028565e-27 4.009511e-10 5.425883e-17 7.881308e-01 5.639690e-11 3.157290e-07 7.147362e-23 3.293730e-21 9.266572e-23 8.185735e-22 1.096690e-11 3.278118e-15 2.659677e-12 1.548837e-08 4.872690e-07 4.901334e-18 2.409039e-18 4.910967e-19 1.091650e-14 3.299426e-10 1.468202e-09 2.510996e-15 8.752088e-09 6.181432e-10 2.750964e-20 1.623448e-15 1.509070e-21 4.653842e-12 2.403448e-14 4.822042e-14 1.859449e-11 3.406607e-27 2.574013e-10 1.010844e-24 6.069609e-16 1.249527e-15 2.461146e-09 1.537150e-21 3.376433e-26 8.947620e-30 2.288944e-21 1.099183e-12 3.428607e-13 5.076919e-21 9.902661e-10 6.618600e-10 1.351994e-13 3.419728e-11 5.282262e-14 1.059249e-12 5.843316e-12 5.705121e-16 1.239646e-16 3.536009e-13 2.188339e-13 2.516836e-18 8.487206e-17 1.315615e-15 2.396874e-20 4.451855e-32 3.311566e-21 4.855964e-19 2.897425e-42 0.000000e+00 6.915255e-120 1.208461e-58 9.423046e-03
5.601196e-04 1.974383e-11 1.413152e-05 3.804237e-05 1.969297e-14 2.582460e-12 3.048806e-22 2.678737e-32 1.841305e-20 8.266880e-12 4.737293e-05 9.384601e-30 5.083541e-11 1.487163e-24 6.131944e-25 9.399144e-10 1.685538e-12 6.583608e-10 8.847958e-07 4.096941e-04 9.360335e-23 1.508044e-08 2.762586e-18 1.177883e-14 1.032720e-11 5.776780e-15 2.019281e-01 1.050606e-15 8.459313e-14 2.333484e-16 2.812814e-12 5.201606e-17 1.150824e-16 2.149063e-22 2.602693e-27 4.254816e-10 6.210965e-17 7.881388e-01 5.336723e-11 3.134819e-07 6.666449e-23 3.783745e-21 8.373722e-23 8.175363e-22 1.040866e-11 3.978199e-15 2.845820e-12 1.616161e-08 4.837005e-07 5.228959e-18 2.275715e-18 5.163002e-19 1.134471e-14 3.764036e-10 1.827442e-09 3.025040e-15 8.460444e-09 5.662089e-10 3.537018e-20 1.996638e-15 1.990170e-21 5.540652e-12 2.253331e-14 6.118575e-14 2.047440e-11 2.642223e-27 2.541618e-10 7.847030e-25 7.238895e-16 1.175063e-15 2.571728e-09 1.024064e-21 3.363427e-26 1.232987e-29 1.622759e-21 1.386340e-12 3.837144e-13 5.733374e-21 8.628938e-10 6.760741e-10 1.437280e-13 3.386725e-11 4.584592e-14 1.125061e-12 6.068398e-12 7.492500e-16 1.366846e-16 3.783682e-13 2.332294e-13 2.909886e-18 8.508737e-17 1.407646e-15 2.562238e-20 4.124863e-32 4.694536e-21 6.891187e-19 4.369173e-42 0.000000e+00 6.202535e-122 8.155722e-57 9.422107e-03
4.863261e-04 2.414008e-11 1.502270e-05 3.825949e-05 2.759465e-14 3.675821e-12 3.580167e-22 4.559287e-32 2.488429e-20 9.191322e-12 4.680469e-05 1.295958e-29 5.802508e-11 2.023052e-24 7.711569e-25 9.982353e-10 1.688753e-12 6.986247e-10 8.906592e-07 4.101911e-04 1.162828e-22 1.462859e-08 3.275860e-18 1.406899e-14 1.050656e-11 8.254201e-15 2.019191e-01 1.122211e-15 9.008097e-14 2.303663e-16 3.373737e-12 5.193672e-17 1.750788e-16 2.728975e-22 3.083239e-27 4.535544e-10 6.986556e-17 7.881479e-01 5.038855e-11 3.107460e-07 6.220958e-23 4.434934e-21 7.504654e-23 8.152461e-22 9.738748e-12 4.801790e-15 3.059519e-12 1.703443e-08 4.796305e-07 5.604680e-18 2.107941e-18 5.439211e-19 1.180662e-14 4.311655e-10 2.347588e-09 3.632068e-15 8.173104e-09 5.182007e-10 4.535074e-20 3.030723e-15 2.570035e-21 6.452010e-12 2.039229e-14 7.657530e-14 2.212624e-11 1.895667e-27 2.506331e-10 6.016428e-25 8.464423e-16 1.065334e-15 2.685539e-09 6.482141e-22 3.349620e-26 1.866449e-29 1.086196e-21 1.767061e-12 3.700661e-13 6.527782e-21 7.314675e-10 6.916415e-10 1.534962e-13 3.350547e-11 3.876314e-14 1.200433e-12 6.057067e-12 1.009915e-15 1.501065e-16 4.071465e-13 2.497240e-13 3.418710e-18 8.527145e-17 1.513093e-15 2.751686e-20 3.780546e-32 6.835914e-21 9.193943e-19 7.537029e-42 0.000000e+00 5.548508e-124 1.762154e-53 9.421045e-03
4.222546e-04 2.942803e-11 1.604089e-05 3.849471e-05 3.845934e-14 5.351555e-12 4.194471e-22 7.729760e-32 3.269100e-20 9.955141e-12 4.616286e-05 1.792236e-29 6.645985e-11 2.758170e-24 9.676792e-25 1.065422e-09 1.662565e-12 7.420426e-10 8.957405e-07 4.107539e-04 1.426842e-22 1.400887e-08 3.824824e-18 1.670502e-14 1.059289e-11 1.210641e-14 2.019087e-01 1.203888e-15 9.635362e-14 2.223673e-16 4.018320e-12 5.079364e-17 2.619256e-16 3.484859e-22 3.622221e-27 4.855453e-10 7.829508e-17 7.881583e-01 4.746769e-11 3.073132e-07 5.818477e-23 5.194551e-21 6.660847e-23 8.117474e-22 8.937648e-12 5.737358e-15 3.303756e-12 1.828322e-08 4.750064e-07 6.033712e-18 1.914150e-18 5.740186e-19 1.230523e-14 4.952707e-10 3.109687e-09 4.363918e-15 7.893395e-09 4.741504e-10 5.842129e-20 5.610037e-15 3.239250e-21 7.307346e-12 1.768629e-14 9.415943e-14 2.327035e-11 1.361152e-27 2.467885e-10 4.556636e-25 9.585117e-16 9.329642e-16 2.799444e-09 3.779330e-22 3.334949e-26 3.174684e-29 6.781742e-22 2.273354e-12 3.491017e-13 7.416562e-21 5.993983e-10 7.086416e-10 1.646354e-13 3.310951e-11 3.183031e-14 1.286377e-12 5.765759e-12 1.309782e-15 1.647407e-16 4.404409e-13 2.685416e-13 4.064761e-18 8.541171e-17 1.633384e-15 2.967770e-20 3.421945e-32 1.026523e-20 1.189343e-18 2.550299e-33 0.000000e+00 4.967103e-126 3.638000e-50 9.419835e-03
3.666242e-04 3.571235e-11 1.720043e-05 3.874960e-05 5.266224e-14 7.904783e-12 4.884893e-22 1.305780e-31 4.081921e-20 1.029134e-11 4.543936e-05 2.483924e-29 7.631280e-11 3.756882e-24 1.187576e-24 1.143449e-09 1.599370e-12 7.893763e-10 9.000979e-07 4.113895e-04 1.727247e-22 1.322117e-08 4.384188e-18 1.957098e-14 1.060176e-11 1.951537e-14 2.018969e-01 1.296759e-15 1.034167e-13 2.071089e-16 4.703478e-12 4.862982e-17 3.870509e-16 4.492507e-22 4.028245e-27 5.218889e-10 8.677884e-17 7.881701e-01 4.460427e-11 3.029968e-07 5.466740e-23 6.178961e-21 5.843853e-23 8.071156e-22 8.001554e-12 6.762304e-15 3.581978e-12 2.005937e-08 4.697672e-07 6.522089e-18 1.694048e-18 6.067027e-19 1.284520e-14 5.698889e-10 4.280290e-09 5.266945e-15 7.623527e-09 4.345039e-10 7.533372e-20 1.213320e-14 3.931504e-21 7.955908e-12 1.456957e-14 1.122571e-13 2.362829e-11 9.016389e-28 2.425944e-10 3.405911e-25 1.038817e-15 7.737335e-16 2.909650e-09 2.017060e-22 3.319331e-26 6.141668e-29 3.895592e-22 2.950057e-12 2.954728e-13 8.489722e-21 4.707624e-10 7.272575e-10 1.772975e-13 3.267626e-11 2.531583e-14 1.384065e-12 5.181337e-12 1.693320e-15 1.800125e-16 4.788373e-13 2.899408e-13 4.884762e-18 8.548165e-17 1.770168e-15 3.213439e-20 3.052926e-32 1.597367e-20 1.457244e-18 7.137209e-33 0.000000e+00 4.442569e-128 6.985313e-47 9.418470e-03
3.183230e-04 4.329171e-11 1.851528e-05 3.902576e-05 7.142912e-14 1.193181e-11 5.665587e-22 1.029356e-30 4.914836e-20 1.024498e-11 4.462638e-05 3.450454e-29 8.776670e-11 5.113585e-24 1.445706e-24 1.234876e-09 1.501753e-12 8.419377e-10 9.038814e-07 4.121045e-04 2.079709e-22 1.230412e-08 4.952813e-18 2.275549e-14 1.057540e-11 3.379996e-14 2.018836e-01 1.401896e-15 1.111955e-13 1.872813e-16 5.459362e-12 4.570870e-17 5.629889e-16 5.833036e-22 4.353069e-27 5.630022e-10 9.563543e-17 7.881835e-01 4.179675e-11 2.975977e-07 5.177292e-23 7.408500e-21 5.057458e-23 8.014902e-22 6.943735e-12 7.848757e-15 3.897525e-12 2.253038e-08 4.638546e-07 7.075624e-18 1.458832e-18 6.420984e-19 1.343210e-14 6.561725e-10 6.107383e-09 6.403520e-15 7.364700e-09 3.989922e-10 9.754879e-20 2.643455e-14 4.568632e-21 8.240418e-12 1.129194e-14 1.294076e-13 2.299974e-11 5.669352e-28 2.380197e-10 2.510958e-25 1.062079e-15 6.027067e-16 3.011583e-09 9.611678e-23 3.302693e-26 1.336552e-28 2.022338e-22 3.859277e-12 2.352651e-13 9.750286e-21 3.502870e-10 7.476033e-10 1.916280e-13 3.220270e-11 1.948027e-14 1.494615e-12 4.364195e-12 2.125127e-15 1.959781e-16 5.229207e-13 3.141695e-13 5.906662e-18 8.546325e-17 1.925023e-15 3.491518e-20 2.679048e-32 2.574591e-20 1.713123e-18 1.225092e-41 0.000000e+00 3.975954e-130 1.118966e-43 9.416931e-03
2.763852e-04 5.245463e-11 2.000148e-05 3.932535e-05 9.596184e-14 1.834179e-11 6.542670e-22 3.709251e-31 5.753577e-20 9.876441e-12 4.371475e-05 4.805673e-29 1.010411e-10 6.950628e-24 1.747585e-24 1.343344e-09 1.374652e-12 9.015524e-10 9.073474e-07 4.129064e-04 2.508274e-22 1.129479e-08 5.520122e-18 2.625495e-14 1.058048e-11 6.377839e-14 2.018685e-01 1.520536e-15 1.194843e-13 1.654442e-16 6.289688e-12 4.243862e-17 8.055900e-16 7.626804e-22 4.566672e-27 6.093665e-10 1.047857e-16 7.881986e-01 3.903659e-11 2.910319e-07 4.966679e-23 8.958695e-21 4.308270e-23 7.950334e-22 5.811713e-12 8.974833e-15 4.254256e-12 2.574611e-08 4.572011e-07 7.701014e-18 1.220808e-18 6.804283e-19 1.407320e-14 7.554059e-10 8.969016e-09 7.853942e-15 7.116203e-09 3.673362e-10 1.268849e-19 5.312648e-14 5.057981e-21 8.010402e-12 8.147979e-15 1.440651e-13 2.134453e-11 3.356153e-28 2.330261e-10 1.823979e-25 1.008873e-15 4.350421e-16 3.100252e-09 4.006177e-23 3.284937e-26 3.105389e-28 9.293048e-23 5.088708e-12 1.768097e-13 1.123263e-20 2.428719e-10 7.698385e-10 2.077943e-13 3.168497e-11 1.452981e-14 1.619318e-12 3.426060e-12 2.583409e-15 2.124932e-16 5.733642e-13 3.415134e-13 7.156370e-18 8.534214e-17 2.099767e-15 3.805257e-20 2.307035e-32 4.267609e-20 1.944067e-18 1.322459e-41 0.000000e+00 3.561648e-132 1.397352e-40 9.415200e-03
2.399726e-04 6.349742e-11 2.167552e-05 3.965072e-05 1.275133e-13 2.841586e-11 7.519194e-22 6.241818e-31 6.631345e-20 9.320846e-12 4.269501e-05 6.712993e-29 1.163850e-10 9.427901e-24 2.095507e-24 1.473886e-09 1.229069e-12 9.702975e-10 9.108519e-07 4.138029e-04 3.054492e-22 1.023360e-08 6.072094e-18 3.001109e-14 1.070537e-11 1.298191e-13 2.018516e-01 1.653943e-15 1.278555e-13 1.443880e-16 7.184122e-12 3.933660e-17 1.134250e-15 1.004360e-21 4.679288e-27 6.614742e-10 1.139408e-16 7.882156e-01 3.631256e-11 2.834481e-07 4.861837e-23 1.094432e-20 3.607319e-23 7.879330e-22 4.689571e-12 1.013382e-14 4.656143e-12 2.952443e-08 4.497378e-07 8.405120e-18 9.942680e-19 7.219750e-19 1.477637e-14 8.688950e-10 1.334951e-08 9.707924e-15 6.875661e-09 3.393528e-10 1.656513e-19 9.561739e-14 5.326154e-21 7.173460e-12 5.417174e-15 1.544403e-13 1.882134e-11 1.843867e-28 2.275743e-10 1.304856e-25 8.760256e-16 2.858395e-16 3.170441e-09 1.432588e-23 3.265966e-26 7.219417e-28 3.703307e-23 6.760645e-12 1.259085e-13 1.297668e-20 1.533649e-10 7.941260e-10 2.259671e-13 3.111902e-11 1.058538e-14 1.759488e-12 2.496662e-12 3.048274e-15 2.294824e-16 6.308733e-13 3.722646e-13 8.650160e-18 8.511392e-17 2.296255e-15 4.157977e-20 1.945284e-32 7.161262e-20 2.151349e-18 1.424286e-41 0.000000e+00 3.193968e-134 1.267325e-37 9.413262e-03
2.083571e-04 7.698464e-11 2.355800e-05 4.000509e-05 1.697487e-13 4.409377e-11 8.665415e-22 1.054647e-30 7.809801e-20 8.892820e-12 4.155525e-05 9.406542e-29 1.341177e-10 1.278680e-23 2.544317e-24 1.633747e-09 1.085513e-12 1.050446e-09 9.148526e-07 4.148038e-04 3.804854e-22 9.173323e-09 6.623871e-18 3.423873e-14 1.105702e-11 2.651955e-13 2.018325e-01 1.803687e-15 1.355991e-13 1.276336e-16 8.225917e-12 3.699492e-17 1.569602e-15 1.326530e-21 9.539751e-27 7.199388e-10 1.236666e-16 7.882348e-01 3.360529e-11 2.752409e-07 4.909263e-23 1.329603e-20 2.966738e-23 7.803937e-22 3.674444e-12 1.134271e-14 5.108114e-12 3.343068e-08 4.413786e-07 9.196444e-18 7.952434e-19 7.671676e-19 1.555119e-14 9.982283e-10 1.971764e-08 1.204417e-14 6.638800e-09 3.148531e-10 2.176135e-19 1.545746e-13 5.360589e-21 5.745330e-12 3.286165e-15 1.582006e-13 1.575206e-11 1.016866e-28 2.216131e-10 9.195692e-26 6.817278e-16 1.682532e-16 3.217737e-09 4.263536e-24 3.245643e-26 1.595930e-27 1.253652e-23 9.050105e-12 9.275569e-14 1.488507e-20 8.551514e-11 8.206747e-10 2.463588e-13 3.049944e-11 7.647471e-15 1.916760e-12 1.682708e-12 3.337440e-15 2.479185e-16 6.963080e-13 4.067858e-13 1.038939e-17 8.479212e-17 2.516791e-15 4.553808e-20 1.602579e-32 1.194245e-19 2.406186e-18 1.544428e-41 0.000000e+00 2.873192e-136 7.707857e-35 9.411078e-03
1.809069e-04 9.335121e-11 2.567088e-05 4.039197e-05 2.241619e-13 6.664090e-11 1.164043e-21 2.095918e-30 9.340342e-20 8.566304e-12 4.028264e-05 1.323497e-28 1.546195e-10 1.730170e-23 3.073248e-24 1.833052e-09 9.580540e-13 1.144256e-09 9.198985e-07 4.159195e-04 4.878537e-22 8.127116e-09 7.151675e-18 3.868077e-14 1.175708e-11 5.228719e-13 2.018110e-01 1.971456e-15 1.415489e-13 1.146198e-16 9.330551e-12 3.602302e-17 2.145474e-15 1.772987e-21 2.532513e-25 7.854202e-10 1.325584e-16 7.882564e-01 3.089301e-11 2.670694e-07 5.190736e-23 1.635328e-20 2.398525e-23 7.726298e-22 2.847029e-12 1.262871e-14 5.615473e-12 3.676152e-08 4.320308e-07 1.008414e-17 6.289728e-19 8.164889e-19 1.640744e-14 1.145117e-09 2.855272e-08 1.494999e-14 6.401028e-09 2.946797e-10 2.863978e-19 2.293645e-13 5.225568e-21 3.962277e-12 1.806900e-15 1.510697e-13 1.253261e-11 5.110468e-29 2.150870e-10 6.406128e-26 4.674897e-16 8.508402e-17 3.239918e-09 1.055490e-24 3.223822e-26 3.243455e-27 3.580848e-24 1.220311e-11 6.754359e-14 1.714229e-20 4.061820e-11 8.497347e-10 2.691973e-13 2.982033e-11 5.603884e-15 2.092889e-12 1.041393e-12 3.531259e-15 2.675090e-16 7.706101e-13 4.454672e-13 1.237435e-17 8.439235e-17 2.763851e-15 4.997184e-20 1.287833e-32 1.948516e-19 2.709274e-18 1.580875e-41 0.000000e+00 2.587727e-138 3.139764e-32 9.408641e-03
1.570732e-04 1.153699e-10 2.803928e-05 4.081542e-05 3.036374e-13 9.827091e-11 6.225872e-21 1.693262e-29 1.201278e-19 8.685949e-12 3.886275e-05 1.870300e-28 1.783461e-10 2.343057e-23 3.853191e-24 2.085355e-09 8.697790e-13 1.254023e-09 9.266337e-07 4.171616e-04 6.611264e-22 7.133672e-09 7.803500e-18 4.439514e-14 1.295244e-11 9.381668e-13 2.017870e-01 2.159136e-15 1.441975e-13 1.079807e-16 1.081200e-11 3.724139e-17 2.898617e-15 2.614690e-21 7.930019e-24 8.586571e-10 1.423904e-16 7.882806e-01 2.814969e-11 2.593009e-07 5.853893e-23 2.003902e-20 1.905509e-23 7.648991e-22 2.246156e-12 1.403090e-14 6.184147e-12 3.909989e-08 4.215910e-07 1.107842e-17 5.001783e-19 8.704931e-19 1.735559e-14 1.311545e-09 4.031559e-08 1.874538e-14 6.158160e-09 2.797518e-10 3.932947e-19 3.180374e-13 5.106910e-21 2.253434e-12 8.978438e-16 1.339516e-13 9.489767e-12 0.000000e+00 2.079332e-10 4.451813e-26 2.760759e-16 3.569769e-17 3.238777e-09 2.183851e-25 3.200341e-26 5.971202e-27 8.701942e-25 1.657131e-11 5.432956e-14 1.989483e-20 1.584548e-11 8.815680e-10 2.947371e-13 2.907498e-11 4.301204e-15 2.289833e-12 5.861106e-13 3.419507e-15 2.901928e-16 8.548403e-13 4.887446e-13 1.458077e-17 8.395670e-17 3.040196e-15 5.493052e-20 1.007731e-32 3.105043e-19 3.286196e-18 1.852907e-41 0.000000e+00 2.339704e-140 7.837335e-30 9.405898e-03
1.363794e-04 1.527143e-10 3.069063e-05 4.127976e-05 4.385399e-13 1.406025e-10 9.532466e-20 4.247382e-28 1.823201e-19 9.460896e-12 3.727959e-05 2.661502e-28 2.058460e-10 3.178711e-23 5.178552e-24 2.408688e-09 8.442848e-13 1.382229e-09 9.358289e-07 4.185430e-04 9.973735e-22 6.191876e-09 9.016080e-18 5.394956e-14 1.482961e-11 1.537875e-12 2.017600e-01 2.368820e-15 1.416213e-13 1.098404e-16 1.331647e-11 4.180721e-17 3.885587e-15 8.173940e-21 1.645778e-22 9.404705e-10 1.552171e-16 7.883076e-01 2.534774e-11 2.517539e-07 7.166839e-23 2.557956e-20 1.480278e-23 7.574432e-22 1.895490e-12 1.557899e-14 6.820710e-12 4.056953e-08 4.099440e-07 1.219069e-17 4.035437e-19 9.297559e-19 1.840656e-14 1.499678e-09 5.623613e-08 2.498171e-14 5.907523e-09 2.720435e-10 8.075631e-19 4.196089e-13 5.181774e-21 1.025949e-12 4.032030e-16 1.129451e-13 6.796860e-12 1.382224e-29 2.000813e-10 3.152478e-26 1.381064e-16 1.149053e-17 3.219716e-09 3.845022e-26 3.175019e-26 9.990005e-27 2.236127e-25 2.267225e-11 4.889066e-14 2.488111e-20 4.941033e-12 9.164702e-10 3.232603e-13 2.825615e-11 3.643585e-15 2.509763e-12 2.928857e-13 3.290268e-15 3.163013e-16 9.502176e-13 5.371019e-13 1.698427e-17 8.352917e-17 3.348891e-15 6.046899e-20 7.657145e-33 4.881618e-19 4.875883e-18 4.591879e-41 0.000000e+00 2.118489e-142 1.223449e-27 9.402845e-03
1.184120e-04 2.450279e-10 3.365424e-05 4.178894e-05 7.736260e-13 1.999813e-10 1.192874e-18 1.061495e-26 4.729367e-19 1.242015e-11 3.551684e-05 3.856182e-28 2.377654e-10 4.484389e-23 8.729222e-24 2.825943e-09 9.491738e-13 1.531825e-09 9.485500e-07 4.200761e-04 1.900339e-21 5.335330e-09 1.248357e-17 7.909552e-14 1.767062e-11 2.304140e-12 2.017299e-01 2.602659e-15 1.320070e-13 1.349611e-16 2.002011e-11 5.181973e-17 5.169950e-15 6.903087e-20 2.356273e-21 1.031703e-09 1.853925e-16 7.883380e-01 2.246487e-11 2.433987e-07 9.663969e-23 3.556298e-20 1.107118e-23 7.504204e-22 1.850864e-12 1.732221e-14 7.531878e-12 4.214282e-08 3.969718e-07 1.343280e-17 3.384459e-19 9.947762e-19 1.957068e-14 1.711494e-09 7.867435e-08 3.990136e-14 5.646403e-09 2.724878e-10 4.774421e-18 5.329942e-13 5.549888e-21 3.747423e-13 1.632814e-16 9.651992e-14 4.501421e-12 2.464974e-29 1.914592e-10 2.375091e-26 5.786819e-17 2.535406e-18 3.189033e-09 3.870516e-25 3.147677e-26 1.549066e-26 3.227933e-25 3.136629e-11 5.876290e-14 3.750632e-20 1.249479e-12 9.546801e-10 3.550560e-13 2.735724e-11 3.733824e-15 2.754902e-12 1.229245e-13 3.161534e-15 3.512671e-16 1.058140e-12 5.910364e-13 1.953425e-17 8.318047e-17 3.693075e-15 6.664337e-20 5.617645e-33 7.773056e-19 1.339314e-17 3.746314e-40 0.000000e+00 1.925441e-144 1.094324e-25 9.399420e-03
1.028117e-04 5.166001e-10 3.696728e-05 4.234619e-05 1.816135e-12 2.889990e-10 1.086457e-17 2.581517e-25 2.270023e-18 2.092703e-11 3.355436e-05 6.094776e-28 2.750402e-10 8.032168e-23 2.083372e-23 3.367151e-09 1.253535e-12 1.707864e-09 9.668908e-07 4.217759e-04 4.984216e-21 4.603973e-09 2.262915e-17 1.530637e-13 2.203220e-11 3.193887e-12 2.016961e-01 2.863395e-15 1.143237e-13 2.147169e-16 4.011497e-11 7.178288e-17 6.855592e-15 6.026847e-19 2.440225e-20 1.133416e-09 2.648300e-16 7.883719e-01 1.949301e-11 2.331318e-07 1.464961e-22 5.905610e-20 7.747730e-24 7.435591e-22 2.155612e-12 1.938870e-14 8.325866e-12 4.485574e-08 3.825234e-07 1.482047e-17 3.015418e-19 1.065910e-18 2.085860e-14 1.948275e-09 1.123644e-07 8.349391e-14 5.367454e-09 2.788364e-10 4.079417e-17 6.560972e-13 6.205867e-21 1.262021e-13 5.876991e-17 8.641505e-14 2.636558e-12 2.417831e-28 1.819751e-10 2.053782e-26 2.074199e-17 3.491848e-19 3.151185e-09 5.757233e-27 3.118083e-26 2.300112e-26 3.112078e-26 4.455570e-11 1.015631e-13 7.431717e-20 2.935997e-13 9.963707e-10 3.904933e-13 2.637257e-11 4.761224e-15 3.028088e-12 3.897412e-14 3.012412e-15 4.070810e-16 1.180770e-12 6.511820e-13 2.218004e-17 8.298674e-17 4.076754e-15 7.352496e-20 3.931367e-33 1.321501e-18 6.723065e-17 4.063389e-39 0.000000e+00 1.755192e-146 5.669525e-24 9.395593e-03
8.926665e-05 1.239161e-09 4.067114e-05 4.295016e-05 5.042832e-12 4.535656e-10 7.432966e-17 5.575822e-24 1.250914e-17 4.104808e-11 3.137232e-05 1.325296e-27 3.191300e-10 2.642895e-22 6.529323e-23 4.064590e-09 1.664116e-12 1.920207e-09 9.961149e-07 4.236529e-04 1.582631e-20 4.101823e-09 4.824441e-17 3.479150e-13 2.919932e-11 4.092743e-12 2.016584e-01 3.153955e-15 9.051028e-14 3.993200e-16 9.428426e-11 1.130286e-16 9.214004e-15 4.105343e-18 1.907857e-19 1.246657e-09 4.370259e-16 7.884098e-01 1.647129e-11 2.215475e-07 2.595248e-22 1.127253e-19 4.905558e-24 7.353468e-22 2.626837e-12 2.228990e-14 9.209762e-12 4.806307e-08 3.664387e-07 1.637256e-17 2.758098e-19 1.142690e-18 2.227354e-14 2.208309e-09 1.654452e-07 1.984011e-13 5.046895e-09 2.827972e-10 2.963305e-16 7.803713e-13 7.223795e-21 5.095391e-14 1.792725e-17 7.974879e-14 1.292305e-12 2.669026e-27 1.715368e-10 2.200809e-26 6.621211e-18 3.819645e-20 3.108511e-09 2.689579e-25 3.085997e-26 3.416168e-26 0.000000e+00 6.761294e-11 2.104913e-13 1.672912e-19 7.709719e-14 1.041327e-09 4.299638e-13 2.530380e-11 6.305826e-15 3.332330e-12 8.754719e-15 2.369048e-15 5.130998e-16 1.321695e-12 7.182126e-13 2.486023e-17 8.303622e-17 4.504183e-15 8.118822e-20 2.560219e-33 2.661511e-18 3.677988e-16 3.883076e-38 0.000000e+00 1.605384e-148 1.676481e-22 9.391310e-03
7.750613e-05 2.797939e-09 4.481854e-05 4.359151e-05 1.467548e-11 8.794269e-10 3.956856e-16 9.655167e-23 6.081964e-17 8.611270e-11 2.894930e-05 4.777809e-27 3.726040e-10 1.319914e-21 2.367588e-22 4.931005e-09 1.903040e-12 2.187015e-09 1.048864e-06 4.257113e-04 5.112956e-20 4.001851e-09 1.065783e-16 7.877207e-13 4.178864e-11 4.741740e-12 2.016162e-01 3.477951e-15 6.667675e-14 7.768222e-16 2.204593e-10 2.030318e-16 1.315785e-14 2.204277e-17 1.168740e-18 1.372354e-09 7.067625e-16 7.884523e-01 1.350207e-11 2.124417e-07 5.438595e-22 2.113015e-19 2.773666e-24 7.212029e-22 2.834681e-12 2.772788e-14 1.018564e-11 4.793569e-08 3.485232e-07 1.811651e-17 2.282897e-19 1.222798e-18 2.379691e-14 2.484669e-09 2.493467e-07 4.283292e-13 4.621416e-09 2.772004e-10 1.715284e-15 8.833132e-13 9.247240e-21 2.052115e-14 4.076332e-18 7.816763e-14 5.077627e-13 2.264189e-26 1.600411e-10 2.899618e-26 1.728264e-18 4.556180e-21 3.062497e-09 1.190199e-25 3.051131e-26 5.345692e-26 4.158057e-26 1.163024e-10 4.167818e-13 3.525512e-19 1.563052e-14 1.088708e-09 4.739472e-13 2.416429e-11 6.632154e-15 3.671281e-12 1.641010e-15 1.504871e-15 7.497820e-16 1.487182e-12 7.929490e-13 2.751039e-17 8.342588e-17 4.980587e-15 8.971714e-20 1.475287e-33 6.896696e-18 1.741284e-15 2.806081e-37 0.000000e+00 1.474153e-150 2.865550e-21 9.386501e-03
6.729501e-05 5.474110e-09 4.947268e-05 4.424702e-05 4.557287e-11 2.198000e-09 1.686610e-15 1.341591e-21 2.458670e-16 1.847088e-10 2.626562e-05 2.203012e-26 4.395468e-10 6.613696e-21 9.132648e-22 5.905583e-09 1.789460e-12 2.525449e-09 1.149390e-06 4.279412e-04 1.509857e-19 4.549267e-09 2.390298e-16 1.581782e-12 6.304325e-11 4.832649e-12 2.015690e-01 3.839672e-15 4.934284e-14 1.452944e-15 4.939689e-10 3.958605e-16 2.136388e-14 9.716783e-17 5.783492e-18 1.510315e-09 9.778228e-16 7.884999e-01 1.073419e-11 2.090368e-07 1.221431e-21 3.460065e-19 1.480702e-24 6.920644e-22 2.447401e-12 3.910275e-14 1.123356e-11 4.121995e-08 3.285574e-07 2.009093e-17 1.537032e-19 1.300772e-18 2.534772e-14 2.758993e-09 3.706410e-07 7.378362e-13 4.006085e-09 2.646115e-10 7.978733e-15 9.305682e-13 1.488289e-20 5.609695e-15 5.553643e-19 9.134692e-14 1.574306e-13 1.355880e-25 1.473869e-10 4.109428e-26 2.926525e-19 4.830729e-22 3.014981e-09 0.000000e+00 3.013153e-26 9.232514e-26 0.000000e+00 2.349972e-10 7.185274e-13 6.413455e-19 1.520803e-15 1.136890e-09 5.229958e-13 2.298212e-11 4.784040e-15 4.048991e-12 3.200879e-16 8.739195e-16 1.336534e-15 1.684990e-12 8.763235e-13 3.006535e-17 8.425803e-17 5.512109e-15 9.917062e-20 6.880490e-34 2.122846e-17 6.809700e-15 1.461420e-36 0.000000e+00 1.358477e-152 2.991995e-20 9.381100e-03
5.842916e-05 9.128408e-09 5.470630e-05 4.486994e-05 1.511688e-10 6.037414e-09 5.906392e-15 1.287665e-20 7.777937e-16 3.352494e-10 2.330917e-05 9.975127e-26 5.246549e-10 2.921009e-20 3.370004e-21 6.797541e-09 1.395488e-12 2.884914e-09 1.333114e-06 4.303128e-04 3.591638e-19 6.235013e-09 5.523291e-16 2.409146e-12 8.989543e-11 4.493577e-12 2.015161e-01 4.244289e-15 3.934904e-14 2.094911e-15 1.078813e-09 7.128943e-16 4.063119e-14 3.532485e-16 2.371154e-17 1.656643e-09 1.095417e-15 7.885533e-01 8.301346e-12 2.075232e-07 2.492804e-21 4.549180e-19 8.783304e-25 6.386345e-22 1.527035e-12 5.774810e-14 1.226912e-11 3.159468e-08 3.063118e-07 2.234272e-17 8.137251e-20 1.367415e-18 2.672386e-14 2.987348e-09 5.057501e-07 9.844270e-13 3.218523e-09 2.471848e-10 3.072542e-14 9.028427e-13 3.209044e-20 1.285721e-15 3.832341e-20 1.383776e-13 3.922221e-14 4.845456e-25 1.334956e-10 4.932625e-26 3.776673e-20 5.097899e-23 2.968275e-09 0.000000e+00 2.971679e-26 1.760474e-25 0.000000e+00 5.453483e-10 1.060847e-12 9.860964e-19 1.085926e-16 1.183743e-09 5.777066e-13 2.179422e-11 2.638142e-15 4.469069e-12 6.499906e-17 4.675163e-16 2.748887e-15 1.916840e-12 9.693032e-13 3.245631e-17 8.564115e-17 6.105935e-15 1.094808e-19 2.303578e-34 6.671946e-17 2.076216e-14 5.604217e-36 0.000000e+00 1.257094e-154 2.024587e-19 9.375005e-03
5.073136e-05 1.350166e-08 6.059376e-05 4.537002e-05 4.978545e-10 1.548513e-08 1.731332e-14 6.329169e-20 1.913093e-15 4.532236e-10 2.008920e-05 4.110597e-25 6.284638e-10 1.114038e-19 1.087986e-20 7.319637e-09 9.268191e-13 3.063349e-09 1.635614e-06 4.327740e-04 6.360695e-19 9.686669e-09 1.280359e-15 2.635393e-12 1.076568e-10 3.994542e-12 2.014570e-01 4.697949e-15 3.200596e-14 1.990066e-15 2.235877e-09 9.652306e-16 8.665459e-14 1.055160e-15 8.189319e-17 1.798641e-09 9.929475e-16 7.886132e-01 6.263069e-12 2.033377e-07 4.048238e-21 4.696305e-19 6.600819e-25 5.599443e-22 6.998509e-13 7.402909e-14 1.308932e-11 2.338324e-08 2.815874e-07 2.488650e-17 3.343993e-20 1.411571e-18 2.768500e-14 3.094245e-09 5.803224e-07 1.070429e-12 2.400084e-09 2.246968e-10 1.008905e-13 8.109661e-13 8.076701e-20 3.890443e-16 1.346531e-21 2.509778e-13 8.279207e-15 7.943616e-25 1.183528e-10 3.645972e-26 7.709310e-21 7.880601e-24 2.924351e-09 5.349940e-25 2.926257e-26 3.222865e-25 5.314279e-25 1.334132e-09 1.394718e-12 1.335090e-18 1.073774e-17 1.227275e-09 6.385665e-13 2.063375e-11 1.373653e-15 4.931642e-12 1.510749e-17 2.540302e-16 5.789033e-15 2.158897e-12 1.072656e-12 3.461280e-17 8.767459e-17 6.769944e-15 1.202767e-19 5.010774e-35 1.959534e-16 4.909867e-14 1.638155e-35 0.000000e+00 1.167637e-156 9.733328e-19 9.368113e-03
4.404770e-05 1.857600e-08 6.719282e-05 4.557994e-05 1.574231e-09 3.507522e-08 4.309853e-14 1.735001e-19 3.952665e-15 5.023568e-10 1.666256e-05 1.523688e-24 7.377928e-10 3.628304e-19 2.965375e-20 7.228212e-09 5.527960e-13 2.906906e-09 2.074972e-06 4.352411e-04 8.853195e-19 1.504912e-08 2.750762e-15 2.257035e-12 1.089075e-10 3.047597e-12 2.013911e-01 5.205949e-15 2.427613e-14 1.363481e-15 4.250689e-09 9.534845e-16 1.911805e-13 2.611969e-15 2.403125e-16 1.909003e-09 7.457966e-16 7.886808e-01 4.610177e-12 1.959993e-07 4.940985e-21 3.861679e-19 5.902471e-25 4.639307e-22 2.742345e-13 7.530231e-14 1.339141e-11 1.689929e-08 2.543137e-07 2.749417e-17 1.110370e-20 1.427688e-18 2.819958e-14 3.004788e-09 5.220414e-07 9.874227e-13 1.671648e-09 1.983806e-10 2.866295e-13 6.782769e-13 2.032679e-19 1.773113e-16 3.420300e-23 4.743568e-13 1.751743e-15 7.071284e-25 1.020920e-10 1.571210e-26 3.248217e-21 1.973557e-24 2.884386e-09 0.000000e+00 2.876382e-26 5.060122e-25 6.008362e-25 3.118187e-09 1.709199e-12 1.665985e-18 1.646677e-18 1.265960e-09 7.053852e-13 1.952446e-11 7.585838e-16 5.425671e-12 4.659174e-18 1.526996e-16 1.170740e-14 2.325347e-12 1.186412e-12 3.645813e-17 9.039745e-17 7.509303e-15 1.307602e-19 6.862811e-36 5.231055e-16 9.755994e-14 3.924153e-35 0.000000e+00 1.088644e-158 3.598691e-18 9.360291e-03
3.824460e-05 2.443359e-08 7.452702e-05 4.522766e-05 4.686448e-09 7.003841e-08 9.205116e-14 3.590070e-19 7.115180e-15 5.014205e-10 1.315663e-05 4.969137e-24 8.183560e-10 9.887567e-19 6.670782e-20 6.455371e-09 3.107072e-13 2.453399e-09 2.638886e-06 4.375883e-04 1.046025e-18 2.150591e-08 5.183684e-15 1.615624e-12 9.776265e-11 1.829276e-12 2.013173e-01 5.764309e-15 1.663986e-14 7.796055e-16 7.331633e-09 7.435118e-16 4.097749e-13 5.403401e-15 5.997507e-16 1.945560e-09 4.892392e-16 7.887573e-01 3.300839e-12 1.859205e-07 4.603686e-21 2.656014e-19 5.552961e-25 3.610219e-22 1.047958e-13 6.256920e-14 1.287124e-11 1.173973e-08 2.246622e-07 2.916189e-17 3.539156e-21 1.422285e-18 2.840871e-14 2.692440e-09 3.691202e-07 7.783061e-13 1.088861e-09 1.701497e-10 7.081102e-13 5.285462e-13 4.778178e-19 1.084744e-16 0.000000e+00 8.630658e-13 5.668074e-16 4.928036e-25 8.507389e-11 4.946864e-27 2.117560e-21 6.847195e-25 2.848725e-09 0.000000e+00 2.821469e-26 6.972624e-25 0.000000e+00 6.522927e-09 2.017634e-12 1.966661e-18 3.505766e-19 1.298752e-09 7.760906e-13 1.848232e-11 4.588069e-16 5.918700e-12 1.839125e-18 1.015221e-16 2.116332e-14 2.265730e-12 1.308931e-12 3.791107e-17 9.362628e-17 8.314987e-15 1.398272e-19 6.102243e-37 1.267353e-15 1.696870e-13 8.069414e-35 0.000000e+00 1.018650e-160 1.101654e-17 9.351381e-03
3.320603e-05 3.142383e-08 8.256113e-05 4.395332e-05 1.268919e-08 1.257401e-07 1.696859e-13 6.340485e-19 1.114112e-14 4.618800e-10 9.773855e-06 1.325898e-23 8.226538e-10 2.195693e-18 1.201497e-19 5.127430e-09 1.676048e-13 1.840922e-09 3.288289e-06 4.396399e-04 1.099443e-18 2.707892e-08 8.403877e-15 9.862444e-13 7.980246e-11 9.350004e-13 2.012346e-01 6.333972e-15 1.035576e-14 4.055782e-16 1.135862e-08 4.818731e-16 8.263638e-13 9.406761e-15 1.267066e-15 1.864010e-09 2.999514e-16 7.888441e-01 2.286688e-12 1.735511e-07 3.444384e-21 1.649138e-19 5.022226e-25 2.608960e-22 4.483864e-14 4.571217e-14 1.138359e-11 7.689870e-09 1.931940e-07 2.774458e-17 1.757763e-21 1.414583e-18 2.845565e-14 2.199473e-09 2.297139e-07 5.229599e-13 6.607449e-10 1.422173e-10 1.518944e-12 3.821022e-13 1.032201e-18 7.986884e-17 6.467686e-24 1.460898e-12 3.396138e-16 3.087478e-25 6.794788e-11 1.370018e-27 1.749245e-21 2.799811e-25 2.817032e-09 0.000000e+00 2.760904e-26 8.578319e-25 1.105788e-24 1.169682e-08 2.366009e-12 2.255230e-18 9.979320e-20 1.324925e-09 8.450095e-13 1.751978e-11 3.040019e-16 6.353608e-12 8.295389e-19 7.201913e-17 3.096979e-14 1.891824e-12 1.434938e-12 3.889017e-17 9.668162e-17 9.135139e-15 1.464505e-19 3.724658e-38 2.804414e-15 2.593803e-13 1.431853e-34 0.000000e+00 9.556348e-163 2.972741e-17 9.341234e-03
2.883127e-05 3.974827e-08 9.118885e-05 4.140050e-05 3.090875e-08 2.095304e-07 2.713103e-13 9.918471e-19 1.505305e-14 3.871882e-10 6.753646e-06 2.499823e-23 7.187929e-10 3.866509e-18 1.680381e-19 3.523927e-09 8.513290e-14 1.223677e-09 3.997099e-06 4.411682e-04 1.030221e-18 2.969016e-08 1.166402e-14 5.100158e-13 5.902516e-11 4.435548e-13 2.011421e-01 6.802856e-15 5.847718e-15 1.940648e-16 1.586021e-08 2.627856e-16 1.552595e-12 1.383208e-14 2.253754e-15 1.644026e-09 1.775477e-16 7.889429e-01 1.524172e-12 1.593741e-07 2.134298e-21 9.569299e-20 4.107508e-25 1.724458e-22 2.553716e-14 3.036002e-14 9.100324e-12 4.719228e-09 1.609296e-07 2.144117e-17 1.842168e-21 1.434285e-18 2.842607e-14 1.621508e-09 1.416093e-07 2.951236e-13 3.720706e-10 1.159697e-10 2.816781e-12 2.543357e-13 2.056007e-18 6.428927e-17 1.846730e-25 2.301748e-12 2.623194e-16 1.816320e-25 5.160371e-11 3.606840e-28 1.587372e-21 1.193599e-25 2.788583e-09 0.000000e+00 2.694082e-26 9.411325e-25 1.247094e-28 1.781704e-08 2.800571e-12 2.529781e-18 3.630530e-20 1.343880e-09 9.028888e-13 1.664957e-11 2.149112e-16 6.669219e-12 3.781471e-19 5.198778e-17 3.453240e-14 1.299648e-12 1.553412e-12 3.932584e-17 9.860103e-17 9.854221e-15 1.502096e-19 1.639887e-39 5.726323e-15 3.474481e-13 2.196783e-34 0.000000e+00 8.984339e-165 7.350256e-17 9.329673e-03
2.503286e-05 4.892268e-08 1.002351e-04 3.736388e-05 6.863190e-08 3.345113e-07 3.777357e-13 1.380914e-18 1.747610e-14 2.884683e-10 4.296853e-06 2.717852e-23 5.253029e-10 5.263845e-18 1.780209e-19 2.028697e-09 3.901414e-14 7.189321e-10 4.820943e-06 4.418997e-04 8.380088e-19 2.859574e-08 1.384761e-14 2.206464e-13 3.893804e-11 1.973217e-13 2.010384e-01 6.984236e-15 2.928293e-15 8.327570e-17 2.025082e-08 1.209153e-16 2.730034e-12 1.722552e-14 3.363195e-15 1.311770e-09 1.006930e-16 7.890556e-01 9.732808e-13 1.440560e-07 1.091523e-21 5.170867e-20 2.916264e-25 1.025538e-22 1.985926e-14 1.813574e-14 6.494942e-12 2.730819e-09 1.292544e-07 1.209328e-17 2.527102e-21 1.514609e-18 2.836136e-14 1.069060e-09 9.085774e-08 1.379597e-13 1.944382e-10 9.238448e-11 4.493237e-12 1.544924e-13 3.810321e-18 5.192287e-17 7.183599e-26 3.451250e-12 2.036387e-16 1.009265e-25 3.698701e-11 8.933955e-29 1.412369e-21 4.821442e-26 2.762441e-09 0.000000e+00 2.620408e-26 9.089807e-25 6.526055e-30 2.356394e-08 3.354572e-12 2.750219e-18 1.528141e-20 1.355127e-09 9.414539e-13 1.588524e-11 1.553243e-16 6.840746e-12 1.563419e-19 3.696936e-17 2.872626e-14 7.060174e-13 1.649418e-12 3.917960e-17 9.916675e-17 1.034623e-14 1.515890e-19 5.367003e-41 1.091445e-14 4.071174e-13 2.860959e-34 0.000000e+00 8.460647e-167 1.712706e-16 9.316500e-03
2.173488e-05 5.778113e-08 1.094594e-04 3.192448e-05 1.415043e-07 5.249474e-07 4.597089e-13 1.711117e-18 1.748162e-14 1.871525e-10 2.496761e-06 1.474694e-23 3.110746e-10 5.430484e-18 1.404127e-19 9.502616e-10 1.547005e-14 3.742518e-10 5.963797e-06 4.415180e-04 5.744656e-19 2.454075e-08 1.408627e-14 7.904155e-14 2.255501e-11 8.205886e-14 2.009219e-01 6.705529e-15 1.266086e-15 3.105843e-17 2.392984e-08 4.688626e-17 4.555320e-12 1.819140e-14 4.212096e-15 9.355483e-10 5.369291e-17 7.891841e-01 5.938879e-13 1.283510e-07 4.506665e-22 2.563651e-20 1.749753e-25 5.400539e-23 1.770379e-14 9.580680e-15 4.110939e-12 1.499628e-09 9.969249e-08 4.562596e-18 3.426020e-21 1.679327e-18 2.827858e-14 6.257725e-10 6.146795e-08 5.351708e-14 9.460389e-11 7.198537e-11 6.146502e-12 8.494129e-14 6.637638e-18 3.971689e-17 2.638754e-26 5.054006e-12 1.451871e-16 5.373342e-26 2.485449e-11 2.035377e-29 1.149133e-21 1.727624e-26 2.737558e-09 0.000000e+00 2.539325e-26 7.670709e-25 0.000000e+00 2.777425e-08 4.053791e-12 2.860060e-18 6.702881e-21 1.358373e-09 9.597129e-13 1.523860e-11 1.103824e-16 6.897434e-12 5.419544e-20 2.577624e-17 1.764336e-14 2.914596e-13 1.712292e-12 3.845448e-17 9.910640e-17 1.058000e-14 1.516065e-19 1.319243e-42 1.963621e-14 4.172167e-13 3.099863e-34 0.000000e+00 7.978049e-169 3.836464e-16 9.301496e-03
1.887140e-05 6.454036e-08 1.185566e-04 2.549286e-05 2.751977e-07 8.274319e-07 4.905466e-13 1.880638e-18 1.521206e-14 1.039618e-10 1.317468e-06 4.080811e-24 1.456563e-10 4.185929e-18 8.165796e-20 3.533676e-10 5.111435e-15 1.737229e-10 7.824800e-06 4.396407e-04 3.236007e-19 1.906011e-08 1.231465e-14 2.331961e-14 1.135096e-11 3.230798e-14 2.007907e-01 5.939441e-15 4.627603e-16 9.764925e-18 2.630707e-08 1.527738e-17 7.362946e-12 1.623951e-14 4.444907e-15 5.922142e-10 2.640721e-17 7.893306e-01 3.459214e-13 1.128417e-07 1.451751e-22 1.148183e-20 8.699931e-26 2.481757e-23 1.572471e-14 4.436440e-15 2.301207e-12 7.816978e-10 7.359901e-08 1.091156e-18 4.372402e-21 1.927700e-18 2.818336e-14 3.236731e-10 4.417376e-08 1.741796e-14 4.300826e-11 5.483787e-11 7.212290e-12 4.201143e-14 1.097702e-17 2.771664e-17 1.129445e-26 7.410793e-12 9.056227e-17 2.840775e-26 1.557237e-11 4.275295e-30 8.226689e-22 5.226837e-27 2.712804e-09 5.367601e-44 2.450339e-26 5.671788e-25 1.951547e-28 2.969206e-08 4.900668e-12 2.806742e-18 2.882894e-21 1.353637e-09 9.640804e-13 1.471648e-11 7.445835e-17 6.892091e-12 1.482433e-20 1.792847e-17 7.958933e-15 8.838246e-14 1.743226e-12 3.719356e-17 9.910447e-17 1.063586e-14 1.510840e-19 2.415174e-44 3.366074e-14 3.736963e-13 2.722427e-34 0.000000e+00 7.530594e-171 8.380725e-16 9.284417e-03
1.638517e-05 6.696673e-08 1.271615e-04 1.873417e-05 5.115510e-07 1.339996e-06 4.584311e-13 1.840631e-18 1.170258e-14 4.857499e-11 6.291964e-07 6.478805e-25 5.273275e-11 2.379874e-18 3.468588e-20 1.014623e-10 1.354744e-15 7.241153e-11 1.101995e-05 4.357636e-04 1.464890e-19 1.363621e-08 9.285137e-15 5.662092e-15 4.942240e-12 1.223222e-14 2.006421e-01 4.838266e-15 1.413756e-16 2.493724e-18 2.683089e-08 4.162472e-18 1.183561e-11 1.204952e-14 3.971133e-15 3.309907e-10 1.175336e-17 7.894974e-01 1.922923e-13 9.780628e-08 3.436412e-23 4.540345e-21 3.504189e-26 9.819614e-24 1.313787e-14 1.795091e-15 1.138606e-12 3.824702e-10 5.188162e-08 1.609185e-19 5.264771e-21 2.227957e-18 2.807681e-14 1.476180e-10 3.401137e-08 4.769035e-15 1.828283e-11 4.057575e-11 7.273523e-12 1.862298e-14 1.739964e-17 1.721110e-17 9.135709e-27 1.118162e-11 4.736634e-17 1.588402e-26 9.055161e-12 8.546032e-31 5.072285e-22 1.288127e-27 2.686789e-09 5.657423e-44 2.353037e-26 3.719516e-25 1.346344e-28 2.888569e-08 5.827468e-12 2.549595e-18 1.335934e-21 1.341332e-09 9.620341e-13 1.431771e-11 4.585402e-17 6.862560e-12 3.006204e-21 1.272080e-17 2.628358e-15 1.904661e-14 1.752834e-12 3.547341e-17 9.935058e-17 1.061285e-14 1.503762e-19 3.198070e-46 5.541379e-14 2.919873e-13 1.882095e-34 0.000000e+00 7.115733e-173 1.802623e-15 9.264970e-03
1.422649e-05 6.278880e-08 1.348660e-04 1.241969e-05 9.173421e-07 2.297434e-06 3.686677e-13 1.583449e-18 8.097396e-15 1.861153e-11 2.715735e-07 7.267750e-26 1.434672e-11 9.779424e-19 1.047415e-20 2.147439e-11 2.735840e-16 2.723644e-11 1.635270e-05 4.292264e-04 5.217694e-20 9.167324e-09 6.050367e-15 1.151152e-15 1.874682e-12 4.434892e-15 2.004734e-01 3.636913e-15 3.587398e-17 4.902394e-19 2.501343e-08 9.530158e-19 1.953368e-11 7.077510e-15 2.996433e-15 1.615824e-10 4.617704e-18 7.896871e-01 1.019776e-13 8.325014e-08 7.626160e-25 1.532554e-21 0.000000e+00 3.304008e-24 9.967897e-15 6.334068e-16 4.978676e-13 1.709968e-10 3.485833e-08 1.449172e-20 6.019428e-21 2.523642e-18 2.795880e-14 5.935458e-11 2.861909e-08 1.081791e-15 7.243045e-12 2.870120e-11 6.282482e-12 7.387017e-15 2.669537e-17 9.246417e-18 3.438230e-24 1.797773e-11 1.961622e-17 9.472686e-27 4.865192e-12 1.591059e-31 2.623544e-22 2.579025e-28 2.657188e-09 8.858234e-41 2.247095e-26 2.201678e-25 6.142075e-25 2.516700e-08 6.665479e-12 2.081990e-18 9.340212e-22 1.322257e-09 9.577423e-13 1.403141e-11 2.434982e-17 6.824008e-12 4.116701e-22 9.346469e-18 6.283097e-16 2.781588e-15 1.752258e-12 3.339885e-17 9.977413e-17 1.056416e-14 1.495630e-19 2.889283e-48 8.813029e-14 1.981906e-13 9.537163e-35 0.000000e+00 6.730846e-175 3.858996e-15 9.242814e-03
1.235221e-05 5.092295e-08 1.412664e-04 7.261317e-06 1.591051e-06 4.354086e-06 2.402961e-13 1.100436e-18 5.066912e-15 5.623804e-12 1.059830e-07 8.579160e-27 2.821904e-12 2.811149e-19 2.096578e-21 3.066820e-12 3.892617e-17 9.267993e-12 2.463689e-05 4.193398e-04 1.443030e-20 5.846704e-09 3.401112e-15 2.075792e-16 6.391767e-13 1.492016e-15 2.002812e-01 2.536670e-15 7.513379e-18 6.862917e-20 2.061741e-08 1.945174e-19 3.433165e-11 2.927212e-15 1.865681e-15 6.702715e-11 1.545146e-18 7.899024e-01 5.153287e-14 6.906453e-08 0.000000e+00 4.222123e-22 0.000000e+00 9.370389e-25 6.529775e-15 1.939393e-16 1.918887e-13 6.660242e-11 2.230037e-08 8.102699e-22 6.492328e-21 2.743886e-18 2.782923e-14 2.108425e-11 2.753213e-08 1.979067e-16 2.660899e-12 1.881832e-11 4.548290e-12 2.623145e-15 4.014079e-17 4.096424e-18 4.184379e-24 3.227499e-11 5.889825e-18 5.308520e-27 2.403349e-12 2.335627e-32 1.077772e-22 4.654134e-29 2.618768e-09 7.537172e-41 2.132395e-26 1.194287e-25 7.481756e-25 1.885163e-08 7.207795e-12 1.466466e-18 1.057450e-21 1.297447e-09 9.525247e-13 1.383677e-11 1.018000e-17 6.779817e-12 3.271888e-23 7.159509e-18 1.052108e-16 2.537999e-16 1.747973e-12 3.109948e-17 1.002330e-16 1.050548e-14 1.486456e-19 1.608623e-50 1.358410e-13 1.162162e-13 2.932807e-35 0.000000e+00 6.368682e-177 8.327208e-15 9.217653e-03
1.072485e-05 3.393417e-08 1.461161e-04 3.703530e-06 2.661038e-06 9.615455e-06 1.110547e-13 5.403186e-19 2.820226e-15 1.279937e-12 3.748952e-08 9.730116e-28 3.884607e-13 5.502282e-20 2.518377e-22 2.571136e-13 3.624969e-18 2.855979e-12 3.628760e-05 4.057768e-04 3.129599e-21 3.303836e-09 1.662583e-15 3.567463e-17 2.080517e-13 4.551723e-16 2.000610e-01 1.650718e-15 1.329204e-18 6.203662e-21 1.423584e-08 4.314725e-20 6.620306e-11 6.783265e-16 9.087683e-16 2.248958e-11 4.251725e-19 7.901455e-01 2.474268e-14 5.525831e-08 1.676651e-22 9.040007e-23 1.980609e-23 2.234190e-25 3.443513e-15 5.086617e-17 6.470107e-14 2.089254e-11 1.358274e-08 2.971283e-23 6.653106e-21 2.840438e-18 2.768850e-14 6.648739e-12 3.201398e-08 2.894594e-17 9.045825e-13 1.078673e-11 2.635742e-12 8.360760e-16 6.068861e-17 1.450094e-18 3.080600e-29 6.801450e-11 1.173068e-18 2.369683e-27 1.083803e-12 2.150698e-33 3.330177e-23 3.561733e-30 2.556798e-09 6.231795e-45 2.009114e-26 6.007782e-26 2.086034e-29 1.141744e-08 7.358764e-12 8.414092e-19 1.396150e-21 1.267859e-09 9.465864e-13 1.370480e-11 3.013301e-18 6.730062e-12 1.271250e-24 5.722963e-18 1.173416e-17 1.295543e-17 1.742349e-12 2.871902e-17 1.005671e-16 1.043896e-14 1.476129e-19 4.734511e-53 2.035722e-13 5.885381e-14 4.135343e-36 0.000000e+00 6.027807e-179 1.814342e-14 9.189116e-03
9.311897e-06 1.999133e-08 1.495248e-04 1.720179e-06 4.226238e-06 2.313997e-05 3.317616e-14 1.641580e-19 1.359641e-15 2.365616e-13 1.207235e-08 5.803726e-29 4.249473e-14 8.351129e-21 2.995977e-23 1.456083e-14 2.702637e-19 7.975792e-13 5.090199e-05 3.889980e-04 5.966338e-22 1.309978e-09 7.634407e-16 6.265002e-18 6.700614e-14 1.234279e-16 1.998066e-01 1.009324e-15 2.113293e-19 4.197005e-22 8.541531e-09 1.305068e-20 1.346154e-10 8.182161e-17 3.313998e-16 5.971323e-12 1.054017e-19 7.904178e-01 1.124161e-14 4.228161e-08 4.652020e-23 1.688323e-23 5.403612e-24 4.530945e-26 1.518067e-15 1.202159e-17 1.893192e-14 5.460640e-12 7.884178e-09 7.927162e-25 6.429077e-21 2.788401e-18 2.753766e-14 1.876641e-12 4.304084e-08 4.110268e-18 2.847770e-13 5.223275e-12 1.203955e-12 2.402708e-16 9.584968e-17 4.878252e-19 1.161964e-28 1.536504e-10 1.780000e-19 6.873224e-28 4.424226e-13 1.074750e-34 9.462132e-24 3.056255e-31 2.442183e-09 3.677046e-45 1.877832e-26 2.879293e-26 1.518992e-29 5.637422e-09 7.201274e-12 4.208702e-19 1.751442e-21 1.234105e-09 9.398891e-13 1.360517e-11 7.215101e-19 6.674317e-12 3.132309e-26 4.771871e-18 8.924372e-19 3.934073e-19 1.735904e-12 2.639639e-17 1.006232e-16 1.036411e-14 1.464533e-19 6.747611e-56 2.967571e-13 2.591242e-14 2.553029e-37 0.000000e+00 5.701107e-181 3.983550e-14 9.156954e-03
8.085092e-06 1.313622e-08 1.519136e-04 8.125123e-07 6.524416e-06 4.909777e-05 7.953949e-15 3.983859e-20 5.670044e-16 4.442783e-14 3.561704e-09 2.368823e-30 5.293804e-15 1.414409e-21 1.724372e-23 1.181664e-15 2.596174e-20 2.026264e-13 6.765219e-05 3.698683e-04 1.235418e-22 3.532579e-10 3.302355e-16 1.214484e-18 2.091506e-14 3.020127e-17 1.995119e-01 5.823960e-16 3.464973e-20 3.274371e-23 5.532119e-09 5.197471e-21 2.665474e-10 1.085497e-17 9.395066e-17 1.320433e-12 2.983436e-20 7.907214e-01 4.826645e-15 3.102540e-08 3.207978e-26 4.260455e-24 6.976245e-28 7.873143e-27 7.064781e-16 2.892413e-18 4.822184e-15 1.529442e-12 4.369796e-09 1.642017e-26 6.078204e-21 2.649530e-18 2.737810e-14 4.781381e-13 5.252439e-08 7.684147e-19 8.292685e-14 2.252805e-12 4.653752e-13 6.266644e-17 1.564639e-16 2.549279e-19 0.000000e+00 2.944675e-10 3.651757e-20 1.457496e-28 1.631350e-13 3.992674e-36 4.613530e-24 3.433700e-32 2.269476e-09 8.892190e-46 1.739471e-26 1.269364e-26 0.000000e+00 2.512760e-09 6.826140e-12 2.286662e-19 2.056971e-21 1.196399e-09 9.323625e-13 1.351725e-11 2.186338e-19 6.612116e-12 1.266226e-27 4.135411e-18 5.456723e-20 9.570436e-21 1.728649e-12 2.422033e-17 1.002995e-16 1.028016e-14 1.451546e-19 5.289715e-59 4.221431e-13 1.009373e-14 1.923491e-38 0.000000e+00 5.394849e-183 8.629185e-14 9.120651e-03
7.019914e-06 1.017401e-08 1.535289e-04 4.450488e-07 1.006810e-05 8.771284e-05 1.861477e-15 8.726311e-21 2.055437e-16 8.951402e-15 9.699274e-10 8.481658e-32 8.584570e-16 3.055615e-22 2.092567e-23 1.676150e-16 3.329672e-21 4.715282e-14 8.595861e-05 3.489945e-04 2.866528e-23 8.136223e-11 1.332151e-16 2.619603e-19 6.211867e-15 6.563995e-18 1.991736e-01 3.201412e-16 6.067979e-21 3.290023e-24 4.204826e-09 2.467257e-21 5.178142e-10 6.221294e-18 2.204032e-17 2.565528e-13 1.073568e-20 7.910594e-01 1.963592e-15 2.210479e-08 6.559912e-29 2.055710e-24 1.170062e-30 1.175121e-27 3.789508e-16 7.329254e-19 1.079523e-15 5.169090e-13 2.319180e-09 2.719743e-28 5.502702e-21 2.424503e-18 2.721179e-14 1.108649e-13 5.476187e-08 1.946778e-19 2.237222e-14 9.319977e-13 1.648996e-13 1.494496e-17 2.501914e-16 2.148171e-19 0.000000e+00 4.592423e-10 1.447405e-20 2.297369e-29 5.485706e-14 1.208154e-37 4.227329e-24 0.000000e+00 2.070146e-09 0.000000e+00 1.595426e-26 4.767757e-27 0.000000e+00 1.106529e-09 6.269690e-12 1.457704e-19 2.291523e-21 1.154755e-09 9.239396e-13 1.343183e-11 9.191042e-20 6.543055e-12 1.100211e-28 3.711332e-18 4.807082e-21 2.355609e-22 1.720520e-12 2.224870e-17 9.952920e-17 1.018635e-14 1.437059e-19 2.956091e-62 5.848284e-13 3.533376e-15 6.748972e-39 0.000000e+00 5.098172e-185 1.830027e-13 9.080151e-03
6.095068e-06 8.251064e-09 1.544236e-04 2.960133e-07 1.541379e-05 1.478060e-04 4.129604e-16 1.801706e-21 6.480430e-17 1.751091e-15 2.461940e-10 2.752233e-33 1.474694e-16 6.877749e-23 2.759001e-23 2.739965e-17 4.618269e-22 1.015446e-14 1.055055e-04 3.267143e-04 6.622722e-24 1.714474e-11 6.667548e-17 5.698098e-20 1.753196e-15 1.308508e-18 1.987832e-01 1.730896e-16 1.068430e-21 3.421744e-25 3.349236e-09 1.350694e-21 1.193903e-09 1.035711e-17 4.421292e-18 4.576948e-14 5.629559e-21 7.914318e-01 7.612639e-16 1.547870e-08 1.283478e-30 1.336208e-24 1.148508e-31 1.512971e-28 2.100691e-16 2.163366e-19 2.157454e-16 1.858549e-13 1.183439e-09 3.719275e-30 4.957300e-21 2.188470e-18 2.704098e-14 2.361957e-14 5.431521e-08 5.677192e-20 5.630428e-15 3.763884e-13 5.794411e-14 3.289291e-18 3.929048e-16 2.173822e-19 1.386143e-24 6.516477e-10 7.848168e-21 2.654248e-30 1.692666e-14 2.619525e-39 5.853174e-24 2.064859e-30 1.840674e-09 3.912438e-42 1.447449e-26 1.541876e-27 2.490448e-25 4.929488e-10 5.566381e-12 9.495366e-20 2.439473e-21 1.109120e-09 9.145529e-13 1.334472e-11 4.286818e-20 6.466739e-12 1.199579e-29 3.425611e-18 2.504387e-21 6.022749e-24 1.711439e-12 2.054982e-17 9.823770e-17 1.008195e-14 1.420964e-19 1.505968e-63 7.927971e-13 1.132762e-15 7.157866e-39 0.000000e+00 4.822131e-187 3.675785e-13 9.034766e-03
5.292068e-06 6.572496e-09 1.545389e-04 2.191400e-07 2.293578e-05 2.502145e-04 8.305481e-17 3.044119e-22 1.761522e-17 3.147720e-16 5.879544e-11 6.683054e-35 2.403849e-17 1.442227e-23 3.370721e-23 4.294223e-18 6.220041e-23 2.043854e-15 1.260329e-04 3.033105e-04 1.431414e-24 3.340077e-12 5.588685e-17 1.180961e-20 4.717965e-16 2.350958e-19 1.983245e-01 1.010500e-16 1.787866e-22 3.355966e-26 2.590163e-09 8.435361e-22 5.425997e-09 3.648687e-17 8.173669e-19 8.214514e-15 8.273785e-21 7.918336e-01 2.829920e-16 1.081315e-08 6.467987e-31 8.388710e-25 1.070530e-32 1.721389e-29 1.125718e-16 1.187606e-19 3.945805e-17 6.683240e-14 5.832806e-10 4.532351e-32 4.252203e-21 1.897194e-18 2.686833e-14 4.682474e-15 5.669192e-08 1.756843e-20 1.331916e-15 1.493049e-13 2.495675e-14 6.638496e-19 6.054204e-16 2.151064e-19 0.000000e+00 8.751216e-10 4.281087e-21 1.177388e-31 4.819796e-15 2.070115e-41 1.554912e-23 0.000000e+00 1.577880e-09 0.000000e+00 1.297674e-26 4.340028e-28 0.000000e+00 2.184790e-10 4.764067e-12 5.964262e-20 2.320793e-21 1.059471e-09 9.041358e-13 1.325317e-11 1.931250e-20 6.382805e-12 1.204364e-30 3.232036e-18 2.416453e-21 1.478458e-25 1.701321e-12 1.919649e-17 9.634977e-17 9.966239e-15 1.403154e-19 5.738210e-64 1.048897e-12 3.361501e-16 1.404002e-38 0.000000e+00 4.553999e-189 6.946188e-13 8.984566e-03
4.594859e-06 4.946502e-09 1.539403e-04 1.614767e-07 3.276165e-05 4.409488e-04 1.461046e-17 4.515248e-23 4.123721e-18 5.097555e-17 1.336211e-11 1.291785e-36 3.545380e-18 2.696004e-24 3.920005e-23 6.078136e-19 7.960433e-24 3.891353e-16 1.472964e-04 2.790504e-04 2.816155e-25 5.840335e-13 6.737480e-17 2.261597e-21 1.219128e-16 3.985802e-20 1.977667e-01 7.420096e-17 3.006148e-23 3.061354e-27 1.848642e-09 5.953588e-22 4.149839e-08 1.999638e-16 1.858953e-19 1.953431e-15 2.899114e-20 7.922505e-01 1.016837e-16 7.888216e-09 6.142021e-30 5.406273e-25 8.465103e-34 1.779904e-30 5.811727e-17 1.025098e-19 7.523823e-18 2.417400e-14 2.794337e-10 5.383203e-34 3.644803e-21 1.638488e-18 2.669548e-14 8.760616e-16 6.411456e-08 5.723348e-21 2.991352e-16 5.850821e-14 2.361049e-14 6.939000e-20 9.127509e-16 1.912981e-19 0.000000e+00 1.124033e-09 2.029456e-21 2.691904e-33 1.262819e-15 7.466566e-44 6.000594e-23 0.000000e+00 1.287778e-09 0.000000e+00 1.148444e-26 1.072349e-28 0.000000e+00 9.110238e-11 3.917934e-12 3.370591e-20 1.946655e-21 1.005856e-09 8.926183e-13 1.315485e-11 7.896776e-21 6.290832e-12 9.412279e-32 3.094957e-18 1.679825e-21 3.217697e-27 1.690063e-12 1.823750e-17 9.381713e-17 9.838438e-15 1.383521e-19 1.930907e-64 1.362742e-12 9.386284e-17 4.048293e-38 0.000000e+00 4.307206e-191 1.203259e-12 8.928519e-03
3.989505e-06 3.628755e-09 1.527654e-04 1.135355e-07 4.477959e-05 7.858354e-04 2.355792e-18 7.280464e-24 8.471646e-19 7.730494e-18 2.915785e-12 2.566266e-38 5.079927e-19 4.822334e-25 4.244472e-23 8.035706e-20 9.958075e-25 7.073994e-17 1.691147e-04 2.541341e-04 5.249081e-26 9.518283e-14 8.769493e-17 4.103247e-22 3.040528e-17 6.416533e-21 1.970659e-01 7.382893e-17 5.695744e-24 7.142201e-26 1.247523e-09 4.634720e-22 2.882089e-07 9.394639e-16 6.876196e-20 8.154788e-16 9.786930e-20 7.926610e-01 3.557525e-17 5.940660e-09 5.629206e-29 3.898485e-25 5.962996e-35 1.726402e-31 2.939962e-17 7.851480e-20 2.867997e-18 9.381520e-15 1.310269e-10 8.293621e-36 3.093904e-21 1.399129e-18 2.652287e-14 1.566092e-16 7.681889e-08 2.032353e-21 6.428872e-17 2.299099e-14 4.968241e-14 3.967184e-21 1.308837e-15 1.501787e-19 4.708933e-25 1.342593e-09 8.467654e-22 6.604277e-35 3.037456e-16 9.443707e-44 1.835147e-22 4.408783e-31 1.026624e-09 5.897745e-43 1.001968e-26 2.311189e-29 8.381210e-26 3.529729e-11 3.090763e-12 1.820604e-20 1.429619e-21 9.483068e-10 8.799057e-13 1.304752e-11 3.105072e-21 6.190186e-12 6.037870e-33 2.992071e-18 5.851585e-22 6.523813e-29 1.677527e-12 1.767885e-17 9.063048e-17 9.697508e-15 1.361914e-19 5.206945e-65 1.739878e-12 2.489037e-17 9.540349e-38 0.000000e+00 4.077380e-193 1.919154e-12 8.866027e-03
3.463904e-06 2.673384e-09 1.512165e-04 7.655780e-08 5.881728e-05 1.374333e-03 5.687375e-19 9.579861e-24 1.587700e-19 1.144153e-18 6.164252e-13 6.410675e-39 9.287834e-20 1.083888e-25 4.350543e-23 1.025234e-20 1.249909e-25 1.239347e-17 1.913701e-04 2.286972e-04 9.731463e-27 1.503421e-14 1.116467e-16 7.301274e-23 7.363477e-18 1.003218e-21 1.961638e-01 8.902683e-17 1.249768e-24 1.028946e-25 8.217042e-10 3.875214e-22 1.532113e-06 3.299111e-15 3.401959e-20 4.650463e-16 2.582165e-19 7.930340e-01 1.227548e-17 4.543053e-09 3.038934e-28 3.185413e-25 0.000000e+00 1.657904e-32 1.499016e-17 4.655315e-20 3.225408e-18 4.176385e-15 6.094642e-11 7.526450e-37 2.646099e-21 1.208026e-18 2.634960e-14 2.705015e-17 9.357938e-08 8.248184e-22 1.333269e-17 9.192836e-15 1.181907e-13 1.720635e-20 1.768579e-15 1.071851e-19 0.000000e+00 1.487693e-09 3.302564e-22 1.046873e-35 6.702955e-17 6.150583e-40 3.977390e-22 0.000000e+00 8.374919e-10 3.683128e-47 8.604910e-27 4.456070e-30 0.000000e+00 1.290581e-11 2.346117e-12 1.008348e-20 9.573124e-22 8.869353e-10 8.658946e-13 1.292918e-11 1.251867e-21 6.080143e-12 3.481280e-34 2.908867e-18 1.590376e-22 2.071276e-30 1.663551e-12 1.748720e-17 8.682165e-17 9.542312e-15 1.338174e-19 1.299077e-65 2.189667e-12 6.333757e-18 1.721676e-37 0.000000e+00 3.866455e-195 2.838587e-12 8.796015e-03
3.007548e-06 2.012936e-09 1.494650e-04 5.043867e-08 7.477770e-05 2.316221e-03 1.140930e-18 4.924358e-23 2.834532e-20 1.698516e-19 1.272343e-13 5.290909e-38 3.875117e-20 5.481534e-26 4.241886e-23 1.321644e-21 1.591478e-26 2.109369e-18 2.139942e-04 2.028265e-04 1.903457e-27 2.371098e-15 1.370407e-16 1.287409e-23 1.741423e-18 1.547477e-22 1.949897e-01 1.129057e-16 4.401296e-25 7.149172e-27 5.415103e-10 3.403710e-22 6.275438e-06 8.945466e-15 5.339715e-20 2.770668e-16 5.436239e-19 7.933292e-01 4.325726e-18 3.567197e-09 0.000000e+00 2.692088e-25 0.000000e+00 2.906998e-33 8.252785e-18 2.176550e-20 4.653726e-18 2.226127e-15 2.906300e-11 2.912923e-37 2.288398e-21 1.051690e-18 2.617369e-14 4.554780e-18 1.128106e-07 3.970783e-22 2.689302e-18 3.829894e-15 2.550003e-13 7.713373e-20 2.270826e-15 7.246496e-20 0.000000e+00 1.554561e-09 1.286765e-22 1.065099e-35 1.360266e-17 5.573097e-36 6.521605e-22 0.000000e+00 7.244567e-10 0.000000e+00 7.261286e-27 8.034489e-31 0.000000e+00 4.575824e-12 1.730539e-12 6.033947e-21 6.105825e-22 8.219001e-10 8.504664e-13 1.279788e-11 5.367867e-22 5.959850e-12 1.963665e-35 2.836329e-18 4.937224e-23 1.196020e-30 1.647946e-12 1.760049e-17 8.245103e-17 9.371543e-15 1.312116e-19 3.234727e-66 2.720882e-12 1.559660e-18 2.524095e-37 0.000000e+00 3.672292e-197 3.941466e-12 8.717406e-03
2.611316e-06 1.557168e-09 1.476290e-04 3.300918e-08 9.266914e-05 3.739606e-03 4.671781e-18 2.371724e-22 5.294998e-21 2.566859e-20 2.582574e-14 8.330751e-37 3.065413e-20 5.166597e-26 3.913940e-23 1.745927e-22 2.056563e-27 3.513672e-19 2.368462e-04 1.766861e-04 4.387539e-28 3.816887e-16 1.627675e-16 2.299068e-24 4.044805e-19 2.335560e-23 1.934619e-01 1.401546e-16 4.742371e-25 7.926305e-30 3.618368e-10 3.090642e-22 2.064924e-05 1.980051e-14 3.405570e-19 1.693565e-16 9.587028e-19 7.934946e-01 1.728837e-18 2.883728e-09 0.000000e+00 0.000000e+00 0.000000e+00 3.303169e-33 5.292432e-18 8.379955e-21 6.361103e-18 1.377751e-15 1.542800e-11 1.370524e-37 1.986541e-21 9.309752e-19 2.599249e-14 7.536631e-19 1.331615e-07 2.179861e-22 5.323016e-19 1.691080e-15 4.920230e-13 7.059940e-20 2.810861e-15 4.793596e-20 0.000000e+00 1.563454e-09 5.253691e-23 1.315608e-35 2.558153e-18 6.694602e-32 8.760149e-22 1.482553e-29 6.662761e-10 7.066791e-48 6.009329e-27 1.499113e-31 0.000000e+00 1.620322e-12 1.260619e-12 3.944362e-21 3.821038e-22 7.534794e-10 8.335044e-13 1.265173e-11 2.471383e-22 5.828475e-12 1.147803e-36 2.768817e-18 1.842715e-23 3.576025e-30 1.630505e-12 1.794042e-17 7.760029e-17 9.183917e-15 1.283563e-19 8.011052e-67 3.339704e-12 3.744816e-19 3.140366e-37 0.000000e+00 3.490734e-199 5.199303e-12 8.629223e-03
2.267286e-06 1.231189e-09 1.458011e-04 2.172711e-08 1.126214e-04 5.793382e-03 1.745453e-17 1.018225e-21 1.836406e-21 4.003723e-21 5.190595e-15 1.050063e-35 2.767162e-20 5.463882e-26 3.483548e-23 2.519964e-23 2.711374e-28 5.768682e-20 2.596538e-04 1.505765e-04 1.443243e-28 6.400488e-17 1.883694e-16 0.000000e+00 9.280506e-20 2.824497e-23 1.914868e-01 1.669380e-16 0.000000e+00 0.000000e+00 2.460489e-10 2.869561e-22 5.693731e-05 3.747244e-14 2.064232e-18 1.152116e-16 1.474782e-18 7.934640e-01 9.472689e-19 2.400331e-09 0.000000e+00 0.000000e+00 0.000000e+00 5.503807e-33 4.169781e-18 2.834062e-21 8.140155e-18 9.400726e-16 1.042958e-11 7.244749e-38 1.750618e-21 8.166765e-19 2.580262e-14 1.233574e-19 1.525044e-07 1.312888e-22 1.046292e-19 7.922881e-16 8.630235e-13 0.000000e+00 3.402207e-15 3.173290e-20 3.973525e-27 1.539458e-09 2.291711e-23 1.781190e-35 4.494858e-19 1.007115e-27 1.026405e-21 1.488686e-25 6.369341e-10 4.058024e-48 4.867057e-27 5.178119e-32 1.593058e-31 5.846485e-13 9.235727e-13 2.729879e-21 2.411273e-22 6.867960e-10 8.148925e-13 1.248885e-11 1.217970e-22 5.685198e-12 7.153977e-38 2.702567e-18 8.062042e-24 1.144203e-29 1.611006e-12 1.842112e-17 7.236311e-17 8.978154e-15 1.252342e-19 2.204856e-67 4.057529e-12 8.843638e-20 3.553375e-37 0.000000e+00 3.321498e-201 6.249388e-12 8.530058e-03
1.968580e-06 9.861138e-10 1.440493e-04 1.450977e-08 1.348949e-04 8.643092e-03 5.741236e-17 4.073653e-21 2.345693e-21 6.739331e-22 1.038945e-15 1.059306e-34 2.523093e-20 5.739986e-26 3.089076e-23 4.829049e-24 3.684297e-29 9.388896e-21 2.819850e-04 1.249578e-04 7.559865e-29 1.224550e-17 2.138177e-16 7.794772e-26 2.113509e-20 5.126135e-23 1.889606e-01 1.909259e-16 5.357851e-25 1.944674e-30 1.702611e-10 2.703319e-22 1.363839e-04 6.287980e-14 9.764738e-18 9.769991e-17 2.042607e-18 7.931557e-01 7.517654e-19 2.058896e-09 0.000000e+00 0.000000e+00 0.000000e+00 7.800104e-33 3.944253e-18 9.799318e-22 9.975064e-18 6.828269e-16 9.511436e-12 4.610958e-38 1.598078e-21 7.568221e-19 2.560008e-14 2.005899e-20 1.678560e-07 8.469854e-23 2.079902e-20 3.899768e-16 1.398481e-12 1.043680e-19 4.070533e-15 2.133794e-20 1.725975e-24 1.501385e-09 1.068266e-23 2.579091e-35 7.729025e-20 1.917114e-27 1.099653e-21 7.203830e-26 6.168740e-10 3.339168e-43 3.847726e-27 6.606492e-32 3.031424e-25 2.166244e-13 6.899371e-13 1.919712e-21 1.570838e-22 6.249480e-10 7.944987e-13 1.230709e-11 6.393459e-23 5.529096e-12 4.972343e-39 2.635031e-18 4.005518e-24 3.296862e-29 1.589189e-12 1.895631e-17 6.683368e-17 8.752802e-15 1.218258e-19 7.914797e-68 4.893075e-12 2.071282e-20 3.951654e-37 0.000000e+00 3.165038e-203 6.856601e-12 8.418078e-03
1.709227e-06 7.987615e-10 1.423750e-04 9.858551e-09 1.597994e-04 1.245268e-02 1.667766e-16 1.455147e-20 4.451210e-21 1.493789e-22 2.080517e-16 8.120077e-34 2.253277e-20 5.799918e-26 2.688112e-23 1.580879e-24 5.130070e-30 1.521835e-21 3.032116e-04 1.004914e-04 5.437603e-29 3.798710e-18 2.385997e-16 7.658433e-25 4.795635e-21 1.449909e-23 1.857824e-01 2.100105e-16 0.000000e+00 1.846471e-25 1.200703e-10 2.569729e-22 2.919687e-04 9.645440e-14 3.703408e-17 1.127581e-16 2.616736e-18 7.924746e-01 7.238140e-19 1.810082e-09 8.751811e-24 3.842306e-25 8.030592e-25 9.556818e-33 4.141761e-18 4.310805e-22 1.166105e-17 5.146767e-16 1.050143e-11 3.166183e-38 1.478264e-21 6.987269e-19 2.538098e-14 3.253120e-21 1.787913e-07 5.515780e-23 4.323913e-21 2.004470e-16 2.116058e-12 3.382541e-20 4.835001e-15 1.462684e-20 2.191382e-25 1.457424e-09 5.331557e-24 8.226598e-33 3.588031e-20 5.225026e-23 1.109105e-21 6.697313e-30 5.974639e-10 1.138763e-48 2.960841e-27 1.256923e-31 6.289332e-32 8.337032e-14 5.282046e-13 1.363393e-21 1.050550e-22 5.676852e-10 7.722072e-13 1.210440e-11 3.550461e-23 5.359400e-12 4.778791e-40 2.564588e-18 2.194816e-24 8.310899e-29 1.564794e-12 1.946318e-17 6.111061e-17 8.506587e-15 1.181145e-19 3.209114e-68 5.853095e-12 4.835737e-21 4.217977e-37 0.000000e+00 3.014271e-205 7.026132e-12 8.292292e-03
1.484044e-06 6.508162e-10 1.407902e-04 6.824961e-09 1.877353e-04 1.738906e-02 4.305189e-16 4.702626e-20 8.145660e-21 6.814227e-23 4.189423e-17 4.848552e-33 2.046520e-20 5.707224e-26 2.327602e-23 8.106603e-25 7.374317e-31 2.469238e-22 3.225812e-04 7.795972e-05 4.615604e-29 2.551256e-18 2.624820e-16 0.000000e+00 1.088934e-21 2.308706e-23 1.818524e-01 2.236575e-16 0.000000e+00 0.000000e+00 8.615375e-11 2.455219e-22 5.707495e-04 1.380546e-13 1.162699e-16 1.759946e-16 3.156367e-18 7.913072e-01 7.241155e-19 1.627914e-09 9.911810e-25 1.175145e-25 8.905966e-26 1.041966e-32 4.514125e-18 2.743346e-22 1.308000e-17 3.982152e-16 1.232185e-11 2.429623e-38 1.389884e-21 6.535881e-19 2.514137e-14 5.284742e-22 1.841065e-07 3.689946e-23 9.981479e-22 1.066663e-16 3.006365e-12 0.000000e+00 5.724467e-15 1.025003e-20 4.221256e-27 1.412797e-09 2.821813e-24 5.609168e-35 6.455772e-21 1.717514e-27 1.075196e-21 5.906406e-26 5.732701e-10 6.399618e-49 2.211333e-27 2.318222e-31 8.954316e-32 3.344755e-14 4.127562e-13 9.632096e-22 7.242472e-23 5.142358e-10 7.479388e-13 1.187886e-11 2.080315e-23 5.175641e-12 9.909352e-41 2.490112e-18 1.298437e-24 1.862789e-28 1.537578e-12 1.986525e-17 5.529844e-17 8.238635e-15 1.140904e-19 1.507164e-68 6.963137e-12 1.133410e-21 4.424813e-37 0.000000e+00 2.867372e-207 6.809663e-12 8.151282e-03
1.288527e-06 5.308581e-10 1.392961e-04 4.814410e-09 2.191904e-04 2.361798e-02 9.948695e-16 1.398334e-19 1.377474e-20 6.136988e-23 8.519697e-18 2.336689e-32 1.759682e-20 5.420606e-26 2.032670e-23 5.037650e-25 1.111464e-31 4.028087e-23 3.393812e-04 5.808827e-05 2.912963e-28 2.584011e-18 2.853688e-16 5.752073e-28 2.483673e-22 6.177437e-26 1.770753e-01 2.322841e-16 9.091942e-25 1.102301e-31 6.274849e-11 2.351060e-22 1.036172e-03 1.872133e-13 3.105599e-16 3.229433e-16 3.632337e-18 7.895208e-01 7.106824e-19 1.495260e-09 0.000000e+00 0.000000e+00 0.000000e+00 1.033938e-32 4.926176e-18 2.326534e-22 1.414642e-17 3.146491e-16 1.439746e-11 2.337115e-38 1.333549e-21 6.275455e-19 2.487708e-14 8.630736e-23 1.831101e-07 2.598938e-23 2.755108e-22 5.824409e-17 4.023578e-12 4.088890e-20 6.773875e-15 7.347132e-21 6.536010e-25 1.369697e-09 1.564347e-24 8.508160e-35 1.725364e-21 2.694394e-28 1.016021e-21 0.000000e+00 5.420670e-10 1.349735e-43 1.597881e-27 3.973230e-31 2.991818e-25 1.394154e-14 3.261548e-13 6.697406e-22 5.158397e-23 4.634653e-10 7.216368e-13 1.162863e-11 1.287758e-23 4.977541e-12 4.212584e-41 2.410790e-18 8.155694e-25 3.584404e-28 1.507300e-12 2.009672e-17 4.949849e-17 7.948324e-15 1.097477e-19 8.434040e-69 8.278624e-12 2.684020e-22 4.660857e-37 0.000000e+00 2.722580e-209 6.299232e-12 7.993597e-03
1.118769e-06 4.325339e-10 1.378766e-04 3.455053e-09 2.547114e-04 3.129005e-02 2.074716e-15 3.815592e-19 2.154953e-20 6.796713e-23 1.755958e-18 9.244433e-32 1.560359e-20 5.256357e-26 1.790794e-23 3.351833e-25 1.813001e-32 6.630029e-24 3.530585e-04 4.141765e-05 4.277707e-29 2.820075e-18 3.071354e-16 1.223702e-28 5.707526e-23 0.000000e+00 1.713700e-01 2.363761e-16 0.000000e+00 1.965600e-31 4.630185e-11 2.251513e-22 1.770149e-03 2.434753e-13 7.221516e-16 6.073940e-16 4.030250e-18 7.869644e-01 6.763218e-19 1.397850e-09 1.160387e-25 5.677868e-26 8.907582e-27 9.532523e-33 5.308157e-18 2.271871e-22 1.473566e-17 2.526183e-16 1.638279e-11 3.229848e-38 1.298275e-21 6.113150e-19 2.458395e-14 1.421723e-23 1.763532e-07 2.010563e-23 9.417696e-23 3.242121e-17 5.089073e-12 4.309847e-19 8.020569e-15 5.376317e-21 0.000000e+00 1.327919e-09 9.030557e-25 7.560591e-34 6.550783e-21 1.125231e-23 9.438329e-22 0.000000e+00 5.042201e-10 0.000000e+00 1.113330e-27 6.333461e-31 0.000000e+00 6.016249e-15 2.580829e-13 4.578229e-22 3.779500e-23 4.139878e-10 6.932839e-13 1.135210e-11 8.457014e-24 4.765142e-12 2.278182e-41 2.326081e-18 5.365895e-25 6.764459e-28 1.473742e-12 2.010567e-17 4.380780e-17 7.635468e-15 1.050874e-19 5.397430e-69 9.908517e-12 6.453679e-23 4.916978e-37 0.000000e+00 2.576839e-211 5.633859e-12 7.818157e-03
9.713753e-07 3.511817e-10 1.365218e-04 2.517747e-09 2.949262e-04 4.052663e-02 3.940770e-15 9.646494e-19 3.141664e-20 7.672098e-23 3.679161e-19 3.091693e-31 1.391377e-20 4.988568e-26 1.599290e-23 2.317174e-25 3.480989e-33 1.104435e-24 3.633184e-04 2.819859e-05 4.354944e-29 3.029651e-18 3.279293e-16 2.739695e-29 1.324982e-23 0.000000e+00 1.646798e-01 2.364508e-16 5.509712e-25 1.178150e-31 3.454499e-11 2.152857e-22 2.874686e-03 3.064368e-13 1.490811e-15 1.095770e-15 4.345550e-18 7.834718e-01 6.249321e-19 1.326149e-09 1.014138e-24 7.325216e-26 8.994398e-26 8.290052e-33 5.626769e-18 2.348401e-22 1.481843e-17 2.053932e-16 1.804085e-11 8.493951e-38 1.282010e-21 6.031938e-19 2.425799e-14 2.370436e-24 1.645099e-07 1.323836e-23 3.827875e-23 1.828191e-17 6.112757e-12 9.971769e-20 9.512918e-15 4.010057e-21 0.000000e+00 1.286838e-09 5.377013e-25 1.937593e-34 0.000000e+00 4.995680e-29 8.674822e-22 0.000000e+00 4.606911e-10 0.000000e+00 7.453657e-28 9.458168e-31 0.000000e+00 2.675621e-15 2.029413e-13 3.067813e-22 2.843998e-23 3.653060e-10 6.629163e-13 1.104801e-11 5.942348e-24 4.538899e-12 1.299403e-41 2.235691e-18 3.660372e-25 1.129095e-27 1.436728e-12 1.985671e-17 3.831700e-17 7.300467e-15 1.001198e-19 3.933444e-69 1.206396e-11 1.582862e-23 5.232402e-37 0.000000e+00 2.428330e-213 4.919697e-12 7.623972e-03
8.434005e-07 2.842013e-10 1.352141e-04 1.857357e-09 3.404925e-04 5.139362e-02 6.880829e-15 2.227396e-18 4.295354e-20 8.443462e-23 7.856096e-20 8.756539e-31 1.247056e-20 4.712476e-26 1.433491e-23 1.638983e-25 9.019786e-34 1.866371e-25 3.701608e-04 1.835694e-05 4.436348e-29 3.151752e-18 3.478158e-16 7.039066e-30 3.113649e-24 2.040521e-25 1.569902e-01 2.326207e-16 5.853160e-25 7.166961e-32 2.602958e-11 2.052787e-22 4.472572e-03 3.760990e-13 2.778416e-15 1.850761e-15 4.584516e-18 7.788684e-01 5.637897e-19 1.269997e-09 5.637631e-24 2.075923e-25 5.082073e-25 6.912068e-33 5.874091e-18 2.458978e-22 1.434770e-17 1.681047e-16 1.918924e-11 2.614120e-36 1.269060e-21 5.964606e-19 2.389565e-14 4.017184e-25 1.492679e-07 9.195922e-24 1.722817e-23 1.040260e-17 7.023156e-12 1.533545e-20 1.130208e-14 3.038756e-21 0.000000e+00 1.244846e-09 3.298039e-25 2.791537e-34 0.000000e+00 9.513214e-34 7.912342e-22 0.000000e+00 4.136343e-10 0.000000e+00 4.778238e-28 1.330757e-30 0.000000e+00 1.226791e-15 1.577852e-13 2.026707e-22 2.180147e-23 3.181139e-10 6.306397e-13 1.071571e-11 4.483295e-24 4.299794e-12 7.500245e-42 2.139584e-18 2.566721e-25 1.729241e-27 1.396154e-12 1.933320e-17 3.310798e-17 6.944489e-15 9.486630e-20 3.002278e-69 1.506908e-11 3.972274e-24 5.509401e-37 0.000000e+00 2.274324e-215 4.191722e-12 7.410789e-03
7.322859e-07 2.295592e-10 1.339446e-04 1.382759e-09 3.920920e-04 6.387992e-02 1.114827e-14 4.603208e-18 5.543520e-20 8.992813e-23 1.714295e-20 2.775276e-30 1.061312e-20 4.182357e-26 1.271204e-23 1.171025e-25 3.389671e-34 3.205988e-26 3.738653e-04 1.151429e-05 4.443577e-29 3.187440e-18 3.668736e-16 2.338510e-30 7.420246e-25 0.000000e+00 1.483431e-01 2.251136e-16 5.368132e-25 4.425918e-32 1.979365e-11 1.950093e-22 6.705384e-03 4.528176e-13 4.743260e-15 2.912459e-15 4.758700e-18 7.729810e-01 4.994010e-19 1.220361e-09 0.000000e+00 0.000000e+00 0.000000e+00 5.604632e-33 6.055481e-18 2.546198e-22 1.335292e-17 1.375637e-16 1.970012e-11 2.297120e-34 1.241116e-21 5.838030e-19 2.349406e-14 6.966609e-26 1.324199e-07 6.512268e-24 8.148277e-24 5.957497e-18 7.787312e-12 2.366332e-21 1.344620e-14 2.331361e-21 0.000000e+00 1.200437e-09 2.085847e-25 3.680491e-34 1.584710e-24 1.743729e-38 7.170726e-22 1.248647e-33 3.653015e-10 2.710666e-50 2.923740e-28 1.774286e-30 0.000000e+00 5.820701e-16 1.209305e-13 1.330975e-22 1.686531e-23 2.731329e-10 5.966476e-13 1.035543e-11 3.604055e-24 4.049454e-12 4.360827e-42 2.038015e-18 1.837575e-25 2.449384e-27 1.352016e-12 1.853824e-17 2.825237e-17 6.569669e-15 8.936297e-20 2.165300e-69 1.934754e-11 1.022754e-24 5.588053e-37 0.000000e+00 2.112918e-217 3.484114e-12 7.179046e-03
6.358102e-07 1.844892e-10 1.327587e-04 1.038167e-09 4.505887e-04 7.790234e-02 1.694283e-14 8.850236e-18 6.837431e-20 9.271084e-23 3.842325e-21 2.171088e-25 9.780906e-21 4.263965e-26 1.134327e-23 8.557213e-26 1.701694e-34 5.608127e-27 3.749165e-04 7.071244e-06 4.369815e-29 3.124630e-18 3.859389e-16 1.063694e-30 1.796372e-25 2.644060e-26 1.388325e-01 2.150448e-16 5.224036e-25 2.758919e-32 1.516035e-11 1.844302e-22 9.731291e-03 5.365708e-13 7.520888e-15 4.305196e-15 4.875069e-18 7.656397e-01 4.353472e-19 1.175448e-09 0.000000e+00 0.000000e+00 0.000000e+00 4.422227e-33 6.174734e-18 2.580139e-22 1.213801e-17 1.125242e-16 1.953215e-11 1.958353e-32 1.214702e-21 5.710670e-19 2.305085e-14 1.252814e-26 1.142716e-07 4.627689e-24 3.923351e-24 3.411561e-18 8.410926e-12 3.668932e-22 1.604227e-14 1.811752e-21 4.288489e-25 1.153730e-09 1.349942e-25 4.667981e-34 2.847642e-24 3.141165e-43 6.482732e-22 5.696192e-32 3.164145e-10 1.150667e-44 1.702003e-28 0.000000e+00 7.175557e-26 2.840242e-16 9.116525e-14 8.603148e-23 1.324527e-23 2.310256e-10 5.611958e-13 9.968042e-12 3.090548e-24 3.789948e-12 2.542640e-42 1.931441e-18 1.337600e-25 3.222684e-27 1.304397e-12 1.749366e-17 2.380401e-17 6.178826e-15 8.365546e-20 1.612393e-69 2.541864e-11 2.717495e-25 5.640432e-37 0.000000e+00 1.946247e-219 2.818655e-12 6.928718e-03
5.520448e-07 1.473437e-10 1.317078e-04 7.854130e-10 5.169489e-04 9.330502e-02 2.441216e-14 1.617457e-17 8.148295e-20 9.288664e-23 8.959906e-22 0.000000e+00 9.033297e-21 3.679584e-26 1.025147e-23 6.423941e-26 1.000905e-34 9.999915e-28 3.738562e-04 4.370270e-06 4.219011e-29 2.977897e-18 4.056708e-16 6.022653e-31 4.422190e-26 0.000000e+00 1.286028e-01 2.033795e-16 4.949534e-25 1.730570e-32 1.167724e-11 1.735434e-22 1.372356e-02 6.275880e-13 1.122025e-14 6.039617e-15 4.943724e-18 7.566812e-01 3.743122e-19 1.132362e-09 1.256521e-24 5.658721e-26 1.119100e-25 3.315457e-33 6.241206e-18 2.563838e-22 1.090582e-17 9.182936e-17 1.872320e-11 9.264911e-33 1.195325e-21 5.640169e-19 2.256406e-14 2.418403e-27 9.574542e-08 3.284127e-24 1.891260e-24 1.943175e-18 8.922715e-12 5.719432e-23 1.920521e-14 1.424709e-21 0.000000e+00 1.104283e-09 8.895818e-26 5.755111e-34 2.613112e-24 5.679278e-48 5.856602e-22 1.542688e-33 2.683372e-10 0.000000e+00 9.392166e-29 0.000000e+00 0.000000e+00 1.415891e-16 6.749554e-14 5.451553e-23 1.057234e-23 1.923322e-10 5.245802e-13 9.554978e-12 2.814557e-24 3.523614e-12 1.491522e-42 1.820476e-18 9.859693e-26 4.140078e-27 1.253442e-12 1.623701e-17 1.979579e-17 5.775224e-15 7.779551e-20 1.278876e-69 3.380126e-11 7.545031e-26 5.746503e-37 0.000000e+00 1.775627e-221 2.211034e-12 6.660373e-03
4.793151e-07 1.170293e-10 1.308475e-04 5.978774e-10 5.922306e-04 1.098657e-01 3.373607e-14 2.828445e-17 9.483242e-20 9.116689e-23 2.257850e-22 0.000000e+00 8.096621e-21 3.522900e-26 9.354544e-24 4.938854e-26 6.381913e-35 1.819137e-28 3.711663e-04 2.825047e-06 4.008539e-29 2.784551e-18 4.263429e-16 3.749184e-31 1.107994e-26 1.433534e-26 1.178436e-01 1.907526e-16 4.730666e-25 1.091656e-32 9.034662e-12 1.623905e-22 1.886520e-02 7.263426e-13 1.596126e-14 8.134493e-15 4.976114e-18 7.459531e-01 3.183086e-19 1.087825e-09 3.396967e-24 1.197589e-25 3.060764e-25 1.577849e-33 6.267046e-18 2.503624e-22 9.736916e-18 7.453824e-17 1.737738e-11 0.000000e+00 1.179166e-21 5.545209e-19 2.203236e-14 5.490989e-28 7.798866e-08 2.318429e-24 9.059184e-25 1.098128e-18 9.354247e-12 8.969130e-24 2.306719e-14 1.131101e-21 0.000000e+00 1.051394e-09 5.956328e-26 7.004471e-34 2.274608e-24 1.681897e-50 5.285761e-22 2.251755e-33 2.227558e-10 1.062183e-45 4.895038e-29 0.000000e+00 8.514948e-27 7.186236e-17 4.903678e-14 3.393484e-23 8.548154e-24 1.574613e-10 4.871432e-13 9.118286e-12 2.687753e-24 3.253100e-12 8.888298e-43 1.705912e-18 7.334825e-26 5.027869e-27 1.199375e-12 1.481783e-17 1.624278e-17 5.362632e-15 7.184161e-20 1.056531e-69 4.497606e-11 2.271245e-26 5.891256e-37 0.000000e+00 1.602171e-223 1.673867e-12 6.375269e-03
4.161673e-07 9.251605e-11 1.302498e-04 4.573676e-10 6.776508e-04 1.273198e-01 4.537682e-14 4.807003e-17 1.093328e-19 8.867651e-23 6.756582e-23 7.861544e-25 7.709179e-21 4.332309e-26 8.616493e-24 3.884239e-26 4.281702e-35 3.379791e-29 3.672098e-04 1.984671e-06 3.777024e-29 2.583803e-18 4.479827e-16 2.405602e-31 2.828957e-27 1.371691e-26 1.067714e-01 1.777430e-16 4.667663e-25 6.920229e-33 7.012044e-12 1.510420e-22 2.534225e-02 8.331604e-13 2.199715e-14 1.068399e-14 4.981476e-18 7.333144e-01 2.683405e-19 1.040225e-09 0.000000e+00 0.000000e+00 0.000000e+00 0.000000e+00 6.262429e-18 2.427584e-22 8.682890e-18 6.007085e-17 1.564644e-11 3.596095e-32 1.165898e-21 5.482096e-19 2.145495e-14 1.718240e-28 6.178011e-08 1.625082e-24 4.296881e-25 6.148729e-19 9.727150e-12 1.415916e-24 2.779479e-14 9.048464e-22 0.000000e+00 9.947641e-10 4.040185e-26 8.713943e-34 1.984190e-24 1.864695e-50 4.763051e-22 0.000000e+00 1.809477e-10 0.000000e+00 2.400574e-29 0.000000e+00 0.000000e+00 3.699452e-17 3.494863e-14 2.077014e-23 6.988024e-24 1.266695e-10 4.492627e-13 8.660600e-12 2.661578e-24 2.981277e-12 5.451403e-43 1.588693e-18 5.502737e-26 6.038934e-27 1.142490e-12 1.329285e-17 1.314395e-17 4.945215e-15 6.585717e-20 9.065304e-70 5.947190e-11 8.137817e-27 6.094850e-37 0.000000e+00 1.427939e-225 1.214871e-12 6.074952e-03
3.613389e-07 7.276766e-11 1.300136e-04 3.513966e-10 7.747042e-04 1.453893e-01 6.052589e-14 8.277225e-17 1.273656e-19 8.667284e-23 2.763636e-23 0.000000e+00 6.991068e-21 2.900153e-26 8.106050e-24 3.149842e-26 3.018353e-35 6.421999e-30 3.622183e-04 1.544172e-06 3.579165e-29 2.401564e-18 4.705471e-16 1.555018e-31 7.372911e-28 2.067650e-26 9.560843e-02 1.649430e-16 4.323529e-25 4.396974e-33 5.448884e-12 1.395852e-22 3.333915e-02 9.477766e-13 2.994557e-14 1.395939e-14 4.965212e-18 7.186338e-01 2.245527e-19 9.902679e-10 0.000000e+00 0.000000e+00 0.000000e+00 0.000000e+00 6.233254e-18 2.366228e-22 7.802123e-18 4.810701e-17 1.370029e-11 0.000000e+00 1.167422e-21 5.476174e-19 2.083130e-14 7.996651e-29 4.742934e-08 1.133054e-24 2.012554e-25 3.404902e-19 1.004979e-11 2.252169e-25 3.361559e-14 7.288882e-22 0.000000e+00 9.346192e-10 2.757211e-26 1.196425e-33 1.745868e-24 2.322766e-50 4.286536e-22 0.000000e+00 1.436028e-10 0.000000e+00 1.103213e-29 4.790030e-24 0.000000e+00 1.917222e-17 2.443129e-14 1.243420e-23 5.798015e-24 1.000424e-10 4.113276e-13 8.184917e-12 2.737526e-24 2.711047e-12 3.507219e-43 1.469837e-18 4.183164e-26 7.028128e-27 1.083132e-12 1.172040e-17 1.048363e-17 4.527258e-15 5.990637e-20 8.665895e-70 7.817934e-11 3.991134e-27 6.532127e-37 0.000000e+00 1.256111e-227 8.362372e-13 5.760833e-03
3.137339e-07 5.719435e-11 1.302143e-04 2.706456e-10 8.848798e-04 1.637881e-01 8.138589e-14 1.432371e-16 1.520482e-19 8.655183e-23 1.615674e-23 7.637443e-25 6.527736e-21 4.009763e-26 7.670432e-24 2.599481e-26 2.196151e-35 1.249480e-30 3.563149e-04 1.320861e-06 3.444268e-29 2.282949e-18 4.927701e-16 1.020676e-31 1.965584e-28 0.000000e+00 8.457536e-02 1.526242e-16 4.366346e-25 2.810069e-33 4.235349e-12 1.281202e-22 4.303070e-02 1.070675e-12 4.097069e-14 1.840693e-14 4.937191e-18 7.017976e-01 1.869854e-19 9.362028e-10 0.000000e+00 0.000000e+00 0.000000e+00 0.000000e+00 6.191145e-18 2.354685e-22 7.037798e-18 3.816662e-17 1.169387e-11 8.172622e-33 1.169187e-21 5.482374e-19 2.016136e-14 4.870040e-29 3.547367e-08 7.825678e-25 9.324957e-26 1.869726e-19 1.031917e-11 3.611953e-26 4.077664e-14 5.891707e-22 1.825324e-24 8.710054e-10 1.896295e-26 1.462924e-33 1.550018e-24 2.615943e-50 3.841886e-22 1.250099e-31 1.115441e-10 3.002713e-44 4.731874e-30 0.000000e+00 3.197445e-25 9.994015e-18 1.675834e-14 7.360824e-24 4.840961e-24 7.751176e-11 3.737364e-13 7.694659e-12 2.864431e-24 2.445331e-12 2.402043e-43 1.350444e-18 3.253105e-26 8.676147e-27 1.021695e-12 1.015595e-17 8.236082e-18 4.113145e-15 5.405369e-20 8.457068e-70 1.025774e-10 2.793842e-27 7.082704e-37 0.000000e+00 1.088427e-229 5.391474e-13 5.435477e-03
2.724008e-07 4.492089e-11 1.309938e-04 2.089977e-10 1.010214e-03 1.822399e-01 1.112050e-13 2.614129e-16 1.879903e-19 8.861493e-23 1.197551e-23 0.000000e+00 6.073956e-21 2.938070e-26 7.457671e-24 2.216787e-26 1.673751e-35 2.493987e-31 3.495538e-04 1.210974e-06 3.390478e-29 2.209046e-18 5.138034e-16 6.742987e-32 5.381209e-29 0.000000e+00 7.387716e-02 1.413285e-16 3.893889e-25 1.801542e-33 3.285634e-12 1.167523e-22 5.457753e-02 1.200723e-12 5.680355e-14 2.472766e-14 4.899535e-18 6.827129e-01 1.549781e-19 8.806737e-10 7.273511e-24 2.372651e-25 6.736267e-25 0.000000e+00 6.138398e-18 2.400668e-22 6.443220e-18 3.009397e-17 9.756839e-12 0.000000e+00 1.193222e-21 5.574001e-19 1.944550e-14 3.376560e-29 2.567510e-08 5.380241e-25 4.271818e-26 1.017667e-19 1.052419e-11 5.847322e-27 4.965906e-14 4.781702e-22 3.858118e-25 8.048554e-10 1.301849e-26 2.093974e-33 1.385777e-24 3.471206e-50 3.433358e-22 0.000000e+00 8.459590e-11 1.340271e-50 1.885356e-30 8.624841e-30 7.956731e-32 5.192238e-18 1.128189e-14 4.271184e-24 4.102297e-24 5.886691e-11 3.368773e-13 7.193538e-12 3.095389e-24 2.186913e-12 1.788573e-43 1.231638e-18 2.616808e-26 1.026750e-26 9.586174e-13 8.647406e-18 6.368347e-18 3.707152e-15 4.836067e-20 9.581646e-70 1.353496e-10 2.474939e-27 8.133583e-37 0.000000e+00 9.287425e-232 3.180816e-13 5.100513e-03
2.365131e-07 3.549847e-11 1.324564e-04 1.616505e-10 1.152581e-03 2.004688e-01 1.531146e-13 4.821078e-16 2.380602e-19 9.263365e-23 9.882331e-24 0.000000e+00 6.505371e-21 3.852504e-26 7.296122e-24 1.919839e-26 1.310034e-35 5.113366e-32 3.419523e-04 1.157247e-06 3.375451e-29 2.179272e-18 5.309793e-16 4.490207e-32 1.521909e-29 0.000000e+00 6.370547e-02 1.313368e-16 4.287928e-25 1.166166e-33 2.542635e-12 1.055892e-22 6.812003e-02 1.338490e-12 7.919103e-14 3.359926e-14 4.862831e-18 6.613184e-01 1.280353e-19 8.223892e-10 1.948303e-23 6.286224e-25 1.827656e-24 0.000000e+00 6.087845e-18 2.498184e-22 5.962065e-18 2.350721e-17 7.977887e-12 1.723571e-32 1.219905e-21 5.707714e-19 1.868477e-14 2.478657e-29 1.811043e-08 3.664695e-25 1.942408e-26 5.516383e-20 1.064892e-11 9.559367e-28 6.066524e-14 3.882867e-22 0.000000e+00 7.368518e-10 8.956024e-27 3.072540e-33 1.246467e-24 4.779136e-50 3.050198e-22 0.000000e+00 6.277295e-11 0.000000e+00 6.945907e-31 1.169549e-29 0.000000e+00 2.686503e-18 7.457279e-15 2.466471e-24 3.491297e-24 4.378861e-11 3.011237e-13 6.685578e-12 3.375540e-24 1.938410e-12 1.435519e-43 1.114554e-18 2.171536e-26 1.220266e-26 8.943777e-13 7.233057e-18 4.843557e-18 3.313388e-15 4.288511e-20 1.119571e-69 1.792616e-10 2.432626e-27 9.573570e-37 0.000000e+00 7.786230e-234 1.666866e-13 4.759155e-03
2.053534e-07 2.814310e-11 1.348528e-04 1.256211e-10 1.315224e-03 2.182197e-01 2.097801e-13 9.890097e-16 3.073442e-19 9.670625e-23 8.382690e-24 2.437726e-24 5.002700e-21 4.340628e-26 7.626906e-24 1.766917e-26 1.105046e-35 1.079475e-32 3.335165e-04 1.120127e-06 3.373046e-29 2.098576e-18 5.435067e-16 2.892786e-32 4.495732e-30 1.041026e-26 5.422272e-02 1.233337e-16 3.328685e-25 7.566109e-34 1.956614e-12 9.473136e-23 8.378311e-02 1.480206e-12 1.096002e-13 4.601464e-14 4.822176e-18 6.375775e-01 1.051351e-19 7.672862e-10 0.000000e+00 0.000000e+00 0.000000e+00 0.000000e+00 6.033275e-18 2.596910e-22 5.738682e-18 1.836680e-17 6.413045e-12 2.524977e-32 1.315293e-21 6.107016e-19 1.788054e-14 1.924303e-29 1.221034e-08 2.507869e-25 8.737794e-27 2.967261e-20 1.067586e-11 1.579521e-28 7.451005e-14 3.169588e-22 2.106433e-25 6.684094e-10 6.041312e-27 5.417690e-33 1.123883e-24 7.832140e-50 2.708399e-22 3.586623e-33 4.521497e-11 1.600680e-45 2.349912e-31 1.625187e-29 1.979376e-26 1.358032e-18 4.838691e-15 1.376531e-24 3.063912e-24 3.187270e-11 2.668049e-13 6.174804e-12 3.929008e-24 1.702054e-12 1.357054e-43 1.000250e-18 1.833356e-26 1.344648e-26 8.294621e-13 5.939935e-18 3.621667e-18 2.935474e-15 3.767633e-20 1.926555e-69 2.371893e-10 2.455023e-27 1.303239e-36 0.000000e+00 6.422346e-236 7.180671e-14 4.412234e-03
1.782989e-07 2.261881e-11 1.383173e-04 9.797864e-11 1.500562e-03 2.352502e-01 2.818748e-13 2.086559e-15 3.968214e-19 1.001302e-22 7.105051e-24 1.604743e-24 4.724616e-21 4.187332e-26 8.203689e-24 1.676514e-26 9.716118e-36 2.351186e-33 3.242440e-04 1.075841e-06 3.322497e-29 1.982044e-18 5.474921e-16 1.815703e-32 1.410883e-30 0.000000e+00 4.556545e-02 1.172904e-16 3.349747e-25 4.974775e-34 1.498311e-12 8.427382e-23 1.016696e-01 1.626979e-12 1.485160e-13 6.270305e-14 4.791399e-18 6.114868e-01 8.593904e-20 7.131351e-10 2.481518e-23 8.320782e-25 2.442425e-24 0.000000e+00 5.991668e-18 2.678864e-22 5.677728e-18 1.428500e-17 5.081394e-12 3.619302e-32 1.449494e-21 6.703566e-19 1.703500e-14 1.554710e-29 7.969910e-09 1.710968e-25 3.911350e-27 1.596148e-20 1.059021e-11 2.637016e-29 9.182484e-14 2.587885e-22 0.000000e+00 6.002294e-10 4.033308e-27 1.019637e-32 1.015931e-24 1.371615e-49 2.392958e-22 3.217166e-33 3.173177e-11 0.000000e+00 7.252313e-32 2.266545e-29 0.000000e+00 6.716958e-19 3.084719e-15 7.611048e-25 2.723231e-24 2.267926e-11 2.342156e-13 5.665361e-12 4.701514e-24 1.479776e-12 1.498299e-43 8.897368e-19 1.537172e-26 1.605609e-26 7.643777e-13 4.785873e-18 2.661709e-18 2.576650e-15 3.277696e-20 3.933698e-69 3.082628e-10 2.467511e-27 1.925172e-36 0.000000e+00 5.194533e-238 2.302826e-14 4.063749e-03
1.548088e-07 1.847588e-11 1.430958e-04 7.680930e-11 1.712239e-03 2.513521e-01 3.703201e-13 4.692889e-15 5.122493e-19 1.022246e-22 5.939133e-24 1.014008e-24 6.670206e-21 5.775080e-26 9.268876e-24 1.664384e-26 9.042294e-36 5.317819e-34 3.141362e-04 1.007211e-06 3.229322e-29 1.810696e-18 5.411386e-16 1.099028e-32 4.825823e-31 6.043157e-34 3.782733e-02 1.134721e-16 4.705143e-25 3.315612e-34 1.140596e-12 7.430526e-23 1.218488e-01 1.776235e-12 1.964573e-13 8.532521e-14 4.771450e-18 5.830851e-01 6.984914e-20 6.631295e-10 0.000000e+00 0.000000e+00 0.000000e+00 0.000000e+00 5.964119e-18 2.726817e-22 5.843852e-18 1.111915e-17 3.984320e-12 0.000000e+00 1.662359e-21 7.660587e-19 1.615126e-14 1.314185e-29 5.005703e-09 1.171369e-25 1.747655e-27 8.619144e-21 1.038342e-11 4.449406e-30 1.135380e-13 2.115122e-22 1.012052e-24 5.334251e-10 2.641175e-27 2.170877e-32 9.185213e-25 2.695428e-49 2.106720e-22 1.240768e-32 2.163342e-11 0.000000e+00 2.024904e-32 3.170453e-29 0.000000e+00 3.226812e-19 1.936700e-15 4.136284e-25 2.472266e-24 1.576152e-11 2.036134e-13 5.161541e-12 5.895985e-24 1.273186e-12 2.035634e-43 7.839650e-19 1.260191e-26 2.375908e-26 6.996583e-13 3.780299e-18 1.922861e-18 2.239752e-15 2.822252e-20 1.080659e-68 3.894728e-10 2.439532e-27 3.229828e-36 0.000000e+00 4.117667e-240 4.596600e-15 3.716119e-03
1.344133e-07 1.534655e-11 1.494831e-04 6.063219e-11 1.954925e-03 2.663751e-01 4.796128e-13 1.206254e-14 6.692135e-19 1.032809e-22 4.891209e-24 0.000000e+00 4.800803e-21 2.982854e-26 1.137006e-23 1.770850e-26 9.134768e-36 1.274646e-34 3.031884e-04 9.072550e-07 3.168554e-29 1.585411e-18 5.240703e-16 6.394334e-33 1.853228e-31 3.378921e-33 3.104365e-02 1.121795e-16 4.211814e-25 2.234323e-34 8.617328e-13 6.489897e-23 1.443686e-01 1.923465e-12 2.557550e-13 1.177307e-13 4.759153e-18 5.524328e-01 5.631644e-20 6.229658e-10 1.800142e-23 6.507236e-25 1.922028e-24 0.000000e+00 5.946642e-18 2.749407e-22 6.354831e-18 8.758673e-18 3.109578e-12 0.000000e+00 2.041496e-21 9.285781e-19 1.523282e-14 1.173148e-29 2.993518e-09 8.150446e-26 7.809987e-28 4.687459e-21 1.005664e-11 7.586817e-31 1.408899e-13 1.733457e-22 0.000000e+00 4.689760e-10 1.672756e-27 5.813979e-32 8.274127e-25 6.516877e-49 1.852440e-22 0.000000e+00 1.425603e-11 0.000000e+00 5.057419e-33 4.501703e-29 0.000000e+00 1.486091e-19 1.205069e-15 2.173885e-25 2.324238e-24 1.068685e-11 1.751934e-13 4.667371e-12 7.999526e-24 1.083400e-12 3.675800e-43 6.837362e-19 1.003806e-26 1.726771e-26 6.358116e-13 2.924718e-18 1.365393e-18 1.926916e-15 2.403767e-20 4.874578e-68 4.767623e-10 2.375016e-27 6.592274e-36 0.000000e+00 3.198323e-242 4.118357e-16 3.371447e-03
1.167049e-07 1.306391e-11 1.576255e-04 4.809699e-11 2.231714e-03 2.802100e-01 6.213042e-13 3.238724e-14 8.903688e-19 1.059464e-22 4.045336e-24 0.000000e+00 6.838985e-21 4.396700e-26 1.424998e-23 1.924002e-26 9.501841e-36 3.443504e-35 2.913951e-04 7.836008e-07 3.214581e-29 1.392741e-18 4.949645e-16 3.760294e-33 8.222272e-32 1.385606e-29 2.520227e-02 1.133244e-16 5.996001e-25 1.536955e-34 6.473767e-13 5.612004e-23 1.692314e-01 2.070797e-12 3.326907e-13 1.677377e-13 4.767328e-18 5.196404e-01 4.509049e-20 5.893938e-10 0.000000e+00 0.000000e+00 0.000000e+00 0.000000e+00 5.955046e-18 2.818297e-22 7.169076e-18 6.939125e-18 2.433699e-12 0.000000e+00 2.551722e-21 1.163782e-18 1.428457e-14 1.086656e-29 1.740350e-09 5.702198e-26 3.520647e-28 2.595886e-21 9.620989e-12 1.305402e-31 1.748957e-13 1.414819e-22 6.391431e-25 4.076232e-10 1.042112e-27 1.678299e-31 7.422792e-25 1.691456e-48 1.616637e-22 3.117240e-33 9.136633e-12 2.225406e-45 1.118426e-33 6.512890e-29 3.099556e-26 6.601879e-20 7.568832e-16 1.139686e-25 2.200249e-24 7.063404e-12 1.491116e-13 4.186953e-12 1.106025e-23 9.112289e-13 7.435988e-43 5.897783e-19 7.736668e-27 2.503672e-26 5.733640e-13 2.214721e-18 9.531139e-19 1.639859e-15 2.024017e-20 2.546029e-67 5.628026e-10 2.317391e-27 1.460727e-35 0.000000e+00 2.422696e-244 1.312886e-17 3.034423e-03
1.013295e-07 1.130645e-11 1.679997e-04 3.845580e-11 2.550564e-03 2.927909e-01 8.299577e-13 1.119469e-13 1.258019e-18 1.122382e-22 3.403963e-24 1.074567e-24 1.310252e-20 1.391316e-25 2.015058e-23 2.298857e-26 1.101557e-35 1.233323e-35 2.787624e-04 6.437201e-07 3.691116e-29 1.203020e-18 4.580994e-16 2.236516e-33 4.283621e-32 6.296314e-26 2.024443e-02 1.176939e-16 1.423864e-24 1.063801e-34 4.811458e-13 4.801565e-23 1.964063e-01 2.206325e-12 4.455005e-13 2.580853e-13 4.775190e-18 4.848548e-01 3.565534e-20 5.813955e-10 0.000000e+00 0.000000e+00 0.000000e+00 0.000000e+00 5.963629e-18 2.986930e-22 8.692955e-18 5.745097e-18 1.937782e-12 2.040541e-32 3.531699e-21 1.581087e-18 1.331217e-14 1.066827e-29 9.505932e-10 4.186764e-26 1.604625e-28 1.472226e-21 9.093979e-12 2.262041e-32 2.179325e-13 1.158428e-22 0.000000e+00 3.501739e-10 6.151745e-28 7.176405e-31 6.569919e-25 6.240734e-48 1.411800e-22 1.703904e-32 5.625711e-12 0.000000e+00 2.147002e-34 1.003314e-28 0.000000e+00 2.757962e-20 5.005491e-16 5.653591e-26 2.188426e-24 4.544257e-12 1.254572e-13 3.724032e-12 1.716813e-23 7.569776e-13 2.124188e-42 5.026415e-19 5.813686e-27 4.005094e-26 5.128065e-13 1.639854e-18 6.538865e-19 1.379553e-15 1.683673e-20 2.766853e-66 6.485246e-10 2.324638e-27 4.266173e-35 0.000000e+00 1.794828e-246 9.730214e-20 2.705570e-03
8.797976e-08 1.005627e-11 1.805975e-04 3.086680e-11 2.912522e-03 3.040556e-01 1.162313e-12 3.890181e-13 1.881662e-18 1.275372e-22 3.014753e-24 0.000000e+00 1.076657e-20 1.162186e-25 2.765089e-23 2.688161e-26 1.254399e-35 6.867654e-36 2.653106e-04 5.064709e-07 4.750675e-29 1.120402e-18 4.130709e-16 1.493223e-33 2.660336e-32 2.588020e-22 1.609394e-02 1.251841e-16 1.621822e-24 7.537291e-35 3.557010e-13 4.062560e-23 2.258016e-01 2.340765e-12 6.251682e-13 4.414977e-13 4.810923e-18 4.482985e-01 2.790364e-20 5.813611e-10 0.000000e+00 0.000000e+00 0.000000e+00 0.000000e+00 6.007145e-18 3.402735e-22 1.087249e-17 4.801790e-18 1.593192e-12 2.684845e-31 4.768625e-21 2.214606e-18 1.232361e-14 1.071826e-29 5.134919e-10 3.088218e-26 7.455375e-29 8.670756e-22 8.496773e-12 3.908562e-33 2.709032e-13 9.380889e-23 0.000000e+00 2.971225e-10 3.611481e-28 3.010599e-30 5.763932e-25 2.281071e-47 1.217455e-22 0.000000e+00 3.376568e-12 0.000000e+00 3.533506e-35 1.633631e-28 0.000000e+00 1.105061e-20 3.768508e-16 2.849027e-26 2.138614e-24 2.843585e-12 1.042874e-13 3.282456e-12 2.581118e-23 6.207166e-13 5.783600e-42 4.228107e-19 4.242293e-27 4.633480e-26 4.546539e-13 1.186584e-18 4.409657e-19 1.146622e-15 1.382869e-20 2.612964e-65 7.252024e-10 2.488675e-27 1.225878e-34 0.000000e+00 1.288060e-248 1.673553e-22 2.391423e-03
7.638878e-08 9.077271e-12 1.964758e-04 2.512174e-11 3.335567e-03 3.139514e-01 1.751905e-12 2.295718e-12 3.158059e-18 1.549108e-22 2.823644e-24 1.640346e-23 1.811542e-20 2.553698e-25 4.869350e-23 3.790741e-26 1.755663e-35 5.880117e-36 2.510906e-04 3.739659e-07 7.895849e-29 1.008378e-18 3.680965e-16 1.156816e-33 1.984467e-32 0.000000e+00 1.265697e-02 1.385207e-16 2.566110e-24 5.315995e-35 2.577016e-13 3.396371e-23 2.573008e-01 2.440623e-12 9.417556e-13 8.873825e-13 4.811736e-18 4.102186e-01 2.131469e-20 6.753425e-10 0.000000e+00 0.000000e+00 0.000000e+00 0.000000e+00 6.008495e-18 4.154732e-22 1.529625e-17 4.677060e-18 1.394748e-12 3.309476e-30 7.950434e-21 3.619922e-18 1.132728e-14 1.171012e-29 2.480547e-10 2.666876e-26 3.546033e-29 5.442905e-22 7.848858e-12 6.577947e-34 3.403833e-13 7.673598e-23 4.905459e-25 2.489239e-10 1.891814e-28 2.846075e-29 4.876730e-25 1.714616e-46 1.060616e-22 0.000000e+00 1.904171e-12 2.317304e-45 4.748761e-36 3.008096e-28 3.756208e-26 3.937947e-21 3.486289e-16 1.266907e-26 2.313201e-24 1.726304e-12 8.557333e-14 2.865226e-12 4.942088e-23 5.019159e-13 3.064845e-41 3.504982e-19 3.064489e-27 6.628555e-26 3.993235e-13 8.377559e-19 2.921055e-19 9.407411e-16 1.120424e-20 1.101798e-63 8.115499e-10 3.167623e-27 6.031282e-34 0.000000e+00 9.060880e-251 3.270736e-26 2.088675e-03
6.632487e-08 8.545658e-12 2.155840e-04 2.068335e-11 3.819621e-03 3.223743e-01 2.868387e-12 1.546955e-11 5.828004e-18 2.102072e-22 2.963955e-24 5.842792e-23 2.386930e-20 4.811387e-25 8.733415e-23 5.397104e-26 2.492895e-35 6.116730e-36 2.361698e-04 2.661398e-07 1.373630e-28 9.983752e-19 3.214547e-16 1.285351e-33 1.878567e-32 0.000000e+00 9.865813e-03 1.565466e-16 6.679434e-24 3.877292e-35 1.849377e-13 2.803904e-23 2.907480e-01 2.526241e-12 1.539985e-12 2.081395e-12 4.822473e-18 3.709352e-01 1.603042e-20 8.606023e-10 0.000000e+00 0.000000e+00 0.000000e+00 0.000000e+00 6.023314e-18 5.659225e-22 2.177739e-17 4.962590e-18 1.302266e-12 2.833627e-29 1.347163e-20 6.200217e-18 1.033584e-14 1.294490e-29 1.160970e-10 2.486172e-26 1.713510e-29 3.695729e-22 7.170736e-12 1.008466e-34 4.279790e-13 6.208874e-23 0.000000e+00 2.057401e-10 9.536143e-29 3.157770e-28 4.034143e-25 1.494326e-45 9.160119e-23 0.000000e+00 1.029608e-12 0.000000e+00 5.055248e-37 6.095729e-28 0.000000e+00 1.271303e-21 3.948611e-16 5.580599e-27 2.500516e-24 1.015708e-12 6.926940e-14 2.475421e-12 9.615813e-23 3.999604e-13 1.746627e-40 2.858766e-19 2.173444e-27 5.165898e-25 3.472508e-13 5.766269e-19 1.901570e-19 7.614020e-16 8.949148e-21 5.450271e-62 9.022476e-10 5.744246e-27 3.278727e-33 0.000000e+00 6.154304e-253 6.417810e-31 1.804976e-03
5.758683e-08 8.901012e-12 2.391247e-04 1.748967e-11 4.384485e-03 3.291844e-01 6.155711e-12 1.930006e-10 1.451399e-17 3.554999e-22 3.652256e-24 1.287835e-21 2.832861e-20 1.291973e-24 1.881971e-22 8.737986e-26 4.077493e-35 6.871325e-36 2.206727e-04 1.906706e-07 2.674003e-28 1.155902e-18 2.777718e-16 2.522267e-33 2.348389e-32 0.000000e+00 7.679905e-03 1.795506e-16 1.211187e-23 3.074648e-35 1.309606e-13 2.284423e-23 3.258340e-01 2.575163e-12 3.293878e-12 5.614367e-12 4.799762e-18 3.309175e-01 1.202056e-20 1.371768e-09 2.181379e-24 4.147388e-25 4.082631e-25 0.000000e+00 6.000423e-18 9.375026e-22 3.082878e-17 6.529865e-18 1.282784e-12 1.814475e-28 2.661919e-20 1.125486e-17 9.366139e-15 1.449046e-29 4.967348e-11 2.841942e-26 8.370034e-30 2.807196e-22 6.478098e-12 1.205664e-35 5.421120e-13 5.018081e-23 6.236234e-25 1.676680e-10 4.289816e-29 7.985726e-27 3.198652e-25 2.748647e-44 7.956883e-23 5.228521e-33 5.253377e-13 0.000000e+00 3.873450e-38 1.676075e-27 0.000000e+00 3.569149e-22 5.013762e-16 2.382064e-27 2.887623e-24 5.778488e-13 5.527782e-14 2.115673e-12 2.236402e-22 3.139077e-13 1.631920e-39 2.289678e-19 1.539251e-27 3.786078e-24 2.988261e-13 3.862939e-19 1.217636e-19 6.075219e-16 7.041623e-21 8.238774e-60 1.060234e-09 2.385759e-26 2.910256e-32 0.000000e+00 4.061860e-255 7.353490e-37 1.539737e-03
5.000000e-08 1.298517e-11 2.678308e-04 1.559250e-11 5.036168e-03 3.342628e-01 3.632916e-11 7.075077e-09 1.005386e-16 1.157881e-21 5.210380e-24 2.523015e-19 4.630046e-20 7.846503e-23 4.172283e-22 1.432685e-25 6.779014e-35 7.345057e-36 2.048441e-04 1.676815e-07 9.057329e-28 2.754263e-18 2.446611e-16 1.251873e-32 3.556872e-32 0.000000e+00 6.143450e-03 1.954625e-16 3.023816e-23 3.383644e-35 9.475336e-14 1.837268e-23 3.613389e-01 2.652128e-12 1.935610e-11 1.546559e-11 4.768682e-18 2.914472e-01 9.628702e-21 2.513559e-09 0.000000e+00 1.164015e-24 0.000000e+00 0.000000e+00 5.974202e-18 2.740658e-21 3.632201e-17 9.734857e-18 1.239479e-12 8.172322e-28 5.369778e-20 1.817120e-17 8.448661e-15 1.507795e-29 2.108063e-11 3.604877e-26 4.289435e-30 2.372385e-22 5.769350e-12 8.900372e-37 6.739632e-13 4.002286e-23 1.579565e-27 1.347474e-10 1.833120e-29 6.150594e-25 2.450232e-25 1.465162e-42 7.003528e-23 4.878085e-35 2.686602e-13 1.755390e-47 1.912887e-39 1.257371e-26 3.862358e-28 1.017163e-22 6.228700e-16 1.333355e-27 3.327040e-24 3.179039e-13 4.349988e-14 1.789272e-12 5.334250e-22 2.428807e-13 1.669286e-38 1.800023e-19 1.123736e-27 4.757188e-23 2.545415e-13 2.517630e-19 7.701914e-20 4.780081e-16 5.459830e-21 1.489944e-57 1.931254e-09 3.965032e-25 3.779661e-31 0.000000e+00 4.023396e-255 2.092216e-31 1.298610e-03
