PRESS OH H2 H2O H O CH C CH2 CH3 CH4 C2 C2H2 C2H C2H3 C2H4 C2H5 C2H6 CO CO2 CH2OH H2CO HCO CH3O CH3OH CH3CO O2 H2CCO HCCO CH3O2 HO2 CH3OOH N NH CN HCN NH2 N2 NH3 NO N2H2 N2H N2H3 N2H4 HNO H2CN HNCO NO2 N2O C4H2 CH2NH2 CH2NH CH3NH2 CH3CHO O3 NO3 HNO3 HNO2 NCO N2O5 S SH S2 SO H2S CS COS CS2 NS HS2 SO2 S4 S8 HCS S3 H2O2 SO3 HSO3 HSO H2SO4 HC3N CH3CN CH2CN C2H3CN CH3SH CH3S C3H3 C3H2 C3H4 C6H5 C6H6 C4H3 C4H5 S2O O_1 CH2_1 N_2D He H2O_l_s H2SO4_l Ar
1.000000e+00 3.485410e-17 1.433359e-06 8.922743e-03 2.483217e-23 2.336354e-19 6.764781e-36 4.291428e-31 5.860296e-31 4.249711e-17 4.553566e-05 2.291895e-58 4.936337e-14 2.215348e-41 5.451130e-32 1.827590e-11 2.844927e-19 1.397723e-11 5.144096e-07 3.992279e-04 1.052413e-30 2.035450e-09 2.825857e-24 2.441363e-20 6.218766e-14 1.110357e-21 2.002569e-01 4.002117e-17 8.438918e-15 1.214148e-18 5.062558e-18 2.875797e-19 3.450023e-31 3.323112e-24 7.058108e-33 5.417556e-11 1.386283e-22 7.810200e-01 1.215256e-10 3.885198e-07 5.345280e-23 3.311702e-27 4.497381e-23 8.345743e-25 1.192176e-11 6.894846e-18 1.059253e-13 6.477608e-09 3.249418e-07 9.298454e-20 1.084113e-24 4.269923e-21 8.477991e-17 1.260445e-16 9.590093e-14 2.498654e-21 3.710853e-11 1.889772e-10 1.545498e-27 1.172393e-20 2.156430e-27 2.516654e-18 1.222588e-18 7.883964e-20 4.526143e-10 0.000000e+00 5.451474e-10 5.658326e-23 8.752575e-20 1.006579e-18 3.721738e-10 2.418448e-24 4.948513e-28 0.000000e+00 1.333166e-22 1.117607e-17 3.999267e-18 1.715236e-25 2.525662e-09 2.894441e-11 4.990784e-15 4.134072e-11 4.126850e-13 4.744274e-14 5.313603e-17 1.177599e-26 4.217053e-20 1.397275e-14 5.679710e-15 3.718728e-24 9.267950e-18 2.466595e-17 2.276272e-22 1.444468e-31 6.264814e-29 3.514551e-32 2.190912e-48 0.000000e+00 0.000000e+00 1.094233e-21 9.352892e-03
8.682540e-01 4.570781e-17 1.436980e-06 6.464068e-03 3.554355e-23 3.203577e-19 8.139372e-35 1.163230e-31 7.459002e-31 4.975410e-17 4.564007e-05 1.092514e-59 4.949259e-14 1.402525e-41 5.548613e-32 1.832319e-11 3.368663e-19 1.401347e-11 5.158629e-07 4.002195e-04 1.360358e-30 2.014543e-09 3.822919e-24 3.114715e-20 6.236197e-14 1.868645e-21 2.007537e-01 4.012349e-17 8.460203e-15 1.335405e-18 6.114803e-18 2.882429e-19 1.239300e-31 1.780990e-24 6.050084e-33 5.433038e-11 1.644270e-22 7.829576e-01 1.217827e-10 3.893173e-07 5.357877e-23 5.026312e-27 4.508041e-23 8.367730e-25 1.199123e-11 6.912081e-18 1.061956e-13 6.546401e-09 3.257052e-07 9.320566e-20 1.094159e-24 4.280446e-21 8.499759e-17 1.270906e-16 1.412466e-13 3.084953e-21 2.327979e-10 1.899552e-10 2.362065e-27 3.323510e-20 3.830977e-27 3.716515e-18 1.272941e-18 1.379079e-19 4.518259e-10 0.000000e+00 5.456535e-10 5.679607e-23 8.777430e-20 1.580554e-18 3.732223e-10 2.965135e-24 4.964486e-28 0.000000e+00 1.337034e-22 1.121952e-17 2.363356e-18 2.343847e-25 2.531915e-09 2.903293e-11 5.003596e-15 4.144220e-11 4.136316e-13 4.756422e-14 5.336363e-17 1.554189e-26 4.245276e-20 1.400846e-14 5.694365e-15 3.773981e-24 9.290093e-18 2.473152e-17 2.282269e-22 1.447763e-31 1.305486e-28 7.317773e-32 8.302528e-49 0.000000e+00 1.976891e-05 1.882005e-19 9.376094e-03
7.538651e-01 5.769101e-17 1.438919e-06 5.219538e-03 4.855779e-23 4.247403e-19 6.762005e-34 3.241299e-31 9.263657e-31 5.627779e-17 4.568852e-05 1.093602e-57 4.957376e-14 8.988722e-42 5.537750e-32 1.835043e-11 3.869548e-19 1.403445e-11 5.166886e-07 4.007213e-04 1.698100e-30 1.967547e-09 4.831167e-24 3.791715e-20 6.248633e-14 2.970141e-21 2.010052e-01 4.018041e-17 8.471569e-15 1.408239e-18 7.071862e-18 2.884850e-19 4.652694e-32 9.957203e-25 5.268513e-33 5.442195e-11 1.890883e-22 7.839383e-01 1.218861e-10 3.896718e-07 5.363391e-23 7.281568e-27 4.512788e-23 8.381607e-25 1.206753e-11 6.921317e-18 1.063464e-13 6.572090e-09 3.260694e-07 9.331855e-20 1.112701e-24 4.285835e-21 8.512023e-17 1.290448e-16 1.978875e-13 3.693356e-21 4.320737e-10 1.901809e-10 3.245154e-27 8.530116e-20 5.688567e-27 5.313442e-18 1.396700e-18 2.028341e-19 4.504808e-10 0.000000e+00 5.454119e-10 5.697589e-23 8.795436e-20 2.425255e-18 3.738658e-10 3.305488e-24 4.978821e-28 0.000000e+00 1.339972e-22 1.127225e-17 1.335615e-18 3.068014e-25 2.535030e-09 2.906763e-11 5.010811e-15 4.149286e-11 4.139812e-13 4.763213e-14 5.366162e-17 2.194650e-26 4.287441e-20 1.402832e-14 5.702738e-15 3.814747e-24 9.300278e-18 2.477170e-17 2.285891e-22 1.449218e-31 2.408731e-28 1.279745e-31 3.206918e-49 0.000000e+00 8.973135e-06 1.432034e-17 9.387838e-03
6.545464e-01 7.080912e-17 1.440784e-06 4.077417e-03 6.425440e-23 5.497724e-19 4.649903e-33 0.000000e+00 1.135404e-30 6.216619e-17 4.573252e-05 3.633163e-59 4.966685e-14 5.784643e-42 5.439923e-32 1.837821e-11 4.343043e-19 1.405593e-11 5.174518e-07 4.011819e-04 2.065585e-30 1.903101e-09 5.836963e-24 4.466836e-20 6.263318e-14 4.579714e-21 2.012360e-01 4.023697e-17 8.482498e-15 1.442670e-18 7.936694e-18 2.886248e-19 1.806142e-32 5.718170e-25 0.000000e+00 5.451034e-11 2.124398e-22 7.848384e-01 1.219744e-10 3.900302e-07 5.368027e-23 1.020517e-26 4.516818e-23 8.397325e-25 1.215047e-11 6.930564e-18 1.064978e-13 6.560167e-09 3.264011e-07 9.343203e-20 1.142312e-24 4.290962e-21 8.524326e-17 1.322576e-16 2.677958e-13 4.322249e-21 6.222399e-10 1.892622e-10 4.207166e-27 2.046507e-19 7.753429e-27 7.440676e-18 1.612057e-18 2.754689e-19 4.492008e-10 3.784096e-30 5.450889e-10 5.721573e-23 8.816663e-20 3.637439e-18 3.745145e-10 3.814808e-24 4.997240e-28 4.555208e-39 1.343531e-22 1.135118e-17 8.151871e-19 3.892413e-25 2.537818e-09 2.910528e-11 5.018047e-15 4.153915e-11 4.141993e-13 4.769985e-14 5.410779e-17 3.305082e-26 4.345732e-20 1.404804e-14 5.711227e-15 3.848075e-24 9.309159e-18 2.481404e-17 2.289704e-22 1.450506e-31 4.123568e-28 2.234403e-31 1.272178e-49 0.000000e+00 7.925468e-06 5.339759e-16 9.398615e-03
5.683125e-01 8.490747e-17 1.442509e-06 3.084192e-03 8.248427e-23 6.921565e-19 2.703160e-32 0.000000e+00 1.376535e-30 6.639317e-17 4.576999e-05 1.351222e-57 4.977387e-14 3.552504e-42 5.157012e-32 1.840579e-11 4.735907e-19 1.407734e-11 5.181250e-07 4.015825e-04 2.452745e-30 1.826533e-09 6.816530e-24 5.104895e-20 6.280197e-14 7.198893e-21 2.014366e-01 4.029147e-17 8.492615e-15 1.431725e-18 8.631816e-18 2.886518e-19 5.960631e-33 3.173552e-25 0.000000e+00 5.459303e-11 2.320063e-22 7.856211e-01 1.220425e-10 3.903742e-07 5.371697e-23 1.410112e-26 4.520042e-23 8.415024e-25 1.223227e-11 6.939734e-18 1.066462e-13 6.513897e-09 3.266854e-07 9.354320e-20 1.184481e-24 4.295671e-21 8.536312e-17 1.369312e-16 3.558820e-13 4.932108e-21 7.992159e-10 1.869539e-10 5.239687e-27 5.030798e-19 1.003379e-26 1.024909e-17 1.934093e-18 3.568850e-19 4.479936e-10 0.000000e+00 5.446789e-10 5.736033e-23 8.840986e-20 5.396102e-18 3.751481e-10 4.698425e-24 5.019725e-28 0.000000e+00 1.347710e-22 1.145983e-17 4.896972e-19 4.835771e-25 2.540149e-09 2.912776e-11 5.025094e-15 4.157918e-11 4.142714e-13 4.776538e-14 5.471103e-17 4.814429e-26 4.416661e-20 1.406703e-14 5.719597e-15 3.876942e-24 9.316462e-18 2.485745e-17 2.293618e-22 1.451566e-31 6.723154e-28 3.992118e-31 4.574359e-50 0.000000e+00 6.788534e-06 1.028223e-14 9.407987e-03
4.934396e-01 1.000222e-16 1.444101e-06 2.238059e-03 1.037673e-22 8.557378e-19 1.373458e-31 0.000000e+00 1.754121e-30 6.938906e-17 4.580100e-05 1.211430e-58 4.989933e-14 3.899923e-42 4.784164e-32 1.843336e-11 5.063151e-19 1.409884e-11 5.187081e-07 4.019239e-04 2.871804e-30 1.742718e-09 7.769145e-24 5.706439e-20 6.299532e-14 1.161384e-20 2.016076e-01 4.034423e-17 8.501965e-15 1.389643e-18 9.198533e-18 2.885782e-19 1.883204e-33 1.741814e-25 0.000000e+00 5.467036e-11 2.484897e-22 7.862879e-01 1.220904e-10 3.907005e-07 5.374533e-23 1.922175e-26 4.522558e-23 8.435254e-25 1.230873e-11 6.949055e-18 1.067932e-13 6.438890e-09 3.269227e-07 9.365312e-20 1.241341e-24 4.299996e-21 8.548060e-17 1.432983e-16 4.656466e-13 5.549783e-21 9.614156e-10 1.832975e-10 6.366944e-27 1.247201e-18 1.255438e-26 1.396651e-17 2.377111e-18 4.489138e-19 4.468637e-10 0.000000e+00 5.441918e-10 5.781405e-23 8.868785e-20 7.962459e-18 3.757664e-10 6.055238e-24 5.046595e-28 5.352765e-37 1.352587e-22 1.160246e-17 3.054250e-19 5.904224e-25 2.542019e-09 2.905853e-11 5.031998e-15 4.161304e-11 4.142047e-13 4.782912e-14 5.548056e-17 7.875079e-26 4.496927e-20 1.408540e-14 5.727908e-15 3.900523e-24 9.322307e-18 2.490215e-17 2.297668e-22 1.452402e-31 1.056147e-27 7.988434e-31 1.568751e-50 0.000000e+00 5.739139e-06 1.027168e-13 9.415971e-03
4.284310e-01 1.158911e-16 1.445541e-06 1.554263e-03 1.270712e-22 1.025864e-18 6.174053e-31 0.000000e+00 2.457873e-30 6.915157e-17 4.582487e-05 5.513351e-57 5.004650e-14 4.380628e-41 4.184844e-32 1.846080e-11 5.228689e-19 1.412032e-11 5.191925e-07 4.022000e-04 3.295545e-30 1.656159e-09 8.671593e-24 6.198997e-20 6.321408e-14 2.114000e-20 2.017458e-01 4.039485e-17 8.510442e-15 1.298671e-18 9.505449e-18 2.884178e-19 9.393065e-34 8.640816e-26 0.000000e+00 5.474166e-11 2.574008e-22 7.868268e-01 1.221163e-10 3.909973e-07 5.376552e-23 2.649601e-26 4.524373e-23 8.458345e-25 1.237693e-11 6.958600e-18 1.069384e-13 6.342050e-09 3.271082e-07 9.376103e-20 1.315235e-24 4.303890e-21 8.559492e-17 1.515810e-16 6.110892e-13 6.115734e-21 1.107528e-09 1.784577e-10 7.557259e-27 3.641568e-18 1.530604e-26 1.883721e-17 2.948447e-18 5.513744e-19 4.458057e-10 2.259599e-29 5.436287e-10 5.851007e-23 8.900242e-20 1.174323e-17 3.763625e-10 8.069557e-24 5.078021e-28 1.791467e-36 1.358209e-22 1.178260e-17 1.782041e-19 7.156982e-25 2.543390e-09 2.859932e-11 5.038714e-15 4.164008e-11 4.140017e-13 4.789063e-14 5.641787e-17 1.414960e-25 4.582457e-20 1.410302e-14 5.736111e-15 3.918719e-24 9.326628e-18 2.494794e-17 2.301839e-22 1.452991e-31 1.628789e-27 1.885185e-30 4.216217e-51 0.000000e+00 4.596535e-06 5.671688e-13 9.422423e-03
3.719869e-01 1.330382e-16 1.446808e-06 1.051129e-03 1.546797e-22 1.223830e-18 2.474417e-30 0.000000e+00 4.137195e-30 6.857716e-17 4.584075e-05 0.000000e+00 5.021855e-14 7.155404e-40 3.655191e-32 1.848791e-11 5.363491e-19 1.414166e-11 5.195690e-07 4.024033e-04 3.770113e-30 1.571411e-09 9.575452e-24 6.669307e-20 6.345873e-14 4.090833e-20 2.018474e-01 4.044283e-17 8.517918e-15 1.202808e-18 9.785727e-18 2.881926e-19 5.560858e-34 4.468014e-26 0.000000e+00 5.480612e-11 2.648586e-22 7.872233e-01 1.221174e-10 3.912494e-07 5.377737e-23 3.610653e-26 4.525462e-23 8.484579e-25 1.243479e-11 6.968402e-18 1.070811e-13 6.231480e-09 3.272358e-07 9.386589e-20 1.409191e-24 4.307292e-21 8.570508e-17 1.620156e-16 7.927884e-13 6.761482e-21 1.236702e-09 1.728175e-10 8.899406e-27 1.184144e-17 1.836411e-26 2.531706e-17 3.641187e-18 6.680569e-19 4.448057e-10 3.176564e-29 5.429861e-10 5.894466e-23 8.935509e-20 1.703508e-17 3.769294e-10 1.064521e-23 5.114158e-28 2.390622e-36 1.364613e-22 1.200368e-17 1.277484e-19 8.576298e-25 2.544220e-09 2.733318e-11 5.045182e-15 4.165955e-11 4.136651e-13 4.794929e-14 5.752599e-17 2.759023e-25 4.669635e-20 1.411971e-14 5.744145e-15 3.929566e-24 9.329308e-18 2.499459e-17 2.306118e-22 1.453306e-31 2.454495e-27 5.370805e-30 1.180567e-51 0.000000e+00 3.344704e-06 1.803544e-12 9.427170e-03
3.229791e-01 1.505959e-16 1.448010e-06 6.776698e-04 1.823779e-22 1.399629e-18 8.921840e-30 7.080598e-31 7.650623e-30 6.302641e-17 4.585061e-05 4.358349e-55 5.043103e-14 8.956033e-39 2.898164e-32 1.851682e-11 5.234169e-19 1.416451e-11 5.198696e-07 4.025545e-04 4.235684e-30 1.488073e-09 1.040074e-23 6.926640e-20 6.374649e-14 1.078494e-19 2.019229e-01 4.049208e-17 8.525040e-15 1.052675e-18 9.708145e-18 2.879253e-19 2.246425e-34 2.066859e-26 2.615939e-32 5.486872e-11 2.598016e-22 7.875177e-01 1.220966e-10 3.914723e-07 5.378359e-23 5.129992e-26 4.526052e-23 8.516128e-25 1.248418e-11 6.979351e-18 1.072331e-13 6.109705e-09 3.273203e-07 9.397669e-20 1.532365e-24 4.310512e-21 8.581994e-17 1.754949e-16 1.055268e-12 7.360008e-21 1.354318e-09 1.663951e-10 1.032409e-26 5.330484e-17 2.167032e-26 3.380858e-17 4.465779e-18 7.956101e-19 4.438230e-10 2.090422e-29 5.422520e-10 5.907156e-23 8.977172e-20 2.418653e-17 3.775068e-10 1.429913e-23 5.157452e-28 1.959423e-36 1.372267e-22 1.228280e-17 1.163109e-19 1.033423e-24 2.544622e-09 2.501548e-11 5.051921e-15 4.167348e-11 4.131959e-13 4.800988e-14 5.887045e-17 6.492334e-25 4.758637e-20 1.413682e-14 5.752647e-15 3.929236e-24 9.330760e-18 2.504556e-17 2.310828e-22 1.453400e-31 3.719637e-27 1.684084e-29 2.274194e-52 0.000000e+00 2.318160e-06 4.024370e-12 9.430693e-03
2.804279e-01 1.695422e-16 1.449207e-06 4.284980e-04 2.148276e-22 1.600867e-18 2.886185e-29 0.000000e+00 1.499752e-29 5.790773e-17 4.585440e-05 7.418891e-55 5.070399e-14 8.744555e-38 2.297038e-32 1.854934e-11 5.094405e-19 1.419032e-11 5.201009e-07 4.026557e-04 4.758834e-30 1.407334e-09 1.122760e-23 7.162016e-20 6.409767e-14 3.163805e-19 2.019732e-01 4.054544e-17 8.532156e-15 9.164128e-19 9.667260e-18 2.876402e-19 0.000000e+00 1.218671e-26 0.000000e+00 5.493250e-11 2.540420e-22 7.877141e-01 1.220504e-10 3.916638e-07 5.378478e-23 7.240514e-26 4.526184e-23 8.555593e-25 1.252536e-11 6.992293e-18 1.074041e-13 5.980448e-09 3.273620e-07 9.410048e-20 1.698964e-24 4.313710e-21 8.594634e-17 1.933390e-16 1.395187e-12 8.142717e-21 1.463027e-09 1.595234e-10 1.198791e-26 1.706966e-16 2.539252e-26 4.520532e-17 5.410249e-18 9.424216e-19 4.428098e-10 0.000000e+00 5.413925e-10 5.919796e-23 9.028312e-20 3.276364e-17 3.781250e-10 1.871620e-23 5.210993e-28 2.590638e-36 1.381744e-22 1.264414e-17 1.684368e-19 1.235898e-24 2.544583e-09 2.197852e-11 5.059333e-15 4.168199e-11 4.125700e-13 4.807594e-14 6.055587e-17 1.465729e-24 4.850250e-20 1.415535e-14 5.762138e-15 3.921978e-24 9.330980e-18 2.510411e-17 2.316278e-22 1.453254e-31 5.563077e-27 5.446327e-29 5.592622e-53 0.000000e+00 1.367082e-06 6.869119e-12 9.433042e-03
2.434827e-01 1.873641e-16 1.450899e-06 2.418400e-04 2.461728e-22 1.785216e-18 8.816580e-29 0.000000e+00 2.866899e-29 5.089563e-17 4.585201e-05 1.747534e-52 5.118069e-14 6.803975e-37 1.725552e-32 1.860036e-11 4.789144e-19 1.423094e-11 5.203292e-07 4.027323e-04 5.274110e-30 1.307084e-09 1.178816e-23 7.196954e-20 6.468093e-14 1.148281e-18 2.020109e-01 4.062675e-17 8.542255e-15 7.683133e-19 9.373836e-18 2.872902e-19 5.379747e-34 9.685000e-27 3.271974e-33 5.502376e-11 2.396293e-22 7.878612e-01 1.219523e-10 3.918776e-07 5.378188e-23 1.034203e-25 4.525917e-23 8.622851e-25 1.256830e-11 7.013602e-18 1.076738e-13 5.807654e-09 3.273656e-07 9.429487e-20 2.002591e-24 4.318245e-21 8.614138e-17 2.250798e-16 1.858032e-12 9.108702e-21 1.595369e-09 1.503717e-10 1.400039e-26 4.239210e-16 2.954409e-26 6.050499e-17 6.755570e-18 1.115669e-18 4.413932e-10 3.773334e-29 5.400604e-10 5.960804e-23 9.113806e-20 4.438003e-17 3.790481e-10 2.643892e-23 5.300513e-28 3.828407e-36 1.397675e-22 1.327279e-17 3.192790e-19 1.465643e-24 2.543967e-09 1.855295e-11 5.070763e-15 4.168685e-11 4.115046e-13 4.817710e-14 6.341054e-17 3.624121e-24 4.972934e-20 1.418356e-14 5.776946e-15 3.918187e-24 9.329784e-18 2.519728e-17 2.325012e-22 1.452741e-31 8.293780e-27 1.878638e-28 1.596349e-53 0.000000e+00 6.424634e-07 9.871815e-12 9.434801e-03
2.114048e-01 1.972283e-16 1.454678e-06 9.677249e-05 2.657299e-22 1.926956e-18 2.704285e-28 0.000000e+00 5.241177e-29 4.271628e-17 4.583527e-05 2.091186e-50 5.241621e-14 4.357103e-36 1.218885e-32 1.872253e-11 4.280889e-19 1.432840e-11 5.206560e-07 4.027940e-04 5.649708e-30 1.135589e-09 1.143053e-23 6.858045e-20 6.612257e-14 4.766041e-18 2.020401e-01 4.081785e-17 8.564853e-15 6.154946e-19 8.558610e-18 2.868202e-19 4.642319e-33 1.031481e-26 0.000000e+00 5.522653e-11 2.132929e-22 7.879756e-01 1.216847e-10 3.922181e-07 5.377369e-23 1.431430e-25 4.525003e-23 8.793488e-25 1.262656e-11 7.066788e-18 1.083238e-13 5.495630e-09 3.272895e-07 9.476418e-20 2.823183e-24 4.328459e-21 8.660350e-17 3.085826e-16 2.430840e-12 1.036685e-20 1.825492e-09 1.342411e-10 1.668456e-26 9.828222e-16 3.420366e-26 8.125293e-17 9.295852e-18 1.347718e-18 4.384580e-10 0.000000e+00 5.370730e-10 5.975923e-23 9.326619e-20 6.440109e-17 3.811573e-10 4.570319e-23 5.521465e-28 2.932631e-36 1.437424e-22 1.488597e-17 8.548008e-19 1.667659e-24 2.541768e-09 1.429363e-11 5.097833e-15 4.168604e-11 4.089272e-13 4.841559e-14 7.060486e-17 1.034826e-23 5.208506e-20 1.424983e-14 5.812274e-15 3.982695e-24 9.325093e-18 2.542184e-17 2.346191e-22 1.451149e-31 1.207109e-26 8.612767e-28 5.419959e-54 0.000000e+00 1.904151e-07 1.289101e-11 9.436163e-03
1.835531e-01 1.988808e-16 1.461585e-06 3.180423e-05 2.719248e-22 2.031606e-18 6.697658e-28 0.000000e+00 9.131536e-29 3.408020e-17 4.579996e-05 1.362831e-48 5.485175e-14 2.354832e-35 8.164800e-33 1.895168e-11 3.660881e-19 1.451137e-11 5.210662e-07 4.028262e-04 5.915591e-30 9.282316e-10 1.032410e-23 6.228334e-20 6.884897e-14 2.232828e-17 2.020531e-01 4.117377e-17 8.606137e-15 4.693110e-19 7.400004e-18 2.867317e-19 4.589296e-32 1.264719e-26 6.925415e-34 5.558836e-11 1.803340e-22 7.880270e-01 1.211751e-10 3.926368e-07 5.376838e-23 1.942642e-25 4.523902e-23 9.124965e-25 1.267427e-11 7.169377e-18 1.095537e-13 5.114287e-09 3.271071e-07 9.565719e-20 4.540184e-24 4.347370e-21 8.746703e-17 4.781775e-16 3.163860e-12 1.193694e-20 2.123302e-09 1.143875e-10 2.051438e-26 1.752267e-15 3.947822e-26 1.096741e-16 1.248437e-17 1.649221e-18 4.338052e-10 0.000000e+00 5.320960e-10 6.010628e-23 9.732332e-20 9.104410e-17 3.849321e-10 7.593186e-23 5.930657e-28 2.532301e-36 1.513092e-22 1.804514e-17 2.707033e-18 1.835134e-24 2.537433e-09 1.067129e-11 5.148394e-15 4.167639e-11 4.043290e-13 4.886028e-14 8.459350e-17 3.317451e-23 5.557719e-20 1.437323e-14 5.878447e-15 4.322120e-24 9.316257e-18 2.584281e-17 2.386089e-22 1.448057e-31 1.737702e-26 4.500328e-27 1.859982e-54 0.000000e+00 3.538920e-08 1.418282e-11 9.436763e-03
1.593707e-01 1.828918e-16 1.476752e-06 3.181471e-05 2.508588e-22 2.121883e-18 1.157856e-27 0.000000e+00 1.521598e-28 2.539063e-17 4.572630e-05 5.368413e-47 6.041853e-14 1.129717e-34 5.219529e-33 1.945816e-11 2.944408e-19 1.491601e-11 5.217554e-07 4.028389e-04 5.920972e-30 6.604113e-10 8.016755e-24 5.180107e-20 7.486491e-14 1.021604e-16 2.020529e-01 4.195851e-17 8.696561e-15 3.315734e-19 5.733980e-18 2.881268e-19 3.447504e-31 1.631235e-26 3.082003e-33 5.636001e-11 1.419389e-22 7.880273e-01 1.200711e-10 3.931950e-07 5.377421e-23 2.425697e-25 4.522655e-23 9.876606e-25 1.268917e-11 7.399624e-18 1.122946e-13 4.665731e-09 3.267128e-07 9.765960e-20 8.832019e-24 4.389389e-21 8.937366e-17 8.904985e-16 4.021515e-12 1.348006e-20 2.569619e-09 8.833703e-11 2.567575e-26 2.740101e-15 4.538922e-26 1.487664e-16 1.644693e-17 2.053048e-18 4.250074e-10 0.000000e+00 5.225060e-10 6.079122e-23 1.063587e-19 1.329638e-16 3.928559e-10 1.206993e-22 6.782263e-28 2.813338e-36 1.680904e-22 2.530420e-17 2.591124e-18 1.853091e-24 2.528438e-09 7.333160e-12 5.259969e-15 4.165011e-11 3.948623e-13 4.984103e-14 1.169338e-16 1.142719e-22 6.201033e-20 1.464529e-14 6.024627e-15 6.540057e-24 9.299110e-18 2.677059e-17 2.474381e-22 1.441436e-31 2.442988e-26 7.508420e-27 6.321355e-55 0.000000e+00 1.582443e-09 1.320940e-11 9.436734e-03
1.383743e-01 1.631350e-16 1.498107e-06 3.182834e-05 2.264306e-22 2.341380e-18 1.929025e-27 0.000000e+00 2.456939e-28 1.822426e-17 4.563612e-05 1.366124e-45 6.839082e-14 4.778538e-34 3.427602e-33 2.016907e-11 2.358532e-19 1.548422e-11 5.226114e-07 4.028563e-04 5.891873e-30 4.511080e-10 5.987830e-24 4.208579e-20 8.324828e-14 3.089446e-16 2.020525e-01 4.305923e-17 8.823272e-15 2.237369e-19 4.351763e-18 2.917640e-19 2.061502e-30 2.133271e-26 0.000000e+00 5.741424e-11 1.174145e-22 7.880277e-01 1.185715e-10 3.936151e-07 5.377735e-23 3.103013e-25 4.520504e-23 1.095525e-24 1.263682e-11 7.722983e-18 1.161699e-13 4.434925e-09 3.262271e-07 1.005063e-19 1.585194e-23 4.449090e-21 9.205017e-17 1.558667e-15 5.281359e-12 1.477417e-20 3.015085e-09 6.656482e-11 3.316308e-26 3.563587e-15 5.232958e-26 2.026722e-16 1.942183e-17 2.467106e-18 4.141348e-10 0.000000e+00 5.108639e-10 6.133213e-23 1.190936e-19 1.815534e-16 4.032913e-10 1.527013e-22 7.817316e-28 2.743392e-36 1.915973e-22 3.600081e-17 2.409978e-18 1.812942e-24 2.517348e-09 5.235412e-12 5.416455e-15 4.161451e-11 3.825893e-13 5.121641e-14 1.655855e-16 3.814040e-22 7.056872e-20 1.502685e-14 6.229725e-15 1.780280e-23 9.279522e-18 2.806783e-17 2.598281e-22 1.432673e-31 3.556393e-26 1.212533e-26 2.265518e-55 0.000000e+00 7.733702e-13 1.087058e-11 9.436694e-03
1.201440e-01 1.434598e-16 1.527614e-06 3.184726e-05 2.085574e-22 2.932550e-18 3.193649e-27 0.000000e+00 3.993738e-28 1.407389e-17 4.552708e-05 2.382025e-44 7.950841e-14 1.828390e-33 2.665786e-33 2.114826e-11 2.042977e-19 1.626729e-11 5.237119e-07 4.028795e-04 5.914591e-30 2.976845e-10 4.384513e-24 3.506279e-20 9.470109e-14 5.549568e-16 2.020520e-01 4.457375e-17 8.997366e-15 1.567930e-19 3.380019e-18 2.983302e-19 1.021953e-29 2.730779e-26 0.000000e+00 5.883209e-11 1.233004e-22 7.880283e-01 1.165620e-10 3.938095e-07 5.373526e-23 4.186862e-25 4.514120e-23 1.247600e-24 1.250942e-11 8.164108e-18 1.215410e-13 4.484886e-09 3.256360e-07 1.044679e-19 2.724677e-23 4.532159e-21 9.573719e-17 2.673911e-15 6.875910e-12 1.567382e-20 3.482488e-09 4.968055e-11 4.452237e-26 4.349831e-15 6.090559e-26 2.745445e-16 2.183888e-17 2.843264e-18 4.005260e-10 1.233637e-30 4.969498e-10 6.187878e-23 1.367257e-19 2.410951e-16 4.166196e-10 1.652202e-22 8.973180e-28 3.902366e-36 2.239474e-22 5.169779e-17 2.180883e-18 1.689596e-24 2.504149e-09 3.851776e-12 5.631739e-15 4.156683e-11 3.669336e-13 5.310830e-14 2.391491e-16 9.106317e-22 8.281286e-20 1.555175e-14 6.512042e-15 6.190903e-23 9.257715e-18 2.984834e-17 2.768905e-22 1.421222e-31 5.230810e-26 1.969821e-26 1.293958e-55 0.000000e+00 3.134904e-16 8.233189e-12 9.436636e-03
1.043155e-01 1.279684e-16 1.566359e-06 3.187175e-05 1.976021e-22 4.011781e-18 5.229333e-27 0.000000e+00 6.456101e-28 1.116687e-17 4.540087e-05 3.018101e-43 9.414547e-14 6.319914e-33 2.308338e-33 2.243063e-11 1.894003e-19 1.729355e-11 5.251031e-07 4.029093e-04 6.125177e-30 1.940485e-10 3.206331e-24 3.015415e-20 1.095734e-13 7.511750e-16 2.020514e-01 4.655432e-17 9.224589e-15 1.112168e-19 2.702262e-18 3.081418e-19 4.277933e-29 3.483249e-26 0.000000e+00 6.064968e-11 1.782557e-22 7.880291e-01 1.139928e-10 3.937282e-07 5.358546e-23 7.145248e-25 4.498911e-23 1.451885e-24 1.230747e-11 8.732001e-18 1.286120e-13 4.821665e-09 3.249474e-07 1.096988e-19 4.475772e-23 4.641874e-21 1.005663e-16 4.519449e-15 9.202975e-12 1.676240e-20 3.986239e-09 3.777725e-11 6.213312e-26 5.291684e-15 7.134267e-26 3.699051e-16 2.445735e-17 3.142574e-18 3.839934e-10 9.771757e-31 4.810888e-10 6.226252e-23 1.599796e-19 3.129372e-16 4.326417e-10 1.725498e-22 1.020053e-27 6.772474e-36 2.664151e-22 7.391860e-17 1.992193e-18 1.574450e-24 2.489324e-09 5.980457e-12 5.913215e-15 4.150582e-11 3.479251e-13 5.558142e-14 3.464584e-16 1.894514e-21 1.000623e-19 1.623799e-14 6.881434e-15 1.961643e-22 9.234817e-18 3.217240e-17 2.992320e-22 1.406921e-31 7.975557e-26 3.181185e-26 9.383696e-56 0.000000e+00 1.117734e-19 5.920330e-12 9.436561e-03
9.057237e-02 1.228135e-16 1.614160e-06 3.190147e-05 2.098547e-22 6.232426e-18 8.713488e-27 0.000000e+00 1.077891e-27 1.071022e-17 4.526272e-05 2.896043e-42 1.121770e-13 1.997522e-32 2.594275e-33 2.400984e-11 2.116276e-19 1.855836e-11 5.267872e-07 4.029452e-04 6.858330e-30 1.309982e-10 2.485436e-24 2.932993e-20 1.277384e-13 7.834717e-16 2.020506e-01 4.898866e-17 9.503181e-15 9.145854e-20 2.431891e-18 3.210604e-19 1.561300e-28 4.289414e-26 0.000000e+00 6.284456e-11 3.436136e-22 7.880300e-01 1.108999e-10 3.933227e-07 5.326675e-23 1.272193e-24 4.470626e-23 1.710756e-24 1.204374e-11 9.416500e-18 1.373585e-13 5.441893e-09 3.241887e-07 1.161829e-19 6.983526e-23 4.777952e-21 1.065135e-16 7.491912e-15 1.175053e-11 1.888957e-20 4.530501e-09 3.096554e-11 9.067973e-26 6.609929e-15 8.483179e-26 4.910439e-16 2.815210e-17 3.444522e-18 3.649049e-10 2.738062e-30 4.640576e-10 6.237745e-23 1.888898e-19 3.962810e-16 4.506267e-10 1.754287e-22 1.145692e-27 1.280800e-35 3.190606e-22 1.039133e-16 1.909217e-18 1.496705e-24 2.473679e-09 8.794444e-12 6.259097e-15 4.143216e-11 3.262412e-13 5.861969e-14 4.954565e-16 2.539312e-21 1.232511e-19 1.708119e-14 7.335772e-15 4.890049e-22 9.212506e-18 3.502509e-17 3.267395e-22 1.390066e-31 1.189888e-25 5.303937e-26 1.371228e-55 0.000000e+00 3.835865e-23 4.204995e-12 9.436464e-03
7.863982e-02 1.285562e-16 1.671709e-06 3.193671e-05 2.472373e-22 1.002583e-17 1.446341e-26 2.551663e-33 1.797692e-27 1.117669e-17 4.511403e-05 2.209627e-41 1.338105e-13 5.737513e-32 3.314430e-33 2.590970e-11 2.675196e-19 2.008135e-11 5.287973e-07 4.029877e-04 8.398145e-30 9.583912e-11 2.107241e-24 3.141292e-20 1.494326e-13 7.051462e-16 2.020496e-01 5.191046e-17 9.836573e-15 8.121196e-20 2.440625e-18 3.371650e-19 4.998342e-28 5.293993e-26 1.971339e-35 6.543770e-11 7.122768e-22 7.880311e-01 1.072631e-10 3.926292e-07 5.272282e-23 2.323011e-24 4.425448e-23 2.032472e-24 1.172956e-11 1.022135e-17 1.479205e-13 6.272939e-09 3.233669e-07 1.240235e-19 1.046677e-22 4.942644e-21 1.136682e-16 1.227196e-14 1.503147e-11 2.329697e-20 5.131972e-09 2.775177e-11 1.380040e-25 8.579766e-15 1.018322e-25 6.490857e-16 3.385922e-17 3.836448e-18 3.433153e-10 7.465868e-30 4.461577e-10 6.214702e-23 2.241282e-19 4.897556e-16 4.702860e-10 1.904334e-22 1.278807e-27 2.512376e-35 3.832005e-22 1.439190e-16 1.978650e-18 1.530628e-24 2.457395e-09 1.266783e-11 6.674116e-15 4.134508e-11 3.021815e-13 6.226422e-14 6.990037e-16 3.208752e-21 1.536656e-19 1.809284e-14 7.881532e-15 1.059198e-21 9.191588e-18 3.844596e-17 3.598250e-22 1.370605e-31 1.787840e-25 8.831046e-26 2.485984e-55 0.000000e+00 1.302550e-26 3.004258e-12 9.436348e-03
6.827934e-02 1.477675e-16 1.737860e-06 3.197670e-05 3.294410e-22 1.649371e-17 2.400285e-26 3.634814e-34 3.008999e-27 1.308380e-17 4.496020e-05 1.384421e-40 1.585957e-13 1.505201e-31 4.869346e-33 2.809416e-11 3.859124e-19 2.183420e-11 5.311009e-07 4.030360e-04 1.124295e-29 8.073133e-11 2.075986e-24 3.742337e-20 1.742270e-13 5.643355e-16 2.020486e-01 5.526074e-17 1.021756e-14 8.002214e-20 2.801298e-18 3.561375e-19 1.428698e-27 6.516850e-26 3.719505e-35 6.836899e-11 1.462915e-21 7.880323e-01 1.031847e-10 3.916868e-07 5.192930e-23 3.946788e-24 4.362178e-23 2.416420e-24 1.138843e-11 1.112650e-17 1.601039e-13 7.245711e-09 3.225116e-07 1.330745e-19 1.509529e-22 5.132966e-21 1.218942e-16 1.972609e-14 1.880631e-11 3.134248e-20 5.784350e-09 2.734033e-11 2.180368e-25 1.140870e-14 1.239644e-25 8.551327e-16 4.229182e-17 4.468411e-18 3.200328e-10 1.777550e-29 4.281623e-10 6.153940e-23 2.653710e-19 5.898721e-16 4.908173e-10 2.164496e-22 1.418201e-27 5.001639e-35 4.584209e-22 1.954089e-16 2.219842e-18 1.682617e-24 2.440930e-09 1.787902e-11 7.149838e-15 4.124653e-11 2.768485e-13 6.644043e-14 9.671517e-16 3.672567e-21 1.918562e-19 1.925233e-14 8.507918e-15 2.008230e-21 9.173276e-18 4.236655e-17 3.978566e-22 1.349097e-31 2.646699e-25 1.475272e-25 5.844075e-55 0.000000e+00 4.610312e-30 2.204458e-12 9.436216e-03
5.928381e-02 1.833873e-16 1.813457e-06 3.202194e-05 4.839884e-22 2.689619e-17 3.943559e-26 0.000000e+00 4.985878e-27 1.641774e-17 4.480087e-05 7.344552e-40 1.868736e-13 3.630459e-31 7.745493e-33 3.059363e-11 6.098324e-19 2.384183e-11 5.337338e-07 4.030904e-04 1.619155e-29 8.034435e-11 2.425703e-24 4.812759e-20 2.024710e-13 4.335003e-16 2.020473e-01 5.908227e-17 1.065050e-14 8.453000e-20 3.583358e-18 3.783579e-19 3.684757e-27 8.101529e-26 6.659810e-35 7.166942e-11 2.851509e-21 7.880336e-01 9.865064e-11 3.905418e-07 5.085579e-23 6.370562e-24 4.279081e-23 2.874655e-24 1.103534e-11 1.214171e-17 1.740834e-13 8.297939e-09 3.216208e-07 1.434612e-19 2.126529e-22 5.351656e-21 1.313051e-16 3.135441e-14 2.334417e-11 4.497349e-20 6.498062e-09 2.911469e-11 3.540217e-25 1.534423e-14 1.530845e-25 1.126824e-15 5.454848e-17 5.479284e-18 2.951874e-10 3.913865e-29 4.101510e-10 6.054954e-23 3.136924e-19 6.957900e-16 5.121941e-10 2.603926e-22 1.566635e-27 1.015028e-34 5.469668e-22 2.617970e-16 2.667333e-18 1.981693e-24 2.423971e-09 2.488032e-11 7.692268e-15 4.113538e-11 2.505726e-13 7.120051e-14 1.321653e-15 4.292523e-21 2.396502e-19 2.057428e-14 9.223153e-15 3.511257e-21 9.157802e-18 4.683786e-17 4.413579e-22 1.325421e-31 3.889881e-25 2.439077e-25 1.491963e-54 0.000000e+00 1.707506e-33 1.665295e-12 9.436067e-03
5.147341e-02 2.420607e-16 1.895410e-06 3.207056e-05 7.665054e-22 4.294876e-17 6.384364e-26 0.000000e+00 8.135047e-27 2.185126e-17 4.464328e-05 3.362847e-39 2.175665e-13 8.069946e-31 1.295594e-32 3.330890e-11 1.027114e-18 2.602500e-11 5.365937e-07 4.031489e-04 2.456258e-29 9.262744e-11 3.292773e-24 6.565515e-20 2.330720e-13 3.445591e-16 2.020461e-01 6.321956e-17 1.111730e-14 9.491566e-20 4.980408e-18 4.031855e-19 8.680368e-27 1.015802e-25 1.369655e-34 7.520022e-11 5.237690e-21 7.880350e-01 9.389210e-11 3.892820e-07 4.954098e-23 9.820386e-24 4.179683e-23 3.396233e-24 1.070427e-11 1.322622e-17 1.893083e-13 9.340925e-09 3.207356e-07 1.547687e-19 2.919427e-22 5.590066e-21 1.415263e-16 4.859281e-14 2.864675e-11 6.679366e-20 7.242890e-09 3.295957e-11 5.819829e-25 2.035670e-14 1.924952e-25 1.486937e-15 7.155099e-17 7.078078e-18 2.702058e-10 7.992063e-29 3.930365e-10 5.924352e-23 3.678402e-19 8.018615e-16 5.333975e-10 3.234177e-22 1.717589e-27 2.049042e-34 6.468640e-22 3.434513e-16 3.379703e-18 2.465103e-24 2.406926e-09 3.380819e-11 8.279273e-15 4.101624e-11 2.250142e-13 7.634972e-14 1.770867e-15 5.176771e-21 2.966405e-19 2.200469e-14 9.998353e-15 5.715370e-21 9.145903e-18 5.167912e-17 4.885954e-22 1.300673e-31 5.647793e-25 3.970104e-25 3.937901e-54 0.000000e+00 6.953309e-37 1.302844e-12 9.435909e-03
4.469200e-02 3.375241e-16 1.983984e-06 3.212276e-05 1.295111e-21 6.783485e-17 1.018532e-25 0.000000e+00 1.309172e-26 3.120455e-17 4.448687e-05 1.352500e-38 2.509041e-13 1.674591e-30 2.305618e-32 3.625161e-11 1.850342e-18 2.839335e-11 5.396939e-07 4.032116e-04 3.905229e-29 1.179639e-10 4.964690e-24 9.487671e-20 2.662142e-13 2.827324e-16 2.020447e-01 6.768693e-17 1.161918e-14 1.140424e-19 7.427795e-18 4.310810e-19 1.892407e-26 1.278454e-25 2.737045e-34 7.897111e-11 9.119452e-21 7.880365e-01 8.894577e-11 3.879396e-07 4.798802e-23 1.417409e-23 4.064552e-23 3.989980e-24 1.041225e-11 1.438655e-17 2.058477e-13 1.034589e-08 3.198538e-07 1.670405e-19 3.955675e-22 5.849197e-21 1.526002e-16 7.393329e-14 3.444903e-11 1.017240e-19 8.017635e-09 3.929862e-11 9.585425e-25 2.646424e-14 2.469767e-25 1.963095e-15 9.515124e-17 9.510127e-18 2.453686e-10 1.525656e-28 3.768222e-10 5.765477e-23 4.288849e-19 9.060999e-16 5.544745e-10 4.084161e-22 1.870270e-27 4.133018e-34 7.603193e-22 4.438444e-16 4.467759e-18 3.194596e-24 2.389340e-09 4.514860e-11 8.912831e-15 4.088875e-11 2.005578e-13 8.190499e-14 2.343736e-15 6.174096e-21 3.646526e-19 2.354838e-14 1.083638e-14 8.684487e-21 9.137518e-18 5.690833e-17 5.397637e-22 1.274869e-31 8.052611e-25 6.372417e-25 1.139181e-53 0.000000e+00 3.123953e-40 1.043430e-12 9.435740e-03
3.880401e-02 4.906620e-16 2.078364e-06 3.217808e-05 2.276192e-21 1.045449e-16 1.589866e-25 0.000000e+00 2.059109e-26 4.648195e-17 4.433282e-05 4.855920e-38 2.867728e-13 3.263150e-30 4.207130e-32 3.939785e-11 3.467236e-18 3.092775e-11 5.430098e-07 4.032779e-04 6.424165e-29 1.582245e-10 7.918556e-24 1.423526e-19 3.017070e-13 2.525789e-16 2.020432e-01 7.244466e-17 1.215131e-14 1.434001e-19 1.153954e-17 4.623092e-19 3.848668e-26 1.622443e-25 5.358641e-34 8.294672e-11 1.502784e-20 7.880381e-01 8.391677e-11 3.865909e-07 4.622418e-23 1.976170e-23 3.935897e-23 4.656058e-24 1.017923e-11 1.561707e-17 2.235719e-13 1.124819e-08 3.189835e-07 1.801713e-19 5.322675e-22 6.126894e-21 1.644347e-16 1.103357e-13 4.100529e-11 1.565305e-19 8.808905e-09 4.870697e-11 1.564226e-24 3.348969e-14 3.226413e-25 2.595539e-15 1.274987e-16 1.310549e-17 2.212388e-10 2.735143e-28 3.616792e-10 5.583574e-23 4.974358e-19 1.002953e-15 5.752630e-10 5.252408e-22 2.021534e-27 8.258472e-34 8.884723e-22 5.656314e-16 6.112327e-18 4.293981e-24 2.370961e-09 5.930220e-11 9.587260e-15 4.075407e-11 1.778486e-13 8.781610e-14 3.070423e-15 7.740868e-21 4.449032e-19 2.519148e-14 1.172996e-14 1.261954e-20 9.132452e-18 6.248018e-17 5.944363e-22 1.248346e-31 1.134308e-24 9.994967e-25 3.278180e-53 0.000000e+00 1.564684e-43 8.411476e-13 9.435564e-03
3.369173e-02 7.393957e-16 2.178157e-06 3.223632e-05 4.128734e-21 1.580861e-16 2.428717e-25 2.535304e-34 3.168808e-26 7.252038e-17 4.418134e-05 1.578177e-37 3.252880e-13 6.026642e-30 7.901858e-32 4.273739e-11 6.748903e-18 3.361989e-11 5.465310e-07 4.033477e-04 1.088155e-28 2.167957e-10 1.299945e-23 2.211481e-19 3.395462e-13 2.411801e-16 2.020417e-01 7.747408e-17 1.271130e-14 1.889711e-19 1.851363e-17 4.974181e-19 7.373122e-26 2.068074e-25 1.025497e-33 8.711036e-11 2.361544e-20 7.880397e-01 7.888880e-11 3.852876e-07 4.427538e-23 2.644658e-23 3.795560e-23 5.393618e-24 1.002043e-11 1.691986e-17 2.424290e-13 1.201043e-08 3.181273e-07 1.941121e-19 7.158700e-22 6.422183e-21 1.769888e-16 1.616591e-13 4.808342e-11 2.429796e-19 9.604631e-09 6.223463e-11 2.513957e-24 4.117063e-14 4.281008e-25 3.435199e-15 1.712539e-16 1.832440e-17 1.981928e-10 4.640239e-28 3.476545e-10 5.383096e-23 5.746484e-19 1.086309e-15 5.957607e-10 6.776511e-22 2.168093e-27 1.628334e-33 1.032881e-21 7.121569e-16 8.590323e-18 5.931428e-24 2.351474e-09 7.667767e-11 1.029987e-14 4.061276e-11 1.572901e-13 9.405914e-14 3.993394e-15 9.966408e-21 5.391151e-19 2.692742e-14 1.267572e-14 1.758934e-20 9.130520e-18 6.837393e-17 6.524227e-22 1.221306e-31 1.573330e-24 1.533618e-24 9.653777e-53 0.000000e+00 8.789340e-47 6.659377e-13 9.435379e-03
2.925298e-02 1.144141e-15 2.284265e-06 3.229804e-05 7.621599e-21 2.331624e-16 3.620472e-25 1.096915e-34 4.752416e-26 1.163170e-16 4.403065e-05 4.711846e-37 3.671682e-13 1.062953e-29 1.496279e-31 4.630365e-11 1.344718e-17 3.649645e-11 5.502939e-07 4.034215e-04 1.884099e-28 2.986837e-10 2.165122e-23 3.510712e-19 3.802701e-13 2.529367e-16 2.020400e-01 8.282213e-17 1.330407e-14 2.570133e-19 3.020431e-17 5.376450e-19 1.339483e-25 2.653698e-25 1.891526e-33 9.149989e-11 3.543729e-20 7.880415e-01 7.388203e-11 3.840740e-07 4.214614e-23 3.460269e-23 3.643592e-23 6.206106e-24 9.945892e-12 1.831685e-17 2.626154e-13 1.259777e-08 3.172767e-07 2.089952e-19 9.704356e-22 6.737927e-21 1.903847e-16 2.335282e-13 5.591092e-11 3.796801e-19 1.040066e-08 8.128447e-11 3.964289e-24 4.931748e-14 5.738497e-25 4.551017e-15 2.298038e-16 2.576934e-17 1.762631e-10 7.486417e-28 3.346017e-10 5.165649e-23 6.630715e-19 1.149295e-15 6.162628e-10 8.782758e-22 2.308157e-27 3.170812e-33 1.196726e-21 8.892028e-16 1.234071e-17 8.394538e-24 2.330354e-09 9.758095e-11 1.105727e-14 4.046357e-11 1.389442e-13 1.006917e-13 5.182740e-15 1.365933e-20 6.505151e-19 2.877232e-14 1.368261e-14 2.390620e-20 9.131325e-18 7.464559e-17 7.142866e-22 1.193599e-31 2.157849e-24 2.292864e-24 2.758656e-52 0.000000e+00 5.484456e-50 5.006509e-13 9.435186e-03
2.539902e-02 1.801703e-15 2.395667e-06 3.236265e-05 1.419101e-20 3.361929e-16 5.271241e-25 9.298128e-35 6.954385e-26 1.905692e-16 4.388177e-05 1.306623e-36 4.125137e-13 1.801148e-29 2.836334e-31 5.006547e-11 2.716270e-17 3.953183e-11 5.542680e-07 4.034986e-04 3.304362e-28 4.084149e-10 3.622959e-23 5.648980e-19 4.237483e-13 2.864394e-16 2.020384e-01 8.843861e-17 1.392383e-14 3.581938e-19 4.966715e-17 5.838333e-19 2.324012e-25 3.417868e-25 3.358157e-33 9.607340e-11 5.109000e-20 7.880432e-01 6.900737e-11 3.829918e-07 3.988360e-23 4.435269e-23 3.482799e-23 7.076062e-24 9.962654e-12 1.980857e-17 2.839633e-13 1.299094e-08 3.164391e-07 2.246831e-19 1.328156e-21 7.071258e-21 2.045011e-16 3.317001e-13 6.441925e-11 5.968069e-19 1.117537e-08 1.074092e-10 6.121475e-24 5.756954e-14 7.736049e-25 6.034116e-15 3.057134e-16 3.627594e-17 1.558446e-10 1.155322e-27 3.226172e-10 4.936523e-23 7.641137e-19 1.185254e-15 6.367145e-10 1.125057e-21 2.436532e-27 6.046886e-33 1.379403e-21 1.100154e-15 1.796142e-17 1.205915e-23 2.307517e-09 1.211572e-10 1.185230e-14 4.030796e-11 1.231266e-13 1.076509e-13 6.710927e-15 1.973776e-20 7.808684e-19 3.070878e-14 1.474131e-14 3.173248e-20 9.134520e-18 8.123724e-17 7.794675e-22 1.165586e-31 2.924974e-24 3.344255e-24 7.644907e-52 0.000000e+00 3.837188e-53 3.472669e-13 9.434986e-03
2.205280e-02 2.876195e-15 2.514395e-06 3.243136e-05 2.660293e-20 4.757935e-16 7.507826e-25 0.000000e+00 9.949259e-26 3.180983e-16 4.373167e-05 3.401704e-36 4.628472e-13 2.957021e-29 5.390877e-31 5.409494e-11 5.570614e-17 4.278356e-11 5.585337e-07 4.035805e-04 5.863471e-28 5.538736e-10 6.112749e-23 9.186824e-19 4.711388e-13 3.437724e-16 2.020366e-01 9.442740e-17 1.458177e-14 5.097685e-19 8.224539e-17 6.385259e-19 3.875719e-25 4.413205e-25 5.810116e-33 1.009147e-10 7.107495e-20 7.880451e-01 6.423607e-11 3.820359e-07 3.747769e-23 5.565510e-23 3.311644e-23 8.002933e-24 1.007196e-11 2.144180e-17 3.068925e-13 1.320067e-08 3.155990e-07 2.414680e-19 1.850333e-21 7.428437e-21 2.196031e-16 4.661227e-13 7.357353e-11 9.475036e-19 1.192633e-08 1.430511e-10 9.267286e-24 6.572230e-14 1.044463e-24 8.002763e-15 4.032059e-16 5.095242e-17 1.367146e-10 1.713889e-27 3.114569e-10 4.694547e-23 8.824402e-19 1.191085e-15 6.576560e-10 1.422324e-21 2.551679e-27 1.136849e-32 1.584041e-21 1.354990e-15 2.639667e-17 1.751837e-23 2.282313e-09 1.454756e-10 1.269964e-14 4.014317e-11 1.096140e-13 1.150648e-13 8.724000e-15 2.997737e-20 9.360157e-19 3.277257e-14 1.587151e-14 4.123751e-20 9.140048e-18 8.827171e-17 8.491908e-22 1.136850e-31 3.921559e-24 4.767738e-24 2.072277e-51 0.000000e+00 2.957605e-56 2.293658e-13 9.434775e-03
1.914743e-02 4.615011e-15 2.639859e-06 3.250380e-05 4.985335e-20 6.625651e-16 1.047700e-24 0.000000e+00 1.394192e-25 5.360008e-16 4.358083e-05 8.368637e-36 5.188805e-13 4.725673e-29 1.019238e-30 5.837579e-11 1.149210e-16 4.623761e-11 5.630812e-07 4.036666e-04 1.043817e-27 7.407607e-10 1.037015e-22 1.497666e-18 5.227203e-13 4.289201e-16 2.020347e-01 1.007601e-16 1.527454e-14 7.338467e-19 1.362487e-16 7.038307e-19 6.250728e-25 5.701621e-25 9.788573e-33 1.059998e-10 9.587666e-20 7.880471e-01 5.964808e-11 3.812122e-07 3.497700e-23 6.859404e-23 3.132542e-23 8.960187e-24 1.026797e-11 2.323608e-17 3.313226e-13 1.324464e-08 3.147608e-07 2.592727e-19 2.622594e-21 7.807873e-21 2.356226e-16 6.465175e-13 8.340630e-11 1.513539e-18 1.263040e-08 1.902883e-10 1.376012e-23 7.317228e-14 1.407792e-24 1.061433e-14 5.249892e-16 7.125753e-17 1.190935e-10 2.454378e-27 3.011605e-10 4.443807e-23 1.021009e-18 1.167746e-15 6.791765e-10 1.759223e-21 2.649317e-27 2.093234e-32 1.807829e-21 1.660116e-15 3.885273e-17 2.552545e-23 2.254679e-09 1.701446e-10 1.359523e-14 3.997015e-11 9.847946e-14 1.228976e-13 1.138235e-14 4.754425e-20 1.119773e-18 3.495386e-14 1.706797e-14 5.238375e-20 9.147819e-18 9.571647e-17 9.231454e-22 1.107635e-31 5.207397e-24 6.656314e-24 5.460622e-51 0.000000e+00 2.526962e-59 1.431870e-13 9.434554e-03
1.662484e-02 7.436098e-15 2.773620e-06 3.258085e-05 9.377341e-20 9.172459e-16 1.438365e-24 0.000000e+00 1.924889e-25 9.184805e-16 4.342718e-05 1.955795e-35 5.826163e-13 7.406069e-29 1.944187e-30 6.296546e-11 2.405189e-16 4.993921e-11 5.679824e-07 4.037582e-04 1.866247e-27 9.781931e-10 1.779269e-22 2.455362e-18 5.798528e-13 5.286399e-16 2.020327e-01 1.075169e-16 1.601069e-14 1.072382e-18 2.272058e-16 7.838515e-19 9.824213e-25 7.343430e-25 1.650830e-32 1.113923e-10 1.262450e-19 7.880492e-01 5.523526e-11 3.804897e-07 3.239261e-23 8.201166e-23 2.945098e-23 9.933828e-24 1.054074e-11 2.525256e-17 3.575946e-13 1.316531e-08 3.139146e-07 2.783255e-19 3.796389e-21 8.214485e-21 2.527655e-16 8.880275e-13 9.349589e-11 2.430615e-18 1.327523e-08 2.519244e-10 2.009469e-23 7.898244e-14 1.891954e-24 1.407226e-14 6.764835e-16 9.914629e-17 1.028536e-10 3.407909e-27 2.915834e-10 4.183948e-23 1.185949e-18 1.121783e-15 7.017714e-10 2.121851e-21 2.727972e-27 3.789517e-32 2.050027e-21 2.028921e-15 5.706034e-17 3.705879e-23 2.224131e-09 1.952604e-10 1.455037e-14 3.978694e-11 8.952166e-14 1.312481e-13 1.496423e-14 7.619565e-20 1.340499e-18 3.728032e-14 1.834597e-14 6.466230e-20 9.158538e-18 1.036668e-16 1.002289e-21 1.077674e-31 6.839161e-24 9.153049e-24 1.466231e-50 0.000000e+00 2.372978e-62 8.254335e-14 9.434320e-03
1.443458e-02 1.189857e-14 2.915043e-06 3.266212e-05 1.748969e-19 1.257886e-15 1.941833e-24 0.000000e+00 2.617202e-25 1.565744e-15 4.327129e-05 4.357982e-35 6.554859e-13 1.140786e-28 3.659240e-30 6.784673e-11 5.019414e-16 5.387295e-11 5.732340e-07 4.038547e-04 3.314219e-27 1.271021e-09 3.069295e-22 3.990574e-18 6.432582e-13 6.540679e-16 2.020306e-01 1.146674e-16 1.678670e-14 1.560932e-18 3.765234e-16 8.827003e-19 1.516528e-24 9.441978e-25 2.740499e-32 1.170666e-10 1.624726e-19 7.880514e-01 5.105884e-11 3.798621e-07 2.978387e-23 9.663568e-23 2.752452e-23 1.089178e-23 1.086975e-11 2.753573e-17 3.856232e-13 1.299451e-08 3.130649e-07 2.985427e-19 5.593829e-21 8.646540e-21 2.709552e-16 1.205309e-12 1.043943e-10 3.883452e-18 1.383666e-08 3.289223e-10 2.887139e-23 8.193951e-14 2.530239e-24 1.864101e-14 8.623127e-16 1.369463e-16 8.813613e-11 4.596909e-27 2.827529e-10 3.918966e-23 1.382042e-18 1.062561e-15 7.255910e-10 2.510451e-21 2.786303e-27 6.702691e-32 2.304531e-21 2.471857e-15 8.300257e-17 5.333095e-23 2.190710e-09 2.204611e-10 1.556071e-14 3.959464e-11 8.267077e-14 1.400778e-13 1.980293e-14 1.257877e-19 1.604952e-18 3.974154e-14 1.969984e-14 7.769565e-20 9.172441e-18 1.120876e-16 1.086284e-21 1.047209e-31 8.929817e-24 1.239148e-23 3.818632e-50 0.000000e+00 2.465735e-65 4.312300e-14 9.434075e-03
1.253288e-02 1.904674e-14 3.065495e-06 3.274829e-05 3.294577e-19 1.752369e-15 2.600919e-24 0.000000e+00 3.557136e-25 2.746431e-15 4.311152e-05 9.281324e-35 7.404499e-13 1.742115e-28 7.119566e-30 7.307170e-11 1.072936e-15 5.807889e-11 5.789102e-07 4.039569e-04 5.902249e-27 1.629298e-09 5.365650e-22 6.553565e-18 7.148810e-13 7.127864e-16 2.020283e-01 1.222821e-16 1.761007e-14 2.314825e-18 6.344175e-16 1.007357e-18 2.341673e-24 1.200951e-24 4.823430e-32 1.230779e-10 2.069915e-19 7.880537e-01 4.710992e-11 3.792691e-07 2.717608e-23 1.078215e-22 2.555397e-23 1.181691e-23 1.123343e-11 3.018185e-17 4.157204e-13 1.280640e-08 3.122041e-07 3.201264e-19 8.400363e-21 9.108400e-21 2.903696e-16 1.620513e-12 1.144548e-10 6.164371e-18 1.430012e-08 4.225189e-10 4.100539e-23 7.997344e-14 3.374935e-24 2.466378e-14 1.093251e-15 1.878608e-16 7.483705e-11 6.056151e-27 2.745635e-10 3.648938e-23 1.618154e-18 1.005186e-15 7.511487e-10 2.875460e-21 2.825027e-27 1.162868e-31 2.566893e-21 3.008926e-15 1.193761e-16 7.514561e-23 2.154024e-09 2.457211e-10 1.663618e-14 3.939177e-11 7.769289e-14 1.494733e-13 2.645017e-14 1.942156e-19 1.926886e-18 4.236198e-14 2.114307e-14 8.926439e-20 9.191979e-18 1.210628e-16 1.175977e-21 1.016043e-31 1.151011e-23 1.675953e-23 1.111322e-49 0.000000e+00 2.834193e-68 1.924320e-14 9.433812e-03
1.088173e-02 3.009284e-14 3.227048e-06 3.284044e-05 6.143535e-19 2.439199e-15 3.440226e-24 0.000000e+00 4.815172e-25 4.760141e-15 4.294566e-05 1.898690e-34 8.416666e-13 2.639971e-28 1.369679e-29 7.871879e-11 2.287148e-15 6.261739e-11 5.851175e-07 4.040661e-04 1.041792e-26 2.059561e-09 9.406377e-22 1.062492e-17 7.975693e-13 7.568535e-16 2.020259e-01 1.304678e-16 1.849222e-14 3.389726e-18 1.061808e-15 1.167724e-18 3.768390e-24 1.523160e-24 8.540337e-32 1.295087e-10 2.594832e-19 7.880562e-01 4.336496e-11 3.787126e-07 2.458806e-23 1.183120e-22 2.354609e-23 1.269475e-23 1.160848e-11 3.333358e-17 4.483487e-13 1.260889e-08 3.113215e-07 3.433822e-19 1.282704e-20 9.606656e-21 3.112746e-16 2.163561e-12 1.252410e-10 9.626957e-18 1.465551e-08 5.306040e-10 5.757497e-23 7.288745e-14 4.481765e-24 3.256206e-14 1.380424e-15 2.554317e-16 6.283572e-11 7.779502e-27 2.668970e-10 3.373407e-23 1.907448e-18 9.537739e-16 7.790904e-10 3.261955e-21 2.846918e-27 1.971933e-31 2.833542e-21 3.669525e-15 1.695172e-16 1.041027e-22 2.113502e-09 2.710864e-10 1.779182e-14 3.917601e-11 7.436479e-14 1.595656e-13 3.571006e-14 3.024672e-19 2.321927e-18 4.517873e-14 2.269601e-14 9.963568e-20 9.217306e-18 1.307190e-16 1.272647e-21 9.838793e-32 1.479429e-23 2.256409e-23 3.189086e-49 0.000000e+00 3.569582e-71 6.922791e-15 9.433531e-03
9.448103e-03 4.720170e-14 3.401275e-06 3.293924e-05 1.150352e-18 3.457090e-15 4.524781e-24 0.000000e+00 6.616195e-25 8.363464e-15 4.277222e-05 3.739977e-34 9.640619e-13 3.995079e-28 2.698729e-29 8.485062e-11 4.929097e-15 6.753513e-11 5.919445e-07 4.041834e-04 1.836891e-26 2.568660e-09 1.655695e-21 1.725710e-17 8.946138e-13 7.098463e-16 2.020234e-01 1.393059e-16 1.944182e-14 4.985103e-18 1.795423e-15 1.376301e-18 7.110718e-24 1.913921e-24 1.617546e-31 1.364210e-10 3.233446e-19 7.880588e-01 3.981845e-11 3.781543e-07 2.205252e-23 1.240290e-22 2.152082e-23 1.350903e-23 1.196877e-11 3.717250e-17 4.838803e-13 1.245238e-08 3.104102e-07 3.685456e-19 1.980883e-20 1.014640e-20 3.338649e-16 2.870714e-12 1.353144e-10 1.476743e-17 1.489204e-08 6.492484e-10 8.024974e-23 6.031793e-14 5.941675e-24 4.289427e-14 1.738532e-15 3.445896e-16 5.209244e-11 9.775247e-27 2.596876e-10 3.093279e-23 2.266549e-18 9.175467e-16 8.099952e-10 3.609676e-21 2.854300e-27 3.265191e-31 3.096754e-21 4.491207e-15 2.392736e-16 1.404358e-22 2.068698e-09 2.964631e-10 1.903906e-14 3.894598e-11 7.247164e-14 1.704544e-13 4.871377e-14 4.409569e-19 2.810710e-18 4.822038e-14 2.437426e-14 1.070957e-19 9.250507e-18 1.411535e-16 1.377282e-21 9.505655e-32 1.886475e-23 3.080991e-23 1.003249e-48 0.000000e+00 4.932167e-74 1.774546e-15 9.433227e-03
8.203354e-03 7.279451e-14 3.592289e-06 3.304669e-05 2.127752e-18 4.911240e-15 5.893037e-24 0.000000e+00 9.283765e-25 1.441572e-14 4.258737e-05 7.129173e-34 1.115725e-12 6.044403e-28 5.248602e-29 9.162191e-11 1.045665e-14 7.295166e-11 5.995780e-07 4.043114e-04 3.211696e-26 3.160125e-09 2.892411e-21 2.756521e-17 1.011613e-12 6.524555e-16 2.020206e-01 1.490075e-16 2.048150e-14 7.185184e-18 3.005415e-15 1.652082e-18 1.829826e-23 2.401253e-24 3.113449e-31 1.439768e-10 3.978652e-19 7.880617e-01 3.642119e-11 3.776017e-07 1.957079e-23 1.282875e-22 1.947762e-23 1.425394e-23 1.229318e-11 4.200954e-17 5.232200e-13 1.232949e-08 3.094512e-07 3.962225e-19 3.067237e-20 1.074066e-20 3.586519e-16 3.799115e-12 1.463210e-10 2.213979e-17 1.500652e-08 7.721525e-10 1.110967e-22 4.536265e-14 7.858784e-24 5.630300e-14 2.182015e-15 4.610427e-16 4.246442e-11 1.198033e-26 2.527910e-10 2.806633e-23 2.724742e-18 8.926769e-16 8.448993e-10 3.960689e-21 2.850223e-27 5.263699e-31 3.351082e-21 5.539131e-15 3.389145e-16 1.858142e-22 2.018500e-09 3.220787e-10 2.040763e-14 3.869724e-11 7.176661e-14 1.823986e-13 6.718366e-14 6.437668e-19 3.418652e-18 5.156052e-14 2.621809e-14 1.128836e-19 9.291339e-18 1.526165e-16 1.492410e-21 9.155328e-32 2.405507e-23 4.293090e-23 3.106364e-48 0.000000e+00 7.354914e-77 2.878677e-16 9.432895e-03
7.122595e-03 1.099477e-13 3.797725e-06 3.316101e-05 3.871698e-18 6.997896e-15 7.610012e-24 0.000000e+00 1.355407e-24 2.427872e-14 4.239373e-05 1.316630e-33 1.301129e-12 9.130673e-28 1.001804e-28 9.895827e-11 2.121274e-14 7.880420e-11 6.079317e-07 4.044481e-04 5.536057e-26 3.814553e-09 4.949675e-21 4.314021e-17 1.150960e-12 5.869695e-16 2.020176e-01 1.594543e-16 2.159872e-14 1.010695e-17 4.950026e-15 2.007894e-18 6.191477e-23 3.004948e-24 6.070751e-31 1.520809e-10 4.850489e-19 7.880648e-01 3.324263e-11 3.770688e-07 1.722859e-23 1.312917e-22 1.748900e-23 1.490195e-23 1.255365e-11 4.808604e-17 5.659476e-13 1.224583e-08 3.084585e-07 4.260805e-19 4.645496e-20 1.138225e-20 3.852840e-16 4.986175e-12 1.583774e-10 3.228777e-17 1.499524e-08 8.883653e-10 1.527635e-22 3.143668e-14 1.037582e-23 7.363754e-14 2.710598e-15 6.119404e-16 3.414961e-11 1.434438e-26 2.463131e-10 2.521920e-23 3.305409e-18 8.792111e-16 8.836511e-10 4.249959e-21 2.837320e-27 8.169940e-31 3.577749e-21 6.863357e-15 4.885023e-16 2.401020e-22 1.963525e-09 3.472541e-10 2.188076e-14 3.843415e-11 7.198131e-14 1.952514e-13 9.276622e-14 9.262116e-19 4.157172e-18 5.515989e-14 2.820518e-14 1.174932e-19 9.338736e-18 1.649695e-16 1.616658e-21 8.794512e-32 3.068175e-23 6.221742e-23 9.435333e-48 0.000000e+00 1.206967e-79 2.730807e-17 9.432539e-03
6.184222e-03 1.623355e-13 4.020352e-06 3.328311e-05 6.898363e-18 9.946880e-15 9.736555e-24 4.716575e-35 2.084065e-24 3.957678e-14 4.218907e-05 2.363621e-33 1.530080e-12 1.378240e-27 1.855421e-28 1.069649e-10 4.013427e-14 8.518010e-11 6.170998e-07 4.045952e-04 9.394357e-26 4.520722e-09 8.252485e-21 6.582581e-17 1.318475e-12 5.377807e-16 2.020143e-01 1.707886e-16 2.280908e-14 1.378519e-17 7.965294e-15 2.464967e-18 2.267478e-22 3.761376e-24 1.170116e-30 1.608406e-10 5.847001e-19 7.880681e-01 3.025718e-11 3.765532e-07 1.503677e-23 1.343805e-22 1.557029e-23 1.545046e-23 1.273945e-11 5.588397e-17 6.127042e-13 1.219754e-08 3.074206e-07 4.585311e-19 6.764506e-20 1.207983e-20 4.140442e-16 6.503867e-12 1.723610e-10 4.580751e-17 1.486458e-08 9.905353e-10 2.088119e-22 2.088630e-14 1.367983e-23 9.586545e-14 3.329264e-15 8.063203e-16 2.706268e-11 1.676049e-26 2.401748e-10 2.240149e-23 4.056685e-18 8.727902e-16 9.269894e-10 4.478076e-21 2.818079e-27 1.222402e-30 3.763630e-21 8.565972e-15 7.268945e-16 3.044323e-22 1.903094e-09 3.720199e-10 2.347846e-14 3.815470e-11 7.278085e-14 2.091871e-13 1.280332e-13 1.340214e-18 5.051000e-18 5.906967e-14 3.036279e-14 1.220231e-19 9.392253e-18 1.783820e-16 1.751748e-21 8.420773e-32 3.924572e-23 9.497142e-23 2.717677e-47 0.000000e+00 2.159847e-82 1.453089e-18 9.432157e-03
5.369475e-03 2.337241e-13 4.256343e-06 3.341016e-05 1.197274e-17 1.405273e-14 1.234131e-23 1.009329e-34 3.372483e-24 6.202948e-14 4.197725e-05 4.127718e-33 1.806632e-12 2.070557e-27 3.298008e-28 1.155021e-10 6.880575e-14 9.198735e-11 6.268707e-07 4.047498e-04 1.558971e-25 5.246753e-09 1.329489e-20 9.751274e-17 1.514738e-12 5.112762e-16 2.020109e-01 1.828162e-16 2.409258e-14 1.814584e-17 1.243004e-14 3.030247e-18 7.923912e-22 4.709457e-24 2.181020e-30 1.701031e-10 6.975499e-19 7.880716e-01 2.752254e-11 3.760637e-07 1.305878e-23 1.387250e-22 1.378587e-23 1.588758e-23 1.284417e-11 6.578383e-17 6.627446e-13 1.217894e-08 3.063568e-07 4.930223e-19 9.246725e-20 1.282107e-20 4.443252e-16 8.387247e-12 1.890334e-10 6.317775e-17 1.462970e-08 1.070945e-09 2.833571e-22 1.405368e-14 1.800218e-23 1.242115e-13 4.023786e-15 1.054483e-15 2.128603e-11 1.914560e-26 2.344766e-10 1.970299e-23 5.020285e-18 8.710839e-16 9.743006e-10 4.606968e-21 2.795111e-27 1.754873e-30 3.889113e-21 1.072649e-14 1.112722e-15 3.789927e-22 1.838388e-09 3.957115e-10 2.517329e-14 3.786538e-11 7.379226e-14 2.239660e-13 1.749892e-13 1.954132e-18 6.102930e-18 6.322582e-14 3.265410e-14 1.272472e-19 9.450016e-18 1.926253e-16 1.895389e-21 8.042864e-32 5.040558e-23 1.526725e-22 7.253199e-47 0.000000e+00 4.297030e-85 4.536261e-20 9.431757e-03
4.662069e-03 3.303247e-13 4.505976e-06 3.354149e-05 2.042953e-17 1.985901e-14 1.554012e-23 0.000000e+00 5.746104e-24 9.475420e-14 4.175835e-05 7.025603e-33 2.139101e-12 3.097990e-27 5.719808e-28 1.245638e-10 1.068741e-13 9.926515e-11 6.371667e-07 4.049118e-04 2.543028e-25 5.981111e-09 2.081698e-20 1.416011e-16 1.742255e-12 4.863218e-16 2.020073e-01 1.955510e-16 2.545177e-14 2.329882e-17 1.899865e-14 3.715516e-18 2.535136e-21 5.886588e-24 4.014448e-30 1.798770e-10 8.272424e-19 7.880753e-01 2.502906e-11 3.755724e-07 1.129866e-23 1.431783e-22 1.215019e-23 1.621961e-23 1.287438e-11 7.842888e-17 7.161736e-13 1.220290e-08 3.052660e-07 5.295967e-19 1.178607e-19 1.360605e-20 4.760148e-16 1.069966e-11 2.081737e-10 8.514787e-17 1.430844e-08 1.127235e-09 3.824106e-22 9.578710e-15 2.367386e-23 1.602039e-13 4.790385e-15 1.369656e-15 1.669803e-11 2.139916e-26 2.291890e-10 1.714881e-23 6.268772e-18 8.748266e-16 1.025662e-09 4.608659e-21 2.770273e-27 2.430435e-30 3.941538e-21 1.348016e-14 1.784267e-15 4.637285e-22 1.769560e-09 4.182186e-10 2.696716e-14 3.756752e-11 7.469201e-14 2.396045e-13 2.365045e-13 2.807909e-18 7.334894e-18 6.763678e-14 3.508186e-14 1.329308e-19 9.512175e-18 2.077166e-16 2.047763e-21 7.662319e-32 6.490187e-23 2.585838e-22 1.868000e-46 0.000000e+00 9.517791e-88 8.342411e-22 9.431335e-03
4.047860e-03 4.577925e-13 4.768858e-06 3.367599e-05 3.411281e-17 2.791623e-14 1.941960e-23 4.943909e-36 1.004734e-23 1.399361e-13 4.153305e-05 1.167910e-32 2.535148e-12 4.606397e-27 9.568883e-28 1.341051e-10 1.510778e-13 1.070483e-10 6.478535e-07 4.050806e-04 4.062133e-25 6.705594e-09 3.163294e-20 2.007687e-16 2.001505e-12 4.798855e-16 2.020035e-01 2.089722e-16 2.688589e-14 2.903616e-17 2.827492e-14 4.525517e-18 7.388661e-21 7.358629e-24 7.109221e-30 1.901440e-10 9.733037e-19 7.880791e-01 2.277024e-11 3.750667e-07 9.754534e-24 1.492520e-22 1.067320e-23 1.645511e-23 1.284081e-11 9.460354e-17 7.729471e-13 1.226388e-08 3.041502e-07 5.681967e-19 1.401798e-19 1.443222e-20 5.088740e-16 1.350057e-11 2.311318e-10 1.123521e-16 1.392117e-08 1.159391e-09 5.129176e-22 6.824831e-15 3.109152e-23 2.055304e-13 5.613870e-15 1.766481e-15 1.316267e-11 2.339181e-26 2.242943e-10 1.476443e-23 7.897881e-18 8.797648e-16 1.080918e-09 4.504064e-21 2.745046e-27 3.248728e-30 3.913922e-21 1.698869e-14 2.895328e-15 5.603149e-22 1.697010e-09 4.394303e-10 2.885710e-14 3.726335e-11 7.520982e-14 2.560763e-13 3.151520e-13 4.053703e-18 8.754357e-18 7.229991e-14 3.764219e-14 1.397983e-19 9.577711e-18 2.236320e-16 2.208634e-21 7.281679e-32 8.397052e-23 4.496978e-22 4.493050e-46 0.000000e+00 2.351518e-90 9.554985e-24 9.430896e-03
3.514571e-03 6.253300e-13 5.043919e-06 3.381219e-05 5.611201e-17 3.920336e-14 2.412960e-23 9.367875e-36 1.784478e-23 2.017310e-13 4.130260e-05 1.898993e-32 3.001099e-12 6.801669e-27 1.561544e-27 1.440434e-10 1.978736e-13 1.153579e-10 6.587468e-07 4.052553e-04 6.371436e-25 7.410665e-09 4.690693e-20 2.799273e-16 2.290711e-12 4.794285e-16 2.019996e-01 2.230233e-16 2.839078e-14 3.539484e-17 4.128248e-14 5.458524e-18 1.974743e-20 9.186055e-24 1.229951e-29 2.008594e-10 1.140206e-18 7.880832e-01 2.074044e-11 3.745186e-07 8.418730e-24 1.563436e-22 9.358713e-24 1.660534e-23 1.275540e-11 1.152402e-16 8.328642e-13 1.237204e-08 3.030138e-07 6.086621e-19 1.570671e-19 1.529435e-20 5.425498e-16 1.684095e-11 2.581451e-10 1.458273e-16 1.348863e-08 1.169387e-09 6.844090e-22 5.017973e-15 4.080151e-23 2.623589e-13 6.477110e-15 2.262562e-15 1.053094e-11 2.500540e-26 2.197824e-10 1.257104e-23 1.003061e-17 8.858252e-16 1.139679e-09 4.284437e-21 2.720482e-27 4.194715e-30 3.804617e-21 2.143829e-14 4.760357e-15 6.692007e-22 1.621378e-09 4.592424e-10 3.083511e-14 3.695578e-11 7.516392e-14 2.733118e-13 4.132211e-13 5.794033e-18 1.037186e-17 7.720102e-14 4.032439e-14 1.476454e-19 9.646324e-18 2.403050e-16 2.377335e-21 6.904229e-32 1.090738e-22 7.945489e-22 1.037065e-45 0.000000e+00 6.513899e-93 7.060578e-26 9.430439e-03
3.051540e-03 8.440060e-13 5.335159e-06 3.395109e-05 9.113167e-17 5.503847e-14 2.982562e-23 1.755010e-35 3.175118e-23 2.842588e-13 4.106404e-05 3.028506e-32 3.552007e-12 9.987923e-27 2.493469e-27 1.544708e-10 2.452465e-13 1.243674e-10 6.698448e-07 4.054380e-04 9.836741e-25 8.099043e-09 6.818720e-20 3.847093e-16 2.611808e-12 4.869482e-16 2.019955e-01 2.379069e-16 2.999044e-14 4.227044e-17 5.929488e-14 6.524636e-18 4.889063e-20 1.146213e-23 2.079313e-29 2.121755e-10 1.329362e-18 7.880874e-01 1.889722e-11 3.738900e-07 7.256126e-24 1.645266e-22 8.182446e-24 1.668420e-23 1.262718e-11 1.419457e-16 8.968268e-13 1.253990e-08 3.018404e-07 6.515781e-19 1.681682e-19 1.620258e-20 5.772731e-16 2.083625e-11 2.903434e-10 1.867531e-16 1.302192e-08 1.160382e-09 9.097865e-22 3.797639e-15 5.352987e-23 3.328853e-13 7.371336e-15 2.878031e-15 8.616740e-12 2.602870e-26 2.155631e-10 1.054646e-23 1.287787e-17 8.910214e-16 1.202562e-09 3.982593e-21 2.696832e-27 5.235472e-30 3.616458e-21 2.714671e-14 7.817208e-15 7.926488e-22 1.541950e-09 4.779421e-10 3.292966e-14 3.664206e-11 7.444343e-14 2.915587e-13 5.341889e-13 8.236335e-18 1.221818e-17 8.241738e-14 4.316718e-14 1.565803e-19 9.718802e-18 2.579766e-16 2.556303e-21 6.526362e-32 1.424013e-22 1.406250e-21 2.303114e-45 0.000000e+00 1.996565e-95 3.432098e-28 9.429959e-03
2.649512e-03 1.129114e-12 5.639537e-06 3.409018e-05 1.466788e-16 7.741444e-14 3.671625e-23 3.256773e-35 5.636530e-23 3.937790e-13 4.082028e-05 4.740210e-32 4.190308e-12 1.455396e-26 3.917659e-27 1.652213e-10 2.917521e-13 1.340240e-10 6.808563e-07 4.056265e-04 1.495193e-24 8.759810e-09 9.746368e-20 5.233610e-16 2.957750e-12 4.957378e-16 2.019912e-01 2.534639e-16 3.167061e-14 4.969129e-17 8.413904e-14 7.705115e-18 1.132346e-19 1.427805e-23 3.464522e-29 2.239695e-10 1.547292e-18 7.880918e-01 1.724699e-11 3.731641e-07 6.261401e-24 1.736883e-22 7.148156e-24 1.670275e-23 1.246511e-11 1.761083e-16 9.641887e-13 1.277232e-08 3.006422e-07 6.964890e-19 1.740434e-19 1.714447e-20 6.123950e-16 2.551336e-11 3.284248e-10 2.368129e-16 1.254072e-08 1.135698e-09 1.204932e-21 2.930252e-15 7.021149e-23 4.200550e-13 8.264349e-15 3.635809e-15 7.308726e-12 2.632730e-26 2.116581e-10 8.718961e-24 1.665228e-17 8.951609e-16 1.268592e-09 3.600890e-21 2.674673e-27 6.288035e-30 3.359476e-21 3.436402e-14 1.285712e-14 9.313455e-22 1.459984e-09 4.953520e-10 3.511837e-14 3.632722e-11 7.301627e-14 3.106219e-13 6.785587e-13 1.153492e-17 1.429114e-17 8.790108e-14 4.614029e-14 1.665457e-19 9.794126e-18 2.764586e-16 2.743636e-21 6.153937e-32 1.867660e-22 2.482894e-21 4.991267e-45 0.000000e+00 6.855952e-98 1.131313e-30 9.429460e-03
2.300449e-03 1.497225e-12 5.961383e-06 3.423039e-05 2.336303e-16 1.089037e-13 4.499977e-23 5.993988e-35 9.873077e-23 5.347666e-13 4.056829e-05 7.298938e-32 4.933061e-12 2.106983e-26 6.039151e-27 1.763908e-10 3.374567e-13 1.444881e-10 6.917535e-07 4.058232e-04 2.237939e-24 9.391219e-09 1.371419e-19 7.039682e-16 3.327964e-12 5.141787e-16 2.019866e-01 2.699128e-16 3.345816e-14 5.741400e-17 1.177933e-13 9.000935e-18 2.476215e-19 1.778183e-23 5.640087e-29 2.364050e-10 1.794362e-18 7.880965e-01 1.575371e-11 3.723164e-07 5.402761e-24 1.844073e-22 6.231264e-24 1.667188e-23 1.227242e-11 2.203403e-16 1.035928e-12 1.307205e-08 2.994022e-07 7.440273e-19 1.759230e-19 1.813000e-20 6.481037e-16 3.100780e-11 3.743899e-10 2.976534e-16 1.205074e-08 1.098464e-09 1.591000e-21 2.334184e-15 9.207347e-23 5.265677e-13 9.135549e-15 4.563934e-15 6.477745e-12 2.566334e-26 2.079905e-10 7.069510e-24 2.173129e-17 8.954091e-16 1.338311e-09 3.179397e-21 2.653844e-27 7.240220e-30 3.043956e-21 4.356774e-14 2.069340e-14 1.088601e-21 1.374783e-09 5.117582e-10 3.743188e-14 3.600849e-11 7.087044e-14 3.307682e-13 8.485846e-13 1.608666e-17 1.661663e-17 9.373816e-14 4.928546e-14 1.781802e-19 9.872638e-18 2.960107e-16 2.941964e-21 5.783600e-32 2.464343e-22 4.324410e-21 1.043917e-44 0.000000e+00 2.603328e-100 2.584479e-33 9.428937e-03
1.997374e-03 1.969736e-12 6.290131e-06 3.436619e-05 3.681225e-16 1.529826e-13 5.492830e-23 1.094320e-34 1.702728e-22 7.138949e-13 4.031670e-05 1.104396e-31 5.761951e-12 3.014105e-26 9.116793e-27 1.875618e-10 3.811559e-13 1.554085e-10 7.020079e-07 4.060213e-04 3.286653e-24 9.967121e-09 1.898392e-19 9.372354e-16 3.703769e-12 5.415338e-16 2.019820e-01 2.867080e-16 3.529727e-14 6.538502e-17 1.626655e-13 1.034946e-17 5.151175e-19 2.210063e-23 8.947312e-29 2.490685e-10 2.080016e-18 7.881012e-01 1.444960e-11 3.713735e-07 4.687845e-24 1.976266e-22 5.447530e-24 1.660341e-23 1.205831e-11 2.756272e-16 1.109686e-12 1.341956e-08 2.981607e-07 7.926184e-19 1.748900e-19 1.912307e-20 6.829417e-16 3.719449e-11 4.294846e-10 3.718838e-16 1.157750e-08 1.052906e-09 2.089949e-21 1.929311e-15 1.206247e-22 6.570694e-13 9.927520e-15 5.696858e-15 6.051456e-12 2.408205e-26 2.046524e-10 5.652607e-24 2.833702e-17 8.917980e-16 1.408962e-09 2.726025e-21 2.635010e-27 7.937395e-30 2.695866e-21 5.486141e-14 3.230228e-14 1.264859e-21 1.289621e-09 5.267069e-10 3.979347e-14 3.569772e-11 6.814407e-14 3.513294e-13 1.038325e-12 2.223316e-17 1.912928e-17 9.974446e-14 5.249844e-14 1.916909e-19 9.950937e-18 3.159848e-16 3.144709e-21 5.428966e-32 3.267346e-22 7.415923e-21 2.103268e-44 0.000000e+00 1.129934e-102 4.390363e-36 9.428405e-03
1.734228e-03 2.574801e-12 6.632793e-06 3.449971e-05 5.750241e-16 2.149859e-13 6.680658e-23 1.984622e-34 2.890640e-22 9.385158e-13 4.006035e-05 1.646467e-31 6.699082e-12 4.276848e-26 1.354053e-26 1.989328e-10 4.238131e-13 1.669783e-10 7.116894e-07 4.062247e-04 4.752662e-24 1.049348e-08 2.593397e-19 1.237283e-15 4.085269e-12 5.785503e-16 2.019772e-01 3.042041e-16 3.723047e-14 7.350255e-17 2.221678e-13 1.175065e-17 1.025226e-18 2.744392e-23 1.390426e-28 2.622270e-10 2.408352e-18 7.881061e-01 1.328868e-11 3.703014e-07 4.081287e-24 2.132171e-22 4.765198e-24 1.650479e-23 1.181984e-11 3.459243e-16 1.187028e-12 1.382785e-08 2.968903e-07 8.432899e-19 1.719448e-19 2.014105e-20 7.173961e-16 4.424754e-11 4.960805e-10 4.623274e-16 1.111801e-08 1.001139e-09 2.736481e-21 1.645971e-15 1.579933e-22 8.152065e-13 1.062252e-14 7.077574e-15 5.935999e-12 2.150203e-26 2.015414e-10 4.435536e-24 3.705811e-17 8.833342e-16 1.481529e-09 2.274994e-21 2.617653e-27 8.259645e-30 2.327853e-21 6.891800e-14 4.906275e-14 1.463312e-21 1.203178e-09 5.406329e-10 4.225300e-14 3.538931e-11 6.487838e-14 3.727396e-13 1.248100e-12 3.050661e-17 2.186629e-17 1.060564e-13 5.584706e-14 2.075131e-19 1.003035e-17 3.368027e-16 3.356142e-21 5.083553e-32 4.356696e-22 1.251716e-20 4.113213e-44 0.000000e+00 5.487112e-105 5.598594e-39 9.427855e-03
1.505751e-03 3.344967e-12 6.992940e-06 3.463139e-05 8.901966e-16 3.022683e-13 8.096487e-23 3.576814e-34 4.818204e-22 1.214402e-12 3.979699e-05 2.422563e-31 7.760100e-12 6.026948e-26 1.978719e-26 2.105821e-10 4.654858e-13 1.792515e-10 7.207321e-07 4.064354e-04 6.770261e-24 1.096656e-08 3.498937e-19 1.619538e-15 4.467309e-12 6.298574e-16 2.019722e-01 3.225788e-16 3.928189e-14 8.155140e-17 3.001001e-13 1.318394e-17 1.961878e-18 3.407387e-23 2.113128e-28 2.760125e-10 2.783239e-18 7.881112e-01 1.224795e-11 3.690795e-07 3.563020e-24 2.316269e-22 4.167133e-24 1.638153e-23 1.155406e-11 4.356148e-16 1.268757e-12 1.430322e-08 2.955777e-07 8.965589e-19 1.676551e-19 2.118979e-20 7.515310e-16 5.229406e-11 5.775073e-10 5.722646e-16 1.067369e-08 9.451084e-10 3.573381e-21 1.453950e-15 2.068673e-22 1.004814e-12 1.119048e-14 8.756963e-15 6.070595e-12 1.807793e-26 1.986071e-10 3.408181e-24 4.856136e-17 8.688960e-16 1.556143e-09 1.848544e-21 2.601517e-27 8.130910e-30 1.955410e-21 8.644000e-14 7.208021e-14 1.687347e-21 1.115174e-09 5.537490e-10 4.483538e-14 3.508145e-11 6.114017e-14 3.952157e-13 1.474723e-12 4.166696e-17 2.483954e-17 1.127501e-13 5.936531e-14 2.262206e-19 1.011112e-17 3.586757e-16 3.578405e-21 4.745534e-32 5.847628e-22 2.074014e-20 7.794034e-44 0.000000e+00 2.952619e-107 5.493731e-42 9.427281e-03
1.307374e-03 4.322508e-12 7.365239e-06 3.475846e-05 1.366538e-15 4.250773e-13 9.781095e-23 6.407882e-34 7.902347e-22 1.550902e-12 3.953086e-05 3.517730e-31 8.934046e-12 8.417794e-26 2.847119e-26 2.223087e-10 5.051855e-13 1.919471e-10 7.288558e-07 4.066500e-04 9.493385e-24 1.137428e-08 4.664322e-19 2.104409e-15 4.834883e-12 6.956677e-16 2.019670e-01 3.415537e-16 4.142510e-14 8.952556e-17 4.012417e-13 1.459030e-17 3.623647e-18 4.226204e-23 3.144772e-28 2.902153e-10 3.216593e-18 7.881165e-01 1.133159e-11 3.677257e-07 3.127970e-24 2.536296e-22 3.652041e-24 1.624108e-23 1.126288e-11 5.474168e-16 1.353647e-12 1.483396e-08 2.942422e-07 9.516225e-19 1.624191e-19 2.224870e-20 7.845858e-16 6.125748e-11 6.767943e-10 7.064634e-16 1.025551e-08 8.874345e-10 4.649765e-21 1.326966e-15 2.707244e-22 1.232030e-12 1.159441e-14 1.080605e-14 6.401903e-12 1.431322e-26 1.958747e-10 2.580249e-24 6.329363e-17 8.494013e-16 1.631005e-09 1.458800e-21 2.586737e-27 7.608154e-30 1.600187e-21 1.077711e-13 1.026000e-13 1.938328e-21 1.027579e-09 5.659370e-10 4.750149e-14 3.477986e-11 5.709889e-14 4.184170e-13 1.708907e-12 5.645967e-17 2.800325e-17 1.197369e-13 6.299992e-14 2.481051e-19 1.019129e-17 3.812727e-16 3.808124e-21 4.421499e-32 7.893901e-22 3.381400e-20 1.434630e-43 0.000000e+00 1.787710e-109 4.346596e-45 9.426692e-03
1.135133e-03 5.559892e-12 7.751265e-06 3.488078e-05 2.081812e-15 5.983072e-13 1.178205e-22 1.141621e-33 1.277079e-21 1.957964e-12 3.926106e-05 5.047302e-31 1.022907e-11 1.166522e-25 4.041570e-26 2.341515e-10 5.423709e-13 2.049875e-10 7.359827e-07 4.068690e-04 1.311464e-23 1.171284e-08 6.149459e-19 2.716842e-15 5.179713e-12 7.781088e-16 2.019617e-01 3.612041e-16 4.367310e-14 9.737702e-17 5.315599e-13 1.593073e-17 6.480115e-18 5.237655e-23 4.593993e-28 3.048913e-10 3.719103e-18 7.881220e-01 1.052373e-11 3.662345e-07 2.762385e-24 2.797691e-22 3.207771e-24 1.608715e-23 1.094290e-11 6.858775e-16 1.442034e-12 1.541945e-08 2.928777e-07 1.008703e-18 1.564551e-19 2.331718e-20 8.165021e-16 7.120160e-11 7.983839e-10 8.704886e-16 9.864497e-09 8.295108e-10 6.031943e-21 1.247000e-15 3.541595e-22 1.502694e-12 1.181216e-14 1.331917e-14 6.882255e-12 1.072469e-26 1.933121e-10 1.932143e-24 8.186472e-17 8.252874e-16 1.705687e-09 1.117040e-21 2.573123e-27 6.868622e-30 1.274209e-21 1.336076e-13 1.419348e-13 2.218725e-21 9.407256e-10 5.773409e-10 5.026188e-14 3.448410e-11 5.285305e-14 4.424353e-13 1.942696e-12 7.582122e-17 3.135614e-17 1.270567e-13 6.676530e-14 2.737615e-19 1.027059e-17 4.046830e-16 4.046198e-21 4.111307e-32 1.071891e-21 5.432126e-20 2.574407e-43 0.000000e+00 1.212873e-111 2.838867e-48 9.426084e-03
9.855837e-04 7.120463e-12 8.149999e-06 3.499747e-05 3.148227e-15 8.429607e-13 1.415508e-22 2.022678e-33 2.036295e-21 2.447406e-12 3.898851e-05 7.161306e-31 1.164433e-11 1.604079e-25 5.665346e-26 2.460845e-10 5.758027e-13 2.181771e-10 7.420042e-07 4.070919e-04 1.784605e-23 1.197217e-08 8.017658e-19 3.486536e-15 5.490261e-12 8.795014e-16 2.019563e-01 3.814723e-16 4.602379e-14 1.050885e-16 6.979845e-13 1.714685e-17 1.124791e-17 6.485327e-23 6.596905e-28 3.199972e-10 4.305359e-18 7.881276e-01 9.815885e-12 3.646144e-07 2.457396e-24 3.108795e-22 2.827168e-24 1.592315e-23 1.059269e-11 8.545579e-16 1.533656e-12 1.605149e-08 2.914872e-07 1.067637e-18 1.498927e-19 2.438705e-20 8.470280e-16 8.211564e-11 9.474544e-10 1.071220e-15 9.503678e-09 7.729979e-10 7.800827e-21 1.205724e-15 4.632010e-22 1.824334e-12 1.182254e-14 1.643044e-14 7.461755e-12 7.748856e-27 1.909080e-10 1.442313e-24 1.045980e-16 7.970992e-16 1.779168e-09 8.282223e-22 2.560592e-27 6.160987e-30 9.884124e-22 1.645045e-13 1.912747e-13 2.529658e-21 8.556343e-10 5.880178e-10 5.310845e-14 3.419567e-11 4.852048e-14 4.672003e-13 2.162923e-12 1.006163e-16 3.486519e-17 1.347009e-13 7.065039e-14 3.037383e-19 1.034808e-17 4.288380e-16 4.291919e-21 3.816993e-32 1.463454e-21 8.610380e-20 4.514108e-43 0.000000e+00 9.246421e-114 1.573706e-51 9.425460e-03
8.557371e-04 9.054693e-12 8.570313e-06 3.511047e-05 4.701110e-15 1.186261e-12 1.694435e-22 3.558459e-33 3.168480e-21 3.006199e-12 3.870741e-05 1.007061e-30 1.321477e-11 2.193767e-25 7.786611e-26 2.583958e-10 6.039560e-13 2.316125e-10 7.469675e-07 4.073232e-04 2.385950e-23 1.213881e-08 1.030365e-18 4.427388e-15 5.760645e-12 1.027854e-15 2.019505e-01 4.028047e-16 4.853373e-14 1.119105e-16 9.035039e-13 1.819199e-17 1.901714e-17 8.041270e-23 9.171653e-28 3.358650e-10 4.969838e-18 7.881335e-01 9.184840e-12 3.628316e-07 2.199212e-24 3.489991e-22 2.496240e-24 1.574716e-23 1.020295e-11 1.060861e-15 1.630528e-12 1.673918e-08 2.900398e-07 1.129729e-18 1.426451e-19 2.547596e-20 8.766643e-16 9.425861e-11 1.134727e-09 1.314193e-15 9.167218e-09 7.185264e-10 1.005607e-20 1.223969e-15 6.047299e-22 2.199683e-12 1.160365e-14 2.028617e-14 8.098936e-12 5.469971e-27 1.885962e-10 1.075344e-24 1.320136e-16 7.621668e-16 1.852090e-09 5.945278e-22 2.548780e-27 5.702859e-30 7.446479e-22 2.018433e-13 2.443454e-13 2.877317e-21 7.714139e-10 5.982808e-10 5.610386e-14 3.390903e-11 4.410398e-14 4.932569e-13 2.354379e-12 1.331659e-16 3.852937e-17 1.428527e-13 7.474073e-14 3.394649e-19 1.042466e-17 4.542694e-16 4.550685e-21 3.533650e-32 2.013479e-21 1.331666e-19 7.582301e-43 0.000000e+00 7.745021e-116 7.615517e-55 9.424808e-03
7.429971e-04 1.144175e-11 9.036070e-06 3.522496e-05 6.949193e-15 1.677474e-12 2.021994e-22 6.219715e-33 4.810274e-21 3.625362e-12 3.840243e-05 1.409216e-30 1.503865e-11 3.002977e-25 1.056507e-25 2.718191e-10 6.265483e-13 2.458086e-10 7.509992e-07 4.075756e-04 3.140246e-23 1.220577e-08 1.305683e-18 5.570256e-15 5.989772e-12 1.236289e-15 2.019442e-01 4.264070e-16 5.135196e-14 1.174216e-16 1.155689e-12 1.903373e-17 3.136026e-17 1.000689e-22 1.247082e-27 3.533887e-10 5.711010e-18 7.881400e-01 8.595447e-12 3.607509e-07 1.971302e-24 3.935462e-22 2.195945e-24 1.555050e-23 9.749781e-12 1.320877e-15 1.738150e-12 1.754993e-08 2.884541e-07 1.198502e-18 1.345104e-19 2.663661e-20 9.067831e-16 1.083747e-10 1.377050e-09 1.606173e-15 8.840699e-09 6.651471e-10 1.297031e-20 1.300494e-15 7.860873e-22 2.619757e-12 1.112021e-14 2.501351e-14 8.761814e-12 3.846048e-27 1.862484e-10 7.941778e-25 1.651039e-16 7.180488e-16 1.927112e-09 4.088720e-22 2.537027e-27 5.716010e-30 5.374118e-22 2.488687e-13 3.002410e-13 3.266526e-21 6.848917e-10 6.087155e-10 5.941732e-14 3.360981e-11 3.948390e-14 5.220769e-13 2.500191e-12 1.742841e-16 4.249379e-17 1.519963e-13 7.926761e-14 3.834635e-19 1.050405e-17 4.824149e-16 4.837119e-21 3.248739e-32 2.803969e-21 2.008223e-19 1.236256e-42 0.000000e+00 6.771310e-118 3.173530e-58 9.424090e-03
6.451103e-04 1.432110e-11 9.559481e-06 3.534210e-05 1.009570e-14 2.378353e-12 2.401839e-22 1.077864e-32 7.020528e-21 4.245742e-12 3.806659e-05 1.965901e-30 1.717890e-11 4.115228e-25 1.401084e-25 2.867774e-10 6.408850e-13 2.608435e-10 7.539905e-07 4.078552e-04 4.048440e-23 1.214981e-08 1.623629e-18 6.903981e-15 6.164301e-12 1.574886e-15 2.019371e-01 4.528881e-16 5.455847e-14 1.204275e-16 1.450271e-12 1.958447e-17 5.064070e-17 1.252949e-22 1.623494e-27 3.730160e-10 6.502445e-18 7.881473e-01 8.039085e-12 3.582881e-07 1.769290e-24 4.479296e-22 1.921754e-24 1.532968e-23 9.218672e-12 1.646024e-15 1.859352e-12 1.852668e-08 2.866909e-07 1.275750e-18 1.253258e-19 2.788669e-20 9.377451e-16 1.249259e-10 1.701573e-09 1.952981e-15 8.522416e-09 6.137158e-10 1.671989e-20 1.486394e-15 1.012115e-21 3.067582e-12 1.034663e-14 3.068326e-14 9.381843e-12 2.699089e-27 1.838189e-10 5.806177e-25 2.032624e-16 6.616551e-16 2.004062e-09 2.676763e-22 2.525119e-27 6.482503e-30 3.686889e-22 3.086077e-13 3.417911e-13 3.708196e-21 5.961333e-10 6.195583e-10 6.313419e-14 3.329313e-11 3.470167e-14 5.544023e-13 2.572344e-12 2.276075e-16 4.675398e-17 1.624018e-13 8.434799e-14 4.385597e-19 1.058648e-17 5.140014e-16 5.158616e-21 2.960391e-32 3.966641e-21 2.908940e-19 1.903084e-42 0.000000e+00 6.073758e-120 1.204418e-61 9.423290e-03
5.601196e-04 1.783347e-11 1.016272e-05 3.546464e-05 1.456482e-14 3.421567e-12 2.846549e-22 1.856273e-32 9.991890e-21 4.872323e-12 3.768689e-05 2.740948e-30 1.974715e-11 5.668433e-25 1.850809e-25 3.040537e-10 6.464573e-13 2.770804e-10 7.558356e-07 4.081729e-04 5.135189e-23 1.196403e-08 1.987942e-18 8.494677e-15 6.274627e-12 2.042165e-15 2.019290e-01 4.833577e-16 5.829195e-14 1.213639e-16 1.803842e-12 1.977504e-17 7.999600e-17 1.577345e-22 2.096067e-27 3.955634e-10 7.369680e-18 7.881557e-01 7.502066e-12 3.552602e-07 1.587921e-24 5.087952e-22 1.666803e-24 1.507823e-23 8.585876e-12 2.053398e-15 1.999286e-12 1.978151e-08 2.846783e-07 1.364739e-18 1.150672e-19 2.926359e-20 9.703997e-16 1.447372e-10 2.144775e-09 2.367265e-15 8.206838e-09 5.639217e-10 2.165153e-20 1.802415e-15 1.285541e-21 3.508579e-12 9.269558e-15 3.731867e-14 9.875337e-12 1.962905e-27 1.812280e-10 4.176049e-25 2.447998e-16 5.943854e-16 2.083338e-09 1.628158e-22 2.512691e-27 8.592060e-30 2.362115e-22 3.864297e-13 3.823952e-13 4.195151e-21 5.045152e-10 6.311692e-10 6.741004e-14 3.294921e-11 2.978070e-14 5.915852e-13 2.546319e-12 2.871750e-16 5.148928e-17 1.745496e-13 9.019499e-14 5.088828e-19 1.067342e-17 5.503534e-16 5.528650e-21 2.663681e-32 5.722629e-21 4.103663e-19 2.896857e-42 0.000000e+00 5.447166e-122 1.286559e-63 9.422372e-03
4.863261e-04 2.187529e-11 1.085518e-05 3.559202e-05 2.036295e-14 4.919836e-12 3.348303e-22 3.157681e-32 1.329163e-20 5.312930e-12 3.725879e-05 3.823046e-30 2.281017e-11 7.811585e-25 2.346342e-25 3.242095e-10 6.373159e-13 2.945611e-10 7.563567e-07 4.085324e-04 6.324657e-23 1.160633e-08 2.364421e-18 1.018575e-14 6.308902e-12 2.971661e-15 2.019196e-01 5.182748e-16 6.259669e-14 1.176931e-16 2.170966e-12 1.951540e-17 1.246836e-16 2.007957e-22 2.485521e-27 4.213644e-10 8.201345e-18 7.881654e-01 6.986997e-12 3.516039e-07 1.428208e-24 5.890535e-22 1.432523e-24 1.479597e-23 7.845005e-12 2.549670e-15 2.160149e-12 2.134172e-08 2.823884e-07 1.466845e-18 1.034315e-19 3.077098e-20 1.004803e-15 1.682584e-10 2.784793e-09 2.850897e-15 7.897150e-09 5.173238e-10 2.796283e-20 2.547885e-15 1.594136e-21 3.889963e-12 7.926707e-15 4.461322e-14 1.013325e-11 1.348041e-27 1.784623e-10 2.954457e-25 2.854938e-16 5.111319e-16 2.162558e-09 9.200995e-23 2.499709e-27 1.327524e-29 1.400561e-22 4.878511e-13 3.679104e-13 4.763386e-21 4.125155e-10 6.436843e-10 7.230902e-14 3.257676e-11 2.487949e-14 6.341827e-13 2.400533e-12 3.672790e-16 5.644682e-17 1.886786e-13 9.689700e-14 6.005930e-19 1.076089e-17 5.920196e-16 5.952797e-21 2.362831e-32 8.464205e-21 5.401401e-19 3.943004e-42 0.000000e+00 4.872250e-124 4.068430e-60 9.421335e-03
4.222546e-04 2.670372e-11 1.164670e-05 3.572396e-05 2.823753e-14 7.196428e-12 3.929244e-22 5.335678e-32 1.720555e-20 5.660018e-12 3.677743e-05 5.335022e-30 2.644238e-11 1.079058e-24 2.965845e-25 3.480175e-10 6.162072e-13 3.135943e-10 7.554562e-07 4.089380e-04 7.663716e-23 1.111181e-08 2.763097e-18 1.211795e-14 6.272958e-12 4.420033e-15 2.019090e-01 5.581144e-16 6.749802e-14 1.119223e-16 2.588629e-12 1.883209e-17 1.907516e-16 2.570201e-22 2.916471e-27 4.507643e-10 9.089137e-18 7.881763e-01 6.495406e-12 3.471589e-07 1.291306e-24 6.812096e-22 1.219045e-24 1.448508e-23 7.001739e-12 3.138988e-15 2.344240e-12 2.333447e-08 2.797924e-07 1.583500e-18 9.114545e-20 3.241417e-20 1.041167e-15 1.959796e-10 3.700619e-09 3.430639e-15 7.595146e-09 4.738017e-10 3.627469e-20 4.053786e-15 1.927584e-21 4.154501e-12 6.420939e-15 5.243296e-14 1.005537e-11 9.408443e-28 1.755076e-10 2.056423e-25 3.182304e-16 4.218843e-16 2.238792e-09 4.678486e-23 2.486143e-27 2.398592e-29 7.564265e-23 6.211848e-13 3.463385e-13 5.382133e-21 3.231283e-10 6.571364e-10 7.789748e-14 3.217407e-11 2.022105e-14 6.827705e-13 2.144537e-12 4.484298e-16 6.182721e-17 2.050410e-13 1.045455e-13 7.181029e-19 1.084675e-17 6.395672e-16 6.436824e-21 2.062730e-32 1.281159e-20 6.903109e-19 5.291491e-42 0.000000e+00 4.361225e-126 1.270366e-56 9.420153e-03
3.666242e-04 3.225208e-11 1.254852e-05 3.586046e-05 3.822675e-14 1.057937e-11 4.583616e-22 8.926734e-32 2.115654e-20 5.787523e-12 3.623703e-05 7.454291e-30 3.073287e-11 1.489337e-24 3.651650e-25 3.766072e-10 5.814119e-13 3.347153e-10 7.531255e-07 4.093943e-04 9.093635e-23 1.047687e-08 3.148722e-18 1.413446e-14 6.183017e-12 7.185390e-15 2.018969e-01 6.034252e-16 7.297648e-14 1.032291e-16 3.012180e-12 1.777700e-17 2.878424e-16 3.320805e-22 3.216044e-27 4.841626e-10 9.941301e-18 7.881888e-01 6.027447e-12 3.418788e-07 1.178642e-24 7.986864e-22 1.026543e-24 1.414780e-23 6.080109e-12 3.823145e-15 2.554219e-12 2.576949e-08 2.768567e-07 1.716358e-18 7.844608e-20 3.420219e-20 1.079850e-15 2.284563e-10 5.050334e-09 4.119079e-15 7.300929e-09 4.339104e-10 4.704891e-20 7.499888e-15 2.254085e-21 4.225948e-12 4.880019e-15 6.011842e-14 9.583600e-12 6.119710e-28 1.723448e-10 1.406770e-25 3.355412e-16 3.281604e-16 2.308653e-09 2.124923e-23 2.471939e-27 4.899673e-29 3.665660e-23 7.985971e-13 2.918187e-13 6.083460e-21 2.397363e-10 6.716598e-10 8.425200e-14 3.173870e-11 1.598714e-14 7.380136e-13 1.801931e-12 5.406588e-16 6.740237e-17 2.239289e-13 1.132462e-13 8.690544e-19 1.092599e-17 6.936515e-16 6.987388e-21 1.768847e-32 1.985323e-20 8.354341e-19 6.539239e-42 0.000000e+00 3.900243e-128 3.689999e-53 9.418820e-03
3.183230e-04 3.868069e-11 1.357161e-05 3.600170e-05 5.094745e-14 1.565401e-11 5.325050e-22 1.481821e-31 2.524324e-20 5.771537e-12 3.563192e-05 1.043021e-29 3.577879e-11 2.054340e-24 4.443767e-25 4.115083e-10 5.369237e-13 3.586876e-10 7.494602e-07 4.099058e-04 1.066673e-22 9.737133e-09 3.514305e-18 1.626379e-14 6.071905e-12 1.241230e-14 2.018832e-01 6.547336e-16 7.893798e-14 9.350889e-17 3.449938e-12 1.648622e-17 4.274751e-16 4.320476e-22 3.423134e-27 5.219431e-10 1.078557e-17 7.882029e-01 5.582820e-12 3.357835e-07 1.093233e-24 9.427172e-22 8.551786e-25 1.378803e-23 5.128944e-12 4.604177e-15 2.792680e-12 2.859442e-08 2.735493e-07 1.867015e-18 6.607746e-20 3.614579e-20 1.121289e-15 2.662626e-10 7.016820e-09 4.941968e-15 7.013124e-09 3.975485e-10 6.115907e-20 1.477363e-14 2.544565e-21 4.042398e-12 3.448704e-15 6.714742e-14 8.726079e-12 3.798799e-28 1.689568e-10 9.455991e-26 3.302703e-16 2.383544e-16 2.368409e-09 8.416576e-24 2.457056e-27 1.071777e-28 1.566153e-23 1.038054e-12 2.307990e-13 6.851245e-21 1.659777e-10 6.873268e-10 9.144597e-14 3.126814e-11 1.234512e-14 8.005485e-13 1.417749e-12 6.285856e-16 7.321730e-17 2.456327e-13 1.231005e-13 1.059842e-18 1.099477e-17 7.549003e-16 7.610871e-21 1.487491e-32 3.127597e-20 9.769911e-19 7.702602e-42 0.000000e+00 3.490209e-130 8.943417e-50 9.417317e-03
2.763852e-04 4.607634e-11 1.472851e-05 3.614831e-05 6.686084e-14 2.311854e-11 6.159861e-22 9.411258e-32 2.953124e-20 5.665155e-12 3.495539e-05 1.462022e-29 4.169787e-11 2.830046e-24 5.350784e-25 4.548761e-10 4.873274e-13 3.864394e-10 7.446523e-07 4.104777e-04 1.246040e-22 8.924812e-09 3.844488e-18 1.845386e-14 5.982903e-12 2.307177e-14 2.018678e-01 7.126457e-16 8.518438e-14 8.392568e-17 3.888640e-12 1.512190e-17 6.247602e-16 5.659091e-22 3.511159e-27 5.645490e-10 1.159990e-17 7.882189e-01 5.159883e-12 3.290856e-07 1.040797e-24 1.121404e-21 7.051028e-25 1.340977e-23 4.213128e-12 5.488092e-15 3.062618e-12 3.156142e-08 2.698330e-07 2.037306e-18 5.465618e-20 3.826138e-20 1.166042e-15 3.100674e-10 9.821076e-09 5.916609e-15 6.728559e-09 3.647414e-10 7.962887e-20 2.833288e-14 2.771080e-21 3.571943e-12 2.245892e-15 7.270907e-14 7.568569e-12 2.223253e-28 1.653209e-10 6.244529e-26 2.993771e-16 1.589633e-16 2.414551e-09 2.856774e-24 2.441430e-27 2.359234e-28 5.801152e-24 1.366100e-12 1.715130e-13 7.684521e-21 1.051286e-10 7.042543e-10 9.956388e-14 3.075887e-11 9.383376e-15 8.711082e-13 1.039962e-12 7.034870e-16 7.925434e-17 2.704834e-13 1.342252e-13 1.296931e-18 1.104960e-17 8.240367e-16 8.314623e-21 1.224856e-32 4.955803e-20 1.114305e-18 8.620693e-42 0.000000e+00 3.126181e-132 1.690012e-46 9.415628e-03
2.399726e-04 5.454049e-11 1.603214e-05 3.630116e-05 8.643215e-14 3.368559e-11 7.091154e-22 4.004373e-31 3.425942e-20 5.531682e-12 3.420044e-05 2.053695e-29 4.862513e-11 3.890819e-24 6.376182e-25 5.096244e-10 4.379678e-13 4.189475e-10 7.389819e-07 4.111155e-04 1.462988e-22 8.074188e-09 4.127842e-18 2.063595e-14 5.966471e-12 4.635819e-14 2.018503e-01 7.777813e-16 9.137430e-14 7.538607e-17 4.310264e-12 1.385324e-17 8.987860e-16 7.463326e-22 3.453280e-27 6.124341e-10 1.234801e-17 7.882369e-01 4.756415e-12 3.221962e-07 1.032406e-24 1.348185e-21 5.763659e-25 1.301753e-23 3.396278e-12 6.485869e-15 3.367124e-12 3.422446e-08 2.656697e-07 2.229111e-18 4.465002e-20 4.056820e-20 1.214688e-15 3.606048e-10 1.366603e-08 7.048994e-15 6.443371e-09 3.356320e-10 1.036942e-19 5.003492e-14 2.924413e-21 2.849710e-12 1.337556e-15 7.584117e-14 6.257693e-12 1.205210e-28 1.614138e-10 4.055152e-26 2.462252e-16 9.520362e-17 2.444484e-09 8.207926e-25 2.424998e-27 4.972674e-28 1.831530e-24 1.821162e-12 1.196696e-13 8.594029e-21 5.943019e-11 7.225677e-10 1.086920e-13 3.020704e-11 7.102869e-15 9.504407e-13 7.081631e-13 7.594443e-16 8.553672e-17 2.988250e-13 1.467399e-13 1.585360e-18 1.108850e-17 9.017990e-16 9.106153e-21 9.867114e-33 7.791480e-20 1.252987e-18 9.092211e-42 0.000000e+00 2.803156e-134 2.319452e-43 9.413735e-03
2.083571e-04 6.463076e-11 1.749859e-05 3.646166e-05 1.120594e-13 4.839861e-11 8.150160e-22 6.703674e-31 4.093178e-20 5.539115e-12 3.335822e-05 2.891317e-29 5.672997e-11 5.348783e-24 7.710560e-25 5.797229e-10 3.955464e-13 4.572434e-10 7.327885e-07 4.118259e-04 1.757571e-22 7.231571e-09 4.394312e-18 2.302646e-14 6.078421e-12 9.531598e-14 2.018307e-01 8.509101e-16 9.703416e-14 6.935399e-17 4.774612e-12 1.284915e-17 1.271053e-15 9.867446e-22 3.457320e-27 6.661635e-10 1.311180e-17 7.882571e-01 4.368920e-12 3.155378e-07 1.088668e-24 1.616091e-21 4.679957e-25 1.261548e-23 2.719035e-12 7.615619e-15 3.710028e-12 3.611729e-08 2.610118e-07 2.444753e-18 3.639838e-20 4.309240e-20 1.267906e-15 4.188055e-10 1.864098e-08 8.356376e-15 6.153465e-09 3.101897e-10 1.354306e-19 8.005422e-14 3.031432e-21 1.990994e-12 7.238657e-16 7.611887e-14 4.952362e-12 6.554563e-29 1.572028e-10 2.593053e-26 1.799347e-16 5.021698e-17 2.457539e-09 1.941869e-25 2.407664e-27 9.736992e-28 4.976159e-25 2.459578e-12 8.564502e-14 9.544201e-21 2.907655e-11 7.424298e-10 1.189374e-13 2.960725e-11 5.431791e-15 1.039476e-12 4.455929e-13 7.584602e-16 9.249902e-17 3.310733e-13 1.607929e-13 1.927537e-18 1.111288e-17 9.891041e-16 9.994788e-21 7.769754e-33 1.201668e-19 1.444343e-18 9.646330e-42 0.000000e+00 2.521365e-136 2.134487e-40 9.411603e-03
1.809069e-04 7.663249e-11 1.914502e-05 3.663134e-05 1.444718e-13 6.772959e-11 9.338693e-22 1.176667e-30 4.962986e-20 5.628642e-12 3.241920e-05 4.083513e-29 6.621138e-11 7.335129e-24 9.300085e-25 6.704523e-10 3.602767e-13 5.023457e-10 7.264618e-07 4.126163e-04 2.175019e-22 6.403260e-09 4.630793e-18 2.545457e-14 6.377934e-12 1.949154e-13 2.018087e-01 9.328596e-16 1.015034e-13 6.501636e-17 5.233678e-12 1.224997e-17 1.772555e-15 1.313674e-21 6.589935e-27 7.263454e-10 1.376404e-17 7.882799e-01 3.993690e-12 3.094560e-07 1.246848e-24 1.967492e-21 3.783220e-25 1.220740e-23 2.184488e-12 8.890634e-15 4.095453e-12 3.684479e-08 2.558081e-07 2.686735e-18 2.962832e-20 4.586190e-20 1.326369e-15 4.857216e-10 2.495365e-08 9.851374e-15 5.856598e-09 2.892453e-10 1.765767e-19 1.179828e-13 3.142879e-21 1.180446e-12 3.542026e-16 7.389202e-14 3.776931e-12 3.238569e-29 1.526524e-10 1.637576e-26 1.146567e-16 2.244199e-17 2.455392e-09 3.866074e-26 2.389323e-27 1.747256e-27 1.144587e-25 3.362021e-12 5.934783e-14 1.066482e-20 1.188609e-11 7.640403e-10 1.304153e-13 2.895371e-11 4.229714e-15 1.139210e-12 2.571345e-13 7.304750e-16 1.000364e-16 3.676818e-13 1.765438e-13 2.325940e-18 1.112438e-17 1.086937e-15 1.099054e-20 5.976992e-33 1.814077e-19 1.685348e-18 9.617237e-42 0.000000e+00 2.270620e-138 1.315206e-37 9.409224e-03
1.570732e-04 9.222741e-11 2.099105e-05 3.681199e-05 1.905456e-13 9.382392e-11 1.184311e-21 2.620342e-30 6.370131e-20 5.980313e-12 3.137266e-05 5.786241e-29 7.730298e-11 1.006276e-23 1.160458e-24 7.886717e-10 3.351212e-13 5.553054e-10 7.204380e-07 4.134949e-04 2.834089e-22 5.621862e-09 4.913389e-18 2.846838e-14 6.936693e-12 3.656669e-13 2.017841e-01 1.024554e-15 1.040357e-13 6.348308e-17 5.837683e-12 1.224997e-17 2.437059e-15 1.757445e-21 1.869970e-25 7.936603e-10 1.446762e-17 7.883054e-01 3.626588e-12 3.038525e-07 1.573247e-24 2.385862e-21 3.042465e-25 1.179705e-23 1.776070e-12 1.032170e-14 4.528015e-12 3.644946e-08 2.500013e-07 2.957846e-18 2.420906e-20 4.890775e-20 1.390784e-15 5.625948e-10 3.282289e-08 1.165990e-14 5.552277e-09 2.732810e-10 2.314117e-19 1.626711e-13 3.331153e-21 5.716145e-13 1.560499e-16 7.170081e-14 2.790011e-12 1.637513e-29 1.477213e-10 1.026581e-26 6.185278e-17 8.288623e-18 2.441580e-09 5.993412e-27 2.369858e-27 2.880694e-27 2.210733e-26 4.645809e-12 4.476456e-14 1.198958e-20 3.905363e-12 7.876027e-10 1.432540e-13 2.823981e-11 3.379701e-15 1.250759e-12 1.351971e-13 6.424647e-16 1.088668e-16 4.091606e-13 1.941710e-13 2.778101e-18 1.113006e-17 1.196396e-15 1.210459e-20 4.485367e-33 2.694186e-19 2.084800e-18 9.957873e-42 0.000000e+00 2.052781e-140 4.962190e-35 9.406546e-03
1.363794e-04 1.139442e-10 2.305812e-05 3.700545e-05 2.572600e-13 1.287772e-10 4.822894e-21 1.240948e-29 8.587593e-20 6.531681e-12 3.020677e-05 8.237946e-29 9.028389e-11 1.377434e-23 1.484012e-24 9.436006e-10 3.187306e-13 6.172563e-10 7.152120e-07 4.144706e-04 3.941397e-22 4.881751e-09 5.296924e-18 3.230190e-14 7.845210e-12 6.262135e-13 2.017564e-01 1.127021e-15 1.036910e-13 6.404673e-17 6.640763e-12 1.311236e-17 3.312251e-15 2.575401e-21 6.202899e-24 8.688651e-10 1.514173e-17 7.883339e-01 3.263377e-12 2.983707e-07 2.186763e-24 2.957341e-21 2.423743e-25 1.138724e-23 1.472862e-12 1.189808e-14 5.012835e-12 3.522265e-08 2.435275e-07 3.261193e-18 1.971459e-20 5.226291e-20 1.461882e-15 6.508069e-10 4.306405e-08 1.409399e-14 5.242164e-09 2.639869e-10 3.139983e-19 2.139014e-13 3.637823e-21 2.196932e-13 6.173902e-17 7.236744e-14 1.994769e-12 7.532767e-30 1.423634e-10 6.474277e-27 2.766201e-17 2.420572e-18 2.419966e-09 0.000000e+00 2.349139e-27 4.426621e-27 1.980396e-27 6.483574e-12 3.576714e-14 1.395346e-20 9.972604e-13 8.133486e-10 1.575960e-13 2.745839e-11 2.786868e-15 1.375355e-12 6.413912e-14 5.495431e-16 1.188628e-16 4.560907e-13 2.138724e-13 3.281517e-18 1.113748e-17 1.318701e-15 1.334932e-20 3.275148e-33 3.980354e-19 2.725115e-18 1.079713e-41 0.000000e+00 1.858508e-142 1.169334e-32 9.403565e-03
1.184120e-04 1.522689e-10 2.536908e-05 3.721345e-05 3.787627e-13 1.785012e-10 7.135954e-20 3.112847e-28 1.384961e-19 7.710364e-12 2.890933e-05 1.179825e-28 1.054772e-10 1.890596e-23 2.090861e-24 1.147537e-09 3.222615e-13 6.894390e-10 7.113948e-07 4.155527e-04 6.175016e-22 4.205075e-09 6.124432e-18 3.937501e-14 9.233302e-12 9.745605e-13 2.017255e-01 1.241313e-15 9.945913e-14 6.987866e-17 8.229593e-12 1.533246e-17 4.454606e-15 7.711760e-21 1.356165e-22 9.527380e-10 1.622611e-17 7.883659e-01 2.900064e-12 2.922717e-07 3.308573e-24 3.737495e-21 1.891415e-25 1.098048e-23 1.289226e-12 1.359946e-14 5.555190e-12 3.383643e-08 2.363212e-07 3.599980e-18 1.614449e-20 5.595995e-20 1.540377e-15 7.518038e-10 5.680215e-08 1.830459e-14 4.928807e-09 2.631619e-10 6.264888e-19 2.717659e-13 4.077855e-21 6.752786e-14 2.191254e-17 7.743801e-14 1.363307e-12 3.928659e-30 1.365309e-10 4.259909e-27 1.017653e-17 5.404590e-19 2.393398e-09 0.000000e+00 2.327037e-27 6.466704e-27 0.000000e+00 9.140188e-12 3.415857e-14 1.749305e-20 2.012956e-13 8.414849e-10 1.735875e-13 2.660248e-11 2.473095e-15 1.514265e-12 2.695775e-14 4.466073e-16 1.311127e-16 5.091038e-13 2.358516e-13 3.827892e-18 1.116013e-17 1.455102e-15 1.473743e-20 2.316728e-33 5.919991e-19 4.368712e-18 2.601420e-41 0.000000e+00 1.688984e-144 1.574490e-30 9.400222e-03
1.028117e-04 2.469899e-10 2.795268e-05 3.743762e-05 6.811991e-13 2.506238e-10 9.256137e-19 8.268664e-27 3.647864e-19 1.068863e-11 2.746504e-05 1.715941e-28 1.233193e-10 2.668866e-23 3.675952e-24 1.418211e-09 3.751018e-13 7.735762e-10 7.098885e-07 4.167522e-04 1.223339e-21 3.598837e-09 8.509332e-18 5.775441e-14 1.131062e-11 1.406282e-12 2.016909e-01 1.368777e-15 9.020678e-14 9.009267e-17 1.248704e-11 1.984854e-17 5.939475e-15 6.608177e-20 2.030635e-21 1.046270e-09 1.883347e-17 7.884017e-01 2.532807e-12 2.845787e-07 5.396535e-24 5.126537e-21 1.417025e-25 1.057665e-23 1.294452e-12 1.539022e-14 6.161700e-12 3.318222e-08 2.282989e-07 3.978336e-18 1.355179e-20 6.003636e-20 1.627096e-15 8.670968e-10 7.621814e-08 2.874907e-14 4.614069e-09 2.728195e-10 3.672656e-18 3.369048e-13 4.632610e-21 2.021375e-14 6.967326e-18 8.423729e-14 8.628395e-13 7.858564e-30 1.301621e-10 3.195053e-27 3.269130e-18 8.897888e-20 2.363256e-09 7.356868e-27 2.303379e-27 9.177265e-27 2.840398e-27 1.308158e-11 4.344643e-14 2.664784e-20 3.983927e-14 8.722409e-10 1.914146e-13 2.566414e-11 2.605468e-15 1.669103e-12 9.476810e-15 3.679708e-16 1.474361e-16 5.690600e-13 2.603681e-13 4.408561e-18 1.121329e-17 1.607194e-15 1.628508e-20 1.575794e-33 9.011578e-19 1.201404e-17 2.130662e-40 0.000000e+00 1.539494e-146 1.221995e-28 9.396484e-03
8.926665e-05 5.297519e-10 3.084051e-05 3.767790e-05 1.647581e-12 3.598243e-10 8.737351e-18 2.149604e-25 1.746070e-18 1.864425e-11 2.585814e-05 2.677209e-28 1.444113e-10 4.562831e-23 9.256944e-24 1.780194e-09 5.197344e-13 8.723754e-10 7.126207e-07 4.180796e-04 3.355682e-21 3.090839e-09 1.561573e-17 1.123968e-13 1.448870e-11 1.908035e-12 2.016522e-01 1.510845e-15 7.537223e-14 1.474187e-16 2.559124e-11 2.875625e-17 7.878202e-15 6.003024e-19 2.187783e-20 1.150501e-09 2.597092e-17 7.884417e-01 2.160584e-12 2.742149e-07 9.594968e-24 8.291612e-21 9.885091e-26 1.017096e-23 1.564388e-12 1.726071e-14 6.839059e-12 3.425309e-08 2.193714e-07 4.400871e-18 1.207358e-20 6.451869e-20 1.722667e-15 9.974737e-10 1.053083e-07 5.982883e-14 4.297465e-09 2.901218e-10 3.225965e-17 4.089069e-13 5.298717e-21 9.363509e-15 1.968791e-18 8.603295e-14 4.786590e-13 8.678284e-29 1.231936e-10 3.132408e-27 1.111876e-18 1.241625e-20 2.330018e-09 4.734743e-28 2.277992e-27 1.295674e-26 1.742957e-27 1.936905e-11 7.898994e-14 5.360903e-20 1.256266e-14 9.057104e-10 2.112754e-13 2.463845e-11 3.441607e-15 1.841584e-12 2.527486e-15 3.017401e-16 1.736150e-16 6.371421e-13 2.876983e-13 5.012056e-18 1.131538e-17 1.776673e-15 1.800935e-20 1.017593e-33 1.464640e-18 5.940136e-17 2.428073e-39 0.000000e+00 1.407964e-148 5.365674e-27 9.392302e-03
7.750613e-05 1.295919e-09 3.407259e-05 3.793011e-05 4.755525e-12 5.548684e-10 6.172304e-17 4.950748e-24 9.669286e-18 3.670969e-11 2.407072e-05 5.505232e-28 1.697545e-10 1.379287e-22 3.105796e-23 2.263303e-09 7.297861e-13 9.911090e-10 7.247470e-07 4.195433e-04 1.114486e-20 2.750160e-09 3.390728e-17 2.570637e-13 1.967937e-11 2.438907e-12 2.016089e-01 1.669284e-15 5.661534e-14 2.738045e-16 6.242006e-11 4.733397e-17 1.053123e-14 4.224560e-18 1.772095e-19 1.266608e-09 4.171512e-17 7.884865e-01 1.788431e-12 2.612729e-07 1.938806e-23 1.534049e-20 6.242314e-26 9.744784e-24 1.979322e-12 1.945128e-14 7.593566e-12 3.686929e-08 2.094292e-07 4.873911e-18 1.116159e-20 6.940134e-20 1.827074e-15 1.141764e-09 1.520307e-07 1.423966e-13 3.968915e-09 3.023049e-10 2.413541e-16 4.831622e-13 6.172615e-21 6.035874e-15 4.743467e-19 7.950561e-14 2.177259e-13 1.046783e-27 1.155508e-10 4.228532e-27 4.601701e-19 2.066682e-21 2.293994e-09 1.731359e-26 2.250660e-27 1.881682e-26 1.469480e-26 3.119698e-11 1.691669e-13 1.223190e-19 5.409116e-15 9.416787e-10 2.334134e-13 2.352762e-11 4.777961e-15 2.033813e-12 5.356780e-16 2.267080e-16 2.236285e-16 7.154863e-13 3.181814e-13 5.625719e-18 1.148759e-17 1.965621e-15 1.993090e-20 6.072797e-34 2.810055e-18 3.269066e-16 2.491649e-38 0.000000e+00 1.292750e-150 1.341624e-25 9.387605e-03
6.729501e-05 2.944403e-09 3.769812e-05 3.818136e-05 1.433825e-11 1.033133e-09 3.374798e-16 9.018470e-23 4.666889e-17 7.373128e-11 2.208451e-05 1.874933e-27 2.011200e-10 6.766296e-22 1.204036e-22 2.884221e-09 8.697907e-13 1.138513e-09 7.589042e-07 4.211437e-04 3.672709e-20 2.688372e-09 7.551986e-17 5.738847e-13 2.854042e-11 2.869704e-12 2.015604e-01 1.846188e-15 3.876132e-14 5.130464e-16 1.527749e-10 8.862217e-17 1.473591e-14 2.310615e-17 1.119680e-18 1.395505e-09 6.584450e-17 7.885366e-01 1.430539e-12 2.487936e-07 4.491394e-23 2.774057e-20 3.712570e-26 9.247961e-24 2.158859e-12 2.316694e-14 8.424633e-12 3.791137e-08 1.983445e-07 5.406542e-18 9.332012e-21 7.458135e-20 1.937982e-15 1.294804e-09 2.297202e-07 3.077234e-13 3.587050e-09 2.976729e-10 1.437998e-15 5.454163e-13 7.749609e-21 3.102734e-15 8.539525e-20 7.247460e-14 7.767690e-14 9.608246e-27 1.071549e-10 6.946156e-27 1.691590e-19 3.503230e-22 2.255982e-09 0.000000e+00 2.221138e-27 2.921796e-26 0.000000e+00 5.882872e-11 3.389941e-13 2.581341e-19 1.507374e-15 9.793109e-10 2.581146e-13 2.234895e-11 5.231551e-15 2.248247e-12 1.280653e-16 1.780100e-16 3.364126e-16 8.078907e-13 3.522144e-13 6.236184e-18 1.175321e-17 2.176498e-15 2.207187e-20 3.161981e-34 6.996095e-18 1.544407e-15 1.869854e-37 0.000000e+00 1.191199e-152 2.004184e-24 9.382330e-03
5.842916e-05 5.654781e-09 4.177759e-05 3.840495e-05 4.600427e-11 2.474743e-09 1.472602e-15 1.268912e-21 1.838324e-16 1.462251e-10 1.988280e-05 8.604336e-27 2.413219e-10 3.487149e-21 4.936313e-22 3.596664e-09 8.317104e-13 1.318586e-09 8.394687e-07 4.228669e-04 1.053241e-19 3.123818e-09 1.699089e-16 1.104577e-12 4.258864e-11 2.984932e-12 2.015061e-01 2.044079e-15 2.678369e-14 9.035633e-16 3.647623e-10 1.813340e-16 2.306903e-14 1.018154e-16 5.697538e-18 1.536580e-09 8.841006e-17 7.885929e-01 1.106636e-12 2.401205e-07 1.067898e-22 4.251116e-20 3.059977e-26 8.588836e-24 1.802098e-12 3.092772e-14 9.305973e-12 3.395706e-08 1.859716e-07 6.011967e-18 6.305568e-21 7.978180e-20 2.047478e-15 1.443696e-09 3.486406e-07 5.230903e-13 3.078238e-09 2.791640e-10 6.906912e-15 5.718852e-13 1.193657e-20 1.136203e-15 9.210984e-21 7.757120e-14 2.186796e-14 6.166980e-26 9.792872e-11 1.135879e-26 4.135676e-20 5.235596e-23 2.217521e-09 0.000000e+00 2.189142e-27 4.975336e-26 0.000000e+00 1.349734e-10 5.754217e-13 4.563788e-19 2.148096e-16 1.017053e-09 2.857117e-13 2.113716e-11 3.836094e-15 2.487623e-12 3.789274e-17 1.418906e-16 6.256519e-16 9.193017e-13 3.902509e-13 6.828658e-18 1.213857e-17 2.412234e-15 2.444635e-20 1.292835e-34 2.113705e-17 5.921982e-15 1.000980e-36 0.000000e+00 1.102199e-154 1.883196e-23 9.376376e-03
5.073136e-05 9.091928e-09 4.638069e-05 3.855177e-05 1.557317e-10 6.672966e-09 5.250043e-15 1.145277e-20 5.603335e-16 2.439555e-10 1.745560e-05 3.989172e-26 2.932544e-10 1.598894e-20 1.901844e-21 4.234230e-09 6.309298e-13 1.488542e-09 1.001469e-06 4.246806e-04 2.320413e-19 4.491387e-09 3.970051e-16 1.595963e-12 5.832454e-11 2.773831e-12 2.014451e-01 2.266052e-15 2.093411e-14 1.224624e-15 8.525758e-10 3.435386e-16 4.237377e-14 3.669595e-16 2.391379e-17 1.684321e-09 9.494106e-17 7.886562e-01 8.318985e-13 2.331498e-07 2.211547e-22 5.154278e-20 9.011298e-26 7.684902e-24 1.053407e-12 4.292445e-14 1.014323e-11 2.694743e-08 1.721562e-07 6.706424e-18 3.226552e-21 8.451143e-20 2.139226e-15 1.559217e-09 4.874188e-07 6.769569e-13 2.445554e-09 2.540223e-10 2.742094e-14 5.483306e-13 2.461108e-20 4.016557e-16 5.281456e-22 1.107250e-13 5.191683e-15 2.178335e-25 8.781171e-11 1.414873e-26 9.200416e-21 8.957219e-24 2.180473e-09 0.000000e+00 2.154336e-27 9.161207e-26 0.000000e+00 3.606138e-10 8.234294e-13 6.703881e-19 2.487715e-17 1.053032e-09 3.165644e-13 1.993465e-11 2.074992e-15 2.754287e-12 1.218762e-17 1.041989e-16 1.349360e-15 1.051052e-12 4.327638e-13 7.387248e-18 1.267223e-17 2.676320e-15 2.702612e-20 3.601112e-35 6.618174e-17 1.751194e-14 3.837897e-36 0.000000e+00 1.023674e-156 1.217668e-22 9.369643e-03
4.404770e-05 1.296931e-08 5.157506e-05 3.853170e-05 5.218233e-10 1.724160e-08 1.557857e-14 5.235113e-20 1.351087e-15 3.107883e-10 1.481496e-05 1.697595e-25 3.555853e-10 6.294798e-20 6.269906e-21 4.540886e-09 3.918993e-13 1.532565e-09 1.279442e-06 4.265295e-04 3.762787e-19 7.331000e-09 9.322563e-16 1.657274e-12 6.628558e-11 2.311954e-12 2.013767e-01 2.515598e-15 1.733294e-14 1.105868e-15 1.865221e-09 4.808813e-16 8.894877e-14 1.083027e-15 8.407865e-17 1.821788e-09 8.225111e-17 7.887275e-01 6.097420e-13 2.243446e-07 3.543239e-22 4.883146e-20 8.319407e-25 6.545077e-24 4.451479e-13 5.149346e-14 1.073277e-11 2.018435e-08 1.567764e-07 7.488486e-18 1.231581e-21 8.823214e-20 2.198195e-15 1.594704e-09 5.654293e-07 7.073295e-13 1.796252e-09 2.247902e-10 9.226739e-14 4.824211e-13 6.083057e-20 1.695958e-16 2.084807e-23 1.987615e-13 1.221727e-15 3.440975e-25 7.680344e-11 9.806167e-27 2.970317e-21 2.053583e-24 2.146260e-09 0.000000e+00 2.116347e-27 1.611546e-25 0.000000e+00 9.964231e-10 1.049177e-12 8.655570e-19 3.449066e-18 1.085681e-09 3.509122e-13 1.877551e-11 1.037019e-15 3.047328e-12 4.047786e-18 7.095383e-17 2.985758e-15 1.186142e-12 4.800881e-13 7.893522e-18 1.338112e-17 2.972383e-15 2.968137e-20 6.106082e-36 1.952339e-16 4.087986e-14 1.136483e-35 0.000000e+00 9.543358e-159 5.877729e-22 9.361999e-03
3.824460e-05 1.737024e-08 5.741111e-05 3.818115e-05 1.689518e-09 3.966391e-08 3.895613e-14 1.443098e-19 2.772431e-15 3.299412e-10 1.201879e-05 6.481795e-25 4.157222e-10 2.078000e-19 1.695814e-20 4.340637e-09 2.160282e-13 1.390977e-09 1.692252e-06 4.283264e-04 4.851340e-19 1.170871e-08 2.004268e-15 1.339244e-12 6.377116e-11 1.545865e-12 2.013000e-01 2.795202e-15 1.326539e-14 7.189514e-16 3.675668e-09 4.759613e-16 1.966382e-13 2.629437e-15 2.489155e-16 1.913949e-09 5.906853e-17 7.888081e-01 4.352174e-13 2.127248e-07 4.358538e-22 3.678535e-20 1.478974e-23 5.258263e-24 1.607290e-13 4.887654e-14 1.079325e-11 1.449934e-08 1.398035e-07 8.238968e-18 3.814687e-22 9.086390e-20 2.226264e-15 1.510561e-09 5.017579e-07 6.263459e-13 1.225610e-09 1.932545e-10 2.665458e-13 3.916109e-13 1.532487e-19 8.737915e-17 2.067660e-24 3.821067e-13 3.982404e-16 3.138140e-25 6.502942e-11 3.943606e-27 1.448850e-21 6.048563e-25 2.115536e-09 0.000000e+00 2.074743e-27 2.476858e-25 0.000000e+00 2.539812e-09 1.258621e-12 1.038377e-18 5.960955e-19 1.113974e-09 3.884571e-13 1.768106e-11 5.508635e-16 3.356379e-12 1.426361e-18 4.719053e-17 6.257651e-15 1.261361e-12 5.321596e-13 8.326180e-18 1.427139e-17 3.302342e-15 3.216179e-20 6.151338e-37 5.258066e-16 8.128489e-14 2.792830e-35 0.000000e+00 8.929000e-161 2.296045e-21 9.353290e-03
3.320603e-05 2.242614e-08 6.389583e-05 3.724055e-05 5.149160e-09 8.027592e-08 8.262384e-14 3.043063e-19 4.929714e-15 3.162902e-10 9.195575e-06 2.126267e-24 4.476451e-10 5.577291e-19 3.670089e-20 3.663842e-09 1.120684e-13 1.110622e-09 2.234477e-06 4.299360e-04 5.365398e-19 1.678229e-08 3.719238e-15 8.975565e-13 5.456656e-11 8.025514e-13 2.012138e-01 3.098559e-15 8.865377e-15 3.883319e-16 6.461468e-09 3.622688e-16 4.261262e-13 5.279435e-15 6.177457e-16 1.909627e-09 3.715157e-17 7.888995e-01 3.011060e-13 1.983530e-07 3.484638e-22 2.343377e-20 3.680727e-26 3.938182e-24 5.866379e-14 3.803296e-14 1.006970e-11 9.906763e-09 1.214104e-07 8.497408e-18 1.357754e-22 9.312512e-20 2.235132e-15 1.302611e-09 3.461400e-07 4.735259e-13 7.771343e-10 1.617171e-10 6.623147e-13 2.931599e-13 3.628834e-19 5.462641e-17 1.168282e-24 7.107334e-13 2.185507e-16 2.209550e-25 5.282703e-11 1.171885e-27 9.669735e-22 2.157174e-25 2.088317e-09 0.000000e+00 2.029074e-27 3.330537e-25 0.000000e+00 5.599413e-09 1.474598e-12 1.193262e-18 1.287364e-19 1.137251e-09 4.273865e-13 1.666629e-11 3.229858e-16 3.653894e-12 5.607731e-19 3.203982e-17 1.127877e-14 1.174464e-12 5.878783e-13 8.660681e-18 1.526446e-17 3.658483e-15 3.416189e-20 3.858149e-38 1.286059e-15 1.408644e-13 5.737616e-35 0.000000e+00 8.375912e-163 7.792420e-21 9.343369e-03
2.883127e-05 2.846135e-08 7.097200e-05 3.538653e-05 1.418278e-08 1.457492e-07 1.492928e-13 5.433475e-19 7.518882e-15 2.778506e-10 6.540521e-06 5.339648e-24 4.233555e-10 1.179121e-18 6.151362e-20 2.686491e-09 5.576795e-14 7.787435e-10 2.887900e-06 4.311681e-04 5.282707e-19 2.073591e-08 5.842495e-15 5.051906e-13 4.226507e-11 3.653654e-13 2.011168e-01 3.390236e-15 5.221796e-15 1.892127e-16 1.006235e-08 2.234446e-16 8.717659e-13 8.788442e-15 1.273867e-15 1.762863e-09 2.215056e-17 7.890035e-01 2.005046e-13 1.816848e-07 2.381451e-22 1.368318e-20 5.314287e-27 2.703333e-24 2.638872e-14 2.619686e-14 8.508289e-12 6.319889e-09 1.020692e-07 7.463808e-18 1.154638e-22 9.662043e-20 2.234501e-15 1.009025e-09 2.123228e-07 3.025978e-13 4.553640e-10 1.317946e-10 1.408326e-12 2.010720e-13 7.904593e-19 4.022833e-17 0.000000e+00 1.227959e-12 1.612125e-16 1.370412e-25 4.077534e-11 3.071966e-28 8.018993e-22 8.661216e-26 2.064153e-09 0.000000e+00 1.978895e-27 3.962158e-25 2.288463e-25 1.027201e-08 1.736178e-12 1.341013e-18 3.629481e-20 1.155049e-09 4.633660e-13 1.574364e-11 2.089717e-16 3.897251e-12 2.401176e-19 2.220289e-17 1.557448e-14 8.961086e-13 6.439444e-13 8.871145e-18 1.611040e-17 4.006706e-15 3.546239e-20 1.614463e-39 2.869087e-15 2.118530e-13 9.998502e-35 0.000000e+00 7.873875e-165 2.400011e-20 9.332063e-03
2.503286e-05 3.548322e-08 7.851132e-05 3.234078e-05 3.491158e-08 2.458180e-07 2.304127e-13 8.410055e-19 9.724031e-15 2.186679e-10 4.264833e-06 8.356547e-24 3.355500e-10 1.901618e-18 7.706377e-20 1.654939e-09 2.578760e-14 4.769476e-10 3.674094e-06 4.317743e-04 4.572962e-19 2.192902e-08 7.718380e-15 2.358673e-13 2.928940e-11 1.568337e-13 2.010077e-01 3.583237e-15 2.702435e-15 8.343767e-17 1.398842e-08 1.133415e-16 1.664000e-12 1.213596e-14 2.162673e-15 1.468376e-09 1.292298e-17 7.891218e-01 1.275961e-13 1.633320e-07 1.341429e-22 7.579089e-21 3.702748e-27 1.666934e-24 1.730272e-14 1.634840e-14 6.382230e-12 3.745978e-09 8.256267e-08 4.924702e-18 1.535067e-22 1.035556e-19 2.229512e-15 6.935984e-10 1.307007e-07 1.597414e-13 2.453488e-10 1.046261e-10 2.541668e-12 1.250716e-13 1.586283e-18 3.182390e-17 0.000000e+00 1.976561e-12 1.265376e-16 7.745740e-26 2.961119e-11 7.423670e-29 7.179736e-22 3.489639e-26 2.042337e-09 0.000000e+00 1.923774e-27 4.150316e-25 1.547934e-25 1.569981e-08 2.080239e-12 1.474962e-18 1.280676e-20 1.166984e-09 4.905063e-13 1.492605e-11 1.439385e-16 4.051250e-12 1.001337e-19 1.523624e-17 1.550528e-14 5.351545e-13 6.939142e-13 8.936784e-18 1.654525e-17 4.283126e-15 3.606258e-20 4.762378e-41 5.890985e-15 2.745919e-13 1.462528e-34 0.000000e+00 7.414261e-167 6.924615e-20 9.319179e-03
2.173488e-05 4.278639e-08 8.631426e-05 2.802440e-05 7.805486e-08 3.991482e-07 3.043996e-13 1.132313e-18 1.062678e-14 1.495393e-10 2.518618e-06 6.438077e-24 2.131543e-10 2.267886e-18 7.007788e-20 8.223900e-10 1.047735e-14 2.544734e-10 4.735942e-06 4.314439e-04 3.350125e-19 2.008886e-08 8.557670e-15 8.950845e-14 1.775611e-11 6.316138e-14 2.008848e-01 3.558226e-15 1.195921e-15 3.214207e-17 1.764187e-08 4.728931e-17 2.978883e-12 1.389077e-14 3.005732e-15 1.081470e-09 7.259772e-18 7.892568e-01 7.718181e-14 1.441302e-07 6.117543e-23 3.929096e-21 2.378226e-27 9.046333e-25 1.476985e-14 9.042960e-15 4.194811e-12 2.073916e-09 6.388936e-08 2.163117e-18 2.231338e-22 1.165522e-19 2.222403e-15 4.184148e-10 8.452594e-08 6.837036e-14 1.214717e-10 8.090936e-11 3.863736e-12 6.976906e-14 2.958776e-18 2.463323e-17 0.000000e+00 3.042848e-12 9.369241e-17 4.057915e-26 2.004502e-11 1.621484e-29 6.128871e-22 1.273273e-26 2.022038e-09 0.000000e+00 1.863304e-27 3.772529e-25 0.000000e+00 2.057428e-08 2.535708e-12 1.564592e-18 5.081829e-21 1.172763e-09 5.054234e-13 1.422670e-11 1.003257e-16 4.116074e-12 3.605218e-20 1.012578e-17 1.090331e-14 2.388193e-13 7.303329e-13 8.848805e-18 1.663897e-17 4.439435e-15 3.618212e-20 1.019372e-42 1.126884e-14 3.056166e-13 1.753439e-34 0.000000e+00 6.990726e-169 1.913619e-19 9.304502e-03
1.887140e-05 4.902066e-08 9.411140e-05 2.266971e-05 1.618135e-07 6.430353e-07 3.448570e-13 1.321731e-18 9.874597e-15 8.655454e-11 1.334354e-06 2.248014e-24 1.044468e-10 1.948788e-18 4.531083e-20 3.176787e-10 3.539721e-15 1.186472e-10 6.416531e-06 4.297822e-04 2.000107e-19 1.620577e-08 7.969485e-15 2.715486e-14 9.231376e-12 2.385534e-14 2.007463e-01 3.245587e-15 4.386036e-16 1.037750e-17 2.039821e-08 1.612976e-17 5.084041e-12 1.312972e-14 3.417810e-15 6.945901e-10 3.795836e-18 7.894105e-01 4.422498e-14 1.249241e-07 2.154318e-23 1.848912e-21 1.251164e-27 4.239029e-25 1.325118e-14 4.329871e-15 2.398657e-12 1.075090e-09 4.706066e-08 5.803057e-19 3.019933e-22 1.365134e-19 2.214000e-15 2.195910e-10 5.829017e-08 2.369094e-14 5.534530e-11 6.091047e-11 4.926732e-12 3.456289e-14 5.184875e-18 1.751910e-17 8.268342e-27 4.615679e-12 6.101923e-17 2.039291e-26 1.254579e-11 3.171879e-30 4.619391e-22 3.911397e-27 2.002364e-09 0.000000e+00 1.797129e-27 2.959119e-25 1.997797e-29 2.374165e-08 3.124325e-12 1.573877e-18 2.056910e-21 1.172288e-09 5.102329e-13 1.365536e-11 6.751713e-17 4.124258e-12 1.020821e-20 6.564379e-18 5.346460e-15 7.587947e-14 7.502118e-13 8.612153e-18 1.665957e-17 4.490533e-15 3.608446e-20 1.588236e-44 2.033241e-14 2.913984e-13 1.672432e-34 0.000000e+00 6.598048e-171 5.145903e-19 9.287796e-03
1.638517e-05 5.231218e-08 1.015669e-04 1.681146e-05 3.168882e-07 1.057343e-06 3.346917e-13 1.343631e-18 7.927731e-15 4.138698e-11 6.300449e-07 4.018768e-25 3.816589e-11 1.179842e-18 2.049796e-20 9.193739e-11 9.441759e-16 4.864786e-11 9.317655e-06 4.262506e-04 9.418251e-20 1.172657e-08 6.248561e-15 6.505495e-15 4.064109e-12 8.590965e-15 2.005895e-01 2.693324e-15 1.303414e-16 2.681529e-18 2.164941e-08 4.451566e-18 8.485814e-12 1.009575e-14 3.188790e-15 3.853172e-10 1.779757e-18 7.895854e-01 2.395510e-14 1.062904e-07 5.442587e-24 7.585236e-22 5.250987e-28 1.685398e-25 1.124875e-14 1.768680e-15 1.188993e-12 5.171776e-10 3.286147e-08 9.072239e-20 3.804103e-22 1.618639e-19 2.204525e-15 9.970608e-11 4.327136e-08 6.656355e-15 2.319660e-11 4.438096e-11 5.265845e-12 1.509783e-14 8.632247e-18 1.101585e-17 8.335240e-25 7.120011e-12 3.313466e-17 1.064866e-26 7.208345e-12 5.772104e-31 2.949442e-22 9.625045e-28 1.982273e-09 0.000000e+00 1.724950e-27 2.018500e-25 0.000000e+00 2.440620e-08 3.830119e-12 1.469801e-18 8.717675e-22 1.165756e-09 5.098441e-13 1.321447e-11 4.189590e-17 4.108869e-12 2.096401e-21 4.266973e-18 1.808556e-15 1.636743e-14 7.572961e-13 8.242815e-18 1.674498e-17 4.488150e-15 3.591675e-20 1.760502e-46 3.499687e-14 2.372721e-13 1.232296e-34 0.000000e+00 6.233984e-173 1.360467e-18 9.268771e-03
1.422649e-05 5.053625e-08 1.082890e-04 1.116338e-05 5.942569e-07 1.834814e-06 2.740501e-13 1.176981e-18 5.612709e-15 1.587185e-11 2.640529e-07 4.889155e-26 1.001775e-11 4.896821e-19 6.303635e-21 1.892752e-11 1.871099e-16 1.763309e-11 1.431119e-05 4.201009e-04 3.395032e-20 7.769658e-09 4.131068e-15 1.237950e-15 1.513675e-12 2.955057e-15 2.004117e-01 2.036706e-15 3.088315e-17 5.223666e-19 2.083282e-08 9.901630e-19 1.432986e-11 6.040128e-15 2.437648e-15 1.823536e-10 7.187193e-19 7.897844e-01 1.224469e-14 8.846201e-08 8.756547e-25 2.588662e-22 1.719314e-28 5.594788e-26 8.618312e-15 6.114648e-16 5.096193e-13 2.249672e-10 2.167994e-08 8.149513e-21 4.498801e-22 1.882678e-19 2.193992e-15 3.906338e-11 3.524891e-08 1.498300e-15 8.899504e-12 3.084279e-11 4.701724e-12 5.789765e-15 1.381142e-17 5.913180e-18 0.000000e+00 1.160308e-11 1.407134e-17 6.042814e-27 3.776300e-12 9.845811e-32 1.540986e-22 1.746893e-28 1.960151e-09 2.584331e-41 1.646533e-27 1.219001e-25 2.767857e-25 2.211962e-08 4.551587e-12 1.236518e-18 5.349953e-22 1.153725e-09 5.076736e-13 1.289627e-11 2.255385e-17 4.085778e-12 2.815671e-22 2.858592e-18 4.155554e-16 2.264012e-15 7.578622e-13 7.765671e-18 1.690210e-17 4.468550e-15 3.572028e-20 1.313740e-48 5.797873e-14 1.639756e-13 6.553480e-35 0.000000e+00 5.896230e-175 3.579361e-18 9.247095e-03
1.235221e-05 4.222056e-08 1.138655e-04 6.445719e-06 1.072443e-06 3.520201e-06 1.790221e-13 8.198025e-19 3.539686e-15 4.675210e-12 9.806322e-08 6.347553e-27 1.801870e-12 1.339545e-19 1.226454e-21 2.524518e-12 2.526746e-17 5.663161e-12 2.239593e-05 4.104576e-04 9.166656e-21 4.774332e-09 2.298443e-15 1.978546e-16 4.889537e-13 9.371106e-16 2.002094e-01 1.412786e-15 5.754624e-18 7.048522e-20 1.757641e-08 1.855545e-19 2.552159e-11 2.511184e-15 1.496105e-15 7.162858e-11 2.378741e-19 7.900100e-01 5.892574e-15 7.147024e-08 7.952581e-26 7.010218e-23 5.197633e-28 1.532047e-26 5.647596e-15 1.777837e-16 1.880635e-13 8.418514e-11 1.348044e-08 4.323052e-22 4.967773e-22 2.093317e-19 2.182390e-15 1.321060e-11 3.299610e-08 2.632809e-16 3.101987e-12 1.983956e-11 3.438967e-12 1.945792e-15 2.152586e-17 2.566661e-18 0.000000e+00 2.101706e-11 4.235204e-18 3.326714e-27 1.790609e-12 1.344669e-32 6.208868e-23 2.368420e-29 1.932450e-09 4.565502e-46 1.561795e-27 6.638406e-26 0.000000e+00 1.696869e-08 5.105927e-12 8.975310e-19 5.806959e-22 1.137059e-09 5.049145e-13 1.268167e-11 9.567915e-18 4.058994e-12 2.102883e-23 2.006309e-18 6.288362e-17 1.845527e-16 7.561356e-13 7.213755e-18 1.709813e-17 4.443741e-15 3.549900e-20 5.960555e-51 9.292796e-14 9.534341e-14 2.086878e-35 0.000000e+00 5.578428e-177 9.508122e-18 9.222480e-03
1.072485e-05 2.869360e-08 1.180041e-04 3.163939e-06 1.857684e-06 7.951698e-06 8.132894e-14 3.956852e-19 1.956791e-15 9.993324e-13 3.229908e-08 7.220024e-28 2.133520e-13 2.336353e-20 1.330174e-22 1.851660e-13 2.117727e-18 1.611547e-12 3.423753e-05 3.967478e-04 1.860336e-21 2.559328e-09 1.082134e-15 2.900796e-17 1.460766e-13 2.650942e-16 1.999783e-01 9.053055e-16 8.648297e-19 5.852374e-21 1.221990e-08 3.560934e-20 4.994892e-11 5.680849e-16 6.990704e-16 2.216217e-11 6.188961e-20 7.902649e-01 2.658643e-15 5.540035e-08 2.427795e-25 1.488222e-23 2.652581e-27 3.444414e-27 2.919459e-15 4.291925e-17 5.918944e-14 2.474113e-11 7.888760e-09 1.460073e-23 5.163366e-22 2.200079e-19 2.169745e-15 3.871209e-12 3.789564e-08 3.555680e-17 9.780445e-13 1.108093e-11 1.964607e-12 5.736645e-16 3.354097e-17 8.614004e-19 0.000000e+00 4.501856e-11 8.078955e-19 1.471506e-27 7.606294e-13 1.129523e-33 1.804795e-23 0.000000e+00 1.888869e-09 1.995291e-42 1.470871e-27 3.300365e-26 4.894586e-26 1.023189e-08 5.350391e-12 5.258235e-19 7.806025e-22 1.116671e-09 5.017698e-13 1.254083e-11 2.819287e-18 4.028856e-12 7.126907e-25 1.482273e-18 6.043777e-18 7.955918e-18 7.537120e-13 6.625820e-18 1.729144e-17 4.415588e-15 3.525061e-20 1.396230e-53 1.446937e-13 4.647372e-14 2.929748e-36 0.000000e+00 5.279320e-179 2.551790e-17 9.194562e-03
9.311897e-06 1.666139e-08 1.207523e-04 1.368357e-06 3.028680e-06 2.022885e-05 2.253780e-14 1.115177e-19 9.150514e-16 1.634264e-13 9.465015e-09 3.681947e-29 1.921088e-14 3.013624e-21 1.268298e-23 7.990939e-15 1.302168e-19 4.059877e-13 4.952316e-05 3.793469e-04 3.157658e-22 9.244581e-10 4.634281e-16 4.224980e-18 4.253352e-14 6.517962e-17 1.997120e-01 5.405220e-16 1.165453e-19 3.314374e-22 7.095341e-09 9.356830e-21 1.053253e-10 5.987879e-17 2.357777e-16 5.234371e-12 1.430621e-20 7.905506e-01 1.117929e-15 4.075471e-08 3.442838e-23 4.091639e-24 4.020061e-24 6.438839e-28 1.201135e-15 9.066279e-18 1.570341e-14 5.723600e-12 4.344094e-09 3.531475e-25 5.019505e-22 2.175558e-19 2.156152e-15 9.909568e-13 5.246339e-08 4.433677e-18 2.793897e-13 5.097512e-12 8.537732e-13 1.488770e-16 5.461963e-17 2.647074e-19 0.000000e+00 1.066953e-10 1.095912e-19 4.027877e-28 2.855341e-13 4.640536e-35 4.595290e-24 0.000000e+00 1.805744e-09 0.000000e+00 1.374187e-27 1.540924e-26 0.000000e+00 4.801506e-09 5.309303e-12 2.594783e-19 9.970321e-22 1.093220e-09 4.982280e-13 1.243994e-11 6.289308e-19 3.995136e-12 1.353450e-26 1.154621e-18 3.894510e-19 1.945420e-19 7.509301e-13 6.041158e-18 1.744018e-17 4.383960e-15 3.497234e-20 1.497153e-56 2.190026e-13 1.910017e-14 1.557932e-37 0.000000e+00 4.992673e-181 6.899666e-17 9.163102e-03
8.085092e-06 1.069551e-08 1.225195e-04 5.934345e-07 4.765928e-06 4.564466e-05 4.716859e-15 2.362509e-20 3.578117e-16 2.630941e-14 2.482163e-09 1.130551e-30 2.012931e-15 4.420657e-22 7.291357e-24 4.748760e-16 1.014225e-20 9.078158e-14 6.722590e-05 3.593244e-04 5.689846e-23 2.133086e-10 1.834528e-16 6.708858e-19 1.183549e-14 1.412038e-17 1.994034e-01 3.022313e-16 1.676827e-20 2.084317e-23 4.396813e-09 3.344966e-21 2.201201e-10 6.571037e-18 5.937128e-17 9.957538e-13 4.537862e-21 7.908688e-01 4.366762e-16 2.853273e-08 0.000000e+00 1.843941e-24 0.000000e+00 1.007157e-28 5.111082e-16 1.935401e-18 3.514313e-15 1.392774e-12 2.253407e-09 6.521375e-27 4.750770e-22 2.074958e-19 2.141735e-15 2.235374e-13 6.678994e-08 7.278141e-19 7.223114e-14 2.037272e-12 3.032619e-13 3.421702e-17 9.271459e-17 1.356941e-19 0.000000e+00 2.149954e-10 2.054550e-20 7.446755e-29 9.409001e-14 1.265303e-36 2.181366e-24 0.000000e+00 1.673928e-09 0.000000e+00 1.272423e-27 6.498036e-27 0.000000e+00 1.978936e-09 5.059126e-12 1.373980e-19 1.180048e-21 1.066986e-09 4.942526e-13 1.235447e-11 1.750003e-19 3.957566e-12 4.313148e-28 9.454941e-19 1.958538e-20 3.644863e-21 7.478064e-13 5.485413e-18 1.751647e-17 4.348532e-15 3.466137e-20 8.301229e-60 3.230977e-13 6.751388e-15 9.485765e-39 0.000000e+00 4.723970e-183 1.831092e-16 9.127589e-03
7.019914e-06 8.223496e-09 1.235716e-04 3.063144e-07 7.522035e-06 8.498470e-05 9.450069e-16 4.430056e-21 1.174736e-16 4.521913e-15 5.868669e-10 2.902209e-32 2.797792e-16 8.409189e-23 9.292380e-24 5.500497e-17 1.081877e-21 1.813911e-14 8.655080e-05 3.375070e-04 1.146003e-23 4.142587e-11 6.952807e-17 1.201003e-19 3.075195e-15 2.652626e-18 1.990487e-01 1.598485e-16 2.564667e-21 1.713746e-24 3.275849e-09 1.449566e-21 4.446915e-10 3.982511e-18 1.195423e-17 1.622601e-13 2.531760e-21 7.912227e-01 1.587528e-16 1.942852e-08 1.106682e-28 1.362019e-24 4.730707e-30 1.086637e-29 2.571094e-16 4.247808e-19 6.706594e-16 4.254299e-13 1.103622e-09 9.341742e-29 4.299187e-22 1.894327e-19 2.126679e-15 4.480004e-14 7.095238e-08 1.689757e-19 1.691538e-14 7.782678e-13 9.582380e-14 7.017769e-18 1.542492e-16 1.198908e-19 0.000000e+00 3.446470e-10 8.148857e-21 9.929097e-30 2.750598e-14 2.701491e-38 2.091156e-24 0.000000e+00 1.518887e-09 0.000000e+00 1.166599e-27 2.248595e-27 0.000000e+00 8.060366e-10 4.636729e-12 8.650286e-20 1.326075e-21 1.038035e-09 4.898087e-13 1.227356e-11 7.005932e-20 3.915919e-12 3.216735e-29 8.116721e-19 1.217296e-21 6.433106e-23 7.443143e-13 4.974193e-18 1.750325e-17 4.308998e-15 3.431514e-20 4.331460e-63 4.634026e-13 2.090452e-15 3.494282e-39 0.000000e+00 4.463702e-185 4.732868e-16 9.087976e-03
6.095068e-06 6.703555e-09 1.239636e-04 2.014402e-07 1.178898e-05 1.467235e-04 1.777258e-16 7.754030e-22 3.251554e-17 7.492407e-16 1.264170e-10 6.599211e-34 4.057957e-17 1.638250e-23 1.261917e-23 7.554149e-18 1.257766e-22 3.274669e-15 1.070329e-04 3.143848e-04 2.280624e-24 7.337267e-12 3.840738e-17 2.189241e-20 7.440291e-16 4.465101e-19 1.986394e-01 8.323600e-17 3.815319e-22 1.474299e-25 2.603935e-09 7.299154e-22 8.918539e-10 5.963750e-18 2.017384e-18 2.396074e-14 2.102221e-21 7.916129e-01 5.403722e-17 1.330689e-08 2.301074e-32 9.963482e-25 0.000000e+00 0.000000e+00 1.392800e-16 8.991626e-20 1.114019e-16 1.457832e-13 5.123551e-10 1.055013e-30 3.869900e-22 1.711483e-19 2.111205e-15 8.059453e-15 7.042555e-08 4.742406e-20 3.614782e-15 2.955987e-13 2.902634e-14 1.299473e-18 2.506186e-16 1.257532e-19 0.000000e+00 4.943717e-10 4.480551e-21 1.130310e-30 7.191509e-15 4.757342e-40 2.547973e-24 0.000000e+00 1.342037e-09 0.000000e+00 1.057998e-27 6.452048e-28 0.000000e+00 3.387629e-10 4.079812e-12 5.628707e-20 1.425924e-21 1.006359e-09 4.848613e-13 1.219255e-11 3.205385e-20 3.869981e-12 3.005026e-30 7.247133e-19 4.987011e-22 1.117937e-24 7.404215e-13 4.526985e-18 1.738013e-17 4.265052e-15 3.393110e-20 8.682300e-64 6.488939e-13 5.789010e-16 3.351044e-39 0.000000e+00 4.221545e-187 1.143717e-15 9.043585e-03
5.292068e-06 5.447134e-09 1.236352e-04 1.515548e-07 1.789724e-05 2.493631e-04 3.024659e-17 1.108527e-22 7.568757e-18 1.137498e-16 2.507120e-11 1.122437e-35 5.539148e-18 2.942953e-24 1.574989e-23 9.920044e-19 1.422868e-23 5.401203e-16 1.282798e-04 2.903767e-04 4.222204e-25 1.201888e-12 3.948620e-17 3.828699e-21 1.681929e-16 6.625982e-20 1.981605e-01 4.811543e-17 5.260441e-23 1.222737e-26 2.042436e-09 4.206198e-22 2.024741e-09 1.068756e-17 3.173556e-19 3.629878e-15 2.313003e-21 7.920352e-01 1.733960e-17 9.436489e-09 0.000000e+00 6.264048e-25 0.000000e+00 0.000000e+00 7.697782e-17 2.040729e-20 1.653992e-17 5.336155e-14 2.265370e-10 9.908406e-33 3.316279e-22 1.479328e-19 2.095593e-15 1.319657e-15 7.232699e-08 1.493679e-20 7.111085e-16 1.147286e-13 9.923367e-15 2.275464e-19 3.957123e-16 1.271605e-19 8.122078e-25 6.614627e-10 2.485324e-21 8.456892e-32 1.697776e-15 5.140480e-42 3.441702e-24 1.037797e-30 1.146282e-09 1.221466e-42 9.481782e-28 1.562003e-28 1.456008e-25 1.460759e-10 3.439092e-12 3.593940e-20 1.373492e-21 9.719702e-10 4.793764e-13 1.210856e-11 1.467185e-20 3.819563e-12 2.591164e-31 6.679695e-19 5.025453e-22 1.851592e-26 7.360927e-13 4.165013e-18 1.712582e-17 4.216398e-15 3.350684e-20 3.289224e-64 8.845583e-13 1.451256e-16 3.411235e-39 0.000000e+00 3.986366e-189 2.569330e-15 8.994509e-03
4.594859e-06 4.231518e-09 1.226191e-04 1.139113e-07 2.597478e-05 4.341591e-04 4.491118e-18 1.383182e-23 1.486825e-18 1.547265e-17 4.637564e-12 1.513151e-37 6.844467e-19 4.706317e-25 1.862840e-23 1.167075e-19 1.518943e-24 8.251776e-17 1.499274e-04 2.658727e-04 7.054912e-26 1.761383e-13 5.282937e-17 6.177731e-22 3.581681e-17 9.091792e-21 1.975840e-01 3.695843e-17 7.294680e-24 9.802272e-28 1.495566e-09 2.753909e-22 7.745020e-09 3.010495e-17 6.323389e-20 7.789644e-16 4.359195e-21 7.924775e-01 5.295171e-18 6.992841e-09 0.000000e+00 3.611156e-25 0.000000e+00 0.000000e+00 4.148893e-17 7.336212e-21 2.430199e-18 2.011014e-14 9.604692e-11 8.412182e-35 2.839809e-22 1.274825e-19 2.080043e-15 1.998249e-16 7.952916e-08 5.022296e-21 1.303082e-16 4.521844e-14 6.733329e-15 3.171688e-20 6.066931e-16 1.153232e-19 1.345677e-25 8.406510e-10 1.211026e-21 3.225838e-33 3.617940e-16 2.505760e-44 6.857584e-24 1.474160e-31 9.371311e-10 1.586722e-43 8.388528e-28 3.241455e-29 2.404489e-26 6.048047e-11 2.770225e-12 2.100216e-20 1.172330e-21 9.349165e-10 4.733189e-13 1.201925e-11 6.267439e-21 3.764448e-12 1.753431e-32 6.294412e-19 4.853079e-22 2.768429e-28 7.312866e-13 3.902409e-18 1.672670e-17 4.162727e-15 3.303988e-20 1.096841e-64 1.180947e-12 3.353998e-17 5.218692e-39 0.000000e+00 3.769934e-191 5.191574e-15 8.939746e-03
3.989505e-06 3.210986e-09 1.210192e-04 8.134887e-08 3.593099e-05 7.595339e-04 5.968476e-19 1.578132e-24 2.516405e-19 1.944710e-18 8.086788e-13 1.731737e-39 8.822352e-20 7.716464e-26 2.045692e-23 1.263091e-20 1.555214e-25 1.180800e-17 1.716830e-04 2.411862e-04 1.096310e-26 2.381700e-14 7.110283e-17 9.345392e-23 7.233078e-18 1.162861e-21 1.968702e-01 3.927886e-17 1.019860e-24 1.042398e-28 1.038412e-09 2.007429e-22 4.826624e-08 1.307645e-16 2.126588e-20 3.078472e-16 1.342957e-20 7.929215e-01 1.556652e-18 5.383754e-09 0.000000e+00 2.004562e-25 0.000000e+00 0.000000e+00 2.205074e-17 4.158791e-21 7.112371e-19 8.263368e-15 3.933682e-11 1.463676e-36 2.408346e-22 1.090736e-19 2.064650e-15 2.838088e-17 9.241872e-08 1.862913e-21 2.247335e-17 1.824944e-14 1.349589e-14 0.000000e+00 8.830919e-16 9.258123e-20 0.000000e+00 9.957306e-10 5.232909e-22 6.606967e-35 6.964326e-17 0.000000e+00 1.960991e-23 0.000000e+00 7.510599e-10 7.047829e-45 7.316315e-28 5.772733e-30 1.433110e-27 2.350417e-11 2.131874e-12 1.179750e-20 8.802172e-22 8.952191e-10 4.666409e-13 1.192247e-11 2.596565e-21 3.704290e-12 9.701966e-34 6.019188e-19 3.201433e-22 3.996854e-30 7.259472e-13 3.741460e-18 1.618031e-17 4.103622e-15 3.252685e-20 2.962994e-65 1.545240e-12 7.225577e-18 1.176222e-38 0.000000e+00 3.568448e-193 9.511587e-15 8.878744e-03
3.463904e-06 2.434088e-09 1.190119e-04 5.536314e-08 4.758883e-05 1.306170e-03 8.558418e-20 7.317177e-25 3.810585e-20 2.339779e-19 1.343834e-13 9.056199e-41 2.232881e-20 2.446780e-26 2.122952e-23 1.275283e-21 1.559859e-26 1.600556e-18 1.933419e-04 2.165409e-04 1.645770e-27 3.065729e-15 9.136652e-17 1.394289e-23 1.396049e-18 1.420743e-22 1.959660e-01 4.940737e-17 4.943134e-25 9.461113e-26 7.004542e-10 1.590297e-22 2.957678e-07 5.426274e-16 9.858171e-21 1.755701e-16 4.127744e-20 7.933404e-01 4.584448e-19 4.216430e-09 0.000000e+00 1.224250e-25 0.000000e+00 0.000000e+00 1.164181e-17 2.321437e-21 8.303369e-19 3.879138e-15 1.581392e-11 3.357315e-37 2.058008e-22 9.392660e-20 2.049390e-15 3.830631e-18 1.097850e-07 7.877838e-22 3.693106e-18 7.561835e-15 3.581661e-14 0.000000e+00 1.212975e-15 6.757074e-20 0.000000e+00 1.100168e-09 2.107108e-22 3.432809e-36 1.213174e-17 0.000000e+00 5.098895e-23 0.000000e+00 6.145399e-10 0.000000e+00 6.281485e-28 9.065766e-31 0.000000e+00 8.657252e-12 1.576988e-12 6.743617e-21 6.026853e-22 8.529360e-10 4.592906e-13 1.181631e-11 1.095232e-21 3.638683e-12 4.726503e-35 5.808544e-19 1.135976e-22 9.541136e-32 7.200094e-13 3.674153e-18 1.549488e-17 4.038625e-15 3.196411e-20 7.474714e-66 1.987860e-12 1.469000e-18 2.580909e-38 0.000000e+00 3.383631e-195 1.595319e-14 8.810481e-03
3.007548e-06 1.872947e-09 1.167614e-04 3.658596e-08 6.080789e-05 2.174176e-03 9.591769e-20 4.510777e-24 5.378231e-21 2.769434e-20 2.148742e-14 4.952983e-40 1.576179e-20 2.126065e-26 2.093600e-23 1.329082e-22 1.551498e-27 2.075611e-19 2.148028e-04 1.920542e-04 2.506416e-28 3.871217e-16 1.121569e-16 1.935912e-24 2.594393e-19 1.676345e-23 1.948063e-01 6.397860e-17 2.593478e-25 7.271944e-30 4.693953e-10 1.339061e-22 1.463098e-06 1.808067e-15 5.947349e-21 1.133978e-16 1.054800e-19 7.936995e-01 1.638157e-19 3.368072e-09 0.000000e+00 7.977276e-26 0.000000e+00 0.000000e+00 6.326242e-18 1.074374e-21 1.320173e-18 2.138223e-15 6.576472e-12 1.467876e-37 1.778444e-22 8.169879e-20 2.034136e-15 4.966845e-19 1.300630e-07 3.878770e-22 5.876575e-19 3.259794e-15 8.673759e-14 0.000000e+00 1.584745e-15 4.656958e-20 0.000000e+00 1.151102e-09 8.396776e-23 3.083126e-36 1.920905e-18 0.000000e+00 1.043751e-22 0.000000e+00 5.299623e-10 0.000000e+00 5.299413e-28 1.308297e-31 0.000000e+00 3.103957e-12 1.137722e-12 4.110908e-21 3.916721e-22 8.081441e-10 4.512086e-13 1.169895e-11 4.857183e-22 3.567147e-12 2.193409e-36 5.634914e-19 3.256357e-23 5.070872e-32 7.133959e-13 3.685303e-18 1.468576e-17 3.967214e-15 3.134749e-20 1.889377e-66 2.518719e-12 2.847358e-19 4.751447e-38 0.000000e+00 3.213658e-197 2.488938e-14 8.733945e-03
2.611316e-06 1.472216e-09 1.143908e-04 2.387833e-08 7.552933e-05 3.483163e-03 5.287365e-19 3.025053e-23 7.653052e-22 3.292983e-21 3.336120e-15 1.474305e-38 1.474658e-20 2.407895e-26 1.952164e-23 1.492099e-23 1.535370e-28 2.599280e-20 2.359848e-04 1.678247e-04 4.338982e-29 4.975434e-17 1.326038e-16 2.744053e-25 4.677072e-20 2.201913e-24 1.933147e-01 8.036897e-17 2.746924e-25 3.088934e-30 3.167243e-10 1.177661e-22 5.783641e-06 4.856796e-15 1.538530e-20 7.773787e-17 2.233837e-19 7.939542e-01 1.094444e-19 2.754764e-09 0.000000e+00 6.547251e-26 0.000000e+00 0.000000e+00 3.701591e-18 4.191176e-22 1.953445e-18 1.347826e-15 3.351858e-12 6.908637e-38 1.542826e-22 7.139825e-20 2.018701e-15 6.247571e-20 1.520164e-07 2.170477e-22 9.323647e-20 1.480676e-15 1.853369e-13 4.362914e-21 1.995405e-15 3.125324e-20 9.408981e-27 1.161624e-09 3.466494e-23 4.411378e-36 2.791028e-19 0.000000e+00 1.726160e-22 9.580924e-30 4.835815e-10 4.872222e-49 4.384974e-28 1.887199e-32 0.000000e+00 1.115976e-12 8.179924e-13 2.708687e-21 2.484240e-22 7.609956e-10 4.423361e-13 1.156871e-11 2.287713e-22 3.489209e-12 1.031210e-37 5.481425e-19 1.039292e-23 2.405349e-31 7.060235e-13 3.755917e-18 1.377302e-17 3.888876e-15 3.067300e-20 4.747777e-67 3.145209e-12 5.310653e-20 7.288330e-38 0.000000e+00 3.054949e-199 3.666273e-14 8.648224e-03
2.267286e-06 1.177721e-09 1.119970e-04 1.559001e-08 9.180058e-05 5.379415e-03 2.707555e-18 1.765554e-22 2.261981e-22 4.122957e-22 5.073502e-16 3.538264e-37 1.380891e-20 2.680347e-26 1.753222e-23 2.568821e-24 1.524953e-29 3.171390e-21 2.567971e-04 1.439613e-04 1.137002e-29 7.154406e-18 1.523898e-16 3.896884e-26 8.240825e-21 2.113798e-25 1.913993e-01 9.664275e-17 3.000839e-25 1.455754e-30 2.160699e-10 1.068017e-22 1.882687e-05 1.088804e-14 1.330492e-19 5.658161e-17 4.034140e-19 7.940457e-01 1.267325e-19 2.311004e-09 0.000000e+00 5.649570e-26 0.000000e+00 0.000000e+00 2.471424e-18 1.542196e-22 2.671926e-18 9.295076e-16 2.704650e-12 3.612330e-38 1.358835e-22 6.322481e-20 2.002823e-15 7.687550e-21 1.735892e-07 1.313774e-22 1.571498e-20 7.080308e-16 3.554452e-13 0.000000e+00 2.453469e-15 2.086715e-20 4.569990e-27 1.148303e-09 1.511293e-23 0.000000e+00 3.749193e-20 0.000000e+00 2.423400e-22 1.194102e-25 4.582023e-10 0.000000e+00 3.551175e-28 5.642473e-33 0.000000e+00 4.088917e-13 5.988543e-13 1.879412e-21 1.578906e-22 7.117119e-10 4.326142e-13 1.142387e-11 1.141644e-22 3.404391e-12 5.219892e-39 5.337055e-19 3.889912e-24 1.092678e-30 6.977999e-13 3.865319e-18 1.277917e-17 3.803089e-15 2.993666e-20 1.321134e-67 3.879303e-12 9.628269e-21 9.881128e-38 0.000000e+00 2.907321e-201 5.155209e-14 8.551961e-03
1.968580e-06 9.515061e-10 1.096480e-04 1.027997e-08 1.097852e-04 8.034232e-03 1.179669e-17 9.318131e-22 3.871703e-22 6.841531e-23 7.614654e-17 6.438763e-36 1.272723e-20 2.885369e-26 1.564681e-23 9.476803e-25 1.543947e-30 3.798559e-22 2.770829e-04 1.206364e-04 5.800587e-30 1.632603e-18 1.716385e-16 5.575670e-27 1.428334e-21 0.000000e+00 1.889531e-01 1.115614e-16 3.254728e-25 7.326905e-31 1.491601e-10 9.893262e-23 5.222075e-05 2.110705e-14 1.001631e-18 4.517408e-17 6.404405e-19 7.938997e-01 1.623798e-19 1.992860e-09 2.605212e-25 5.957669e-26 2.414618e-26 2.985514e-22 1.981448e-18 6.960546e-23 3.476055e-18 6.804141e-16 3.264530e-12 2.281227e-38 1.239864e-22 5.800002e-20 1.986185e-15 9.309693e-22 1.916412e-07 8.422303e-23 3.171429e-21 3.529911e-16 6.241376e-13 0.000000e+00 2.976207e-15 1.406854e-20 0.000000e+00 1.123848e-09 6.972227e-24 0.000000e+00 4.658719e-21 0.000000e+00 3.022544e-22 0.000000e+00 4.405960e-10 8.194148e-50 2.807521e-28 9.796450e-33 0.000000e+00 1.529978e-13 4.520484e-13 1.323067e-21 1.029485e-22 6.605358e-10 4.219737e-13 1.126249e-11 6.007117e-23 3.312146e-12 3.585785e-40 5.194566e-19 1.677669e-24 4.220973e-30 6.886153e-13 3.992755e-18 1.172668e-17 3.709247e-15 2.913388e-20 4.770809e-68 4.739426e-12 1.713354e-21 1.280012e-37 0.000000e+00 2.771227e-203 6.994420e-14 8.443351e-03
1.709227e-06 7.759108e-10 1.073530e-04 6.869819e-09 1.296953e-04 1.162448e-02 4.387875e-17 4.260414e-21 9.514104e-22 2.612988e-23 1.134945e-17 8.372078e-35 1.141671e-20 2.962655e-26 1.365730e-23 5.308583e-25 1.609638e-31 4.494297e-23 2.965213e-04 9.819156e-05 4.730724e-30 8.762150e-19 1.901514e-16 8.088027e-28 2.448346e-22 0.000000e+00 1.858674e-01 1.237692e-16 3.402778e-25 3.895050e-31 1.044989e-10 9.293990e-23 1.271438e-04 3.657897e-14 5.726399e-18 4.204808e-17 9.204250e-19 7.934276e-01 1.973099e-19 1.758332e-09 6.021736e-26 4.547985e-26 5.386887e-27 0.000000e+00 1.889092e-18 4.799502e-23 4.296843e-18 5.162303e-16 4.480877e-12 1.553500e-38 1.146494e-22 5.361909e-20 1.968476e-15 1.115618e-22 2.056495e-07 5.607180e-23 8.694808e-22 1.828669e-16 1.018546e-12 0.000000e+00 3.576784e-15 9.620508e-21 0.000000e+00 1.093820e-09 3.421056e-24 1.875460e-35 5.490253e-22 3.970777e-31 3.458183e-22 1.399360e-25 4.248743e-10 0.000000e+00 2.160769e-28 2.448944e-32 0.000000e+00 5.905701e-14 3.518340e-13 9.413815e-22 6.855121e-23 6.082249e-10 4.103529e-13 1.108268e-11 3.310472e-23 3.212003e-12 5.900604e-41 5.049499e-19 8.107142e-25 1.371071e-29 6.783578e-13 4.118293e-18 1.063852e-17 3.606809e-15 2.826067e-20 1.936385e-68 5.730220e-12 3.011688e-22 1.553217e-37 0.000000e+00 2.640518e-205 6.999128e-14 8.321408e-03
1.484044e-06 6.354553e-10 1.051226e-04 4.663549e-09 1.518234e-04 1.634275e-02 1.404727e-16 1.712785e-20 2.130777e-21 2.162566e-23 1.691196e-18 7.922839e-34 1.008608e-20 2.939634e-26 1.181713e-23 3.303213e-25 1.841404e-32 5.288180e-24 3.145997e-04 7.716054e-05 4.965946e-30 8.066499e-19 2.079610e-16 1.205008e-28 4.175207e-23 0.000000e+00 1.820271e-01 1.328300e-16 3.477336e-25 2.157216e-31 7.424170e-11 8.808784e-23 2.781921e-04 5.801783e-14 2.542788e-17 5.154936e-17 1.222254e-18 7.925184e-01 2.232306e-19 1.585391e-09 1.171727e-25 4.014285e-26 1.045122e-26 0.000000e+00 2.008150e-18 4.609642e-23 5.091623e-18 4.017844e-16 6.098177e-12 1.159231e-38 1.077661e-22 5.071179e-20 1.949370e-15 1.330767e-23 2.140610e-07 3.800498e-23 3.198153e-22 9.773454e-17 1.558067e-12 0.000000e+00 4.276274e-15 6.696390e-21 0.000000e+00 1.062060e-09 1.771799e-24 3.639690e-35 7.822611e-23 2.609683e-26 3.716950e-22 0.000000e+00 4.070078e-10 0.000000e+00 1.614344e-28 5.601525e-32 0.000000e+00 2.355834e-14 2.796434e-13 6.670737e-22 4.684900e-23 5.550912e-10 3.977063e-13 1.088260e-11 1.901874e-23 3.103652e-12 2.180313e-41 4.898775e-19 4.290640e-25 3.807286e-29 6.669182e-13 4.223434e-18 9.538315e-18 3.495373e-15 2.731440e-20 9.062511e-69 6.867816e-12 5.274321e-23 1.814025e-37 0.000000e+00 2.513619e-207 5.897477e-14 8.184665e-03
1.288527e-06 5.202387e-10 1.029525e-04 3.218450e-09 1.765378e-04 2.239448e-02 3.909219e-16 6.172378e-20 4.260523e-21 2.351093e-23 2.534471e-19 5.642437e-33 8.872728e-21 2.851557e-26 1.027418e-23 2.128127e-25 2.786529e-33 6.224754e-25 3.307048e-04 5.816647e-05 6.009025e-30 8.914690e-19 2.251599e-16 1.929650e-29 7.120615e-24 0.000000e+00 1.773124e-01 1.389008e-16 3.527741e-25 1.229922e-31 5.339484e-11 8.390690e-23 5.575471e-04 8.576784e-14 9.051631e-17 8.563404e-17 1.523475e-18 7.910354e-01 2.369290e-19 1.459268e-09 0.000000e+00 2.638001e-26 0.000000e+00 9.370655e-24 2.228348e-18 5.200467e-23 5.815400e-18 3.192313e-16 7.954897e-12 1.017981e-38 1.033786e-22 4.848019e-20 1.928511e-15 1.588739e-24 2.157452e-07 2.599262e-23 1.391093e-22 5.346803e-17 2.242534e-12 0.000000e+00 5.101184e-15 4.750099e-21 0.000000e+00 1.030330e-09 9.584953e-25 5.219661e-35 1.170756e-23 7.859617e-32 3.817735e-22 0.000000e+00 3.851597e-10 0.000000e+00 1.167134e-28 1.149045e-31 0.000000e+00 9.671668e-15 2.241733e-13 4.657333e-22 3.295986e-23 5.014504e-10 3.839970e-13 1.066041e-11 1.136527e-23 2.986869e-12 1.091673e-41 4.740161e-19 2.440506e-25 9.201605e-29 6.541831e-13 4.292162e-18 8.448324e-18 3.374618e-15 2.629320e-20 5.033153e-69 8.184148e-12 9.277198e-24 2.089910e-37 0.000000e+00 2.388965e-209 4.871541e-14 8.031555e-03
1.118769e-06 4.247902e-10 1.008186e-04 2.255454e-09 2.042581e-04 2.998561e-02 9.559718e-16 1.993567e-19 7.655088e-21 2.767556e-23 3.839988e-20 3.086566e-32 7.796063e-21 2.716879e-26 8.981640e-24 1.401490e-25 7.163932e-34 7.366948e-26 3.442292e-04 4.180662e-05 7.653496e-30 1.032824e-18 2.417573e-16 3.940281e-30 1.219914e-24 5.697172e-25 1.716085e-01 1.421901e-16 3.434741e-25 7.165537e-32 3.881622e-11 8.008945e-23 1.039250e-03 1.199364e-13 2.663424e-16 1.667555e-16 1.805452e-18 7.888145e-01 2.386103e-19 1.367234e-09 1.092933e-24 5.864967e-26 9.838275e-26 7.633995e-25 2.482505e-18 6.319988e-23 6.379773e-18 2.576876e-16 9.907898e-12 1.215114e-38 1.006306e-22 4.737077e-20 1.905530e-15 1.910797e-25 2.109092e-07 1.934442e-23 6.498129e-23 2.977691e-17 3.040651e-12 1.574954e-19 6.081020e-15 3.429334e-21 4.741889e-25 9.986671e-10 5.379139e-25 8.572140e-35 4.651018e-24 1.190382e-36 3.789925e-22 8.777743e-24 3.593395e-10 1.837649e-44 8.138168e-29 2.127104e-31 6.613907e-26 4.075280e-15 1.794164e-13 3.199869e-22 2.378530e-23 4.479373e-10 3.692050e-13 1.041437e-11 7.067570e-24 2.861589e-12 6.105655e-42 4.572108e-19 1.468839e-25 1.957085e-28 6.400426e-13 4.311725e-18 7.389098e-18 3.244369e-15 2.519656e-20 3.185504e-69 9.745399e-12 1.650311e-24 2.375605e-37 0.000000e+00 2.263781e-211 3.933287e-14 7.860805e-03
9.713753e-07 3.450121e-10 9.869626e-05 1.602518e-09 2.354701e-04 3.931011e-02 2.078697e-15 5.839973e-19 1.248530e-20 3.294344e-23 5.916823e-21 1.345538e-31 6.888197e-21 2.559969e-26 7.936589e-24 9.456607e-26 2.938395e-34 8.804935e-27 3.547061e-04 2.850754e-05 9.648731e-30 1.182000e-18 2.579395e-16 1.406540e-30 2.107931e-25 2.823769e-25 1.648140e-01 1.429599e-16 3.582734e-25 4.236582e-32 2.846942e-11 7.643343e-23 1.823332e-03 1.604590e-13 6.659454e-16 3.294022e-16 2.054259e-18 7.856638e-01 2.302196e-19 1.300828e-09 0.000000e+00 1.257047e-26 0.000000e+00 6.387890e-26 2.729552e-18 7.766228e-23 6.719147e-18 2.106986e-16 1.180665e-11 2.232460e-38 9.935857e-23 4.674646e-20 1.880049e-15 2.347820e-26 1.998854e-07 1.445627e-23 3.119039e-23 1.678222e-17 3.890620e-12 2.667321e-19 7.255690e-15 2.517310e-21 1.021759e-25 9.668480e-10 3.107862e-25 1.382465e-34 3.387129e-24 1.639459e-41 3.669235e-22 0.000000e+00 3.299318e-10 3.277309e-45 5.453671e-29 3.590738e-31 1.493503e-26 1.755602e-15 1.423921e-13 2.156707e-22 1.758827e-23 3.952586e-10 3.533345e-13 1.014296e-11 4.598592e-24 2.727965e-12 3.556053e-42 4.393603e-19 9.243007e-26 3.716806e-28 6.243976e-13 4.273278e-18 6.378916e-18 3.104662e-15 2.402584e-20 2.289164e-69 1.170860e-11 2.992613e-25 2.689630e-37 0.000000e+00 2.136288e-213 3.095999e-14 7.671137e-03
8.434005e-07 2.787037e-10 9.655158e-05 1.150921e-09 2.706822e-04 5.051633e-02 4.066299e-15 1.532576e-18 1.864951e-20 3.826234e-23 9.389099e-22 4.723101e-31 6.082329e-21 2.381785e-26 7.023078e-24 6.492864e-26 1.479458e-34 1.066484e-27 3.619161e-04 1.841505e-05 1.165181e-29 1.305707e-18 2.738320e-16 8.460909e-31 3.686048e-26 2.187249e-25 1.568644e-01 1.412121e-16 2.929990e-25 2.536185e-32 2.104394e-11 7.280869e-23 3.039377e-03 2.073768e-13 1.449547e-15 6.152173e-16 2.263268e-18 7.813702e-01 2.147984e-19 1.250509e-09 1.332199e-25 2.103056e-26 1.157671e-26 5.507683e-27 2.947620e-18 9.278520e-23 6.755293e-18 1.734972e-16 1.348023e-11 5.135789e-38 9.834132e-23 4.622295e-20 1.851710e-15 3.089385e-27 1.842641e-07 9.595449e-24 1.513636e-23 9.537056e-18 4.720139e-12 2.458410e-20 8.670589e-15 1.873934e-21 0.000000e+00 9.339226e-10 1.847537e-25 2.110025e-34 2.794087e-24 2.094858e-46 3.483823e-22 0.000000e+00 2.981909e-10 0.000000e+00 3.500076e-29 5.575691e-31 0.000000e+00 7.744495e-16 1.116148e-13 1.433947e-22 1.322854e-23 3.441726e-10 3.364231e-13 9.845083e-12 3.150990e-24 2.586437e-12 2.087326e-42 4.204178e-19 6.020873e-26 6.342029e-28 6.071731e-13 4.172405e-18 5.433338e-18 2.955831e-15 2.278494e-20 1.719168e-69 1.436280e-11 5.609677e-26 2.981414e-37 0.000000e+00 2.003810e-215 2.372979e-14 7.461938e-03
7.322859e-07 2.241321e-10 9.435755e-05 8.327922e-10 3.104160e-04 6.367005e-02 7.240053e-15 3.536889e-18 2.574458e-20 4.275166e-23 1.615773e-22 1.337291e-30 5.364635e-21 2.185523e-26 6.139166e-24 4.491749e-26 7.978435e-35 1.312654e-28 3.659481e-04 1.133613e-05 1.332280e-29 1.388916e-18 2.896187e-16 6.124917e-31 6.544839e-27 0.000000e+00 1.477558e-01 1.370361e-16 3.410950e-25 1.537172e-32 1.566629e-11 6.913829e-23 4.847746e-03 2.609279e-13 2.804741e-15 1.061871e-15 2.431562e-18 7.757109e-01 1.953008e-19 1.207443e-09 5.319201e-25 3.031950e-26 4.757087e-26 4.920317e-28 3.127736e-18 1.058178e-22 6.460784e-18 1.429062e-16 1.475126e-11 2.078694e-37 9.615517e-23 4.519628e-20 1.820198e-15 5.090414e-28 1.659027e-07 6.812433e-24 7.380767e-24 5.449379e-18 5.474705e-12 2.713887e-21 1.038163e-14 1.410884e-21 3.640011e-25 8.990140e-10 1.132136e-25 2.914684e-34 2.355827e-24 1.083932e-50 3.256170e-22 5.841941e-32 2.654520e-10 9.309134e-45 2.144254e-29 8.036204e-31 6.368869e-26 3.515923e-16 8.620476e-14 9.480600e-23 1.003247e-23 2.954637e-10 3.185544e-13 9.520425e-12 2.280717e-24 2.437833e-12 1.223041e-42 4.003962e-19 4.028017e-26 9.782627e-28 5.883367e-13 4.009343e-18 4.564998e-18 2.798611e-15 2.148114e-20 1.218430e-69 1.815467e-11 1.146239e-26 3.155993e-37 0.000000e+00 1.864326e-217 1.771092e-14 7.233259e-03
6.358102e-07 1.787678e-10 9.212968e-05 6.068637e-10 3.553273e-04 7.873951e-02 1.188599e-14 7.471936e-18 3.333417e-20 4.578083e-23 3.661015e-23 2.329852e-30 4.669236e-21 1.988108e-26 5.395823e-24 3.175757e-26 4.520037e-35 1.645116e-29 3.671790e-04 6.766976e-06 1.446978e-29 1.415295e-18 3.061680e-16 4.477692e-31 1.185552e-27 0.000000e+00 1.375538e-01 1.311510e-16 3.199305e-25 9.377014e-33 1.172400e-11 6.538218e-23 7.439745e-03 3.212129e-13 4.915922e-15 1.697866e-15 2.558956e-18 7.684607e-01 1.735608e-19 1.169605e-09 0.000000e+00 0.000000e+00 0.000000e+00 4.568567e-29 3.265388e-18 1.153680e-22 5.982446e-18 1.176873e-16 1.548384e-11 1.025357e-35 9.407605e-23 4.344724e-20 1.785240e-15 1.388643e-28 1.449697e-07 4.872907e-24 3.584523e-24 3.105738e-18 6.134902e-12 3.008813e-22 1.248316e-14 1.075837e-21 0.000000e+00 8.624877e-10 7.104050e-26 3.833750e-34 2.008007e-24 9.225798e-51 3.015409e-22 0.000000e+00 2.318966e-10 3.214025e-51 1.249699e-29 1.092749e-30 7.917365e-33 1.632324e-16 6.545112e-14 6.166393e-23 7.725328e-24 2.498476e-10 2.998480e-13 9.169325e-12 1.762391e-24 2.283263e-12 7.092892e-43 3.793526e-19 2.753700e-26 1.380993e-27 5.678942e-13 3.788739e-18 3.782417e-18 2.634055e-15 2.012426e-20 8.915076e-70 2.369029e-11 3.108654e-27 3.301217e-37 0.000000e+00 1.719366e-219 1.283737e-14 6.984715e-03
5.520448e-07 1.411638e-10 8.989339e-05 4.450461e-10 4.061408e-04 9.557035e-02 1.821772e-14 1.478094e-17 4.102443e-20 4.709041e-23 1.481693e-23 0.000000e+00 4.242978e-21 1.555855e-26 4.803360e-24 2.308699e-26 2.686167e-35 2.101048e-30 3.661332e-04 4.053581e-06 1.502764e-29 1.384954e-18 3.243027e-16 3.157809e-31 2.210848e-28 6.638612e-27 1.264071e-01 1.241740e-16 3.111997e-25 5.738995e-33 8.807532e-12 6.152553e-23 1.103787e-02 3.886253e-13 7.938604e-15 2.536953e-15 2.649542e-18 7.594017e-01 1.512120e-19 1.133439e-09 0.000000e+00 0.000000e+00 0.000000e+00 4.408327e-30 3.362856e-18 1.206774e-22 5.436512e-18 9.665371e-17 1.560380e-11 9.446438e-34 9.252672e-23 4.673352e-20 1.746620e-15 6.372604e-29 1.225595e-07 3.480658e-24 1.721319e-24 1.753729e-18 6.712017e-12 3.351450e-23 1.509504e-14 8.307652e-22 0.000000e+00 8.242044e-10 4.547330e-26 4.915899e-34 1.731437e-24 1.020944e-50 2.778392e-22 0.000000e+00 1.983088e-10 0.000000e+00 6.902667e-30 0.000000e+00 0.000000e+00 7.704252e-17 4.875514e-14 3.926906e-23 6.052541e-24 2.079111e-10 2.804507e-13 8.792756e-12 1.463226e-24 2.124050e-12 4.075776e-43 3.573852e-19 1.914137e-26 1.812610e-27 5.458888e-13 3.518985e-18 3.089654e-18 2.463453e-15 1.872599e-20 6.955329e-70 3.159743e-11 1.515781e-27 3.466142e-37 0.000000e+00 1.569823e-221 8.994686e-15 6.716627e-03
4.793151e-07 1.103856e-10 8.768327e-05 3.279692e-10 4.636451e-04 1.138840e-01 2.640930e-14 2.758378e-17 4.860203e-20 4.688855e-23 9.710266e-24 4.018595e-25 3.637796e-21 1.907419e-26 4.320615e-24 1.722830e-26 1.668290e-35 2.735794e-31 3.633297e-04 2.561640e-06 1.505438e-29 1.314020e-18 3.446097e-16 2.139945e-31 4.341728e-29 0.000000e+00 1.145469e-01 1.164986e-16 2.805228e-25 3.522035e-33 6.635449e-12 5.757339e-23 1.589160e-02 4.638693e-13 1.200598e-14 3.583678e-15 2.709863e-18 7.483301e-01 1.296539e-19 1.094875e-09 4.061834e-24 1.337261e-25 3.674866e-25 3.685563e-31 3.426449e-18 1.207127e-22 4.880720e-18 7.885451e-17 1.511488e-11 3.133590e-33 9.120832e-23 4.280162e-20 1.704201e-15 3.742524e-29 1.002512e-07 2.470154e-24 8.139948e-25 9.776504e-19 7.228498e-12 3.750820e-24 1.836627e-14 6.486523e-22 1.814309e-25 7.837177e-10 2.966261e-26 5.943576e-34 1.513446e-24 1.089445e-50 2.551486e-22 5.548052e-33 1.658630e-10 9.191421e-46 3.599200e-30 0.000000e+00 9.725028e-27 3.688815e-17 3.558562e-14 2.451911e-23 4.812408e-24 1.701034e-10 2.605410e-13 8.392446e-12 1.299852e-24 1.961757e-12 2.342259e-43 3.346380e-19 1.346902e-26 2.227818e-27 5.224077e-13 3.211324e-18 2.487105e-18 2.288375e-15 1.730010e-20 5.663296e-70 4.241947e-11 1.198952e-27 3.646649e-37 0.000000e+00 1.416543e-223 6.058432e-15 6.430142e-03
4.161673e-07 8.551582e-11 8.554864e-05 2.425423e-10 5.287497e-04 1.333125e-01 3.680528e-14 4.938804e-17 5.633912e-20 4.576298e-23 7.506044e-24 0.000000e+00 3.275630e-21 1.188009e-26 3.927855e-24 1.319473e-26 1.081797e-35 3.635418e-32 3.591769e-04 1.788084e-06 1.473716e-29 1.223980e-18 3.675100e-16 1.404048e-31 9.456264e-30 6.158110e-27 1.022605e-01 1.084885e-16 2.594925e-25 2.165853e-33 5.006789e-12 5.354525e-23 2.226993e-02 5.476644e-13 1.732346e-14 4.867743e-15 2.745953e-18 7.350549e-01 1.097683e-19 1.051638e-09 2.251446e-25 1.351175e-26 1.991217e-26 0.000000e+00 3.462530e-18 1.185890e-22 4.355312e-18 6.374367e-17 1.410151e-11 0.000000e+00 9.009322e-23 4.234906e-20 1.657904e-15 2.396754e-29 7.929909e-08 1.737090e-24 3.780450e-25 5.368236e-19 7.700765e-12 4.218770e-25 2.249499e-14 5.112954e-22 6.775150e-26 7.407818e-10 1.967249e-26 7.567547e-34 1.342614e-24 1.251723e-50 2.336892e-22 0.000000e+00 1.355598e-10 0.000000e+00 1.764505e-30 2.164584e-31 0.000000e+00 1.786398e-17 2.542831e-14 1.501728e-23 3.877887e-24 1.367102e-10 2.403214e-13 7.970780e-12 1.224680e-24 1.798119e-12 1.363752e-43 3.112922e-19 9.574774e-27 2.670405e-27 4.975773e-13 2.878720e-18 1.972011e-18 2.110601e-15 1.586194e-20 4.801164e-70 5.664208e-11 1.120750e-27 3.859009e-37 0.000000e+00 1.261371e-225 3.892271e-15 6.126787e-03
3.613389e-07 6.559040e-11 8.355676e-05 1.798774e-10 6.025796e-04 1.534479e-01 5.043641e-14 8.877614e-17 6.544878e-20 4.453735e-23 6.029202e-24 1.610854e-26 3.261122e-21 1.527817e-26 3.652366e-24 1.045936e-26 7.385657e-36 4.942101e-33 3.539342e-04 1.397668e-06 1.437854e-29 1.133579e-18 3.933594e-16 9.006625e-32 2.492651e-30 6.514568e-27 8.985618e-02 1.005245e-16 2.488086e-25 1.330925e-33 3.775803e-12 4.946907e-23 3.045430e-02 6.403763e-13 2.442703e-14 6.514217e-15 2.761823e-18 7.193921e-01 9.193862e-20 1.003883e-09 0.000000e+00 0.000000e+00 0.000000e+00 0.000000e+00 3.475371e-18 1.159023e-22 3.902200e-18 5.105946e-17 1.270568e-11 0.000000e+00 9.009727e-23 4.225902e-20 1.607682e-15 1.607214e-29 6.040154e-08 1.211713e-24 1.718688e-25 2.894907e-19 8.132567e-12 4.771628e-26 2.776174e-14 4.066439e-22 0.000000e+00 6.954838e-10 1.317452e-26 9.725558e-34 1.207948e-24 1.477503e-50 2.136606e-22 0.000000e+00 1.080324e-10 1.709402e-51 8.096818e-31 2.814360e-30 1.128466e-32 8.679351e-18 1.777779e-14 8.971304e-24 3.179675e-24 1.078318e-10 2.200031e-13 7.530537e-12 1.222426e-24 1.634916e-12 8.181834e-44 2.875492e-19 6.905096e-27 3.233138e-27 4.715474e-13 2.534549e-18 1.538956e-18 1.931986e-15 1.442719e-20 4.546615e-70 7.500331e-11 1.091301e-27 4.219655e-37 0.000000e+00 1.107294e-227 2.353813e-15 5.807992e-03
3.137339e-07 5.003095e-11 8.175792e-05 1.334453e-10 6.862552e-04 1.738617e-01 6.957279e-14 1.600268e-16 7.783448e-20 4.422846e-23 4.964138e-24 2.440709e-25 2.949816e-21 1.734011e-26 3.421177e-24 8.470792e-27 5.230904e-36 6.918816e-34 3.477308e-04 1.200887e-06 1.425304e-29 1.072655e-18 4.213939e-16 5.794239e-32 8.598509e-31 1.021328e-26 7.764554e-02 9.276147e-17 2.753344e-25 8.202646e-34 2.842177e-12 4.537911e-23 4.072629e-02 7.428531e-13 3.450568e-14 8.773180e-15 2.763922e-18 7.011731e-01 7.645527e-20 9.499011e-10 5.423317e-24 1.748587e-25 4.979989e-25 0.000000e+00 3.472447e-18 1.154021e-22 3.493357e-18 4.039179e-17 1.108681e-11 1.487877e-32 9.009110e-23 4.223238e-20 1.553524e-15 1.108855e-29 4.451097e-08 8.347149e-25 7.668337e-26 1.538116e-19 8.515738e-12 5.429586e-27 3.450969e-14 3.251083e-22 3.714547e-25 6.476926e-10 8.924594e-27 1.277861e-33 1.102645e-24 1.821749e-50 1.944701e-22 2.602965e-32 8.410460e-11 5.131835e-45 3.461891e-31 3.653268e-30 6.840831e-26 4.229323e-18 1.216279e-14 5.288200e-24 2.630030e-24 8.340101e-11 1.998044e-13 7.074917e-12 1.261847e-24 1.473954e-12 5.181178e-44 2.636296e-19 5.112066e-27 3.726826e-27 4.444932e-13 2.191539e-18 1.180896e-18 1.754449e-15 1.301181e-20 4.405476e-70 9.885798e-11 1.089974e-27 4.659626e-37 0.000000e+00 9.561519e-230 1.320704e-15 5.476376e-03
2.724008e-07 3.796371e-11 8.024359e-05 9.902788e-11 7.813190e-04 1.941378e-01 9.792647e-14 3.052894e-16 9.631685e-20 4.520546e-23 4.189185e-24 3.363239e-25 3.028087e-21 1.684781e-26 3.297180e-24 7.115641e-27 3.903103e-36 1.023460e-34 3.406144e-04 1.099010e-06 1.451261e-29 1.037243e-18 4.509549e-16 3.736192e-32 3.824419e-31 0.000000e+00 6.591792e-02 8.554840e-17 2.679529e-25 5.057687e-34 2.129520e-12 4.131254e-23 5.335816e-02 8.547912e-13 4.953076e-14 1.207374e-14 2.754448e-18 6.802492e-01 6.316408e-20 8.920858e-10 0.000000e+00 0.000000e+00 0.000000e+00 0.000000e+00 3.456188e-18 1.180515e-22 3.163689e-18 3.163448e-17 9.398920e-12 1.109842e-32 9.176419e-23 4.285591e-20 1.495448e-15 7.915072e-30 3.150632e-08 5.702115e-25 3.353974e-26 8.043466e-20 8.832890e-12 6.222564e-28 4.326945e-14 2.613742e-22 0.000000e+00 5.980117e-10 6.052868e-27 1.850463e-33 1.018291e-24 2.508977e-50 1.763947e-22 0.000000e+00 6.377738e-11 2.292423e-51 1.371851e-31 4.978644e-30 1.475929e-32 2.043919e-18 8.141829e-15 3.049907e-24 2.212932e-24 6.319346e-11 1.799395e-13 6.607393e-12 1.360618e-24 1.316970e-12 3.511029e-44 2.397607e-19 3.945308e-27 4.865184e-27 4.166073e-13 1.860632e-18 8.899434e-19 1.579869e-15 1.163110e-20 4.965414e-70 1.308836e-10 1.116303e-27 5.444058e-37 0.000000e+00 8.117200e-232 6.683764e-16 5.133615e-03
2.365131e-07 2.888789e-11 7.908136e-05 7.337693e-11 8.891847e-04 2.138631e-01 1.392853e-13 5.898472e-16 1.225169e-19 4.730766e-23 3.606314e-24 0.000000e+00 2.444333e-21 1.369517e-26 3.201285e-24 6.091583e-27 3.008129e-36 1.752279e-35 3.325941e-04 1.041334e-06 1.497105e-29 1.025539e-18 4.792955e-16 2.418332e-32 2.006123e-31 1.060405e-26 5.494265e-02 7.904635e-17 2.330652e-25 3.143442e-34 1.586657e-12 3.730833e-23 6.860037e-02 9.770343e-13 7.161791e-14 1.682366e-14 2.740643e-18 6.565089e-01 5.197863e-20 8.297546e-10 1.484210e-23 4.781941e-25 1.393223e-24 0.000000e+00 3.435335e-18 1.235281e-22 2.879025e-18 2.445430e-17 7.762781e-12 0.000000e+00 9.359294e-23 4.375034e-20 1.433527e-15 5.800917e-30 2.156500e-08 3.845142e-25 1.446525e-26 4.167984e-20 9.060362e-12 7.184768e-29 5.469071e-14 2.104794e-22 1.989948e-25 5.468257e-10 4.125741e-27 2.760226e-33 9.513164e-25 3.628038e-50 1.589257e-22 8.251564e-33 4.722804e-11 1.819361e-45 5.011246e-32 7.033556e-30 2.553092e-26 9.795378e-19 5.334280e-15 1.750935e-24 1.873648e-24 4.686600e-11 1.606167e-13 6.131772e-12 1.492433e-24 1.165616e-12 2.541754e-44 2.161761e-19 3.164388e-27 5.942086e-27 3.881039e-13 1.550499e-18 6.580565e-19 1.410078e-15 1.029963e-20 5.779592e-70 1.736051e-10 1.164328e-27 6.521294e-37 0.000000e+00 6.757902e-234 2.950022e-16 4.783016e-03
2.053534e-07 2.200950e-11 7.842481e-05 5.449839e-11 1.012319e-03 2.326598e-01 1.965176e-13 1.262975e-15 1.585433e-19 4.930021e-23 3.083049e-24 0.000000e+00 2.765184e-21 1.930321e-26 3.324051e-24 5.559392e-27 2.512015e-36 4.435188e-36 3.236702e-04 9.902853e-07 1.534820e-29 9.865845e-19 5.046225e-16 1.497782e-32 1.130460e-31 0.000000e+00 4.494350e-02 7.370470e-17 2.427487e-25 1.957157e-34 1.171477e-12 3.340350e-23 8.668281e-02 1.107217e-12 1.023924e-13 2.354858e-14 2.721356e-18 6.298730e-01 4.246202e-20 7.677230e-10 0.000000e+00 0.000000e+00 0.000000e+00 0.000000e+00 3.408333e-18 1.284274e-22 2.719795e-18 1.880005e-17 6.263732e-12 0.000000e+00 1.006195e-22 4.667706e-20 1.367858e-15 4.482324e-30 1.399650e-08 2.590257e-25 6.121100e-27 2.129110e-20 9.171819e-12 8.366205e-30 6.985557e-14 1.705292e-22 2.213921e-25 4.951942e-10 2.761421e-27 4.942118e-33 8.939303e-25 6.282459e-50 1.429728e-22 1.358501e-32 3.384627e-11 3.815070e-45 1.674132e-32 1.021151e-29 5.363234e-26 4.549357e-19 3.417003e-15 9.722043e-25 1.638702e-24 3.398003e-11 1.420224e-13 5.651891e-12 1.756388e-24 1.021321e-12 2.057558e-44 1.930958e-19 2.581888e-27 6.532490e-27 3.592016e-13 1.267216e-18 4.771394e-19 1.246710e-15 9.030027e-21 9.917819e-70 2.284497e-10 1.206493e-27 9.048265e-37 0.000000e+00 5.523788e-236 1.032485e-16 4.425510e-03
1.782989e-07 1.700627e-11 7.835126e-05 4.050539e-11 1.152541e-03 2.501859e-01 2.698319e-13 2.758239e-15 2.038835e-19 5.060431e-23 2.592490e-24 0.000000e+00 2.871112e-21 2.348955e-26 3.553597e-24 5.244891e-27 2.197121e-36 2.002684e-36 3.138338e-04 9.237059e-07 1.527113e-29 9.243544e-19 5.214963e-16 8.906245e-33 6.546757e-32 3.252783e-31 3.609663e-02 6.946202e-17 3.145955e-25 1.236849e-34 8.577853e-13 2.963368e-23 1.077993e-01 1.246348e-12 1.421361e-13 3.250011e-14 2.705973e-18 6.003073e-01 3.454007e-20 7.047773e-10 0.000000e+00 0.000000e+00 0.000000e+00 0.000000e+00 3.386701e-18 1.313593e-22 2.625488e-18 1.431043e-17 4.947834e-12 0.000000e+00 1.104966e-22 5.102416e-20 1.298602e-15 3.601397e-30 8.727551e-09 1.730388e-25 2.565173e-27 1.084327e-20 9.144864e-12 9.822105e-31 8.994972e-14 1.382404e-22 0.000000e+00 4.435858e-10 1.832223e-27 9.383532e-33 8.462847e-25 1.162655e-49 1.278161e-22 5.151728e-33 2.358272e-11 1.751838e-51 5.074243e-33 1.485199e-29 6.356622e-33 2.055673e-19 2.141405e-15 5.368343e-25 1.453500e-24 2.405788e-11 1.243257e-13 5.171740e-12 2.132035e-24 8.853462e-13 1.924270e-44 1.707325e-19 2.076227e-27 8.751139e-27 3.301303e-13 1.014808e-18 3.392305e-19 1.091249e-15 7.833392e-21 2.020144e-69 2.915286e-10 1.227456e-27 1.366476e-36 0.000000e+00 4.416921e-238 2.553735e-17 4.065248e-03
1.548088e-07 1.338442e-11 7.899169e-05 3.018207e-11 1.312592e-03 2.661841e-01 3.589610e-13 6.359988e-15 2.601620e-19 5.079806e-23 2.125649e-24 4.433349e-25 2.594577e-21 2.124821e-26 3.990936e-24 5.187591e-27 2.041935e-36 1.340694e-36 3.030737e-04 8.280569e-07 1.468886e-29 8.306691e-19 5.259926e-16 5.025133e-33 3.823840e-32 2.391569e-34 2.849514e-02 6.646012e-17 3.458931e-25 7.946799e-35 6.223978e-13 2.603233e-23 1.320898e-01 1.392411e-12 1.907549e-13 4.429336e-14 2.696204e-18 5.678307e-01 2.794699e-20 6.436489e-10 1.874406e-23 6.481005e-25 1.910314e-24 0.000000e+00 3.372485e-18 1.311799e-22 2.623631e-18 1.082685e-17 3.835689e-12 0.000000e+00 1.261830e-22 5.799910e-20 1.225985e-15 3.033329e-30 5.200249e-09 1.152123e-25 1.068632e-27 5.528378e-21 8.967388e-12 1.163018e-31 1.166751e-13 1.121689e-22 2.154085e-26 3.928603e-10 1.193140e-27 1.998700e-32 8.043810e-25 2.408056e-49 1.136771e-22 5.149913e-33 1.592270e-11 1.436676e-45 1.381278e-33 2.158502e-29 1.957848e-26 8.968690e-20 1.314659e-15 2.927630e-25 1.318033e-24 1.661155e-11 1.076759e-13 4.695440e-12 2.716762e-24 7.587524e-13 2.256289e-44 1.492881e-19 1.616475e-27 9.726848e-27 3.011315e-13 7.954606e-19 2.365953e-19 9.450054e-16 6.719080e-21 5.534824e-69 3.562191e-10 1.216716e-27 2.351724e-36 0.000000e+00 3.452134e-240 3.664742e-18 3.704792e-03
1.344133e-07 1.074269e-11 8.048573e-05 2.259943e-11 1.495948e-03 2.805094e-01 4.665774e-13 1.660333e-14 3.334953e-19 5.006628e-23 1.699824e-24 2.065118e-25 3.496938e-21 3.853883e-26 4.863954e-24 5.504778e-27 2.065375e-36 1.073782e-36 2.913652e-04 7.036558e-07 1.394157e-29 7.094896e-19 5.160457e-16 2.681490e-33 2.246540e-32 0.000000e+00 2.213246e-02 6.485289e-17 4.018455e-25 5.178788e-35 4.467931e-13 2.262759e-23 1.596478e-01 1.541378e-12 2.496057e-13 6.045708e-14 2.690868e-18 5.324954e-01 2.242680e-20 5.882753e-10 0.000000e+00 0.000000e+00 0.000000e+00 0.000000e+00 3.364161e-18 1.282984e-22 2.763907e-18 8.203560e-18 2.927950e-12 7.047446e-33 1.541566e-22 6.989375e-20 1.150261e-15 2.710073e-30 2.931856e-09 7.716114e-26 4.426775e-28 2.824240e-21 8.642979e-12 1.388957e-32 1.523855e-13 9.120291e-23 0.000000e+00 3.437890e-10 7.509139e-28 5.308893e-32 7.632503e-25 6.111789e-49 1.007890e-22 0.000000e+00 1.035920e-11 0.000000e+00 3.329882e-34 3.170861e-29 0.000000e+00 3.722740e-20 7.945716e-16 1.550916e-25 1.238098e-24 1.116800e-11 9.218857e-14 4.226881e-12 3.746813e-24 6.423040e-13 3.678630e-44 1.289352e-19 1.213142e-27 1.268622e-26 2.724358e-13 6.095833e-19 1.619233e-19 8.089905e-16 5.693813e-21 2.487400e-68 4.160479e-10 1.178602e-27 4.936204e-36 0.000000e+00 2.635620e-242 2.191060e-19 3.346407e-03
1.167049e-07 8.859529e-12 8.287645e-05 1.694464e-11 1.704800e-03 2.930951e-01 6.018654e-13 4.490297e-14 4.326281e-19 4.978831e-23 1.358010e-24 2.345530e-25 3.808812e-21 3.744318e-26 6.049628e-24 5.965180e-27 2.153651e-36 9.225718e-37 2.786821e-04 5.668399e-07 1.347186e-29 6.041327e-19 4.898303e-16 1.428868e-33 1.353598e-32 0.000000e+00 1.692669e-02 6.450048e-17 5.883074e-25 3.452968e-35 3.178275e-13 1.944517e-23 1.904836e-01 1.694042e-12 3.236992e-13 8.377979e-14 2.697311e-18 4.944326e-01 1.788874e-20 5.369443e-10 0.000000e+00 0.000000e+00 0.000000e+00 0.000000e+00 3.370784e-18 1.264964e-22 2.997486e-18 6.194709e-18 2.209839e-12 0.000000e+00 1.914597e-22 8.679338e-20 1.071810e-15 2.507426e-30 1.597632e-09 5.149032e-26 1.842134e-28 1.462671e-21 8.190628e-12 1.670019e-33 1.996532e-13 7.375484e-23 2.163709e-25 2.969617e-10 4.647111e-28 1.507755e-31 7.234894e-25 1.658343e-48 8.851854e-23 3.072105e-34 6.544910e-12 2.595909e-46 7.010206e-35 4.729107e-29 3.301678e-27 1.484527e-20 4.822398e-16 8.242917e-26 1.170641e-24 7.299581e-12 7.796007e-14 3.770123e-12 5.259633e-24 5.365859e-13 7.038864e-44 1.098353e-19 8.767192e-28 1.063274e-26 2.442884e-13 4.562185e-19 1.087745e-19 6.840489e-16 4.762723e-21 1.291700e-67 4.639792e-10 1.141837e-27 1.125193e-35 0.000000e+00 1.955382e-244 4.460062e-21 2.995017e-03
1.013295e-07 7.426746e-12 8.637182e-05 1.276040e-11 1.944943e-03 3.039334e-01 7.969385e-13 1.555492e-13 5.939266e-19 5.098315e-23 1.098541e-24 2.769245e-24 3.113923e-21 3.179417e-26 8.474397e-24 7.101974e-27 2.502632e-36 8.592324e-37 2.650193e-04 4.291960e-07 1.464951e-29 5.038864e-19 4.522974e-16 7.629244e-34 8.483262e-33 0.000000e+00 1.273850e-02 6.584822e-17 4.079366e-25 2.313993e-35 2.226375e-13 1.650498e-23 2.245387e-01 1.839453e-12 4.300513e-13 1.232486e-13 2.703763e-18 4.538410e-01 1.407168e-20 5.002202e-10 1.090670e-22 4.418632e-24 1.318163e-23 0.000000e+00 3.377733e-18 1.279620e-22 3.500152e-18 4.783973e-18 1.663401e-12 2.060773e-32 2.629378e-22 1.167548e-19 9.911104e-16 2.473447e-30 8.127177e-10 3.529369e-26 7.651837e-29 7.637759e-22 7.637860e-12 2.018012e-34 2.634235e-13 5.972580e-23 0.000000e+00 2.530606e-10 2.716700e-28 6.309964e-31 6.761087e-25 6.389217e-48 7.767256e-23 0.000000e+00 3.955931e-12 0.000000e+00 1.255529e-35 7.508322e-29 0.000000e+00 5.505405e-21 3.107723e-16 4.149820e-26 1.161777e-24 4.628165e-12 6.505217e-14 3.329032e-12 8.274930e-24 4.418853e-13 1.933100e-43 9.211758e-20 6.163749e-28 5.665594e-27 2.169278e-13 3.329971e-19 7.169946e-20 5.707198e-16 3.928319e-21 1.391830e-66 5.017478e-10 1.138005e-27 3.369033e-35 0.000000e+00 1.412933e-246 2.060501e-23 2.651529e-03
8.797976e-08 6.386801e-12 9.092029e-05 9.568595e-12 2.216735e-03 3.130113e-01 1.108062e-12 5.423235e-13 8.657127e-19 5.592205e-23 9.381435e-25 0.000000e+00 6.090488e-21 5.917534e-26 1.149220e-23 8.259793e-27 2.852976e-36 8.181066e-37 2.504022e-04 3.096092e-07 1.814388e-29 4.529050e-19 4.045117e-16 4.584744e-34 5.740743e-33 0.000000e+00 9.418746e-03 6.868360e-17 6.401229e-25 1.582466e-35 1.540959e-13 1.382506e-23 2.616372e-01 1.985075e-12 5.995641e-13 1.970679e-13 2.726105e-18 4.110515e-01 1.096002e-20 4.670082e-10 0.000000e+00 0.000000e+00 0.000000e+00 0.000000e+00 3.404624e-18 1.387346e-22 4.161868e-18 3.686363e-18 1.260520e-12 1.257927e-31 3.516815e-22 1.605660e-19 9.088938e-16 2.478531e-30 4.056816e-10 2.402326e-26 3.202479e-29 4.074019e-22 7.015734e-12 2.424585e-35 3.482716e-13 4.772018e-23 0.000000e+00 2.125122e-10 1.578371e-28 2.593089e-30 6.296811e-25 2.453270e-47 6.728146e-23 0.000000e+00 2.331084e-12 0.000000e+00 1.873427e-36 1.269533e-28 0.000000e+00 1.949767e-21 2.404847e-16 2.134241e-26 1.130886e-24 2.841848e-12 5.351185e-14 2.907783e-12 1.256870e-23 3.583580e-13 5.082389e-43 7.590383e-20 4.205827e-28 1.583102e-26 1.906170e-13 2.368127e-19 4.637166e-20 4.694128e-16 3.191916e-21 1.297316e-65 5.240013e-10 1.223184e-27 9.859868e-35 0.000000e+00 9.842753e-249 2.180224e-26 2.322946e-03
7.638878e-08 5.514043e-12 9.701031e-05 7.217444e-12 2.533221e-03 3.203138e-01 1.667178e-12 3.226530e-12 1.424082e-18 6.674392e-23 8.478892e-25 2.394510e-24 5.448004e-21 8.805073e-26 1.994086e-23 1.155513e-26 3.988759e-36 8.817879e-37 2.349046e-04 2.061287e-07 2.968509e-29 3.991229e-19 3.559300e-16 3.288806e-34 4.272992e-33 0.000000e+00 6.814248e-03 7.470610e-17 8.816766e-25 1.063726e-35 1.034333e-13 1.141433e-23 3.015422e-01 2.100813e-12 9.021115e-13 3.695923e-13 2.729003e-18 3.664576e-01 8.264458e-21 4.792658e-10 0.000000e+00 0.000000e+00 0.000000e+00 0.000000e+00 3.407797e-18 1.625464e-22 5.672881e-18 3.133906e-18 9.900351e-13 1.718861e-30 5.797183e-22 2.587896e-19 8.259789e-16 2.750027e-30 1.790302e-10 1.812657e-26 1.322777e-29 2.208985e-22 6.351196e-12 2.825372e-36 4.689491e-13 3.840429e-23 1.481871e-25 1.757346e-10 8.127130e-29 2.410808e-29 5.626630e-25 1.960922e-46 5.897833e-23 6.508991e-33 1.279842e-12 4.928757e-45 2.175199e-37 2.460700e-28 5.898641e-26 5.988041e-22 2.512026e-16 9.609235e-27 1.215611e-24 1.683557e-12 4.333896e-14 2.509896e-12 2.425567e-23 2.857835e-13 2.593976e-42 6.126124e-20 2.841211e-28 2.165699e-26 1.655857e-13 1.637344e-19 2.939620e-20 3.801234e-16 2.551538e-21 5.375436e-64 5.446440e-10 1.598907e-27 4.869295e-34 0.000000e+00 6.684158e-251 2.590820e-30 2.006757e-03
6.632487e-08 4.892382e-12 1.045723e-04 5.426129e-12 2.893376e-03 3.257593e-01 2.726534e-12 2.191841e-11 2.580137e-18 8.852513e-23 8.616868e-25 5.841731e-23 1.305467e-20 2.729425e-25 3.511966e-23 1.626900e-26 5.641037e-36 9.721658e-37 2.186400e-04 1.307320e-07 5.071844e-29 3.854040e-19 3.059191e-16 3.532336e-34 3.784255e-33 0.000000e+00 4.814641e-03 8.301703e-17 4.462583e-24 7.270483e-36 6.778517e-14 9.280144e-24 3.439027e-01 2.202162e-12 1.474130e-12 8.407778e-13 2.738117e-18 3.205954e-01 6.085244e-21 5.244769e-10 0.000000e+00 0.000000e+00 0.000000e+00 0.000000e+00 3.419031e-18 2.112559e-22 7.843092e-18 2.822391e-18 8.176207e-13 1.756428e-29 9.691529e-22 4.367367e-19 7.436252e-16 3.085617e-30 7.540405e-11 1.436057e-26 5.310838e-30 1.229984e-22 5.670686e-12 2.954342e-37 6.386441e-13 3.046603e-23 8.974820e-25 1.428986e-10 4.016788e-29 2.627916e-28 4.944221e-25 1.835746e-45 5.158406e-23 2.051127e-32 6.723949e-13 1.471024e-44 1.850562e-38 5.316121e-28 1.729431e-25 1.636037e-22 3.386808e-16 4.276892e-27 1.301929e-24 9.598386e-13 3.452369e-14 2.139124e-12 4.738428e-23 2.238818e-13 1.415817e-41 4.825054e-20 1.886369e-28 1.806217e-25 1.420827e-13 1.099162e-19 1.827442e-20 3.027622e-16 2.004541e-21 2.588953e-62 5.584158e-10 3.062959e-27 2.602274e-33 0.000000e+00 4.355909e-253 3.054491e-35 1.711265e-03
5.758683e-08 4.628169e-12 1.141738e-04 4.140565e-12 3.310899e-03 3.292486e-01 5.833374e-12 2.749299e-10 6.299250e-18 1.480371e-22 1.069031e-24 1.467235e-21 1.028521e-20 7.547957e-25 7.403410e-23 2.595648e-26 9.158775e-36 1.125450e-36 2.018025e-04 8.218175e-08 9.609976e-29 4.368162e-19 2.593012e-16 7.002861e-34 4.482316e-33 7.283468e-24 3.342770e-03 9.400976e-17 5.733349e-24 5.194045e-36 4.314349e-14 7.423308e-24 3.881177e-01 2.268127e-12 3.144650e-12 2.475604e-12 2.729250e-18 2.742272e-01 4.376947e-21 6.886649e-10 2.880499e-23 2.013137e-24 5.342398e-24 1.696451e-20 3.408921e-18 3.424332e-22 1.100300e-17 3.027059e-18 7.227619e-13 1.328629e-28 1.885551e-21 7.931864e-19 6.635047e-16 3.553038e-30 2.855956e-11 1.339938e-26 1.989031e-30 7.127363e-23 4.995070e-12 2.297208e-38 8.859546e-13 2.404229e-23 4.362542e-25 1.141181e-10 1.759250e-29 6.500615e-27 4.130160e-25 3.651503e-44 4.597493e-23 4.663852e-33 3.293946e-13 4.389941e-45 9.594913e-40 1.574168e-27 5.171154e-26 3.769927e-23 5.055341e-16 1.787722e-27 1.483844e-24 5.236621e-13 2.702392e-14 1.798846e-12 1.103151e-22 1.721389e-13 1.256266e-40 3.690098e-20 1.256957e-28 1.296799e-24 1.203412e-13 7.149086e-20 1.116037e-20 2.369563e-16 1.546132e-21 3.786981e-60 6.010691e-10 1.358403e-26 2.172274e-32 0.000000e+00 2.739805e-255 2.076549e-41 1.436834e-03
5.000000e-08 5.599820e-12 1.262448e-04 3.370450e-12 3.789079e-03 3.308067e-01 3.453152e-11 1.018076e-08 4.312969e-17 4.792728e-22 1.659041e-24 2.895036e-19 1.767641e-20 6.810342e-23 1.600362e-22 4.185131e-26 1.508031e-35 1.219495e-36 1.847513e-04 6.881061e-08 3.103095e-28 9.903234e-19 2.203052e-16 3.406089e-33 7.050573e-33 0.000000e+00 2.395680e-03 1.012757e-16 1.541227e-23 4.690622e-36 2.818290e-14 5.844653e-24 4.322489e-01 2.366016e-12 1.854131e-11 8.333864e-12 2.716961e-18 2.292587e-01 3.297521e-21 1.057878e-09 3.660240e-25 8.178431e-25 7.682382e-26 2.635784e-22 3.396249e-18 1.062390e-21 1.274976e-17 3.749719e-18 6.527462e-13 6.961093e-28 3.741086e-21 1.297685e-18 5.885520e-16 3.799521e-30 1.077744e-11 1.414595e-26 7.141436e-31 4.405264e-23 4.333262e-12 9.967926e-40 1.194795e-12 1.864725e-23 2.273175e-29 8.948839e-11 7.275106e-30 4.913664e-25 3.244965e-25 2.096775e-42 4.249759e-23 0.000000e+00 1.581275e-13 0.000000e+00 2.056004e-41 1.270608e-26 0.000000e+00 8.657834e-24 7.072052e-16 8.749192e-28 1.679780e-24 2.758217e-13 2.079463e-14 1.493211e-12 2.624274e-22 1.300611e-13 1.207969e-39 2.731189e-20 9.520921e-29 2.243393e-23 1.006517e-13 4.503704e-20 6.745188e-21 1.823071e-16 1.171321e-21 6.640480e-58 1.020271e-09 2.307023e-25 2.416202e-31 0.000000e+00 2.706409e-255 0.000000e+00 1.189914e-03
