PRESS OH H2 H2O H O CH C CH2 CH3 CH4 C2 C2H2 C2H C2H3 C2H4 C2H5 C2H6 CO CO2 CH2OH H2CO HCO CH3O CH3OH CH3CO O2 H2CCO HCCO CH3O2 HO2 CH3OOH N NH CN HCN NH2 N2 NH3 NO N2H2 N2H N2H3 N2H4 HNO H2CN HNCO NO2 N2O C4H2 CH2NH2 CH2NH CH3NH2 CH3CHO O3 NO3 HNO3 HNO2 NCO N2O5 S SH S2 SO H2S CS COS CS2 NS HS2 SO2 S4 S8 HCS S3 H2O2 SO3 HSO3 HSO H2SO4 HC3N CH3CN CH2CN C2H3CN CH3SH CH3S C3H3 C3H2 C3H4 C6H5 C6H6 C4H3 C4H5 S2O O_1 CH2_1 N_2D He H2O_l_s H2SO4_l
1.000000e+00 1.629918e-16 3.514498e-05 8.932727e-03 3.727075e-22 2.498560e-19 1.483927e-34 0.000000e+00 4.963101e-28 7.824427e-16 1.491502e-04 3.387720e-59 4.109998e-15 8.635266e-42 3.161264e-28 2.265727e-08 1.808798e-13 9.553085e-09 5.830684e-07 3.996746e-04 6.775138e-29 2.149803e-08 5.517414e-23 3.626928e-19 5.018752e-13 2.241984e-20 1.999955e-01 2.784686e-15 6.255075e-13 7.230049e-13 2.195985e-12 1.329584e-08 5.567809e-28 3.598642e-27 5.045269e-31 5.414348e-11 7.772644e-18 7.904000e-01 6.203697e-09 1.193101e-11 3.178097e-16 5.701140e-27 9.671963e-17 2.115091e-14 4.026393e-16 2.835482e-21 1.778089e-13 4.533698e-09 8.705607e-05 9.116925e-17 4.704709e-15 4.061462e-15 1.827276e-10 3.632925e-14 1.592894e-09 6.498585e-13 1.224553e-10 2.185722e-14 2.678929e-23 2.131798e-12 6.043202e-28 8.176101e-17 1.455783e-15 3.148365e-20 2.430638e-13 9.542989e-28 6.438898e-10 5.485081e-18 6.369244e-19 3.424304e-17 3.716688e-10 3.491384e-18 1.349464e-15 2.683287e-35 2.238025e-17 2.289291e-08 7.130486e-21 8.020720e-25 5.700383e-08 3.296065e-15 2.104540e-13 4.132841e-11 4.552566e-12 1.248218e-12 1.738197e-14 2.117158e-24 6.442780e-18 8.950036e-13 1.282035e-12 4.022581e-24 7.581943e-16 7.806265e-15 7.499300e-19 6.435429e-31 6.795553e-25 3.013291e-30 1.109723e-50 0.000000e+00 0.000000e+00 1.950545e-23
8.682540e-01 1.771783e-16 3.523343e-05 6.446550e-03 4.352396e-22 3.103094e-19 1.356038e-33 3.512070e-42 5.178669e-28 8.173202e-16 1.495175e-04 2.936486e-62 4.124804e-15 4.535966e-42 2.665973e-28 2.271405e-08 1.813077e-13 9.577336e-09 5.868874e-07 4.005586e-04 7.338678e-29 2.127740e-08 6.529641e-23 3.728117e-19 5.036184e-13 3.314801e-20 2.004972e-01 2.791698e-15 6.270813e-13 8.761702e-13 2.672147e-12 1.332789e-08 0.000000e+00 2.719541e-27 5.103650e-31 5.428254e-11 8.577990e-18 7.923829e-01 6.213345e-09 9.078199e-12 3.183597e-16 6.119433e-27 9.841057e-17 2.120337e-14 4.166098e-16 2.840771e-21 1.782605e-13 4.042891e-09 8.727353e-05 9.139489e-17 4.767844e-15 4.071703e-15 1.831875e-10 3.653623e-14 2.021378e-09 6.788605e-13 6.199961e-10 2.115747e-14 3.511183e-23 4.514628e-12 1.074547e-27 1.237396e-16 1.474673e-15 6.240501e-20 6.899132e-15 1.169654e-27 6.451448e-10 5.498771e-18 6.385580e-19 5.484878e-17 3.717658e-10 4.099025e-18 1.352867e-15 3.660129e-35 2.244017e-17 2.294766e-08 1.071060e-20 9.061634e-25 5.713688e-08 7.294850e-15 2.109842e-13 4.142340e-11 4.563840e-12 1.251360e-12 1.750377e-14 3.584413e-24 6.474474e-18 8.972563e-13 1.285268e-12 4.079689e-24 7.600858e-16 7.825972e-15 7.518262e-19 6.450982e-31 1.101364e-24 4.652407e-30 4.905471e-51 0.000000e+00 2.027302e-05 2.267553e-21
7.538651e-01 2.304067e-16 3.527773e-05 5.212426e-03 5.671279e-22 3.833761e-19 8.917218e-33 5.342465e-32 5.537764e-28 1.028034e-15 1.496961e-04 9.932653e-61 4.139843e-15 3.001250e-42 2.739798e-28 2.274215e-08 1.947873e-13 9.589814e-09 5.900309e-07 4.009651e-04 9.575589e-29 2.086008e-08 8.262284e-23 4.653799e-19 5.052638e-13 5.710763e-20 2.007463e-01 2.795225e-15 6.278704e-13 9.911061e-13 2.981002e-12 1.332897e-08 0.000000e+00 2.513633e-27 5.821051e-31 5.435508e-11 1.145525e-17 7.933672e-01 6.214854e-09 9.312879e-12 3.182534e-16 1.055564e-26 1.013579e-16 2.122866e-14 4.408044e-16 2.841223e-21 1.784952e-13 3.567106e-09 8.738090e-05 9.150533e-17 4.882333e-15 4.076875e-15 1.834182e-10 3.686271e-14 2.491378e-09 5.591539e-13 1.093330e-09 2.124219e-14 5.068010e-23 7.008134e-12 1.693861e-27 1.869376e-16 1.519976e-15 1.107594e-19 1.466561e-15 1.427185e-27 6.455392e-10 5.505448e-18 6.394304e-19 8.873446e-17 3.714889e-10 4.064672e-18 1.354589e-15 5.300205e-35 2.247645e-17 2.295685e-08 1.681543e-20 1.219086e-24 5.719585e-08 1.193643e-14 2.112511e-13 4.146650e-11 4.569264e-12 1.252940e-12 1.769249e-14 7.176117e-24 6.492449e-18 8.983873e-13 1.286901e-12 4.126292e-24 7.610148e-16 7.835954e-15 7.527926e-19 6.458282e-31 1.694439e-24 9.245890e-30 3.236845e-51 0.000000e+00 9.130577e-06 1.180118e-19
6.545464e-01 2.925181e-16 3.531881e-05 4.076066e-03 7.255851e-22 4.715766e-19 5.025454e-32 0.000000e+00 5.979149e-28 1.264810e-15 1.498602e-04 0.000000e+00 4.161118e-15 2.005692e-42 2.781427e-28 2.276797e-08 2.089365e-13 9.601676e-09 5.930296e-07 4.013475e-04 1.227234e-28 2.032014e-08 1.010996e-22 5.660948e-19 5.074516e-13 9.425112e-20 2.009756e-01 2.798510e-15 6.286035e-13 1.091367e-12 3.251844e-12 1.331029e-08 8.561414e-28 2.680097e-27 6.480162e-31 5.442416e-11 1.501009e-17 7.942736e-01 6.215934e-09 9.596323e-12 3.179519e-16 1.776460e-26 1.054193e-16 2.125164e-14 4.718290e-16 2.841586e-21 1.787213e-13 3.143942e-09 8.747963e-05 9.160767e-17 5.049193e-15 4.081710e-15 1.836328e-10 3.737885e-14 2.939067e-09 4.425968e-13 1.512518e-09 2.201603e-14 7.051993e-23 1.003892e-11 2.523161e-27 2.801834e-16 1.599652e-15 1.860098e-19 1.979111e-15 1.735191e-27 6.458411e-10 5.511498e-18 6.402924e-19 1.420750e-16 3.713674e-10 3.919560e-18 1.356203e-15 7.549324e-35 2.251547e-17 2.294382e-08 2.691752e-20 1.596540e-24 5.724772e-08 1.708011e-14 2.115001e-13 4.150638e-11 4.574141e-12 1.254410e-12 1.797782e-14 1.398216e-23 6.498245e-18 8.994393e-13 1.288429e-12 4.170755e-24 7.618698e-16 7.845302e-15 7.537033e-19 6.464905e-31 2.471172e-24 1.821368e-29 2.465685e-51 0.000000e+00 8.163836e-06 3.055716e-18
5.683125e-01 3.691621e-16 3.535494e-05 3.085982e-03 9.124322e-22 5.707467e-19 2.456762e-31 0.000000e+00 6.362497e-28 1.523988e-15 1.500025e-04 0.000000e+00 4.189722e-15 1.356227e-42 2.771582e-28 2.279038e-08 2.238822e-13 9.612476e-09 5.958092e-07 4.016898e-04 1.570873e-28 1.969576e-08 1.214403e-22 6.831279e-19 5.102097e-13 1.563802e-19 2.011754e-01 2.801419e-15 6.292504e-13 1.174503e-12 3.476312e-12 1.326843e-08 3.899636e-28 3.087945e-27 7.004783e-31 5.448701e-11 1.943038e-17 7.950633e-01 6.216389e-09 1.000846e-11 3.175110e-16 3.031820e-26 1.103657e-16 2.127151e-14 5.084497e-16 2.843065e-21 1.789312e-13 2.774667e-09 8.756545e-05 9.169769e-17 5.260340e-15 4.086013e-15 1.838222e-10 3.810919e-14 3.332122e-09 3.288566e-13 1.874712e-09 2.342946e-14 9.654001e-23 1.426682e-11 3.634441e-27 4.146700e-16 1.719873e-15 3.015393e-19 2.923290e-15 2.076838e-27 6.460242e-10 5.516650e-18 6.411223e-19 2.252693e-16 3.714328e-10 3.889769e-18 1.357644e-15 1.042189e-34 2.255651e-17 2.290600e-08 4.462401e-20 2.084385e-24 5.728968e-08 2.268691e-14 2.117210e-13 4.154100e-11 4.578258e-12 1.255710e-12 1.836383e-14 2.815590e-23 6.483446e-18 9.003691e-13 1.289790e-12 4.216755e-24 7.626176e-16 7.853639e-15 7.545223e-19 6.470548e-31 3.429281e-24 3.612067e-29 1.936996e-51 0.000000e+00 7.042026e-06 4.196373e-17
4.934396e-01 4.638596e-16 3.538616e-05 2.241640e-03 1.137454e-21 6.825791e-19 1.066306e-30 0.000000e+00 6.767930e-28 1.811611e-15 1.501231e-04 1.179914e-56 4.227230e-15 2.888926e-42 2.738054e-28 2.280939e-08 2.399759e-13 9.622245e-09 5.983523e-07 4.019900e-04 2.010499e-28 1.901904e-08 1.440279e-22 8.206420e-19 5.135995e-13 2.586413e-19 2.013458e-01 2.803955e-15 6.298118e-13 1.242019e-12 3.665592e-12 1.320208e-08 5.710477e-27 3.722091e-27 7.382880e-31 5.454354e-11 2.494261e-17 7.957367e-01 6.216216e-09 1.055349e-11 3.169928e-16 5.218448e-26 1.159985e-16 2.128853e-14 5.503590e-16 2.847025e-21 1.791262e-13 2.455442e-09 8.763840e-05 9.177554e-17 5.506932e-15 4.089790e-15 1.839868e-10 3.908237e-14 3.648479e-09 2.356760e-13 2.182998e-09 2.547151e-14 1.295287e-22 2.006195e-11 5.119738e-27 6.062912e-16 1.886376e-15 4.766641e-19 4.272899e-15 2.453485e-27 6.460903e-10 5.520899e-18 6.419309e-19 3.519051e-16 3.717291e-10 4.002333e-18 1.358915e-15 1.400496e-34 2.260005e-17 2.284344e-08 7.724492e-20 2.712226e-24 5.732164e-08 2.859658e-14 2.119140e-13 4.157026e-11 4.581625e-12 1.256843e-12 1.885213e-14 5.766414e-23 6.442642e-18 9.011777e-13 1.290985e-12 4.264560e-24 7.632613e-16 7.860974e-15 7.552515e-19 6.475211e-31 4.562130e-24 7.367527e-29 1.556022e-51 0.000000e+00 5.972903e-06 3.134698e-16
4.284310e-01 5.898010e-16 3.541190e-05 1.558805e-03 1.396777e-21 7.916884e-19 4.119285e-30 2.686785e-31 6.984864e-28 2.097618e-15 1.502195e-04 0.000000e+00 4.275229e-15 3.972509e-41 2.623239e-28 2.282462e-08 2.577092e-13 9.630857e-09 6.006324e-07 4.022385e-04 2.608450e-28 1.831879e-08 1.706294e-22 9.934836e-19 5.176633e-13 4.540642e-19 2.014836e-01 2.806077e-15 6.302782e-13 1.286594e-12 3.795776e-12 1.311153e-08 0.000000e+00 4.602964e-27 7.353680e-31 5.459275e-11 3.183785e-17 7.962813e-01 6.215306e-09 1.131723e-11 3.164551e-16 9.497630e-26 1.220926e-16 2.130261e-14 5.973809e-16 2.854811e-21 1.793044e-13 2.177101e-09 8.769710e-05 9.183985e-17 5.776256e-15 4.092981e-15 1.841237e-10 4.032364e-14 3.876775e-09 1.511618e-13 2.441394e-09 2.815292e-14 1.717475e-22 2.993007e-11 7.083888e-27 8.734366e-16 2.101368e-15 7.377988e-19 6.153284e-15 2.819731e-27 6.460324e-10 5.524154e-18 6.427184e-19 5.362505e-16 3.722959e-10 4.310463e-18 1.359998e-15 1.809470e-34 2.264612e-17 2.275746e-08 1.424528e-19 3.607712e-24 5.734261e-08 3.424991e-14 2.120760e-13 4.159337e-11 4.584180e-12 1.257789e-12 1.943480e-14 1.315766e-22 6.370557e-18 9.018515e-13 1.291996e-12 4.315028e-24 7.637911e-16 7.867190e-15 7.558797e-19 6.478791e-31 5.819774e-24 1.554473e-28 1.144035e-51 0.000000e+00 4.794112e-06 1.386805e-15
3.719869e-01 7.476460e-16 3.543151e-05 1.055892e-03 1.721020e-21 9.118384e-19 1.417981e-29 1.397797e-30 7.442019e-28 2.419045e-15 1.502890e-04 1.811064e-55 4.335738e-15 5.275702e-40 2.522691e-28 2.283565e-08 2.766837e-13 9.638162e-09 6.026259e-07 4.024249e-04 3.380754e-28 1.762333e-08 2.012592e-22 1.203328e-18 5.224470e-13 7.870362e-19 2.015850e-01 2.807734e-15 6.306383e-13 1.319496e-12 3.912659e-12 1.299938e-08 4.988132e-27 5.742912e-27 7.115419e-31 5.463355e-11 4.044744e-17 7.966824e-01 6.213530e-09 1.224366e-11 3.159665e-16 1.727504e-25 1.284204e-16 2.131361e-14 6.486199e-16 2.867964e-21 1.794636e-13 1.939841e-09 8.773991e-05 9.188899e-17 6.054664e-15 4.095513e-15 1.842296e-10 4.185928e-14 4.011424e-09 9.440573e-14 2.652092e-09 3.138006e-14 2.201037e-22 4.265724e-11 9.685312e-27 1.243000e-15 2.361099e-15 1.123074e-18 8.745079e-15 3.226028e-27 6.458417e-10 5.526308e-18 6.434841e-19 7.757950e-16 3.731831e-10 4.714915e-18 1.360867e-15 2.298674e-34 2.269464e-17 2.265098e-08 2.692597e-19 4.778001e-24 5.735142e-08 3.903007e-14 2.122031e-13 4.160947e-11 4.585835e-12 1.258526e-12 2.009935e-14 2.987535e-22 6.271915e-18 9.023746e-13 1.292800e-12 4.367995e-24 7.641948e-16 7.872149e-15 7.563941e-19 6.481167e-31 7.187410e-24 3.380013e-28 8.535083e-52 0.000000e+00 3.502220e-06 3.882446e-15
3.229791e-01 9.698897e-16 3.544691e-05 6.823472e-04 2.079279e-21 1.000212e-18 4.339227e-29 0.000000e+00 7.682253e-28 2.652810e-15 1.503388e-04 0.000000e+00 4.414959e-15 5.224298e-39 2.279787e-28 2.284359e-08 2.964565e-13 9.644823e-09 6.044301e-07 4.025667e-04 4.486229e-28 1.692322e-08 2.398054e-22 1.481643e-18 5.282951e-13 1.551377e-18 2.016604e-01 2.809085e-15 6.309268e-13 1.316553e-12 3.945567e-12 1.286375e-08 0.000000e+00 7.295377e-27 6.115566e-31 5.466941e-11 5.088500e-17 7.969803e-01 6.210957e-09 1.348663e-11 3.155997e-16 3.465264e-25 1.350678e-16 2.132294e-14 7.055768e-16 2.889220e-21 1.796179e-13 1.730486e-09 8.777122e-05 9.192787e-17 6.337412e-15 4.097625e-15 1.843147e-10 4.381012e-14 4.063926e-09 4.299186e-14 2.827602e-09 3.518777e-14 2.742740e-22 5.857200e-11 1.310730e-26 1.744464e-15 2.667890e-15 1.686124e-18 1.225081e-14 3.564362e-27 6.455275e-10 5.527599e-18 6.442993e-19 1.055152e-15 3.745254e-10 5.382057e-18 1.361605e-15 2.801001e-34 2.274924e-17 2.252263e-08 5.520299e-19 6.611629e-24 5.734977e-08 4.288552e-14 2.123076e-13 4.162036e-11 4.586781e-12 1.259123e-12 2.085745e-14 8.340669e-22 6.142308e-18 9.027972e-13 1.293473e-12 4.422216e-24 7.645141e-16 7.876314e-15 7.568420e-19 6.482616e-31 8.542991e-24 7.523301e-28 5.174392e-52 0.000000e+00 2.432469e-06 8.228347e-15
2.804279e-01 1.250383e-15 3.545844e-05 4.327556e-04 2.531139e-21 1.091253e-18 1.178674e-28 2.981894e-30 8.472865e-28 2.888133e-15 1.503695e-04 3.154643e-54 4.522670e-15 4.004650e-38 2.061024e-28 2.284849e-08 3.157123e-13 9.651143e-09 6.060846e-07 4.026648e-04 5.928932e-28 1.622297e-08 2.847768e-22 1.829081e-18 5.356833e-13 3.054708e-18 2.017108e-01 2.810168e-15 6.311514e-13 1.302356e-12 3.970777e-12 1.270440e-08 4.279899e-33 9.261382e-27 5.035824e-31 5.470155e-11 6.331888e-17 7.971794e-01 6.207417e-09 1.494980e-11 3.154851e-16 6.895461e-25 1.420964e-16 2.133123e-14 7.676252e-16 2.923000e-21 1.797755e-13 1.555647e-09 8.779139e-05 9.195748e-17 6.621817e-15 4.099385e-15 1.843814e-10 4.635277e-14 4.037387e-09 1.937099e-14 2.973714e-09 3.927836e-14 3.262841e-22 7.148164e-11 1.765557e-26 2.419020e-15 3.013864e-15 2.500738e-18 1.690417e-14 3.964455e-27 6.450688e-10 5.527997e-18 6.452262e-19 1.326789e-15 3.765454e-10 6.132111e-18 1.362236e-15 3.393332e-34 2.281356e-17 2.237062e-08 1.146651e-18 9.088542e-24 5.733646e-08 4.639710e-14 2.123926e-13 4.162605e-11 4.586969e-12 1.259599e-12 2.173267e-14 2.321365e-21 5.996483e-18 9.031308e-13 1.294035e-12 4.488743e-24 7.647581e-16 7.879821e-15 7.572400e-19 6.483118e-31 9.901714e-24 1.700108e-27 3.137379e-52 0.000000e+00 1.443214e-06 1.431586e-14
2.434827e-01 1.595411e-15 3.546957e-05 2.453389e-04 3.028369e-21 1.142221e-18 2.921039e-28 0.000000e+00 9.514120e-28 3.016791e-15 1.503876e-04 0.000000e+00 4.721119e-15 2.474929e-37 1.767098e-28 2.285136e-08 3.319264e-13 9.659684e-09 6.080946e-07 4.027446e-04 7.839574e-28 1.532052e-08 3.313955e-22 2.241409e-18 5.483056e-13 6.570693e-18 2.017486e-01 2.811346e-15 6.313841e-13 1.269691e-12 3.932823e-12 1.246613e-08 1.109243e-34 1.185244e-26 3.824631e-31 5.474181e-11 7.811006e-17 7.973289e-01 6.201375e-09 1.646468e-11 3.159559e-16 1.417762e-24 1.518387e-16 2.134224e-14 8.522356e-16 2.992777e-21 1.800046e-13 1.372466e-09 8.780508e-05 9.198730e-17 6.990438e-15 4.101408e-15 1.844510e-10 5.080928e-14 3.908000e-09 8.679723e-15 3.130392e-09 4.410016e-14 3.754951e-22 8.260064e-11 2.375551e-26 3.343154e-15 3.490649e-15 3.770167e-18 2.327678e-14 4.285361e-27 6.442530e-10 5.527360e-18 6.467172e-19 1.595328e-15 3.805504e-10 7.458378e-18 1.362985e-15 4.025086e-34 2.291779e-17 2.213792e-08 2.661427e-18 1.254574e-23 5.730230e-08 5.125843e-14 2.124867e-13 4.162732e-11 4.586192e-12 1.260110e-12 2.306333e-14 7.204439e-21 5.802284e-18 9.034848e-13 1.294687e-12 4.619832e-24 7.650067e-16 7.883909e-15 7.577379e-19 6.482584e-31 1.105778e-23 4.095044e-27 1.665088e-52 0.000000e+00 6.850340e-07 2.457762e-14
2.114048e-01 1.928325e-15 3.548588e-05 9.898331e-05 3.458498e-21 1.102130e-18 6.748528e-28 0.000000e+00 1.051481e-27 3.004220e-15 1.503872e-04 0.000000e+00 5.263848e-15 1.332511e-36 1.405183e-28 2.285101e-08 3.379096e-13 9.678136e-09 6.116301e-07 4.028264e-04 1.020265e-27 1.371774e-08 3.527156e-22 2.596560e-18 5.802673e-13 1.615402e-17 2.017780e-01 2.813391e-15 6.317645e-13 1.235395e-12 3.801075e-12 1.197406e-08 2.306962e-34 1.524307e-26 2.860335e-31 5.482202e-11 9.805133e-17 7.974457e-01 6.187062e-09 1.719027e-11 3.188886e-16 2.886800e-24 1.711651e-16 2.136750e-14 1.003122e-15 3.200362e-21 1.805287e-13 1.113360e-09 8.781141e-05 9.203477e-17 7.682093e-15 4.105158e-15 1.845661e-10 6.235781e-14 3.527858e-09 4.535713e-15 3.359362e-09 4.946533e-14 4.359009e-22 9.394902e-11 3.198262e-26 4.670676e-15 4.325538e-15 6.181169e-18 3.255612e-14 4.597595e-27 6.422515e-10 5.523966e-18 6.504137e-19 1.865354e-15 3.920792e-10 1.046218e-17 1.364420e-15 4.687548e-34 2.317153e-17 2.163403e-08 8.393046e-18 1.679390e-23 5.720228e-08 6.214997e-14 2.126543e-13 4.161979e-11 4.582666e-12 1.260985e-12 2.602832e-14 2.391734e-20 5.491865e-18 9.040816e-13 1.295903e-12 5.053802e-24 7.654139e-16 7.891596e-15 7.587420e-19 6.479447e-31 1.142232e-23 1.233212e-26 7.839021e-53 0.000000e+00 2.072395e-07 4.795396e-14
1.835531e-01 2.245313e-15 3.550920e-05 3.299222e-05 3.821031e-21 9.798044e-19 1.321824e-27 2.147675e-31 1.144276e-27 2.841241e-15 1.503587e-04 0.000000e+00 6.396894e-15 6.538826e-36 1.049146e-28 2.284534e-08 3.332450e-13 9.711360e-09 6.163929e-07 4.029035e-04 1.325208e-27 1.171488e-08 3.487852e-22 2.905523e-18 6.421145e-13 5.252481e-17 2.017912e-01 2.816694e-15 6.323564e-13 1.184578e-12 3.594488e-12 1.124377e-08 5.036653e-34 1.974464e-26 2.129956e-31 5.495825e-11 1.238248e-16 7.974984e-01 6.162546e-09 1.730606e-11 3.273757e-16 5.885519e-24 1.996440e-16 2.141869e-14 1.187389e-15 3.664385e-21 1.815015e-13 8.524589e-10 8.780540e-05 9.210945e-17 8.649604e-15 4.111433e-15 1.847461e-10 8.535785e-14 2.935899e-09 2.941367e-15 3.595926e-09 5.151997e-14 5.192325e-22 1.004495e-10 4.282108e-26 6.455513e-15 5.221737e-15 1.067253e-17 4.490831e-14 5.046526e-27 6.387205e-10 5.516318e-18 6.575958e-19 1.969385e-15 4.168238e-10 1.405274e-17 1.366833e-15 5.432985e-34 2.364722e-17 2.083568e-08 3.189753e-17 2.246381e-23 5.700607e-08 8.152583e-14 2.129286e-13 4.160029e-11 4.574716e-12 1.262385e-12 3.115472e-14 8.710026e-20 5.175542e-18 9.050284e-13 1.297946e-12 5.997377e-24 7.660770e-16 7.904538e-15 7.604938e-19 6.472542e-31 1.078352e-23 3.778107e-26 3.281824e-53 0.000000e+00 3.933321e-08 8.589509e-14
1.593707e-01 2.408841e-15 3.555551e-05 3.305721e-05 3.957638e-21 7.749580e-19 2.176969e-27 5.911160e-32 1.333194e-27 2.542199e-15 1.502809e-04 2.239006e-52 9.174705e-15 3.248164e-35 7.328853e-29 2.282937e-08 3.146773e-13 9.783569e-09 6.240438e-07 4.030119e-04 1.712537e-27 9.060254e-09 2.947749e-22 2.950358e-18 7.823963e-13 2.194763e-16 2.017909e-01 2.823619e-15 6.335800e-13 1.121305e-12 3.285971e-12 1.004730e-08 1.038359e-33 2.562667e-26 1.761712e-31 5.524347e-11 1.615565e-16 7.974986e-01 6.113860e-09 1.600733e-11 3.510661e-16 1.125475e-23 2.477948e-16 2.154314e-14 1.413724e-15 4.879848e-21 1.836574e-13 5.781631e-10 8.778037e-05 9.226850e-17 1.030943e-14 4.124763e-15 1.851186e-10 1.397085e-13 2.121068e-09 2.678064e-15 3.852037e-09 4.703599e-14 6.757246e-22 9.958751e-11 5.667692e-26 8.901274e-15 6.044334e-15 2.059368e-17 6.182500e-14 5.960613e-27 6.316096e-10 5.498533e-18 6.739338e-19 1.919913e-15 4.775980e-10 1.725566e-17 1.371858e-15 6.534003e-34 2.468866e-17 1.940668e-08 3.992850e-17 2.971003e-23 5.657452e-08 1.226139e-13 2.135065e-13 4.155675e-11 4.555739e-12 1.265309e-12 4.247256e-14 3.274963e-19 4.902622e-18 9.070004e-13 1.302294e-12 8.427091e-24 7.675290e-16 7.932059e-15 7.642676e-19 6.457077e-31 8.813636e-24 4.704077e-26 1.309388e-53 0.000000e+00 1.802314e-09 1.494746e-13
1.383743e-01 2.606890e-15 3.562025e-05 3.314046e-05 4.213637e-21 6.336336e-19 3.444076e-27 1.533863e-32 1.691223e-27 2.299117e-15 1.501801e-04 6.048718e-50 1.354028e-14 1.453608e-34 5.308173e-29 2.280736e-08 2.985165e-13 9.884050e-09 6.324482e-07 4.031480e-04 2.258909e-27 6.942463e-09 2.484327e-22 3.046073e-18 9.850800e-13 6.713376e-16 2.017905e-01 2.833335e-15 6.352975e-13 1.042780e-12 3.007595e-12 8.815214e-09 2.124033e-33 3.323587e-26 1.520013e-31 5.563306e-11 2.081059e-16 7.974989e-01 6.052106e-09 1.514718e-11 3.873387e-16 2.120156e-23 3.008440e-16 2.173144e-14 1.600431e-15 6.993747e-21 1.867060e-13 3.991749e-10 8.774666e-05 9.249911e-17 1.216212e-14 4.143445e-15 1.856409e-10 2.237649e-13 1.528745e-09 3.120254e-15 4.018479e-09 4.193472e-14 8.935312e-22 9.364756e-11 7.556950e-26 1.233221e-14 6.530151e-15 3.945384e-17 8.524681e-14 8.371081e-27 6.226608e-10 5.473632e-18 6.972622e-19 1.778527e-15 5.702252e-10 1.828277e-17 1.378655e-15 9.295909e-34 2.612690e-17 1.781071e-08 5.229592e-17 4.101574e-23 5.598464e-08 1.782218e-13 2.143167e-13 4.150163e-11 4.528279e-12 1.269407e-12 6.121118e-14 1.253261e-18 4.814388e-18 9.097657e-13 1.308391e-12 1.264629e-23 7.696725e-16 7.970583e-15 7.695463e-19 6.436311e-31 7.192573e-24 6.160204e-26 5.646431e-54 0.000000e+00 8.774252e-13 2.149603e-13
1.201440e-01 2.884440e-15 3.570924e-05 3.324673e-05 4.848514e-21 6.077361e-19 5.391665e-27 0.000000e+00 2.391051e-27 2.437517e-15 1.500506e-04 8.066909e-48 2.041180e-14 5.984066e-34 4.669760e-29 2.277790e-08 2.960575e-13 1.002075e-08 6.422251e-07 4.033168e-04 3.103040e-27 5.388620e-09 2.158339e-22 3.210452e-18 1.274723e-12 1.365011e-15 2.017900e-01 2.846708e-15 6.376614e-13 9.996203e-13 2.834286e-12 7.580199e-09 3.740767e-33 4.190289e-26 1.566993e-31 5.615780e-11 2.733210e-16 7.974992e-01 5.973692e-09 1.512103e-11 4.380203e-16 3.571147e-23 3.610530e-16 2.200213e-14 1.756033e-15 1.090489e-20 1.909282e-13 2.886964e-10 8.770191e-05 9.282476e-17 1.444624e-14 4.169126e-15 1.863591e-10 3.556155e-13 1.180235e-09 3.731869e-15 4.116478e-09 3.977497e-14 1.169034e-21 8.474021e-11 1.039269e-25 1.768596e-14 7.151217e-15 7.520881e-17 1.214705e-13 1.467971e-26 6.116065e-10 5.439469e-18 7.296741e-19 1.730850e-15 7.074106e-10 1.877088e-17 1.387657e-15 1.669395e-33 2.806811e-17 1.607571e-08 7.132041e-17 5.775762e-23 5.519203e-08 2.526734e-13 2.154308e-13 4.143231e-11 4.489553e-12 1.275041e-12 9.680188e-14 3.687262e-18 4.964479e-18 9.135669e-13 1.316779e-12 2.245735e-23 7.727434e-16 8.023513e-15 7.767815e-19 6.408779e-31 6.412627e-24 8.803254e-26 3.996483e-54 0.000000e+00 3.542945e-16 2.819594e-13
1.043155e-01 3.392058e-15 3.582558e-05 3.337730e-05 6.096252e-21 6.746564e-19 8.281233e-27 0.000000e+00 3.544957e-27 2.909410e-15 1.498912e-04 5.898657e-46 3.092846e-14 2.247472e-33 4.721248e-29 2.274045e-08 3.065588e-13 1.019730e-08 6.537781e-07 4.035236e-04 4.552315e-27 4.374104e-09 2.046887e-22 3.617816e-18 1.671104e-12 2.214456e-15 2.017893e-01 2.864206e-15 6.407534e-13 9.650604e-13 2.733125e-12 6.398262e-09 6.669995e-33 5.252991e-26 1.670793e-31 5.683200e-11 3.558140e-16 7.974997e-01 5.877801e-09 1.648488e-11 5.024519e-16 5.985830e-23 4.298695e-16 2.236091e-14 1.893388e-15 1.856176e-20 1.964780e-13 2.242074e-10 8.764520e-05 9.325931e-17 1.701505e-14 4.202671e-15 1.872980e-10 5.582412e-13 1.015941e-09 4.324315e-15 4.164662e-09 4.299078e-14 1.449429e-21 7.459159e-11 1.497617e-25 2.623966e-14 8.367690e-15 1.415108e-16 1.787940e-13 3.033568e-26 5.986223e-10 5.394975e-18 7.722481e-19 1.761890e-15 8.994832e-10 2.140787e-17 1.398997e-15 3.602157e-33 3.054738e-17 1.429061e-08 1.048346e-16 8.687957e-23 5.417833e-08 3.197244e-10 2.168864e-13 4.134882e-11 4.437979e-12 1.282401e-12 1.656762e-13 1.047836e-17 5.352961e-18 9.185304e-13 1.327745e-12 5.237692e-23 7.768899e-16 8.092664e-15 7.861960e-19 6.373902e-31 6.443412e-24 1.308299e-25 3.755124e-54 0.000000e+00 1.258336e-19 3.492657e-13
9.057237e-02 4.100335e-15 3.596854e-05 3.352940e-05 8.468296e-21 9.148500e-19 1.283363e-26 0.000000e+00 5.674422e-27 4.322767e-15 1.497055e-04 2.563635e-44 4.661905e-14 7.808645e-33 6.128502e-29 2.269558e-08 3.375356e-13 1.041153e-08 6.672228e-07 4.037690e-04 6.883802e-27 3.840743e-09 2.146150e-22 4.181198e-18 2.186295e-12 2.870282e-15 2.017884e-01 2.885731e-15 6.445546e-13 9.929030e-13 2.783103e-12 5.354919e-09 1.148476e-32 6.350931e-26 2.218345e-31 5.764779e-11 4.696128e-16 7.975003e-01 5.766683e-09 1.912268e-11 5.781468e-16 8.471959e-23 5.088267e-16 2.279529e-14 1.995647e-15 3.428363e-20 2.033256e-13 1.901837e-10 8.757746e-05 9.380191e-17 2.015513e-14 4.243844e-15 1.884518e-10 8.587988e-13 9.784671e-10 4.626181e-15 4.177234e-09 5.168608e-14 1.742728e-21 6.451461e-11 2.240247e-25 3.919974e-14 1.060417e-14 2.582442e-16 2.655831e-13 6.859538e-26 5.842963e-10 5.340568e-18 8.247309e-19 2.018243e-15 1.153332e-09 2.638876e-17 1.412352e-15 8.823514e-33 3.350824e-17 1.258149e-08 1.552171e-16 1.280591e-22 5.295887e-08 6.794268e-10 2.186738e-13 4.125362e-11 4.373684e-12 1.291434e-12 2.999450e-13 1.951016e-17 6.102936e-18 9.246192e-13 1.341221e-12 1.372502e-22 7.821175e-16 8.177618e-15 7.976958e-19 6.332201e-31 7.441716e-24 2.088127e-25 6.785574e-54 0.000000e+00 4.301697e-23 4.198106e-13
7.863982e-02 5.105394e-15 3.613992e-05 3.370338e-05 1.243415e-20 1.335026e-18 1.960953e-26 4.739527e-34 9.299232e-27 6.825731e-15 1.494932e-04 7.179667e-43 7.023185e-14 2.517489e-32 8.551851e-29 2.264268e-08 3.801959e-13 1.066556e-08 6.829256e-07 4.040565e-04 1.065079e-26 3.653202e-09 2.490961e-22 5.034933e-18 2.845764e-12 3.365087e-15 2.017873e-01 2.911591e-15 6.491184e-13 1.036609e-12 2.916525e-12 4.457218e-09 3.111132e-32 7.698251e-26 3.043512e-31 5.861261e-11 6.055570e-16 7.975010e-01 5.640320e-09 2.312182e-11 6.642172e-16 1.165343e-22 6.011088e-16 2.329192e-14 2.074053e-15 6.825785e-20 2.115671e-13 1.731171e-10 8.749822e-05 9.446107e-17 2.353842e-14 4.293177e-15 1.898360e-10 1.302195e-12 1.001939e-09 4.815487e-15 4.166547e-09 6.671765e-14 2.059444e-21 5.524056e-11 3.414008e-25 5.732460e-14 1.401606e-14 4.558433e-16 3.871677e-13 1.564060e-25 5.688681e-10 5.275633e-18 8.879570e-19 2.365085e-15 1.482939e-09 3.460427e-17 1.427615e-15 2.260969e-32 3.695053e-17 1.099346e-08 2.347823e-16 1.919248e-22 5.152465e-08 1.075962e-09 2.208166e-13 4.114687e-11 4.295666e-12 1.302259e-12 5.568910e-13 3.481589e-17 7.208642e-18 9.319114e-13 1.357392e-12 3.631000e-22 7.885178e-16 8.279579e-15 8.113975e-19 6.283341e-31 9.206369e-24 3.406152e-25 1.437156e-53 0.000000e+00 1.455091e-26 4.948784e-13
6.827934e-02 6.388130e-15 3.633606e-05 3.389421e-05 1.887400e-20 2.054017e-18 2.973826e-26 1.510561e-34 1.574705e-26 1.132315e-14 1.492603e-04 1.376579e-41 1.055241e-13 7.602374e-32 1.269374e-28 2.258264e-08 4.351125e-13 1.095363e-08 7.006983e-07 4.043770e-04 1.642756e-26 3.718534e-09 3.108861e-22 6.180066e-18 3.658989e-12 3.653149e-15 2.017861e-01 2.941277e-15 6.543550e-13 1.112242e-12 3.149798e-12 3.724643e-09 1.268369e-31 9.320091e-26 4.496476e-31 5.970312e-11 7.749777e-16 7.975018e-01 5.502653e-09 2.830172e-11 7.576447e-16 1.513259e-22 7.076592e-16 2.381565e-14 2.126405e-15 1.413012e-19 2.210349e-13 1.664423e-10 8.740947e-05 9.522386e-17 2.727230e-14 4.349622e-15 1.914211e-10 1.935314e-12 1.058657e-09 4.878356e-15 4.140327e-09 8.817754e-14 2.455008e-21 4.717856e-11 5.218910e-25 8.133062e-14 1.865095e-14 7.810629e-16 5.491345e-13 3.482897e-25 5.530123e-10 5.201524e-18 9.609998e-19 2.821592e-15 1.897759e-09 4.465032e-17 1.444175e-15 5.837123e-32 4.078467e-17 9.592361e-09 3.500389e-16 2.816213e-22 4.990918e-08 1.496516e-09 2.232706e-13 4.103171e-11 4.205453e-12 1.314649e-12 1.035664e-12 5.502919e-17 8.727806e-18 9.402546e-13 1.375932e-12 8.754311e-22 7.959711e-16 8.396529e-15 8.269779e-19 6.228498e-31 1.186903e-23 5.734374e-25 3.617006e-53 0.000000e+00 5.130338e-30 5.738395e-13
5.928381e-02 8.047967e-15 3.655916e-05 3.410306e-05 2.912267e-20 3.192378e-18 4.452257e-26 5.297440e-34 2.721069e-26 1.874873e-14 1.490055e-04 1.904563e-40 1.596938e-13 2.181706e-31 1.895157e-28 2.251424e-08 5.004221e-13 1.127894e-08 7.208170e-07 4.047292e-04 2.534940e-26 3.961160e-09 4.084128e-22 7.735436e-18 4.660920e-12 3.925908e-15 2.017848e-01 2.975182e-15 6.603356e-13 1.201599e-12 3.463516e-12 3.125241e-09 5.683378e-31 1.142662e-25 6.741139e-31 6.092956e-11 9.812473e-16 7.975027e-01 5.353344e-09 3.478433e-11 8.584675e-16 1.955297e-22 8.318791e-16 2.434071e-14 2.168487e-15 2.982573e-19 2.318468e-13 1.662957e-10 8.731042e-05 9.609988e-17 3.132718e-14 4.413822e-15 1.932229e-10 2.840110e-12 1.131248e-09 4.921338e-15 4.103065e-09 1.179715e-13 2.967010e-21 4.020289e-11 7.960018e-25 1.118992e-13 2.455915e-14 1.312530e-15 7.567107e-13 7.443877e-25 5.368199e-10 5.117122e-18 1.045454e-18 3.309489e-15 2.427147e-09 5.599501e-17 1.462073e-15 1.484895e-31 4.509985e-17 8.363805e-09 5.207843e-16 4.126482e-22 4.808941e-08 1.947546e-09 2.260660e-13 4.090754e-11 4.101958e-12 1.328755e-12 1.920884e-12 8.768428e-17 1.071095e-17 9.497528e-13 1.397076e-12 1.957205e-21 8.045748e-16 8.530015e-15 8.445874e-19 6.167118e-31 1.554400e-23 9.846665e-25 9.244372e-53 0.000000e+00 1.892773e-33 6.549014e-13
5.147341e-02 1.020735e-14 3.679988e-05 3.432047e-05 4.533280e-20 4.946666e-18 6.589224e-26 3.419987e-34 4.794885e-26 3.062625e-14 1.487400e-04 1.982650e-39 2.407638e-13 5.925580e-31 2.814091e-28 2.243962e-08 5.772481e-13 1.162796e-08 7.424452e-07 4.050931e-04 3.891821e-26 4.326970e-09 5.534370e-22 9.847037e-18 5.833679e-12 4.268863e-15 2.017834e-01 3.011937e-15 6.668243e-13 1.299621e-12 3.856139e-12 2.650577e-09 2.345773e-30 1.422308e-25 1.010168e-30 6.223910e-11 1.234470e-15 7.975036e-01 5.199887e-09 4.277071e-11 9.617339e-16 2.546119e-22 9.707643e-16 2.480828e-14 2.215670e-15 6.143176e-19 2.435597e-13 1.711075e-10 8.720536e-05 9.705297e-17 3.568614e-14 4.483052e-15 1.951591e-10 4.070306e-12 1.211638e-09 4.986686e-15 4.058977e-09 1.582695e-13 3.629699e-21 3.437509e-11 1.209386e-24 1.496658e-13 3.165305e-14 2.170591e-15 1.014150e-12 1.519302e-24 5.211410e-10 5.025350e-18 1.138903e-18 3.787724e-15 3.084525e-09 6.715788e-17 1.480703e-15 3.681178e-31 4.987128e-17 7.336950e-09 7.699494e-16 6.019037e-22 4.612559e-08 2.418695e-09 2.290881e-13 4.078015e-11 3.989525e-12 1.343996e-12 3.478297e-12 1.413301e-16 1.317671e-17 9.600218e-13 1.419964e-12 4.068219e-21 8.139749e-16 8.674663e-15 8.634652e-19 6.101796e-31 2.048512e-23 1.724285e-24 2.327471e-52 0.000000e+00 7.678016e-37 7.307761e-13
4.469200e-02 1.296804e-14 3.705881e-05 3.454648e-05 7.118856e-20 7.725641e-18 9.697280e-26 0.000000e+00 8.695913e-26 4.997400e-14 1.484636e-04 1.608773e-38 3.634277e-13 1.543729e-30 4.233160e-28 2.235764e-08 6.729023e-13 1.200171e-08 7.655885e-07 4.054655e-04 5.941562e-26 4.793701e-09 7.625052e-22 1.268194e-17 7.198178e-12 4.624724e-15 2.017818e-01 3.051680e-15 6.738548e-13 1.411497e-12 4.349781e-12 2.265214e-09 8.396611e-30 1.792091e-25 1.550703e-30 6.363422e-11 1.555033e-15 7.975047e-01 5.043215e-09 5.254623e-11 1.067715e-15 3.277104e-22 1.125769e-15 2.517904e-14 2.281781e-15 1.228670e-18 2.562109e-13 1.812861e-10 8.709407e-05 9.808566e-17 4.068462e-14 4.557408e-15 1.972219e-10 5.733902e-12 1.302718e-09 5.041112e-15 4.009089e-09 2.132052e-13 4.488605e-21 2.938802e-11 1.827267e-24 1.945495e-13 4.035595e-14 3.522430e-15 1.321337e-12 2.967683e-24 5.060119e-10 4.925032e-18 1.242972e-18 4.298047e-15 3.917987e-09 7.796374e-17 1.500635e-15 8.933106e-31 5.540721e-17 6.474089e-09 1.127339e-15 8.684271e-22 4.398480e-08 2.925739e-09 2.323467e-13 4.064981e-11 3.867908e-12 1.360419e-12 6.195739e-12 2.191559e-16 1.626656e-17 9.711057e-13 1.444676e-12 7.745359e-21 8.241975e-16 8.831025e-15 8.836411e-19 6.032358e-31 2.726420e-23 3.107150e-24 6.141548e-52 0.000000e+00 3.436244e-40 7.957597e-13
3.880401e-02 1.668479e-14 3.733343e-05 3.477825e-05 1.127205e-19 1.197844e-17 1.414363e-25 4.913204e-40 1.607291e-25 7.982347e-14 1.481794e-04 1.051955e-37 5.462525e-13 3.849026e-30 6.330253e-28 2.226793e-08 7.932398e-13 1.239660e-08 7.899218e-07 4.058400e-04 9.088642e-26 5.328501e-09 1.065667e-21 1.660999e-17 8.750850e-12 5.176781e-15 2.017802e-01 3.094066e-15 6.813804e-13 1.510676e-12 4.931171e-12 1.941976e-09 2.716102e-29 2.306641e-25 2.331982e-30 6.510082e-11 1.946074e-15 7.975058e-01 4.886494e-09 6.491436e-11 1.175718e-15 4.300910e-22 1.295443e-15 2.540297e-14 2.406373e-15 2.361112e-18 2.696862e-13 1.977314e-10 8.697771e-05 9.918801e-17 4.608813e-14 4.636037e-15 1.993714e-10 7.940391e-12 1.404420e-09 5.152775e-15 3.953911e-09 2.915861e-13 5.548039e-21 2.507677e-11 2.744205e-24 2.452655e-13 5.131534e-14 5.576121e-15 1.667948e-12 5.542754e-24 4.916179e-10 4.815985e-18 1.358182e-18 4.733242e-15 4.975191e-09 9.030621e-17 1.522500e-15 2.125335e-30 6.208619e-17 5.748279e-09 1.661712e-15 1.264471e-21 4.165075e-08 3.482478e-09 2.358122e-13 4.051854e-11 3.738325e-12 1.377874e-12 1.079403e-11 3.511200e-16 2.000910e-17 9.829210e-13 1.470994e-12 1.396047e-20 8.351455e-16 8.997763e-15 9.049049e-19 5.959463e-31 3.645065e-23 5.707169e-24 1.586413e-51 0.000000e+00 1.714466e-43 8.392490e-13
3.369173e-02 2.174319e-14 3.762251e-05 3.501391e-05 1.803948e-19 1.858312e-17 2.049543e-25 1.025020e-39 3.032690e-25 1.253846e-13 1.478887e-04 5.706611e-37 8.137950e-13 9.195346e-30 9.531684e-28 2.216958e-08 9.519129e-13 1.281062e-08 8.152119e-07 4.062131e-04 1.391831e-25 5.902230e-09 1.501693e-21 2.212622e-17 1.048438e-11 5.922751e-15 2.017785e-01 3.138934e-15 6.893908e-13 1.586230e-12 5.609884e-12 1.660933e-09 7.970918e-29 3.032358e-25 3.458300e-30 6.663183e-11 2.422994e-15 7.975070e-01 4.732264e-09 8.092718e-11 1.286505e-15 5.703833e-22 1.479013e-15 2.543479e-14 2.634697e-15 4.345289e-18 2.839324e-13 2.227692e-10 8.685687e-05 1.003550e-16 5.174764e-14 4.718412e-15 2.015714e-10 1.082445e-11 1.522676e-09 5.304393e-15 3.892245e-09 4.074915e-13 6.805160e-21 2.126507e-11 4.092581e-24 2.990948e-13 6.625934e-14 8.539736e-15 2.033299e-12 9.929285e-24 4.780249e-10 4.697658e-18 1.485435e-18 5.075778e-15 6.308449e-09 1.076901e-16 1.547022e-15 4.992303e-30 7.036697e-17 5.131739e-09 2.458496e-15 1.849371e-21 3.909698e-08 4.105114e-09 2.394705e-13 4.038779e-11 3.601363e-12 1.396288e-12 1.842626e-11 5.658755e-16 2.449516e-17 9.954417e-13 1.498813e-12 2.374159e-20 8.467690e-16 9.174265e-15 9.271492e-19 5.883425e-31 4.906850e-23 1.070112e-23 4.166646e-51 0.000000e+00 9.593612e-47 8.486869e-13
2.925298e-02 2.890705e-14 3.792859e-05 3.525457e-05 2.921067e-19 2.868371e-17 2.943004e-25 2.177921e-39 5.776953e-25 1.909255e-13 1.475896e-04 2.639302e-36 1.199908e-12 2.107682e-29 1.432959e-27 2.206025e-08 1.164980e-12 1.324694e-08 8.415504e-07 4.065871e-04 2.143869e-25 6.471042e-09 2.133088e-21 3.007498e-17 1.240237e-11 7.127096e-15 2.017767e-01 3.186708e-15 6.979831e-13 1.606359e-12 6.360731e-12 1.407555e-09 2.200853e-28 4.094312e-25 4.922998e-30 6.824021e-11 2.976264e-15 7.975082e-01 4.581180e-09 1.024755e-10 1.402882e-15 7.759212e-22 1.678366e-15 2.523704e-14 3.053505e-15 7.682511e-18 2.990837e-13 2.598320e-10 8.673055e-05 1.015968e-16 5.686179e-14 4.805061e-15 2.038089e-10 1.458510e-11 1.662430e-09 5.520973e-15 3.820672e-09 5.873869e-13 8.201227e-21 1.778351e-11 6.059747e-24 3.514951e-13 8.862815e-14 1.255360e-14 2.383391e-12 1.707783e-23 4.651099e-10 4.568463e-18 1.626949e-18 5.218943e-15 7.976834e-09 1.387082e-16 1.574782e-15 1.163251e-29 8.073315e-17 4.596024e-09 3.686417e-15 2.748865e-21 3.627619e-08 4.810175e-09 2.433552e-13 4.025740e-11 3.455828e-12 1.415829e-12 3.098486e-11 9.610180e-16 2.978839e-17 1.008810e-12 1.528396e-12 3.894343e-20 8.591664e-16 9.362218e-15 9.505602e-19 5.803567e-31 6.632318e-23 2.025551e-23 1.076399e-50 0.000000e+00 5.963260e-50 8.107486e-13
2.539902e-02 3.910671e-14 3.824870e-05 3.549688e-05 4.776038e-19 4.410922e-17 4.187673e-25 4.690093e-39 1.098941e-24 2.804260e-13 1.472853e-04 1.064711e-35 1.737308e-12 4.616348e-29 2.153446e-27 2.193952e-08 1.450122e-12 1.370046e-08 8.685695e-07 4.069576e-04 3.293020e-25 6.968284e-09 3.027476e-21 4.159634e-17 1.446380e-11 8.944740e-15 2.017749e-01 3.236944e-15 7.070991e-13 1.554285e-12 7.137624e-12 1.182748e-09 5.785484e-28 5.659897e-25 6.707078e-30 6.990967e-11 3.590897e-15 7.975096e-01 4.436547e-09 1.322188e-10 1.525658e-15 1.076839e-21 1.893527e-15 2.479617e-14 3.776232e-15 1.295584e-17 3.150011e-13 3.121520e-10 8.660010e-05 1.029013e-16 5.992046e-14 4.894944e-15 2.060287e-10 1.938880e-11 1.821001e-09 5.768791e-15 3.735336e-09 8.675656e-13 9.645428e-21 1.453229e-11 8.939813e-24 3.990794e-13 1.235808e-13 1.768627e-14 2.692424e-12 2.827803e-23 4.529920e-10 4.430096e-18 1.781783e-18 5.146308e-15 9.983466e-09 1.952378e-16 1.604809e-15 2.682212e-29 9.318565e-17 4.132507e-09 5.547522e-15 4.109499e-21 3.322050e-08 5.585852e-09 2.474297e-13 4.012955e-11 3.303236e-12 1.436312e-12 5.120784e-11 1.696881e-15 3.597992e-17 1.022925e-12 1.559463e-12 6.176507e-20 8.722037e-16 9.559896e-15 9.749011e-19 5.720664e-31 8.965011e-23 3.828240e-23 2.750482e-50 0.000000e+00 4.156122e-53 7.155347e-13
2.205280e-02 5.349810e-14 3.858868e-05 3.574439e-05 7.855946e-19 6.763013e-17 5.904432e-25 1.016385e-38 2.056701e-24 3.951871e-13 1.469704e-04 3.818116e-35 2.474855e-12 9.713761e-29 3.229686e-27 2.180388e-08 1.823623e-12 1.417837e-08 8.966906e-07 4.073311e-04 4.980911e-25 7.325740e-09 4.248066e-21 5.818864e-17 1.667447e-11 1.161614e-14 2.017729e-01 3.290571e-15 7.169279e-13 1.424131e-12 7.858223e-12 9.892837e-10 1.460129e-27 7.938171e-25 8.759242e-30 7.166982e-11 4.223716e-15 7.975110e-01 4.297031e-09 1.742384e-10 1.657770e-15 1.509244e-21 2.131086e-15 2.412362e-14 4.973736e-15 2.093259e-17 3.319842e-13 3.836599e-10 8.646326e-05 1.042921e-16 5.799286e-14 4.989543e-15 2.082414e-10 2.556642e-11 1.979579e-09 5.978696e-15 3.629523e-09 1.297924e-12 1.102667e-20 1.135267e-11 1.316276e-23 4.385843e-13 1.780947e-13 2.393559e-14 2.954509e-12 4.520829e-23 4.414614e-10 4.281832e-18 1.952269e-18 4.908917e-15 1.233520e-08 2.947047e-16 1.635415e-15 6.108236e-29 1.074797e-16 3.729204e-09 8.301494e-15 6.119668e-21 2.992570e-08 6.412775e-09 2.517689e-13 4.000265e-11 3.141160e-12 1.458113e-12 8.371958e-11 3.084560e-15 4.345407e-17 1.038072e-12 1.592591e-12 9.494613e-20 8.860919e-16 9.770992e-15 1.000607e-18 5.633211e-31 1.202449e-22 7.115550e-23 6.939753e-50 0.000000e+00 3.191105e-56 5.638622e-13
1.914743e-02 7.303797e-14 3.894683e-05 3.599543e-05 1.285235e-18 1.022466e-16 8.244516e-25 2.187841e-38 3.730240e-24 5.352487e-13 1.466467e-04 1.234947e-34 3.443387e-12 1.954772e-28 4.779514e-27 2.165326e-08 2.239361e-12 1.467705e-08 9.257564e-07 4.077055e-04 7.217616e-25 7.470907e-09 5.789977e-21 8.124455e-17 1.899005e-11 1.515365e-14 2.017709e-01 3.347338e-15 7.274359e-13 1.231713e-12 8.325366e-12 8.381854e-10 3.583382e-27 1.097984e-24 1.089930e-29 7.351098e-11 4.720555e-15 7.975125e-01 4.163446e-09 2.355755e-10 1.795443e-15 2.089276e-21 2.390820e-15 2.328900e-14 6.795805e-15 3.204566e-17 3.499596e-13 4.700289e-10 8.632089e-05 1.057621e-16 4.596076e-14 5.088337e-15 2.104196e-10 3.338366e-11 2.064454e-09 6.031270e-15 3.500594e-09 1.910069e-12 1.216165e-20 8.255274e-12 1.932904e-23 4.732263e-13 2.550742e-13 3.165242e-14 3.473627e-12 6.998268e-23 4.306168e-10 4.127784e-18 2.135813e-18 4.739037e-15 1.491523e-08 4.409790e-16 1.662624e-15 1.357723e-28 1.222162e-16 3.393583e-09 1.209109e-14 8.883020e-21 2.652443e-08 7.207230e-09 2.563518e-13 3.987760e-11 2.971243e-12 1.481125e-12 1.336485e-10 5.606570e-15 5.287792e-17 1.054194e-12 1.627621e-12 1.417717e-19 9.007157e-16 9.994541e-15 1.027539e-18 5.541651e-31 1.568549e-22 1.281283e-22 1.665960e-49 0.000000e+00 2.715977e-59 3.886035e-13
1.662484e-02 9.788445e-14 3.932754e-05 3.625373e-05 2.073808e-18 1.507899e-16 1.142366e-24 4.590157e-38 6.753272e-24 7.323814e-13 1.463097e-04 3.642242e-34 4.662662e-12 3.762680e-28 6.989527e-27 2.148666e-08 2.336350e-12 1.520157e-08 9.561511e-07 4.080858e-04 9.866538e-25 7.434408e-09 7.591180e-21 1.116349e-16 2.141942e-11 1.808729e-14 2.017687e-01 3.407965e-15 7.387536e-13 9.791472e-13 7.765550e-12 7.321654e-10 9.009155e-27 1.270976e-24 1.222388e-29 7.545539e-11 4.014521e-15 7.975141e-01 4.031740e-09 3.475024e-10 1.929987e-15 2.466406e-21 2.666417e-15 2.240599e-14 9.187143e-15 4.601943e-17 3.691653e-13 5.341409e-10 8.617138e-05 1.073296e-16 2.229125e-14 5.192721e-15 2.126038e-10 4.329063e-11 1.963580e-09 5.526441e-15 3.352112e-09 2.679898e-12 1.200241e-20 5.399322e-12 2.816051e-23 5.260725e-13 3.450871e-13 4.342260e-14 7.412124e-12 1.053398e-22 4.203953e-10 3.970852e-18 2.331192e-18 5.253090e-15 1.754828e-08 5.860233e-16 1.682308e-15 2.889913e-28 1.352698e-16 3.131224e-09 1.669450e-14 1.221472e-20 2.316665e-08 7.881991e-09 2.612362e-13 3.975209e-11 2.792986e-12 1.505638e-12 2.026389e-10 9.393645e-15 6.568476e-17 1.071488e-12 1.664999e-12 2.034462e-19 9.161913e-16 1.023342e-14 1.056027e-18 5.444838e-31 1.949162e-22 2.302424e-22 3.334522e-49 0.000000e+00 2.540670e-62 2.509769e-13
1.443458e-02 1.120974e-13 3.972880e-05 3.652050e-05 2.892627e-18 2.161042e-16 1.566398e-24 4.171615e-35 1.079068e-23 1.022370e-12 1.459594e-04 9.885987e-34 6.050394e-12 6.826877e-28 8.677271e-27 2.130911e-08 1.552946e-12 1.574603e-08 9.876535e-07 4.084714e-04 1.200761e-24 7.601608e-09 8.859685e-21 1.299171e-16 2.394746e-11 1.757866e-14 2.017664e-01 3.472177e-15 7.507926e-13 6.791938e-13 5.248761e-12 6.522754e-10 2.497528e-26 1.039930e-24 1.158742e-29 7.749363e-11 2.025923e-15 7.975158e-01 3.896785e-09 5.868426e-10 2.037232e-15 2.018670e-21 2.916618e-15 2.159656e-14 1.093857e-14 6.037125e-17 3.895278e-13 4.615878e-10 8.601564e-05 1.089872e-16 9.590627e-15 5.302578e-15 2.148350e-10 5.565923e-11 1.833505e-09 3.821907e-15 3.215462e-09 3.274938e-12 1.008955e-20 3.345296e-12 4.199447e-23 6.898952e-13 4.103667e-13 7.038354e-14 2.891591e-11 1.544835e-22 4.109468e-10 3.817213e-18 2.531278e-18 6.650375e-15 1.991346e-08 6.031961e-16 1.691658e-15 4.738976e-28 1.438518e-16 2.935503e-09 1.894503e-14 1.381461e-20 2.011517e-08 8.505233e-09 2.663997e-13 3.962410e-11 2.610206e-12 1.531539e-12 2.658610e-10 1.198005e-14 8.182683e-17 1.089827e-12 1.704553e-12 2.839915e-19 9.323518e-16 1.048659e-14 1.085928e-18 5.343202e-31 2.417202e-22 3.649089e-22 3.836119e-49 0.000000e+00 2.629836e-65 1.489330e-13
1.253288e-02 1.502427e-13 4.015426e-05 3.680143e-05 4.773249e-18 3.447331e-16 2.142106e-24 0.000000e+00 1.797923e-23 1.270317e-12 1.455908e-04 2.485365e-33 7.481756e-12 1.167659e-27 1.308771e-26 2.112286e-08 2.538210e-12 1.630752e-08 1.020398e-06 4.088676e-04 1.828816e-24 8.662106e-09 1.334702e-20 1.773759e-16 2.665125e-11 2.020688e-14 2.017640e-01 3.540607e-15 7.636085e-13 7.183921e-13 7.757005e-12 5.642096e-10 3.950450e-26 1.760655e-24 1.978022e-29 7.964504e-11 3.664097e-15 7.975177e-01 3.752981e-09 5.873302e-10 2.096022e-15 3.169210e-21 3.087944e-15 2.086619e-14 1.236719e-14 7.241059e-17 4.112632e-13 5.871919e-10 8.585235e-05 1.107508e-16 1.728567e-14 5.419431e-15 2.171844e-10 7.109542e-11 2.172563e-09 4.715067e-15 3.117897e-09 3.877074e-12 1.461190e-20 2.200031e-12 6.252950e-23 7.456498e-13 4.098356e-13 8.445610e-14 1.798753e-11 2.221699e-22 4.022591e-10 3.669681e-18 2.730794e-18 6.205039e-15 2.177572e-08 4.289621e-16 1.692324e-15 9.857471e-28 1.462903e-16 2.769361e-09 2.381809e-14 1.721184e-20 1.761706e-08 9.167355e-09 2.718929e-13 3.948931e-11 2.424782e-12 1.559081e-12 2.709465e-10 1.248981e-14 9.624704e-17 1.109312e-12 1.746675e-12 3.713699e-19 9.492788e-16 1.075658e-14 1.117528e-18 5.235733e-31 3.361063e-22 6.025705e-22 1.252379e-48 0.000000e+00 3.011208e-68 7.727527e-14
1.088173e-02 1.869911e-13 4.060975e-05 3.709987e-05 7.388164e-18 5.603565e-16 2.901887e-24 1.201949e-34 2.526444e-23 1.431937e-12 1.451988e-04 5.835412e-33 9.011403e-12 1.920345e-27 1.833455e-26 2.092670e-08 4.086165e-12 1.688161e-08 1.055018e-06 4.092793e-04 2.726058e-24 1.043156e-08 1.990017e-20 2.241691e-16 2.944918e-11 2.245189e-14 2.017614e-01 3.614214e-15 7.773860e-13 7.850548e-13 1.263631e-11 4.725766e-10 6.053403e-26 3.487647e-24 3.861883e-29 8.193709e-11 7.531910e-15 7.975196e-01 3.598346e-09 5.198260e-10 2.113547e-15 4.738438e-21 3.183971e-15 2.022396e-14 1.331036e-14 8.188460e-17 4.346905e-13 7.492353e-10 8.567948e-05 1.126449e-16 4.921191e-14 5.545512e-15 2.196974e-10 9.039885e-11 2.818325e-09 6.080964e-15 3.051503e-09 4.220633e-12 2.418537e-20 1.653240e-12 9.085559e-23 8.162731e-13 3.617533e-13 9.703558e-14 7.528629e-12 3.128469e-22 3.941983e-10 3.527674e-18 2.929774e-18 5.216242e-15 2.317739e-08 2.380012e-16 1.688252e-15 1.856976e-27 1.427762e-16 2.650804e-09 2.694699e-14 1.926932e-20 1.560341e-08 9.851573e-09 2.777924e-13 3.934658e-11 2.235765e-12 1.588647e-12 2.281550e-10 9.971753e-15 1.126783e-16 1.130219e-12 1.791953e-12 4.717562e-19 9.671383e-16 1.104724e-14 1.151258e-18 5.121003e-31 4.842979e-22 8.379435e-22 4.541449e-48 0.000000e+00 3.777970e-71 3.328755e-14
9.448103e-03 2.204552e-13 4.109996e-05 3.741539e-05 1.103873e-17 8.894113e-16 3.916269e-24 2.094980e-34 3.628581e-23 1.730222e-12 1.447817e-04 1.286815e-32 1.084024e-11 3.127457e-27 2.526223e-26 2.071400e-08 4.879038e-12 1.746726e-08 1.091885e-06 4.097091e-04 3.733433e-24 1.240987e-08 2.783110e-20 2.701450e-16 3.221225e-11 2.010228e-14 2.017586e-01 3.693727e-15 7.923534e-13 7.603011e-13 1.615897e-11 3.917467e-10 1.384744e-25 4.810918e-24 6.501589e-29 8.438794e-11 9.546492e-15 7.975217e-01 3.437232e-09 5.374855e-10 2.109112e-15 5.206993e-21 3.243544e-15 1.962811e-14 1.379398e-14 9.222721e-17 4.600581e-13 8.274680e-10 8.549561e-05 1.146881e-16 8.027234e-14 5.682342e-15 2.223306e-10 1.144530e-10 3.349081e-09 6.467809e-15 2.989921e-09 4.292966e-12 3.311519e-20 1.256192e-12 1.291959e-22 9.689223e-13 3.042091e-13 1.210145e-13 6.741399e-12 4.332309e-22 3.866401e-10 3.389370e-18 3.131700e-18 5.319720e-15 2.427742e-08 1.174871e-16 1.682356e-15 3.205858e-27 1.346575e-16 2.599103e-09 2.810843e-14 1.968467e-20 1.392780e-08 1.049158e-08 2.841563e-13 3.919761e-11 2.042374e-12 1.620528e-12 1.818220e-10 6.646144e-15 1.366993e-16 1.152855e-12 1.840837e-12 5.675246e-19 9.860793e-16 1.136148e-14 1.187437e-18 4.998058e-31 6.686250e-22 1.190275e-21 1.178908e-47 0.000000e+00 5.200082e-74 1.071372e-14
8.203354e-03 2.589048e-13 4.163661e-05 3.775226e-05 1.647536e-17 1.378885e-15 5.237447e-24 1.047420e-36 5.232026e-23 2.108106e-12 1.443311e-04 2.684723e-32 1.316050e-11 5.086537e-27 3.470341e-26 2.047392e-08 5.530114e-12 1.807156e-08 1.131496e-06 4.101657e-04 4.883976e-24 1.442313e-08 3.789181e-20 3.249226e-16 3.489823e-11 1.713099e-14 2.017555e-01 3.781044e-15 8.089844e-13 7.044350e-13 1.944396e-11 3.226362e-10 4.707722e-25 6.193036e-24 1.031720e-28 8.705007e-11 1.102937e-14 7.975240e-01 3.271857e-09 5.854600e-10 2.093384e-15 5.515596e-21 3.285331e-15 1.901194e-14 1.451547e-14 1.075399e-16 4.879909e-13 8.952874e-10 8.529670e-05 1.169288e-16 1.001314e-13 5.832664e-15 2.250477e-10 1.446849e-10 3.737465e-09 6.584989e-15 2.920851e-09 4.298220e-12 4.264477e-20 8.735856e-13 1.798393e-22 1.154144e-12 2.547200e-13 1.509946e-13 7.815518e-12 5.885414e-22 3.793934e-10 3.250639e-18 3.343951e-18 5.893870e-15 2.521325e-08 5.738632e-17 1.676174e-15 5.453032e-27 1.233579e-16 2.601853e-09 2.915338e-14 1.974755e-20 1.246372e-08 1.107073e-08 2.911361e-13 3.904139e-11 1.842937e-12 1.655481e-12 1.456884e-10 4.435181e-15 1.683119e-16 1.177873e-12 1.894492e-12 6.684951e-19 1.006477e-15 1.170689e-14 1.226911e-18 4.864239e-31 8.903423e-22 1.696214e-21 2.852026e-47 0.000000e+00 7.724713e-77 2.300805e-15
7.122595e-03 3.036370e-13 4.221322e-05 3.810353e-05 2.460272e-17 2.113502e-15 6.945423e-24 1.844800e-36 7.492021e-23 2.554372e-12 1.438540e-04 5.326228e-32 1.606205e-11 8.238084e-27 4.763483e-26 2.020491e-08 6.236919e-12 1.867946e-08 1.172837e-06 4.106425e-04 6.208883e-24 1.639334e-08 5.038985e-20 3.910187e-16 3.738548e-11 1.414040e-14 2.017523e-01 3.875097e-15 8.272089e-13 6.359607e-13 2.279956e-11 2.655597e-10 1.863934e-24 7.826896e-24 1.593046e-28 8.988492e-11 1.244429e-14 7.975265e-01 3.108520e-09 6.516003e-10 2.072237e-15 5.822340e-21 3.314555e-15 1.836369e-14 1.567122e-14 1.311931e-16 5.181700e-13 9.696600e-10 8.508554e-05 1.193395e-16 1.124850e-13 5.993640e-15 2.277288e-10 1.817064e-10 4.040026e-09 6.565815e-15 2.842489e-09 4.301178e-12 5.334352e-20 5.369618e-13 2.462323e-22 1.364466e-12 2.189651e-13 1.854919e-13 9.273665e-12 7.853553e-22 3.725472e-10 3.112264e-18 3.568256e-18 6.643169e-15 2.604446e-08 2.948687e-17 1.670631e-15 9.130662e-27 1.103834e-16 2.642993e-09 3.075381e-14 1.956903e-20 1.116725e-08 1.157168e-08 2.986459e-13 3.888171e-11 1.643523e-12 1.693076e-12 1.224820e-10 3.095788e-15 2.073687e-16 1.205085e-12 1.952261e-12 7.733579e-19 1.027991e-15 1.207933e-14 1.269180e-18 4.721508e-31 1.162072e-21 2.398983e-21 6.793109e-47 0.000000e+00 1.262798e-79 3.025909e-16
6.184222e-03 3.566946e-13 4.283766e-05 3.847162e-05 3.669379e-17 3.212291e-15 9.120745e-24 3.238209e-36 1.059728e-22 3.053688e-12 1.433453e-04 1.010311e-31 1.967570e-11 1.326244e-26 6.473424e-26 1.989976e-08 7.034829e-12 1.929130e-08 1.215918e-06 4.111450e-04 7.771886e-24 1.832355e-08 6.600693e-20 4.709139e-16 3.963956e-11 1.173634e-14 2.017488e-01 3.977161e-15 8.474273e-13 5.621406e-13 2.628521e-11 2.181228e-10 7.223844e-24 9.812191e-24 2.386649e-28 9.292539e-11 1.381079e-14 7.975292e-01 2.948016e-09 7.337821e-10 2.048186e-15 6.186795e-21 3.331390e-15 1.767462e-14 1.737083e-14 1.671663e-16 5.510301e-13 1.055952e-09 8.485958e-05 1.219527e-16 1.206301e-13 6.166142e-15 2.303381e-10 2.270884e-10 4.314580e-09 6.479271e-15 2.754870e-09 4.319115e-12 6.547533e-20 2.962875e-13 3.321688e-22 1.598153e-12 1.953773e-13 2.238146e-13 1.092813e-11 1.028865e-21 3.660068e-10 2.971539e-18 3.814772e-18 7.415555e-15 2.682258e-08 1.639510e-17 1.665981e-15 1.503061e-26 9.659991e-17 2.708351e-09 3.411601e-14 1.938075e-20 9.980577e-09 1.200344e-08 3.067873e-13 3.871781e-11 1.445259e-12 1.733820e-12 1.097577e-10 2.362218e-15 2.542968e-16 1.234984e-12 2.014928e-12 8.903431e-19 1.050796e-15 1.248393e-14 1.314806e-18 4.568287e-31 1.499860e-21 3.348961e-21 1.559143e-46 0.000000e+00 2.251110e-82 2.303163e-17
5.369475e-03 4.198823e-13 4.349931e-05 3.884827e-05 5.444851e-17 4.833782e-15 1.185493e-23 5.669003e-36 1.482915e-22 3.607502e-12 1.428144e-04 1.840032e-31 2.401210e-11 2.106823e-26 8.650808e-26 1.956085e-08 7.908500e-12 1.988946e-08 1.259492e-06 4.116642e-04 9.613485e-24 2.017475e-08 8.534350e-20 5.666803e-16 4.158514e-11 1.001047e-14 2.017451e-01 4.085482e-15 8.694639e-13 4.898802e-13 2.981324e-11 1.794562e-10 2.596178e-23 1.224601e-23 3.447317e-28 9.611450e-11 1.511819e-14 7.975321e-01 2.795114e-09 8.330901e-10 2.023074e-15 6.661985e-21 3.333873e-15 1.696698e-14 1.963264e-14 2.188792e-16 5.860316e-13 1.149897e-09 8.462294e-05 1.247235e-16 1.259217e-13 6.345660e-15 2.327786e-10 2.811688e-10 4.583939e-09 6.364483e-15 2.661469e-09 4.351766e-12 7.903877e-20 1.563991e-13 4.427893e-22 1.864317e-12 1.815787e-13 2.670442e-13 1.281578e-11 1.323989e-21 3.598758e-10 2.830196e-18 4.089816e-18 8.152522e-15 2.755597e-08 9.972011e-18 1.662329e-15 2.416966e-26 8.298989e-17 2.785487e-09 4.073096e-14 1.928188e-20 8.897763e-09 1.236562e-08 3.154203e-13 3.855352e-11 1.255066e-12 1.777012e-12 1.051537e-10 2.006395e-15 3.087350e-16 1.267183e-12 2.081418e-12 1.027146e-18 1.074367e-15 1.291384e-14 1.362996e-18 4.407605e-31 1.919715e-21 4.623096e-21 3.391243e-46 0.000000e+00 4.461476e-85 1.047042e-18
4.662069e-03 4.934962e-13 4.419908e-05 3.923249e-05 8.051013e-17 7.264616e-15 1.529139e-23 9.852271e-36 2.061060e-22 4.240075e-12 1.422615e-04 3.230243e-31 2.912710e-11 3.300714e-26 1.146169e-25 1.918578e-08 8.860438e-12 2.046900e-08 1.303190e-06 4.122007e-04 1.174757e-23 2.196224e-08 1.089537e-19 6.801446e-16 4.321508e-11 8.489665e-15 2.017412e-01 4.200178e-15 8.935269e-13 4.231581e-13 3.340899e-11 1.479710e-10 8.456732e-23 1.518642e-23 4.882754e-28 9.945240e-11 1.640364e-14 7.975351e-01 2.650715e-09 9.511680e-10 1.997744e-15 7.191732e-21 3.320541e-15 1.625407e-14 2.242979e-14 2.907751e-16 6.232369e-13 1.248901e-09 8.437556e-05 1.276550e-16 1.293419e-13 6.530694e-15 2.350228e-10 3.450739e-10 4.865909e-09 6.224871e-15 2.564311e-09 4.385268e-12 9.420038e-20 8.167174e-14 5.850011e-22 2.173327e-12 1.747227e-13 3.167538e-13 1.501385e-11 1.676700e-21 3.541238e-10 2.687511e-18 4.407831e-18 8.906929e-15 2.825682e-08 6.516142e-18 1.659534e-15 3.795616e-26 7.003440e-17 2.867510e-09 5.361406e-14 1.911165e-20 7.898767e-09 1.266811e-08 3.245543e-13 3.838927e-11 1.075433e-12 1.822698e-12 1.065750e-10 1.822122e-15 3.717488e-16 1.301845e-12 2.151804e-12 1.178083e-18 1.098613e-15 1.336962e-14 1.413801e-18 4.239683e-31 2.445935e-21 6.335124e-21 7.205899e-46 0.000000e+00 9.844287e-88 2.834649e-20
4.047860e-03 5.801347e-13 4.493589e-05 3.962256e-05 1.181759e-16 1.085708e-14 1.954921e-23 1.705179e-35 2.841885e-22 4.946768e-12 1.416879e-04 5.487853e-31 3.504563e-11 5.087028e-26 1.491264e-25 1.877374e-08 9.863030e-12 2.102386e-08 1.346594e-06 4.127535e-04 1.421959e-23 2.366656e-08 1.377368e-19 8.137446e-16 4.453021e-11 7.433077e-15 2.017372e-01 4.321053e-15 9.197800e-13 3.635284e-13 3.698216e-11 1.224061e-10 2.544099e-22 1.877927e-23 6.710757e-28 1.029309e-10 1.763074e-14 7.975382e-01 2.515638e-09 1.089264e-09 1.972770e-15 7.853181e-21 3.289979e-15 1.555092e-14 2.580379e-14 3.876523e-16 6.626061e-13 1.349658e-09 8.411799e-05 1.307425e-16 1.309630e-13 6.719057e-15 2.370494e-10 4.197642e-10 5.174027e-09 6.091404e-15 2.465756e-09 4.414752e-12 1.110665e-19 4.465439e-14 7.665661e-22 2.534111e-12 1.724762e-13 3.744199e-13 1.759664e-11 2.088826e-21 3.487354e-10 2.543389e-18 4.786442e-18 9.629659e-15 2.892796e-08 4.518099e-18 1.657417e-15 5.801669e-26 5.808029e-17 2.951038e-09 7.608639e-14 1.902789e-20 6.973192e-09 1.292006e-08 3.341740e-13 3.822575e-11 9.088642e-13 1.870803e-12 1.124095e-10 1.785708e-15 4.430621e-16 1.339036e-12 2.225966e-12 1.356512e-18 1.123352e-15 1.385059e-14 1.467136e-18 4.065248e-31 3.101818e-21 8.608866e-21 1.454304e-45 0.000000e+00 2.422902e-90 4.808432e-22
3.514571e-03 6.800250e-13 4.570680e-05 4.001604e-05 1.722581e-16 1.621922e-14 2.481786e-23 2.928656e-35 3.895901e-22 5.755395e-12 1.410964e-04 9.050799e-31 4.176142e-11 7.710523e-26 1.914275e-25 1.832569e-08 1.089840e-11 2.154748e-08 1.389261e-06 4.133206e-04 1.702275e-23 2.528119e-08 1.721745e-19 9.685656e-16 4.553940e-11 6.557279e-15 2.017329e-01 4.447592e-15 9.483308e-13 3.116574e-13 4.049584e-11 1.017788e-10 7.080814e-22 2.311907e-23 9.043875e-28 1.065337e-10 1.883317e-14 7.975415e-01 2.390576e-09 1.249628e-09 1.948759e-15 8.617879e-21 3.241614e-15 1.487204e-14 2.970363e-14 5.144593e-16 7.039938e-13 1.447166e-09 8.385142e-05 1.339730e-16 1.311479e-13 6.907997e-15 2.388454e-10 5.059372e-10 5.520961e-09 5.952139e-15 2.368074e-09 4.427834e-12 1.298007e-19 2.558617e-14 9.986002e-22 2.964216e-12 1.730733e-13 4.430783e-13 2.068402e-11 2.563718e-21 3.437043e-10 2.398284e-18 5.245809e-18 1.036890e-14 2.956701e-08 3.250783e-18 1.655798e-15 8.617824e-26 4.735886e-17 3.035738e-09 1.146285e-13 1.890473e-20 6.116694e-09 1.312918e-08 3.442385e-13 3.806384e-11 7.574773e-13 1.921120e-12 1.215706e-10 1.823760e-15 5.231164e-16 1.378724e-12 2.303591e-12 1.559640e-18 1.148362e-15 1.435478e-14 1.522776e-18 3.885502e-31 3.922886e-21 1.162547e-20 2.840731e-45 0.000000e+00 6.686050e-93 5.281966e-24
3.051540e-03 7.949569e-13 4.652297e-05 4.041796e-05 2.494101e-16 2.429760e-14 3.130018e-23 4.996018e-35 5.304816e-22 6.668836e-12 1.404786e-04 1.454018e-30 4.938073e-11 1.152141e-25 2.423468e-25 1.783484e-08 1.195515e-11 2.204280e-08 1.431582e-06 4.139103e-04 2.018185e-23 2.681934e-08 2.132327e-19 1.147095e-15 4.627120e-11 5.856414e-15 2.017285e-01 4.581611e-15 9.798403e-13 2.668191e-13 4.398259e-11 8.493627e-11 1.841040e-21 2.836232e-23 1.199306e-27 1.103113e-10 2.000176e-14 7.975450e-01 2.273746e-09 1.433155e-09 1.925848e-15 9.490268e-21 3.174102e-15 1.421708e-14 3.415338e-14 6.791000e-16 7.480168e-13 1.542494e-09 8.357212e-05 1.373931e-16 1.300927e-13 7.098112e-15 2.404373e-10 6.058852e-10 5.934369e-09 5.818497e-15 2.271583e-09 4.415397e-12 1.508551e-19 1.526422e-14 1.293198e-21 3.470667e-12 1.751215e-13 5.242511e-13 2.437028e-11 3.099645e-21 3.389350e-10 2.250203e-18 5.818610e-18 1.113028e-14 3.018054e-08 2.388559e-18 1.654498e-15 1.246223e-25 3.781883e-17 3.125335e-09 1.778854e-13 1.876172e-20 5.313153e-09 1.330585e-08 3.548924e-13 3.790138e-11 6.201807e-13 1.974374e-12 1.332702e-10 1.920140e-15 6.131732e-16 1.421604e-12 2.385793e-12 1.792286e-18 1.173881e-15 1.488950e-14 1.581523e-18 3.698398e-31 4.956156e-21 1.558085e-20 5.372204e-45 0.000000e+00 2.041525e-95 3.825743e-26
2.649512e-03 9.243817e-13 4.737584e-05 4.082351e-05 3.584154e-16 3.660101e-14 3.926298e-23 8.442931e-35 7.175493e-22 7.712809e-12 1.398414e-04 2.280453e-30 5.782256e-11 1.695208e-25 3.030292e-25 1.730661e-08 1.299586e-11 2.250015e-08 1.472939e-06 4.145164e-04 2.365465e-23 2.825564e-08 2.610262e-19 1.348709e-15 4.673493e-11 5.210512e-15 2.017239e-01 4.721671e-15 1.014247e-12 2.286663e-13 4.739226e-11 7.135233e-11 4.488626e-21 3.465099e-23 1.573874e-27 1.142227e-10 2.117674e-14 7.975487e-01 2.166252e-09 1.640768e-09 1.904770e-15 1.045367e-20 3.087807e-15 1.359984e-14 3.903742e-14 8.864623e-16 7.942255e-13 1.630141e-09 8.328318e-05 1.409666e-16 1.280496e-13 7.285184e-15 2.418139e-10 7.195717e-10 6.437013e-09 5.686514e-15 2.178734e-09 4.367943e-12 1.745865e-19 9.338926e-15 1.667822e-21 4.077871e-12 1.774407e-13 6.224488e-13 2.881097e-11 3.695954e-21 3.344570e-10 2.100971e-18 6.527903e-18 1.194687e-14 3.075811e-08 1.763948e-18 1.653400e-15 1.749820e-25 2.959589e-17 3.222834e-09 2.815282e-13 1.851130e-20 4.569517e-09 1.345431e-08 3.660217e-13 3.774016e-11 4.990308e-13 2.029993e-12 1.465877e-10 2.039891e-15 7.130620e-16 1.467344e-12 2.471692e-12 2.052889e-18 1.199520e-15 1.544909e-14 1.642749e-18 3.506537e-31 6.264361e-21 2.072482e-20 9.924953e-45 0.000000e+00 6.983658e-98 1.882029e-28
2.300449e-03 1.071062e-12 4.827739e-05 4.123809e-05 5.110856e-16 5.554173e-14 4.896978e-23 1.417026e-34 9.625604e-22 8.872104e-12 1.391759e-04 3.501427e-30 6.719465e-11 2.461494e-25 3.732306e-25 1.673442e-08 1.399577e-11 2.292143e-08 1.513801e-06 4.151478e-04 2.746890e-23 2.958857e-08 3.166208e-19 1.576525e-15 4.695529e-11 4.705433e-15 2.017190e-01 4.869729e-15 1.052334e-12 1.961496e-13 5.079156e-11 6.024552e-11 1.037558e-20 4.226656e-23 2.041846e-27 1.183226e-10 2.233533e-14 7.975525e-01 2.066318e-09 1.871193e-09 1.885634e-15 1.153790e-20 2.981167e-15 1.301623e-14 4.439066e-14 1.146485e-15 8.432878e-13 1.713983e-09 8.298062e-05 1.447436e-16 1.250336e-13 7.469617e-15 2.430046e-10 8.495626e-10 7.082496e-09 5.581816e-15 2.089454e-09 4.281403e-12 2.017841e-19 5.918402e-15 2.139301e-21 4.788140e-12 1.789684e-13 7.388871e-13 3.412887e-11 4.342575e-21 3.301873e-10 1.948903e-18 7.413495e-18 1.278074e-14 3.130310e-08 1.296637e-18 1.652391e-15 2.392709e-25 2.256002e-17 3.334619e-09 4.400573e-13 1.823904e-20 3.875837e-09 1.358198e-08 3.777819e-13 3.757791e-11 3.925358e-13 2.088756e-12 1.606335e-10 2.194599e-15 8.236779e-16 1.516703e-12 2.562490e-12 2.355073e-18 1.225522e-15 1.604144e-14 1.707314e-18 3.307906e-31 7.935913e-21 2.730281e-20 1.776505e-44 0.000000e+00 2.641739e-100 6.423330e-31
1.997374e-03 1.233714e-12 4.919788e-05 4.164809e-05 7.208156e-16 8.472718e-14 6.074796e-23 2.355731e-34 1.279302e-21 1.016073e-11 1.385039e-04 5.268386e-30 7.716132e-11 3.513573e-25 4.518736e-25 1.613892e-08 1.488272e-11 2.328994e-08 1.552807e-06 4.157839e-04 3.155215e-23 3.076391e-08 3.793504e-19 1.827153e-15 4.695086e-11 4.295392e-15 2.017141e-01 5.020871e-15 1.093120e-12 1.690391e-13 5.410053e-11 5.144475e-11 2.285035e-20 5.152727e-23 2.618415e-27 1.224760e-10 2.354548e-14 7.975564e-01 1.976628e-09 2.120598e-09 1.869338e-15 1.277587e-20 2.857968e-15 1.248677e-14 4.995656e-14 1.456938e-15 8.935916e-13 1.786099e-09 8.267448e-05 1.485994e-16 1.213519e-13 7.643450e-15 2.439883e-10 9.922237e-10 7.911825e-09 5.506512e-15 2.007417e-09 4.153724e-12 2.330381e-19 3.909448e-15 2.735272e-21 5.642659e-12 1.786936e-13 8.808079e-13 4.047180e-11 5.035972e-21 3.262395e-10 1.799421e-18 8.467755e-18 1.361826e-14 3.179414e-08 9.385981e-19 1.651424e-15 3.171027e-25 1.685630e-17 3.462014e-09 6.705709e-13 1.790081e-20 3.254421e-09 1.368944e-08 3.897830e-13 3.741976e-11 3.035642e-13 2.148714e-12 1.738038e-10 2.366215e-15 9.416807e-16 1.568133e-12 2.655173e-12 2.704448e-18 1.250941e-15 1.664691e-14 1.773079e-18 3.109748e-31 1.008523e-20 3.559406e-20 3.073840e-44 0.000000e+00 1.142251e-102 1.631380e-33
1.734228e-03 1.415901e-12 5.015675e-05 4.206265e-05 1.008907e-15 1.308788e-13 7.499572e-23 3.889892e-34 1.681036e-21 1.152300e-11 1.378110e-04 7.787383e-30 8.789732e-11 4.952568e-25 5.396589e-25 1.551001e-08 1.566553e-11 2.361178e-08 1.590860e-06 4.164387e-04 3.595603e-23 3.180485e-08 4.505582e-19 2.107564e-15 4.674988e-11 3.969346e-15 2.017090e-01 5.178283e-15 1.137727e-12 1.461661e-13 5.773730e-11 4.430288e-11 4.792342e-20 6.306176e-23 3.349652e-27 1.267723e-10 2.486277e-14 7.975605e-01 1.894467e-09 2.377886e-09 1.855533e-15 1.413650e-20 2.716134e-15 1.199919e-14 5.577227e-14 1.829891e-15 9.462092e-13 1.863184e-09 8.235825e-05 1.526156e-16 1.171962e-13 7.808862e-15 2.448080e-10 1.150949e-09 9.054113e-09 5.512480e-15 1.931295e-09 3.981853e-12 2.705887e-19 2.712017e-15 3.473195e-21 6.616553e-12 1.757329e-13 1.043206e-12 4.771717e-11 5.758175e-21 3.224991e-10 1.649866e-18 9.713939e-18 1.438950e-14 3.223914e-08 6.617245e-19 1.650427e-15 4.109903e-25 1.223789e-17 3.612515e-09 9.966911e-13 1.753383e-20 2.692348e-09 1.378322e-08 4.022783e-13 3.726197e-11 2.290916e-13 2.211131e-12 1.847649e-10 2.541367e-15 1.068594e-15 1.622779e-12 2.751697e-12 3.110517e-18 1.276278e-15 1.727830e-14 1.841440e-18 2.908548e-31 1.292034e-20 4.576821e-20 5.201558e-44 0.000000e+00 5.525885e-105 3.112146e-36
1.505751e-03 1.624610e-12 5.116373e-05 4.248617e-05 1.405316e-15 2.057986e-13 9.214829e-23 6.402766e-34 2.181880e-21 1.286805e-11 1.370901e-04 1.133028e-29 9.948564e-11 6.907158e-25 6.372285e-25 1.484410e-08 1.634623e-11 2.388800e-08 1.628378e-06 4.171190e-04 4.080567e-23 3.271758e-08 5.325579e-19 2.431448e-15 4.637751e-11 3.745668e-15 2.017036e-01 5.343556e-15 1.186933e-12 1.268316e-13 6.227141e-11 3.843131e-11 9.579942e-20 7.800680e-23 4.298869e-27 1.312561e-10 2.638013e-14 7.975647e-01 1.818508e-09 2.625171e-09 1.843900e-15 1.561730e-20 2.554755e-15 1.154825e-14 6.181665e-14 2.275923e-15 1.001690e-12 1.965550e-09 8.202876e-05 1.568333e-16 1.126605e-13 7.965745e-15 2.454887e-10 1.327844e-09 1.070395e-08 5.673384e-15 1.860718e-09 3.766836e-12 3.177212e-19 2.022971e-15 4.358665e-21 7.654159e-12 1.693089e-13 1.213142e-12 5.549846e-11 6.484070e-21 3.189103e-10 1.499562e-18 1.113519e-17 1.498120e-14 3.263900e-08 4.497573e-19 1.649351e-15 5.254427e-25 8.558577e-18 3.791873e-09 1.434434e-12 1.721183e-20 2.186922e-09 1.386718e-08 4.153941e-13 3.710271e-11 1.675575e-13 2.276641e-12 1.919220e-10 2.719030e-15 1.204587e-15 1.681274e-12 2.853038e-12 3.588496e-18 1.301733e-15 1.794199e-14 1.913091e-18 2.703195e-31 1.677604e-20 5.790830e-20 8.672983e-44 0.000000e+00 2.962216e-107 4.570671e-39
1.307374e-03 1.866172e-12 5.220364e-05 4.291260e-05 1.950575e-15 3.299647e-13 1.127370e-22 1.051769e-33 2.801450e-21 1.412607e-11 1.363517e-04 1.624266e-29 1.117255e-10 9.523084e-25 7.459039e-25 1.415474e-08 1.688275e-11 2.411487e-08 1.664865e-06 4.178149e-04 4.620972e-23 3.348765e-08 6.272738e-19 2.812541e-15 4.587486e-11 3.601202e-15 2.016981e-01 5.514183e-15 1.240305e-12 1.106758e-13 6.823019e-11 3.365733e-11 1.824223e-19 9.810017e-23 5.556981e-27 1.358611e-10 2.823630e-14 7.975691e-01 1.749348e-09 2.843328e-09 1.834091e-15 1.721735e-20 2.377596e-15 1.113924e-14 6.780321e-14 2.794739e-15 1.059207e-12 2.106308e-09 8.169097e-05 1.611890e-16 1.077636e-13 8.110181e-15 2.460384e-10 1.520420e-09 1.310251e-08 6.063142e-15 1.796834e-09 3.517452e-12 3.783804e-19 1.647536e-15 5.395289e-21 8.715247e-12 1.591548e-13 1.378160e-12 6.333214e-11 7.194283e-21 3.155081e-10 1.351769e-18 1.262641e-17 1.531502e-14 3.298573e-08 2.922048e-19 1.648188e-15 6.653753e-25 5.757192e-18 3.999810e-09 2.002146e-12 1.694700e-20 1.746983e-09 1.394243e-08 4.289316e-13 3.694410e-11 1.187730e-13 2.344249e-12 1.939714e-10 2.886169e-15 1.347022e-15 1.742792e-12 2.957660e-12 4.148544e-18 1.326883e-15 1.862793e-14 1.986950e-18 2.497855e-31 2.216939e-20 7.208721e-20 1.438826e-43 0.000000e+00 1.786732e-109 5.414573e-42
1.135133e-03 2.150799e-12 5.328063e-05 4.334414e-05 2.704851e-15 5.415702e-13 1.373844e-22 1.728367e-33 3.571066e-21 1.521970e-11 1.355927e-04 2.297705e-29 1.246411e-10 1.300115e-24 8.682223e-25 1.344346e-08 1.720282e-11 2.429682e-08 1.700576e-06 4.185296e-04 5.233980e-23 3.411611e-08 7.381409e-19 3.272274e-15 4.528192e-11 3.529623e-15 2.016924e-01 5.690835e-15 1.298320e-12 9.721845e-14 7.633297e-11 2.974213e-11 3.308316e-19 1.262471e-22 7.263595e-27 1.406072e-10 3.053695e-14 7.975736e-01 1.686086e-09 3.014430e-09 1.825051e-15 1.890970e-20 2.186230e-15 1.076784e-14 7.340189e-14 3.394012e-15 1.118995e-12 2.304279e-09 8.134353e-05 1.657004e-16 1.022066e-13 8.241549e-15 2.464789e-10 1.729171e-09 1.663621e-08 6.805634e-15 1.739178e-09 3.243153e-12 4.583846e-19 1.483308e-15 6.569530e-21 9.728068e-12 1.453416e-13 1.521223e-12 7.066064e-11 7.862453e-21 3.122576e-10 1.207075e-18 1.403788e-17 1.532752e-14 3.328094e-08 1.798125e-19 1.646917e-15 8.399673e-25 3.692779e-18 4.237497e-09 2.717835e-12 1.676923e-20 1.369841e-09 1.401126e-08 4.429442e-13 3.678517e-11 8.114749e-14 2.414222e-12 1.903973e-10 3.037888e-15 1.495229e-15 1.807616e-12 3.065976e-12 4.807404e-18 1.351823e-15 1.933881e-14 2.063312e-18 2.292908e-31 2.997328e-20 8.834219e-20 2.402277e-43 0.000000e+00 1.207628e-111 5.296794e-45
9.855837e-04 2.487496e-12 5.439157e-05 4.378000e-05 3.749261e-15 9.103789e-13 1.668192e-22 2.842604e-33 4.542442e-21 1.610352e-11 1.348149e-04 3.211137e-29 1.381777e-10 1.758873e-24 1.005982e-24 1.271751e-08 1.716536e-11 2.443913e-08 1.735517e-06 4.192612e-04 5.931281e-23 3.459218e-08 8.681317e-19 3.829274e-15 4.464457e-11 3.522568e-15 2.016866e-01 5.872994e-15 1.361038e-12 8.614659e-14 8.732363e-11 2.652680e-11 5.717243e-19 1.673259e-22 9.613557e-27 1.454826e-10 3.339128e-14 7.975783e-01 1.628342e-09 3.124017e-09 1.815226e-15 2.066083e-20 1.984504e-15 1.043226e-14 7.808480e-14 4.077568e-15 1.180889e-12 2.572422e-09 8.098738e-05 1.703547e-16 9.562122e-14 8.358450e-15 2.468266e-10 1.952788e-09 2.180757e-08 8.072242e-15 1.687592e-09 2.957702e-12 5.656766e-19 1.489648e-15 7.867827e-21 1.064304e-11 1.284825e-13 1.633826e-12 7.686437e-11 8.465383e-21 3.091486e-10 1.067350e-18 1.514216e-17 1.497939e-14 3.352523e-08 1.040272e-19 1.645534e-15 1.059489e-24 2.245535e-18 4.502655e-09 3.596117e-12 1.667446e-20 1.054065e-09 1.407501e-08 4.573909e-13 3.662606e-11 5.334632e-14 2.486356e-12 1.814421e-10 3.171250e-15 1.646828e-15 1.875590e-12 3.177667e-12 5.584115e-18 1.376485e-15 2.007251e-14 2.141957e-18 2.090442e-31 4.156544e-20 1.066645e-19 4.071743e-43 0.000000e+00 9.171678e-114 4.399307e-48
8.557371e-04 2.894083e-12 5.556085e-05 4.423009e-05 5.189731e-15 1.566612e-12 2.016377e-22 4.692960e-33 5.797662e-21 1.669198e-11 1.340011e-04 4.442230e-29 1.526297e-10 2.363283e-24 1.156005e-24 1.196764e-08 1.659612e-11 2.455166e-08 1.770541e-06 4.200262e-04 6.737147e-23 3.490701e-08 1.023170e-18 4.511817e-15 4.399252e-11 3.677698e-15 2.016804e-01 6.064665e-15 1.430043e-12 7.716138e-14 1.022927e-10 2.381917e-11 9.490994e-19 2.305284e-22 1.283126e-26 1.505961e-10 3.681877e-14 7.975832e-01 1.574461e-09 3.158237e-09 1.802064e-15 2.250845e-20 1.772435e-15 1.012294e-14 8.143033e-14 4.867231e-15 1.246260e-12 2.932473e-09 8.061469e-05 1.752550e-16 8.752780e-14 8.462399e-15 2.471035e-10 2.195089e-09 2.941610e-08 1.015857e-14 1.640672e-09 2.670757e-12 7.130914e-19 1.713551e-15 9.245826e-21 1.135528e-11 1.091996e-13 1.707060e-12 8.112738e-11 8.951079e-21 3.060988e-10 9.314757e-19 1.568658e-17 1.419508e-14 3.372528e-08 5.600983e-20 1.644003e-15 1.342150e-24 1.273497e-18 4.797770e-09 4.509009e-12 1.676875e-20 7.906730e-10 1.413634e-08 4.725894e-13 3.646307e-11 3.346280e-14 2.562238e-12 1.676577e-10 3.340474e-15 1.801352e-15 1.948259e-12 3.295191e-12 6.527450e-18 1.401401e-15 2.084514e-14 2.224618e-18 1.888075e-31 5.923746e-20 1.268238e-19 6.952735e-43 0.000000e+00 7.653448e-116 3.190687e-51
7.429971e-04 3.385874e-12 5.685444e-05 4.471956e-05 7.191260e-15 2.788189e-12 2.427767e-22 7.784826e-33 7.494872e-21 1.689751e-11 1.331054e-04 6.100511e-29 1.688398e-10 3.171525e-24 1.319285e-24 1.116168e-08 1.530878e-11 2.464671e-08 1.807588e-06 4.208676e-04 7.662002e-23 3.505275e-08 1.209010e-18 5.349538e-15 4.333480e-11 3.995571e-15 2.016736e-01 6.276675e-15 1.509500e-12 6.993915e-14 1.234413e-10 2.141278e-11 1.502817e-18 3.343475e-22 1.744675e-26 1.562371e-10 4.090628e-14 7.975886e-01 1.521523e-09 3.096548e-09 1.781363e-15 2.419928e-20 1.544377e-15 9.823182e-15 8.311248e-14 5.820427e-15 1.318830e-12 3.426568e-09 8.020451e-05 1.806789e-16 7.747529e-14 8.557265e-15 2.473326e-10 2.468454e-09 4.088420e-08 1.370080e-14 1.595934e-09 2.382310e-12 9.265007e-19 2.269971e-15 1.060109e-20 1.164022e-11 8.779625e-14 1.730164e-12 8.226649e-11 9.267052e-21 3.029378e-10 7.950468e-19 1.536308e-17 1.291371e-14 3.389029e-08 2.711725e-20 1.642231e-15 1.730544e-24 6.457575e-19 5.134371e-09 5.431579e-12 1.702224e-20 5.670017e-10 1.419930e-08 4.893979e-13 3.628708e-11 1.956000e-14 2.646152e-12 1.493432e-10 3.522160e-15 1.964011e-15 2.029859e-12 3.425185e-12 7.700898e-18 1.427942e-15 2.170035e-14 2.315960e-18 1.677937e-31 8.726351e-20 1.478849e-19 1.223199e-42 0.000000e+00 6.666040e-118 1.993327e-54
6.451103e-04 3.978761e-12 5.830562e-05 4.526023e-05 9.915008e-15 5.080675e-12 2.907613e-22 1.296778e-32 9.912915e-21 1.670553e-11 1.321050e-04 8.332083e-29 1.872947e-10 4.253315e-24 1.482553e-24 1.029518e-08 1.322932e-11 2.473292e-08 1.847476e-06 4.218067e-04 8.717770e-23 3.499269e-08 1.430901e-18 6.352328e-15 4.270887e-11 4.651247e-15 2.016660e-01 6.514482e-15 1.601579e-12 6.439377e-14 1.528281e-10 1.923227e-11 2.292088e-18 5.145371e-22 2.400980e-26 1.625512e-10 4.558945e-14 7.975947e-01 1.468714e-09 2.934600e-09 1.747410e-15 2.572656e-20 1.304179e-15 9.528340e-15 8.314819e-14 6.982464e-15 1.400512e-12 4.069154e-09 7.974651e-05 1.867673e-16 6.564912e-14 8.642851e-15 2.475227e-10 2.778028e-09 5.777903e-08 1.942191e-14 1.552722e-09 2.105313e-12 1.244696e-18 3.434274e-15 1.185198e-20 1.130513e-11 6.573062e-14 1.718507e-12 7.904455e-11 9.338133e-21 2.995998e-10 6.593075e-19 1.392292e-17 1.112696e-14 3.401950e-08 1.149533e-20 1.640160e-15 2.282675e-24 2.826529e-19 5.511076e-09 6.049545e-12 1.751203e-20 3.819437e-10 1.426597e-08 5.082489e-13 3.609393e-11 1.061004e-14 2.740255e-12 1.276466e-10 3.789255e-15 2.134065e-15 2.122708e-12 3.570998e-12 9.203376e-18 1.456648e-15 2.266021e-14 2.418326e-18 1.460406e-31 1.318657e-19 1.688315e-19 2.172791e-42 0.000000e+00 5.956818e-120 1.139985e-57
5.601196e-04 4.663981e-12 5.997518e-05 4.587366e-05 1.362752e-14 9.458702e-12 3.472855e-22 2.157599e-32 1.370259e-20 1.626910e-11 1.309587e-04 1.134219e-28 2.089013e-10 5.724222e-24 1.648789e-24 9.357444e-09 1.055329e-11 2.482108e-08 1.891682e-06 4.228821e-04 9.878233e-23 3.469312e-08 1.687376e-18 7.508430e-15 4.215310e-11 5.538139e-15 2.016572e-01 6.788038e-15 1.709606e-12 6.012324e-14 1.934827e-10 1.718999e-11 3.314316e-18 8.434327e-22 3.389847e-26 1.698025e-10 5.090675e-14 7.976018e-01 1.414654e-09 2.683471e-09 1.691799e-15 2.655232e-20 1.056211e-15 9.230512e-15 8.229650e-14 8.431885e-15 1.494787e-12 4.867766e-09 7.922185e-05 1.937766e-16 5.272824e-14 8.720205e-15 2.476831e-10 3.134095e-09 8.200092e-08 2.847605e-14 1.509880e-09 1.853369e-12 1.736596e-18 5.584159e-15 1.294064e-20 1.008663e-11 4.468388e-14 1.689021e-12 7.028809e-11 9.144042e-21 2.959691e-10 5.250442e-19 1.132466e-17 8.922309e-15 3.411113e-08 4.026039e-21 1.637690e-15 3.100294e-24 1.010276e-19 5.923685e-09 6.607377e-12 1.798840e-20 2.340645e-10 1.433881e-08 5.299303e-13 3.587606e-11 5.375498e-15 2.848480e-12 1.038390e-10 4.022714e-15 2.315173e-15 2.230984e-12 3.738730e-12 1.115397e-17 1.488565e-15 2.376493e-14 2.535986e-18 1.235046e-31 2.028566e-19 1.890165e-19 4.053867e-42 0.000000e+00 5.322179e-122 1.097216e-56
4.863261e-04 5.512794e-12 6.188800e-05 4.656788e-05 1.849224e-14 1.721491e-11 4.114712e-22 3.613369e-32 1.960926e-20 1.573249e-11 1.296497e-04 1.541142e-28 2.342308e-10 7.704757e-24 1.794282e-24 8.372922e-09 7.885130e-12 2.492016e-08 1.940659e-06 4.241092e-04 1.129344e-22 3.410384e-08 1.996846e-18 8.850267e-15 4.173097e-11 7.541265e-15 2.016471e-01 7.101443e-15 1.832962e-12 5.633575e-14 2.430625e-10 1.525634e-11 4.824077e-18 1.431102e-21 4.679395e-26 1.781001e-10 5.604083e-14 7.976098e-01 1.359554e-09 2.417941e-09 1.605775e-15 2.768674e-20 8.162084e-16 8.930215e-15 8.207669e-14 1.023046e-14 1.603142e-12 5.753755e-09 7.862302e-05 2.018141e-16 4.002261e-14 8.788762e-15 2.478168e-10 3.538940e-09 1.141783e-07 4.013380e-14 1.467474e-09 1.659080e-12 2.456523e-18 9.532627e-15 1.394751e-20 7.967816e-12 2.713297e-14 1.655773e-12 5.624340e-11 8.335872e-21 2.920218e-10 3.980800e-19 8.157953e-18 6.451666e-15 3.415820e-08 1.146795e-21 1.634771e-15 4.206607e-24 2.859301e-20 6.341117e-09 6.180396e-12 1.898673e-20 1.265990e-10 1.441969e-08 5.547664e-13 3.563077e-11 2.721680e-15 2.972445e-12 8.008511e-11 4.508911e-15 2.498723e-15 2.356662e-12 3.930900e-12 1.385500e-17 1.523783e-15 2.503113e-14 2.670690e-18 1.010512e-31 3.094291e-19 2.111396e-19 7.086808e-42 0.000000e+00 4.742535e-124 2.389245e-53
4.222546e-04 6.652229e-12 6.407050e-05 4.735125e-05 2.548482e-14 3.015508e-11 4.863524e-22 6.151715e-32 2.938293e-20 1.576174e-11 1.281608e-04 2.091543e-28 2.640333e-10 1.040606e-23 1.991585e-24 7.377483e-09 5.806883e-12 2.503870e-08 1.994874e-06 4.255039e-04 1.326485e-22 3.322977e-08 2.393348e-18 1.056007e-14 4.150851e-11 1.082146e-14 2.016357e-01 7.458944e-15 1.968470e-12 5.206056e-14 2.961024e-10 1.340343e-11 7.134191e-18 2.433995e-21 6.239123e-26 1.875570e-10 6.061632e-14 7.976190e-01 1.303715e-09 2.245321e-09 1.483802e-15 2.939231e-20 6.012483e-16 8.627998e-15 8.333772e-14 1.245301e-14 1.727126e-12 6.625689e-09 7.794226e-05 2.109910e-16 2.889161e-14 8.849166e-15 2.479265e-10 3.995938e-09 1.529759e-07 5.288187e-14 1.425509e-09 1.553750e-12 3.381223e-18 1.535768e-14 1.516285e-20 5.344904e-12 1.458458e-14 1.624417e-12 3.940440e-11 6.894525e-21 2.877369e-10 2.851300e-19 5.169878e-18 4.119133e-15 3.415529e-08 2.567170e-22 1.631349e-15 5.436232e-24 6.321827e-21 6.713460e-09 5.638520e-12 2.048261e-20 5.871447e-11 1.450863e-08 5.830924e-13 3.535526e-11 1.523898e-15 3.113820e-12 5.846993e-11 4.997995e-15 2.685772e-15 2.501818e-12 4.150110e-12 1.752617e-17 1.562501e-15 2.647598e-14 2.824249e-18 7.975642e-32 4.600890e-19 2.485552e-19 1.249124e-41 0.000000e+00 4.229139e-126 4.971490e-50
3.666242e-04 8.433412e-12 6.655262e-05 4.823341e-05 3.621153e-14 4.927666e-11 5.714686e-22 1.090978e-31 4.439653e-20 1.666528e-11 1.264719e-04 2.838527e-28 2.993566e-10 1.407830e-23 2.301629e-24 6.414514e-09 4.519724e-12 2.518418e-08 2.054899e-06 4.270845e-04 1.651306e-22 3.205869e-08 2.955332e-18 1.300179e-14 4.155205e-11 1.792091e-14 2.016226e-01 7.865442e-15 2.109528e-12 4.679330e-14 3.385586e-10 1.161087e-11 1.167365e-17 3.959477e-21 7.473975e-26 1.983029e-10 6.363016e-14 7.976295e-01 1.247423e-09 2.282182e-09 1.327508e-15 3.413788e-20 4.246931e-16 8.323916e-15 8.555954e-14 1.519430e-14 1.868526e-12 7.373711e-09 7.717057e-05 2.214359e-16 1.999072e-14 8.902685e-15 2.480145e-10 4.510346e-09 1.951679e-07 6.227883e-14 1.383919e-09 1.568115e-12 4.268334e-18 2.322923e-14 1.684410e-20 2.971033e-12 6.979551e-15 1.596783e-12 2.390142e-11 4.727733e-21 2.830906e-10 1.919279e-19 2.980041e-18 2.265795e-15 3.410206e-08 4.620240e-23 1.627366e-15 6.207716e-24 1.108563e-21 6.981947e-09 4.579329e-12 2.352939e-20 2.298668e-11 1.460706e-08 6.152953e-13 3.504633e-11 1.019849e-15 3.274535e-12 4.041734e-11 5.666142e-15 2.871726e-15 2.668885e-12 4.399369e-12 2.270355e-17 1.604681e-15 2.811930e-14 2.998751e-18 6.067056e-32 6.557299e-19 3.227559e-19 2.040024e-41 0.000000e+00 3.767885e-128 9.620926e-47
3.183230e-04 1.117457e-11 6.936368e-05 4.922322e-05 5.332929e-14 7.543224e-11 6.690093e-22 2.012855e-31 6.679544e-20 1.857497e-11 1.245640e-04 3.854722e-28 3.415029e-10 1.910862e-23 2.802929e-24 5.527471e-09 3.818130e-12 2.536358e-08 2.121284e-06 4.288684e-04 2.173800e-22 3.060108e-08 3.730159e-18 1.644224e-14 4.193697e-11 3.275350e-14 2.016078e-01 8.325635e-15 2.246911e-12 4.077833e-14 3.617340e-10 9.888889e-12 2.124781e-17 6.063978e-21 7.953896e-26 2.104619e-10 6.493292e-14 7.976414e-01 1.191029e-09 2.588419e-09 1.148138e-15 4.376743e-20 2.914116e-16 8.018337e-15 8.771621e-14 1.857389e-14 2.029073e-12 7.944138e-09 7.629935e-05 2.332732e-16 1.341054e-14 8.950527e-15 2.480814e-10 5.087427e-09 2.370655e-07 6.610450e-14 1.342624e-09 1.722965e-12 4.855571e-18 3.241501e-14 1.912168e-20 1.375213e-12 3.014908e-15 1.601606e-12 1.276008e-11 2.537405e-21 2.780644e-10 1.216135e-19 1.620519e-18 1.072387e-15 3.400483e-08 6.833640e-24 1.622764e-15 6.026386e-24 1.589033e-22 7.105480e-09 3.468078e-12 2.845668e-20 7.636071e-12 1.471535e-08 6.517455e-13 3.470112e-11 8.030453e-16 3.456436e-12 2.652924e-11 6.317884e-15 3.062576e-15 2.860369e-12 4.681558e-12 3.000425e-17 1.650187e-15 2.998006e-14 3.196196e-18 4.453951e-32 8.941426e-19 4.598595e-19 3.125036e-41 0.000000e+00 3.359075e-130 1.553294e-43
2.763852e-04 1.505967e-11 7.253742e-05 5.033072e-05 7.955485e-14 1.095211e-10 7.804931e-22 3.786015e-31 9.892507e-20 2.114971e-11 1.224151e-04 5.241936e-28 3.921250e-10 2.602906e-23 3.531358e-24 4.751494e-09 3.418690e-12 2.558436e-08 2.194736e-06 4.308753e-04 2.949290e-22 2.887462e-08 4.702375e-18 2.082439e-14 4.275432e-11 6.340117e-14 2.015910e-01 8.844936e-15 2.370476e-12 3.448886e-14 3.650610e-10 8.268617e-12 4.166726e-17 8.766751e-21 7.663607e-26 2.241766e-10 6.473287e-14 7.976549e-01 1.134753e-09 3.173945e-09 9.621432e-16 6.037952e-20 1.976606e-16 7.711139e-15 8.922717e-14 2.275313e-14 2.210757e-12 8.334771e-09 7.531868e-05 2.466472e-16 8.833035e-15 8.993771e-15 2.481271e-10 5.732641e-09 2.763111e-07 6.443232e-14 1.301435e-09 2.031342e-12 5.122047e-18 4.201527e-14 2.199301e-20 5.464813e-13 1.190315e-15 1.667141e-12 6.231409e-12 1.045128e-21 2.726319e-10 7.317087e-20 8.493378e-19 4.432021e-16 3.387262e-08 8.521352e-25 1.617481e-15 5.050157e-24 1.919452e-23 7.080875e-09 2.444119e-12 3.528280e-20 2.202907e-12 1.483423e-08 6.928698e-13 3.431645e-11 6.946250e-16 3.661650e-12 1.660684e-11 6.856141e-15 3.267393e-15 3.079295e-12 5.000001e-12 4.028575e-17 1.698728e-15 3.208011e-14 3.418884e-18 3.161654e-32 1.172517e-18 6.788056e-19 4.367289e-41 0.000000e+00 2.997399e-132 1.954994e-40
2.399726e-04 2.019113e-11 7.610852e-05 5.156597e-05 1.176869e-13 1.529136e-10 9.075281e-22 7.136978e-31 1.435146e-19 2.395070e-11 1.200029e-04 7.143190e-28 4.531796e-10 3.557493e-23 4.531989e-24 4.113170e-09 3.140480e-12 2.585457e-08 2.276093e-06 4.331254e-04 4.038311e-22 2.692406e-08 5.820265e-18 2.588243e-14 4.411520e-11 1.229850e-13 2.015722e-01 9.428878e-15 2.470300e-12 2.841386e-14 3.536527e-10 6.787194e-12 8.449819e-17 1.209599e-20 6.906382e-26 2.395928e-10 6.337725e-14 7.976701e-01 1.078734e-09 4.034743e-09 7.851154e-16 8.668276e-20 1.350939e-16 7.402094e-15 8.996258e-14 2.793858e-14 2.415621e-12 8.557767e-09 7.421838e-05 2.617068e-16 5.781274e-15 9.033421e-15 2.481514e-10 6.451060e-09 3.121417e-07 5.889678e-14 1.260161e-09 2.501339e-12 5.209250e-18 5.103703e-14 2.542912e-20 1.957724e-13 4.334138e-16 1.804154e-12 2.920207e-12 3.442111e-22 2.667639e-10 4.231683e-20 4.326340e-19 1.635608e-16 3.371255e-08 9.136969e-26 1.611454e-15 3.839042e-24 2.004086e-24 6.939208e-09 1.591574e-12 4.393816e-20 5.747845e-13 1.496446e-08 7.391034e-13 3.388919e-11 6.241887e-16 3.892346e-12 9.964929e-12 7.272952e-15 3.495996e-15 3.328979e-12 5.358091e-12 5.457481e-17 1.749859e-15 3.444173e-14 3.669162e-18 2.174702e-32 1.490428e-18 9.889800e-19 5.458121e-41 0.000000e+00 2.677562e-134 1.787002e-37
2.083571e-04 2.671452e-11 8.012069e-05 5.294191e-05 1.732011e-13 2.095053e-10 1.056085e-21 1.339527e-30 2.077921e-19 2.702750e-11 1.172991e-04 9.758175e-28 5.270712e-10 4.888144e-23 5.941159e-24 3.631861e-09 2.907122e-12 2.618336e-08 2.366543e-06 4.356438e-04 5.546306e-22 2.483271e-08 7.052560e-18 3.145306e-14 4.615980e-11 2.231254e-13 2.015510e-01 1.008434e-14 2.537739e-12 2.295446e-14 3.359458e-10 5.470629e-12 1.683895e-16 1.621058e-20 6.143779e-26 2.568917e-10 6.128799e-14 7.976872e-01 1.022920e-09 5.176041e-09 6.273584e-16 1.239541e-19 9.451143e-17 7.090219e-15 8.997116e-14 3.439479e-14 2.646194e-12 8.618699e-09 7.298579e-05 2.786373e-16 3.792409e-15 9.070544e-15 2.481543e-10 7.249576e-09 3.447720e-07 5.219765e-14 1.218569e-09 3.138889e-12 5.253108e-18 5.859771e-14 2.946138e-20 6.690731e-14 1.459451e-16 2.014780e-12 1.369622e-12 1.039587e-22 2.604145e-10 2.373127e-20 2.134624e-19 5.511991e-17 3.352808e-08 8.386307e-27 1.604607e-15 2.780104e-24 1.832257e-25 6.729531e-09 1.046137e-12 5.389624e-20 1.430723e-13 1.510700e-08 7.909875e-13 3.341526e-11 5.661574e-16 4.151222e-12 5.752794e-12 7.307478e-15 3.764917e-15 3.613551e-12 5.760049e-12 7.390136e-17 1.803281e-15 3.709261e-14 3.949949e-18 1.450802e-32 1.855862e-18 1.413999e-18 6.553413e-41 0.000000e+00 2.399328e-136 1.095362e-34
1.809069e-04 3.489616e-11 8.461996e-05 5.447263e-05 2.507239e-13 2.808708e-10 1.226843e-21 2.512415e-30 2.949233e-19 2.988081e-11 1.142736e-04 1.337897e-27 6.167034e-10 6.735229e-23 7.889377e-24 3.328374e-09 2.691819e-12 2.658056e-08 2.467527e-06 4.384573e-04 7.645903e-22 2.266978e-08 8.371158e-18 3.718313e-14 4.906342e-11 3.802393e-13 2.015271e-01 1.081870e-14 2.563285e-12 1.827723e-14 3.147401e-10 4.329641e-12 3.321274e-16 2.111159e-20 5.362275e-26 2.762682e-10 5.851989e-14 7.977064e-01 9.671820e-10 6.603470e-09 4.937908e-16 1.785526e-19 6.847624e-17 6.774249e-15 8.916233e-14 4.243535e-14 2.905201e-12 8.523676e-09 7.160727e-05 2.976392e-16 2.502157e-15 9.106118e-15 2.481362e-10 8.136025e-09 3.748008e-07 4.491818e-14 1.176548e-09 3.954017e-12 5.318487e-18 6.465455e-14 3.407457e-20 2.322117e-14 4.572450e-17 2.297627e-12 6.624903e-13 2.867134e-23 2.535321e-10 1.299386e-20 1.061195e-19 1.721225e-17 3.332006e-08 6.742522e-28 1.596860e-15 1.974623e-24 1.486784e-26 6.504193e-09 6.430138e-13 6.599479e-20 3.596784e-14 1.526321e-08 8.491030e-13 3.289024e-11 5.137794e-16 4.441170e-12 3.203623e-12 7.302828e-15 4.076239e-15 3.937640e-12 6.210408e-12 9.952112e-17 1.858512e-15 4.006247e-14 4.264373e-18 9.397655e-33 2.269971e-18 1.949550e-18 7.040916e-41 0.000000e+00 2.152583e-138 4.496695e-32
1.570732e-04 4.520046e-11 8.965967e-05 5.617421e-05 3.637617e-13 3.744575e-10 1.437809e-21 4.754262e-30 4.211848e-19 3.296387e-11 1.108921e-04 1.841499e-27 7.255125e-10 9.328094e-23 1.071220e-23 3.228182e-09 2.497796e-12 2.705704e-08 2.580810e-06 4.415959e-04 1.064861e-21 2.054444e-08 9.829121e-18 4.309811e-14 5.305484e-11 5.967698e-13 2.015004e-01 1.164021e-14 2.538579e-12 1.445496e-14 2.967222e-10 3.362369e-12 6.242203e-16 2.713239e-20 5.043246e-26 2.979405e-10 5.547979e-14 7.977281e-01 9.113008e-10 8.316744e-09 3.847047e-16 2.504880e-19 5.149015e-17 6.452569e-15 8.763746e-14 5.241876e-14 3.195685e-12 8.286317e-09 7.006759e-05 3.189370e-16 1.663827e-15 9.141065e-15 2.480975e-10 9.120203e-09 4.024995e-07 3.878500e-14 1.134069e-09 4.956682e-12 5.462321e-18 6.933842e-14 3.938311e-20 8.531742e-15 1.335393e-17 2.662598e-12 3.348690e-13 8.101188e-24 2.460548e-10 6.967723e-21 5.377177e-20 5.041206e-18 3.308776e-08 4.703911e-29 1.588128e-15 1.399983e-24 1.075774e-27 6.313490e-09 4.193904e-13 7.974327e-20 9.544511e-15 1.543438e-08 9.140982e-13 3.230907e-11 4.654964e-16 4.765421e-12 1.722854e-12 6.930747e-15 4.451041e-15 4.306559e-12 6.714236e-12 1.322570e-16 1.915593e-15 4.338447e-14 4.615930e-18 5.912557e-33 2.747184e-18 2.653299e-18 7.537217e-41 0.000000e+00 1.938739e-140 1.131119e-29
1.363794e-04 5.836644e-11 9.529726e-05 5.806471e-05 5.245751e-13 4.914121e-10 2.043890e-21 1.175758e-29 5.918251e-19 3.571167e-11 1.071167e-04 2.548405e-27 8.577185e-10 1.294447e-22 1.478157e-23 3.371637e-09 2.328292e-12 2.762485e-08 2.708488e-06 4.450928e-04 1.506223e-21 1.853184e-08 1.149623e-17 4.895597e-14 5.843109e-11 8.861711e-13 2.014705e-01 1.255805e-14 2.452675e-12 1.139699e-14 2.823810e-10 2.556031e-12 1.139747e-15 3.425793e-20 2.000762e-25 3.221511e-10 5.217599e-14 7.977523e-01 8.549813e-10 1.029452e-08 2.977809e-16 3.516863e-19 4.008712e-17 6.123154e-15 8.543525e-14 6.474635e-14 3.521029e-12 7.942865e-09 6.834981e-05 3.427820e-16 1.114890e-15 9.176191e-15 2.480386e-10 1.021337e-08 4.278358e-07 3.368066e-14 1.091259e-09 6.170781e-12 5.707486e-18 7.314797e-14 4.539155e-20 3.409314e-15 3.663688e-18 3.112153e-12 1.769750e-13 2.187191e-24 2.379122e-10 3.675231e-21 2.892535e-20 1.389926e-18 3.282953e-08 2.927581e-30 1.578315e-15 1.002213e-24 7.009437e-29 6.203421e-09 2.748228e-13 9.710110e-20 2.736549e-15 1.562213e-08 9.866923e-13 3.166603e-11 4.228975e-16 5.127556e-12 8.944910e-13 6.608093e-15 4.891104e-15 4.726434e-12 7.277159e-12 1.729217e-16 1.974659e-15 4.709543e-14 5.008491e-18 3.617099e-33 3.282681e-18 3.524554e-18 7.359047e-41 0.000000e+00 1.748646e-142 1.779210e-27
1.184120e-04 7.575532e-11 1.015946e-04 6.016284e-05 7.669784e-13 6.409881e-10 1.417198e-20 1.253214e-28 8.388164e-19 3.868046e-11 1.029081e-04 3.547705e-27 1.018162e-09 1.803542e-22 2.096553e-23 3.819659e-09 2.203199e-12 2.829716e-08 2.852925e-06 4.489816e-04 2.184601e-21 1.675342e-08 1.362550e-17 5.520990e-14 6.558594e-11 1.252683e-12 2.014369e-01 1.358162e-14 2.295640e-12 9.023884e-15 2.769624e-10 1.893443e-12 1.971377e-15 4.305928e-20 5.809372e-24 3.491493e-10 4.900648e-14 7.977795e-01 7.979036e-10 1.248675e-08 2.291985e-16 4.823810e-19 3.204987e-17 5.783898e-15 8.296773e-14 7.986013e-14 3.884718e-12 7.558792e-09 6.643655e-05 3.694345e-16 7.559128e-16 9.212195e-15 2.479599e-10 1.142783e-08 4.498884e-07 3.035869e-14 1.048366e-09 7.626208e-12 6.210573e-18 7.652477e-14 5.224841e-20 1.494967e-15 9.494034e-19 3.641406e-12 9.678751e-14 6.129905e-25 2.290297e-10 1.912317e-21 1.647206e-20 3.614619e-19 3.254341e-08 1.626127e-31 1.567328e-15 7.334748e-25 4.132808e-30 6.219380e-09 2.048264e-13 1.185051e-19 8.602962e-16 1.582795e-08 1.067622e-12 3.095524e-11 3.883111e-16 5.531245e-12 4.473471e-13 6.065197e-15 5.431920e-15 5.204001e-12 7.904957e-12 2.214749e-16 2.036713e-15 5.123304e-14 5.446025e-18 2.154502e-33 3.883812e-18 4.742099e-18 7.228002e-41 0.000000e+00 1.583157e-144 1.603267e-25
1.028117e-04 1.006873e-10 1.086287e-04 6.249254e-05 1.154156e-12 8.255309e-10 2.548025e-19 3.877080e-27 1.246169e-18 4.221361e-11 9.821593e-05 4.984517e-27 1.212932e-09 2.535393e-22 3.117332e-23 4.669393e-09 2.164018e-12 2.909024e-08 3.017103e-06 4.533057e-04 3.310604e-21 1.533178e-08 1.680172e-17 6.341252e-14 7.506466e-11 1.709341e-12 2.013994e-01 1.472293e-14 2.054442e-12 7.288603e-15 2.869874e-10 1.353185e-12 3.251112e-15 5.504169e-20 1.330899e-22 3.792532e-10 4.629809e-14 7.978100e-01 7.396046e-10 1.477259e-08 1.746369e-16 6.543695e-19 2.611324e-17 5.431784e-15 8.138394e-14 9.834988e-14 4.291174e-12 7.275000e-09 6.430560e-05 3.992271e-16 5.237114e-16 9.249721e-15 2.478613e-10 1.277877e-08 4.671321e-07 2.913951e-14 1.005675e-09 9.384543e-12 8.968554e-18 7.989050e-14 6.003104e-20 7.315532e-16 2.345833e-19 4.180175e-12 5.355808e-14 1.741610e-25 2.193105e-10 9.851710e-22 1.018085e-20 8.769820e-20 3.222663e-08 8.190953e-33 1.555050e-15 5.601054e-25 8.752714e-32 6.410064e-09 1.776953e-13 1.483507e-19 3.030126e-16 1.605383e-08 1.157828e-12 3.016907e-11 3.691898e-16 5.981169e-12 2.135002e-13 5.447600e-15 6.129602e-15 5.747944e-12 8.605000e-12 2.775602e-16 2.103335e-15 5.584542e-14 5.933593e-18 1.251804e-33 4.537577e-18 7.458654e-18 7.235605e-41 0.000000e+00 1.437597e-146 8.365498e-24
8.926665e-05 1.477593e-10 1.164833e-04 6.507909e-05 1.942954e-12 1.043441e-09 3.486891e-18 1.017712e-25 2.576318e-18 5.002695e-11 9.298663e-05 7.210209e-27 1.449154e-09 3.835459e-22 5.376155e-23 6.068704e-09 2.392819e-12 3.002348e-08 3.204506e-06 4.581104e-04 5.655826e-21 1.445854e-08 2.334802e-17 8.280066e-14 8.764380e-11 2.256107e-12 2.013575e-01 1.599475e-14 1.715606e-12 6.486710e-15 3.443964e-10 9.150174e-13 5.134053e-15 8.706106e-20 2.053872e-21 4.128014e-10 4.545553e-14 7.978441e-01 6.796184e-10 1.682489e-08 1.298933e-16 8.906879e-19 2.150301e-17 5.063580e-15 8.542507e-14 1.211413e-13 4.745112e-12 7.440419e-09 6.193331e-05 4.325214e-16 3.809815e-16 9.289252e-15 2.477422e-10 1.428091e-08 4.774915e-07 3.224320e-14 9.634885e-10 1.154172e-11 3.803067e-17 8.354568e-14 6.892691e-20 4.267554e-16 5.633213e-20 4.477163e-12 2.879014e-14 5.045013e-26 2.086509e-10 5.047131e-22 7.384584e-21 1.892204e-20 3.187642e-08 0.000000e+00 1.541360e-15 4.634431e-25 0.000000e+00 6.836198e-09 1.926308e-13 2.048639e-19 1.301873e-16 1.630174e-08 1.258310e-12 2.929955e-11 3.953609e-16 6.482302e-12 9.449973e-14 4.829449e-15 7.168639e-15 6.368555e-12 9.385144e-12 3.401811e-16 2.176802e-15 6.098370e-14 6.476570e-18 7.113495e-34 5.243088e-18 2.367332e-17 9.822218e-41 0.000000e+00 1.309819e-148 2.490012e-22
7.750613e-05 2.763956e-10 1.252623e-04 6.795225e-05 4.356624e-12 1.288729e-09 3.383109e-17 2.499913e-24 1.085526e-17 7.756213e-11 8.715443e-05 1.213344e-26 1.735472e-09 8.724277e-22 1.343496e-22 8.231090e-09 3.400889e-12 3.112521e-08 3.420069e-06 4.634506e-04 1.261099e-20 1.448920e-08 4.251633e-17 1.564746e-13 1.046419e-10 2.850109e-12 2.013106e-01 1.741284e-14 1.277408e-12 7.532773e-15 5.650013e-10 5.666689e-13 8.055871e-15 2.859914e-19 2.241010e-20 4.502079e-10 5.022106e-14 7.978822e-01 6.174899e-10 1.802199e-08 9.160270e-17 1.274408e-18 1.761023e-17 4.675217e-15 1.097439e-13 1.502223e-13 5.252276e-12 8.704226e-09 5.929059e-05 4.697817e-16 3.049693e-16 9.330914e-15 2.476010e-10 1.594457e-08 4.797735e-07 4.752347e-14 9.217139e-10 1.418685e-11 3.117389e-16 8.758818e-14 7.972207e-20 3.368986e-16 1.353442e-20 4.123794e-12 1.418561e-14 1.565702e-26 1.969231e-10 2.570130e-22 7.307174e-21 3.296408e-21 3.148965e-08 0.000000e+00 1.526114e-15 4.430881e-25 0.000000e+00 7.593504e-09 2.895839e-13 3.586459e-19 8.002552e-17 1.657381e-08 1.370296e-12 2.833747e-11 5.457095e-16 7.040763e-12 3.602980e-14 4.297036e-15 9.082069e-15 7.080570e-12 1.025505e-11 4.078893e-16 2.260108e-15 6.671075e-14 7.081567e-18 3.945957e-34 6.170194e-18 1.446747e-16 3.597282e-40 0.000000e+00 1.198106e-150 4.280581e-21
6.729501e-05 6.321870e-10 1.350889e-04 7.114201e-05 1.304665e-11 1.645840e-09 2.415421e-16 5.914485e-23 6.185702e-17 1.670779e-10 8.064345e-05 3.313717e-26 2.082406e-09 4.080894e-21 5.049156e-22 1.140968e-08 5.555765e-12 3.244295e-08 3.672676e-06 4.693855e-04 3.553202e-20 1.614441e-08 1.039478e-16 4.423358e-13 1.288981e-10 3.370108e-12 2.012581e-01 1.899585e-14 7.928883e-13 1.137462e-14 1.193225e-09 3.139304e-13 1.423638e-14 1.566614e-18 1.810002e-19 4.919478e-10 6.321636e-14 7.979250e-01 5.531323e-10 1.834193e-08 5.893510e-17 1.964749e-18 1.376859e-17 4.261940e-15 1.782913e-13 1.908491e-13 5.819145e-12 1.112195e-08 5.634316e-05 5.116409e-16 2.624881e-16 9.373499e-15 2.474323e-10 1.775537e-08 4.770224e-07 8.967671e-14 8.784891e-10 1.725961e-11 2.328256e-15 9.161714e-14 9.671536e-20 3.340244e-16 3.264371e-21 3.353006e-12 6.368168e-15 1.513926e-26 1.839791e-10 1.270859e-22 9.635366e-21 5.165955e-22 3.106289e-08 0.000000e+00 1.509148e-15 5.322618e-25 0.000000e+00 8.866935e-09 5.575752e-13 7.642789e-19 6.197493e-17 1.687149e-08 1.495238e-12 2.727416e-11 8.733810e-16 7.663773e-12 1.050190e-14 3.565341e-15 1.305845e-14 7.908666e-12 1.122611e-11 4.789408e-16 2.356728e-15 7.310078e-14 7.756357e-18 2.085107e-34 8.572388e-18 8.769772e-16 2.721433e-39 0.000000e+00 1.099831e-152 4.489852e-20
5.842916e-05 1.535685e-09 1.461124e-04 7.466984e-05 4.705813e-11 2.671601e-09 1.318988e-15 1.163290e-21 3.187062e-16 4.144745e-10 7.337003e-05 1.518388e-25 2.503857e-09 2.438342e-20 2.374060e-21 1.574374e-08 7.695252e-12 3.401437e-08 3.979568e-06 4.759724e-04 1.113232e-19 2.035376e-08 3.113323e-16 1.301410e-12 1.659084e-10 3.772368e-12 2.011992e-01 2.076623e-14 3.917464e-13 1.668046e-14 2.453639e-09 1.614309e-13 3.108835e-14 8.794047e-18 1.127097e-18 5.385371e-10 7.505861e-14 7.979730e-01 4.871580e-10 1.989411e-08 3.375626e-17 2.993437e-18 9.593162e-18 3.818418e-15 2.789333e-13 2.532824e-13 6.452022e-12 1.262705e-08 5.305083e-05 5.590697e-16 1.814414e-16 9.412005e-15 2.472214e-10 1.964495e-08 4.740416e-07 1.766081e-13 8.255287e-10 2.080559e-11 1.306094e-14 9.417836e-14 1.404156e-19 3.274388e-16 7.586527e-22 2.933261e-12 3.086528e-15 7.490752e-26 1.696534e-10 5.654580e-23 1.239549e-20 1.075496e-22 3.059356e-08 0.000000e+00 1.490271e-15 8.361759e-25 0.000000e+00 1.086361e-08 1.155322e-12 1.712521e-18 3.654055e-17 1.719444e-08 1.634863e-12 2.610376e-11 1.181996e-15 8.359884e-12 2.071974e-15 2.378753e-15 2.128282e-14 8.891117e-12 1.231176e-11 5.512555e-16 2.470545e-15 8.024213e-14 8.509882e-18 9.724448e-35 1.854155e-17 4.359789e-15 2.347097e-38 0.000000e+00 1.013826e-154 3.047301e-19
5.073136e-05 3.767411e-09 1.585102e-04 7.852121e-05 1.912714e-10 5.909047e-09 5.678781e-15 1.393488e-20 1.334247e-15 8.691363e-10 6.525628e-05 7.810428e-25 3.021460e-09 1.308075e-19 1.143023e-20 2.095797e-08 8.249159e-12 3.555680e-08 4.369577e-06 4.832516e-04 3.626670e-19 2.720650e-08 1.015331e-15 2.646549e-12 2.197619e-10 4.557987e-12 2.011331e-01 2.275170e-14 1.782361e-13 1.711883e-14 4.314673e-09 8.035148e-14 7.246894e-14 4.596748e-17 5.598192e-18 5.904002e-10 6.840536e-14 7.980270e-01 4.208043e-10 2.447833e-08 1.791124e-17 3.905119e-18 6.034488e-18 3.339447e-15 2.976174e-13 3.280445e-13 7.152444e-12 1.147537e-08 4.936801e-05 6.136137e-16 7.601065e-17 9.435942e-15 2.469343e-10 2.143946e-08 4.578955e-07 3.218837e-13 7.453953e-10 2.520658e-11 5.366658e-14 9.279111e-14 2.871343e-19 2.952666e-16 1.663478e-22 3.125236e-12 1.917408e-15 2.772408e-25 1.537828e-10 2.003731e-23 1.196017e-20 2.830144e-23 3.008242e-08 1.250429e-26 1.469260e-15 1.666101e-24 7.116925e-27 1.344141e-08 2.381223e-12 3.838386e-18 1.330913e-17 1.753884e-08 1.791205e-12 2.482648e-11 1.199772e-15 9.138886e-12 2.845268e-16 1.330572e-15 3.658307e-14 1.005342e-11 1.352726e-11 6.225644e-16 2.605265e-15 8.823998e-14 9.350509e-18 3.529728e-35 5.862475e-17 1.723326e-14 1.991066e-37 0.000000e+00 9.380531e-157 1.467027e-18
4.404770e-05 8.396073e-09 1.724769e-04 8.256293e-05 7.724226e-10 1.412820e-08 1.976541e-14 7.226270e-20 4.341465e-15 1.341906e-09 5.627864e-05 3.703683e-24 3.662385e-09 5.924363e-19 4.816313e-20 2.608752e-08 7.402295e-12 3.581453e-08 4.881875e-06 4.912005e-04 1.022759e-18 3.676281e-08 3.058991e-15 3.386018e-12 2.777756e-10 5.964761e-12 2.010589e-01 2.498543e-14 1.011309e-13 1.187555e-14 6.960188e-09 3.711241e-14 1.593820e-13 2.020229e-16 2.281877e-17 6.470280e-10 4.854377e-14 7.980878e-01 3.554635e-10 3.084944e-08 1.092183e-17 3.969581e-18 4.284948e-18 2.822668e-15 2.089268e-13 3.406153e-13 7.896079e-12 8.959096e-09 4.525172e-05 6.773996e-16 2.395204e-17 9.439932e-15 2.465353e-10 2.273710e-08 3.896481e-07 4.734770e-13 6.248809e-10 2.991319e-11 1.783433e-13 8.546750e-14 7.639987e-19 2.507612e-16 3.860126e-23 4.057982e-12 1.400942e-15 4.842471e-25 1.362714e-10 5.079027e-24 9.429235e-21 8.300624e-24 2.953657e-08 4.356236e-29 1.445860e-15 3.710717e-24 9.451037e-29 1.667185e-08 4.414375e-12 7.723584e-18 3.851579e-18 1.789426e-08 1.966337e-12 2.345662e-11 1.020284e-15 1.000902e-11 5.160726e-17 8.111101e-16 6.397514e-14 1.131859e-11 1.488592e-11 6.902753e-16 2.763206e-15 9.720533e-14 1.027750e-17 8.891302e-36 1.966843e-16 5.261030e-14 1.371446e-36 0.000000e+00 8.712241e-159 5.422930e-18
3.824460e-05 1.596084e-08 1.882007e-04 8.640056e-05 2.860043e-09 3.092565e-08 5.667003e-14 2.169275e-19 1.111046e-14 1.689009e-09 4.654955e-05 1.572313e-23 4.416552e-09 2.261502e-18 1.664808e-19 2.955270e-08 5.805190e-12 3.335762e-08 5.538627e-06 4.996754e-04 2.195165e-18 4.920699e-08 7.789464e-15 3.173347e-12 3.134056e-10 6.713708e-12 2.009758e-01 2.750321e-14 6.514958e-14 6.801747e-15 1.098134e-08 1.681615e-14 3.263223e-13 7.104609e-16 7.792197e-17 7.046915e-10 3.083662e-14 7.981566e-01 2.922030e-10 3.756861e-08 9.479496e-18 3.394975e-18 3.878205e-18 2.273468e-15 1.200367e-13 2.727537e-13 8.584072e-12 6.509657e-09 4.067551e-05 7.505508e-16 1.000390e-17 9.442018e-15 2.460193e-10 2.287695e-08 2.647564e-07 5.137563e-13 4.747262e-10 3.362841e-11 5.079434e-13 7.254195e-14 2.122646e-18 2.112570e-16 1.090375e-23 6.026165e-12 1.101380e-15 5.388357e-25 1.171899e-10 8.871425e-25 7.431144e-21 2.828565e-24 2.896997e-08 1.398997e-31 1.419780e-15 7.450034e-24 0.000000e+00 2.164584e-08 7.021468e-12 1.308677e-17 1.133328e-18 1.824287e-08 2.161530e-12 2.202582e-11 8.080354e-16 1.096785e-11 1.989042e-17 6.237517e-16 1.126967e-13 1.235020e-11 1.638972e-11 7.515003e-16 2.942015e-15 1.072152e-13 1.126175e-17 1.487690e-36 6.026010e-16 1.262300e-13 6.927681e-36 0.000000e+00 8.120737e-161 1.657528e-17
3.320603e-05 2.691438e-08 2.057852e-04 8.923533e-05 9.301709e-09 6.056752e-08 1.353843e-13 5.040684e-19 2.306732e-14 1.870750e-09 3.642849e-05 5.936981e-23 5.126601e-09 7.166053e-18 4.549049e-19 2.962349e-08 4.054330e-12 2.791129e-08 6.277305e-06 5.083677e-04 3.685764e-18 6.170737e-08 1.646459e-14 2.419282e-12 3.117426e-10 5.791223e-12 2.008831e-01 3.030451e-14 4.241828e-14 3.636174e-15 1.652172e-08 7.792726e-15 6.226044e-13 2.009653e-15 2.251528e-16 7.530659e-10 1.954473e-14 7.982346e-01 2.319471e-10 4.419077e-08 9.858866e-18 2.744946e-18 3.787980e-18 1.712659e-15 6.685517e-14 1.887177e-13 8.996347e-12 4.475345e-09 3.566034e-05 8.176555e-16 9.054992e-18 9.503088e-15 2.453946e-10 2.125716e-08 1.524494e-07 4.177388e-13 3.240839e-10 3.587337e-11 1.251048e-12 5.648457e-14 5.479855e-18 1.850661e-16 3.819425e-24 9.212625e-12 9.164174e-16 5.061401e-25 9.693312e-11 1.105230e-25 6.336569e-21 1.093495e-24 2.839964e-08 8.218950e-34 1.390710e-15 1.253402e-23 2.587334e-28 2.852672e-08 1.003794e-11 1.950726e-17 4.019153e-19 1.856301e-08 2.374286e-12 2.057690e-11 6.344113e-16 1.197849e-11 9.972952e-18 5.417906e-16 1.822826e-13 1.250668e-11 1.800610e-11 8.030719e-16 3.125554e-15 1.181395e-13 1.221814e-17 1.676463e-37 1.633793e-15 2.471129e-13 2.618428e-35 0.000000e+00 7.589094e-163 4.461233e-17
2.883127e-05 4.220576e-08 2.251649e-04 8.985791e-05 2.622653e-08 1.085087e-07 2.715400e-13 9.920162e-19 3.936566e-14 1.836819e-09 2.656990e-05 1.875326e-22 5.419395e-09 1.816355e-17 9.461957e-19 2.541412e-08 2.520481e-12 2.051071e-08 6.926619e-06 5.167755e-04 5.063089e-18 6.889214e-08 2.877838e-14 1.551041e-12 2.727001e-10 4.025435e-12 2.007806e-01 3.320393e-14 2.690403e-14 1.830441e-15 2.293567e-08 3.470541e-15 1.105692e-12 4.609731e-15 5.503346e-16 7.733588e-10 1.307662e-14 7.983233e-01 1.759451e-10 5.045430e-08 9.741652e-18 2.235264e-18 3.408726e-18 1.180453e-15 4.090596e-14 1.200189e-13 8.821930e-12 2.919379e-09 3.030866e-05 8.173811e-16 1.231388e-17 9.750887e-15 2.446650e-10 1.780128e-08 8.680675e-08 2.648201e-13 1.992662e-10 3.667725e-11 2.659213e-12 4.018975e-14 1.276208e-17 1.664397e-16 2.130603e-24 1.359786e-11 7.754952e-16 4.446038e-25 7.634572e-11 1.134363e-26 5.648458e-21 4.425669e-25 2.784277e-08 7.004059e-34 1.358341e-15 1.769336e-23 1.054849e-25 3.529699e-08 1.362180e-11 2.686869e-17 1.790965e-19 1.883196e-08 2.592413e-12 1.915842e-11 5.069552e-16 1.294028e-11 5.000552e-18 4.695960e-16 2.434163e-13 1.112422e-11 1.963229e-11 8.417644e-16 3.275536e-15 1.292481e-13 1.300349e-17 1.317747e-38 3.934368e-15 4.032333e-13 7.768101e-35 0.000000e+00 7.107440e-165 1.099361e-16
2.503286e-05 6.200028e-08 2.460577e-04 8.694263e-05 6.499678e-08 1.822302e-07 4.592410e-13 1.678719e-18 5.515034e-14 1.575879e-09 1.779799e-05 4.215103e-22 4.910660e-09 3.523868e-17 1.444158e-18 1.803946e-08 1.352819e-12 1.303110e-08 7.313553e-06 5.242161e-04 5.673658e-18 6.769473e-08 4.145009e-14 8.439249e-13 2.076647e-10 2.372355e-12 2.006678e-01 3.554177e-14 1.574326e-14 8.446127e-16 2.940546e-08 1.413058e-15 1.845403e-12 8.612823e-15 1.128626e-15 7.434793e-10 9.202174e-15 7.984244e-01 1.260090e-10 5.606163e-08 8.353071e-18 1.837064e-18 2.627871e-18 7.273476e-16 3.018094e-14 7.031202e-14 7.832936e-12 1.840239e-09 2.482028e-05 6.578823e-16 1.729157e-17 1.037624e-14 2.438280e-10 1.316064e-08 5.231205e-08 1.352507e-13 1.118702e-10 3.617640e-11 4.845578e-12 2.592009e-14 2.685245e-17 1.456632e-16 1.805787e-24 1.932472e-11 6.281880e-16 3.774999e-25 5.667617e-11 1.477994e-27 4.915694e-21 1.730724e-25 2.731541e-08 8.798110e-34 1.322370e-15 2.060059e-23 2.010280e-25 4.008378e-08 1.796512e-11 3.452762e-17 9.028549e-20 1.902711e-08 2.788988e-12 1.782346e-11 4.057317e-16 1.370057e-11 2.268302e-18 3.829424e-16 2.519859e-13 8.116744e-12 2.108101e-11 8.650120e-16 3.353113e-15 1.389035e-13 1.348969e-17 7.485697e-40 8.520547e-15 5.522758e-13 1.811530e-34 0.000000e+00 6.667476e-167 2.551604e-16
2.173488e-05 8.472642e-08 2.679570e-04 7.964534e-05 1.443625e-07 2.933029e-07 6.576380e-13 2.447871e-18 6.336725e-14 1.162012e-09 1.081516e-05 5.303247e-22 3.630157e-09 5.055545e-17 1.569849e-18 1.028991e-08 6.076268e-13 7.122142e-09 7.436826e-06 5.299467e-04 5.083229e-18 5.894733e-08 4.923101e-14 3.890893e-13 1.358777e-10 1.202780e-12 2.005442e-01 3.608940e-14 8.090167e-15 3.458894e-16 3.517930e-08 5.146094e-16 2.946184e-12 1.314938e-14 1.923662e-15 6.522818e-10 6.582769e-15 7.985397e-01 8.414744e-11 6.072982e-08 6.051939e-18 1.478956e-18 1.678309e-18 3.921320e-16 2.632219e-14 3.754668e-14 6.123126e-12 1.137231e-09 1.947582e-05 3.689527e-16 2.322579e-17 1.156910e-14 2.428773e-10 8.463793e-09 3.365204e-08 5.794763e-14 5.857253e-11 3.454588e-11 7.511070e-12 1.499934e-14 5.157584e-17 1.184089e-16 3.603179e-25 2.693610e-11 4.639240e-16 3.189841e-25 3.929750e-11 3.600520e-28 3.968851e-21 6.167795e-26 2.683036e-08 1.036783e-33 1.282508e-15 2.112568e-23 6.145673e-29 4.243068e-08 2.325190e-11 4.118020e-17 4.612475e-20 1.912825e-08 2.930824e-12 1.662460e-11 3.165143e-16 1.414890e-11 8.731571e-19 2.913636e-16 1.944309e-13 4.555208e-12 2.215162e-11 8.716698e-16 3.362229e-15 1.452777e-13 1.367856e-17 3.156071e-41 1.683038e-14 6.372434e-13 3.283534e-34 0.000000e+00 6.263070e-169 5.690990e-16
1.887140e-05 1.068093e-07 2.901642e-04 6.816427e-05 2.927855e-07 4.621541e-07 8.025337e-13 3.076782e-18 6.004128e-14 7.257403e-10 5.912056e-06 3.080971e-22 2.120812e-09 5.268231e-17 1.198182e-18 4.613791e-09 2.234889e-13 3.370733e-09 7.584591e-06 5.333486e-04 3.571309e-18 4.604462e-08 4.845512e-14 1.506565e-13 7.555809e-11 5.302943e-13 2.004078e-01 3.374280e-14 3.536793e-15 1.217744e-16 3.956422e-08 1.651277e-16 4.593036e-12 1.644762e-14 2.712042e-15 5.123336e-10 4.515813e-15 7.986713e-01 5.184577e-11 6.414008e-08 3.668268e-18 1.104266e-18 8.723912e-19 1.818383e-16 2.436984e-14 1.810453e-14 4.139923e-12 6.905285e-10 1.457995e-05 1.308621e-16 2.972939e-17 1.341058e-14 2.418050e-10 4.700171e-09 2.316880e-08 2.160702e-14 2.914621e-11 3.196008e-11 9.875361e-12 7.723429e-15 9.156155e-17 8.664975e-17 1.909121e-25 3.760113e-11 3.019706e-16 2.706194e-25 2.527197e-11 1.164533e-28 2.879725e-21 1.916729e-26 2.639418e-08 1.140879e-33 1.238504e-15 1.752932e-23 0.000000e+00 4.269955e-08 2.969184e-11 4.527917e-17 2.293518e-20 1.912072e-08 3.003649e-12 1.560520e-11 2.343002e-16 1.431068e-11 2.723966e-19 2.120060e-16 1.098240e-13 1.882015e-12 2.276700e-11 8.622667e-16 3.342271e-15 1.480114e-13 1.369154e-17 9.998261e-43 3.074162e-14 6.216660e-13 4.561468e-34 0.000000e+00 5.889173e-171 1.237567e-15
1.638517e-05 1.231871e-07 3.118507e-04 5.383243e-05 5.528999e-07 7.290564e-07 8.430845e-13 3.385082e-18 4.762349e-14 3.789867e-10 2.895759e-06 8.273049e-23 9.629837e-10 3.974832e-17 6.434393e-19 1.599483e-09 6.634838e-14 1.401201e-09 8.351198e-06 5.339908e-04 1.937651e-18 3.276770e-08 3.986704e-14 4.810747e-14 3.545831e-11 2.081949e-13 2.002558e-01 2.858034e-14 1.299436e-15 3.562072e-17 4.191520e-08 4.581344e-17 7.144481e-12 1.686272e-14 3.171224e-15 3.563206e-10 2.750935e-15 7.988212e-01 2.934681e-11 6.592944e-08 1.845514e-18 7.064252e-19 3.657897e-19 7.163882e-17 2.197056e-14 7.812705e-15 2.405598e-12 4.071473e-10 1.038388e-05 2.812901e-17 3.659075e-17 1.580375e-14 2.406026e-10 2.252600e-09 1.709838e-08 7.094929e-15 1.386420e-11 2.852669e-11 1.106276e-11 3.523771e-15 1.521848e-16 5.621843e-17 1.026971e-25 5.369090e-11 1.691844e-16 2.276640e-25 1.500502e-11 3.672947e-29 1.847665e-21 5.047394e-27 2.600462e-08 1.180613e-33 1.190143e-15 1.224021e-23 0.000000e+00 4.123327e-08 3.739611e-11 4.548111e-17 1.226696e-20 1.899789e-08 3.023686e-12 1.479091e-11 1.603219e-16 1.430556e-11 6.643434e-20 1.530495e-16 4.548094e-14 5.585187e-13 2.301917e-11 8.386132e-16 3.321025e-15 1.484218e-13 1.363989e-17 2.365679e-44 5.263229e-14 5.152024e-13 4.845191e-34 0.000000e+00 5.543463e-173 2.649601e-15
1.422649e-05 1.283866e-07 3.321283e-04 3.867760e-05 9.901258e-07 1.181312e-06 7.696639e-13 3.305768e-18 3.237471e-14 1.631147e-10 1.270509e-06 1.159195e-23 3.369984e-10 2.180658e-17 2.452126e-19 4.217112e-10 1.559746e-14 5.195513e-10 1.062719e-05 5.314584e-04 8.006545e-19 2.168343e-08 2.770859e-14 1.242673e-14 1.402252e-11 7.478212e-14 2.000844e-01 2.191909e-14 4.013905e-16 8.321690e-18 4.160448e-08 1.077086e-17 1.135278e-11 1.406086e-14 3.096630e-15 2.181132e-10 1.372124e-15 7.989919e-01 1.536898e-11 6.572878e-08 7.575742e-19 3.555212e-19 1.227597e-19 2.376517e-17 1.855227e-14 2.996247e-15 1.204289e-12 2.276770e-10 7.025079e-06 3.625606e-18 4.349746e-17 1.846764e-14 2.392619e-10 9.353162e-10 1.361251e-08 2.011666e-15 6.230990e-12 2.435917e-11 1.065271e-11 1.424104e-15 2.398020e-16 3.204640e-17 5.126494e-26 8.033519e-11 7.941862e-17 1.820646e-25 8.203404e-12 9.972991e-30 1.036115e-21 1.096169e-27 2.564858e-08 1.149628e-33 1.137257e-15 7.322801e-24 5.951493e-30 3.803774e-08 4.600744e-11 4.117189e-17 9.099767e-21 1.876186e-08 3.017713e-12 1.418517e-11 9.793730e-17 1.423429e-11 1.214142e-20 1.129128e-16 1.400337e-14 1.172568e-13 2.306732e-11 8.032950e-16 3.304585e-15 1.479087e-13 1.356862e-17 4.059079e-46 8.550685e-14 3.645731e-13 3.876012e-34 0.000000e+00 5.223591e-175 5.646239e-15
1.235221e-05 1.179696e-07 3.501139e-04 2.480478e-05 1.703339e-06 2.031980e-06 6.083759e-13 2.786058e-18 1.937693e-14 5.662282e-11 5.006514e-07 9.472089e-25 9.021617e-11 8.726976e-18 6.617010e-20 8.230958e-11 2.787578e-15 1.739320e-10 1.559695e-05 5.250874e-04 2.483181e-19 1.372566e-08 1.642355e-14 2.587614e-15 4.721992e-12 2.469454e-14 1.998893e-01 1.534187e-14 1.046980e-16 1.475315e-18 3.807318e-08 2.130560e-18 1.897450e-11 9.230775e-15 2.528821e-15 1.163978e-10 5.347335e-16 7.991860e-01 7.569931e-12 6.322760e-08 2.442392e-19 1.345708e-19 3.249187e-20 6.603504e-18 1.432374e-14 1.020848e-15 5.230651e-13 1.168521e-10 4.513482e-06 2.824985e-19 4.927333e-17 2.090799e-14 2.377775e-10 3.386659e-10 1.198091e-08 4.717905e-16 2.582385e-12 1.963993e-11 8.852008e-12 5.113136e-16 3.625424e-16 1.580632e-17 2.068463e-26 1.301531e-10 2.990155e-17 1.280309e-25 4.124215e-12 2.076289e-30 4.975885e-22 1.879371e-28 2.529894e-08 1.004896e-33 1.079787e-15 3.852162e-24 0.000000e+00 3.285139e-08 5.415383e-11 3.288397e-17 9.976442e-21 1.842261e-08 3.002460e-12 1.376921e-11 5.029406e-17 1.413958e-11 1.545191e-21 8.647782e-17 3.259290e-15 1.706483e-14 2.302925e-11 7.593563e-16 3.290746e-15 1.471071e-13 1.348658e-17 4.747032e-48 1.330373e-13 2.212453e-13 2.144427e-34 0.000000e+00 4.923664e-177 1.213092e-14
1.072485e-05 9.136358e-08 3.651014e-04 1.387081e-05 2.846332e-06 3.904466e-06 3.994636e-13 1.943518e-18 1.040490e-14 1.525654e-11 1.780604e-07 5.361310e-26 1.811658e-11 2.523117e-18 1.212530e-20 1.114857e-11 3.517696e-16 5.295858e-11 2.454835e-05 5.139858e-04 5.744891e-20 8.575764e-09 8.356697e-15 4.474468e-16 1.407367e-12 7.446796e-15 1.996666e-01 9.880399e-15 2.353090e-17 1.815833e-19 3.098895e-08 3.663816e-19 3.465026e-11 4.307755e-15 1.694125e-15 5.263674e-11 1.628551e-16 7.994059e-01 3.554178e-12 5.826677e-08 5.773413e-20 3.760331e-20 6.600745e-21 1.532189e-18 9.623220e-15 3.115335e-16 1.982268e-13 5.194559e-11 2.756020e-06 1.342885e-20 5.304121e-17 2.259613e-14 2.361481e-10 1.078056e-10 1.213290e-08 8.614732e-17 9.578781e-13 1.443774e-11 6.238024e-12 1.639691e-16 5.338598e-16 6.845461e-18 0.000000e+00 2.406507e-10 8.659552e-18 7.489809e-26 1.904449e-12 2.961953e-31 2.045231e-22 2.378043e-29 2.490003e-08 7.581927e-34 1.017821e-15 1.822923e-24 0.000000e+00 2.513277e-08 5.962696e-11 2.210567e-17 1.305750e-20 1.799496e-08 2.983611e-12 1.350384e-11 1.968683e-17 1.403127e-11 1.217443e-22 6.905649e-17 5.696135e-16 1.621022e-15 2.295933e-11 7.100086e-16 3.275887e-15 1.461709e-13 1.339384e-17 3.385284e-50 1.998732e-13 1.158829e-13 7.079608e-35 0.000000e+00 4.642351e-179 2.632368e-14
9.311897e-06 5.644597e-08 3.768056e-04 6.698351e-06 4.620381e-06 8.882187e-06 1.914058e-13 9.470823e-19 4.927341e-15 3.046456e-12 5.752051e-08 2.958574e-27 2.643029e-12 5.139036e-19 1.410838e-21 9.528194e-13 2.852620e-17 1.471163e-11 3.817387e-05 4.977042e-04 1.024809e-20 5.106271e-09 3.657000e-15 7.143377e-17 4.037360e-13 2.007223e-15 1.994114e-01 5.897214e-15 4.614576e-18 1.404857e-20 2.116188e-08 6.688846e-20 7.099370e-11 1.139471e-15 8.735342e-16 1.893166e-11 3.917050e-17 7.996538e-01 1.596024e-12 5.101178e-08 9.156761e-21 7.584346e-21 9.782789e-22 2.980484e-19 5.192823e-15 8.996650e-17 6.511360e-14 1.850140e-11 1.602201e-06 4.023312e-22 5.324149e-17 2.298227e-14 2.343791e-10 3.046877e-11 1.508973e-08 1.251415e-17 3.139133e-13 9.075692e-12 3.520535e-12 4.728174e-17 7.863011e-16 3.040068e-18 1.137710e-24 5.360607e-10 2.048789e-18 3.155020e-26 8.057088e-13 2.370277e-32 8.134907e-23 5.558592e-30 2.430925e-08 4.435953e-34 9.516567e-16 7.831923e-25 2.011845e-25 1.558975e-08 6.135206e-11 1.185201e-17 1.740903e-20 1.749344e-08 2.962190e-12 1.333663e-11 5.202447e-18 1.390998e-11 5.654448e-24 5.752243e-17 6.957807e-17 8.867486e-17 2.287471e-11 6.585255e-16 3.256297e-15 1.451147e-13 1.328940e-17 1.241183e-52 2.912320e-13 5.274933e-14 1.005409e-35 0.000000e+00 4.373986e-181 5.757772e-14
8.085092e-06 2.984037e-08 3.857973e-04 2.942679e-06 7.223351e-06 2.267495e-05 5.741039e-14 2.875458e-19 1.991821e-15 4.828921e-13 1.700557e-08 1.358417e-28 2.899515e-13 7.687051e-20 1.525783e-22 6.061435e-14 1.748260e-18 3.734257e-12 5.578411e-05 4.770663e-04 1.628572e-21 2.215565e-09 1.489541e-15 1.174353e-17 1.178564e-13 4.886143e-16 1.991168e-01 3.282891e-15 7.916674e-19 7.685740e-22 1.226628e-08 1.747430e-20 1.523337e-10 1.473515e-16 3.244307e-16 5.154257e-12 8.291653e-18 7.999306e-01 6.826527e-13 4.232825e-08 9.986850e-22 1.120046e-21 1.071592e-22 4.915542e-20 2.302845e-15 3.105616e-17 1.834744e-14 5.287105e-12 8.889350e-07 8.272762e-24 5.120762e-17 2.225887e-14 2.324802e-10 7.734430e-12 2.187520e-08 1.953174e-18 9.266645e-14 4.626425e-12 1.520277e-12 1.235763e-17 1.216588e-15 2.125925e-18 2.141152e-25 1.324597e-09 5.761956e-19 9.037852e-27 3.107268e-13 1.039567e-33 4.763662e-23 9.483213e-31 2.320396e-08 2.188978e-34 8.817682e-16 3.132527e-25 3.821254e-26 7.606000e-09 6.034687e-11 5.321485e-18 2.218187e-20 1.692715e-08 2.938127e-12 1.321647e-11 1.051341e-18 1.377486e-11 2.407382e-25 4.980721e-17 5.403671e-18 2.646738e-18 2.277866e-11 6.077717e-16 3.228704e-15 1.439298e-13 1.317214e-17 2.085406e-55 4.139057e-13 2.114343e-14 5.941101e-37 0.000000e+00 4.123196e-183 1.242602e-13
7.019914e-06 1.882187e-08 3.931774e-04 1.361483e-06 1.094995e-05 4.808890e-05 1.340980e-14 6.286237e-20 7.052801e-16 8.299357e-14 4.638020e-09 4.466933e-30 3.349178e-14 1.184558e-20 6.185751e-23 5.995692e-15 1.487596e-19 8.693046e-13 7.590524e-05 4.536225e-04 3.203957e-22 6.263814e-10 5.972110e-16 2.230181e-18 3.386749e-14 1.056908e-16 1.987777e-01 1.717334e-15 1.193438e-19 5.538665e-23 7.951255e-09 6.207522e-21 2.937998e-10 2.079911e-17 9.354949e-17 1.156315e-12 2.079811e-18 8.002386e-01 2.773835e-13 3.394136e-08 1.013122e-22 1.739388e-22 1.096034e-23 6.996366e-21 1.151388e-15 1.717776e-17 4.489260e-15 1.699543e-12 4.721421e-07 1.329754e-25 4.648144e-17 2.046157e-14 2.304669e-10 1.785123e-12 2.755585e-08 4.714010e-19 2.525024e-14 2.138325e-12 5.516131e-13 2.951467e-18 1.936833e-15 2.189308e-18 9.111926e-26 2.590984e-09 2.587843e-19 1.721106e-27 1.096858e-13 3.345045e-35 4.458879e-23 2.756977e-31 2.159393e-08 1.128247e-34 8.088728e-16 1.164618e-25 1.625161e-26 3.416534e-09 5.777833e-11 2.818605e-18 2.564670e-20 1.629990e-08 2.911223e-12 1.311162e-11 3.026636e-19 1.362507e-11 1.855087e-26 4.466826e-17 3.364677e-19 6.032188e-20 2.267089e-11 5.594996e-16 3.191078e-15 1.426058e-13 1.304106e-17 1.929552e-58 5.731173e-13 7.561938e-15 4.181381e-38 0.000000e+00 3.881491e-185 2.625306e-13
6.095068e-06 1.521240e-08 3.996915e-04 7.984782e-07 1.666103e-05 7.969853e-05 3.181127e-15 1.387876e-20 2.264765e-16 1.669637e-14 1.178640e-09 1.585801e-31 5.147359e-15 2.388051e-21 6.556480e-23 9.429142e-16 1.904110e-20 1.872959e-13 9.768290e-05 4.282731e-04 8.832065e-23 1.499202e-10 2.262110e-16 4.877532e-19 9.341311e-15 2.095278e-17 1.983941e-01 8.457577e-16 1.860122e-20 5.989271e-24 6.426439e-09 2.585560e-21 5.114860e-10 1.060726e-17 2.534295e-17 2.517153e-13 6.465537e-19 8.005827e-01 1.074655e-13 2.722198e-08 1.089818e-23 3.446677e-23 1.170175e-24 8.585224e-22 7.381473e-16 1.311650e-17 9.845472e-16 7.169418e-13 2.410548e-07 1.818108e-27 4.180452e-17 1.845736e-14 2.283552e-10 3.782235e-13 2.704665e-08 1.596416e-19 6.443808e-15 1.018606e-12 1.940970e-13 6.507356e-19 2.962416e-15 2.497128e-18 3.105298e-25 3.862104e-09 1.628440e-19 2.920234e-28 3.596711e-14 1.137973e-36 5.342194e-23 4.897612e-31 1.995324e-08 7.303828e-35 7.338815e-16 3.758958e-26 2.690850e-26 1.649298e-09 5.388659e-11 1.901452e-18 2.898283e-20 1.561274e-08 2.881286e-12 1.301008e-11 1.428331e-19 1.345988e-11 2.379255e-27 4.120720e-17 7.062467e-20 1.468756e-21 2.255056e-11 5.142190e-16 3.142745e-15 1.411333e-13 1.289525e-17 2.234847e-61 7.767558e-13 2.462523e-15 1.353914e-38 0.000000e+00 3.657148e-187 5.251124e-13
5.292068e-06 1.468052e-08 4.053209e-04 6.469952e-07 2.544390e-05 1.105233e-04 8.076430e-16 2.959890e-21 6.646587e-17 3.703424e-15 2.817400e-10 5.913520e-33 9.714827e-16 5.807612e-22 7.987675e-23 1.781743e-16 3.027174e-21 3.771127e-14 1.207870e-04 4.013847e-04 3.591307e-23 3.604779e-11 1.070889e-16 1.159092e-19 2.458525e-15 3.731869e-18 1.979671e-01 3.989314e-16 2.867959e-21 8.664892e-25 6.155294e-09 1.165571e-21 8.607216e-10 1.443470e-17 9.297277e-18 7.485769e-14 2.351166e-19 8.009686e-01 3.992031e-14 2.258679e-08 1.185514e-24 9.466489e-24 1.237991e-25 9.138025e-23 5.874419e-16 1.084115e-17 2.017053e-16 3.882620e-13 1.188296e-07 2.530070e-29 3.575498e-17 1.596567e-14 2.261676e-10 7.433152e-14 2.253857e-08 6.752460e-20 1.568615e-15 5.482693e-13 8.248074e-14 1.337360e-19 4.232097e-15 2.894748e-18 0.000000e+00 4.795383e-09 1.254705e-19 4.088041e-29 1.117022e-14 3.690202e-38 7.514939e-23 0.000000e+00 1.862471e-08 4.948502e-35 6.579068e-16 1.031936e-26 0.000000e+00 9.722636e-10 4.891131e-11 1.575301e-18 3.193877e-20 1.486661e-08 2.848150e-12 1.290755e-11 9.502512e-20 1.327873e-11 4.180463e-28 3.886410e-17 6.251176e-20 4.526088e-23 2.241686e-11 4.727043e-16 3.082916e-15 1.395041e-13 1.273393e-17 3.909059e-62 1.027657e-12 7.393477e-16 1.242651e-38 0.000000e+00 3.440374e-189 9.876622e-13
4.594859e-06 1.464252e-08 4.096964e-04 6.271408e-07 3.878873e-05 1.479558e-04 1.999575e-16 6.154485e-22 1.771017e-17 7.976401e-16 6.407637e-11 2.136283e-34 1.851493e-16 1.407207e-22 9.997244e-23 3.311443e-17 4.849072e-22 7.181903e-15 1.452163e-04 3.729909e-04 2.068596e-23 8.407658e-12 9.205781e-17 2.690679e-20 6.216542e-16 6.229292e-19 1.974889e-01 1.897955e-16 4.317357e-22 1.273389e-25 6.072835e-09 5.696850e-22 2.251973e-09 3.689666e-17 6.484574e-18 4.354073e-14 9.658075e-20 8.013956e-01 1.433091e-14 1.958642e-08 1.155281e-25 3.439456e-24 1.167934e-26 8.460318e-24 5.051456e-16 9.224303e-18 4.242819e-17 2.281070e-13 5.688165e-08 4.493699e-31 3.054749e-17 1.372785e-14 2.239245e-10 1.369248e-14 1.815226e-08 3.110398e-20 3.738044e-16 3.230374e-13 5.483926e-14 2.608630e-20 5.884834e-15 3.322098e-18 4.941722e-25 5.674897e-09 9.908661e-20 3.512421e-30 3.313774e-15 7.365283e-40 1.685708e-22 5.422164e-31 1.732132e-08 3.418830e-35 5.821710e-16 2.507974e-27 8.732346e-26 6.565263e-10 4.309040e-11 1.343905e-18 3.467840e-20 1.406309e-08 2.811649e-12 1.280209e-11 6.768192e-20 1.308105e-11 7.311544e-29 3.720773e-17 6.310401e-20 1.521547e-24 2.226887e-11 4.360754e-16 3.010565e-15 1.377102e-13 1.255636e-17 1.467343e-62 1.335379e-12 2.084669e-16 2.213919e-38 0.000000e+00 3.241228e-191 1.701454e-12
3.989505e-06 1.281818e-08 4.120943e-04 5.864435e-07 5.847567e-05 2.245487e-04 4.120845e-17 1.045936e-22 4.148176e-18 1.433992e-16 1.399086e-11 5.303317e-36 3.034439e-17 2.893491e-23 1.224387e-22 5.149469e-18 6.463751e-23 1.306068e-15 1.711036e-04 3.429847e-04 1.312198e-23 1.702683e-12 1.193196e-16 5.497266e-21 1.524649e-16 9.774139e-20 1.969356e-01 1.070165e-16 6.375806e-23 1.431796e-26 5.292441e-09 3.190694e-22 1.801971e-08 2.587329e-16 6.184550e-18 3.849905e-14 8.669054e-20 8.018544e-01 5.003728e-15 1.711155e-08 8.841151e-27 2.047199e-24 8.636066e-28 6.868438e-25 3.824007e-16 7.871572e-18 1.198015e-17 1.174501e-13 2.655883e-08 8.888817e-33 2.584152e-17 1.170582e-14 2.216419e-10 2.385785e-15 1.680780e-08 1.371295e-20 8.774558e-17 1.800723e-13 5.670464e-14 5.970113e-21 8.447666e-15 3.562005e-18 0.000000e+00 7.157769e-09 6.569807e-20 8.718510e-32 9.355586e-16 3.817778e-42 9.528298e-22 0.000000e+00 1.538358e-08 1.986506e-35 5.078244e-16 5.593520e-28 0.000000e+00 4.029354e-10 3.663820e-11 9.642933e-19 3.483066e-20 1.320316e-08 2.771534e-12 1.269194e-11 3.723495e-20 1.286586e-11 8.916163e-30 3.596862e-17 5.662933e-20 4.074143e-26 2.210513e-11 4.056583e-16 2.924335e-15 1.357394e-13 1.236140e-17 5.180653e-63 1.705596e-12 5.585973e-17 9.285836e-38 0.000000e+00 3.056279e-193 2.696470e-12
3.463904e-06 8.851557e-09 4.121680e-04 4.649119e-07 8.560489e-05 4.252526e-04 6.356572e-18 1.468738e-23 8.294561e-19 1.976941e-17 2.959502e-12 8.376219e-38 3.920466e-18 4.631647e-24 1.449670e-22 6.114850e-19 6.750579e-24 2.289546e-16 1.983696e-04 3.114709e-04 7.345488e-24 2.674106e-13 1.686421e-16 9.329116e-22 3.658631e-17 1.473182e-20 1.962509e-01 9.276858e-17 9.303662e-24 1.134545e-27 3.654686e-09 2.139086e-22 1.986527e-07 1.960722e-15 5.184238e-18 3.754727e-14 3.040534e-19 8.023155e-01 1.710454e-15 1.245620e-08 1.171801e-27 2.324396e-24 4.671694e-29 4.978814e-26 1.883759e-16 6.758321e-18 7.406193e-18 3.951091e-14 1.215249e-08 1.444399e-34 2.202097e-17 1.004422e-14 2.193294e-10 3.972621e-16 1.991749e-08 4.564154e-21 1.947130e-17 7.637087e-14 8.662154e-14 8.732309e-21 1.284711e-14 3.252596e-18 6.629724e-25 9.798353e-09 3.054650e-20 1.419764e-33 2.477670e-16 9.440565e-45 5.061864e-21 5.312251e-31 1.226150e-08 9.042193e-36 4.360240e-16 1.161885e-28 1.169091e-25 1.859128e-10 2.982719e-11 4.885767e-19 2.965676e-20 1.228847e-08 2.727491e-12 1.257450e-11 1.297984e-20 1.263187e-11 5.731010e-31 3.497124e-17 2.631116e-20 7.266503e-28 2.192358e-11 3.828707e-16 2.822786e-15 1.335762e-13 1.214764e-17 1.821404e-63 2.147797e-12 1.439928e-17 3.385885e-37 0.000000e+00 2.886838e-195 3.959605e-12
3.007548e-06 5.441593e-09 4.103865e-04 3.188211e-07 1.196999e-04 8.894882e-04 1.460366e-18 9.925871e-24 1.452168e-19 2.383046e-18 6.112352e-13 9.842233e-39 5.321424e-19 7.681075e-25 1.615346e-22 6.296900e-20 6.570420e-25 3.899838e-17 2.266669e-04 2.788215e-04 3.837506e-24 3.480099e-14 2.306503e-16 1.417339e-22 8.617761e-18 2.161669e-21 1.953448e-01 1.204739e-16 2.039218e-24 1.067010e-28 2.181709e-09 1.658992e-22 1.588200e-06 9.291782e-15 3.470202e-18 3.641907e-14 9.868563e-19 8.027282e-01 5.759934e-16 7.973996e-09 5.237162e-27 2.279877e-24 2.049730e-30 3.319776e-27 7.153214e-17 5.808190e-18 9.242529e-18 1.071133e-14 5.471333e-09 4.622745e-36 1.897012e-17 8.706939e-15 2.169868e-10 6.391416e-17 2.713476e-08 1.286850e-21 4.077564e-18 2.608156e-14 1.764513e-13 1.200047e-21 1.901348e-14 2.426320e-18 0.000000e+00 1.265163e-08 1.067451e-20 9.303010e-35 6.054386e-17 6.699310e-47 1.440759e-20 0.000000e+00 8.916206e-09 3.600090e-36 3.678518e-16 2.153004e-29 0.000000e+00 6.758635e-11 2.307778e-11 2.003884e-19 2.071281e-20 1.132100e-08 2.679115e-12 1.244653e-11 3.660244e-21 1.237733e-11 2.362739e-32 3.410601e-17 5.940327e-21 1.677757e-29 2.172146e-11 3.685768e-16 2.704988e-15 1.312010e-13 1.191329e-17 5.579444e-64 2.670966e-12 3.599434e-18 7.073952e-37 0.000000e+00 2.731152e-197 5.454579e-12
2.611316e-06 3.429943e-09 4.075131e-04 2.039461e-07 1.598043e-04 1.786903e-03 2.935037e-18 4.346157e-23 2.461608e-20 2.915320e-19 1.241548e-13 6.772644e-38 1.755661e-19 3.047384e-25 1.657152e-22 6.596182e-21 6.782498e-26 6.502191e-18 2.556465e-04 2.454135e-04 2.087978e-24 4.455496e-15 2.990768e-16 2.139951e-23 1.998557e-18 3.108256e-22 1.941092e-01 1.753835e-16 8.035759e-25 1.910594e-29 1.281431e-09 1.407555e-22 8.298274e-06 2.845110e-14 2.200943e-18 3.442311e-14 2.227030e-18 8.030269e-01 1.928955e-16 5.287227e-09 1.848618e-26 1.747565e-24 8.441679e-32 2.105590e-28 2.981908e-17 4.926781e-18 1.368688e-17 3.482794e-15 2.433926e-09 1.210713e-36 1.640137e-17 7.579957e-15 2.146046e-10 1.004916e-17 3.705477e-08 4.193067e-22 8.266071e-19 8.437035e-15 3.770295e-13 1.814534e-22 2.579953e-14 1.585530e-18 5.243097e-26 1.444561e-08 3.467410e-21 6.243664e-35 1.354004e-17 5.421660e-48 2.439615e-20 3.121140e-32 6.629086e-09 1.410276e-36 3.043513e-16 3.709363e-30 9.122450e-27 2.177611e-11 1.695230e-11 8.615430e-20 1.274110e-20 1.030435e-08 2.626000e-12 1.230520e-11 1.104674e-21 1.210047e-11 8.932849e-34 3.330409e-17 1.480655e-21 7.474912e-30 2.149573e-11 3.625097e-16 2.571287e-15 1.285938e-13 1.165656e-17 1.431364e-64 3.281407e-12 8.780016e-19 9.905621e-37 0.000000e+00 2.586008e-199 7.134578e-12
2.267286e-06 2.306515e-09 4.041726e-04 1.286560e-07 2.054680e-04 3.300683e-03 1.051035e-17 2.014225e-22 6.166745e-21 3.844772e-20 2.497417e-14 8.962608e-37 1.357074e-19 2.783186e-25 1.589178e-22 7.609451e-22 7.603378e-27 1.068669e-18 2.849928e-04 2.115948e-04 1.236316e-24 6.195943e-16 3.703264e-16 3.371625e-24 4.583781e-19 4.453982e-23 1.924284e-01 2.445076e-16 8.267106e-25 5.621952e-30 7.804432e-10 1.257971e-22 3.078015e-05 6.448260e-14 2.341542e-18 3.214033e-14 3.879834e-18 8.031337e-01 6.569111e-17 3.771631e-09 4.054101e-26 1.209001e-24 3.545904e-33 1.305364e-29 1.654547e-17 4.113493e-18 1.953123e-17 1.549477e-15 1.075211e-09 5.943589e-37 1.439438e-17 6.694673e-15 2.121617e-10 1.558510e-18 4.790698e-08 1.782872e-22 1.655673e-19 2.857554e-15 7.415419e-13 2.704743e-23 3.260535e-14 9.900650e-19 3.332578e-26 1.508056e-08 1.203516e-21 6.839737e-35 2.769303e-18 9.525608e-49 3.040539e-20 1.672035e-32 5.489168e-09 5.883771e-37 2.464369e-16 9.133548e-31 5.786930e-27 6.738664e-12 1.195006e-11 4.385884e-20 7.563900e-21 9.338941e-09 2.567747e-12 1.214812e-11 3.898625e-22 1.179954e-11 3.736024e-35 3.251939e-17 4.909035e-22 1.843596e-29 2.124317e-11 3.633857e-16 2.423203e-15 1.257353e-13 1.137575e-17 3.713895e-65 3.990436e-12 2.105820e-19 1.139921e-36 0.000000e+00 2.451117e-201 8.457799e-12
1.968580e-06 1.641985e-09 4.007814e-04 8.248978e-08 2.568437e-04 5.616980e-03 3.505499e-17 8.809076e-22 5.609337e-21 5.736894e-21 5.003763e-15 1.047326e-35 1.247597e-19 2.970055e-25 1.476105e-22 1.107408e-22 9.219936e-28 1.741482e-19 3.142552e-04 1.778531e-04 8.053686e-25 1.018961e-16 4.428117e-16 5.606479e-25 1.044141e-19 6.483049e-24 1.901849e-01 3.157038e-16 9.544658e-25 2.129720e-30 4.970697e-10 1.158786e-22 8.907616e-05 1.198229e-13 6.642990e-18 3.025636e-14 5.711858e-18 8.029591e-01 2.410053e-17 2.883489e-09 6.633435e-26 8.170573e-25 1.632706e-34 8.346581e-31 1.284629e-17 3.393400e-18 2.621221e-17 8.892492e-16 4.749024e-10 3.714356e-37 1.308597e-17 6.107195e-15 2.096277e-10 2.397490e-19 5.772790e-08 9.464053e-23 3.343741e-20 1.062142e-15 1.315886e-12 4.000863e-24 3.959357e-14 6.227248e-19 1.164043e-27 1.501615e-08 4.679999e-22 9.131883e-35 5.180008e-19 9.375872e-47 3.224881e-20 5.576747e-34 5.018914e-09 2.767684e-37 1.947786e-16 8.070137e-31 2.673749e-28 2.101825e-12 8.260566e-12 2.583969e-20 4.602954e-21 8.459837e-09 2.503929e-12 1.197301e-11 1.612677e-22 1.147259e-11 1.890461e-36 3.172076e-17 2.044910e-22 5.211593e-29 2.096024e-11 3.693640e-16 2.262832e-15 1.226045e-13 1.106904e-17 1.218284e-65 4.816295e-12 5.003706e-20 1.245862e-36 0.000000e+00 2.326743e-203 9.208733e-12
1.709227e-06 1.223319e-09 3.974785e-04 5.433447e-08 3.144056e-04 8.907705e-03 1.052280e-16 3.435396e-21 9.890835e-21 1.146236e-21 1.003199e-15 9.621128e-35 1.131277e-19 3.064284e-25 1.317087e-22 2.587740e-23 1.188384e-28 2.826771e-20 3.426817e-04 1.449916e-04 5.581493e-25 2.636703e-17 5.144615e-16 9.820843e-26 2.370728e-20 9.495410e-25 1.872714e-01 3.774210e-16 1.067721e-24 9.379586e-31 3.304583e-10 1.086344e-22 2.154607e-04 1.951646e-13 2.418626e-17 2.855433e-14 7.536756e-18 8.024057e-01 1.072412e-17 2.330264e-09 9.120115e-26 5.590736e-25 1.428677e-35 9.646775e-32 1.250336e-17 2.699246e-18 3.285871e-17 5.927978e-16 2.125271e-10 2.506526e-37 1.205475e-17 5.645972e-15 2.069729e-10 3.676875e-20 6.560440e-08 5.707532e-23 7.018335e-21 4.394386e-16 2.130453e-12 5.665944e-25 4.710453e-14 4.023442e-19 0.000000e+00 1.462553e-08 2.055055e-22 1.299619e-34 8.933904e-20 1.659959e-42 3.144360e-20 0.000000e+00 4.831954e-09 1.379252e-37 1.498541e-16 1.382980e-30 0.000000e+00 6.877746e-13 5.751887e-12 1.675282e-20 2.899710e-21 7.658416e-09 2.434185e-12 1.177778e-11 7.690147e-23 1.111806e-11 1.399639e-37 3.088855e-17 1.003336e-22 1.335314e-28 2.064352e-11 3.784127e-16 2.092723e-15 1.191837e-13 1.073495e-17 4.517922e-66 5.764461e-12 1.183341e-20 1.296838e-36 0.000000e+00 2.207632e-205 9.415159e-12
1.484044e-06 9.399937e-10 3.943808e-04 3.685359e-08 3.789285e-04 1.333544e-02 2.835989e-16 1.205578e-20 1.799536e-20 4.358925e-22 2.022958e-16 6.943394e-34 1.005858e-19 3.040876e-25 1.153416e-22 1.419533e-23 1.629845e-29 4.594213e-21 3.692497e-04 1.140904e-04 4.069503e-25 1.441678e-17 5.837964e-16 1.804816e-26 5.388539e-21 1.409414e-25 1.835895e-01 4.242593e-16 1.131586e-24 4.569556e-31 2.276142e-10 1.028712e-22 4.563981e-04 2.898196e-13 7.848701e-17 2.717776e-14 9.219506e-18 8.013619e-01 6.467483e-18 1.968321e-09 1.118584e-25 3.915895e-25 1.686108e-34 5.558114e-32 1.333085e-17 2.089303e-18 3.891506e-17 4.283393e-16 9.928210e-11 1.812460e-37 1.128697e-17 5.300824e-15 2.041678e-10 5.649755e-21 7.071289e-08 3.681498e-23 1.609125e-21 1.998253e-16 3.186382e-12 0.000000e+00 5.556770e-14 2.689084e-19 1.790317e-29 1.412728e-08 9.998434e-23 1.928105e-34 1.440365e-20 3.852813e-38 2.936043e-20 2.622544e-34 4.702629e-09 7.266852e-38 1.119070e-16 2.462852e-30 1.134273e-28 2.413979e-13 4.121570e-12 1.130421e-20 1.906102e-21 6.920646e-09 2.358281e-12 1.156064e-11 4.185978e-23 1.073508e-11 2.141046e-38 3.000921e-17 5.541214e-23 3.057451e-28 2.028994e-11 3.884849e-16 1.915830e-15 1.154616e-13 1.037264e-17 1.965122e-66 6.856392e-12 2.804355e-21 1.329163e-36 0.000000e+00 2.092449e-207 9.144534e-12
1.288527e-06 7.363459e-10 3.915488e-04 2.569684e-08 4.514486e-04 1.905211e-02 6.878753e-16 3.867640e-20 3.091114e-20 3.139606e-22 4.121209e-17 4.014746e-33 8.893545e-20 2.947922e-25 1.011051e-22 9.745043e-24 2.427047e-30 7.509774e-22 3.928897e-04 8.626181e-05 3.099319e-25 1.270037e-17 6.496178e-16 3.467340e-27 1.230747e-21 2.134234e-26 1.790506e-01 4.560057e-16 1.181206e-24 2.389160e-31 1.612453e-10 9.792545e-23 8.741725e-04 4.023927e-13 2.192047e-16 2.631281e-14 1.067836e-17 7.997008e-01 5.045799e-18 1.723885e-09 1.267130e-25 2.815403e-25 2.451386e-33 5.232788e-32 1.447799e-17 1.602880e-18 4.399114e-17 3.244873e-16 5.120372e-11 1.428717e-37 1.078444e-17 5.071864e-15 2.011811e-10 8.731117e-22 7.262337e-08 2.470572e-23 4.289395e-22 9.764681e-17 4.442936e-12 0.000000e+00 6.541495e-14 1.859447e-19 0.000000e+00 1.361923e-08 5.264161e-23 2.964197e-34 2.254616e-21 1.104646e-33 2.682531e-20 0.000000e+00 4.530507e-09 4.050572e-38 8.086267e-17 4.180222e-30 0.000000e+00 9.116689e-14 3.059439e-12 7.678672e-21 1.309574e-21 6.228685e-09 2.276064e-12 1.131989e-11 2.595764e-23 1.032319e-11 6.644919e-39 2.907308e-17 3.337436e-23 6.330252e-28 1.989652e-11 3.976479e-16 1.735218e-15 1.114305e-13 9.981695e-18 1.033695e-66 8.137673e-12 6.701968e-22 1.374532e-36 0.000000e+00 1.979919e-209 8.499983e-12
1.118769e-06 5.839403e-10 3.889770e-04 1.834920e-08 5.331851e-04 2.619064e-02 1.509090e-15 1.131375e-19 4.971850e-20 2.961070e-22 8.513491e-18 1.875840e-32 7.863922e-20 2.812961e-25 8.910084e-23 3.848812e-24 3.842182e-31 1.239240e-22 4.126907e-04 6.243054e-05 2.435664e-25 1.288607e-17 7.106620e-16 6.957440e-28 2.833682e-22 3.282844e-27 1.735829e-01 4.741419e-16 1.197123e-24 1.315838e-31 1.168295e-10 9.340523e-23 1.548300e-03 5.315649e-13 5.343726e-16 2.601777e-14 1.188163e-17 7.972807e-01 4.435925e-18 1.554080e-09 1.359204e-25 2.077556e-25 2.397169e-32 4.782402e-32 1.559624e-17 1.232290e-18 4.758302e-17 2.533261e-16 3.131625e-11 1.222178e-37 1.045545e-17 4.920665e-15 1.979828e-10 1.362020e-22 7.154058e-08 1.700166e-23 1.383833e-22 5.028583e-17 5.815381e-12 0.000000e+00 7.705591e-14 1.325291e-19 2.261343e-28 1.312991e-08 2.945727e-23 4.587041e-34 4.811408e-22 3.743015e-29 2.423663e-20 4.841610e-35 4.287785e-09 2.335232e-38 5.635077e-17 6.706018e-30 9.080347e-33 3.680409e-14 2.334722e-12 5.189032e-21 9.345779e-22 5.562000e-09 2.187503e-12 1.105410e-11 1.827516e-23 9.882589e-12 2.866000e-39 2.807389e-17 2.142852e-23 1.194307e-27 1.946067e-11 4.041766e-16 1.554032e-15 1.070892e-13 9.562322e-18 6.304169e-67 9.698212e-12 1.623413e-22 1.431160e-36 0.000000e+00 1.867836e-211 7.629034e-12
9.713753e-07 4.662546e-10 3.866636e-04 1.336643e-08 6.255734e-04 3.485644e-02 3.016231e-15 3.048221e-19 7.508185e-20 3.027278e-22 1.789258e-18 7.280092e-32 7.000638e-20 2.667296e-25 7.950551e-23 2.842607e-24 7.812255e-32 2.071238e-23 4.280801e-04 4.314093e-05 1.964541e-25 1.337569e-17 7.663381e-16 1.466751e-28 6.595488e-23 0.000000e+00 1.671379e-01 4.808914e-16 1.092229e-24 7.528395e-32 8.616876e-11 8.907266e-23 2.576678e-03 6.761909e-13 1.157051e-15 2.643888e-14 1.282649e-17 7.939455e-01 4.015676e-18 1.434084e-09 1.876617e-25 1.585543e-25 4.278346e-27 4.127708e-32 1.654365e-17 9.605142e-19 4.945257e-17 2.020064e-16 2.341538e-11 1.174842e-37 1.028151e-17 4.836887e-15 1.945448e-10 2.152127e-23 6.781806e-08 1.191441e-23 5.306979e-23 2.687144e-17 7.192856e-12 0.000000e+00 9.097119e-14 9.700506e-20 5.461639e-27 1.266239e-08 1.725911e-23 7.719521e-34 8.552493e-22 1.444254e-24 2.179055e-20 1.523946e-32 3.974433e-09 1.381563e-38 3.774112e-17 1.019019e-29 1.319731e-26 1.569357e-14 1.806090e-12 3.462188e-21 6.901523e-22 4.906443e-09 2.092732e-12 1.076218e-11 1.448563e-23 9.414318e-12 1.409148e-39 2.700822e-17 1.443318e-23 2.076540e-27 1.898028e-11 4.066350e-16 1.375420e-15 1.024441e-13 9.115516e-18 4.428062e-67 1.171966e-11 4.005413e-23 1.510858e-36 0.000000e+00 1.754896e-213 6.683109e-12
8.434005e-07 3.741549e-10 3.845707e-04 9.887656e-09 7.301512e-04 4.510682e-02 5.535730e-15 7.459870e-19 1.067675e-19 3.147808e-22 3.836804e-19 2.352700e-31 6.247384e-20 2.509125e-25 7.120049e-23 1.989110e-24 2.228224e-32 3.515565e-24 4.389068e-04 2.847122e-05 1.604850e-25 1.374911e-17 8.159535e-16 3.321250e-29 1.555399e-23 0.000000e+00 1.597042e-01 4.770400e-16 1.207592e-24 4.442711e-32 6.449774e-11 8.478406e-23 4.076046e-03 8.360668e-13 2.260116e-15 2.757305e-14 1.353943e-17 7.895307e-01 3.620945e-18 1.345140e-09 1.183491e-25 1.207543e-25 0.000000e+00 3.417372e-32 1.728524e-17 7.572841e-19 4.928267e-17 1.631300e-16 2.039178e-11 1.266601e-37 1.013540e-17 4.765021e-15 1.908432e-10 3.466494e-24 6.226342e-08 8.428660e-24 2.289029e-23 1.475389e-17 8.472444e-12 0.000000e+00 1.076499e-13 7.254576e-20 0.000000e+00 1.220239e-08 1.050871e-23 1.058278e-33 1.005385e-22 4.771520e-28 1.953699e-20 1.044812e-29 3.609943e-09 8.094008e-39 2.421066e-17 1.469114e-29 3.880930e-33 7.019277e-15 1.398080e-12 2.289054e-21 5.221425e-22 4.271581e-09 1.992089e-12 1.044359e-11 1.259795e-23 8.920438e-12 7.392904e-40 2.587564e-17 1.007252e-23 3.334144e-27 1.845414e-11 4.039601e-16 1.202440e-15 9.751193e-14 8.643261e-18 3.286817e-67 1.449174e-11 1.010328e-23 1.585592e-36 0.000000e+00 1.639125e-215 5.710758e-12
7.322859e-07 3.017537e-10 3.826700e-04 7.396288e-09 8.485356e-04 5.693219e-02 9.407996e-15 1.625686e-18 1.435317e-19 3.250236e-22 8.424291e-20 6.303688e-31 5.543372e-20 2.328839e-25 6.310895e-23 1.411627e-24 9.137858e-33 6.073457e-25 4.454401e-04 1.803944e-05 1.308726e-25 1.390502e-17 8.589344e-16 8.561444e-30 3.724064e-24 0.000000e+00 1.513211e-01 4.633170e-16 1.101430e-24 2.695043e-32 4.889003e-11 8.045934e-23 6.180158e-03 1.011831e-12 4.037466e-15 2.939923e-14 1.405962e-17 7.838718e-01 3.225989e-18 1.273086e-09 0.000000e+00 0.000000e+00 0.000000e+00 2.757501e-32 1.783469e-17 5.993560e-19 4.702406e-17 1.323089e-16 1.911828e-11 1.527532e-37 9.871189e-18 4.643893e-15 1.868594e-10 5.767481e-25 5.573662e-08 5.948249e-24 1.055961e-23 8.269453e-18 9.589879e-12 0.000000e+00 1.276351e-13 5.515725e-20 0.000000e+00 1.173364e-08 6.628669e-24 1.436398e-33 0.000000e+00 0.000000e+00 1.747180e-20 1.994314e-25 3.217684e-09 4.503914e-39 1.482943e-17 1.811128e-29 0.000000e+00 3.286962e-15 1.073316e-12 1.510731e-21 4.002935e-22 3.667205e-09 1.886173e-12 1.009856e-11 1.157937e-23 8.404270e-12 4.040274e-40 2.467903e-17 7.215406e-24 4.943712e-27 1.788229e-11 3.955275e-16 1.037979e-15 9.232202e-14 8.148764e-18 2.321190e-67 1.841189e-11 2.615330e-24 1.609804e-36 0.000000e+00 1.519133e-217 4.759560e-12
6.358102e-07 2.437349e-10 3.810772e-04 5.586703e-09 9.827618e-04 7.025931e-02 1.495695e-14 3.280051e-18 1.843888e-19 3.320710e-22 1.907760e-20 1.543182e-30 4.968148e-20 2.175303e-25 5.631349e-23 1.027321e-24 4.787823e-33 1.070084e-25 4.482801e-04 1.110280e-05 1.075199e-25 1.375176e-17 8.965283e-16 2.774845e-30 9.069370e-25 4.393542e-27 1.420742e-01 4.432228e-16 1.099542e-24 1.667838e-32 3.741978e-11 7.605926e-23 9.037898e-03 1.203333e-12 6.683389e-15 3.226928e-14 1.441045e-17 7.768053e-01 2.833164e-18 1.213048e-09 9.180801e-25 1.005819e-25 7.026170e-26 2.173330e-32 1.820321e-17 4.824210e-19 4.366277e-17 1.076203e-16 1.824543e-11 7.177833e-37 9.621166e-18 4.527533e-15 1.825766e-10 1.025515e-25 4.845469e-08 4.237285e-24 5.031625e-24 4.689680e-18 1.053094e-11 0.000000e+00 1.518177e-13 4.260314e-20 0.000000e+00 1.125405e-08 4.289734e-24 1.889324e-33 0.000000e+00 0.000000e+00 1.563208e-20 9.908548e-29 2.807734e-09 2.448829e-39 8.645243e-18 0.000000e+00 0.000000e+00 1.594571e-15 8.125608e-13 9.855515e-22 3.124514e-22 3.102123e-09 1.775765e-12 9.727912e-12 1.112950e-23 7.869962e-12 2.270492e-40 2.342351e-17 5.274505e-24 6.904697e-27 1.726571e-11 3.811885e-16 8.844545e-16 8.691262e-14 7.636055e-18 1.701081e-67 2.399217e-11 7.005973e-25 1.633954e-36 0.000000e+00 1.396397e-219 3.860248e-12
5.520448e-07 1.969048e-10 3.799202e-04 4.255500e-09 1.135116e-03 8.494839e-02 2.247173e-14 6.261764e-18 2.285631e-19 3.349252e-22 4.545393e-21 2.198338e-26 4.459578e-20 2.039272e-25 5.091671e-23 7.694908e-25 2.855885e-33 1.924889e-26 4.481554e-04 6.781801e-06 8.923836e-26 1.329685e-17 9.295398e-16 1.202371e-30 2.248963e-25 6.328383e-27 1.320963e-01 4.194292e-16 1.037125e-24 1.048365e-32 2.885547e-11 7.157058e-23 1.281224e-02 1.411058e-12 1.038001e-14 3.640554e-14 1.462333e-17 7.681731e-01 2.454297e-18 1.160063e-09 0.000000e+00 4.514370e-26 0.000000e+00 1.686514e-32 1.841907e-17 3.968219e-19 3.993993e-17 8.755739e-17 1.723175e-11 6.972607e-35 9.428459e-18 4.435191e-15 1.779803e-10 2.140355e-26 4.086425e-08 3.004866e-24 2.427779e-24 2.672478e-18 1.132005e-11 0.000000e+00 1.812495e-13 3.336822e-20 0.000000e+00 1.075694e-08 2.830066e-24 2.467372e-33 0.000000e+00 0.000000e+00 1.400765e-20 4.014273e-33 2.395403e-09 1.310922e-39 4.780052e-18 3.189241e-29 0.000000e+00 7.938205e-16 6.046214e-13 6.331433e-22 2.483844e-22 2.583420e-09 1.661762e-12 9.332936e-12 1.108283e-23 7.322175e-12 1.302584e-40 2.211599e-17 3.914008e-24 9.192397e-27 1.660620e-11 3.612621e-16 7.436466e-16 8.132771e-14 7.109671e-18 1.332884e-67 3.176693e-11 1.981178e-25 1.682128e-36 0.000000e+00 1.271776e-221 3.035302e-12
4.793151e-07 1.592020e-10 3.793389e-04 3.263222e-09 1.308109e-03 1.007966e-01 3.226569e-14 1.138593e-17 2.760437e-19 3.338456e-22 1.207027e-21 5.583579e-26 4.060419e-20 1.944206e-25 4.650253e-23 5.910664e-25 1.827350e-33 3.537998e-27 4.457510e-04 4.250946e-06 7.457720e-26 1.264569e-17 9.578084e-16 6.551737e-31 5.683597e-26 2.078073e-27 1.215634e-01 3.933537e-16 9.793055e-25 6.683570e-33 2.238282e-11 6.699991e-23 1.767569e-02 1.636122e-12 1.532200e-14 4.192099e-14 1.473285e-17 7.578268e-01 2.101885e-18 1.109359e-09 0.000000e+00 4.604183e-26 0.000000e+00 1.404029e-32 1.851876e-17 3.327433e-19 3.620957e-17 7.098983e-17 1.591640e-11 4.159804e-33 9.262171e-18 4.354618e-15 1.730609e-10 6.251597e-27 3.349045e-08 2.121349e-24 1.174838e-24 1.524770e-18 1.199584e-11 0.000000e+00 2.171353e-13 2.642745e-20 2.772391e-25 1.023385e-08 1.897399e-24 3.119341e-33 0.000000e+00 0.000000e+00 1.256276e-20 6.220734e-33 1.998343e-09 6.827740e-40 2.497642e-18 4.276562e-29 1.337379e-26 4.034990e-16 4.415013e-13 4.014603e-22 2.003174e-22 2.116377e-09 1.545201e-12 8.915510e-12 1.129421e-23 6.766174e-12 7.627404e-41 2.076545e-17 2.935594e-24 1.179193e-26 1.590651e-11 3.364792e-16 6.167378e-16 7.561809e-14 6.574741e-18 1.091049e-67 4.224491e-11 6.259817e-26 1.751493e-36 0.000000e+00 1.145955e-223 2.303044e-12
4.161673e-07 1.289401e-10 3.795225e-04 2.515562e-09 1.504635e-03 1.175591e-01 4.491576e-14 2.002912e-17 3.292354e-19 3.311292e-22 4.050920e-22 0.000000e+00 3.710569e-20 1.844967e-25 4.288689e-23 4.648922e-25 1.227016e-33 6.651142e-28 4.416099e-04 2.846370e-06 6.271190e-26 1.193754e-17 9.805792e-16 4.024528e-31 1.465584e-26 9.372316e-28 1.106795e-01 3.662770e-16 9.173288e-25 4.316649e-33 1.743693e-11 6.236807e-23 2.380460e-02 1.879389e-12 2.183184e-14 4.915729e-14 1.476648e-17 7.456281e-01 1.783453e-18 1.058254e-09 0.000000e+00 3.425934e-26 0.000000e+00 2.717098e-32 1.853250e-17 2.843018e-19 3.272874e-17 5.722928e-17 1.432324e-11 0.000000e+00 9.119218e-18 4.285461e-15 1.678128e-10 2.795289e-27 2.669233e-08 1.487120e-24 5.675019e-25 8.691567e-19 1.259070e-11 0.000000e+00 2.609868e-13 2.111548e-20 4.765335e-28 9.680483e-09 1.288201e-24 3.952141e-33 4.761985e-23 0.000000e+00 1.126665e-20 5.949036e-33 1.630033e-09 3.443575e-40 1.228848e-18 5.329982e-29 1.062425e-26 2.084269e-16 3.161947e-13 2.515592e-22 1.635307e-22 1.704226e-09 1.427225e-12 8.478042e-12 1.170103e-23 6.207663e-12 4.582480e-41 1.938263e-17 2.221111e-24 1.466854e-26 1.517031e-11 3.078891e-16 5.043200e-16 6.983982e-14 6.036822e-18 9.297656e-68 5.596968e-11 2.503308e-26 1.850411e-36 0.000000e+00 1.020286e-225 1.675077e-12
3.613389e-07 1.046084e-10 3.807430e-04 1.948152e-09 1.728244e-03 1.349772e-01 6.176074e-14 3.554103e-17 3.954403e-19 3.309016e-22 1.952039e-22 1.487680e-25 3.468257e-20 1.845515e-25 4.040981e-23 3.773077e-25 8.655320e-34 1.280438e-28 4.360991e-04 2.099573e-06 5.350966e-26 1.128731e-17 9.970023e-16 2.599881e-31 3.862593e-27 0.000000e+00 9.965502e-02 3.396508e-16 8.752663e-25 2.816986e-33 1.361423e-11 5.770415e-23 3.137547e-02 2.140460e-12 3.061405e-14 5.906719e-14 1.473980e-17 7.314451e-01 1.501262e-18 1.006778e-09 2.098857e-24 9.705513e-26 1.795921e-25 2.379405e-31 1.847727e-17 2.493572e-19 2.977285e-17 4.589810e-17 1.255677e-11 6.270494e-33 9.091765e-18 4.263805e-15 1.622320e-10 1.670811e-27 2.062162e-08 1.031933e-24 2.727238e-25 4.939055e-19 1.312156e-11 0.000000e+00 3.148608e-13 1.700477e-20 0.000000e+00 9.097593e-09 8.796360e-25 5.206699e-33 2.399075e-23 1.440611e-30 1.010480e-20 0.000000e+00 1.298229e-09 1.718432e-40 5.670267e-19 6.723992e-29 0.000000e+00 1.085038e-16 2.220727e-13 1.550348e-22 1.356174e-22 1.347916e-09 1.309011e-12 8.023258e-12 1.241351e-23 5.652398e-12 2.854355e-41 1.797910e-17 1.700379e-24 1.832341e-26 1.440179e-11 2.767302e-16 4.064020e-16 6.405042e-14 5.501526e-18 8.844359e-68 7.379366e-11 1.437791e-26 2.037295e-36 0.000000e+00 8.969132e-228 1.155340e-12
3.137339e-07 8.536166e-11 3.832072e-04 1.512799e-09 1.982531e-03 1.527843e-01 8.533816e-14 6.316039e-17 4.852671e-19 3.369058e-22 1.302101e-22 3.236226e-25 3.228597e-20 1.845464e-25 3.830981e-23 3.118208e-25 6.304299e-34 2.526939e-29 4.294287e-04 1.717863e-06 4.583953e-26 1.088749e-17 1.004049e-15 1.731760e-31 1.042875e-27 1.959024e-28 8.870023e-02 3.137047e-16 8.241218e-25 1.863042e-33 1.064215e-11 5.304349e-23 4.055833e-02 2.420691e-12 4.301531e-14 7.301480e-14 1.468126e-17 7.151603e-01 1.256846e-18 9.525008e-10 4.812259e-25 4.162503e-26 3.233409e-26 2.894007e-30 1.838667e-17 2.222601e-19 2.716840e-17 3.649821e-17 1.073758e-11 6.798656e-33 9.065124e-18 4.246755e-15 1.563186e-10 1.131978e-27 1.552669e-08 6.784569e-25 1.305520e-25 2.804041e-19 1.358929e-11 0.000000e+00 3.809794e-13 1.375242e-20 0.000000e+00 8.484652e-09 6.048313e-25 6.987700e-33 1.905488e-23 3.315147e-35 9.036443e-21 0.000000e+00 1.011556e-09 8.176015e-41 2.444260e-19 8.703542e-29 0.000000e+00 5.687137e-17 1.530206e-13 9.499372e-23 1.132628e-22 1.046383e-09 1.191759e-12 7.554264e-12 1.325814e-23 5.106162e-12 1.867585e-41 1.656737e-17 1.327396e-24 2.295847e-26 1.360581e-11 2.443028e-16 3.225426e-16 5.830879e-14 4.974491e-18 8.602945e-68 9.711532e-11 1.140677e-26 2.282613e-36 0.000000e+00 7.769505e-230 7.463240e-13
2.724008e-07 7.007737e-11 3.873196e-04 1.178011e-09 2.272380e-03 1.707225e-01 1.196221e-13 1.181557e-16 6.157925e-19 3.521805e-22 1.038641e-22 0.000000e+00 3.065268e-20 1.813478e-25 3.732664e-23 2.664090e-25 4.812103e-34 5.121166e-30 4.217000e-04 1.530234e-06 4.005873e-26 1.069517e-17 1.000384e-15 1.172468e-31 2.898244e-28 0.000000e+00 7.801129e-02 2.898362e-16 7.949084e-25 1.245433e-33 8.309319e-12 4.842418e-23 5.151322e-02 2.717834e-12 6.115366e-14 9.358476e-14 1.459603e-17 6.966701e-01 1.046830e-18 8.978618e-10 0.000000e+00 5.309572e-27 0.000000e+00 3.440432e-29 1.826618e-17 2.040442e-19 2.514802e-17 2.886825e-17 8.977248e-12 3.787918e-33 9.208929e-18 4.298952e-15 1.500747e-10 8.138013e-28 1.131838e-08 2.758169e-25 6.220143e-26 1.589475e-19 1.398171e-11 0.000000e+00 4.627727e-13 1.117444e-20 3.945174e-25 7.849374e-09 4.149971e-25 1.024187e-32 1.665700e-23 8.181221e-40 8.065938e-21 2.393009e-32 7.693072e-10 3.891771e-41 9.798257e-20 1.170457e-28 7.015761e-26 2.971824e-17 1.034855e-13 5.738202e-23 9.606557e-23 7.966861e-10 1.076639e-12 7.074395e-12 1.452781e-23 4.574450e-12 1.299788e-41 1.516015e-17 1.068955e-24 2.927896e-26 1.278767e-11 2.118241e-16 2.519428e-16 5.267207e-14 4.461081e-18 9.728009e-68 1.286026e-10 1.079597e-26 2.725597e-36 0.000000e+00 6.630219e-232 4.411246e-13
2.365131e-07 5.821644e-11 3.933799e-04 9.188730e-10 2.602395e-03 1.885340e-01 1.688909e-13 2.232449e-16 7.998363e-19 3.756105e-22 8.935839e-23 1.262849e-25 2.941417e-20 1.893462e-25 3.660420e-23 2.312340e-25 3.773771e-34 1.067161e-30 4.129506e-04 1.441978e-06 3.519859e-26 1.070518e-17 9.824918e-16 8.031209e-32 8.361736e-29 1.930072e-32 6.777332e-02 2.683888e-16 7.701742e-25 8.460134e-34 6.476593e-12 4.388595e-23 6.438584e-02 3.033592e-12 8.739389e-14 1.233176e-13 1.451458e-17 6.758966e-01 8.687007e-19 8.410850e-10 6.047911e-24 2.107324e-25 5.552451e-25 3.909303e-28 1.815283e-17 1.906284e-19 2.351788e-17 2.263418e-17 7.355963e-12 5.621902e-33 9.369380e-18 4.370426e-15 1.435080e-10 6.040208e-28 8.044638e-09 3.428411e-25 2.959281e-26 9.031873e-20 1.427787e-11 9.663567e-22 5.638586e-13 9.089525e-21 3.209782e-25 7.197413e-09 2.851405e-25 1.539258e-32 1.483614e-23 2.188968e-44 7.163981e-21 3.949627e-33 5.722840e-10 1.747169e-41 3.636308e-20 1.617459e-28 0.000000e+00 1.547097e-17 6.873052e-14 3.466262e-23 8.187383e-23 5.944967e-10 9.647723e-13 6.587263e-12 1.599259e-23 4.062430e-12 9.616991e-42 1.377035e-17 8.888688e-25 3.773661e-26 1.195316e-11 1.803457e-16 1.935720e-16 4.719527e-14 3.966340e-18 1.135791e-67 1.713731e-10 1.097448e-26 3.353833e-36 0.000000e+00 5.561259e-234 2.315790e-13
2.053534e-07 4.880473e-11 4.021279e-04 7.201203e-10 2.980362e-03 2.059758e-01 2.372006e-13 4.690335e-16 1.058949e-18 4.052426e-22 7.871742e-23 0.000000e+00 2.931421e-20 2.000290e-25 3.836120e-23 2.133514e-25 3.190636e-34 2.293524e-31 4.031894e-04 1.392279e-06 3.251599e-26 1.054266e-17 9.518718e-16 5.400635e-32 2.550754e-29 1.570409e-32 5.814668e-02 2.515476e-16 7.985849e-25 5.797005e-34 5.022599e-12 3.946594e-23 7.931261e-02 3.359936e-12 1.239584e-13 1.664922e-13 1.442166e-17 6.527779e-01 7.161419e-19 7.884909e-10 0.000000e+00 0.000000e+00 0.000000e+00 4.245290e-27 1.802731e-17 1.883711e-19 2.286581e-17 1.776849e-17 5.926744e-12 0.000000e+00 1.005025e-17 4.654402e-15 1.366272e-10 4.697579e-28 5.467520e-09 2.329673e-25 1.400669e-26 5.125054e-20 1.445223e-11 1.635010e-22 6.907074e-13 7.435752e-21 0.000000e+00 6.541203e-09 1.922594e-25 2.768443e-32 1.328088e-23 4.569120e-48 6.364739e-21 0.000000e+00 4.131516e-10 8.412391e-42 1.240982e-20 2.290531e-28 0.000000e+00 7.859619e-18 4.483553e-14 2.033982e-23 7.198488e-23 4.343828e-10 8.571468e-13 6.096441e-12 1.873894e-23 3.574491e-12 7.990130e-42 1.240988e-17 7.555836e-25 4.899912e-26 1.110811e-11 1.506857e-16 1.462066e-16 4.192666e-14 3.494561e-18 1.954727e-67 2.291826e-10 1.139383e-26 4.800355e-36 0.000000e+00 4.591299e-236 9.992261e-14
1.782989e-07 4.160376e-11 4.139773e-04 5.663689e-10 3.412344e-03 2.228105e-01 3.263440e-13 1.012324e-15 1.400215e-18 4.371062e-22 6.967913e-23 0.000000e+00 3.044659e-20 2.244342e-25 4.137404e-23 2.030053e-25 2.812920e-34 5.108090e-32 3.924105e-04 1.344999e-06 3.073755e-26 1.023065e-17 9.060554e-16 3.575292e-32 8.506951e-30 1.356979e-32 4.927239e-02 2.386415e-16 8.628718e-25 4.039436e-34 3.877743e-12 3.519994e-23 9.641665e-02 3.700105e-12 1.719643e-13 2.260332e-13 1.435895e-17 6.272804e-01 5.873686e-19 7.373248e-10 0.000000e+00 0.000000e+00 0.000000e+00 4.457027e-26 1.794092e-17 1.923754e-19 2.284153e-17 1.389543e-17 4.708418e-12 0.000000e+00 1.101456e-17 5.071122e-15 1.294486e-10 3.784187e-28 3.598376e-09 1.590045e-25 6.624739e-27 2.921499e-20 1.448046e-11 2.794666e-23 8.490677e-13 6.086645e-21 0.000000e+00 5.886866e-09 1.283220e-25 5.304832e-32 1.192581e-23 6.966602e-48 5.630963e-21 0.000000e+00 2.905389e-10 3.950877e-42 3.869412e-21 3.251779e-28 0.000000e+00 3.903267e-18 2.877421e-14 1.185306e-23 6.412794e-23 3.104972e-10 7.546536e-13 5.605644e-12 2.253118e-23 3.114472e-12 7.673121e-42 1.109026e-17 6.415392e-25 6.397371e-26 1.025863e-11 1.234641e-16 1.085291e-16 3.690984e-14 3.049493e-18 3.995089e-67 3.025738e-10 1.182637e-26 7.479945e-36 0.000000e+00 3.718587e-238 3.208950e-14
1.548088e-07 3.607475e-11 4.296919e-04 4.476516e-10 3.907326e-03 2.388239e-01 4.379587e-13 2.323876e-15 1.846683e-18 4.722162e-22 6.178873e-23 1.024996e-25 3.083751e-20 2.600454e-25 4.687849e-23 2.021659e-25 2.626037e-34 1.198265e-32 3.806073e-04 1.273751e-06 3.019011e-26 9.695747e-18 8.471687e-16 2.330415e-32 3.280729e-30 1.262387e-32 4.125624e-02 2.303351e-16 9.546804e-25 2.856587e-34 2.977116e-12 3.112173e-23 1.157969e-01 4.049157e-12 2.323436e-13 3.083767e-13 1.433071e-17 5.994040e-01 4.787452e-19 6.909174e-10 0.000000e+00 0.000000e+00 0.000000e+00 4.552071e-25 1.789870e-17 2.059056e-19 2.372417e-17 1.088482e-17 3.703578e-12 4.732970e-33 1.255613e-17 5.742210e-15 1.219960e-10 3.176387e-28 2.278885e-09 1.091461e-25 3.135361e-27 1.676253e-20 1.434445e-11 4.892443e-24 1.047436e-12 4.989208e-21 6.499105e-25 5.244384e-09 8.406769e-26 1.145429e-31 1.071915e-23 1.380819e-47 4.967572e-21 3.322768e-32 1.984261e-10 2.098821e-42 1.093359e-21 4.620385e-28 1.632872e-25 1.879612e-18 1.824282e-14 6.791575e-24 5.837665e-23 2.169157e-10 6.580783e-13 5.118727e-12 2.835889e-23 2.685597e-12 9.221345e-42 9.822385e-18 5.347832e-25 7.767810e-26 9.411187e-12 9.911041e-17 7.917109e-17 3.218322e-14 2.634287e-18 1.099347e-66 3.898721e-10 1.223704e-26 1.325453e-35 0.000000e+00 2.953072e-240 6.412335e-15
1.344133e-07 3.176923e-11 4.502075e-04 3.562096e-10 4.476834e-03 2.538504e-01 5.772162e-13 6.074274e-15 2.456376e-18 5.218101e-22 5.566237e-23 8.684317e-25 3.501725e-20 3.302676e-25 5.767115e-23 2.158343e-25 2.662496e-34 3.117558e-33 3.677627e-04 1.164871e-06 3.159065e-26 9.000371e-18 7.790861e-16 1.530089e-32 1.570127e-30 1.304989e-32 3.415125e-02 2.274610e-16 1.188684e-24 2.040653e-34 2.268848e-12 2.725952e-23 1.375402e-01 4.397830e-12 3.077967e-13 4.276115e-13 1.432954e-17 5.691622e-01 3.868993e-19 6.555189e-10 1.638175e-23 5.958439e-25 1.734557e-24 4.572052e-24 1.789130e-17 2.356219e-19 2.601538e-17 8.639698e-18 2.901921e-12 6.494734e-33 1.531773e-17 6.908174e-15 1.142964e-10 2.802010e-28 1.373967e-09 7.623362e-26 1.485400e-27 9.695594e-21 1.403837e-11 1.058802e-24 1.297155e-12 4.101972e-21 5.884383e-24 4.622632e-09 5.335314e-26 3.093618e-31 9.612512e-24 3.350000e-47 4.379669e-21 1.857784e-31 1.309468e-10 1.786729e-42 2.768670e-22 6.642849e-28 1.030667e-24 8.651594e-19 1.154924e-14 3.757096e-24 5.505265e-23 1.479217e-10 5.680222e-13 4.639311e-12 3.858212e-23 2.290148e-12 1.538614e-41 8.615499e-18 4.338948e-25 9.793195e-26 8.571933e-12 7.786578e-17 5.675070e-17 2.777618e-14 2.251177e-18 4.969705e-66 4.877460e-10 1.281437e-26 2.856033e-35 0.000000e+00 2.299024e-242 5.750234e-16
1.167049e-07 2.853639e-11 4.760331e-04 2.847952e-10 5.128977e-03 2.677628e-01 7.571061e-13 1.650365e-14 3.310698e-18 6.002800e-22 5.258461e-23 1.739509e-24 3.809330e-20 4.044838e-25 7.248105e-23 2.353568e-25 2.780799e-34 1.021795e-33 3.538564e-04 1.023255e-06 3.363159e-26 8.539783e-18 7.029956e-16 1.072324e-32 9.808693e-31 1.420242e-32 2.796504e-02 2.290739e-16 1.482889e-24 1.481386e-34 1.719599e-12 2.363918e-23 1.616987e-01 4.751992e-12 4.054069e-13 6.114171e-13 1.439657e-17 5.366135e-01 3.104556e-19 6.272653e-10 2.278001e-23 8.642501e-25 2.544911e-24 4.590075e-23 1.796953e-17 2.787948e-19 2.957919e-17 6.901519e-18 2.282198e-12 1.690512e-32 1.900425e-17 8.523312e-15 1.063907e-10 2.548785e-28 8.050736e-10 5.354499e-26 7.090944e-28 5.702387e-21 1.357058e-11 7.131792e-25 1.607455e-12 3.359271e-21 0.000000e+00 4.028468e-09 3.332530e-26 8.975387e-31 8.591874e-24 8.700092e-47 3.834232e-21 1.033033e-33 8.400710e-11 5.335614e-43 6.219232e-23 9.684292e-28 0.000000e+00 3.833382e-19 7.508655e-15 2.062574e-24 5.229744e-23 9.835913e-11 4.849856e-13 4.171163e-12 5.346818e-23 1.929864e-12 3.026085e-41 7.478231e-18 3.405630e-25 1.163608e-25 7.747375e-12 5.981771e-17 3.997251e-17 2.371315e-14 1.901854e-18 2.602363e-65 5.886588e-10 1.397801e-26 6.655717e-35 0.000000e+00 1.746311e-244 1.835051e-17
1.013295e-07 2.596495e-11 5.086821e-04 2.294614e-10 5.883099e-03 2.804732e-01 1.018946e-12 5.745020e-14 4.719227e-18 7.743790e-22 5.474574e-23 0.000000e+00 4.663185e-20 5.419239e-25 1.027491e-22 2.822418e-25 3.237802e-34 5.085180e-34 3.388743e-04 8.555982e-07 3.937687e-26 8.490017e-18 6.260585e-16 8.857292e-33 8.194629e-31 2.087021e-31 2.265671e-02 2.377940e-16 2.165840e-24 1.078324e-34 1.289381e-12 2.027993e-23 1.882959e-01 5.084960e-12 5.469706e-13 9.432322e-13 1.447124e-17 5.018427e-01 2.460705e-19 6.277858e-10 2.068097e-23 8.429911e-25 2.479591e-24 4.646381e-22 1.805834e-17 3.604463e-19 3.612294e-17 5.771905e-18 1.827842e-12 0.000000e+00 2.608505e-17 1.144735e-14 9.832552e-11 2.436661e-28 4.430462e-10 3.951778e-26 3.418125e-28 3.430452e-21 1.295986e-11 1.320348e-24 1.999595e-12 2.759767e-21 0.000000e+00 3.469433e-09 1.977591e-26 3.837293e-30 7.594371e-24 3.196150e-46 3.359669e-21 5.432864e-33 5.175541e-11 3.100713e-44 1.214941e-23 1.497092e-27 0.000000e+00 1.589347e-19 5.310223e-15 1.067048e-24 5.220892e-23 6.366431e-11 4.092710e-13 3.717739e-12 8.309244e-23 1.605510e-12 8.587707e-41 6.417251e-18 2.602353e-25 1.484776e-25 6.943607e-12 4.487969e-17 2.765360e-17 2.000885e-14 1.587065e-18 2.835381e-64 6.929058e-10 1.679153e-26 2.038864e-34 0.000000e+00 1.297844e-246 1.361955e-19
8.797976e-08 2.412162e-11 5.482037e-04 1.855695e-10 6.742637e-03 2.919017e-01 1.434655e-12 2.006840e-13 7.104385e-18 1.078263e-21 6.524646e-23 0.000000e+00 5.321800e-20 7.052465e-25 1.412584e-22 3.311465e-25 3.702725e-34 3.758052e-34 3.228219e-04 6.846474e-07 4.521332e-26 9.259866e-18 5.473160e-16 9.067571e-33 8.893061e-31 1.794310e-27 1.816469e-02 2.520418e-16 2.998598e-24 7.983163e-35 9.616851e-13 1.719956e-23 2.172999e-01 5.421569e-12 7.717519e-13 1.619102e-12 1.464041e-17 4.650194e-01 1.931492e-19 6.371307e-10 0.000000e+00 0.000000e+00 0.000000e+00 4.857452e-21 1.826499e-17 4.734255e-19 4.550002e-17 4.870604e-18 1.512622e-12 2.971561e-32 3.488911e-17 1.547674e-14 9.017509e-11 2.355680e-28 2.410385e-10 2.927164e-26 1.676664e-28 2.138298e-21 1.223216e-11 2.554906e-24 2.480950e-12 2.241855e-21 2.837368e-24 2.950477e-09 1.166787e-26 1.610307e-29 6.655358e-24 1.163889e-45 2.906461e-21 2.870236e-32 3.106391e-11 2.324035e-43 2.037714e-24 2.439829e-27 1.284743e-25 6.311814e-20 4.437206e-15 5.569126e-25 5.121153e-23 4.006863e-11 3.411134e-13 3.282799e-12 1.250139e-22 1.317510e-12 2.347920e-40 5.438918e-18 1.926597e-25 1.915939e-25 6.167385e-12 3.285881e-17 1.878918e-17 1.667470e-14 1.307199e-18 2.684382e-63 7.902413e-10 2.291127e-26 6.111525e-34 0.000000e+00 9.346256e-249 2.346713e-22
7.638878e-08 2.277395e-11 5.978429e-04 1.521005e-10 7.749589e-03 3.019674e-01 2.178603e-12 1.193478e-12 1.204745e-17 2.007557e-21 9.351997e-23 2.058139e-24 7.501770e-20 1.143651e-24 2.489633e-22 4.681400e-25 5.200456e-34 3.690234e-34 3.057327e-04 5.140612e-07 6.425511e-26 1.190397e-17 4.760332e-16 1.551557e-32 1.258629e-30 1.542965e-23 1.440539e-02 2.823926e-16 5.738485e-24 5.892751e-35 7.025319e-13 1.440584e-23 2.486404e-01 5.683063e-12 1.171411e-12 3.280936e-12 1.471386e-17 4.263331e-01 1.481138e-19 7.544785e-10 1.605567e-22 7.708119e-24 2.303785e-23 5.268443e-20 1.835515e-17 7.390007e-19 6.444361e-17 4.800507e-18 1.333138e-12 5.457427e-31 5.755927e-17 2.490940e-14 8.201513e-11 2.442035e-28 1.172535e-10 2.542229e-26 8.442964e-29 1.425262e-21 1.141218e-11 4.112063e-24 3.108529e-12 1.838501e-21 0.000000e+00 2.476214e-09 6.204824e-27 1.525903e-28 5.654322e-24 8.728488e-45 2.538392e-21 0.000000e+00 1.751270e-11 0.000000e+00 2.794079e-25 4.510445e-27 0.000000e+00 2.206080e-20 4.574338e-15 2.567253e-25 5.558373e-23 2.444785e-11 2.804860e-13 2.869341e-12 2.387791e-22 1.065081e-12 1.253094e-39 4.546527e-18 1.407813e-25 3.781039e-25 5.424285e-12 2.343162e-17 1.252453e-17 1.370932e-14 1.061480e-18 1.133883e-61 8.999979e-10 3.829833e-26 3.142546e-33 0.000000e+00 6.597734e-251 4.595240e-26
6.632487e-08 2.241385e-11 6.574490e-04 1.260244e-10 8.903406e-03 3.105434e-01 3.600693e-12 8.124243e-12 2.250360e-17 4.312308e-21 1.511212e-22 3.908893e-23 1.014204e-19 1.918075e-24 4.462582e-22 6.672608e-25 7.399305e-34 3.990821e-34 2.876789e-04 3.712279e-07 9.607959e-26 1.788697e-17 4.081909e-16 3.831199e-32 2.072476e-30 3.880515e-24 1.132016e-02 3.246017e-16 1.098759e-23 4.496692e-35 5.079816e-13 1.190672e-23 2.822010e-01 5.914109e-12 1.933851e-12 7.768237e-12 1.482828e-17 3.860865e-01 1.120240e-19 9.784525e-10 0.000000e+00 0.000000e+00 0.000000e+00 0.000000e+00 1.849856e-17 1.212774e-18 9.242190e-17 5.138676e-18 1.251809e-12 9.166206e-30 9.640979e-17 4.186723e-14 7.398416e-11 2.526166e-28 5.525353e-11 2.373764e-26 4.337655e-29 1.030877e-21 1.052763e-11 4.870353e-24 3.892639e-12 1.490002e-21 2.062934e-24 2.048933e-09 3.157880e-27 1.702711e-27 4.704787e-24 7.608390e-44 2.194736e-21 0.000000e+00 9.462878e-12 0.000000e+00 3.033519e-26 9.183359e-27 0.000000e+00 6.956270e-21 5.549613e-15 1.171630e-25 6.025787e-23 1.443905e-11 2.273496e-13 2.480820e-12 4.624423e-22 8.474767e-13 7.206880e-39 3.743581e-18 1.006245e-25 1.455330e-24 4.720810e-12 1.625412e-17 8.191225e-18 1.111070e-14 8.490616e-19 5.617630e-60 1.015444e-09 7.383271e-26 1.785100e-32 0.000000e+00 4.495790e-253 9.032506e-31
5.758683e-08 2.463663e-11 7.305456e-04 1.070853e-10 1.024726e-02 3.174458e-01 7.763811e-12 1.019952e-10 5.649186e-17 1.253938e-20 2.591522e-22 8.778445e-22 1.604046e-19 4.562729e-24 9.594112e-22 1.079166e-24 1.209702e-33 4.529543e-34 2.688063e-04 2.688071e-07 1.860979e-25 3.430308e-17 3.478765e-16 1.578291e-31 3.702392e-30 0.000000e+00 8.877726e-03 3.857935e-16 2.688830e-23 3.770151e-35 3.616774e-13 9.704041e-24 3.176788e-01 6.055083e-12 4.156473e-12 2.113419e-11 1.485929e-17 3.447508e-01 8.475469e-20 1.583970e-09 6.641742e-23 4.866925e-24 1.226113e-23 9.862706e-21 1.854769e-17 2.222408e-18 1.317661e-16 6.791811e-18 1.237802e-12 1.085569e-28 1.883137e-16 7.840187e-14 6.627422e-11 2.626287e-28 2.379835e-11 2.698200e-26 2.269933e-29 8.393173e-22 9.599688e-12 3.318829e-24 4.900615e-12 1.204645e-21 7.229850e-25 1.670381e-09 1.449578e-27 4.313036e-26 3.777675e-24 1.392235e-42 1.902251e-21 2.360119e-32 4.826820e-12 1.488195e-43 2.364029e-27 2.522288e-26 2.239822e-25 1.889668e-21 7.233088e-15 5.234279e-26 6.972135e-23 8.231203e-12 1.815069e-13 2.120425e-12 1.065695e-21 6.633310e-13 6.805158e-38 3.031913e-18 7.140136e-26 1.192800e-23 4.063166e-12 1.094480e-17 5.258886e-18 8.869113e-15 6.684170e-19 8.493198e-58 1.203424e-09 1.797824e-25 1.669706e-31 0.000000e+00 2.974401e-255 1.035972e-36
5.000000e-08 3.903296e-11 8.189911e-04 9.570649e-11 1.178826e-02 3.224943e-01 4.814610e-11 3.939344e-09 4.121273e-16 4.211289e-20 4.039802e-22 1.901328e-19 2.459021e-19 1.477300e-22 2.119391e-21 1.761021e-24 2.001475e-33 4.850178e-34 2.494381e-04 2.366230e-07 5.233264e-25 7.921063e-17 3.003286e-16 8.272269e-31 6.187038e-30 0.000000e+00 7.137566e-03 4.396549e-16 6.538689e-23 4.514486e-35 2.619756e-13 7.801310e-24 3.538637e-01 6.199778e-12 2.566919e-11 5.892028e-11 1.492146e-17 3.036475e-01 6.876132e-20 2.935599e-09 1.354029e-24 3.390783e-24 2.756604e-25 3.276685e-22 1.865419e-17 3.853694e-18 1.557182e-16 1.010924e-17 1.198048e-12 8.308447e-28 3.766908e-16 1.369518e-13 5.925141e-11 2.564389e-28 1.015069e-11 3.375481e-26 1.246349e-29 7.610317e-22 8.623283e-12 4.253246e-25 6.043931e-12 9.596047e-22 5.205894e-27 1.342001e-09 6.301731e-28 3.482856e-24 2.946883e-24 7.711549e-41 1.646503e-21 4.831429e-35 2.473162e-12 1.785878e-44 1.175288e-28 1.973027e-25 0.000000e+00 5.144064e-22 9.010682e-15 3.166839e-26 8.039093e-23 4.528531e-12 1.427767e-13 1.792356e-12 2.509881e-21 5.116412e-13 7.044693e-37 2.415394e-18 5.057716e-26 1.418558e-22 3.459568e-12 7.147528e-18 3.328050e-18 6.975593e-15 5.180678e-19 1.531763e-55 2.212748e-09 1.282017e-24 2.328197e-30 0.000000e+00 2.952412e-255 0.000000e+00
